# LSA profile bundle v1
WAVELENGTH   1.5707963270000000E+001
NZ 128
NBLOCKS 123
Z
  6.1359231523437502E-002  1.8407769457031251E-001  3.0679615761718748E-001  4.2951462066406254E-001  5.5223308371093749E-001
  6.7495154675781255E-001  7.9767000980468750E-001  9.2038847285156256E-001  1.0431069358984375E+000  1.1658253989453125E+000
  1.2885438619921876E+000  1.4112623250390626E+000  1.5339807880859375E+000  1.6566992511328125E+000  1.7794177141796876E+000
  1.9021361772265626E+000  2.0248546402734378E+000  2.1475731033203127E+000  2.2702915663671877E+000  2.3930100294140626E+000
  2.5157284924609375E+000  2.6384469555078125E+000  2.7611654185546874E+000  2.8838838816015624E+000  3.0066023446484378E+000
  3.1293208076953127E+000  3.2520392707421877E+000  3.3747577337890626E+000  3.4974761968359376E+000  3.6201946598828125E+000
  3.7429131229296875E+000  3.8656315859765624E+000  3.9883500490234378E+000  4.1110685120703128E+000  4.2337869751171873E+000
  4.3565054381640627E+000  4.4792239012109381E+000  4.6019423642578126E+000  4.7246608273046879E+000  4.8473792903515625E+000
  4.9700977533984378E+000  5.0928162164453123E+000  5.2155346794921877E+000  5.3382531425390622E+000  5.4609716055859376E+000
  5.5836900686328130E+000  5.7064085316796875E+000  5.8291269947265629E+000  5.9518454577734374E+000  6.0745639208203128E+000
  6.1972823838671873E+000  6.3200008469140627E+000  6.4427193099609381E+000  6.5654377730078126E+000  6.6881562360546880E+000
  6.8108746991015625E+000  6.9335931621484379E+000  7.0563116251953124E+000  7.1790300882421878E+000  7.3017485512890623E+000
  7.4244670143359377E+000  7.5471854773828131E+000  7.6699039404296876E+000  7.7926224034765630E+000  7.9153408665234375E+000
  8.0380593295703129E+000  8.1607777926171874E+000  8.2834962556640619E+000  8.4062147187109382E+000  8.5289331817578127E+000
  8.6516516448046872E+000  8.7743701078515635E+000  8.8970885708984380E+000  9.0198070339453125E+000  9.1425254969921870E+000
  9.2652439600390633E+000  9.3879624230859378E+000  9.5106808861328123E+000  9.6333993491796885E+000  9.7561178122265630E+000
  9.8788362752734376E+000  1.0001554738320312E+001  1.0124273201367188E+001  1.0246991664414063E+001  1.0369710127460937E+001
  1.0492428590507814E+001  1.0615147053554688E+001  1.0737865516601563E+001  1.0860583979648437E+001  1.0983302442695313E+001
  1.1106020905742188E+001  1.1228739368789062E+001  1.1351457831835939E+001  1.1474176294882813E+001  1.1596894757929688E+001
  1.1719613220976562E+001  1.1842331684023438E+001  1.1965050147070313E+001  1.2087768610117188E+001  1.2210487073164062E+001
  1.2333205536210938E+001  1.2455923999257813E+001  1.2578642462304687E+001  1.2701360925351564E+001  1.2824079388398438E+001
  1.2946797851445313E+001  1.3069516314492187E+001  1.3192234777539063E+001  1.3314953240585938E+001  1.3437671703632812E+001
  1.3560390166679689E+001  1.3683108629726563E+001  1.3805827092773438E+001  1.3928545555820312E+001  1.4051264018867188E+001
  1.4173982481914063E+001  1.4296700944960937E+001  1.4419419408007814E+001  1.4542137871054688E+001  1.4664856334101563E+001
  1.4787574797148437E+001  1.4910293260195314E+001  1.5033011723242188E+001  1.5155730186289063E+001  1.5278448649335939E+001
  1.5401167112382813E+001  1.5523885575429688E+001  1.5646604038476562E+001
BLOCK 1   0.0000000000000000E+000
  1.0002473453497391E+000  1.0014710974429113E+000  1.0024478909484484E+000  1.0034187872702010E+000  1.0043814474338901E+000
  1.0053335523068685E+000  1.0062728081851087E+000  1.0071969523189377E+000  1.0081037583641999E+000  1.0089910417457144E+000
  1.0098566649201084E+000  1.0106985425253463E+000  1.0115146464045481E+000  1.0123030104919990E+000  1.0130617355495724E+000
  1.0137889937421611E+000  1.0144830330410919E+000  1.0151421814447819E+000  1.0157648510072683E+000  1.0163495416629211E+000
  1.0168948448407507E+000  1.0173994468576508E+000  1.0178621320831771E+000  1.0182817858681057E+000  1.0186573972297217E+000
  1.0189880612873652E+000  1.0192729814423669E+000  1.0195114712971252E+000  1.0197029563086970E+000  1.0198469751730519E+000
  1.0199431809358697E+000  1.0199913418291791E+000  1.0199913418291791E+000  1.0199431809358694E+000  1.0198469751730515E+000
  1.0197029563086963E+000  1.0195114712971247E+000  1.0192729814423667E+000  1.0189880612873645E+000  1.0186573972297208E+000
  1.0182817858681048E+000  1.0178621320831762E+000  1.0173994468576499E+000  1.0168948448407495E+000  1.0163495416629202E+000
  1.0157648510072674E+000  1.0151421814447805E+000  1.0144830330410906E+000  1.0137889937421598E+000  1.0130617355495710E+000
  1.0123030104919974E+000  1.0115146464045464E+000  1.0106985425253445E+000  1.0098566649201068E+000  1.0089910417457129E+000
  1.0081037583641981E+000  1.0071969523189359E+000  1.0062728081851069E+000  1.0053335523068669E+000  1.0043814474338884E+000
  1.0034187872701992E+000  1.0024478909484467E+000  1.0014710974429093E+000  1.0002473453497829E+000  9.9975265468785546E-001
  9.9852890263416194E-001  9.9755210912791825E-001  9.9658121280511536E-001  9.9561855264004018E-001  9.9466644776535229E-001
  9.9372719188509673E-001  9.9280304774896566E-001  9.9189624170113710E-001  9.9100895831681635E-001  9.9014333513940367E-001
  9.8930145753096443E-001  9.8848535364840862E-001  9.8769698955748375E-001  9.8693826449635047E-001  9.8621100630015002E-001
  9.8551696699759095E-001  9.8485781859015609E-001  9.8423514902410703E-001  9.8365045836498033E-001  9.8310515518379893E-001
  9.8260055316370043E-001  9.8213786793516111E-001  9.8171821414743310E-001  9.8134260278325836E-001  9.8101193872332138E-001
  9.8072701856618105E-001  9.8048852870970815E-001  9.8029704369674397E-001  9.8015302483146283E-001  9.8005681906792863E-001
  9.8000865817425542E-001  9.8000865817425575E-001  9.8005681906792874E-001  9.8015302483146238E-001  9.8029704369674353E-001
  9.8048852870970726E-001  9.8072701856618050E-001  9.8101193872332082E-001  9.8134260278325769E-001  9.8171821414743254E-001
  9.8213786793516045E-001  9.8260055316369954E-001  9.8310515518379749E-001  9.8365045836497900E-001  9.8423514902410592E-001
  9.8485781859015475E-001  9.8551696699758939E-001  9.8621100630014880E-001  9.8693826449634892E-001  9.8769698955748231E-001
  9.8848535364840706E-001  9.8930145753096288E-001  9.9014333513940223E-001  9.9100895831681457E-001  9.9189624170113544E-001
  9.9280304774896400E-001  9.9372719188509506E-001  9.9466644776535074E-001  9.9561855264003862E-001  9.9658121280511380E-001
  9.9755210912791670E-001  9.9852890263416050E-001  9.9975265468781616E-001
BLOCK 2   1.6302881611399989E-001
  1.0002479669528546E+000  1.0014731986250378E+000  1.0024508399643919E+000  1.0034225354126347E+000  1.0043859629953558E+000
  1.0053388201328561E+000  1.0062788137935215E+000  1.0072036776345177E+000  1.0081111827331464E+000  1.0089991428921044E+000
  1.0098654192988556E+000  1.0107079253333193E+000  1.0115246317077955E+000  1.0123135719243208E+000  1.0130728462504441E+000
  1.0138006272745173E+000  1.0144951611854069E+000  1.0151547752013508E+000  1.0157778805583930E+000  1.0163629770433731E+000
  1.0169086559481337E+000  1.0174136033145409E+000  1.0178766032321493E+000  1.0182965408135467E+000  1.0186724048770319E+000
  1.0190032903757713E+000  1.0192884005737193E+000  1.0195270489605326E+000  1.0197186609021336E+000  1.0198627750259759E+000
  1.0199590443270936E+000  1.0200072370025339E+000  1.0200072370025359E+000  1.0199590443270785E+000  1.0198627750257503E+000
  1.0197186609021189E+000  1.0195270489605375E+000  1.0192884005737224E+000  1.0190032903757735E+000  1.0186724048770373E+000
  1.0182965408135485E+000  1.0178766032321533E+000  1.0174136033145436E+000  1.0169086559481373E+000  1.0163629770433777E+000
  1.0157778805583968E+000  1.0151547752013550E+000  1.0144951611854096E+000  1.0138006272745199E+000  1.0130728462504464E+000
  1.0123135719243226E+000  1.0115246317077973E+000  1.0107079253333211E+000  1.0098654192988570E+000  1.0089991428921048E+000
  1.0081111827331461E+000  1.0072036776345183E+000  1.0062788137935221E+000  1.0053388201328555E+000  1.0043859629953553E+000
  1.0034225354126340E+000  1.0024508399643894E+000  1.0014731986250365E+000  1.0002479669528992E+000  9.9975283180193886E-001
  9.9852842409480047E-001  9.9755078901974026E-001  9.9657905386050394E-001  9.9561554341011382E-001  9.9466258233358806E-001
  9.9372247347115594E-001  9.9279748227909537E-001  9.9188983666776531E-001  9.9100172347759563E-001  9.9013528281791585E-001
  9.8929260265032259E-001  9.8847571371694143E-001  9.8768658464984960E-001  9.8692711722809856E-001  9.8619914179196910E-001
  9.8550441282759660E-001  9.8484460473359692E-001  9.8422130778023287E-001  9.8363602427112207E-001  9.8309016491680323E-001
  9.8258504542898284E-001  9.8212188334353434E-001  9.8170179508042876E-001  9.8132579324930036E-001  9.8099478420396113E-001
  9.8070956585071734E-001  9.8047082572562072E-001  9.8027913932870159E-001  9.8013496873810668E-001  9.8003866149219943E-001
  9.7999044975318939E-001  9.7999044975318861E-001  9.8003866149219998E-001  9.8013496873810346E-001  9.8027913932869626E-001
  9.8047082572561728E-001  9.8070956585071534E-001  9.8099478420395780E-001  9.8132579324929681E-001  9.8170179508042266E-001
  9.8212188334352823E-001  9.8258504542897418E-001  9.8309016491679657E-001  9.8363602427111518E-001  9.8422130778022399E-001
  9.8484460473358904E-001  9.8550441282759305E-001  9.8619914179196233E-001  9.8692711722809212E-001  9.8768658464984271E-001
  9.8847571371693410E-001  9.8929260265031693E-001  9.9013528281791130E-001  9.9100172347759052E-001  9.9188983666776021E-001
  9.9279748227909193E-001  9.9372247347115283E-001  9.9466258233358584E-001  9.9561554341011194E-001  9.9657905386050194E-001
  9.9755078901973970E-001  9.9852842409479847E-001  9.9975283180189922E-001
BLOCK 3   3.2605763222799966E-001
  1.0002498542876435E+000  1.0014795004173538E+000  1.0024596776954300E+000  1.0034338749677800E+000  1.0043997346890170E+000
  1.0053549412855121E+000  1.0062971951978006E+000  1.0072242385388201E+000  1.0081338603301571E+000  1.0090238784585865E+000
  1.0098921470408251E+000  1.0107365721699320E+000  1.0115551203403599E+000  1.0123458221842887E+000  1.0131067755455210E+000
  1.0138361515643313E+000  1.0145321940179066E+000  1.0151932287305334E+000  1.0158176655418187E+000  1.0164040026928929E+000
  1.0169508301242616E+000  1.0174568326888356E+000  1.0179207938257520E+000  1.0183415982288857E+000  1.0187182342098526E+000
  1.0190497961875324E+000  1.0193354869716305E+000  1.0195746196952473E+000  1.0197666194489425E+000  1.0199110246426326E+000
  1.0200074881038685E+000  1.0200557779036938E+000  1.0200557779038535E+000  1.0200074881039514E+000  1.0199110246424450E+000
  1.0197666194489237E+000  1.0195746196951465E+000  1.0193354869713784E+000  1.0190497961874643E+000  1.0187182342098935E+000
  1.0183415982289243E+000  1.0179207938257731E+000  1.0174568326888496E+000  1.0169508301242742E+000  1.0164040026929040E+000
  1.0158176655418287E+000  1.0151932287305441E+000  1.0145321940179162E+000  1.0138361515643415E+000  1.0131067755455290E+000
  1.0123458221842960E+000  1.0115551203403670E+000  1.0107365721699380E+000  1.0098921470408302E+000  1.0090238784585908E+000
  1.0081338603301608E+000  1.0072242385388233E+000  1.0062971951978028E+000  1.0053549412855125E+000  1.0043997346890174E+000
  1.0034338749677782E+000  1.0024596776954280E+000  1.0014795004173471E+000  1.0002498542876861E+000  9.9975341034985143E-001
  9.9852699805300660E-001  9.9754676728279257E-001  9.9657242191554218E-001  9.9560630976272202E-001  9.9465075011622794E-001
  9.9370805256998018E-001  9.9278048254952900E-001  9.9187027157786267E-001  9.9097962143832841E-001  9.9011068427807969E-001
  9.8926555488411150E-001  9.8844627047072864E-001  9.8765480717784504E-001  9.8689307462051667E-001  9.8616291084451724E-001
  9.8546607783636619E-001  9.8480425728959875E-001  9.8417904654252808E-001  9.8359195470395389E-001  9.8304439898885365E-001
  9.8253770127604179E-001  9.8207308489430800E-001  9.8165167164776623E-001  9.8127447908931853E-001  9.8094241804241833E-001
  9.8065629038579882E-001  9.8041678710194824E-001  9.8022448659894568E-001  9.8007985330738956E-001  9.7998323655882169E-001
  9.7993486974146471E-001  9.7993486974146438E-001  9.7998323655881847E-001  9.8007985330738412E-001  9.8022448659893813E-001
  9.8041678710194213E-001  9.8065629038578872E-001  9.8094241804241045E-001  9.8127447908930965E-001  9.8165167164775347E-001
  9.8207308489429790E-001  9.8253770127602957E-001  9.8304439898883822E-001  9.8359195470394245E-001  9.8417904654251109E-001
  9.8480425728958620E-001  9.8546607783635232E-001  9.8616291084450569E-001  9.8689307462050324E-001  9.8765480717783616E-001
  9.8844627047071865E-001  9.8926555488410106E-001  9.9011068427807181E-001  9.9097962143832063E-001  9.9187027157785657E-001
  9.9278048254952522E-001  9.9370805256997630E-001  9.9465075011622350E-001  9.9560630976272013E-001  9.9657242191554229E-001
  9.9754676728279434E-001  9.9852699805301137E-001  9.9975341034981480E-001
BLOCK 4   4.8908644834199944E-001
  1.0002530147735420E+000  1.0014900106903175E+000  1.0024743916000369E+000  1.0034527252058110E+000  1.0044226409944363E+000
  1.0053817983722355E+000  1.0063278960976718E+000  1.0072586594034134E+000  1.0081718638989197E+000  1.0090653238327503E+000
  1.0099368983808354E+000  1.0107845080446571E+000  1.0116061258302318E+000  1.0123997742020809E+000  1.0131635396950103E+000
  1.0138955860909364E+000  1.0145941535702809E+000  1.0152575654947849E+000  1.0158842298635218E+000  1.0164726427108157E+000
  1.0170213921776565E+000  1.0175291615259703E+000  1.0179947326154173E+000  1.0184169887424901E+000  1.0187949170478876E+000
  1.0191276112398109E+000  1.0194142737200469E+000  1.0196542171824934E+000  1.0198468662121827E+000  1.0199917587705036E+000
  1.0200885473530250E+000  1.0201369997929828E+000  1.0201369997931240E+000  1.0200885473529564E+000  1.0199917587705700E+000
  1.0198468662122657E+000  1.0196542171825957E+000  1.0194142737198797E+000  1.0191276112397267E+000  1.0187949170478121E+000
  1.0184169887423162E+000  1.0179947326153460E+000  1.0175291615260329E+000  1.0170213921777409E+000  1.0164726427108692E+000
  1.0158842298635338E+000  1.0152575654946652E+000  1.0145941535703118E+000  1.0138955860908165E+000  1.0131635396950098E+000
  1.0123997742021003E+000  1.0116061258302464E+000  1.0107845080446691E+000  1.0099368983808437E+000  1.0090653238327585E+000
  1.0081718638989270E+000  1.0072586594034201E+000  1.0063278960976763E+000  1.0053817983722393E+000  1.0044226409944355E+000
  1.0034527252058068E+000  1.0024743916000289E+000  1.0014900106903057E+000  1.0002530147735804E+000  9.9975439060726934E-001
  9.9852463295550054E-001  9.9754005118687328E-001  9.9656133505527378E-001  9.9559084577497048E-001  9.9463092011436061E-001
  9.9368386918229457E-001  9.9275198017423139E-001  9.9183749317366166E-001  9.9094261766425940E-001  9.9006951514041786E-001
  9.8922028844338650E-001  9.8839699207721665E-001  9.8760162226874593E-001  9.8683610249339015E-001  9.8610228114273235E-001
  9.8540193135374210E-001  9.8473674699369484E-001  9.8410833746189996E-001  9.8351822332703054E-001  9.8296783264952581E-001
  9.8245849756453696E-001  9.8199145103390573E-001  9.8156782381473762E-001  9.8118864167338071E-001  9.8085482286397274E-001
  9.8056717587157372E-001  9.8032639742341166E-001  9.8013307078495249E-001  9.7998766433175044E-001  9.7989053040377727E-001
  9.7984190444860242E-001  9.7984190444860275E-001  9.7989053040377405E-001  9.7998766433174322E-001  9.8013307078494971E-001
  9.8032639742339922E-001  9.8056717587155540E-001  9.8085482286396275E-001  9.8118864167336017E-001  9.8156782381471763E-001
  9.8199145103388752E-001  9.8245849756451542E-001  9.8296783264950782E-001  9.8351822332701055E-001  9.8410833746188209E-001
  9.8473674699367431E-001  9.8540193135372423E-001  9.8610228114271847E-001  9.8683610249337239E-001  9.8760162226872972E-001
  9.8839699207720422E-001  9.8922028844337351E-001  9.9006951514040520E-001  9.9094261766425118E-001  9.9183749317365033E-001
  9.9275198017422372E-001  9.9368386918228857E-001  9.9463092011435661E-001  9.9559084577497348E-001  9.9656133505527755E-001
  9.9754005118688061E-001  9.9852463295551175E-001  9.9975439060723748E-001
BLOCK 5   6.5211526445600121E-001
  1.0002574519615051E+000  1.0015047404538473E+000  1.0024949969892347E+000  1.0034791079364556E+000  1.0044546900019775E+000
  1.0054193835516458E+000  1.0063708711435331E+000  1.0073068702267307E+000  1.0082251376713043E+000  1.0091234812558929E+000
  1.0099997519606498E+000  1.0108518599742591E+000  1.0116777750774426E+000  1.0124755234833056E+000  1.0132432019510500E+000
  1.0139789805695250E+000  1.0146810920920155E+000  1.0153478462772247E+000  1.0159776413464030E+000  1.0165689694113293E+000
  1.0171204170298496E+000  1.0176306662741443E+000  1.0180984972795588E+000  1.0185227916614303E+000  1.0189025351094771E+000
  1.0192368200041315E+000  1.0195248475954388E+000  1.0197659296392023E+000  1.0199594901428755E+000  1.0201050667834548E+000
  1.0202023117719994E+000  1.0202509925731140E+000  1.0202509925731262E+000  1.0202023117720176E+000  1.0201050667834575E+000
  1.0199594901429307E+000  1.0197659296392363E+000  1.0195248475954450E+000  1.0192368200041837E+000  1.0189025351095546E+000
  1.0185227916613095E+000  1.0180984972794460E+000  1.0176306662740517E+000  1.0171204170296679E+000  1.0165689694112792E+000
  1.0159776413464656E+000  1.0153478462772896E+000  1.0146810920921017E+000  1.0139789805695112E+000  1.0132432019510487E+000
  1.0124755234833154E+000  1.0116777750773753E+000  1.0108518599742349E+000  1.0099997519606807E+000  1.0091234812559258E+000
  1.0082251376713272E+000  1.0073068702267429E+000  1.0063708711435397E+000  1.0054193835516481E+000  1.0044546900019744E+000
  1.0034791079364462E+000  1.0024949969892212E+000  1.0015047404538284E+000  1.0002574519615410E+000  9.9975577138537897E-001
  9.9852132415061701E-001  9.9753062862496988E-001  9.9654577521877141E-001  9.9556913507365608E-001  9.9460306762444695E-001
  9.9364990044264134E-001  9.9271193441811167E-001  9.9179143476474529E-001  9.9089062014144502E-001  9.9001167174361837E-001
  9.8915671142371642E-001  9.8832780671499032E-001  9.8752696937978357E-001  9.8675613755766567E-001  9.8601717895869878E-001
  9.8531189146539289E-001  9.8464198952371529E-001  9.8400909674500514E-001  9.8341474677587837E-001  9.8286038220301064E-001
  9.8234734999541418E-001  9.8187689695632185E-001  9.8145016641359151E-001  9.8106819556397162E-001  9.8073191301250673E-001
  9.8044213646897271E-001  9.8019957070676977E-001  9.8000480579652405E-001  9.7985831564421244E-001  9.7976045681153345E-001
  9.7971146763453154E-001  9.7971146763453576E-001  9.7976045681152690E-001  9.7985831564420045E-001  9.8000480579651583E-001
  9.8019957070675034E-001  9.8044213646894873E-001  9.8073191301248785E-001  9.8106819556394653E-001  9.8145016641356542E-001
  9.8187689695629321E-001  9.8234734999538542E-001  9.8286038220298144E-001  9.8341474677585061E-001  9.8400909674498183E-001
  9.8464198952368598E-001  9.8531189146536879E-001  9.8601717895867724E-001  9.8675613755764302E-001  9.8752696937976003E-001
  9.8832780671497200E-001  9.8915671142369621E-001  9.9001167174360105E-001  9.9089062014143003E-001  9.9179143476473586E-001
  9.9271193441810091E-001  9.9364990044263835E-001  9.9460306762444739E-001  9.9556913507366041E-001  9.9654577521878041E-001
  9.9753062862498365E-001  9.9852132415063388E-001  9.9975577138535487E-001
BLOCK 6   8.1514408057000309E-001
  1.0002631656202652E+000  1.0015237040737415E+000  1.0025215123683844E+000  1.0035130532233325E+000  1.0044959183233395E+000
  1.0054677333389712E+000  1.0064261603515940E+000  1.0073689029835999E+000  1.0082937051892913E+000  1.0091983586176154E+000
  1.0100807072843625E+000  1.0109386477001632E+000  1.0117701412690452E+000  1.0125732101900464E+000  1.0133459453739500E+000
  1.0140865151176071E+000  1.0147931544322955E+000  1.0154641798601238E+000  1.0160979939090218E+000  1.0166930823217533E+000
  1.0172480175984422E+000  1.0177614706925611E+000  1.0182322176508909E+000  1.0186591397985905E+000  1.0190412229130354E+000
  1.0193775584732443E+000  1.0196673463765065E+000  1.0199098971280569E+000  1.0201046336827047E+000  1.0202510928988702E+000
  1.0203489264329937E+000  1.0203979015285389E+000  1.0203979015285924E+000  1.0203489264330374E+000  1.0202510928989779E+000
  1.0201046336827866E+000  1.0199098971280816E+000  1.0196673463765593E+000  1.0193775584732887E+000  1.0190412229130508E+000
  1.0186591397985283E+000  1.0182322176508922E+000  1.0177614706925815E+000  1.0172480175983067E+000  1.0166930823216291E+000
  1.0160979939089334E+000  1.0154641798601038E+000  1.0147931544322522E+000  1.0140865151177012E+000  1.0133459453740334E+000
  1.0125732101901443E+000  1.0117701412690510E+000  1.0109386477001419E+000  1.0100807072843696E+000  1.0091983586175839E+000
  1.0082937051892629E+000  1.0073689029836208E+000  1.0064261603516285E+000  1.0054677333389894E+000  1.0044959183233362E+000
  1.0035130532233163E+000  1.0025215123683622E+000  1.0015237040737142E+000  1.0002631656202980E+000  9.9975755457464799E-001
  9.9851705462340146E-001  9.9751848256495668E-001  9.9652571125135458E-001  9.9554114222398193E-001  9.9456715014070907E-001
  9.9360609216075813E-001  9.9266028754684232E-001  9.9173202569065255E-001  9.9082355106523923E-001  9.8993706157058292E-001
  9.8907470767543115E-001  9.8823857610162358E-001  9.8743069838803255E-001  9.8665303754971767E-001  9.8590748123601368E-001
  9.8519584737953392E-001  9.8451987070769986E-001  9.8388119630620785E-001  9.8328138394243347E-001  9.8272190086839606E-001
  9.8220411138921448E-001  9.8172927567626456E-001  9.8129855128026167E-001  9.8091299060539106E-001  9.8057353643103540E-001
  9.8028101864408257E-001  9.8003615230156815E-001  9.7983953613007757E-001  9.7969165110383616E-001  9.7959285921289363E-001
  9.7954340251494731E-001  9.7954340251494387E-001  9.7959285921288597E-001  9.7969165110381695E-001  9.7983953613005692E-001
  9.8003615230154295E-001  9.8028101864405626E-001  9.8057353643100198E-001  9.8091299060535941E-001  9.8129855128022236E-001
  9.8172927567622770E-001  9.8220411138917985E-001  9.8272190086835676E-001  9.8328138394240128E-001  9.8388119630617243E-001
  9.8451987070766656E-001  9.8519584737949795E-001  9.8590748123598348E-001  9.8665303754968481E-001  9.8743069838800424E-001
  9.8823857610159682E-001  9.8907470767540739E-001  9.8993706157056160E-001  9.9082355106522169E-001  9.9173202569064223E-001
  9.9266028754683566E-001  9.9360609216075657E-001  9.9456715014071717E-001  9.9554114222399104E-001  9.9652571125137090E-001
  9.9751848256497655E-001  9.9851705462342566E-001  9.9975755457463156E-001
BLOCK 7   9.7817289668400498E-001
  1.0002701597821331E+000  1.0015469144892291E+000  1.0025539693290859E+000  1.0035545993414703E+000  1.0045463788789006E+000
  1.0055269072071111E+000  1.0064938310313778E+000  1.0074448320579203E+000  1.0083776412746610E+000  1.0092900335692478E+000
  1.0101798397194326E+000  1.0110449455621744E+000  1.0118832987924349E+000  1.0126929147039612E+000  1.0134718754944367E+000
  1.0142183423921340E+000  1.0149305480739002E+000  1.0156068070469919E+000  1.0162455211216219E+000  1.0168451775699963E+000
  1.0174043525346181E+000  1.0179217189398579E+000  1.0183960468433328E+000  1.0188262043022394E+000  1.0192111657446674E+000
  1.0195500187242905E+000  1.0198419642175847E+000  1.0200863144267991E+000  1.0202824925081242E+000  1.0204300343804542E+000
  1.0205285905099324E+000  1.0205779271793403E+000  1.0205779271793778E+000  1.0205285905099439E+000  1.0204300343804753E+000
  1.0202824925081200E+000  1.0200863144268346E+000  1.0198419642176662E+000  1.0195500187243767E+000  1.0192111657446634E+000
  1.0188262043022274E+000  1.0183960468433451E+000  1.0179217189398735E+000  1.0174043525346144E+000  1.0168451775699634E+000
  1.0162455211215948E+000  1.0156068070467623E+000  1.0149305480737556E+000  1.0142183423920561E+000  1.0134718754944332E+000
  1.0126929147038202E+000  1.0118832987924919E+000  1.0110449455622876E+000  1.0101798397195347E+000  1.0092900335692705E+000
  1.0083776412746193E+000  1.0074448320578981E+000  1.0064938310313527E+000  1.0055269072070714E+000  1.0045463788788915E+000
  1.0035545993414847E+000  1.0025539693290859E+000  1.0015469144892046E+000  1.0002701597821604E+000  9.9975973767395121E-001
  9.9851180809740026E-001  9.9750357937587242E-001  9.9650110657307733E-001  9.9550681378171602E-001  9.9452310886639261E-001
  9.9355237133106244E-001  9.9259695528543723E-001  9.9165917325992736E-001  9.9074130231564927E-001  9.8984556751076780E-001
  9.8897414531204419E-001  9.8812915498608989E-001  9.8731265044347993E-001  9.8652662416516845E-001  9.8577299122520268E-001
  9.8505359196173348E-001  9.8437018811171972E-001  9.8372445005996911E-001  9.8311796084959291E-001  9.8255221112079527E-001
  9.8202858791675340E-001  9.8154837630899749E-001  9.8111275885768057E-001  9.8072280646793086E-001  9.8037947407129589E-001
  9.8008360285093421E-001  9.7983592050280433E-001  9.7963703777519151E-001  9.7948744510319452E-001  9.7938751113026223E-001
  9.7933748224709116E-001  9.7933748224708361E-001  9.7938751113025035E-001  9.7948744510317465E-001  9.7963703777516065E-001
  9.7983592050277746E-001  9.8008360285089946E-001  9.8037947407125170E-001  9.8072280646788856E-001  9.8111275885763649E-001
  9.8154837630895453E-001  9.8202858791670744E-001  9.8255221112074476E-001  9.8311796084954284E-001  9.8372445005992470E-001
  9.8437018811167454E-001  9.8505359196169207E-001  9.8577299122515838E-001  9.8652662416512926E-001  9.8731265044344230E-001
  9.8812915498605636E-001  9.8897414531201677E-001  9.8984556751074315E-001  9.9074130231563295E-001  9.9165917325991737E-001
  9.9259695528543290E-001  9.9355237133106455E-001  9.9452310886640305E-001  9.9550681378173456E-001  9.9650110657309843E-001
  9.9750357937590239E-001  9.9851180809743645E-001  9.9975973767394899E-001
BLOCK 8   1.1412017127980068E+000
  1.0002784374831439E+000  1.0015743952529352E+000  1.0025924026616990E+000  1.0036037998905081E+000  1.0046061353597258E+000
  1.0055969852727007E+000  1.0065739721850917E+000  1.0075347591562929E+000  1.0084770561815597E+000  1.0093986236290180E+000
  1.0102972743921355E+000  1.0111708819601413E+000  1.0120173805014345E+000  1.0128347731534870E+000  1.0136211349962105E+000
  1.0143746151194222E+000  1.0150934414574126E+000  1.0157759233750920E+000  1.0164204579184002E+000  1.0170255313653858E+000
  1.0175897199979271E+000  1.0181116969281345E+000  1.0185902327541350E+000  1.0190241964963256E+000  1.0194125622893726E+000
  1.0197544119177169E+000  1.0200489346058885E+000  1.0202954319631086E+000  1.0204933236848122E+000  1.0206421479243590E+000
  1.0207415582208721E+000  1.0207913220550513E+000  1.0207913220549480E+000  1.0207415582209136E+000  1.0206421479243539E+000
  1.0204933236848321E+000  1.0202954319631159E+000  1.0200489346058836E+000  1.0197544119177340E+000  1.0194125622894172E+000
  1.0190241964964566E+000  1.0185902327542293E+000  1.0181116969280946E+000  1.0175897199978186E+000  1.0170255313653451E+000
  1.0164204579184049E+000  1.0157759233750077E+000  1.0150934414573980E+000  1.0143746151193360E+000  1.0136211349962130E+000
  1.0128347731533445E+000  1.0120173805013786E+000  1.0111708819601770E+000  1.0102972743920895E+000  1.0093986236290422E+000
  1.0084770561816578E+000  1.0075347591563864E+000  1.0065739721851108E+000  1.0055969852726359E+000  1.0046061353596583E+000
  1.0036037998904639E+000  1.0025924026616515E+000  1.0015743952528930E+000  1.0002784374831832E+000  9.9976232167627133E-001
  9.9850555886129777E-001  9.9748588319990694E-001  9.9647190619375758E-001  9.9546608609326115E-001  9.9447086128907281E-001
  9.9348864774452439E-001  9.9252182969962743E-001  9.9157275845993098E-001  9.9064374040296610E-001  9.8973703967667281E-001
  9.8885486329229433E-001  9.8799936538866473E-001  9.8717263425536705E-001  9.8637669097495395E-001  9.8561348638175839E-001
  9.8488488923017270E-001  9.8419269058745074E-001  9.8353859247092068E-001  9.8292420366567612E-001  9.8235104167770138E-001
  9.8182052088091687E-001  9.8133395097443321E-001  9.8089253812949062E-001  9.8049737521194880E-001  9.8014943863680992E-001
  9.7984959111151948E-001  9.7959857690184093E-001  9.7939701584663896E-001  9.7924540437447583E-001  9.7914411816043090E-001
  9.7909341085140122E-001  9.7909341085139867E-001  9.7914411816041713E-001  9.7924540437445640E-001  9.7939701584660221E-001
  9.7959857690180474E-001  9.7984959111147629E-001  9.8014943863676351E-001  9.8049737521189728E-001  9.8089253812943988E-001
  9.8133395097437204E-001  9.8182052088085570E-001  9.8235104167764642E-001  9.8292420366561872E-001  9.8353859247086284E-001
  9.8419269058739145E-001  9.8488488923010964E-001  9.8561348638170587E-001  9.8637669097490677E-001  9.8717263425532198E-001
  9.8799936538862509E-001  9.8885486329226313E-001  9.8973703967664761E-001  9.9064374040294845E-001  9.9157275845992443E-001
  9.9252182969962766E-001  9.9348864774453172E-001  9.9447086128909035E-001  9.9546608609329323E-001  9.9647190619379877E-001
  9.9748588319994702E-001  9.9850555886132708E-001  9.9976232167626267E-001
BLOCK 9   1.3042305289120086E+000
  1.0002880048100171E+000  1.0016061724338121E+000  1.0026368585021084E+000  1.0036607168209819E+000  1.0046752687479716E+000
  1.0056780626141129E+000  1.0066666964095479E+000  1.0076388089918369E+000  1.0085920900387544E+000  1.0095242792144650E+000
  1.0104331731767988E+000  1.0113166281547015E+000  1.0121725656387128E+000  1.0129989741540308E+000  1.0137939185192770E+000
  1.0145555364170891E+000  1.0152820464646370E+000  1.0159717520166347E+000  1.0166230432284731E+000  1.0172344027513360E+000
  1.0178044045670127E+000  1.0183317194322954E+000  1.0188151177797913E+000  1.0192534696005759E+000  1.0196457493724249E+000
  1.0199910382838990E+000  1.0202885241374042E+000  1.0205375060310862E+000  1.0207373980012573E+000  1.0208877289707634E+000
  1.0209881446733580E+000  1.0210384105537171E+000  1.0210384105536678E+000  1.0209881446733848E+000  1.0208877289707434E+000
  1.0207373980012082E+000  1.0205375060311166E+000  1.0202885241374819E+000  1.0199910382839430E+000  1.0196457493724083E+000
  1.0192534696005435E+000  1.0188151177798042E+000  1.0183317194323143E+000  1.0178044045670445E+000  1.0172344027514162E+000
  1.0166230432284364E+000  1.0159717520166602E+000  1.0152820464646164E+000  1.0145555364170926E+000  1.0137939185192610E+000
  1.0129989741539953E+000  1.0121725656386842E+000  1.0113166281547277E+000  1.0104331731767113E+000  1.0095242792143868E+000
  1.0085920900387877E+000  1.0076388089918444E+000  1.0066666964095545E+000  1.0056780626141639E+000  1.0046752687480256E+000
  1.0036607168209832E+000  1.0026368585020224E+000  1.0016061724336955E+000  1.0002880048100253E+000  9.9976530649604500E-001
  9.9849828061602075E-001  9.9746534813084231E-001  9.9643804838461436E-001  9.9541887753806968E-001  9.9441031140095848E-001
  9.9341480480654920E-001  9.9243478178907973E-001  9.9147263194679802E-001  9.9053070391524578E-001  9.8961129841244044E-001
  9.8871666614161569E-001  9.8784899654169833E-001  9.8701041984281068E-001  9.8620299374547526E-001  9.8542870529202298E-001
  9.8468946195904483E-001  9.8398708610193708E-001  9.8332331557381147E-001  9.8269979159398335E-001  9.8211806049621664E-001
  9.8157956826798753E-001  9.8108565204259734E-001  9.8063754310574169E-001  9.8023635990191516E-001  9.7988310190146888E-001
  9.7957865257438137E-001  9.7932377471488230E-001  9.7911910446229389E-001  9.7896515326050526E-001  9.7886230705904131E-001
  9.7881082115835649E-001  9.7881082115835027E-001  9.7886230705902200E-001  9.7896515326046962E-001  9.7911910446227912E-001
  9.7932377471488474E-001  9.7957865257433685E-001  9.7988310190140748E-001  9.8023635990187730E-001  9.8063754310567675E-001
  9.8108565204253328E-001  9.8157956826795967E-001  9.8211806049616146E-001  9.8269979159390064E-001  9.8332331557372721E-001
  9.8398708610186547E-001  9.8468946195897411E-001  9.8542870529196191E-001  9.8620299374541442E-001  9.8701041984275517E-001
  9.8784899654165348E-001  9.8871666614158582E-001  9.8961129841241469E-001  9.9053070391522591E-001  9.9147263194679458E-001
  9.9243478178909772E-001  9.9341480480657707E-001  9.9441031140098779E-001  9.9541887753808500E-001  9.9643804838462158E-001
  9.9746534813086274E-001  9.9849828061606238E-001  9.9976530649606754E-001
BLOCK 10   1.4672593450260105E+000
  1.0002988688562315E+000  1.0016422787302479E+000  1.0026873904907809E+000  1.0037254247724869E+000  1.0047538735163268E+000
  1.0057702533807307E+000  1.0067721353304726E+000  1.0077571310291595E+000  1.0087229075608184E+000  1.0096671822033960E+000
  1.0105877322237460E+000  1.0114823956379029E+000  1.0123490770295294E+000  1.0131857515233429E+000  1.0139904694307140E+000
  1.0147613580326209E+000  1.0154966242401258E+000  1.0161945637503165E+000  1.0168535592716290E+000  1.0174720866947502E+000
  1.0180487162518159E+000  1.0185821148159038E+000  1.0190710507189997E+000  1.0195143932527826E+000  1.0199111159150225E+000
  1.0202603000944941E+000  1.0205611352521473E+000  1.0208129218434292E+000  1.0210150727876952E+000  1.0211671115725656E+000
  1.0212686747981790E+000  1.0213195179280548E+000  1.0213195179280876E+000  1.0212686747981903E+000  1.0211671115726528E+000
  1.0210150727876806E+000  1.0208129218434201E+000  1.0205611352521307E+000  1.0202603000944543E+000  1.0199111159150107E+000
  1.0195143932527913E+000  1.0190710507190333E+000  1.0185821148159135E+000  1.0180487162518814E+000  1.0174720866948104E+000
  1.0168535592716594E+000  1.0161945637504053E+000  1.0154966242401775E+000  1.0147613580326393E+000  1.0139904694306916E+000
  1.0131857515231621E+000  1.0123490770295092E+000  1.0114823956378867E+000  1.0105877322237138E+000  1.0096671822033398E+000
  1.0087229075608233E+000  1.0077571310291147E+000  1.0067721353303838E+000  1.0057702533807236E+000  1.0047538735163479E+000
  1.0037254247724809E+000  1.0026873904907736E+000  1.0016422787302457E+000  1.0002988688562635E+000  9.9976869265262702E-001
  9.9848994252271939E-001  9.9744192186503733E-001  9.9639946016665371E-001  9.9536509407639162E-001  9.9434134437270849E-001
  9.9333070810283819E-001  9.9233565564617332E-001  9.9135862051452994E-001  9.9040199740863644E-001  9.8946813280066248E-001
  9.8855932145544878E-001  9.8767780006683958E-001  9.8682574015361335E-001  9.8600524635201059E-001  9.8521834539668762E-001
  9.8446698766439256E-001  9.8375303584739149E-001  9.8307826421187849E-001  9.8244435357222137E-001  9.8185288304368368E-001
  9.8130533196720870E-001  9.8080307019076840E-001  9.8034735631505121E-001  9.7993933721815352E-001  9.7958003888312750E-001
  9.7927036651398014E-001  9.7901110191735830E-001  9.7880289670779619E-001  9.7864627610032551E-001  9.7854164030757251E-001
  9.7848925646769069E-001  9.7848925646771756E-001  9.7854164030759827E-001  9.7864627610029542E-001  9.7880289670776954E-001
  9.7901110191733232E-001  9.7927036651390886E-001  9.7958003888308909E-001  9.7993933721806681E-001  9.8034735631499725E-001
  9.8080307019066726E-001  9.8130533196713565E-001  9.8185288304360807E-001  9.8244435357212478E-001  9.8307826421181732E-001
  9.8375303584732998E-001  9.8446698766430552E-001  9.8521834539659814E-001  9.8600524635193720E-001  9.8682574015354751E-001
  9.8767780006679184E-001  9.8855932145541758E-001  9.8946813280065149E-001  9.9040199740863621E-001  9.9135862051453594E-001
  9.9233565564616688E-001  9.9333070810282909E-001  9.9434134437271149E-001  9.9536509407640950E-001  9.9639946016669656E-001
  9.9744192186513314E-001  9.9848994252284728E-001  9.9976869265268031E-001
BLOCK 11   1.6302881611400124E+000
  1.0003110379874529E+000  1.0016827530665362E+000  1.0027440607411398E+000  1.0037980098849106E+000  1.0048420576463106E+000
  1.0058736881668475E+000  1.0068904408858526E+000  1.0078898990437828E+000  1.0088697024789399E+000  1.0098275449405665E+000
  1.0107611811685115E+000  1.0116684294820943E+000  1.0125471759984599E+000  1.0133953796925026E+000  1.0142110765463495E+000
  1.0149923802158234E+000  1.0157374869158524E+000  1.0164446815133228E+000  1.0171123390841843E+000  1.0177389271329320E+000
  1.0183230101091645E+000  1.0188632500544459E+000  1.0193584113645648E+000  1.0198073626675916E+000  1.0202090777073325E+000
  1.0205626378043675E+000  1.0208672302220927E+000  1.0211221498549117E+000  1.0213268045490724E+000  1.0214807172728082E+000
  1.0215835277376932E+000  1.0216349942074545E+000  1.0216349942074419E+000  1.0215835277376386E+000  1.0214807172728186E+000
  1.0213268045490784E+000  1.0211221498548992E+000  1.0208672302220956E+000  1.0205626378043375E+000  1.0202090777073252E+000
  1.0198073626676369E+000  1.0193584113645755E+000  1.0188632500544648E+000  1.0183230101092573E+000  1.0177389271329966E+000
  1.0171123390842678E+000  1.0164446815133528E+000  1.0157374869158675E+000  1.0149923802158545E+000  1.0142110765463948E+000
  1.0133953796925164E+000  1.0125471759984490E+000  1.0116684294820482E+000  1.0107611811683996E+000  1.0098275449404928E+000
  1.0088697024789097E+000  1.0078898990437561E+000  1.0068904408857797E+000  1.0058736881668073E+000  1.0048420576462787E+000
  1.0037980098848223E+000  1.0027440607410802E+000  1.0016827530665260E+000  1.0003110379874920E+000  9.9977248093773563E-001
  9.9848050893697438E-001  9.9741554586098746E-001  9.9635605711462794E-001  9.9530462879340698E-001  9.9426382780466482E-001
  9.9323620291548798E-001  9.9222427231785271E-001  9.9123052258109967E-001  9.9025739725630968E-001  9.8930729585514277E-001
  9.8838256278588554E-001  9.8748548592536134E-001  9.8661828716092137E-001  9.8578311885175873E-001  9.8498205805034633E-001
  9.8421709911440725E-001  9.8349015243251525E-001  9.8280303391213897E-001  9.8215746580811103E-001  9.8155506820611482E-001
  9.8099735615667694E-001  9.8048573741967093E-001  9.8002150234695007E-001  9.7960582459173795E-001  9.7923975643661609E-001
  9.7892422636775911E-001  9.7866004066282164E-001  9.7844787405903333E-001  9.7828826757351339E-001  9.7818163303274064E-001
  9.7812824715100155E-001  9.7812824715102054E-001  9.7818163303271943E-001  9.7828826757345810E-001  9.7844787405900491E-001
  9.7866004066277867E-001  9.7892422636771570E-001  9.7923975643653105E-001  9.7960582459166734E-001  9.8002150234685148E-001
  9.8048573741958189E-001  9.8099735615656503E-001  9.8155506820602656E-001  9.8215746580800456E-001  9.8280303391204171E-001
  9.8349015243242932E-001  9.8421709911430688E-001  9.8498205805026706E-001  9.8578311885171366E-001  9.8661828716087674E-001
  9.8748548592530871E-001  9.8838256278584224E-001  9.8930729585509913E-001  9.9025739725627959E-001  9.9123052258107480E-001
  9.9222427231783439E-001  9.9323620291550818E-001  9.9426382780475275E-001  9.9530462879351667E-001  9.9635605711470399E-001
  9.9741554586103276E-001  9.9848050893701479E-001  9.9977248093777638E-001
BLOCK 12   1.7933169772540143E+000
  1.0003245224016755E+000  1.0017276376836084E+000  1.0028069396021488E+000  1.0038785686141025E+000  1.0049399453701908E+000
  1.0059885161046147E+000  1.0070217874628469E+000  1.0080373098068032E+000  1.0090326945292856E+000  1.0100056079941009E+000
  1.0109537812146729E+000  1.0118750097873743E+000  1.0127671607155251E+000  1.0136281743264908E+000  1.0144560716493167E+000
  1.0152489507225035E+000  1.0160049955593566E+000  1.0167224789949558E+000  1.0173997661588794E+000  1.0180353168471170E+000
  1.0186276896065591E+000  1.0191755436552359E+000  1.0196776391365443E+000  1.0201328389646327E+000  1.0205401093007567E+000
  1.0208985244157147E+000  1.0212072694227980E+000  1.0214656407915670E+000  1.0216730495112865E+000  1.0218290226678750E+000
  1.0219332041011828E+000  1.0219853552702651E+000  1.0219853552702409E+000  1.0219332041011799E+000  1.0218290226678310E+000
  1.0216730495112445E+000  1.0214656407915188E+000  1.0212072694228334E+000  1.0208985244157436E+000  1.0205401093007824E+000
  1.0201328389647097E+000  1.0196776391365712E+000  1.0191755436552894E+000  1.0186276896066009E+000  1.0180353168471297E+000
  1.0173997661589325E+000  1.0167224789950184E+000  1.0160049955594199E+000  1.0152489507225706E+000  1.0144560716493600E+000
  1.0136281743265978E+000  1.0127671607154893E+000  1.0118750097874545E+000  1.0109537812146725E+000  1.0100056079940443E+000
  1.0090326945292059E+000  1.0080373098066846E+000  1.0070217874627312E+000  1.0059885161045443E+000  1.0049399453701484E+000
  1.0038785686140212E+000  1.0028069396020602E+000  1.0017276376835500E+000  1.0003245224016861E+000  9.9977667124081104E-001
  9.9846994220621021E-001  9.9738615288803412E-001  9.9630774606880335E-001  9.9523735895446119E-001  9.9417761371512325E-001
  9.9313111222466077E-001  9.9210043014736293E-001  9.9108810842436457E-001  9.9009664942789677E-001  9.8912850732662583E-001
  9.8818608548979436E-001  9.8727172607697755E-001  9.8638770835434020E-001  9.8553623813274249E-001  9.8471944594225314E-001
  9.8393937856882219E-001  9.8319799555062337E-001  9.8249716456714298E-001  9.8183865310204821E-001  9.8122412637732337E-001
  9.8065513776837765E-001  9.8013313041812455E-001  9.7965943267702749E-001  9.7923525201158268E-001  9.7886167345759778E-001
  9.7853965314742575E-001  9.7827001984579776E-001  9.7805347042659230E-001  9.7789056260864304E-001  9.7778171969255601E-001
  9.7772722742178464E-001  9.7772722742178364E-001  9.7778171969252148E-001  9.7789056260858298E-001  9.7805347042652602E-001
  9.7827001984576167E-001  9.7853965314743130E-001  9.7886167345750985E-001  9.7923525201150718E-001  9.7965943267698063E-001
  9.8013313041801819E-001  9.8065513776827007E-001  9.8122412637728729E-001  9.8183865310195573E-001  9.8249716456699987E-001
  9.8319799555052345E-001  9.8393937856873637E-001  9.8471944594217975E-001  9.8553623813268187E-001  9.8638770835426937E-001
  9.8727172607689739E-001  9.8818608548972597E-001  9.8912850732656588E-001  9.9009664942787357E-001  9.9108810842439943E-001
  9.9210043014741756E-001  9.9313111222471373E-001  9.9417761371517654E-001  9.9523735895451282E-001  9.9630774606883410E-001
  9.9738615288804178E-001  9.9846994220624863E-001  9.9977667124088998E-001
BLOCK 13   1.9563457933680162E+000
  1.0003393328785708E+000  1.0017769822755866E+000  1.0028761062820113E+000  1.0039672108180098E+000  1.0050476747655759E+000
  1.0061149041989244E+000  1.0071663688316657E+000  1.0081995837880988E+000  1.0092121288030396E+000  1.0102016406740411E+000
  1.0111658241063133E+000  1.0121024514121721E+000  1.0130093672694613E+000  1.0138844936533178E+000  1.0147258301457465E+000
  1.0155314600034415E+000  1.0162995530046275E+000  1.0170283729103011E+000  1.0177162762482668E+000  1.0183617151758693E+000
  1.0189632379621636E+000  1.0195194927261111E+000  1.0200292296140507E+000  1.0204913044462691E+000  1.0209046803493163E+000
  1.0212684299878023E+000  1.0215817392570157E+000  1.0218439074597758E+000  1.0220543486354461E+000  1.0222125930274326E+000
  1.0223182870570797E+000  1.0223711939601303E+000  1.0223711939601143E+000  1.0223182870570859E+000  1.0222125930274313E+000
  1.0220543486354345E+000  1.0218439074597798E+000  1.0215817392570421E+000  1.0212684299878192E+000  1.0209046803493340E+000
  1.0204913044463173E+000  1.0200292296140976E+000  1.0195194927261826E+000  1.0189632379622151E+000  1.0183617151759088E+000
  1.0177162762483123E+000  1.0170283729103886E+000  1.0162995530047174E+000  1.0155314600034837E+000  1.0147258301458320E+000
  1.0138844936533777E+000  1.0130093672695115E+000  1.0121024514121753E+000  1.0111658241063328E+000  1.0102016406739851E+000
  1.0092121288030240E+000  1.0081995837880577E+000  1.0071663688315609E+000  1.0061149041987942E+000  1.0050476747654311E+000
  1.0039672108178646E+000  1.0028761062818941E+000  1.0017769822755143E+000  1.0003393328785839E+000  9.9978126300701897E-001
  9.9845819778339318E-001  9.9735366937683811E-001  9.9625442155807720E-001  9.9516314993709376E-001  9.9408253499703092E-001
  9.9301523988302842E-001  9.9196390092487419E-001  9.9093112212646561E-001  9.8991946726687041E-001  9.8893145437584207E-001
  9.8796954752085164E-001  9.8703615219606833E-001  9.8613360684489415E-001  9.8526418024657392E-001  9.8443006169982561E-001
  9.8363335792580520E-001  9.8287608219664235E-001  9.8216015284077307E-001  9.8148738738840979E-001  9.8085949865341926E-001
  9.8027808946067774E-001  9.7974464502582059E-001  9.7926053455637307E-001  9.7882700324699345E-001  9.7844516865044928E-001
  9.7811601775630530E-001  9.7784040332184796E-001  9.7761904292336133E-001  9.7745251229833952E-001  9.7734124671364508E-001
  9.7728554054793393E-001  9.7728554054792316E-001  9.7734124671368083E-001  9.7745251229835295E-001  9.7761904292327884E-001
  9.7784040332179667E-001  9.7811601775623325E-001  9.7844516865033648E-001  9.7882700324692140E-001  9.7926053455622886E-001
  9.7974464502570757E-001  9.8027808946054162E-001  9.8085949865334721E-001  9.8148738738832886E-001  9.8216015284065994E-001
  9.8287608219658185E-001  9.8363335792574624E-001  9.8443006169967995E-001  9.8526418024641660E-001  9.8613360684477425E-001
  9.8703615219601404E-001  9.8796954752084998E-001  9.8893145437585583E-001  9.8991946726687818E-001  9.9093112212649337E-001
  9.9196390092490305E-001  9.9301523988301932E-001  9.9408253499700983E-001  9.9516314993712207E-001  9.9625442155814392E-001
  9.9735366937689962E-001  9.9845819778347566E-001  9.9978126300711967E-001
BLOCK 14   2.1193746094820178E+000
  1.0003554824011758E+000  1.0018308413011836E+000  1.0029516492841244E+000  1.0040640572563491E+000  1.0051653988650666E+000
  1.0062530360712552E+000  1.0073243984379436E+000  1.0083769633856139E+000  1.0094082766910588E+000  1.0104159431015687E+000
  1.0113976380597609E+000  1.0123511062663044E+000  1.0132741680677635E+000  1.0141647253627042E+000  1.0150207595008973E+000
  1.0158403400283509E+000  1.0166216233006884E+000  1.0173628580237017E+000  1.0180623854882977E+000  1.0187186434196698E+000
  1.0193301692158754E+000  1.0198956018469736E+000  1.0204136850408394E+000  1.0208832701572210E+000  1.0213033189139775E+000
  1.0216729039955346E+000  1.0219912117291681E+000  1.0222575428855369E+000  1.0224713127672695E+000  1.0226320529208104E+000
  1.0227394107331584E+000  1.0227931495372882E+000  1.0227931495372899E+000  1.0227394107331698E+000  1.0226320529208681E+000
  1.0224713127673022E+000  1.0222575428855845E+000  1.0219912117291861E+000  1.0216729039955486E+000  1.0213033189140148E+000
  1.0208832701572388E+000  1.0204136850408694E+000  1.0198956018470156E+000  1.0193301692159704E+000  1.0187186434197792E+000
  1.0180623854883784E+000  1.0173628580238037E+000  1.0166216233007643E+000  1.0158403400283917E+000  1.0150207595009304E+000
  1.0141647253627135E+000  1.0132741680678277E+000  1.0123511062662858E+000  1.0113976380598002E+000  1.0104159431015360E+000
  1.0094082766909691E+000  1.0083769633855646E+000  1.0073243984378506E+000  1.0062530360711572E+000  1.0051653988649689E+000
  1.0040640572562078E+000  1.0029516492839465E+000  1.0018308413009973E+000  1.0003554824011411E+000  9.9978625472718086E-001
  9.9844522845187367E-001  9.9731801258125530E-001  9.9619596679851097E-001  9.9508184989063753E-001  9.9397840693208162E-001
  9.9288836743660680E-001  9.9181443447371487E-001  9.9075927956814513E-001  9.8972553412646302E-001  9.8871578465687104E-001
  9.8773256499518625E-001  9.8677834979333112E-001  9.8585554606224846E-001  9.8496648596952874E-001  9.8411342228331788E-001
  9.8329852174768229E-001  9.8252386075280551E-001  9.8179141547217919E-001  9.8110306079737764E-001  9.8046056296154238E-001
  9.7986557599201585E-001  9.7931963398515576E-001  9.7882414830032072E-001  9.7838040522863667E-001  9.7798955677297505E-001
  9.7765262132690145E-001  9.7737047933822974E-001  9.7714386896515903E-001  9.7697338513794973E-001  9.7685947682327323E-001
  9.7680244613161316E-001  9.7680244613155764E-001  9.7685947682323515E-001  9.7697338513792809E-001  9.7714386896511729E-001
  9.7737047933819943E-001  9.7765262132678055E-001  9.7798955677286203E-001  9.7838040522845093E-001  9.7882414830008535E-001
  9.7931963398507915E-001  9.7986557599180935E-001  9.8046056296136974E-001  9.8110306079727450E-001  9.8179141547202298E-001
  9.8252386075265929E-001  9.8329852174758203E-001  9.8411342228320764E-001  9.8496648596946057E-001  9.8585554606223536E-001
  9.8677834979329593E-001  9.8773256499513473E-001  9.8871578465682508E-001  9.8972553412641928E-001  9.9075927956812126E-001
  9.9181443447373674E-001  9.9288836743662212E-001  9.9397840693209771E-001  9.9508184989070037E-001  9.9619596679857092E-001
  9.9731801258128860E-001  9.9844522845194239E-001  9.9978625472731375E-001
BLOCK 15   2.2824034255960197E+000
  1.0003729850489211E+000  1.0018892749958170E+000  1.0030336645750320E+000  1.0041692390754853E+000  1.0052932836512520E+000
  1.0064031128296365E+000  1.0074961129597779E+000  1.0085697193218868E+000  1.0096214392837626E+000  1.0106488420042545E+000
  1.0116495724383761E+000  1.0126213482640023E+000  1.0135619679384409E+000  1.0144693117454524E+000  1.0153413401037199E+000
  1.0161761007615935E+000  1.0169717313665854E+000  1.0177264624819022E+000  1.0184386206684635E+000  1.0191066308480641E+000
  1.0197290206941056E+000  1.0203044221697675E+000  1.0208315741978200E+000  1.0213093253211185E+000  1.0217366353529840E+000
  1.0221125761349925E+000  1.0224363330329422E+000  1.0227072063916001E+000  1.0229246111284560E+000  1.0230880782102587E+000
  1.0231972546177341E+000  1.0232519030112202E+000  1.0232519030112284E+000  1.0231972546177586E+000  1.0230880782103049E+000
  1.0229246111284946E+000  1.0227072063916536E+000  1.0224363330329842E+000  1.0221125761350311E+000  1.0217366353530470E+000
  1.0213093253211745E+000  1.0208315741978853E+000  1.0203044221698248E+000  1.0197290206942013E+000  1.0191066308481525E+000
  1.0184386206685283E+000  1.0177264624819735E+000  1.0169717313666660E+000  1.0161761007616867E+000  1.0153413401037574E+000
  1.0144693117455152E+000  1.0135619679384247E+000  1.0126213482639694E+000  1.0116495724383654E+000  1.0106488420041937E+000
  1.0096214392836909E+000  1.0085697193218468E+000  1.0074961129597058E+000  1.0064031128294844E+000  1.0052932836511077E+000
  1.0041692390753325E+000  1.0030336645748714E+000  1.0018892749956665E+000  1.0003729850488894E+000  9.9979164389919228E-001
  9.9843098174578238E-001  9.9727909227461042E-001  9.9613225418905882E-001  9.9499329409356707E-001  9.9386502721102987E-001
  9.9275025329677169E-001  9.9165174917563181E-001  9.9057226082583527E-001  9.8951449656206492E-001  9.8848111689795271E-001
  9.8747472908943346E-001  9.8649787907980591E-001  9.8555304671058164E-001  9.8464263595819312E-001  9.8376896961779448E-001
  9.8293428312131348E-001  9.8214071906600509E-001  9.8139031980488178E-001  9.8068502076074626E-001  9.8002664803981687E-001
  9.7941690935126458E-001  9.7885739065726451E-001  9.7834955017030134E-001  9.7789471602434019E-001  9.7749407907753938E-001
  9.7714869018242134E-001  9.7685945947201602E-001  9.7662714828797992E-001  9.7645237113605232E-001  9.7633559273081483E-001
  9.7627712362777141E-001  9.7627712362776808E-001  9.7633559273076687E-001  9.7645237113599770E-001  9.7662714828789809E-001
  9.7685945947180430E-001  9.7714869018226258E-001  9.7749407907747976E-001  9.7789471602420830E-001  9.7834955017018999E-001
  9.7885739065707278E-001  9.7941690935107406E-001  9.8002664803956818E-001  9.8068502076058328E-001  9.8139031980469937E-001
  9.8214071906581191E-001  9.8293428312122688E-001  9.8376896961774973E-001  9.8464263595814205E-001  9.8555304671054567E-001
  9.8649787907972919E-001  9.8747472908935152E-001  9.8848111689792850E-001  9.8951449656203605E-001  9.9057226082579231E-001
  9.9165174917561416E-001  9.9275025329676703E-001  9.9386502721103642E-001  9.9499329409362425E-001  9.9613225418916029E-001
  9.9727909227473632E-001  9.9843098174594958E-001  9.9979164389936759E-001
BLOCK 16   2.4454322417100216E+000
  1.0003918549645703E+000  1.0019523459046993E+000  1.0031222559721442E+000  1.0042829023033639E+000  1.0054315154333879E+000
  1.0065653572052311E+000  1.0076817663109054E+000  1.0087781339011119E+000  1.0098519289862540E+000  1.0109006861839394E+000
  1.0119220184247961E+000  1.0129136142009652E+000  1.0138732437106834E+000  1.0147987572924362E+000  1.0156880906248591E+000
  1.0165392699083253E+000  1.0173504125039978E+000  1.0181197323155273E+000  1.0188455418010069E+000  1.0195262553114863E+000
  1.0201603914728166E+000  1.0207465759757097E+000  1.0212835427457672E+000  1.0217701366718395E+000  1.0222053143516543E+000
  1.0225881452293479E+000  1.0229178128049468E+000  1.0231936155576169E+000  1.0234149667972963E+000  1.0235813956167206E+000
  1.0236925475251348E+000  1.0237481841595151E+000  1.0237481841595157E+000  1.0236925475251546E+000  1.0235813956167270E+000
  1.0234149667973242E+000  1.0231936155576740E+000  1.0229178128050329E+000  1.0225881452294330E+000  1.0222053143517442E+000
  1.0217701366719556E+000  1.0212835427458669E+000  1.0207465759757917E+000  1.0201603914728852E+000  1.0195262553115580E+000
  1.0188455418010889E+000  1.0181197323155990E+000  1.0173504125040900E+000  1.0165392699083651E+000  1.0156880906248889E+000
  1.0147987572925063E+000  1.0138732437107103E+000  1.0129136142009723E+000  1.0119220184247939E+000  1.0109006861838861E+000
  1.0098519289861949E+000  1.0087781339010240E+000  1.0076817663107895E+000  1.0065653572050874E+000  1.0054315154332594E+000
  1.0042829023032347E+000  1.0031222559719579E+000  1.0019523459045008E+000  1.0003918549645292E+000  9.9979742631996593E-001
  9.9841540258025785E-001  9.9723681255768437E-001  9.9606314325007050E-001  9.9489729684564032E-001  9.9374216573998930E-001
  9.9260062972906649E-001  9.9147554349161326E-001  9.9036973230638714E-001  9.8928598261301048E-001  9.8822703597887940E-001
  9.8719557861445428E-001  9.8619423669876904E-001  9.8522556791673899E-001  9.8429205564440914E-001  9.8339609879500944E-001
  9.8254000835964006E-001  9.8172599897037360E-001  9.8095618278922991E-001  9.8023256183524032E-001  9.7955702435239200E-001
  9.7893133761100581E-001  9.7835714109589689E-001  9.7783594462987355E-001  9.7736912057029524E-001  9.7695790096282176E-001
  9.7660337324791036E-001  9.7630647758164535E-001  9.7606800238201163E-001  9.7588858301001224E-001  9.7576870028978913E-001
  9.7570867612150969E-001  9.7570867612148204E-001  9.7576870028963625E-001  9.7588858300990289E-001  9.7606800238194691E-001
  9.7630647758147626E-001  9.7660337324780644E-001  9.7695790096267310E-001  9.7736912057007874E-001  9.7783594462966061E-001
  9.7835714109570870E-001  9.7893133761083884E-001  9.7955702435221870E-001  9.8023256183505059E-001  9.8095618278909469E-001
  9.8172599897019996E-001  9.8254000835950206E-001  9.8339609879488610E-001  9.8429205564425426E-001  9.8522556791663840E-001
  9.8619423669872719E-001  9.8719557861442198E-001  9.8822703597885975E-001  9.8928598261296097E-001  9.9036973230631220E-001
  9.9147554349158584E-001  9.9260062972910457E-001  9.9374216574005581E-001  9.9489729684572914E-001  9.9606314325019996E-001
  9.9723681255784336E-001  9.9841540258043671E-001  9.9979742632016555E-001
BLOCK 17   2.6084610578240235E+000
  1.0004121108734929E+000  1.0020201314551902E+000  1.0032175414654165E+000  1.0044052000518704E+000  1.0055802808745793E+000
  1.0067399917692239E+000  1.0078816230568124E+000  1.0090025199389026E+000  1.0101001099273463E+000  1.0111718870818271E+000
  1.0122154271876280E+000  1.0132283828846567E+000  1.0142084922123573E+000  1.0151535759122399E+000  1.0160615434263660E+000
  1.0169303982294973E+000  1.0177582383623660E+000  1.0185432618639272E+000  1.0192837684341445E+000  1.0199781619912891E+000
  1.0206249522103572E+000  1.0212227573980142E+000  1.0217703057413987E+000  1.0222664370126198E+000  1.0227101036066575E+000
  1.0231003712019522E+000  1.0234364201455255E+000  1.0237175457853265E+000  1.0239431590133417E+000  1.0241127868517148E+000
  1.0242260729170756E+000  1.0242827774069532E+000  1.0242827774069603E+000  1.0242260729171000E+000  1.0241127868517428E+000
  1.0239431590133909E+000  1.0237175457853962E+000  1.0234364201456267E+000  1.0231003712020557E+000  1.0227101036067581E+000
  1.0222664370127430E+000  1.0217703057415151E+000  1.0212227573981372E+000  1.0206249522104660E+000  1.0199781619913943E+000
  1.0192837684342113E+000  1.0185432618639774E+000  1.0177582383624380E+000  1.0169303982295321E+000  1.0160615434264211E+000
  1.0151535759122909E+000  1.0142084922124237E+000  1.0132283828847055E+000  1.0122154271876067E+000  1.0111718870818411E+000
  1.0101001099272671E+000  1.0090025199388588E+000  1.0078816230567265E+000  1.0067399917690922E+000  1.0055802808744256E+000
  1.0044052000516914E+000  1.0032175414652011E+000  1.0020201314549655E+000  1.0004121108734498E+000  9.9980359489686410E-001
  9.9839842049351757E-001  9.9719105559415555E-001  9.9598847639568355E-001  9.9479366357904897E-001  9.9360959090809986E-001
  9.9243922090526127E-001  9.9128549364542040E-001  9.9015131912058507E-001  9.8903957003214593E-001  9.8795307379593522E-001
  9.8689460424850295E-001  9.8586687334013967E-001  9.8487252517952995E-001  9.8391412676520029E-001  9.8299416072370238E-001
  9.8211501762891684E-001  9.8127899072847646E-001  9.8048826566927749E-001  9.7974491637456784E-001  9.7905089760193142E-001
  9.7840803934364062E-001  9.7781803962320046E-001  9.7728246163337840E-001  9.7680272693550407E-001  9.7638011086682797E-001
  9.7601574107057709E-001  9.7571059011732508E-001  9.7546547556644536E-001  9.7528105622318184E-001  9.7515782918442717E-001
  9.7509613015470298E-001  9.7509613015468588E-001  9.7515782918442617E-001  9.7528105622315675E-001  9.7546547556630936E-001
  9.7571059011711969E-001  9.7601574107036060E-001  9.7638011086662280E-001  9.7680272693528458E-001  9.7728246163314203E-001
  9.7781803962304914E-001  9.7840803934344878E-001  9.7905089760175734E-001  9.7974491637437744E-001  9.8048826566912473E-001
  9.8127899072832903E-001  9.8211501762871833E-001  9.8299416072354751E-001  9.8391412676505241E-001  9.8487252517938817E-001
  9.8586687334002598E-001  9.8689460424837538E-001  9.8795307379583175E-001  9.8903957003214227E-001  9.9015131912062526E-001
  9.9128549364548357E-001  9.9243922090534742E-001  9.9360959090817991E-001  9.9479366357914167E-001  9.9598847639582977E-001
  9.9719105559434240E-001  9.9839842049371086E-001  9.9980359489707515E-001
BLOCK 18   2.7714898739380254E+000
  1.0004337647631658E+000  1.0020926905019063E+000  1.0033196252603360E+000  1.0045362868322281E+000  1.0057397880434853E+000
  1.0069272796090705E+000  1.0080959994837166E+000  1.0092432422155828E+000  1.0103663872763555E+000  1.0114628828068077E+000
  1.0125302634185411E+000  1.0135661429774210E+000  1.0145682274584269E+000  1.0155343059831969E+000  1.0164622629705771E+000
  1.0173500786061236E+000  1.0181958325209648E+000  1.0189977063386939E+000  1.0197539861290312E+000  1.0204630641105541E+000
  1.0211234405989946E+000  1.0217337258801065E+000  1.0222926414912559E+000  1.0227990208009596E+000  1.0232518106551804E+000
  1.0236500720961983E+000  1.0239929813630995E+000  1.0242798301284701E+000  1.0245100261225941E+000  1.0246830937471103E+000
  1.0247986743848452E+000  1.0248565268102028E+000  1.0248565268102214E+000  1.0247986743848831E+000  1.0246830937471880E+000
  1.0245100261226807E+000  1.0242798301285532E+000  1.0239929813631916E+000  1.0236500720963080E+000  1.0232518106553066E+000
  1.0227990208010960E+000  1.0222926414913904E+000  1.0217337258802228E+000  1.0211234405991192E+000  1.0204630641106782E+000
  1.0197539861291152E+000  1.0189977063387796E+000  1.0181958325210498E+000  1.0173500786062162E+000  1.0164622629706395E+000
  1.0155343059832198E+000  1.0145682274584669E+000  1.0135661429774272E+000  1.0125302634185411E+000  1.0114628828067254E+000
  1.0103663872763107E+000  1.0092432422154465E+000  1.0080959994836278E+000  1.0069272796089159E+000  1.0057397880433192E+000
  1.0045362868320606E+000  1.0033196252601433E+000  1.0020926905016712E+000  1.0004337647631008E+000  9.9981014024557258E-001
  9.9837997464877570E-001  9.9714171608198421E-001  9.9590809701098093E-001  9.9468218458740676E-001  9.9346703947694626E-001
  9.9226571295218025E-001  9.9108123519180069E-001  9.8991660816331983E-001  9.8877479756733511E-001  9.8765872485557082E-001
  9.8657125770830945E-001  9.8551520143591120E-001  9.8449329188670598E-001  9.8350818659921324E-001  9.8256245625240013E-001
  9.8165857784584476E-001  9.8079892670657776E-001  9.7998576838894547E-001  9.7922125191413856E-001  9.7850740426503147E-001
  9.7784612136559246E-001  9.7723916483125661E-001  9.7668815480304472E-001  9.7619456537145666E-001  9.7575971968911235E-001
  9.7538478661815853E-001  9.7507077555991828E-001  9.7481853466754376E-001  9.7462874799309196E-001  9.7450193145934227E-001
  9.7443843428630705E-001  9.7443843428622334E-001  9.7450193145926767E-001  9.7462874799299715E-001  9.7481853466736956E-001
  9.7507077555978694E-001  9.7538478661797856E-001  9.7575971968893105E-001  9.7619456537121518E-001  9.7668815480279814E-001
  9.7723916483103046E-001  9.7784612136538740E-001  9.7850740426479088E-001  9.7922125191395426E-001  9.7998576838875862E-001
  9.8079892670641255E-001  9.8165857784564703E-001  9.8256245625220395E-001  9.8350818659905048E-001  9.8449329188650370E-001
  9.8551520143575577E-001  9.8657125770820109E-001  9.8765872485549733E-001  9.8877479756733422E-001  9.8991660816335292E-001
  9.9108123519183555E-001  9.9226571295229349E-001  9.9346703947712400E-001  9.9468218458758195E-001  9.9590809701114402E-001
  9.9714171608216229E-001  9.9837997464896833E-001  9.9981014024581749E-001
BLOCK 19   2.9345186900520273E+000
  1.0004568289888964E+000  1.0021700919062861E+000  1.0034286312664640E+000  1.0046763445723546E+000  1.0059102781629476E+000
  1.0071275177452519E+000  1.0083252410980807E+000  1.0095006853605926E+000  1.0106511778644398E+000  1.0117741196415091E+000
  1.0128670034151250E+000  1.0139274062761023E+000  1.0149529944233668E+000  1.0159415274820618E+000  1.0168908639614773E+000
  1.0177989610735476E+000  1.0186638784377471E+000  1.0194837810146229E+000  1.0202569399308750E+000  1.0209817349461601E+000
  1.0216566555562865E+000  1.0222803026041318E+000  1.0228513894253761E+000  1.0233687424872941E+000  1.0238313025928119E+000
  1.0242381256760844E+000  1.0245883829952898E+000  1.0248813620343045E+000  1.0251164671265032E+000  1.0252932197712277E+000
  1.0254112588627982E+000  1.0254703412386572E+000  1.0254703412386681E+000  1.0254112588628266E+000  1.0252932197713012E+000
  1.0251164671266004E+000  1.0248813620344233E+000  1.0245883829954230E+000  1.0242381256762216E+000  1.0238313025929411E+000
  1.0233687424874180E+000  1.0228513894255111E+000  1.0222803026042455E+000  1.0216566555564224E+000  1.0209817349463057E+000
  1.0202569399310195E+000  1.0194837810147548E+000  1.0186638784378492E+000  1.0177989610736549E+000  1.0168908639615346E+000
  1.0159415274820904E+000  1.0149529944233522E+000  1.0139274062760999E+000  1.0128670034151073E+000  1.0117741196414327E+000
  1.0106511778643770E+000  1.0095006853604764E+000  1.0083252410979711E+000  1.0071275177451176E+000  1.0059102781627280E+000
  1.0046763445721665E+000  1.0034286312662868E+000  1.0021700919060796E+000  1.0004568289888420E+000  9.9981704634398694E-001
  9.9835998841770102E-001  9.9708867051788608E-001  9.9582183186985707E-001  9.9456263130231803E-001  9.9331422462036911E-001
  9.9207976082948679E-001  9.9086236882047174E-001  9.8966515020581514E-001  9.8849116987926733E-001  9.8734344924169459E-001
  9.8622495535795540E-001  9.8513859354578337E-001  9.8408719794138100E-001  9.8307352294381234E-001  9.8210023313200834E-001
  9.8116989696390566E-001  9.8028497720074981E-001  9.7944782376103656E-001  9.7866066656014672E-001  9.7792560825969277E-001
  9.7724461683270825E-001  9.7661952050146494E-001  9.7605200138979931E-001  9.7554358929628915E-001  9.7509565918438257E-001
  9.7470942389834114E-001  9.7438593269745977E-001  9.7412606684361225E-001  9.7393053643319416E-001  9.7379987921268896E-001
  9.7373445745066733E-001  9.7373445745062237E-001  9.7379987921260880E-001  9.7393053643309857E-001  9.7412606684345915E-001
  9.7438593269727491E-001  9.7470942389817017E-001  9.7509565918417085E-001  9.7554358929608576E-001  9.7605200138958281E-001
  9.7661952050122403E-001  9.7724461683246278E-001  9.7792560825941832E-001  9.7866066655988360E-001  9.7944782376079498E-001
  9.8028497720048002E-001  9.8116989696367130E-001  9.8210023313179595E-001  9.8307352294363759E-001  9.8408719794122224E-001
  9.8513859354564626E-001  9.8622495535788168E-001  9.8734344924163009E-001  9.8849116987923891E-001  9.8966515020585111E-001
  9.9086236882052259E-001  9.9207976082958871E-001  9.9331422462054753E-001  9.9456263130250044E-001  9.9582183187006035E-001
  9.9708867051815331E-001  9.9835998841797080E-001  9.9981704634426716E-001
BLOCK 20   3.0975475061660291E+000
  1.0004813269005686E+000  1.0022524403856086E+000  1.0035447239714228E+000  1.0048255902736563E+000  1.0060920130645750E+000
  1.0073410077547047E+000  1.0085696878131325E+000  1.0097752298592666E+000  1.0109549064161827E+000  1.0121060674686400E+000
  1.0132261599796153E+000  1.0143127204245290E+000  1.0153633804296145E+000  1.0163758682305490E+000  1.0173480143919507E+000
  1.0182777516986710E+000  1.0191631180244425E+000  1.0200022606563586E+000  1.0207934348206700E+000  1.0215350064480193E+000
  1.0222254531115942E+000  1.0228633651316630E+000  1.0234474466411461E+000  1.0239765163245593E+000  1.0244495081660312E+000
  1.0248654723181865E+000  1.0252235749757870E+000  1.0255230993835325E+000  1.0257634463330139E+000  1.0259441339712660E+000
  1.0260647984010529E+000  1.0261251942179876E+000  1.0261251942180059E+000  1.0260647984011111E+000  1.0259441339713435E+000
  1.0257634463331082E+000  1.0255230993836408E+000  1.0252235749759246E+000  1.0248654723183332E+000  1.0244495081661689E+000
  1.0239765163247105E+000  1.0234474466413168E+000  1.0228633651318311E+000  1.0222254531117516E+000  1.0215350064481721E+000
  1.0207934348208350E+000  1.0200022606564954E+000  1.0191631180245526E+000  1.0182777516987565E+000  1.0173480143920337E+000
  1.0163758682305990E+000  1.0153633804296012E+000  1.0143127204245088E+000  1.0132261599796060E+000  1.0121060674686806E+000
  1.0109549064160399E+000  1.0097752298592275E+000  1.0085696878129620E+000  1.0073410077546776E+000  1.0060920130644677E+000
  1.0048255902734571E+000  1.0035447239712001E+000  1.0022524403853164E+000  1.0004813269004813E+000  9.9982429648323701E-001
  9.9833836411649768E-001  9.9703175861263160E-001  9.9572946493037406E-001  9.9443473765865786E-001  9.9315083257607761E-001
  9.9188100134526569E-001  9.9062847881746530E-001  9.8939647392986652E-001  9.8818816054843650E-001  9.8700666763529488E-001
  9.8585506938900991E-001  9.8473637582833184E-001  9.8365352495814173E-001  9.8260937220518918E-001  9.8160668267370821E-001
  9.8064812167737003E-001  9.7973624615931998E-001  9.7887349565714354E-001  9.7806218610715423E-001  9.7730450036648442E-001
  9.7660248323977472E-001  9.7595803413209792E-001  9.7537290075767691E-001  9.7484867382879670E-001  9.7438678209969032E-001
  9.7398848704960628E-001  9.7365487976493625E-001  9.7338687710595662E-001  9.7318521781417688E-001  9.7305046202818912E-001
  9.7298298678510498E-001  9.7298298678510675E-001  9.7305046202813394E-001  9.7318521781411016E-001  9.7338687710583993E-001
  9.7365487976474507E-001  9.7398848704943064E-001  9.7438678209946350E-001  9.7484867382856732E-001  9.7537290075744076E-001
  9.7595803413183502E-001  9.7660248323948529E-001  9.7730450036619543E-001  9.7806218610682949E-001  9.7887349565683468E-001
  9.7973624615899968E-001  9.8064812167708793E-001  9.8160668267349394E-001  9.8260937220498490E-001  9.8365352495799119E-001
  9.8473637582822615E-001  9.8585506938894740E-001  9.8700666763525091E-001  9.8818816054841419E-001  9.8939647392991747E-001
  9.9062847881755034E-001  9.9188100134537271E-001  9.9315083257624781E-001  9.9443473765885593E-001  9.9572946493059411E-001
  9.9703175861290361E-001  9.9833836411677224E-001  9.9982429648355231E-001
BLOCK 21   3.2605763222800310E+000
  1.0005072866091582E+000  1.0023398460780235E+000  1.0036680710978159E+000  1.0049842440057408E+000  1.0062852611798403E+000
  1.0075680643422051E+000  1.0088296994394317E+000  1.0100672794664374E+000  1.0112780194892568E+000  1.0124592167762765E+000
  1.0136082701827309E+000  1.0147226746464177E+000  1.0158000225885724E+000  1.0168380092853531E+000  1.0178344354877422E+000
  1.0187872093901860E+000  1.0196943470064495E+000  1.0205539755678850E+000  1.0213643326601514E+000  1.0221237684706539E+000
  1.0228307478789880E+000  1.0234838501320118E+000  1.0240817696068807E+000  1.0246233164879328E+000  1.0251074173894201E+000
  1.0255331160395862E+000  1.0258995732736160E+000  1.0262060676589626E+000  1.0264519960252791E+000  1.0266368731667548E+000
  1.0267603325760575E+000  1.0268221267303927E+000  1.0268221267303992E+000  1.0267603325760994E+000  1.0266368731668221E+000
  1.0264519960253731E+000  1.0262060676590672E+000  1.0258995732737488E+000  1.0255331160397427E+000  1.0251074173895895E+000
  1.0246233164881260E+000  1.0240817696070850E+000  1.0234838501322239E+000  1.0228307478791721E+000  1.0221237684708191E+000
  1.0213643326603095E+000  1.0205539755680271E+000  1.0196943470065589E+000  1.0187872093902515E+000  1.0178344354878259E+000
  1.0168380092854528E+000  1.0158000225886452E+000  1.0147226746463887E+000  1.0136082701827254E+000  1.0124592167762156E+000
  1.0112780194891826E+000  1.0100672794663688E+000  1.0088296994393822E+000  1.0075680643420593E+000  1.0062852611796869E+000
  1.0049842440055055E+000  1.0036680710976043E+000  1.0023398460777895E+000  1.0005072866090630E+000  9.9983187711501520E-001
  9.9831501215829332E-001  9.9697081973576185E-001  9.9563076566284914E-001  9.9429820810296743E-001  9.9297650869633269E-001
  9.9166902782817656E-001  9.9037911030727654E-001  9.8911007778016324E-001  9.8786521786680659E-001  9.8664777453770158E-001
  9.8546093640132360E-001  9.8430782754692492E-001  9.8319149685866014E-001  9.8211490828799464E-001  9.8108093180526124E-001
  9.8009233474702329E-001  9.7915177222623806E-001  9.7826177989827723E-001  9.7742476455212102E-001  9.7664299624180562E-001
  9.7591860104770300E-001  9.7525355427078153E-001  9.7464967313522921E-001  9.7410861308817542E-001  9.7363186021230885E-001
  9.7322072808752691E-001  9.7287635254693039E-001  9.7259968784794415E-001  9.7239150439716360E-001  9.7225238497232280E-001
  9.7218272376594506E-001  9.7218272376592652E-001  9.7225238497225430E-001  9.7239150439707644E-001  9.7259968784784279E-001
  9.7287635254680049E-001  9.7322072808736548E-001  9.7363186021210657E-001  9.7410861308788310E-001  9.7464967313493167E-001
  9.7525355427044091E-001  9.7591860104736539E-001  9.7664299624152329E-001  9.7742476455176586E-001  9.7826177989800489E-001
  9.7915177222595196E-001  9.8009233474672730E-001  9.8108093180500877E-001  9.8211490828775361E-001  9.8319149685845164E-001
  9.8430782754681323E-001  9.8546093640125598E-001  9.8664777453767993E-001  9.8786521786683712E-001  9.8911007778023996E-001
  9.9037911030739245E-001  9.9166902782830679E-001  9.9297650869649612E-001  9.9429820810317360E-001  9.9563076566307540E-001
  9.9697081973603308E-001  9.9831501215859586E-001  9.9983187711538324E-001
BLOCK 22   3.4236051383940329E+000
  1.0005347316134727E+000  1.0024324069825514E+000  1.0037988301315568E+000  1.0051525217813297E+000  1.0064902955218327E+000
  1.0078090152837220E+000  1.0091056564399612E+000  1.0103772656704144E+000  1.0116209984318505E+000  1.0128340979573618E+000
  1.0140139159515353E+000  1.0151578979275349E+000  1.0162635973762930E+000  1.0173286746707491E+000  1.0183508985688960E+000
  1.0193281490823609E+000  1.0202584182572298E+000  1.0211398117212991E+000  1.0219705494584299E+000  1.0227489661258771E+000
  1.0234735125601866E+000  1.0241427553812836E+000  1.0247553779409022E+000  1.0253101815397112E+000  1.0258060853442972E+000
  1.0262421263620152E+000  1.0266174596719440E+000  1.0269313588480546E+000  1.0271832164623111E+000  1.0273725440388495E+000
  1.0274989724701862E+000  1.0275622520956247E+000  1.0275622520956291E+000  1.0274989724702075E+000  1.0273725440389092E+000
  1.0271832164623995E+000  1.0269313588481717E+000  1.0266174596720916E+000  1.0262421263622001E+000  1.0258060853445050E+000
  1.0253101815399170E+000  1.0247553779411036E+000  1.0241427553814986E+000  1.0234735125603980E+000  1.0227489661260611E+000
  1.0219705494585807E+000  1.0211398117214630E+000  1.0202584182573984E+000  1.0193281490824870E+000  1.0183508985689640E+000
  1.0173286746708226E+000  1.0162635973763261E+000  1.0151578979275593E+000  1.0140139159515860E+000  1.0128340979573249E+000
  1.0116209984317734E+000  1.0103772656703027E+000  1.0091056564398078E+000  1.0078090152835324E+000  1.0064902955215795E+000
  1.0051525217811039E+000  1.0037988301313070E+000  1.0024324069823027E+000  1.0005347316133881E+000  9.9983976968183996E-001
  9.9828984411775168E-001  9.9690569797171302E-001  9.9552550882347335E-001  9.9415274644875351E-001  9.9279088704954976E-001
  9.9144340645878704E-001  9.9011376647968619E-001  9.8880540680098084E-001  9.8752173414051259E-001  9.8626611177369139E-001
  9.8504184813073692E-001  9.8385218690939347E-001  9.8270029521999935E-001  9.8158925350803206E-001  9.8052204525236142E-001
  9.7950154697535052E-001  9.7853051881700082E-001  9.7761159666219877E-001  9.7674728261638555E-001  9.7593993791222367E-001
  9.7519177528246148E-001  9.7450485069583881E-001  9.7388105717866957E-001  9.7332211800105561E-001  9.7282958107087714E-001
  9.7240481423737235E-001  9.7204900080520318E-001  9.7176313536969383E-001  9.7154802138656371E-001  9.7140426674824876E-001
  9.7133228328196330E-001  9.7133228328195054E-001  9.7140426674823643E-001  9.7154802138649710E-001  9.7176313536957515E-001
  9.7204900080503376E-001  9.7240481423713565E-001  9.7282958107063144E-001  9.7332211800079094E-001  9.7388105717838991E-001
  9.7450485069549198E-001  9.7519177528208845E-001  9.7593993791183753E-001  9.7674728261603450E-001  9.7761159666183550E-001
  9.7853051881667752E-001  9.7950154697504110E-001  9.8052204525211939E-001  9.8158925350783721E-001  9.8270029521980085E-001
  9.8385218690924936E-001  9.8504184813064266E-001  9.8626611177363832E-001  9.8752173414055022E-001  9.8880540680106588E-001
  9.9011376647980787E-001  9.9144340645896156E-001  9.9279088704976537E-001  9.9415274644901364E-001  9.9552550882375535E-001
  9.9690569797196116E-001  9.9828984411800359E-001  9.9983976968223653E-001
BLOCK 23   3.5866339545080348E+000
  1.0005636803907532E+000  1.0025302133009402E+000  1.0039371531713692E+000  1.0053306374360877E+000  1.0067073915362499E+000
  1.0080641974632754E+000  1.0093979568403770E+000  1.0107056474662011E+000  1.0119843626422393E+000  1.0132312878956748E+000
  1.0144437233807553E+000  1.0156190680062425E+000  1.0167548321747066E+000  1.0178486378810929E+000  1.0188982202700834E+000
  1.0199014292889774E+000  1.0208562313649496E+000  1.0217607089012795E+000  1.0226130616465972E+000  1.0234116073399966E+000
  1.0241547818600256E+000  1.0248411396006327E+000  1.0254693532726633E+000  1.0260382146273725E+000  1.0265466341045386E+000
  1.0269936411319671E+000  1.0273783850256399E+000  1.0277001348487591E+000  1.0279582790352415E+000  1.0281523255281326E+000
  1.0282819021578320E+000  1.0283467568798794E+000  1.0283467568798974E+000  1.0282819021578797E+000  1.0281523255282168E+000
  1.0279582790353494E+000  1.0277001348488988E+000  1.0273783850257965E+000  1.0269936411321474E+000  1.0265466341047493E+000
  1.0260382146275864E+000  1.0254693532728716E+000  1.0248411396008374E+000  1.0241547818602585E+000  1.0234116073402295E+000
  1.0226130616467963E+000  1.0217607089014553E+000  1.0208562313651173E+000  1.0199014292891118E+000  1.0188982202702059E+000
  1.0178486378812217E+000  1.0167548321747548E+000  1.0156190680062769E+000  1.0144437233807493E+000  1.0132312878956307E+000
  1.0119843626421261E+000  1.0107056474660192E+000  1.0093979568401468E+000  1.0080641974630780E+000  1.0067073915359621E+000
  1.0053306374357731E+000  1.0039371531710828E+000  1.0025302133006411E+000  1.0005636803906679E+000  9.9984794702355684E-001
  9.9826275956840438E-001  9.9683622831164698E-001  9.9541346308198275E-001  9.9399805303038036E-001  9.9259359656262425E-001
  9.9120369325144442E-001  9.8983192996467317E-001  9.8848187221607586E-001  9.8715705243723573E-001  9.8586095915725425E-001
  9.8459702634182145E-001  9.8336862206601572E-001  9.8217903706257514E-001  9.8103147367760246E-001  9.7992903535111742E-001
  9.7887471500944767E-001  9.7787138620160519E-001  9.7692179251441813E-001  9.7602853873646811E-001  9.7519408262319884E-001
  9.7442072718938355E-001  9.7371061271614812E-001  9.7306571103269612E-001  9.7248781760425596E-001  9.7197854657545157E-001
  9.7153932440020108E-001  9.7117138493934529E-001  9.7087576601537118E-001  9.7065330488535573E-001  9.7050463672874532E-001
  9.7043019125626917E-001  9.7043019125623342E-001  9.7050463672865583E-001  9.7065330488521295E-001  9.7087576601521741E-001
  9.7117138493918598E-001  9.7153932439998258E-001  9.7197854657515359E-001  9.7248781760395586E-001  9.7306571103233908E-001
  9.7371061271579706E-001  9.7442072718901551E-001  9.7519408262279594E-001  9.7602853873610285E-001  9.7692179251390154E-001
  9.7787138620122849E-001  9.7887471500912271E-001  9.7992903535083264E-001  9.8103147367737686E-001  9.8217903706239484E-001
  9.8336862206589082E-001  9.8459702634175661E-001  9.8586095915721039E-001  9.8715705243723828E-001  9.8848187221616035E-001
  9.8983192996481162E-001  9.9120369325163904E-001  9.9259359656281287E-001  9.9399805303063926E-001  9.9541346308232348E-001
  9.9683622831188146E-001  9.9826275956867472E-001  9.9984794702399726E-001
BLOCK 24   3.7496627706220367E+000
  1.0005941474673921E+000  1.0026333490732395E+000  1.0040831898084397E+000  1.0055188071080314E+000  1.0069368337594118E+000
  1.0083339649487977E+000  1.0097070232418668E+000  1.0110529134261244E+000  1.0123686635501374E+000  1.0136513979261397E+000
  1.0148983639743590E+000  1.0161069094834916E+000  1.0172745013876501E+000  1.0183987210608851E+000  1.0194772687369253E+000
  1.0205079623225619E+000  1.0214887396804906E+000  1.0224176585708993E+000  1.0232928971254593E+000  1.0241127550628857E+000
  1.0248756521291102E+000  1.0255801288322470E+000  1.0262248463867203E+000  1.0268085868408556E+000  1.0273302527479384E+000
  1.0277888667471791E+000  1.0281835720319374E+000  1.0285136320487140E+000  1.0287784303423746E+000  1.0289774711915114E+000
  1.0291103796572951E+000  1.0291769013479644E+000  1.0291769013479910E+000  1.0291103796573644E+000  1.0289774711916113E+000
  1.0287784303425065E+000  1.0285136320488821E+000  1.0281835720321153E+000  1.0277888667473465E+000  1.0273302527481245E+000
  1.0268085868410788E+000  1.0262248463869663E+000  1.0255801288324802E+000  1.0248756521293438E+000  1.0241127550631184E+000
  1.0232928971256821E+000  1.0224176585711262E+000  1.0214887396807124E+000  1.0205079623227302E+000  1.0194772687370892E+000
  1.0183987210610186E+000  1.0172745013877260E+000  1.0161069094834929E+000  1.0148983639742839E+000  1.0136513979260400E+000
  1.0123686635500140E+000  1.0110529134259343E+000  1.0097070232416803E+000  1.0083339649485381E+000  1.0069368337591742E+000
  1.0055188071076953E+000  1.0040831898081124E+000  1.0026333490729202E+000  1.0005941474672624E+000  9.9985637405656813E-001
  9.9823364597717090E-001  9.9676223091545491E-001  9.9529437987918001E-001  9.9383380898296503E-001  9.9238424684835258E-001
  9.9094942504756600E-001  9.8953306326557355E-001  9.8813886084664293E-001  9.8677048350009222E-001  9.8543155330878185E-001
  9.8412563672902997E-001  9.8285623293671287E-001  9.8162676168619400E-001  9.8044055303079836E-001  9.7930083506973176E-001
  9.7821072334052606E-001  9.7717321000163104E-001  9.7619115323988859E-001  9.7526726742343495E-001  9.7440411443615138E-001
  9.7360409414077731E-001  9.7286943754348876E-001  9.7220219877332625E-001  9.7160424910990262E-001  9.7107727076421391E-001
  9.7062275127132769E-001  9.7024197843625248E-001  9.6993603599337197E-001  9.6970579872605389E-001  9.6955193022746289E-001
  9.6947487941087063E-001  9.6947487941087085E-001  9.6955193022740294E-001  9.6970579872590690E-001  9.6993603599315259E-001
  9.7024197843600579E-001  9.7062275127103759E-001  9.7107727076391204E-001  9.7160424910959287E-001  9.7220219877296277E-001
  9.7286943754308453E-001  9.7360409414031757E-001  9.7440411443573860E-001  9.7526726742301140E-001  9.7619115323951244E-001
  9.7717321000123913E-001  9.7821072334021930E-001  9.7930083506937315E-001  9.8044055303048117E-001  9.8162676168598229E-001
  9.8285623293657221E-001  9.8412563672897813E-001  9.8543155330879117E-001  9.8677048350011543E-001  9.8813886084671421E-001
  9.8953306326575097E-001  9.9094942504774497E-001  9.9238424684851623E-001  9.9383380898321061E-001  9.9529437987943103E-001
  9.9676223091579053E-001  9.9823364597749775E-001  9.9985637405706973E-001
BLOCK 25   3.9126915867360386E+000
  1.0006261441733708E+000  1.0027418986414565E+000  1.0042370975610673E+000  1.0057172612218785E+000  1.0071789243395288E+000
  1.0086186903440673E+000  1.0100332978353419E+000  1.0114195742454901E+000  1.0127744787448174E+000  1.0140950750559496E+000
  1.0153785461925804E+000  1.0166221901261892E+000  1.0178234283275087E+000  1.0189797998294932E+000  1.0200889671844779E+000
  1.0211487153455205E+000  1.0221569522472693E+000  1.0231117098561902E+000  1.0240111432552050E+000  1.0248535318581073E+000
  1.0256372782766692E+000  1.0263609084317831E+000  1.0270230717234425E+000  1.0276225398201151E+000  1.0281582064908417E+000
  1.0286290871594852E+000  1.0290343189457314E+000  1.0293731602571823E+000  1.0296449903842497E+000  1.0298493098191215E+000
  1.0299857401819541E+000  1.0300540240422531E+000  1.0300540240422795E+000  1.0299857401820256E+000  1.0298493098192170E+000
  1.0296449903843685E+000  1.0293731602573406E+000  1.0290343189459319E+000  1.0286290871597044E+000  1.0281582064910650E+000
  1.0276225398203471E+000  1.0270230717236764E+000  1.0263609084320200E+000  1.0256372782769325E+000  1.0248535318583829E+000
  1.0240111432554648E+000  1.0231117098564588E+000  1.0221569522475260E+000  1.0211487153457286E+000  1.0200889671846289E+000
  1.0189797998295713E+000  1.0178234283275638E+000  1.0166221901261883E+000  1.0153785461925295E+000  1.0140950750558648E+000
  1.0127744787446737E+000  1.0114195742453078E+000  1.0100332978350988E+000  1.0086186903438183E+000  1.0071789243392544E+000
  1.0057172612215541E+000  1.0042370975606869E+000  1.0027418986410741E+000  1.0006261441732220E+000  9.9986500707252335E-001
  9.9820237440707971E-001  9.9668350642457304E-001  9.9516798839079379E-001  9.9365967066424277E-001  9.9216242019839795E-001
  9.9068010846075927E-001  9.8921659652116911E-001  9.8777572542503700E-001  9.8636130297813762E-001  9.8497709269129730E-001
  9.8362680145234582E-001  9.8231406689782863E-001  9.8104244565322940E-001  9.7981540190098959E-001  9.7863629482805525E-001
  9.7750836770168137E-001  9.7643473641722944E-001  9.7541837881666804E-001  9.7446212456021097E-001  9.7356864492608297E-001
  9.7274044349545374E-001  9.7197984791468162E-001  9.7128900145669339E-001  9.7066985660578342E-001  9.7012416809242974E-001
  9.6965348715095123E-001  9.6925915709480381E-001  9.6894230803128178E-001  9.6870385409448767E-001  9.6854448899106449E-001
  9.6846468391736507E-001  9.6846468391733109E-001  9.6854448899094792E-001  9.6870385409430615E-001  9.6894230803108428E-001
  9.6925915709456001E-001  9.6965348715062316E-001  9.7012416809204227E-001  9.7066985660534266E-001  9.7128900145628305E-001
  9.7197984791423697E-001  9.7274044349504118E-001  9.7356864492568262E-001  9.7446212455977987E-001  9.7541837881626048E-001
  9.7643473641679845E-001  9.7750836770131289E-001  9.7863629482775727E-001  9.7981540190072203E-001  9.8104244565304322E-001
  9.8231406689763134E-001  9.8362680145219805E-001  9.8497709269129907E-001  9.8636130297817193E-001  9.8777572542510905E-001
  9.8921659652132410E-001  9.9068010846090604E-001  9.9216242019861778E-001  9.9365967066449934E-001  9.9516798839110754E-001
  9.9668350642490766E-001  9.9820237440744752E-001  9.9986500707306825E-001
BLOCK 26   4.0757204028500400E+000
  1.0006596828768806E+000  1.0028559528507222E+000  1.0043990437052501E+000  1.0059262424741464E+000  1.0074339802411671E+000
  1.0089187642082893E+000  1.0103772451277857E+000  1.0118061687089281E+000  1.0132024197378526E+000  1.0145629933998932E+000
  1.0158850123947152E+000  1.0171657179407816E+000  1.0184024817680295E+000  1.0195927987953419E+000  1.0207342923389844E+000
  1.0218247135374008E+000  1.0228619392729148E+000  1.0238439739222913E+000  1.0247689489430321E+000  1.0256351226644032E+000
  1.0264408799348552E+000  1.0271847310885818E+000  1.0278653121662633E+000  1.0284813835176205E+000  1.0290318295726903E+000
  1.0295156584466361E+000  1.0299320010228914E+000  1.0302801104303398E+000  1.0305593615752064E+000  1.0307692510890716E+000
  1.0309093972940979E+000  1.0309795401531392E+000  1.0309795401531441E+000  1.0309093972941392E+000  1.0307692510891695E+000
  1.0305593615753470E+000  1.0302801104305048E+000  1.0299320010230846E+000  1.0295156584468532E+000  1.0290318295729333E+000
  1.0284813835178945E+000  1.0278653121665464E+000  1.0271847310888742E+000  1.0264408799351714E+000  1.0256351226647200E+000
  1.0247689489433174E+000  1.0238439739225467E+000  1.0228619392731333E+000  1.0218247135376031E+000  1.0207342923391358E+000
  1.0195927987954478E+000  1.0184024817681006E+000  1.0171657179407931E+000  1.0158850123946668E+000  1.0145629933997944E+000
  1.0132024197377234E+000  1.0118061687087576E+000  1.0103772451275339E+000  1.0089187642080000E+000  1.0074339802408143E+000
  1.0059262424737681E+000  1.0043990437048667E+000  1.0028559528503076E+000  1.0006596828767529E+000  9.9987379700779189E-001
  9.9816880087607762E-001  9.9659983261838891E-001  9.9503398923993291E-001  9.9347526254455998E-001  9.9192766439131308E-001
  9.9039521377894335E-001  9.8888192107751771E-001  9.8739177791651223E-001  9.8592874298907240E-001  9.8449673000859561E-001
  9.8309959443472061E-001  9.8174112089894583E-001  9.8042501079143407E-001  9.7915486961750808E-001  9.7793419482350630E-001
  9.7676636380370252E-001  9.7565462245987378E-001  9.7460207393287701E-001  9.7361166792524523E-001  9.7268618982439159E-001
  9.7182825191738109E-001  9.7104028332127723E-001  9.7032452192718754E-001  9.6968300635382154E-001  9.6911756898714752E-001
  9.6862983008609849E-001  9.6822119244590799E-001  9.6789283645839908E-001  9.6764571639602404E-001  9.6748055642942443E-001
  9.6739784835216525E-001  9.6739784835215115E-001  9.6748055642933484E-001  9.6764571639583918E-001  9.6789283645814295E-001
  9.6822119244556637E-001  9.6862983008571624E-001  9.6911756898673129E-001  9.6968300635339921E-001  9.7032452192675411E-001
  9.7104028332078607E-001  9.7182825191689959E-001  9.7268618982388944E-001  9.7361166792480469E-001  9.7460207393246456E-001
  9.7565462245952639E-001  9.7676636380332782E-001  9.7793419482317501E-001  9.7915486961722986E-001  9.8042501079122946E-001
  9.8174112089877796E-001  9.8309959443458406E-001  9.8449673000854288E-001  9.8592874298904443E-001  9.8739177791652932E-001
  9.8888192107760919E-001  9.9039521377915829E-001  9.9192766439157409E-001  9.9347526254487373E-001  9.9503398924029030E-001
  9.9659983261876106E-001  9.9816880087648430E-001  9.9987379700839996E-001
BLOCK 27   4.2387492189640419E+000
  1.0013690568746401E+000  1.0029755950291515E+000  1.0045691879314709E+000  1.0061459964011221E+000  1.0077023314358395E+000
  1.0092345994486458E+000  1.0107393563024478E+000  1.0122132622536997E+000  1.0136531228684313E+000  1.0150558633817677E+000
  1.0164185395445986E+000  1.0177383347653410E+000  1.0190125671107888E+000  1.0202386854553733E+000  1.0214142710469813E+000
  1.0225370378403542E+000  1.0236048306090657E+000  1.0246156256561807E+000  1.0255675308512040E+000  1.0264587830241880E+000
  1.0272877479794249E+000  1.0280529198076156E+000  1.0287529205310355E+000  1.0293864989246573E+000  1.0299525294977336E+000
  1.0304500119900526E+000  1.0308780700396982E+000  1.0312359508694457E+000  1.0315230250564991E+000  1.0317387858667260E+000
  1.0318828487564835E+000  1.0319549511937729E+000  1.0319549511937913E+000  1.0318828487565468E+000  1.0317387858668319E+000
  1.0315230250566292E+000  1.0312359508695983E+000  1.0308780700398996E+000  1.0304500119902960E+000  1.0299525294980096E+000
  1.0293864989249817E+000  1.0287529205313801E+000  1.0280529198079618E+000  1.0272877479797553E+000  1.0264587830244964E+000
  1.0255675308514971E+000  1.0246156256564425E+000  1.0236048306092935E+000  1.0225370378405565E+000  1.0214142710471301E+000
  1.0202386854554844E+000  1.0190125671108643E+000  1.0177383347653830E+000  1.0164185395445793E+000  1.0150558633816726E+000
  1.0136531228682828E+000  1.0122132622534694E+000  1.0107393563021780E+000  1.0092345994483307E+000  1.0077023314354976E+000
  1.0061459964007429E+000  1.0045691879310443E+000  1.0029755950287043E+000  1.0013690568741711E+000  9.9988272458625826E-001
  9.9813281002322740E-001  9.9651094617782610E-001  9.9489202808750532E-001  9.9328015814430037E-001  9.9167947755479058E-001
  9.9009416062777367E-001  9.8852837762701784E-001  9.8698627970292352E-001  9.8547198488767540E-001  9.8398956581266472E-001
  9.8254303557922018E-001  9.8113633513746779E-001  9.7977331890767705E-001  9.7845774204059788E-001  9.7719324778255479E-001
  9.7598335512495338E-001  9.7483144659320720E-001  9.7374075701665641E-001  9.7271436140894951E-001  9.7175516486383096E-001
  9.7086589229605946E-001  9.7004907867247403E-001  9.6930706036861403E-001  9.6864196690449089E-001  9.6805571335653529E-001
  9.6754999372116834E-001  9.6712627408699436E-001  9.6678578821530869E-001  9.6652953249022278E-001  9.6635826356113952E-001
  9.6627249494748202E-001  9.6627249494743728E-001  9.6635826356098253E-001  9.6652953248998508E-001  9.6678578821501593E-001
  9.6712627408666696E-001  9.6754999372078998E-001  9.6805571335609220E-001  9.6864196690401050E-001  9.6930706036806202E-001
  9.7004907867196799E-001  9.7086589229556930E-001  9.7175516486335822E-001  9.7271436140844636E-001  9.7374075701618701E-001
  9.7483144659281740E-001  9.7598335512461121E-001  9.7719324778222183E-001  9.7845774204035219E-001  9.7977331890742725E-001
  9.8113633513725151E-001  9.8254303557906475E-001  9.8398956581255392E-001  9.8547198488768228E-001  9.8698627970296537E-001
  9.8852837762713164E-001  9.9009416062798472E-001  9.9167947755502805E-001  9.9328015814460391E-001  9.9489202808788024E-001
  9.9651094617824842E-001  9.9813281002369070E-001  9.9988272458693250E-001
BLOCK 28   4.4017780350780438E+000
  1.0014404973714441E+000  1.0031010521292760E+000  1.0047477920152350E+000  1.0063768132572850E+000  1.0079843005004274E+000
  1.0095665884113751E+000  1.0111201170473065E+000  1.0126414307415588E+000  1.0141272520463049E+000  1.0155744249803011E+000
  1.0169799412674188E+000  1.0183409234505862E+000  1.0196546338850805E+000  1.0209184718068263E+000  1.0221299748765909E+000
  1.0232868176965544E+000  1.0243868116480419E+000  1.0254279032501166E+000  1.0264081744587810E+000  1.0273258399636480E+000
  1.0281792467281079E+000  1.0289668733455108E+000  1.0296873277008010E+000  1.0303393458763530E+000  1.0309217914414073E+000
  1.0314336551289580E+000  1.0318740534526152E+000  1.0322422277055701E+000  1.0325375435101753E+000  1.0327594899477557E+000
  1.0329076791315424E+000  1.0329818460091644E+000  1.0329818460091795E+000  1.0329076791315950E+000  1.0327594899478525E+000
  1.0325375435103150E+000  1.0322422277057612E+000  1.0318740534528752E+000  1.0314336551292518E+000  1.0309217914417133E+000
  1.0303393458766827E+000  1.0296873277011456E+000  1.0289668733458677E+000  1.0281792467284558E+000  1.0273258399639782E+000
  1.0264081744591018E+000  1.0254279032503919E+000  1.0243868116482853E+000  1.0232868176967691E+000  1.0221299748767749E+000
  1.0209184718069593E+000  1.0196546338851498E+000  1.0183409234506007E+000  1.0169799412673663E+000  1.0155744249801995E+000
  1.0141272520461524E+000  1.0126414307413492E+000  1.0111201170470396E+000  1.0095665884110478E+000  1.0079843005000604E+000
  1.0063768132568687E+000  1.0047477920147629E+000  1.0031010521287733E+000  1.0014404973709146E+000  9.9989169300015879E-001
  9.9809424008196035E-001  9.9641669167240876E-001  9.9474180702238590E-001  9.9307389514571698E-001  9.9141725868963038E-001
  9.8977625915081024E-001  9.8815521972908849E-001  9.8655842316614517E-001  9.8499014667850315E-001  9.8345463787961152E-001
  9.8195608209815310E-001  9.8049858632146725E-001  9.7908616692975892E-001  9.7772273766661877E-001  9.7641209650451422E-001
  9.7515791198635016E-001  9.7396371053422726E-001  9.7283286461535534E-001  9.7176858087101714E-001  9.7077388971637901E-001
  9.6985163429161192E-001  9.6900446064078327E-001  9.6823480807826567E-001  9.6754490045670727E-001  9.6693673818050274E-001
  9.6641209073225687E-001  9.6597249062622792E-001  9.6561922810269907E-001  9.6535334648047311E-001  9.6517563866407485E-001
  9.6508664364522434E-001  9.6508664364518248E-001  9.6517563866395906E-001  9.6535334648027449E-001  9.6561922810239231E-001
  9.6597249062583879E-001  9.6641209073177925E-001  9.6693673818002579E-001  9.6754490045621633E-001  9.6823480807773410E-001
  9.6900446064022816E-001  9.6985163429105936E-001  9.7077388971586176E-001  9.7176858087049944E-001  9.7283286461488994E-001
  9.7396371053381148E-001  9.7515791198581747E-001  9.7641209650412009E-001  9.7772273766629847E-001  9.7908616692949912E-001
  9.8049858632126696E-001  9.8195608209802654E-001  9.8345463787953458E-001  9.8499014667849527E-001  9.8655842316619657E-001
  9.8815521972920606E-001  9.8977625915100131E-001  9.9141725868990227E-001  9.9307389514603317E-001  9.9474180702277015E-001
  9.9641669167284896E-001  9.9809424008242609E-001  9.9989169300090441E-001
BLOCK 29   4.5648068511920457E+000
  1.0015148711432615E+000  1.0032323024424843E+000  1.0049350366210512E+000  1.0066190523716767E+000  1.0082804069568818E+000
  1.0099153035440147E+000  1.0115201037247246E+000  1.0130912721879839E+000  1.0146254597338973E+000  1.0161194257745116E+000
  1.0175700609992790E+000  1.0189744102653369E+000  1.0203296798711321E+000  1.0216332218903244E+000  1.0228825307546363E+000
  1.0240752401840814E+000  1.0252091257365414E+000  1.0262821030025044E+000  1.0272922268150548E+000  1.0282376890739899E+000
  1.0291168167395299E+000  1.0299280712266194E+000  1.0306700458793536E+000  1.0313414648030552E+000  1.0319411818714157E+000
  1.0324681789591605E+000  1.0329215646273762E+000  1.0333005732465372E+000  1.0336045647331105E+000  1.0338330235254025E+000
  1.0339855577838533E+000  1.0340618989840251E+000  1.0340618989840489E+000  1.0339855577839336E+000  1.0338330235255475E+000
  1.0336045647333041E+000  1.0333005732467686E+000  1.0329215646276484E+000  1.0324681789594639E+000  1.0319411818717492E+000
  1.0313414648034154E+000  1.0306700458797153E+000  1.0299280712269778E+000  1.0291168167398770E+000  1.0282376890743317E+000
  1.0272922268153988E+000  1.0262821030028282E+000  1.0252091257368281E+000  1.0240752401843185E+000  1.0228825307548195E+000
  1.0216332218904407E+000  1.0203296798712000E+000  1.0189744102653495E+000  1.0175700609992355E+000  1.0161194257744097E+000
  1.0146254597337332E+000  1.0130912721877752E+000  1.0115201037244383E+000  1.0099153035436619E+000  1.0082804069564646E+000
  1.0066190523712133E+000  1.0049350366205647E+000  1.0032323024419605E+000  1.0015148711427173E+000  9.9990062651322265E-001
  9.9805284538829486E-001  9.9631671081690465E-001  9.9458297197423484E-001  9.9285610158573967E-001  9.9114059251534459E-001
  9.8944094793213422E-001  9.8776169078984244E-001  9.8610729200687808E-001  9.8448221532205438E-001  9.8289088155969573E-001
  9.8133761945389131E-001  9.7982669060562533E-001  9.7836228959418770E-001  9.7694850909434716E-001  9.7558931402011251E-001
  9.7428853021733985E-001  9.7304983542899592E-001  9.7187674768486720E-001  9.7077261316221741E-001  9.6974059372308297E-001
  9.6878365595346438E-001  9.6790456081774801E-001  9.6710585392376536E-001  9.6638985663128996E-001  9.6575865789003079E-001
  9.6521410653734718E-001  9.6475780543785405E-001  9.6439110494613633E-001  9.6411509842375442E-001  9.6393061734504193E-001
  9.6383822817744069E-001  9.6383822817736753E-001  9.6393061734488272E-001  9.6411509842351173E-001  9.6439110494584046E-001
  9.6475780543747947E-001  9.6521410653688533E-001  9.6575865788951554E-001  9.6638985663073440E-001  9.6710585392320281E-001
  9.6790456081714960E-001  9.6878365595291083E-001  9.6974059372253396E-001  9.7077261316166341E-001  9.7187674768432952E-001
  9.7304983542849455E-001  9.7428853021686246E-001  9.7558931401971360E-001  9.7694850909400743E-001  9.7836228959391969E-001
  9.7982669060540029E-001  9.8133761945373688E-001  9.8289088155964599E-001  9.8448221532204883E-001  9.8610729200696967E-001
  9.8776169078998965E-001  9.8944094793233706E-001  9.9114059251562880E-001  9.9285610158607429E-001  9.9458297197462786E-001
  9.9631671081737372E-001  9.9805284538879024E-001  9.9990062651404110E-001
BLOCK 30   4.7278356673060475E+000
  1.0015922020458397E+000  1.0033694369701405E+000  1.0051310735084642E+000  1.0068729334497575E+000  1.0085909548702079E+000
  1.0102812151003950E+000  1.0119399630118622E+000  1.0135635745939380E+000  1.0151485951377255E+000  1.0166917107112030E+000
  1.0181897501245929E+000  1.0196397013066025E+000  1.0210387058722585E+000  1.0223840364906065E+000  1.0236731220810402E+000
  1.0249035549685974E+000  1.0260730810478869E+000  1.0271795883301122E+000  1.0282211038528204E+000  1.0291957947542070E+000
  1.0301019671075728E+000  1.0309380646065782E+000  1.0317026660680362E+000  1.0323944831806096E+000  1.0330123593577178E+000
  1.0335552673602779E+000  1.0340223081797508E+000  1.0344127097617257E+000  1.0347258258036041E+000  1.0349611347860155E+000
  1.0351182397518819E+000  1.0351968681826298E+000  1.0351968681826695E+000  1.0351182397519956E+000  1.0349611347861951E+000
  1.0347258258038288E+000  1.0344127097619953E+000  1.0340223081800548E+000  1.0335552673606034E+000  1.0330123593580649E+000
  1.0323944831809666E+000  1.0317026660684059E+000  1.0309380646069684E+000  1.0301019671079699E+000  1.0291957947545920E+000
  1.0282211038531763E+000  1.0271795883304351E+000  1.0260730810481713E+000  1.0249035549688488E+000  1.0236731220812436E+000
  1.0223840364907488E+000  1.0210387058723445E+000  1.0196397013066278E+000  1.0181897501245556E+000  1.0166917107110860E+000
  1.0151485951375319E+000  1.0135635745936749E+000  1.0119399630115411E+000  1.0102812151000211E+000  1.0085909548697807E+000
  1.0068729334492872E+000  1.0051310735079595E+000  1.0033694369695962E+000  1.0015922020452708E+000  9.9990945856840807E-001
  9.9800843763755775E-001  9.9621069034465093E-001  9.9441508016072133E-001  9.9262622844396209E-001  9.9084882206899583E-001
  9.8908754087706852E-001  9.8734707930368037E-001  9.8563211624057889E-001  9.8394728542491094E-001  9.8229719917487612E-001
  9.8068638405267039E-001  9.7911928893876654E-001  9.7760028646847441E-001  9.7613362083903987E-001  9.7472340505550092E-001
  9.7337363535625787E-001  9.7208816629510975E-001  9.7087067842792363E-001  9.6972466363604171E-001  9.6865341886805478E-001
  9.6766003846563242E-001  9.6674740352826405E-001  9.6591817105572741E-001  9.6517476478990671E-001  9.6451936652495118E-001
  9.6395390874450260E-001  9.6348006749840909E-001  9.6309925593696022E-001  9.6281261864823875E-001  9.6262102687568574E-001
  9.6252507472440063E-001  9.6252507472436910E-001  9.6262102687554829E-001  9.6281261864799417E-001  9.6309925593662304E-001
  9.6348006749798865E-001  9.6395390874405462E-001  9.6451936652443271E-001  9.6517476478937247E-001  9.6591817105514255E-001
  9.6674740352763644E-001  9.6766003846499904E-001  9.6865341886741485E-001  9.6972466363540888E-001  9.7087067842734343E-001
  9.7208816629456363E-001  9.7337363535576493E-001  9.7472340505505661E-001  9.7613362083865862E-001  9.7760028646816333E-001
  9.7911928893852662E-001  9.8068638405253394E-001  9.8229719917481850E-001  9.8394728542491960E-001  9.8563211624066149E-001
  9.8734707930385746E-001  9.8908754087731621E-001  9.9084882206931646E-001  9.9262622844434656E-001  9.9441508016114888E-001
  9.9621069034512444E-001  9.9800843763807934E-001  9.9990945856929492E-001
BLOCK 31   4.8908644834200494E+000
  1.0016724816356211E+000  1.0035125752391876E+000  1.0053361039522766E+000  1.0071387622188268E+000  1.0089163325273034E+000
  1.0106647847092074E+000  1.0123802376497033E+000  1.0140589714158776E+000  1.0156974312399216E+000  1.0172922099093533E+000
  1.0188400656565744E+000  1.0203379089711433E+000  1.0217828210679352E+000  1.0231720263969564E+000  1.0245029106505525E+000
  1.0257730178549509E+000  1.0269800336784514E+000  1.0281217947118604E+000  1.0291962991304759E+000  1.0302016986344451E+000
  1.0311362850902599E+000  1.0319984852268003E+000  1.0327868616343863E+000  1.0335001122204193E+000  1.0341370690683458E+000
  1.0346966954466490E+000  1.0351780840814542E+000  1.0355804557729351E+000  1.0359031577745306E+000  1.0361456629904633E+000
  1.0363075697409800E+000  1.0363886012527637E+000  1.0363886012527990E+000  1.0363075697410895E+000  1.0361456629906360E+000
  1.0359031577747653E+000  1.0355804557732255E+000  1.0351780840817812E+000  1.0346966954470045E+000  1.0341370690687335E+000
  1.0335001122208249E+000  1.0327868616348017E+000  1.0319984852272159E+000  1.0311362850906669E+000  1.0302016986348366E+000
  1.0291962991308479E+000  1.0281217947122101E+000  1.0269800336787565E+000  1.0257730178552176E+000  1.0245029106507704E+000
  1.0231720263971265E+000  1.0217828210680335E+000  1.0203379089711644E+000  1.0188400656565133E+000  1.0172922099092194E+000
  1.0156974312397160E+000  1.0140589714155963E+000  1.0123802376493616E+000  1.0106647847088073E+000  1.0089163325268482E+000
  1.0071387622183419E+000  1.0053361039517599E+000  1.0035125752386409E+000  1.0016724816350580E+000  9.9991812210832476E-001
  9.9796078888508788E-001  9.9609831542155358E-001  9.9423768671748713E-001  9.9238372556339038E-001  9.9054128507286543E-001
  9.8871525394570914E-001  9.8691050538077574E-001  9.8513191672616651E-001  9.8338432261099118E-001  9.8167251516587950E-001
  9.8000123083159441E-001  9.7837510748379453E-001  9.7679870408739222E-001  9.7527645844325250E-001  9.7381266706832670E-001
  9.7241149920737580E-001  9.7107695982000786E-001  9.6981286715502024E-001  9.6862286510314932E-001  9.6751041336913413E-001
  9.6647875594427679E-001  9.6553090216940318E-001  9.6466962264528144E-001  9.6389744604036387E-001  9.6321665101569698E-001
  9.6262925692119750E-001  9.6213701510868810E-001  9.6174140270608199E-001  9.6144361644530152E-001  9.6124456814818837E-001
  9.6114487997147535E-001  9.6114487997143816E-001  9.6124456814803538E-001  9.6144361644505982E-001  9.6174140270575859E-001
  9.6213701510830363E-001  9.6262925692074641E-001  9.6321665101514786E-001  9.6389744603976790E-001  9.6466962264464329E-001
  9.6553090216875070E-001  9.6647875594359955E-001  9.6751041336845400E-001  9.6862286510247664E-001  9.6981286715438086E-001
  9.7107695981938769E-001  9.7241149920671444E-001  9.7381266706781111E-001  9.7527645844274624E-001  9.7679870408705027E-001
  9.7837510748354972E-001  9.8000123083143320E-001  9.8167251516579401E-001  9.8338432261101050E-001  9.8513191672627487E-001
  9.8691050538098402E-001  9.8871525394599302E-001  9.9054128507320027E-001  9.9238372556380672E-001  9.9423768671796464E-001
  9.9609831542207483E-001  9.9796078888564299E-001  9.9991812210929298E-001
BLOCK 32   5.0538932995340513E+000
  1.0017557128100329E+000  1.0036618133067086E+000  1.0055503463615640E+000  1.0074168473972616E+000  1.0092569597467698E+000
  1.0110665210517291E+000  1.0128415324854416E+000  1.0145781611854956E+000  1.0162727493573729E+000  1.0179217931249351E+000
  1.0195219697746578E+000  1.0210701150988521E+000  1.0225632393175186E+000  1.0239985117890329E+000  1.0253732635546844E+000
  1.0266849927334820E+000  1.0279313484500539E+000  1.0291101360464743E+000  1.0302193194376135E+000  1.0312570066053670E+000
  1.0322214518975732E+000  1.0331110639431129E+000  1.0339244002243848E+000  1.0346601533175404E+000  1.0353171450561316E+000
  1.0358943270073022E+000  1.0363907815461215E+000  1.0368057212785955E+000  1.0371384868755831E+000  1.0373885458908285E+000
  1.0375554923592749E+000  1.0376390457789069E+000  1.0376390457789413E+000  1.0375554923593779E+000  1.0373885458909899E+000
  1.0371384868758096E+000  1.0368057212788906E+000  1.0363907815464679E+000  1.0358943270076968E+000  1.0353171450565670E+000
  1.0346601533179871E+000  1.0339244002248367E+000  1.0331110639435575E+000  1.0322214518980064E+000  1.0312570066057802E+000
  1.0302193194380105E+000  1.0291101360468480E+000  1.0279313484503922E+000  1.0266849927337689E+000  1.0253732635549098E+000
  1.0239985117891952E+000  1.0225632393176030E+000  1.0210701150988664E+000  1.0195219697745939E+000  1.0179217931248019E+000
  1.0162727493571579E+000  1.0145781611852029E+000  1.0128415324850906E+000  1.0110665210513194E+000  1.0092569597463121E+000
  1.0074168473967642E+000  1.0055503463610180E+000  1.0036618133061270E+000  1.0017557128094274E+000  9.9992653219514016E-001
  9.9790967584557289E-001  9.9597922694563046E-001  9.9405033498300766E-001  9.9212800268188372E-001  9.9021729187766816E-001
  9.8832327579282153E-001  9.8645104397912164E-001  9.8460566161448670E-001  9.8279218026734461E-001  9.8101559077174483E-001
  9.7928083133711841E-001  9.7759275089588638E-001  9.7595609502057379E-001  9.7437550275212337E-001  9.7285546259831390E-001
  9.7140032145888833E-001  9.7001426263971446E-001  9.6870127406211770E-001  9.6746515912386843E-001  9.6630951883427829E-001
  9.6523772164652566E-001  9.6425290737713898E-001  9.6335798756869528E-001  9.6255562028677299E-001  9.6184818858129395E-001
  9.6123779569413093E-001  9.6072626589074983E-001  9.6031514038420951E-001  9.6000566978503787E-001  9.5979880742289303E-001
  9.5969520427856714E-001  9.5969520427852428E-001  9.5979880742276458E-001  9.6000566978481361E-001  9.6031514038389232E-001
  9.6072626589034871E-001  9.6123779569362766E-001  9.6184818858072907E-001  9.6255562028614261E-001  9.6335798756803281E-001
  9.6425290737644531E-001  9.6523772164580657E-001  9.6630951883351590E-001  9.6746515912308095E-001  9.6870127406140627E-001
  9.7001426263907753E-001  9.7140032145822497E-001  9.7285546259780298E-001  9.7437550275161178E-001  9.7595609502019087E-001
  9.7759275089560738E-001  9.7928083133686694E-001  9.8101559077164358E-001  9.8279218026738158E-001  9.8460566161462404E-001
  9.8645104397933647E-001  9.8832327579312595E-001  9.9021729187805152E-001  9.9212800268233681E-001  9.9405033498352291E-001
  9.9597922694617103E-001  9.9790967584614754E-001  9.9992653219620153E-001
BLOCK 33   5.2169221156480532E+000
  1.0018418714631458E+000  1.0038172504577321E+000  1.0057740067738981E+000  1.0077075163969882E+000  1.0096132703670710E+000
  1.0114869700407676E+000  1.0133244887597446E+000  1.0151218809575790E+000  1.0168753775444777E+000  1.0185813806045263E+000
  1.0202364750105970E+000  1.0218374198880880E+000  1.0233811490968481E+000  1.0248647708893668E+000  1.0262855612829362E+000
  1.0276409678026726E+000  1.0289285998677660E+000  1.0301462258974079E+000  1.0312917778209161E+000  1.0323633369248082E+000
  1.0333591354186409E+000  1.0342775577571919E+000  1.0351171299970181E+000  1.0358765178658567E+000  1.0365545327449937E+000
  1.0371501273749679E+000  1.0376623840917061E+000  1.0380905094695039E+000  1.0384338355177665E+000  1.0386918220954251E+000
  1.0388640576872872E+000  1.0389502577613752E+000  1.0389502577614107E+000  1.0388640576873931E+000  1.0386918220955956E+000
  1.0384338355180089E+000  1.0380905094698138E+000  1.0376623840920645E+000  1.0371501273753747E+000  1.0365545327454393E+000
  1.0358765178663225E+000  1.0351171299975002E+000  1.0342775577576879E+000  1.0333591354191372E+000  1.0323633369252814E+000
  1.0312917778213511E+000  1.0301462258977951E+000  1.0289285998681079E+000  1.0276409678029563E+000  1.0262855612831634E+000
  1.0248647708895260E+000  1.0233811490969351E+000  1.0218374198880984E+000  1.0202364750105262E+000  1.0185813806043840E+000
  1.0168753775442652E+000  1.0151218809573002E+000  1.0133244887594013E+000  1.0114869700403533E+000  1.0096132703665934E+000
  1.0077075163964537E+000  1.0057740067733218E+000  1.0038172504571281E+000  1.0018418714624946E+000  9.9993460245210475E-001
  9.9785483997364510E-001  9.9585305735203700E-001  9.9385252549583913E-001  9.9185844996346850E-001  9.8987609631101903E-001
  9.8791075097847725E-001  9.8596770984263582E-001  9.8405225994548373E-001  9.8216965698445102E-001  9.8032511665206123E-001
  9.7852377872499052E-001  9.7677070941781763E-001  9.7507085992684339E-001  9.7342906737279700E-001  9.7185002644988361E-001
  9.7033826889978236E-001  9.6889816473896517E-001  9.6753388417860220E-001  9.6624939650300479E-001  9.6504846142960132E-001
  9.6393459645996682E-001  9.6291108001228876E-001  9.6198094605379758E-001  9.6114695583595433E-001  9.6041159332320047E-001
  9.5977707002036727E-001  9.5924530927696017E-001  9.5881792485684925E-001  9.5849621594826317E-001  9.5828117102955424E-001
  9.5817346824237926E-001  9.5817346824231187E-001  9.5828117102940724E-001  9.5849621594800483E-001  9.5881792485651751E-001
  9.5924530927652296E-001  9.5977707001985635E-001  9.6041159332264603E-001  9.6114695583531351E-001  9.6198094605305384E-001
  9.6291108001147752E-001  9.6393459645918089E-001  9.6504846142881817E-001  9.6624939650219832E-001  9.6753388417786568E-001
  9.6889816473822321E-001  9.7033826889914565E-001  9.7185002644928631E-001  9.7342906737231394E-001  9.7507085992639930E-001
  9.7677070941752142E-001  9.7852377872476004E-001  9.8032511665194721E-001  9.8216965698447967E-001  9.8405225994557721E-001
  9.8596770984283200E-001  9.8791075097880299E-001  9.8987609631145002E-001  9.9185844996395489E-001  9.9385252549637249E-001
  9.9585305735262108E-001  9.9785483997427094E-001  9.9993460245326415E-001
BLOCK 34   5.3799509317620551E+000
  1.0019309307353161E+000  1.0039789828818362E+000  1.0060073030030670E+000  1.0080111023653835E+000  1.0099857104088243E+000
  1.0119266887829168E+000  1.0138297743238103E+000  1.0156909035502186E+000  1.0175061920823369E+000  1.0192719414210618E+000
  1.0209846430538376E+000  1.0226409721983400E+000  1.0242377881364964E+000  1.0257721305717147E+000  1.0272412183467503E+000
  1.0286424439578963E+000  1.0299733734108778E+000  1.0312317369663793E+000  1.0324154324235761E+000  1.0335225135113983E+000
  1.0345511876241935E+000  1.0354998168572855E+000  1.0363669074674151E+000  1.0371511091652887E+000  1.0378512163876621E+000
  1.0384661600732585E+000  1.0389950048498722E+000  1.0394369534196675E+000  1.0397913433433918E+000  1.0400576373323984E+000
  1.0402354193311298E+000  1.0403243966040039E+000  1.0403243966040474E+000  1.0402354193312526E+000  1.0400576373325943E+000
  1.0397913433436492E+000  1.0394369534199834E+000  1.0389950048502348E+000  1.0384661600736749E+000  1.0378512163881248E+000
  1.0371511091657890E+000  1.0363669074679442E+000  1.0354998168578220E+000  1.0345511876247180E+000  1.0335225135119033E+000
  1.0324154324240495E+000  1.0312317369668080E+000  1.0299733734112475E+000  1.0286424439581918E+000  1.0272412183469748E+000
  1.0257721305718661E+000  1.0242377881365821E+000  1.0226409721983560E+000  1.0209846430537852E+000  1.0192719414209326E+000
  1.0175061920821284E+000  1.0156909035499304E+000  1.0138297743234459E+000  1.0119266887824907E+000  1.0099857104083334E+000
  1.0080111023648257E+000  1.0060073030024610E+000  1.0039789828811874E+000  1.0019309307346267E+000  9.9994223541883165E-001
  9.9779600077448616E-001  9.9571939681443566E-001  9.9364372478499774E-001  9.9157440438732347E-001  9.8951691535113739E-001
  9.8747676785230587E-001  9.8545947855283988E-001  9.8347055920802873E-001  9.8151549024170937E-001  9.7959970735355895E-001
  9.7772857788231426E-001  9.7590737981752851E-001  9.7414128890284069E-001  9.7243534701968193E-001  9.7079445993043456E-001
  9.6922336194743686E-001  9.6772661238238400E-001  9.6630857382592639E-001  9.6497338934798338E-001  9.6372498461640466E-001
  9.6256703730460613E-001  9.6150296968880389E-001  9.6053594685611265E-001  9.5966884928185725E-001  9.5890426910394411E-001
  9.5824451223887686E-001  9.5769157687279738E-001  9.5724714341634232E-001  9.5691258039974358E-001  9.5668893715734737E-001
  9.5657692816991891E-001  9.5657692816985407E-001  9.5668893715717573E-001  9.5691258039947447E-001  9.5724714341600192E-001
  9.5769157687232787E-001  9.5824451223829299E-001  9.5890426910329163E-001  9.5966884928116791E-001  9.6053594685534582E-001
  9.6150296968798543E-001  9.6256703730379078E-001  9.6372498461554534E-001  9.6497338934715038E-001  9.6630857382512469E-001
  9.6772661238160884E-001  9.6922336194677106E-001  9.7079445992985591E-001  9.7243534701911882E-001  9.7414128890246432E-001
  9.7590737981720654E-001  9.7772857788211165E-001  9.7959970735342483E-001  9.8151549024171736E-001  9.8347055920813764E-001
  9.8545947855303229E-001  9.8747676785263117E-001  9.8951691535154740E-001  9.9157440438780098E-001  9.9364372478556384E-001
  9.9571939681509147E-001  9.9779600077517872E-001  9.9994223542008931E-001
BLOCK 35   5.5429797478760570E+000
  1.0020228488770166E+000  1.0041470965277370E+000  1.0062504512008368E+000  1.0083279444149602E+000  1.0103747410122421E+000
  1.0123862521467304E+000  1.0143580824095408E+000  1.0162860306589228E+000  1.0181661018343284E+000  1.0199944885942416E+000
  1.0217675866121996E+000  1.0234819819367635E+000  1.0251344570246066E+000  1.0267219801449274E+000  1.0282417089658535E+000
  1.0296909805273362E+000  1.0310673125282679E+000  1.0323683943713760E+000  1.0335920857530596E+000  1.0347364104825978E+000
  1.0357995502977995E+000  1.0367798449265446E+000  1.0376757821212148E+000  1.0384859953588155E+000  1.0392092639061523E+000
  1.0398445045823415E+000  1.0403907707087086E+000  1.0408472528056254E+000  1.0412132726878445E+000  1.0414882814591948E+000
  1.0416718643103040E+000  1.0417637388836107E+000  1.0417637388836516E+000  1.0416718643104197E+000  1.0414882814593867E+000
  1.0412132726881094E+000  1.0408472528059602E+000  1.0403907707091122E+000  1.0398445045827986E+000  1.0392092639066477E+000
  1.0384859953593397E+000  1.0376757821217635E+000  1.0367798449271013E+000  1.0357995502983521E+000  1.0347364104831349E+000
  1.0335920857535570E+000  1.0323683943718269E+000  1.0310673125286560E+000  1.0296909805276657E+000  1.0282417089661151E+000
  1.0267219801451117E+000  1.0251344570247118E+000  1.0234819819367809E+000  1.0217675866121414E+000  1.0199944885941050E+000
  1.0181661018341188E+000  1.0162860306586314E+000  1.0143580824091660E+000  1.0123862521462861E+000  1.0103747410117301E+000
  1.0083279444143769E+000  1.0062504512001846E+000  1.0041470965270185E+000  1.0020228488762699E+000  9.9994932579278006E-001
  9.9773285176113158E-001  9.9557780272023899E-001  9.9342335976698348E-001  9.9127516036601482E-001  9.8913891771713691E-001
  9.8702036710948193E-001  9.8492526290859816E-001  9.8285934552356768E-001  9.8082833523065172E-001  9.7883789843835389E-001
  9.7689363802316220E-001  9.7500106113635876E-001  9.7316556864819026E-001  9.7139242832248252E-001  9.6968675706433971E-001
  9.6805350544598889E-001  9.6649743020402201E-001  9.6502308989508623E-001  9.6363481420439134E-001  9.6233669911358255E-001
  9.6113258962246051E-001  9.6002605823306264E-001  9.5902040723574489E-001  9.5811864567379390E-001  9.5732347856092614E-001
  9.5663730858430973E-001  9.5606221538643621E-001  9.5559995162291633E-001  9.5525195206252389E-001  9.5501931922037098E-001
  9.5490280457667498E-001  9.5490280457665166E-001  9.5501931922022298E-001  9.5525195206222957E-001  9.5559995162249078E-001
  9.5606221538578695E-001  9.5663730858365481E-001  9.5732347856021727E-001  9.5811864567304361E-001  9.5902040723491389E-001
  9.6002605823221632E-001  9.6113258962159076E-001  9.6233669911267794E-001  9.6363481420355479E-001  9.6502308989426544E-001
  9.6649743020321244E-001  9.6805350544525137E-001  9.6968675706369578E-001  9.7139242832190287E-001  9.7316556864774661E-001
  9.7500106113600937E-001  9.7689363802290752E-001  9.7883789843825786E-001  9.8082833523065693E-001  9.8285934552368970E-001
  9.8492526290879256E-001  9.8702036710979457E-001  9.8913891771756768E-001  9.9127516036651853E-001  9.9342335976757890E-001
  9.9557780272090823E-001  9.9773285176183624E-001  9.9994932579413276E-001
BLOCK 36   5.7060085639900588E+000
  1.0021175641506936E+000  1.0043216668317241E+000  1.0065036564759406E+000  1.0086583809199809E+000  1.0107808296327681E+000
  1.0128662592168871E+000  1.0149101259913014E+000  1.0169080975851115E+000  1.0188560544005638E+000  1.0207500794398363E+000
  1.0225864666899669E+000  1.0243617129956633E+000  1.0260725183428945E+000  1.0277157774804007E+000  1.0292885816055373E+000
  1.0307882109541968E+000  1.0322121313558494E+000  1.0335579889268041E+000  1.0348236040722476E+000  1.0360069680618091E+000
  1.0371062350338713E+000  1.0381197199877659E+000  1.0390458915064631E+000  1.0398833668061191E+000  1.0406309103792637E+000
  1.0412874254460205E+000  1.0418519533297987E+000  1.0423236739160275E+000  1.0427019013603238E+000  1.0429860832125788E+000
  1.0431757982504968E+000  1.0432707482877346E+000  1.0432707482877757E+000  1.0431757982506196E+000  1.0429860832127844E+000
  1.0427019013606134E+000  1.0423236739163886E+000  1.0418519533302284E+000  1.0412874254465039E+000  1.0406309103797915E+000
  1.0398833668066843E+000  1.0390458915070444E+000  1.0381197199883421E+000  1.0371062350344362E+000  1.0360069680623551E+000
  1.0348236040727679E+000  1.0335579889272872E+000  1.0322121313562818E+000  1.0307882109545670E+000  1.0292885816058319E+000
  1.0277157774806163E+000  1.0260725183430284E+000  1.0243617129957121E+000  1.0225864666899196E+000  1.0207500794396946E+000
  1.0188560544003409E+000  1.0169080975848064E+000  1.0149101259909075E+000  1.0128662592163973E+000  1.0107808296321972E+000
  1.0086583809193568E+000  1.0065036564752659E+000  1.0043216668309902E+000  1.0021175641499194E+000  9.9995576119522112E-001
  9.9766505789826754E-001  9.9542780804943354E-001  9.9319082211370469E-001  9.9095997576890127E-001  9.8874121656103608E-001
  9.8654052551781313E-001  9.8436389718560091E-001  9.8221732225559488E-001  9.8010676278682207E-001  9.7803813541089912E-001
  9.7601728195382842E-001  9.7404995608016687E-001  9.7214179248461818E-001  9.7029829481723107E-001  9.6852480416417375E-001
  9.6682648950352379E-001  9.6520832049961514E-001  9.6367505349850802E-001  9.6223121455766669E-001  9.6088107742105899E-001
  9.5962865807643838E-001  9.5847768791484000E-001  9.5743160905940550E-001  9.5649356144125641E-001  9.5566636791521697E-001
  9.5495254080577663E-001  9.5435426303320536E-001  9.5387337183762022E-001  9.5351135773657414E-001  9.5326935586172512E-001
  9.5314814465625197E-001  9.5314814465621822E-001  9.5326935586152861E-001  9.5351135773622075E-001  9.5387337183712229E-001
  9.5435426303268578E-001  9.5495254080501213E-001  9.5566636791451498E-001  9.5649356144000564E-001  9.5743160905832037E-001
  9.5847768791395160E-001  9.5962865807555053E-001  9.6088107742013806E-001  9.6223121455677907E-001  9.6367505349764548E-001
  9.6520832049877736E-001  9.6682648950276495E-001  9.6852480416347786E-001  9.7029829481663943E-001  9.7214179248409727E-001
  9.7404995607979228E-001  9.7601728195354409E-001  9.7803813541076401E-001  9.8010676278681719E-001  9.8221732225569047E-001
  9.8436389718583983E-001  9.8654052551817162E-001  9.8874121656149749E-001  9.9095997576942663E-001  9.9319082211429788E-001
  9.9542780805011466E-001  9.9766505789900028E-001  9.9995576119667151E-001
BLOCK 37   5.8690373801040607E+000
  1.0022150025613132E+000  1.0045027594905012E+000  1.0067671280708455E+000  1.0090027574234370E+000  1.0112044557172251E+000
  1.0133673161713772E+000  1.0154866414865140E+000  1.0175579621272128E+000  1.0195770289339370E+000  1.0215398113819918E+000
  1.0234424974213836E+000  1.0252814887297714E+000  1.0270533984959920E+000  1.0287550453905279E+000  1.0303834524990809E+000
  1.0319358403383267E+000  1.0334096204608152E+000  1.0348023922541216E+000  1.0361119360812496E+000  1.0373362084650732E+000
  1.0384733346687800E+000  1.0395216031931720E+000  1.0404794605731247E+000  1.0413455047282434E+000  1.0421184843321156E+000
  1.0427972928090434E+000  1.0433809659228495E+000  1.0438686765330005E+000  1.0442597254624955E+000  1.0445535421813852E+000
  1.0447496888187557E+000  1.0448478575514060E+000  1.0448478575514581E+000  1.0447496888189027E+000  1.0445535421816197E+000
  1.0442597254628123E+000  1.0438686765333876E+000  1.0433809659233002E+000  1.0427972928095541E+000  1.0421184843326676E+000
  1.0413455047288249E+000  1.0404794605737195E+000  1.0395216031937742E+000  1.0384733346693855E+000  1.0373362084656552E+000
  1.0361119360818025E+000  1.0348023922546310E+000  1.0334096204612782E+000  1.0319358403387340E+000  1.0303834524994184E+000
  1.0287550453907832E+000  1.0270533984961563E+000  1.0252814887298518E+000  1.0234424974213618E+000  1.0215398113818603E+000
  1.0195770289336861E+000  1.0175579621268649E+000  1.0154866414860799E+000  1.0133673161708527E+000  1.0112044557166231E+000
  1.0090027574227793E+000  1.0067671280701360E+000  1.0045027594897447E+000  1.0022150025605341E+000  9.9996141973567687E-001
  9.9759226226454478E-001  9.9526890707420335E-001  9.9294546262887751E-001  9.9062804808858040E-001  9.8832286492489629E-001
  9.8603614628837821E-001  9.8377414509740879E-001  9.8154310856269766E-001  9.7934925886046875E-001  9.7719876880100476E-001
  9.7509773842468128E-001  9.7305217165293068E-001  9.7106795421037861E-001  9.6915082848427925E-001  9.6730637533252239E-001
  9.6553998869007562E-001  9.6385686154435291E-001  9.6226195755419597E-001  9.6076000093546465E-001  9.5935545065068162E-001
  9.5805249180256891E-001  9.5685502248093968E-001  9.5576664052801596E-001  9.5479063611060278E-001  9.5392996390436269E-001
  9.5318723912982362E-001  9.5256473191227542E-001  9.5206435685544422E-001  9.5168767080134220E-001  9.5143585837236511E-001
  9.5130973134112551E-001  9.5130973134105701E-001  9.5143585837214961E-001  9.5168767080096206E-001  9.5206435685495672E-001
  9.5256473191163404E-001  9.5318723912898617E-001  9.5392996390356066E-001  9.5479063610944093E-001  9.5576664052706839E-001
  9.5685502247960308E-001  9.5805249180111685E-001  9.5935545064944572E-001  9.6076000093450431E-001  9.6226195755336275E-001
  9.6385686154354300E-001  9.6553998868929491E-001  9.6730637533181185E-001  9.6915082848364897E-001  9.7106795420983816E-001
  9.7305217165250890E-001  9.7509773842439140E-001  9.7719876880082301E-001  9.7934925886044832E-001  9.8154310856279192E-001
  9.8377414509764116E-001  9.8603614628874503E-001  9.8832286492535526E-001  9.9062804808914162E-001  9.9294546262952654E-001
  9.9526890707492710E-001  9.9759226226530329E-001  9.9996141973720909E-001
BLOCK 38   6.0320661962180626E+000
  1.0023150796854616E+000  1.0046904387060309E+000  1.0070410711168849E+000  1.0093614197010328E+000  1.0116461040312084E+000
  1.0138900444223191E+000  1.0160883864959567E+000  1.0182365137948239E+000  1.0203300449365438E+000  1.0223648271142411E+000
  1.0243369390550983E+000  1.0262426819127159E+000  1.0280785800606891E+000  1.0298413721616231E+000  1.0315280098886175E+000
  1.0331356501699216E+000  1.0346616497779348E+000  1.0361035601529085E+000  1.0374591199603012E+000  1.0387262469934841E+000
  1.0399030336516253E+000  1.0409877408558057E+000  1.0419787950968951E+000  1.0428747803849587E+000  1.0436744325283509E+000
  1.0443766294117363E+000  1.0449803869512486E+000  1.0454848591567243E+000  1.0458893342098234E+000  1.0461932329929349E+000
  1.0463961086548186E+000  1.0464976454364086E+000  1.0464976454364621E+000  1.0463961086549725E+000  1.0461932329931851E+000
  1.0458893342101674E+000  1.0454848591571417E+000  1.0449803869517285E+000  1.0443766294122656E+000  1.0436744325289200E+000
  1.0428747803855627E+000  1.0419787950975197E+000  1.0409877408564459E+000  1.0399030336522623E+000  1.0387262469941057E+000
  1.0374591199608993E+000  1.0361035601534638E+000  1.0346616497784384E+000  1.0331356501703606E+000  1.0315280098889918E+000
  1.0298413721619180E+000  1.0280785800608803E+000  1.0262426819128043E+000  1.0243369390550741E+000  1.0223648271141113E+000
  1.0203300449362922E+000  1.0182365137944653E+000  1.0160883864955019E+000  1.0138900444217676E+000  1.0116461040305857E+000
  1.0093614197003595E+000  1.0070410711161530E+000  1.0046904387052373E+000  1.0023150796846316E+000  9.9996617471687699E-001
  9.9751406925110375E-001  9.9510054781179780E-001  9.9268657080354272E-001  9.9027851537236500E-001  9.8788284678456040E-001
  9.8550606407187646E-001  9.8315469052324789E-001  9.8083524465863436E-001  9.7855422150780591E-001  9.7631806284140155E-001
  9.7413313759228282E-001  9.7200571273653313E-001  9.6994193439810983E-001  9.6794779861760605E-001  9.6602913209425234E-001
  9.6419156484637869E-001  9.6244051101765626E-001  9.6078114902393286E-001  9.5921840709882533E-001  9.5775694982185455E-001
  9.5640115328183017E-001  9.5515509173061774E-001  9.5402251575946062E-001  9.5300685107710392E-001  9.5211118294203501E-001
  9.5133824044605331E-001  9.5069039193955074E-001  9.5016963501242946E-001  9.4977759623567537E-001  9.4951551649505650E-001
  9.4938424554388900E-001  9.4938424554380885E-001  9.4951551649481303E-001  9.4977759623525770E-001  9.5016963501194018E-001
  9.5069039193876315E-001  9.5133824044529691E-001  9.5211118294102737E-001  9.5300685107599648E-001  9.5402251575833164E-001
  9.5515509172928170E-001  9.5640115328037500E-001  9.5775694982035120E-001  9.5921840709742234E-001  9.6078114902256118E-001
  9.6244051101650796E-001  9.6419156484554491E-001  9.6602913209364161E-001  9.6794779861704627E-001  9.6994193439760590E-001
  9.7200571273610170E-001  9.7413313759197839E-001  9.7631806284121803E-001  9.7855422150775140E-001  9.8083524465873806E-001
  9.8315469052346571E-001  9.8550606407223607E-001  9.8788284678503291E-001  9.9027851537293721E-001  9.9268657080422129E-001
  9.9510054781253998E-001  9.9751406925189312E-001  9.9996617471851179E-001
BLOCK 39   6.1950950123320645E+000
  1.0024176824492526E+000  1.0048847496033746E+000  1.0073256865861002E+000  1.0097347211826007E+000  1.0121062747493941E+000
  1.0144350898223993E+000  1.0167161454696221E+000  1.0189446741701560E+000  1.0211161552646340E+000  1.0232263086764386E+000
  1.0252710978778772E+000  1.0272467196105983E+000  1.0291496048527791E+000  1.0309764092276739E+000  1.0327240105005651E+000
  1.0343894997445506E+000  1.0359701754570732E+000  1.0374635363408979E+000  1.0388672761075299E+000  1.0401792762221465E+000
  1.0413976020582660E+000  1.0425204916163591E+000  1.0435463469678630E+000  1.0444737260487735E+000  1.0453013396844530E+000
  1.0460280463898939E+000  1.0466528461579427E+000  1.0471748779935417E+000  1.0475934174104673E+000  1.0479078757568143E+000
  1.0481177982514731E+000  1.0482228623444021E+000  1.0482228623444594E+000  1.0481177982516356E+000  1.0479078757570688E+000
  1.0475934174108132E+000  1.0471748779939658E+000  1.0466528461584439E+000  1.0460280463904550E+000  1.0453013396850621E+000
  1.0444737260494186E+000  1.0435463469685278E+000  1.0425204916170379E+000  1.0413976020589417E+000  1.0401792762228081E+000
  1.0388672761081734E+000  1.0374635363415077E+000  1.0359701754576305E+000  1.0343894997450349E+000  1.0327240105009656E+000
  1.0309764092279821E+000  1.0291496048529822E+000  1.0272467196106891E+000  1.0252710978778559E+000  1.0232263086763047E+000
  1.0211161552643881E+000  1.0189446741698083E+000  1.0167161454691787E+000  1.0144350898218482E+000  1.0121062747487488E+000
  1.0097347211818850E+000  1.0073256865853215E+000  1.0048847496025384E+000  1.0024176824483717E+000  9.9996988323478930E-001
  9.9743004446442551E-001  9.9492213349577141E-001  9.9241338618979069E-001  9.8991045293269764E-001  9.8742007516346364E-001
  9.8494903501137898E-001  9.8250413719710306E-001  9.8009218622175243E-001  9.7771995957237756E-001  9.7539418465302907E-001
  9.7312151093004096E-001  9.7090848429014043E-001  9.6876151634778029E-001  9.6668686274729709E-001  9.6469059801780266E-001
  9.6277860067807752E-001  9.6095652695322109E-001  9.5922979163950661E-001  9.5760354020847827E-001  9.5608263663137660E-001
  9.5467164422473938E-001  9.5337481315911010E-001  9.5219605952298647E-001  9.5113895283199701E-001  9.5020671178390903E-001
  9.4940218570115886E-001  9.4872784781062458E-001  9.4818578544288601E-001  9.4777769732709416E-001  9.4750488288228818E-001
  9.4736823351329902E-001  9.4736823351323507E-001  9.4750488288201506E-001  9.4777769732668160E-001  9.4818578544231502E-001
  9.4872784780978103E-001  9.4940218570040669E-001  9.5020671178274685E-001  9.5113895283083905E-001  9.5219605952176112E-001
  9.5337481315773798E-001  9.5467164422316486E-001  9.5608263662978765E-001  9.5760354020687288E-001  9.5922979163784716E-001
  9.6095652695174960E-001  9.6277860067685817E-001  9.6469059801674351E-001  9.6668686274646254E-001  9.6876151634726226E-001
  9.7090848428988819E-001  9.7312151092988985E-001  9.7539418465292793E-001  9.7771995957233238E-001  9.8009218622183480E-001
  9.8250413719731799E-001  9.8494903501171915E-001  9.8742007516394170E-001  9.8991045293327784E-001  9.9241338619046737E-001
  9.9492213349653502E-001  9.9743004446524930E-001  9.9996988323652147E-001
BLOCK 40   6.3581238284460664E+000
  1.0025226685879149E+000  1.0050857172116336E+000  1.0076211655997904E+000  1.0101230152230449E+000  1.0125854805195600E+000
  1.0150031185324757E+000  1.0173707326675872E+000  1.0196833995258665E+000  1.0219364523304497E+000  1.0241254804772768E+000
  1.0262463273650702E+000  1.0282950817574192E+000  1.0302680759218619E+000  1.0321618772669439E+000  1.0339732837546018E+000
  1.0356993166650112E+000  1.0373372158822336E+000  1.0388844321525008E+000  1.0403386191690152E+000  1.0416976215713054E+000
  1.0429594679804961E+000  1.0441223620533091E+000  1.0451846762264747E+000  1.0461449439787662E+000  1.0470018529874436E+000
  1.0477542407099925E+000  1.0484010896156650E+000  1.0489415238354747E+000  1.0493748058495607E+000  1.0497003355164316E+000
  1.0499176481574428E+000  1.0500264124926941E+000  1.0500264124927456E+000  1.0499176481575936E+000  1.0497003355166803E+000
  1.0493748058499137E+000  1.0489415238359165E+000  1.0484010896161851E+000  1.0477542407105789E+000  1.0470018529880900E+000
  1.0461449439794557E+000  1.0451846762271892E+000  1.0441223620540450E+000  1.0429594679812337E+000  1.0416976215720319E+000
  1.0403386191697079E+000  1.0388844321531487E+000  1.0373372158828222E+000  1.0356993166655282E+000  1.0339732837550295E+000
  1.0321618772672683E+000  1.0302680759220810E+000  1.0282950817575256E+000  1.0262463273650706E+000  1.0241254804771616E+000
  1.0219364523302132E+000  1.0196833995255161E+000  1.0173707326671315E+000  1.0150031185319150E+000  1.0125854805188963E+000
  1.0101230152222973E+000  1.0076211655989744E+000  1.0050857172107632E+000  1.0025226685870012E+000  9.9997238657143850E-001
  9.9733970617570500E-001  9.9473301226110378E-001  9.9212508946164679E-001  9.8952287304554531E-001  9.8693339760408283E-001
  9.8436374003719040E-001  9.8182100592286681E-001  9.7931229878613413E-001  9.7684469598398560E-001  9.7442521667193782E-001
  9.7206079735566586E-001  9.6975826546624655E-001  9.6752431530054206E-001  9.6536548288262347E-001  9.6328811690454430E-001
  9.6129835314731993E-001  9.5940209275161326E-001  9.5760498264545457E-001  9.5591239361650615E-001  9.5432939752180213E-001
  9.5286075359041111E-001  9.5151089255604693E-001  9.5028390207586388E-001  9.4918350620428116E-001  9.4821306275348538E-001
  9.4737554753667275E-001  9.4667354235769186E-001  9.4610922850933299E-001  9.4568437980331155E-001  9.4540035508185194E-001
  9.4525808917567744E-001  9.4525808917560450E-001  9.4540035508153986E-001  9.4568437980293008E-001  9.4610922850863444E-001
  9.4667354235685797E-001  9.4737554753583475E-001  9.4821306275230499E-001  9.4918350620295011E-001  9.5028390207453439E-001
  9.5151089255462151E-001  9.5286075358875078E-001  9.5432939752004020E-001  9.5591239361483149E-001  9.5760498264364868E-001
  9.5940209274982435E-001  9.6129835314573508E-001  9.6328811690314775E-001  9.6536548288148627E-001  9.6752431529972616E-001
  9.6975826546568766E-001  9.7206079735532225E-001  9.7442521667186599E-001  9.7684469598417434E-001  9.7931229878644122E-001
  9.8182100592320487E-001  9.8436374003754357E-001  9.8693339760452625E-001  9.8952287304611897E-001  9.9212508946232880E-001
  9.9473301226189303E-001  9.9733970617656875E-001  9.9997238657324761E-001
BLOCK 41   6.5211526445600683E+000
  1.0026298665962845E+000  1.0052933487847791E+000  1.0079276905881600E+000  1.0105266544573648E+000  1.0130842398156226E+000
  1.0155948071521150E+000  1.0180529810994168E+000  1.0204536740713981E+000  1.0227920697680444E+000  1.0250636200238818E+000
  1.0272640417405350E+000  1.0293893087411092E+000  1.0314356497892043E+000  1.0333995422690381E+000  1.0352777065581154E+000
  1.0370670973983793E+000  1.0387648954276192E+000  1.0403684967969311E+000  1.0418755054606714E+000  1.0432837229975072E+000
  1.0445911400384782E+000  1.0457959264468548E+000  1.0468964242031720E+000  1.0478911406350571E+000  1.0487787400600501E+000
  1.0495580388191108E+000  1.0502280007243781E+000  1.0507877323231742E+000  1.0512364791011448E+000  1.0515736252523273E+000
  1.0517986932654171E+000  1.0519113414076631E+000  1.0519113414077181E+000  1.0517986932655783E+000  1.0515736252525945E+000
  1.0512364791015028E+000  1.0507877323236248E+000  1.0502280007249172E+000  1.0495580388197288E+000  1.0487787400607358E+000
  1.0478911406358005E+000  1.0468964242039493E+000  1.0457959264476553E+000  1.0445911400392811E+000  1.0432837229982903E+000
  1.0418755054614126E+000  1.0403684967976212E+000  1.0387648954282374E+000  1.0370670973989196E+000  1.0352777065585648E+000
  1.0333995422693967E+000  1.0314356497894599E+000  1.0293893087412445E+000  1.0272640417405532E+000  1.0250636200237808E+000
  1.0227920697678119E+000  1.0204536740710408E+000  1.0180529810989429E+000  1.0155948071515333E+000  1.0130842398149440E+000
  1.0105266544566009E+000  1.0079276905873265E+000  1.0052933487838842E+000  1.0026298665953548E+000  9.9997351057167294E-001
  9.9724252480231779E-001  9.9453247642032372E-001  9.9182079370048826E-001  9.8911471697315245E-001  9.8642158939579616E-001
  9.8374879850268604E-001  9.8110375782204229E-001  9.7849387723430148E-001  9.7592654203658813E-001  9.7340908201147003E-001
  9.7094874464250225E-001  9.6855266160154918E-001  9.6622782253007111E-001  9.6398104760489534E-001  9.6181896346330997E-001
  9.5974797221048369E-001  9.5777423030617859E-001  9.5590362562234310E-001  9.5414175991803896E-001  9.5249392291781787E-001
  9.5096507778585138E-001  9.4955984520204839E-001  9.4828248950095195E-001  9.4713689861884776E-001  9.4612657572081649E-001
  9.4525462811585226E-001  9.4452375001636169E-001  9.4393621911504755E-001  9.4349388671550316E-001  9.4319817034473563E-001
  9.4305004751961441E-001  9.4305004751948218E-001  9.4319817034439357E-001  9.4349388671514878E-001  9.4393621911429237E-001
  9.4452375001546807E-001  9.4525462811487371E-001  9.4612657571967385E-001  9.4713689861738370E-001  9.4828248949944616E-001
  9.4955984520052727E-001  9.5096507778418016E-001  9.5249392291588297E-001  9.5414175991616568E-001  9.5590362562045306E-001
  9.5777423030420827E-001  9.5974797220862429E-001  9.6181896346160389E-001  9.6398104760342318E-001  9.6622782252889960E-001
  9.6855266160067377E-001  9.7094874464191716E-001  9.7340908201120435E-001  9.7592654203661477E-001  9.7849387723452375E-001
  9.8110375782246195E-001  9.8374879850331087E-001  9.8642158939653302E-001  9.8911471697390307E-001  9.9182079370121423E-001
  9.9453247642107268E-001  9.9724252480315478E-001  9.9997351057354178E-001
BLOCK 42   6.6841814606740702E+000
  1.0027390737079978E+000  1.0055076277524420E+000  1.0082454266198013E+000  1.0109459823378684E+000  1.0136030700507177E+000
  1.0162108464277317E+000  1.0187637498436344E+000  1.0212565200225130E+000  1.0236841817931333E+000  1.0260420417990281E+000
  1.0283256865961889E+000  1.0305309755814849E+000  1.0326540363752195E+000  1.0346912556782724E+000  1.0366392714088040E+000
  1.0384949640697145E+000  1.0402554486053812E+000  1.0419180628682030E+000  1.0434803585752492E+000  1.0449400916512923E+000
  1.0462952133336587E+000  1.0475438598114599E+000  1.0486843431385151E+000  1.0497151438512153E+000  1.0506349019628067E+000
  1.0514424104578124E+000  1.0521366104527270E+000  1.0527165864737653E+000  1.0531815633346184E+000  1.0535309058860809E+000
  1.0537641195053968E+000  1.0538808481639959E+000  1.0538808481640511E+000  1.0537641195055634E+000  1.0535309058863624E+000
  1.0531815633349970E+000  1.0527165864742454E+000  1.0521366104533059E+000  1.0514424104584699E+000  1.0506349019635373E+000
  1.0497151438520103E+000  1.0486843431393491E+000  1.0475438598123155E+000  1.0462952133345118E+000  1.0449400916521232E+000
  1.0434803585760399E+000  1.0419180628689420E+000  1.0402554486060540E+000  1.0384949640703047E+000  1.0366392714092971E+000
  1.0346912556786640E+000  1.0326540363755012E+000  1.0305309755816410E+000  1.0283256865962191E+000  1.0260420417989287E+000
  1.0236841817929057E+000  1.0212565200221573E+000  1.0187637498431532E+000  1.0162108464271320E+000  1.0136030700500174E+000
  1.0109459823370976E+000  1.0082454266189975E+000  1.0055076277516264E+000  1.0027390737071402E+000  9.9997306209718728E-001
  9.9713792352527775E-001  9.9431977052168996E-001  9.9149957424831758E-001  9.8868488733934901E-001  9.8588336896888396E-001
  9.8310272799950371E-001  9.8035070547478997E-001  9.7763504300437876E-001  9.7496345412090379E-001  9.7234359385129510E-001
  9.6978302884182199E-001  9.6728920671885243E-001  9.6486942349600946E-001  9.6253079580322654E-001  9.6028023512806404E-001
  9.5812442051058078E-001  9.5606977240139235E-001  9.5412243060421886E-001  9.5228823457628275E-001  9.5057270240534941E-001
  9.4898101089878639E-001  9.4751798124086151E-001  9.4618806197221983E-001  9.4499531252186497E-001  9.4394338940971056E-001
  9.4303553703680587E-001  9.4227456711791224E-001  9.4166285363045266E-001  9.4120232234982482E-001  9.4089444284331136E-001
  9.4074022887095643E-001  9.4074022887074515E-001  9.4089444284294921E-001  9.4120232234942647E-001  9.4166285362970659E-001
  9.4227456711693613E-001  9.4303553703564491E-001  9.4394338940854228E-001  9.4499531252040614E-001  9.4618806197051231E-001
  9.4751798123909892E-001  9.4898101089703724E-001  9.5057270240346992E-001  9.5228823457414347E-001  9.5412243060216217E-001
  9.5606977239918289E-001  9.5812442050862567E-001  9.6028023512607685E-001  9.6253079580141099E-001  9.6486942349450788E-001
  9.6728920671764851E-001  9.6978302884091894E-001  9.7234359385073987E-001  9.7496345412068264E-001  9.7763504300445325E-001
  9.8035070547513903E-001  9.8310272800012033E-001  9.8588336896967232E-001  9.8868488734024096E-001  9.9149957424931179E-001
  9.9431977052274068E-001  9.9713792352630093E-001  9.9997306209910664E-001
BLOCK 43   6.8472102767880720E+000
  1.0028500610135960E+000  1.0057285048283497E+000  1.0085745133539610E+000  1.0113813328696977E+000  1.0141424968922059E+000
  1.0168519437183154E+000  1.0195039136544304E+000  1.0220929683138584E+000  1.0246139710768565E+000  1.0270620841155353E+000
  1.0294327621882200E+000  1.0317217453729344E+000  1.0339250529129571E+000  1.0360389743134120E+000  1.0380600607198205E+000
  1.0399851145753745E+000  1.0418111811612372E+000  1.0435355374389865E+000  1.0451556825072055E+000  1.0466693266226128E+000
  1.0480743810041726E+000  1.0493689470490442E+000  1.0505513059576366E+000  1.0516199099082757E+000  1.0525733726642561E+000
  1.0534104613714430E+000  1.0541300909064810E+000  1.0547313190820284E+000  1.0552133440496758E+000  1.0555755042732313E+000
  1.0558172813546427E+000  1.0559383007971466E+000  1.0559383007972070E+000  1.0558172813548214E+000  1.0555755042735382E+000
  1.0552133440500944E+000  1.0547313190825593E+000  1.0541300909071123E+000  1.0534104613721573E+000  1.0525733726650415E+000
  1.0516199099091113E+000  1.0505513059585088E+000  1.0493689470499370E+000  1.0480743810050701E+000  1.0466693266235014E+000
  1.0451556825080603E+000  1.0435355374397890E+000  1.0418111811619715E+000  1.0399851145760242E+000  1.0380600607203663E+000
  1.0360389743138414E+000  1.0339250529132638E+000  1.0317217453731098E+000  1.0294327621882622E+000  1.0270620841154381E+000
  1.0246139710766180E+000  1.0220929683134885E+000  1.0195039136539605E+000  1.0168519437177852E+000  1.0141424968916288E+000
  1.0113813328690278E+000  1.0085745133531392E+000  1.0057285048273670E+000  1.0028500610124826E+000  9.9997084330620167E-001
  9.9702531733420319E-001  9.9409411143451887E-001  9.9116043097442996E-001  9.8823216244268364E-001  9.8531730521658534E-001
  9.8242390950390712E-001  9.7956005993073492E-001  9.7673384183419498E-001  9.7395331210065716E-001  9.7122646369968213E-001
  9.6856119594800771E-001  9.6596528234371648E-001  9.6344633758835463E-001  9.6101178657539021E-001  9.5866883711379169E-001
  9.5642445444875201E-001  9.5428533298589924E-001  9.5225787463980327E-001  9.5034816685056223E-001  9.4856196459810838E-001
  9.4690466797635897E-001  9.4538130883225535E-001  9.4399653362101643E-001  9.4275458763727538E-001  9.4165929849312180E-001
  9.4071406444838057E-001  9.3992183209779001E-001  9.3928508116374931E-001  9.3880580446369444E-001  9.3848548123934172E-001
  9.3832507372924834E-001  9.3832507372905716E-001  9.3848548123901199E-001  9.3880580446314166E-001  9.3928508116299914E-001
  9.3992183209683422E-001  9.4071406444707673E-001  9.4165929849174590E-001  9.4275458763580899E-001  9.4399653361929703E-001
  9.4538130883029226E-001  9.4690466797432149E-001  9.4856196459614517E-001  9.5034816684848999E-001  9.5225787463748934E-001
  9.5428533298362639E-001  9.5642445444641488E-001  9.5866883711170692E-001  9.6101178657320063E-001  9.6344633758649278E-001
  9.6596528234219847E-001  9.6856119594677237E-001  9.7122646369881094E-001  9.7395331210016667E-001  9.7673384183404210E-001
  9.7956005993090756E-001  9.8242390950439329E-001  9.8531730521732053E-001  9.8823216244361101E-001  9.9116043097552209E-001
  9.9409411143571114E-001  9.9702531733540289E-001  9.9997084330827712E-001
BLOCK 44   7.0102390929020739E+000
  1.0029625991205711E+000  1.0059559609647297E+000  1.0089151193312833E+000  1.0118330440566010E+000  1.0147030236592254E+000
  1.0175187730003548E+000  1.0202743286227192E+000  1.0229640645529301E+000  1.0255826732802058E+000  1.0281251642164819E+000
  1.0305868545514003E+000  1.0329633602564592E+000  1.0352505873661060E+000  1.0374447228770047E+000  1.0395422266158085E+000
  1.0415398203438166E+000  1.0434344783827509E+000  1.0452234159588960E+000  1.0469040787365023E+000  1.0484741304869145E+000
  1.0499314419409083E+000  1.0512740794809521E+000  1.0525002933225165E+000  1.0536085063824741E+000  1.0545973043125259E+000
  1.0554654257695566E+000  1.0562117552538732E+000  1.0568353175667844E+000  1.0573352757018997E+000  1.0577109318854143E+000
  1.0579617334290665E+000  1.0580872778638031E+000  1.0580872778638799E+000  1.0579617334292784E+000  1.0577109318857632E+000
  1.0573352757023673E+000  1.0568353175673666E+000  1.0562117552545480E+000  1.0554654257703215E+000  1.0545973043133603E+000
  1.0536085063833625E+000  1.0525002933234402E+000  1.0512740794819013E+000  1.0499314419418659E+000  1.0484741304878562E+000
  1.0469040787374198E+000  1.0452234159597620E+000  1.0434344783835463E+000  1.0415398203445223E+000  1.0395422266164114E+000
  1.0374447228774821E+000  1.0352505873664410E+000  1.0329633602566433E+000  1.0305868545514398E+000  1.0281251642164051E+000
  1.0255826732800550E+000  1.0229640645527065E+000  1.0202743286223761E+000  1.0175187729998438E+000  1.0147030236585410E+000
  1.0118330440557612E+000  1.0089151193302839E+000  1.0059559609635593E+000  1.0029625991192652E+000  9.9996663592235624E-001
  9.9690401946408636E-001  9.9385459458466952E-001  9.9080225614729700E-001  9.8775524196971065E-001  9.8472190710815388E-001
  9.8171066161281906E-001  9.7872994933195090E-001  9.7578821413641370E-001  9.7289386991176496E-001  9.7005526213450743E-001
  9.6728063642248274E-001  9.6457810363734064E-001  9.6195560836312166E-001  9.5942089494361271E-001  9.5698147974685499E-001
  9.5464462339977618E-001  9.5241730399634550E-001  9.5030619347733536E-001  9.4831763733451724E-001  9.4645763674923189E-001
  9.4473183027728613E-001  9.4314548443196222E-001  9.4170349411720222E-001  9.4041041112738288E-001  9.3927057828347826E-001
  9.3828855762432861E-001  9.3746859666778315E-001  9.3679825904404834E-001  9.3629709583062115E-001  9.3596410333070468E-001
  9.3579745893490685E-001  9.3579745893486654E-001  9.3596410333047553E-001  9.3629709582989840E-001  9.3679825904321434E-001
  9.3746859666687166E-001  9.3828855762302710E-001  9.3927057828185778E-001  9.4041041112568846E-001  9.4170349411545407E-001
  9.4314548443001822E-001  9.4473183027506835E-001  9.4645763674692540E-001  9.4831763733220942E-001  9.5030619347504819E-001
  9.5241730399405244E-001  9.5464462339711176E-001  9.5698147974455816E-001  9.5942089494118654E-001  9.6195560836084426E-001
  9.6457810363561269E-001  9.6728063642092355E-001  9.7005526213332238E-001  9.7289386991101756E-001  9.7578821413598926E-001
  9.7872994933187440E-001  9.8171066161310871E-001  9.8472190710875074E-001  9.8775524197056364E-001  9.9080225614836570E-001
  9.9385459458590242E-001  9.9690401946540552E-001  9.9996663592454571E-001
BLOCK 45   7.1732679090160758E+000
  1.0030763850954210E+000  1.0061899037793576E+000  1.0092673647789958E+000  1.0123014479957571E+000  1.0152851856886442E+000
  1.0182120618335522E+000  1.0210759054452196E+000  1.0238709005376552E+000  1.0265915640569125E+000  1.0292327421249796E+000
  1.0317896013049790E+000  1.0342576226948745E+000  1.0366325935620184E+000  1.0389105964853831E+000  1.0410879986703212E+000
  1.0431614396502831E+000  1.0451278209130159E+000  1.0469842941466843E+000  1.0487282502956827E+000  1.0503573064062794E+000
  1.0518692932332023E+000  1.0532622427229232E+000  1.0545343750927942E+000  1.0556840857905971E+000  1.0567099341768036E+000
  1.0576106312751961E+000  1.0583850295353827E+000  1.0590321143984547E+000  1.0595510003879094E+000  1.0599409329620035E+000
  1.0602012999510826E+000  1.0603316478613580E+000  1.0603316478614389E+000  1.0602012999513137E+000  1.0599409329623823E+000
  1.0595510003884165E+000  1.0590321143990891E+000  1.0583850295361101E+000  1.0576106312760121E+000  1.0567099341776978E+000
  1.0556840857915470E+000  1.0545343750937863E+000  1.0532622427239442E+000  1.0518692932342288E+000  1.0503573064072880E+000
  1.0487282502966588E+000  1.0469842941476073E+000  1.0451278209138610E+000  1.0431614396510278E+000  1.0410879986709423E+000
  1.0389105964858769E+000  1.0366325935624021E+000  1.0342576226951810E+000  1.0317896013051997E+000  1.0292327421250682E+000
  1.0265915640568404E+000  1.0238709005373983E+000  1.0210759054447904E+000  1.0182120618329138E+000  1.0152851856877909E+000
  1.0123014479947254E+000  1.0092673647778105E+000  1.0061899037780198E+000  1.0030763850939652E+000  9.9996019220209309E-001
  9.9677330660565144E-001  9.9360028412683454E-001  9.9042390525255153E-001  9.8725277769112307E-001  9.8409562963628183E-001
  9.8096124597166001E-001  9.7785844653494658E-001  9.7479605048241191E-001  9.7178284488828603E-001  9.6882754534393467E-001
  9.6593876062568540E-001  9.6312495722395997E-001  9.6039442629469463E-001  9.5775524982818483E-001  9.5521527191850775E-001
  9.5278207178687646E-001  9.5046294234445750E-001  9.4826487642861668E-001  9.4619458621167596E-001  9.4425861270128431E-001
  9.4246368773180345E-001  9.4081740729083274E-001  9.3932731142396619E-001  9.3798966648124493E-001  9.3676472734261973E-001
  9.3571973998093827E-001  9.3487174230458947E-001  9.3418477720085047E-001  9.3367292450351180E-001  9.3333080597785700E-001
  9.3315988974150876E-001  9.3315988974140351E-001  9.3333080597754714E-001  9.3367292450278760E-001  9.3418477719991555E-001
  9.3487174230348158E-001  9.3571973997956170E-001  9.3676472734109628E-001  9.3798966647951865E-001  9.3932731142194292E-001
  9.4081740728871410E-001  9.4246368772960809E-001  9.4425861269892208E-001  9.4619458620903862E-001  9.4826487642600188E-001
  9.5046294234179018E-001  9.5278207178452334E-001  9.5521527191591438E-001  9.5775524982560445E-001  9.6039442629196803E-001
  9.6312495722190938E-001  9.6593876062391526E-001  9.6882754534230631E-001  9.7178284488720201E-001  9.7479605048171658E-001
  9.7785844653459342E-001  9.8096124597173207E-001  9.8409562963673858E-001  9.8725277769184006E-001  9.9042390525350876E-001
  9.9360028412804913E-001  9.9677330660698393E-001  9.9996019220434118E-001
BLOCK 46   7.3362967251300777E+000
  1.0031910524654055E+000  1.0064301843980643E+000  1.0096313239117802E+000  1.0127868455726279E+000  1.0158895115803084E+000
  1.0189325650945418E+000  1.0219096163042192E+000  1.0248146486550229E+000  1.0276419949052955E+000  1.0303863339887576E+000
  1.0330426805967667E+000  1.0356063776654156E+000  1.0380730858462759E+000  1.0404387734236242E+000  1.0426997071197390E+000
  1.0448524407674149E+000  1.0468938025893246E+000  1.0488208807174637E+000  1.0506310103948049E+000  1.0523217606852020E+000
  1.0538909219714681E+000  1.0553364930215012E+000  1.0566566679211651E+000  1.0578498219950001E+000  1.0589144989684389E+000
  1.0598493963711508E+000  1.0606533520600108E+000  1.0613253257355004E+000  1.0618643223129711E+000  1.0622695567866585E+000
  1.0625410526463406E+000  1.0626749951091641E+000  1.0626749951092964E+000  1.0625410526465711E+000  1.0622695567870615E+000
  1.0618643223135056E+000  1.0613253257361728E+000  1.0606533520607897E+000  1.0598493963720368E+000  1.0589144989694168E+000
  1.0578498219960228E+000  1.0566566679222353E+000  1.0553364930225979E+000  1.0538909219725705E+000  1.0523217606862858E+000
  1.0506310103958350E+000  1.0488208807184143E+000  1.0468938025901819E+000  1.0448524407681945E+000  1.0426997071204687E+000
  1.0404387734242950E+000  1.0380730858468477E+000  1.0356063776658615E+000  1.0330426805970534E+000  1.0303863339888633E+000
  1.0276419949051776E+000  1.0248146486546708E+000  1.0219096163036365E+000  1.0189325650937280E+000  1.0158895115792621E+000
  1.0127868455714084E+000  1.0096313239104484E+000  1.0064301843966343E+000  1.0031910524639374E+000  9.9995123279300302E-001
  9.9663239430986661E-001  9.9333018628683767E-001  9.9002416771438806E-001  9.8672333674533685E-001  9.8343681612230627E-001
  9.8017378694507129E-001  9.7694346542506150E-001  9.7375506453520411E-001  9.7061776193405136E-001  9.6754065985349047E-001
  9.6453274717669701E-001  9.6160286030842368E-001  9.5875964397438840E-001  9.5601151375383786E-001  9.5336664602070842E-001
  9.5083308539677736E-001  9.4841918821335802E-001  9.4613456361633352E-001  9.4399042449955362E-001  9.4199485337422739E-001
  9.4013940107197480E-001  9.3839724513835987E-001  9.3677009252868859E-001  9.3535705801929314E-001  9.3411583539128185E-001
  9.3305394369258432E-001  9.3217050458381168E-001  9.3146683831040777E-001  9.3093850404106138E-001  9.3058658541549277E-001
  9.3041023512963783E-001  9.3041023512938259E-001  9.3058658541498129E-001  9.3093850404038214E-001  9.3146683830947541E-001
  9.3217050458241912E-001  9.3305394369092665E-001  9.3411583538962439E-001  9.3535705801742286E-001  9.3677009252662602E-001
  9.3839724513621070E-001  9.4013940106966454E-001  9.4199485337175992E-001  9.4399042449701065E-001  9.4613456361369674E-001
  9.4841918821033189E-001  9.5083308539407441E-001  9.5336664601767440E-001  9.5601151375117943E-001  9.5875964397165414E-001
  9.6160286030607911E-001  9.6453274717464865E-001  9.6754065985145132E-001  9.7061776193260341E-001  9.7375506453432037E-001
  9.7694346542439769E-001  9.8017378694481905E-001  9.8343681612251765E-001  9.8672333674584811E-001  9.9002416771522306E-001
  9.9333018628792169E-001  9.9663239431115869E-001  9.9995123279523435E-001
BLOCK 47   7.4993255412440796E+000
  1.0033061922211324E+000  1.0066766359859005E+000  1.0100070697629433E+000  1.0132895468098939E+000  1.0165165466842909E+000
  1.0196810601778425E+000  1.0227764675803432E+000  1.0257965416772428E+000  1.0287354232876700E+000  1.0315876180252219E+000
  1.0343479836258944E+000  1.0370117214869656E+000  1.0395743655993877E+000  1.0420317724690380E+000  1.0443801097173624E+000
  1.0466158438402229E+000  1.0487357282796812E+000  1.0507367916782493E+000  1.0526163267033497E+000  1.0543718779794857E+000
  1.0560012327478625E+000  1.0575024181066635E+000  1.0588737142789011E+000  1.0601137101864455E+000  1.0612216915786363E+000
  1.0622011613907143E+000  1.0630391244457849E+000  1.0637238997173486E+000  1.0642738472947286E+000  1.0646869529308876E+000
  1.0649621922484094E+000  1.0650996875057772E+000  1.0650996875059011E+000  1.0649621922487471E+000  1.0646869529314775E+000
  1.0642738472954847E+000  1.0637238997182146E+000  1.0630391244466595E+000  1.0622011613915980E+000  1.0612216915796504E+000
  1.0601137101875420E+000  1.0588737142800595E+000  1.0575024181078270E+000  1.0560012327490016E+000  1.0543718779805822E+000
  1.0526163267044137E+000  1.0507367916792942E+000  1.0487357282807097E+000  1.0466158438412025E+000  1.0443801097182628E+000
  1.0420317724698345E+000  1.0395743656000451E+000  1.0370117214874393E+000  1.0343479836261518E+000  1.0315876180252559E+000
  1.0287354232874368E+000  1.0257965416767363E+000  1.0227764675795858E+000  1.0196810601768707E+000  1.0165165466831241E+000
  1.0132895468085927E+000  1.0100070697615515E+000  1.0066766359844390E+000  1.0033061922196862E+000  9.9993944319928085E-001
  9.9648038349503698E-001  9.9304315727177506E-001  9.8960165468833139E-001  9.8616528245348534E-001  9.8274357463504936E-001
  9.7934612656352060E-001  9.7598256793608062E-001  9.7266251794860048E-001  9.6939553541225221E-001  9.6619104411548040E-001
  9.6305825545708790E-001  9.6000617364392460E-001  9.5704394825724881E-001  9.5418189401166376E-001  9.5143272773280996E-001
  9.4881018145148088E-001  9.4632074597035898E-001  9.4395300434288465E-001  9.4168820887325300E-001  9.3954169423666445E-001
  9.3756550561722996E-001  9.3576478345514980E-001  9.3412960489753982E-001  9.3267523115667206E-001  9.3138966551895097E-001
  9.3029272708955024E-001  9.2936977994927850E-001  9.2863992408600227E-001  9.2808878623645685E-001  9.2772400964047697E-001
  9.2754180197343461E-001  9.2754180197325420E-001  9.2772400963998936E-001  9.2808878623557767E-001  9.2863992408483631E-001
  9.2936977994784820E-001  9.3029272708790967E-001  9.3138966551701974E-001  9.3267523115446238E-001  9.3412960489539010E-001
  9.3576478345303638E-001  9.3756550561487162E-001  9.3954169423395317E-001  9.4168820887060500E-001  9.4395300434010398E-001
  9.4632074596751903E-001  9.4881018144870144E-001  9.5143272772954890E-001  9.5418189400868503E-001  9.5704394825421457E-001
  9.6000617364126117E-001  9.6305825545456869E-001  9.6619104411313150E-001  9.6939553541051804E-001  9.7266251794744019E-001
  9.7598256793506943E-001  9.7934612656290410E-001  9.8274357463497253E-001  9.8616528245367874E-001  9.8960165468900629E-001
  9.9304315727259840E-001  9.9648038349633639E-001  9.9993944320149097E-001
BLOCK 48   7.6623543573580815E+000
  1.0034213808268393E+000  1.0069290913720450E+000  1.0103946860657984E+000  1.0138098813487455E+000  1.0171668622424612E+000
  1.0204583573179313E+000  1.0236775085744629E+000  1.0268178709203941E+000  1.0298733872951147E+000  1.0328383845934455E+000
  1.0357075599970307E+000  1.0384759728416806E+000  1.0411390332402748E+000  1.0436924916879420E+000  1.0461324268460701E+000
  1.0484552350287135E+000  1.0506576212269187E+000  1.0527365929173598E+000  1.0546894648531626E+000  1.0565139107970243E+000
  1.0582081765786735E+000  1.0597713319903386E+000  1.0612008146338614E+000  1.0624853880840492E+000  1.0636271706228053E+000
  1.0646265828965509E+000  1.0654868811607916E+000  1.0662058220378703E+000  1.0667823611290213E+000  1.0672160633193011E+000
  1.0675056896433142E+000  1.0676504645884322E+000  1.0676504645885525E+000  1.0675056896436601E+000  1.0672160633198844E+000
  1.0667823611297931E+000  1.0662058220388182E+000  1.0654868811619003E+000  1.0646265828977490E+000  1.0636271706240055E+000
  1.0624853880852534E+000  1.0612008146350134E+000  1.0597713319914879E+000  1.0582081765798661E+000  1.0565139107982706E+000
  1.0546894648544236E+000  1.0527365929185941E+000  1.0506576212281247E+000  1.0484552350298475E+000  1.0461324268470820E+000
  1.0436924916887971E+000  1.0411390332409369E+000  1.0384759728421045E+000  1.0357075599971832E+000  1.0328383845933335E+000
  1.0298733872947354E+000  1.0268178709197602E+000  1.0236775085736092E+000  1.0204583573168804E+000  1.0171668622412382E+000
  1.0138098813473824E+000  1.0103946860643056E+000  1.0069290913706035E+000  1.0034213808255592E+000  9.9992449515578763E-001
  9.9631633017140742E-001  9.9273799666835993E-001  9.8915492178424380E-001  9.8557694976352761E-001  9.8201404448611918E-001
  9.7847617097310069E-001  9.7497316043914628E-001  9.7151456623315480E-001  9.6810980631865184E-001  9.6476906472456325E-001
  9.6150502103258140E-001  9.5833361160914132E-001  9.5526988249953504E-001  9.5231786840626398E-001  9.4946555832897417E-001
  9.4670247897362159E-001  9.4404762010777110E-001  9.4153569733504927E-001  9.3916908200754934E-001  9.3693837777935207E-001
  9.3489691551724263E-001  9.3304631588514497E-001  9.3137750153146748E-001  9.2988697334115544E-001  9.2856550012035843E-001
  9.2743584359640641E-001  9.2647574968045909E-001  9.2571269085016750E-001  9.2513126158745806E-001  9.2474477429424062E-001
  9.2455143419820485E-001  9.2455143419804597E-001  9.2474477429376067E-001  9.2513126158651304E-001  9.2571269084886298E-001
  9.2647574967888247E-001  9.2743584359469511E-001  9.2856550011847561E-001  9.2988697333904335E-001  9.3137750152912502E-001
  9.3304631588254361E-001  9.3489691551450049E-001  9.3693837777668543E-001  9.3916908200499349E-001  9.4153569733197273E-001
  9.4404762010468568E-001  9.4670247897051507E-001  9.4946555832584290E-001  9.5231786840336929E-001  9.5526988249656819E-001
  9.5833361160585284E-001  9.6150502102951774E-001  9.6476906472212076E-001  9.6810980631664145E-001  9.7151456623148003E-001
  9.7497316043771609E-001  9.7847617097225781E-001  9.8201404448584706E-001  9.8557694976357291E-001  9.8915492178454756E-001
  9.9273799666902707E-001  9.9631633017248877E-001  9.9992449515790205E-001
BLOCK 49   7.8253831734720833E+000
  1.0035361415118398E+000  1.0071873339499082E+000  1.0107942203947646E+000  1.0143481551405560E+000  1.0178410159550777E+000
  1.0212652616315867E+000  1.0246137899947458E+000  1.0278799334532227E+000  1.0310574335994112E+000  1.0341404367056004E+000
  1.0371234801856102E+000  1.0400014855448121E+000  1.0427697472668016E+000  1.0454239245644519E+000  1.0479600377043361E+000
  1.0503744984276540E+000  1.0526642501929344E+000  1.0548270579301122E+000  1.0568611724557806E+000  1.0587616844990078E+000
  1.0605149206973667E+000  1.0621145386214137E+000  1.0635931741259574E+000  1.0649174850121370E+000  1.0661068739979376E+000
  1.0671530330345829E+000  1.0680531968564282E+000  1.0688088155045932E+000  1.0694143235077651E+000  1.0698700617878163E+000
  1.0701748252171717E+000  1.0703272474274754E+000  1.0703272474276027E+000  1.0701748252175578E+000  1.0698700617884447E+000
  1.0694143235086131E+000  1.0688088155056050E+000  1.0680531968575813E+000  1.0671530330357919E+000  1.0661068739992094E+000
  1.0649174850134537E+000  1.0635931741272295E+000  1.0621145386228488E+000  1.0605149206988254E+000  1.0587616845004266E+000
  1.0568611724571966E+000  1.0548270579315235E+000  1.0526642501942860E+000  1.0503744984288803E+000  1.0479600377053817E+000
  1.0454239245652777E+000  1.0427697472673836E+000  1.0400014855451321E+000  1.0371234801856606E+000  1.0341404367053872E+000
  1.0310574335989435E+000  1.0278799334524931E+000  1.0246137899937642E+000  1.0212652616304094E+000  1.0178410159538527E+000
  1.0143481551392630E+000  1.0107942203933480E+000  1.0071873339485979E+000  1.0035361415106703E+000  9.9990604284525753E-001
  9.9613940205723528E-001  9.9241387503339096E-001  9.8868313562526144E-001  9.8495691504557725E-001  9.8124451179179872E-001
  9.7755533051487764E-001  9.7390072005493877E-001  9.7029612814791510E-001  9.6676021826362291E-001  9.6330770696428103E-001
  9.5993996060850184E-001  9.5664692879882118E-001  9.5342666159484279E-001  9.5029935248446651E-001  9.4728769105020905E-001
  9.4439153194109771E-001  9.4161194861084840E-001  9.3898122967464304E-001  9.3651741870852745E-001  9.3424899611519019E-001
  9.3214927534660497E-001  9.3024150526870397E-001  9.2851511162780520E-001  9.2697075353051583E-001  9.2561076947137244E-001
  9.2445133581152261E-001  9.2346325104652882E-001  9.2267331652370599E-001  9.2206881153691511E-001  9.2166235156827625E-001
  9.2145813716932090E-001  9.2145813716906810E-001  9.2166235156760778E-001  9.2206881153601117E-001  9.2267331652262785E-001
  9.2346325104510640E-001  9.2445133580968453E-001  9.2561076946916809E-001  9.2697075352814806E-001  9.2851511162530720E-001
  9.3024150526607019E-001  9.3214927534375913E-001  9.3424899611221157E-001  9.3651741870554983E-001  9.3898122967132780E-001
  9.4161194860794317E-001  9.4439153193803871E-001  9.4728769104687272E-001  9.5029935248118269E-001  9.5342666159152711E-001
  9.5664692879565738E-001  9.5993996060529774E-001  9.6330770696152801E-001  9.6676021826110436E-001  9.7029612814560406E-001
  9.7390072005324912E-001  9.7755533051380894E-001  9.8124451179117977E-001  9.8495691504533123E-001  9.8868313562522903E-001
  9.9241387503392953E-001  9.9613940205814211E-001  9.9990604284722129E-001
BLOCK 50   7.9884119895860852E+000
  1.0036511379738517E+000  1.0074515134929261E+000  1.0112057202007960E+000  1.0149045922875959E+000  1.0185395095815086E+000
  1.0221025626206581E+000  1.0255863770214482E+000  1.0289840623456890E+000  1.0322891631842164E+000  1.0354956471984540E+000
  1.0385978910370302E+000  1.0415906886741029E+000  1.0444693269220735E+000  1.0472298466400989E+000  1.0498693983964682E+000
  1.0523856105777105E+000  1.0547729096016298E+000  1.0570181620754175E+000  1.0591083832369372E+000  1.0610494619329256E+000
  1.0628677473410921E+000  1.0645381980475082E+000  1.0660772651717021E+000  1.0674628165746070E+000  1.0687053388021368E+000
  1.0698019125074765E+000  1.0707435584817442E+000  1.0715355637386792E+000  1.0721712132668786E+000  1.0726496623024711E+000
  1.0729703623346976E+000  1.0731306076961771E+000  1.0731306076963174E+000  1.0729703623351083E+000  1.0726496623031041E+000
  1.0721712132677097E+000  1.0715355637396600E+000  1.0707435584828913E+000  1.0698019125087073E+000  1.0687053388035284E+000
  1.0674628165760607E+000  1.0660772651731978E+000  1.0645381980491455E+000  1.0628677473426922E+000  1.0610494619346948E+000
  1.0591083832386690E+000  1.0570181620769887E+000  1.0547729096029990E+000  1.0523856105789131E+000  1.0498693983974690E+000
  1.0472298466408840E+000  1.0444693269226055E+000  1.0415906886743560E+000  1.0385978910369871E+000  1.0354956471981049E+000
  1.0322891631836217E+000  1.0289840623449036E+000  1.0255863770204721E+000  1.0221025626194864E+000  1.0185395095803358E+000
  1.0149045922863795E+000  1.0112057201995039E+000  1.0074515134917064E+000  1.0036511379728494E+000  9.9988473071813877E-001
  9.9595018838882432E-001  9.9206722776869782E-001  9.8817407106020894E-001  9.8428362502225564E-001  9.8041419790548667E-001
  9.7658580159953923E-001  9.7281106898957126E-001  9.6908951111635444E-001  9.6541569013887596E-001  9.6179552594520401E-001
  9.5824780158395639E-001  9.5478517865580093E-001  9.5140680582484105E-001  9.4812100335373717E-001  9.4495487951061774E-001
  9.4192638892397518E-001  9.3903872991332071E-001  9.3630599673513371E-001  9.3379279575310281E-001  9.3144883393104971E-001
  9.2929366148044423E-001  9.2733297273512860E-001  9.2554780311006357E-001  9.2394695650757774E-001  9.2253819509776025E-001
  9.2133082282178913E-001  9.2030874460410717E-001  9.1949876720713064E-001  9.1888954782090126E-001  9.1848055613108037E-001
  9.1827735766731511E-001  9.1827735766726171E-001  9.1848055613075164E-001  9.1888954782012888E-001  9.1949876720585166E-001
  9.2030874460244516E-001  9.2133082281992029E-001  9.2253819509566903E-001  9.2394695650518810E-001  9.2554780310732487E-001
  9.2733297273224946E-001  9.2929366147745496E-001  9.3144883392792466E-001  9.3379279574991914E-001  9.3630599673155201E-001
  9.3903872991010684E-001  9.4192638892055214E-001  9.4495487950705137E-001  9.4812100335045069E-001  9.5140680582171344E-001
  9.5478517865227042E-001  9.5824780158073419E-001  9.6179552594186135E-001  9.6541569013596640E-001  9.6908951111390651E-001
  9.7281106898768066E-001  9.7658580159797326E-001  9.8041419790427997E-001  9.8428362502152145E-001  9.8817407106003075E-001
  9.9206722776907430E-001  9.9595018838950322E-001  9.9988473071991346E-001
BLOCK 51   8.1514408057000551E+000
  1.0037624426646941E+000  1.0077248802879970E+000  1.0116334170434367E+000  1.0154818631924547E+000  1.0192636048608135E+000
  1.0229710249393780E+000  1.0265961506731212E+000  1.0301314163696658E+000  1.0335699218542977E+000  1.0369055239066542E+000
  1.0401331292998388E+000  1.0432490966742796E+000  1.0462505115687371E+000  1.0491316971483122E+000  1.0518801773156878E+000
  1.0544806676606513E+000  1.0569277355472673E+000  1.0592267995333369E+000  1.0613813348462888E+000  1.0634341207246416E+000
  1.0653180661364769E+000  1.0670675364808053E+000  1.0686788703971739E+000  1.0701304997226140E+000  1.0714304805011285E+000
  1.0725806635600799E+000  1.0735664283957587E+000  1.0743940960559279E+000  1.0750597726965172E+000  1.0755595827944155E+000
  1.0758949767669128E+000  1.0760624380701280E+000  1.0760624380702299E+000  1.0758949767672277E+000  1.0755595827949502E+000
  1.0750597726972766E+000  1.0743940960569187E+000  1.0735664283969626E+000  1.0725806635614386E+000  1.0714304805027077E+000
  1.0701304997242795E+000  1.0686788703988879E+000  1.0670675364826596E+000  1.0653180661382786E+000  1.0634341207262519E+000
  1.0613813348481571E+000  1.0592267995351048E+000  1.0569277355488427E+000  1.0544806676619809E+000  1.0518801773166964E+000
  1.0491316971489943E+000  1.0462505115691283E+000  1.0432490966744150E+000  1.0401331292997396E+000  1.0369055239062714E+000
  1.0335699218536685E+000  1.0301314163689053E+000  1.0265961506721677E+000  1.0229710249382626E+000  1.0192636048597006E+000
  1.0154818631913911E+000  1.0116334170423216E+000  1.0077248802868621E+000  1.0037624426637513E+000  9.9985260963578371E-001
  9.9571797194092371E-001  9.9167158065558025E-001  9.8763467634270785E-001  9.8361680099886561E-001  9.7961774707642446E-001
  9.7563867829134376E-001  9.7169102152915110E-001  9.6778942888866126E-001  9.6393934736603204E-001  9.6014206754207254E-001
  9.5641102733533134E-001  9.5276830992790718E-001  9.4922590891321923E-001  9.4579054682753072E-001  9.4248449922813871E-001
  9.3933375863942359E-001  9.3633881517143491E-001  9.3356334318858103E-001  9.3096463295349674E-001  9.2854914542188793E-001
  9.2632736251063752E-001  9.2429314305385124E-001  9.2244364273471025E-001  9.2079420523152411E-001  9.1934537261659177E-001
  9.1809684652118018E-001  9.1704752779623577E-001  9.1621484031825318E-001  9.1559193999043931E-001  9.1517279149854613E-001
  9.1496857796897069E-001  9.1496857796874276E-001  9.1517279149786046E-001  9.1559193998950994E-001  9.1621484031710743E-001
  9.1704752779477550E-001  9.1809684651929968E-001  9.1934537261432203E-001  9.2079420522899824E-001  9.2244364273194346E-001
  9.2429314305088950E-001  9.2632736250734959E-001  9.2854914541837563E-001  9.3096463295008947E-001  9.3356334318500023E-001
  9.3633881516812278E-001  9.3933375863588175E-001  9.4248449922427158E-001  9.4579054682385622E-001  9.4922590890960457E-001
  9.5276830992418693E-001  9.5641102733176209E-001  9.6014206753881326E-001  9.6393934736305964E-001  9.6778942888603969E-001
  9.7169102152673292E-001  9.7563867828931006E-001  9.7961774707494642E-001  9.8361680099791660E-001  9.8763467634225000E-001
  9.9167158065539152E-001  9.9571797194110712E-001  9.9985260963739298E-001
BLOCK 52   8.3144696218140233E+000
  1.0038399292263513E+000  1.0079676401169113E+000  1.0120527225469029E+000  1.0160750629324633E+000  1.0200193048180299E+000
  1.0238777109991688E+000  1.0276467152219011E+000  1.0313230109105540E+000  1.0349026749641335E+000  1.0383814914059819E+000
  1.0417530025501154E+000  1.0450052038949051E+000  1.0481222599210704E+000  1.0510929585211035E+000  1.0539143463059484E+000
  1.0565858888659734E+000  1.0591093594607286E+000  1.0614958171722826E+000  1.0637881441120411E+000  1.0659081792996412E+000
  1.0678807070206289E+000  1.0697184038613243E+000  1.0714038404339827E+000  1.0729227170845386E+000  1.0742851614412123E+000
  1.0754915817316639E+000  1.0765243440569745E+000  1.0773886345027786E+000  1.0780856984723470E+000  1.0786071878520718E+000
  1.0789560251610453E+000  1.0791306628065225E+000  1.0791306628066331E+000  1.0789560251613777E+000  1.0786071878526378E+000
  1.0780856984731302E+000  1.0773886345038484E+000  1.0765243440582590E+000  1.0754915817331645E+000  1.0742851614429749E+000
  1.0729227170864015E+000  1.0714038404358313E+000  1.0697184038632708E+000  1.0678807070225813E+000  1.0659081793013674E+000
  1.0637881441135915E+000  1.0614958171740774E+000  1.0591093594623924E+000  1.0565858888673985E+000  1.0539143463070892E+000
  1.0510929585219142E+000  1.0481222599215005E+000  1.0450052038949893E+000  1.0417530025499553E+000  1.0383814914055693E+000
  1.0349026749635097E+000  1.0313230109098570E+000  1.0276467152210635E+000  1.0238777109981447E+000  1.0200193048169084E+000
  1.0160750629314361E+000  1.0120527225460405E+000  1.0079676401162190E+000  1.0038399292257589E+000  9.9981229131507632E-001
  9.9551455469076833E-001  9.9132764985785593E-001  9.8713261243564221E-001  9.8294252968766072E-001  9.7876662041970697E-001
  9.7460719751112967E-001  9.7046981103144514E-001  9.6636987449767453E-001  9.6232320057798715E-001  9.5833801797358587E-001
  9.5442515662338323E-001  9.5060618889818460E-001  9.4690057416795093E-001  9.4332126657318383E-001  9.3989278348620986E-001
  9.3662461389378238E-001  9.3357131032062424E-001  9.3069998449595004E-001  9.2801899006427102E-001  9.2553138618502617E-001
  9.2323426025243305E-001  9.2112569995863913E-001  9.1921863141879012E-001  9.1752051196024020E-001  9.1602885598488659E-001
  9.1474542139350756E-001  9.1367628405888057E-001  9.1281958356408255E-001  9.1217157834676788E-001  9.1173042555680628E-001
  9.1151670770598514E-001  9.1151670770586068E-001  9.1173042555631756E-001  9.1217157834585805E-001  9.1281958356275061E-001
  9.1367628405721601E-001  9.1474542139156401E-001  9.1602885598268136E-001  9.1752051195769213E-001  9.1921863141583160E-001
  9.2112569995549254E-001  9.2323426024905764E-001  9.2553138618155406E-001  9.2801899006077604E-001  9.3069998449208668E-001
  9.3357131031676155E-001  9.3662461388989149E-001  9.3989278348210625E-001  9.4332126656938686E-001  9.4690057416432771E-001
  9.5060618889447290E-001  9.5442515661937899E-001  9.5833801797020113E-001  9.6232320057449139E-001  9.6636987449438227E-001
  9.7046981102876295E-001  9.7460719750905156E-001  9.7876662041805751E-001  9.8294252968635465E-001  9.8713261243457617E-001
  9.9132764985735899E-001  9.9551455469068639E-001  9.9981229131644900E-001
BLOCK 53   8.4774984379279914E+000
  1.0039810440365615E+000  1.0082562773828774E+000  1.0124814678523226E+000  1.0166498302985369E+000  1.0207565128926199E+000
  1.0247917227918886E+000  1.0287411148011523E+000  1.0325914484598617E+000  1.0363321849193314E+000  1.0399530241618571E+000
  1.0434440329069090E+000  1.0467973029905786E+000  1.0500057366612403E+000  1.0530642122440907E+000  1.0559747446312744E+000
  1.0587406817702756E+000  1.0613663328533829E+000  1.0639097573864611E+000  1.0662722799062752E+000  1.0684904622734674E+000
  1.0705681778349057E+000  1.0724971258562428E+000  1.0742562853352082E+000  1.0758457281990130E+000  1.0772758146392964E+000
  1.0785381728143471E+000  1.0796179325004864E+000  1.0805212770573995E+000  1.0812526464301533E+000  1.0817993771970846E+000
  1.0821631970701715E+000  1.0823474880795989E+000  1.0823474880797197E+000  1.0821631970705752E+000  1.0817993771977203E+000
  1.0812526464310388E+000  1.0805212770586601E+000  1.0796179325022115E+000  1.0785381728159920E+000  1.0772758146411157E+000
  1.0758457282009688E+000  1.0742562853371329E+000  1.0724971258581872E+000  1.0705681778369192E+000  1.0684904622753628E+000
  1.0662722799078945E+000  1.0639097573877883E+000  1.0613663328549658E+000  1.0587406817716876E+000  1.0559747446324979E+000
  1.0530642122450706E+000  1.0500057366618827E+000  1.0467973029908675E+000  1.0434440329069241E+000  1.0399530241615569E+000
  1.0363321849186937E+000  1.0325914484590435E+000  1.0287411148003123E+000  1.0247917227910874E+000  1.0207565128918294E+000
  1.0166498302977469E+000  1.0124814678516705E+000  1.0082562773824666E+000  1.0039810440363794E+000  9.9979945814095594E-001
  9.9532964147784342E-001  9.9097058145174699E-001  9.8659365447097791E-001  9.8220842299128763E-001  9.7782865187763213E-001
  9.7346425361365485E-001  9.6912258048137490E-001  9.6481719597948867E-001  9.6056707285804521E-001  9.5638803364847302E-001
  9.5229510395976713E-001  9.4830838541551254E-001  9.4444591949112555E-001  9.4073103420565141E-001  9.3718776443687024E-001
  9.3382747648590470E-001  9.3067943990163771E-001  9.2771912419599456E-001  9.2495562776111684E-001  9.2238193729845164E-001
  9.2000613725859037E-001  9.1783750423979571E-001  9.1588304003216015E-001  9.1413567790597783E-001  9.1259614869749650E-001
  9.1127023749368063E-001  9.1016507008471959E-001  9.0927673091146111E-001  9.0860874504549938E-001  9.0816053828043741E-001
  9.0794489867616102E-001  9.0794489867597661E-001  9.0816053827987542E-001  9.0860874504457012E-001  9.0927673091018479E-001
  9.1016507008305203E-001  9.1127023749156533E-001  9.1259614869505978E-001  9.1413567790326711E-001  9.1588304002920573E-001
  9.1783750423674992E-001  9.2000613725519842E-001  9.2238193729475504E-001  9.2495562775725171E-001  9.2771912419185210E-001
  9.3067943989752122E-001  9.3382747648197728E-001  9.3718776443288843E-001  9.4073103420141446E-001  9.4444591948696344E-001
  9.4830838541129248E-001  9.5229510395576289E-001  9.5638803364449265E-001  9.6056707285446041E-001  9.6481719597610560E-001
  9.6912258047861410E-001  9.7346425361117217E-001  9.7782865187537826E-001  9.8220842298949695E-001  9.8659365446980996E-001
  9.9097058145110417E-001  9.9532964147749836E-001  9.9979945814198390E-001
BLOCK 54   8.6405272540419595E+000
  1.0041446704806349E+000  1.0085834012517600E+000  1.0129677143887306E+000  1.0172980355815360E+000  1.0215694374662687E+000
  1.0257686242042379E+000  1.0298803723815881E+000  1.0338914431972450E+000  1.0377866319244848E+000  1.0415467641869838E+000
  1.0451562065305071E+000  1.0486111646515164E+000  1.0519155244817915E+000  1.0550738502688668E+000  1.0580922731191320E+000
  1.0609673839958322E+000  1.0637747743677317E+000  1.0663913020450031E+000  1.0688678433911383E+000  1.0712037788974138E+000
  1.0733858078389875E+000  1.0753958665338001E+000  1.0772331399885251E+000  1.0789048927312390E+000  1.0804078464512024E+000
  1.0817256118633265E+000  1.0828540814796159E+000  1.0838021676719380E+000  1.0845699975033651E+000  1.0851429372992096E+000
  1.0855227023214566E+000  1.0857187091997185E+000  1.0857187091998763E+000  1.0855227023219505E+000  1.0851429372999470E+000
  1.0845699975043610E+000  1.0838021676732430E+000  1.0828540814811740E+000  1.0817256118649319E+000  1.0804078464532962E+000
  1.0789048927338034E+000  1.0772331399907535E+000  1.0753958665357159E+000  1.0733858078408001E+000  1.0712037788992153E+000
  1.0688678433928700E+000  1.0663913020464437E+000  1.0637747743688264E+000  1.0609673839972293E+000  1.0580922731203257E+000
  1.0550738502699424E+000  1.0519155244826366E+000  1.0486111646520091E+000  1.0451562065306794E+000  1.0415467641869107E+000
  1.0377866319241804E+000  1.0338914431967086E+000  1.0298803723808894E+000  1.0257686242035460E+000  1.0215694374657125E+000
  1.0172980355811285E+000  1.0129677143884481E+000  1.0085834012515378E+000  1.0041446704806010E+000  9.9979028688099025E-001
  9.9512587388176210E-001  9.9056601088722351E-001  9.8598224089634334E-001  9.8138361942772856E-001  9.7678432829405482E-001
  9.7219943032291034E-001  9.6764219796398832E-001  9.6312811114843899E-001  9.5867594083054342E-001  9.5430481693213576E-001
  9.5003530261782099E-001  9.4588366368855104E-001  9.4186546560093320E-001  9.3802308478568353E-001  9.3436537458090607E-001
  9.3091650236457346E-001  9.2766943917411859E-001  9.2461604759394855E-001  9.2176001261766016E-001  9.1910852524300524E-001
  9.1666862024358631E-001  9.1443876808832425E-001  9.1241792228334839E-001  9.1060877467650692E-001  9.0902218549723013E-001
  9.0765972451844901E-001  9.0651978513361209E-001  9.0560453814751918E-001  9.0491657033890249E-001  9.0445528133049002E-001
  9.0422693800189125E-001  9.0422693800168186E-001  9.0445528132986863E-001  9.0491657033785389E-001  9.0560453814611919E-001
  9.0651978513185949E-001  9.0765972451634214E-001  9.0902218549488623E-001  9.1060877467382539E-001  9.1241792228025775E-001
  9.1443876808496782E-001  9.1666862023985374E-001  9.1910852523910624E-001  9.2176001261380491E-001  9.2461604758995763E-001
  9.2766943916978595E-001  9.3091650236012347E-001  9.3436537457644875E-001  9.3802308478107821E-001  9.4186546559666007E-001
  9.4588366368456489E-001  9.5003530261384972E-001  9.5430481692766955E-001  9.5867594082667207E-001  9.6312811114470975E-001
  9.6764219796032391E-001  9.7219943031995615E-001  9.7678432829164419E-001  9.8138361942582186E-001  9.8598224089495523E-001
  9.9056601088604646E-001  9.9512587388091323E-001  9.9979028688181737E-001
BLOCK 55   8.8035560701559277E+000
  1.0042987745192584E+000  1.0089434606506160E+000  1.0135307086193668E+000  1.0180513707091665E+000  1.0224919997118285E+000
  1.0268402325811368E+000  1.0310871276027531E+000  1.0352223200680364E+000  1.0392327592532775E+000  1.0431081774282649E+000
  1.0468430426678061E+000  1.0504322468399907E+000  1.0538692277975583E+000  1.0571589851378413E+000  1.0602955116626416E+000
  1.0633512948188726E+000  1.0662343545589017E+000  1.0689862218802348E+000  1.0715964136103919E+000  1.0740459180331245E+000
  1.0763189047224431E+000  1.0784186123238084E+000  1.0803517749366991E+000  1.0821103706238813E+000  1.0836798085017443E+000
  1.0850549260433067E+000  1.0862420181156165E+000  1.0872430396013402E+000  1.0880473961526804E+000  1.0886439488065178E+000
  1.0890411329532503E+000  1.0892496071334326E+000  1.0892496071336042E+000  1.0890411329537348E+000  1.0886439488072697E+000
  1.0880473961536736E+000  1.0872430396026886E+000  1.0862420181170993E+000  1.0850549260452578E+000  1.0836798085033599E+000
  1.0821103706260149E+000  1.0803517749389129E+000  1.0784186123264061E+000  1.0763189047248749E+000  1.0740459180349959E+000
  1.0715964136119065E+000  1.0689862218816419E+000  1.0662343545601771E+000  1.0633512948198756E+000  1.0602955116637971E+000
  1.0571589851387988E+000  1.0538692277984436E+000  1.0504322468407223E+000  1.0468430426682775E+000  1.0431081774285236E+000
  1.0392327592533619E+000  1.0352223200680024E+000  1.0310871276025886E+000  1.0268402325808244E+000  1.0224919997114259E+000
  1.0180513707088885E+000  1.0135307086193646E+000  1.0089434606508281E+000  1.0042987745195688E+000  9.9976169849481000E-001
  9.9486161911054416E-001  9.9008388233803468E-001  9.8527702024305619E-001  9.8045201340429566E-001  9.7562456599883118E-001
  9.7081299762576301E-001  9.6603586333811586E-001  9.6131092660541706E-001  9.5665469760878985E-001  9.5209002537471543E-001
  9.4764589416672207E-001  9.4332965309596306E-001  9.3915579036977959E-001  9.3519359847988426E-001  9.3143508873612024E-001
  9.2788731516831069E-001  9.2453435545273199E-001  9.2138939132682718E-001  9.1844891235042159E-001  9.1571873350402222E-001
  9.1319887815627798E-001  9.1089343310293580E-001  9.0880814204825522E-001  9.0694877581427336E-001  9.0531834707194725E-001
  9.0391271599353795E-001  9.0273214826723625E-001  9.0178936077850413E-001  9.0108219699745651E-001  9.0060850850670082E-001
  9.0036832054709670E-001  9.0036832054689775E-001  9.0060850850607554E-001  9.0108219699640313E-001  9.0178936077711525E-001
  9.0273214826547532E-001  9.0391271599138012E-001  9.0531834706945014E-001  9.0694877581134448E-001  9.0880814204497384E-001
  9.1089343309954030E-001  9.1319887815265932E-001  9.1571873350004951E-001  9.1844891234615900E-001  9.2138939132242870E-001
  9.2453435544817364E-001  9.2788731516386191E-001  9.3143508873185343E-001  9.3519359847530170E-001  9.3915579036510000E-001
  9.4332965309136729E-001  9.4764589416206091E-001  9.5209002537017606E-001  9.5665469760434196E-001  9.6131092660161022E-001
  9.6603586333432989E-001  9.7081299762258522E-001  9.7562456599608283E-001  9.8045201340174593E-001  9.8527702024100605E-001
  9.9008388233658673E-001  9.9486161910955961E-001  9.9976169849548757E-001
BLOCK 56   8.9665848862698958E+000
  1.0044629658879125E+000  1.0093414459427283E+000  1.0141432932815762E+000  1.0188550442138600E+000  1.0234638533584981E+000
  1.0279611302138962E+000  1.0323409206550482E+000  1.0365952119592940E+000  1.0407166531109333E+000  1.0447037013607490E+000
  1.0485568183106935E+000  1.0522687097840142E+000  1.0558383226760508E+000  1.0592901894659348E+000  1.0625969167319220E+000
  1.0658056375062195E+000  1.0688437006826172E+000  1.0717341144375396E+000  1.0744475652199037E+000  1.0769913800707047E+000
  1.0793728963750366E+000  1.0815879749357895E+000  1.0836212732679922E+000  1.0854577517078852E+000  1.0870962300156868E+000
  1.0885433387222323E+000  1.0897954937710432E+000  1.0908444742607557E+000  1.0916828464850423E+000  1.0923076274240173E+000
  1.0927298480217613E+000  1.0929510716176805E+000  1.0929510716178312E+000  1.0927298480221985E+000  1.0923076274247814E+000
  1.0916828464861301E+000  1.0908444742618553E+000  1.0897954937724763E+000  1.0885433387240451E+000  1.0870962300172575E+000
  1.0854577517098902E+000  1.0836212732699850E+000  1.0815879749377766E+000  1.0793728963776037E+000  1.0769913800730682E+000
  1.0744475652220393E+000  1.0717341144393122E+000  1.0688437006839395E+000  1.0658056375071066E+000  1.0625969167327958E+000
  1.0592901894667135E+000  1.0558383226769672E+000  1.0522687097849186E+000  1.0485568183115253E+000  1.0447037013614888E+000
  1.0407166531114540E+000  1.0365952119596342E+000  1.0323409206553515E+000  1.0279611302141978E+000  1.0234638533587024E+000
  1.0188550442139599E+000  1.0141432932817136E+000  1.0093414459430534E+000  1.0044629658885325E+000  9.9971949180634656E-001
  9.9452942082507356E-001  9.8950344536920898E-001  9.8445628269037200E-001  9.7939962092195132E-001  9.7434433570672352E-001
  9.6930549760376339E-001  9.6430581324139042E-001  9.5936626038801132E-001  9.5449990426966158E-001  9.4973580695813098E-001
  9.4511739818102491E-001  9.4064474288771838E-001  9.3632059535098022E-001  9.3226436310073457E-001  9.2838945723666977E-001
  9.2473912045283269E-001  9.2128421149525908E-001  9.1803967414825305E-001  9.1500296327610087E-001  9.1218327854327386E-001
  9.0958515001085005E-001  9.0721365522704145E-001  9.0506809405709221E-001  9.0314961660451798E-001  9.0146432652312236E-001
  9.0001445444167372E-001  8.9880161729768027E-001  8.9783145445391399E-001  8.9710122262483727E-001  8.9661266519164140E-001
  8.9636537794524684E-001  8.9636537794509530E-001  8.9661266519109273E-001  8.9710122262385605E-001  8.9783145445250923E-001
  8.9880161729576535E-001  9.0001445443931627E-001  9.0146432652052244E-001  9.0314961660161619E-001  9.0506809405380573E-001
  9.0721365522341180E-001  9.0958515000691620E-001  9.1218327853905345E-001  9.1500296327175312E-001  9.1803967414397103E-001
  9.2128421149079709E-001  9.2473912044813178E-001  9.2838945723192479E-001  9.3226436309586636E-001  9.3632059534597190E-001
  9.4064474288287669E-001  9.4511739817630880E-001  9.4973580695381776E-001  9.5449990426469622E-001  9.5936626038377715E-001
  9.6430581323692188E-001  9.6930549759967788E-001  9.7434433570355805E-001  9.7939962091929389E-001  9.8445628268804608E-001
  9.8950344536751866E-001  9.9452942082367424E-001  9.9971949180668029E-001
BLOCK 57   9.1296137023838639E+000
  1.0046076517174989E+000  1.0097224015078945E+000  1.0147422941920490E+000  1.0196523487702391E+000  1.0244405801433512E+000
  1.0290991944848118E+000  1.0336234900212717E+000  1.0380097099074965E+000  1.0422554368142576E+000  1.0463634894420408E+000
  1.0503397758514541E+000  1.0541718875951822E+000  1.0578747332230900E+000  1.0614977972463304E+000  1.0649878696081434E+000
  1.0683563946171455E+000  1.0715405130944833E+000  1.0745552406039782E+000  1.0774127667552171E+000  1.0800988107653604E+000
  1.0826035043574329E+000  1.0849121114364517E+000  1.0870232087381417E+000  1.0889432761275337E+000  1.0906743581043721E+000
  1.0922039976274232E+000  1.0935139044660607E+000  1.0946066493417748E+000  1.0954892953234889E+000  1.0961540704110486E+000
  1.0965977981218680E+000  1.0968198680933354E+000  1.0968198680934242E+000  1.0965977981221400E+000  1.0961540704117743E+000
  1.0954892953245148E+000  1.0946066493426876E+000  1.0935139044674431E+000  1.0922039976288063E+000  1.0906743581058886E+000
  1.0889432761293554E+000  1.0870232087401905E+000  1.0849121114381399E+000  1.0826035043592808E+000  1.0800988107676692E+000
  1.0774127667575839E+000  1.0745552406060948E+000  1.0715405130960762E+000  1.0683563946183681E+000  1.0649878696094097E+000
  1.0614977972472597E+000  1.0578747332241045E+000  1.0541718875961066E+000  1.0503397758523756E+000  1.0463634894431078E+000
  1.0422554368153385E+000  1.0380097099084427E+000  1.0336234900220513E+000  1.0290991944854855E+000  1.0244405801440264E+000
  1.0196523487710143E+000  1.0147422941928901E+000  1.0097224015086956E+000  1.0046076517184011E+000  9.9966334647940558E-001
  9.9416163679484215E-001  9.8886664239072752E-001  9.8355031237479029E-001  9.7823250599139500E-001  9.7292667091890794E-001
  9.6764801818838031E-001  9.6242396483975456E-001  9.5727616397772086E-001  9.5220768061666528E-001  9.4724741258514678E-001
  9.4245483181322842E-001  9.3783535876915070E-001  9.3339557571763987E-001  9.2922061086497598E-001  9.2523649151833021E-001
  9.2146517870904354E-001  9.1789503855365751E-001  9.1454551300466735E-001  9.1141946341411306E-001  9.0851527580648539E-001
  9.0583642723660152E-001  9.0338863690949400E-001  9.0117434362375393E-001  8.9919692117654848E-001  8.9746249897109565E-001
  8.9597145805183676E-001  8.9472380177331667E-001  8.9371955032525463E-001  8.9296487531319735E-001  8.9246351381092259E-001
  8.9221428508029299E-001  8.9221428508005862E-001  8.9246351381017286E-001  8.9296487531203561E-001  8.9371955032381567E-001
  8.9472380177150546E-001  8.9597145804956657E-001  8.9746249896839236E-001  8.9919692117339534E-001  9.0117434362019644E-001
  9.0338863690567894E-001  9.0583642723270563E-001  9.0851527580239289E-001  9.1141946340973801E-001  9.1454551300011522E-001
  9.1789503854885668E-001  9.2146517870397349E-001  9.2523649151325027E-001  9.2922061086012864E-001  9.3339557571273468E-001
  9.3783535876414836E-001  9.4245483180812406E-001  9.4724741258017542E-001  9.5220768061162153E-001  9.5727616397275284E-001
  9.6242396483527670E-001  9.6764801818413315E-001  9.7292667091539664E-001  9.7823250598815070E-001  9.8355031237182056E-001
  9.8886664238852173E-001  9.9416163679335401E-001  9.9966334647960209E-001
BLOCK 58   9.2926425184978321E+000
  1.0046991630644944E+000  1.0100513632092298E+000  1.0152933538745270E+000  1.0204097205725740E+000  1.0253902789026728E+000
  1.0302274808393057E+000  1.0349172152470520E+000  1.0394585101049958E+000  1.0438478038683927E+000  1.0480918383692637E+000
  1.0522137999984940E+000  1.0561892437663494E+000  1.0600255550410607E+000  1.0638631325212569E+000  1.0674731885781905E+000
  1.0709508280362170E+000  1.0743038246281942E+000  1.0774911888062948E+000  1.0805128796614223E+000  1.0833323555233931E+000
  1.0859494254057185E+000  1.0883752338749213E+000  1.0906041482557227E+000  1.0926260408824793E+000  1.0944353236411761E+000
  1.0960243178859184E+000  1.0973899116565344E+000  1.0985419162094248E+000  1.0994795087587594E+000  1.1001853416611038E+000
  1.1006471015568429E+000  1.1008708672219554E+000  1.1008708672219785E+000  1.1006471015570927E+000  1.1001853416617371E+000
  1.0994795087593279E+000  1.0985419162102474E+000  1.0973899116578216E+000  1.0960243178872178E+000  1.0944353236423632E+000
  1.0926260408838755E+000  1.0906041482575306E+000  1.0883752338766217E+000  1.0859494254072728E+000  1.0833323555250114E+000
  1.0805128796633441E+000  1.0774911888085292E+000  1.0743038246303516E+000  1.0709508280382944E+000  1.0674731885798496E+000
  1.0638631325222980E+000  1.0600255550427256E+000  1.0561892437677951E+000  1.0522137999996735E+000  1.0480918383703923E+000
  1.0438478038695458E+000  1.0394585101062843E+000  1.0349172152484887E+000  1.0302274808407190E+000  1.0253902789039713E+000
  1.0204097205738218E+000  1.0152933538757274E+000  1.0100513632105557E+000  1.0046991630661883E+000  9.9957916696777549E-001
  9.9374105104204680E-001  9.8817175492001941E-001  9.8257417254773627E-001  9.7697777043326783E-001  9.7139999472013860E-001
  9.6585691849742572E-001  9.6038575580947894E-001  9.5502187601559230E-001  9.4976727516025161E-001  9.4463312879806771E-001
  9.3967248249110980E-001  9.3491073135322633E-001  9.3037327535042080E-001  9.2605707780597601E-001  9.2193587945653654E-001
  9.1804362178185828E-001  9.1437413597852490E-001  9.1092299006690325E-001  9.0769645821190459E-001  9.0469548862018057E-001
  9.0193210407072422E-001  8.9941173124314577E-001  8.9713324482025858E-001  8.9509720129748516E-001  8.9330679268142132E-001
  8.9176749981743664E-001  8.9048338945248617E-001  8.8945318460907030E-001  8.8867847546691459E-001  8.8815945481400360E-001
  8.8789938397805435E-001  8.8789938397791057E-001  8.8815945481344616E-001  8.8867847546582002E-001  8.8945318460747402E-001
  8.9048338945038952E-001  8.9176749981489489E-001  8.9330679267857493E-001  8.9509720129442027E-001  8.9713324481688750E-001
  8.9941173123940632E-001  9.0193210406669078E-001  9.0469548861578664E-001  9.0769645820713230E-001  9.1092299006198985E-001
  9.1437413597365458E-001  9.1804362177694654E-001  9.2193587945132882E-001  9.2605707780067914E-001  9.3037327534514924E-001
  9.3491073134778879E-001  9.3967248248571933E-001  9.4463312879274186E-001  9.4976727515560799E-001  9.5502187601079369E-001
  9.6038575580428176E-001  9.6585691849248734E-001  9.7139999471609939E-001  9.7697777042987100E-001  9.8257417254473300E-001
  9.8817175491746745E-001  9.9374105103998189E-001  9.9957916696747195E-001
BLOCK 59   9.4556713346118002E+000
  1.0047114818571750E+000  1.0103083147325749E+000  1.0157804068201832E+000  1.0211131656999690E+000  1.0262992425468069E+000
  1.0313297615006563E+000  1.0362026286787247E+000  1.0409260488097405E+000  1.0454905260354073E+000  1.0498899823477730E+000
  1.0541711829481053E+000  1.0583231544837979E+000  1.0623447851634995E+000  1.0662801543155449E+000  1.0700782989153241E+000
  1.0737290118037661E+000  1.0772412183227542E+000  1.0805515521089546E+000  1.0836857902612542E+000  1.0866486713993810E+000
  1.0894222203121686E+000  1.0920000018389369E+000  1.0943523451134556E+000  1.0964665192649123E+000  1.0983592227319976E+000
  1.1000350390420905E+000  1.1014821954942096E+000  1.1026881829871058E+000  1.1036509951527069E+000  1.1043793559311710E+000
  1.1048744132016775E+000  1.1051272416970463E+000  1.1051272416969522E+000  1.1048744132020027E+000  1.1043793559317594E+000
  1.1036509951530398E+000  1.1026881829876540E+000  1.1014821954951219E+000  1.1000350390432441E+000  1.0983592227329493E+000
  1.0964665192659129E+000  1.0943523451146457E+000  1.0920000018403626E+000  1.0894222203135269E+000  1.0866486714009829E+000
  1.0836857902631416E+000  1.0805515521109681E+000  1.0772412183248030E+000  1.0737290118059293E+000  1.0700782989175424E+000
  1.0662801543175673E+000  1.0623447851654679E+000  1.0583231544855676E+000  1.0541711829499429E+000  1.0498899823497270E+000
  1.0454905260371321E+000  1.0409260488112890E+000  1.0362026286802801E+000  1.0313297615022847E+000  1.0262992425486903E+000
  1.0211131657021162E+000  1.0157804068222949E+000  1.0103083147347061E+000  1.0047114818594021E+000  9.9897929385486506E-001
  9.9323211559062263E-001  9.8738663452836495E-001  9.8150515691632245E-001  9.7562777076549767E-001  9.6978005166118664E-001
  9.6397561614935978E-001  9.5824770492447076E-001  9.5264228226450554E-001  9.4718012015890130E-001  9.4187168463518078E-001
  9.3674263485082987E-001  9.3186364292682389E-001  9.2719453400822127E-001  9.2275404523839089E-001  9.1852205375500029E-001
  9.1450692527669786E-001  9.1071062576539008E-001  9.0713827634248190E-001  9.0381252177086413E-001  9.0072853685006926E-001
  8.9788468486472472E-001  8.9528314373139861E-001  8.9292949279763301E-001  8.9083188814216197E-001  8.8899135517565941E-001
  8.8740846270168205E-001  8.8608402886364146E-001  8.8502169002356768E-001  8.8422337219928770E-001  8.8369089010961577E-001
  8.8342434933420100E-001  8.8342434933392777E-001  8.8369089010878799E-001  8.8422337219795999E-001  8.8502169002189768E-001
  8.8608402886166981E-001  8.8740846269929141E-001  8.8899135517284167E-001  8.9083188813898539E-001  8.9292949279403400E-001
  8.9528314372736795E-001  8.9788468486043505E-001  9.0072853684564336E-001  9.0381252176623084E-001  9.0713827633752786E-001
  9.1071062576018991E-001  9.1450692527139810E-001  9.1852205374950002E-001  9.2275404523276205E-001  9.2719453400275820E-001
  9.3186364292158508E-001  9.3674263484562947E-001  9.4187168462949022E-001  9.4718012015357933E-001  9.5264228225894565E-001
  9.5824770491937650E-001  9.6397561614452432E-001  9.6978005165702430E-001  9.7562777076187346E-001  9.8150515691245555E-001
  9.8738663452537978E-001  9.9323211558815439E-001  9.9897929385405915E-001
BLOCK 60   9.6187001507257683E+000
  1.0046179534151654E+000  1.0104715537037821E+000  1.0161850168619033E+000  1.0217483353932018E+000  1.0271614174523787E+000
  1.0324094435310665E+000  1.0374820387169457E+000  1.0424016478971985E+000  1.0471707116269471E+000  1.0517537992131234E+000
  1.0561883344527196E+000  1.0605439250806532E+000  1.0647926764527693E+000  1.0689125711476108E+000  1.0728546296996051E+000
  1.0766209898705112E+000  1.0802627656785653E+000  1.0837399907914527E+000  1.0870408101479312E+000  1.0901586863046595E+000
  1.0930527667418821E+000  1.0957317776828530E+000  1.0982043560903456E+000  1.1004549292910901E+000  1.1024724068212901E+000
  1.1042445988064873E+000  1.1057632346111044E+000  1.1070272439473856E+000  1.1080384176275162E+000  1.1087980509031055E+000
  1.1093064751074908E+000  1.1095615947196256E+000  1.1095615947194339E+000  1.1093064751074815E+000  1.1087980509035682E+000
  1.1080384176280003E+000  1.1070272439476854E+000  1.1057632346115389E+000  1.1042445988069880E+000  1.1024724068219141E+000
  1.1004549292918246E+000  1.0982043560913115E+000  1.0957317776839988E+000  1.0930527667430767E+000  1.0901586863058892E+000
  1.0870408101494253E+000  1.0837399907931458E+000  1.0802627656811503E+000  1.0766209898730987E+000  1.0728546297017982E+000
  1.0689125711497545E+000  1.0647926764551845E+000  1.0605439250831454E+000  1.0561883344554805E+000  1.0517537992156407E+000
  1.0471707116291611E+000  1.0424016478995313E+000  1.0374820387193822E+000  1.0324094435333557E+000  1.0271614174547012E+000
  1.0217483353956449E+000  1.0161850168643749E+000  1.0104715537065105E+000  1.0046179534182895E+000  9.9861850428243149E-001
  9.9260615074937575E-001  9.8649343199921569E-001  9.8033778467982280E-001  9.7418059622198494E-001  9.6805948642370399E-001
  9.6199662628173754E-001  9.5601688465158197E-001  9.5015914205013663E-001  9.4446658532754879E-001  9.3897174074621659E-001
  9.3368630059417668E-001  9.2867499748918014E-001  9.2388175749591694E-001  9.1930934821729615E-001  9.1494370572205308E-001
  9.1080288003918841E-001  9.0689910655871175E-001  9.0322570871835040E-001  8.9979322466613731E-001  8.9660340928033133E-001
  8.9366369404654311E-001  8.9098474164823271E-001  8.8856694376508760E-001  8.8640905284787153E-001  8.8451211522882855E-001
  8.8287879622426080E-001  8.8151426075942296E-001  8.8042173559243575E-001  8.7960107374137886E-001  8.7905265042822811E-001
  8.7877755853905670E-001  8.7877755853884720E-001  8.7905265042752789E-001  8.7960107374019481E-001  8.8042173559080594E-001
  8.8151426075734240E-001  8.8287879622163978E-001  8.8451211522578443E-001  8.8640905284453086E-001  8.8856694376146395E-001
  8.9098474164425567E-001  8.9366369404218748E-001  8.9660340927568272E-001  8.9979322466126399E-001  9.0322570871316987E-001
  9.0689910655324757E-001  9.1080288003368759E-001  9.1494370571665162E-001  9.1930934821180643E-001  9.2388175749011048E-001
  9.2867499748342464E-001  9.3368630058848867E-001  9.3897174074027401E-001  9.4446658532190486E-001  9.5015914204452190E-001
  9.5601688464655021E-001  9.6199662627685967E-001  9.6805948641915762E-001  9.7418059621791053E-001  9.8033778467593513E-001
  9.8649343199559725E-001  9.9260615074610570E-001  9.9861850428018695E-001
BLOCK 61   9.7817289668397365E+000
  1.0044069027553526E+000  1.0105229905434479E+000  1.0164913522127117E+000  1.0223031452212212E+000  1.0279639901485198E+000
  1.0334579884591850E+000  1.0387559359068717E+000  1.0438745131070324E+000  1.0488550394552791E+000  1.0536779298984864E+000
  1.0583260816935611E+000  1.0628955081132700E+000  1.0673084629037510E+000  1.0716000104847576E+000  1.0757416322639461E+000
  1.0797131601870507E+000  1.0835251635193586E+000  1.0871403953160927E+000  1.0905494400331921E+000  1.0937844873928815E+000
  1.0968250026266855E+000  1.0996495301930489E+000  1.1022594783690298E+000  1.1046298963741634E+000  1.1067405504748489E+000
  1.1085964619244415E+000  1.1102008099549747E+000  1.1115512769349716E+000  1.1126375626071137E+000  1.1134444850818923E+000
  1.1139698497121977E+000  1.1142259831349841E+000  1.1142259831349124E+000  1.1139698497120272E+000  1.1134444850820522E+000
  1.1126375626072358E+000  1.1115512769348646E+000  1.1102008099550928E+000  1.1085964619248032E+000  1.1067405504752603E+000
  1.1046298963745260E+000  1.1022594783694104E+000  1.0996495301936118E+000  1.0968250026277195E+000  1.0937844873943454E+000
  1.0905494400346434E+000  1.0871403953175918E+000  1.0835251635207157E+000  1.0797131601901164E+000  1.0757416322665774E+000
  1.0716000104876859E+000  1.0673084629067529E+000  1.0628955081160529E+000  1.0583260816967723E+000  1.0536779299016579E+000
  1.0488550394585614E+000  1.0438745131104272E+000  1.0387559359100098E+000  1.0334579884620474E+000  1.0279639901515880E+000
  1.0223031452245293E+000  1.0164913522159549E+000  1.0105229905467068E+000  1.0044069027588287E+000  9.9814060031892449E-001
  9.9185562575296604E-001  9.8547585987402542E-001  9.7905277383970180E-001  9.7261979688847378E-001  9.6621928852537420E-001
  9.5989244503064353E-001  9.5367317812866748E-001  9.4759001830338818E-001  9.4167368206402213E-001  9.3596591584823730E-001
  9.3054857875652597E-001  9.2535301496638422E-001  9.2039552105401945E-001  9.1568147678209300E-001  9.1119706622677477E-001
  9.0694432162842165E-001  9.0292696168987230E-001  8.9914179628249125E-001  8.9560366117126489E-001  8.9232225617613536E-001
  8.8929737477892912E-001  8.8653458559236786E-001  8.8403589690618023E-001  8.8180545495545137E-001  8.7985129818987295E-001
  8.7817482649433043E-001  8.7677466267274229E-001  8.7532785293674686E-001  8.7490109306088204E-001  8.7461584124587766E-001
  8.7447218874220500E-001  8.7447218874208754E-001  8.7461584124554115E-001  8.7490109306260400E-001  8.7532785293583659E-001
  8.7677466267063020E-001  8.7817482649175871E-001  8.7985129818683272E-001  8.8180545495199547E-001  8.8403589690234896E-001
  8.8653458558820275E-001  8.8929737477438586E-001  8.9232225617122585E-001  8.9560366116616319E-001  8.9914179627732227E-001
  9.0292696168454123E-001  9.0694432162280936E-001  9.1119706622101537E-001  9.1568147677627920E-001  9.2039552104790678E-001
  9.2535301496021183E-001  9.3054857875062680E-001  9.3596591584293376E-001  9.4167368205898083E-001  9.4759001829762546E-001
  9.5367317812338315E-001  9.5989244502495663E-001  9.6621928852039218E-001  9.7261979688334910E-001  9.7905277383477807E-001
  9.8547585986958908E-001  9.9185562574906272E-001  9.9814060031598373E-001
BLOCK 62   9.9447577829537046E+000
  1.0040751517300099E+000  1.0104604111872824E+000  1.0167031792939829E+000  1.0227804251726764E+000  1.0286865534886196E+000
  1.0344290532400064E+000  1.0399964698251891E+000  1.0453648859554279E+000  1.0505447578577545E+000  1.0555919226395913E+000
  1.0605146477169827E+000  1.0653334771625755E+000  1.0699964224618821E+000  1.0744985154212643E+000  1.0787954582227575E+000
  1.0829194820012875E+000  1.0868918723342766E+000  1.0906842504086212E+000  1.0942705076684098E+000  1.0976618989997995E+000
  1.1008401092391857E+000  1.1037701870736287E+000  1.1064683231238241E+000  1.1089432855951087E+000  1.1111749680596996E+000
  1.1131522175627679E+000  1.1148568436483215E+000  1.1162710465053101E+000  1.1174033169942859E+000  1.1182685780423229E+000
  1.1188636812631827E+000  1.1191707352891223E+000  1.1191707352890201E+000  1.1188636812630437E+000  1.1182685780421624E+000
  1.1174033169941109E+000  1.1162710465050094E+000  1.1148568436480499E+000  1.1131522175626378E+000  1.1111749680595335E+000
  1.1089432855953127E+000  1.1064683231243293E+000  1.1037701870740391E+000  1.1008401092395144E+000  1.0976618990004048E+000
  1.0942705076697103E+000  1.0906842504103031E+000  1.0868918723362997E+000  1.0829194820039934E+000  1.0787954582252546E+000
  1.0744985154239737E+000  1.0699964224652723E+000  1.0653334771660861E+000  1.0605146477207530E+000  1.0555919226437203E+000
  1.0505447578620513E+000  1.0453648859596520E+000  1.0399964698293487E+000  1.0344290532441434E+000  1.0286865534927889E+000
  1.0227804251766537E+000  1.0167031792976953E+000  1.0104604111911561E+000  1.0040751517342055E+000  9.9754558739316501E-001
  9.9096885197113060E-001  9.8430523353935229E-001  9.7761291175508935E-001  9.7092386031951039E-001  9.6426620438525834E-001
  9.5767726653043928E-001  9.5120712988565259E-001  9.4490022327110823E-001  9.3878098891342632E-001  9.3288838424498721E-001
  9.2728386198622947E-001  9.2192142689871170E-001  9.1679926111392207E-001  9.1191864376583365E-001  9.0727680631022423E-001
  9.0288722215319150E-001  8.9875583005092530E-001  8.9487543562753369E-001  8.9124702663059041E-001  8.8787425572835643E-001
  8.8475781713165735E-001  8.8190874564589827E-001  8.7933695459614725E-001  8.7704494565735225E-001  8.7501968188180268E-001
  8.7329864756678499E-001  8.7184740693684348E-001  8.7068247422968104E-001  8.6981146795322251E-001  8.6923313418764447E-001
  8.6894515423082397E-001  8.6894515423053409E-001  8.6923313418682346E-001  8.6981146795189224E-001  8.7068247422789546E-001
  8.7184740693475815E-001  8.7329864756426090E-001  8.7501968188036516E-001  8.7704494565387003E-001  8.7933695459204975E-001
  8.8190874564147870E-001  8.8475781712704127E-001  8.8787425572347589E-001  8.9124702662540634E-001  8.9487543562215166E-001
  8.9875583004534665E-001  9.0288722214721584E-001  9.0727680630395735E-001  9.1191864375966514E-001  9.1679926110807630E-001
  9.2192142689313994E-001  9.2728386198043977E-001  9.3288838423924880E-001  9.3878098890772976E-001  9.4490022326519008E-001
  9.5120712987996958E-001  9.5767726652457286E-001  9.6426620437960464E-001  9.7092386031409494E-001  9.7761291174975840E-001
  9.8430523353447619E-001  9.9096885196650841E-001  9.9754558738888621E-001
BLOCK 63   1.0107786599067673E+001
  1.0036054886537862E+000  1.0102651437617534E+000  1.0167973434686091E+000  1.0231720478879509E+000  1.0293518575653711E+000
  1.0353350619803066E+000  1.0411559624036038E+000  1.0468215944173966E+000  1.0522981892642074E+000  1.0575999535777474E+000
  1.0627704578876356E+000  1.0678258843812076E+000  1.0727173745763467E+000  1.0774470846963475E+000  1.0819827196825273E+000
  1.0863370952476168E+000  1.0905057010210091E+000  1.0944547420323649E+000  1.0981769393334677E+000  1.1016966420094465E+000
  1.1050144578349479E+000  1.1080982860511417E+000  1.1109361954476515E+000  1.1135227791686577E+000  1.1158348067986619E+000
  1.1178772709308478E+000  1.1196709518270493E+000  1.1211994615663472E+000  1.1224344820275234E+000  1.1233605834386122E+000
  1.1244801717004547E+000  1.1246309625722466E+000  1.1246309625722233E+000  1.1244801717003716E+000  1.1233605834381934E+000
  1.1224344820269681E+000  1.1211994615658993E+000  1.1196709518267647E+000  1.1178772709304778E+000  1.1158348067980159E+000
  1.1135227791680524E+000  1.1109361954475772E+000  1.1080982860513933E+000  1.1050144578353394E+000  1.1016966420102281E+000
  1.0981769393344092E+000  1.0944547420331665E+000  1.0905057010227792E+000  1.0863370952497275E+000  1.0819827196855383E+000
  1.0774470846995785E+000  1.0727173745805731E+000  1.0678258843852917E+000  1.0627704578919472E+000  1.0575999535826626E+000
  1.0522981892691965E+000  1.0468215944224846E+000  1.0411559624088664E+000  1.0353350619854795E+000  1.0293518575704554E+000
  1.0231720478930022E+000  1.0167973434736277E+000  1.0102651437667363E+000  1.0036054886586772E+000  9.9681942851233019E-001
  9.8994505653142539E-001  9.8299604135581753E-001  9.7602517477721962E-001  9.6907201693701828E-001  9.6216637279558470E-001
  9.5534311381810699E-001  9.4864537245197811E-001  9.4210506001635785E-001  9.3576795893300491E-001  9.2972599356268670E-001
  9.2391609540319486E-001  9.1835364813222486E-001  9.1304789866463221E-001  9.0800177853870490E-001  9.0321173309479708E-001
  8.9868223962090188E-001  8.9441463715155911E-001  8.9040942107495014E-001  8.8667576878298759E-001  8.8322091758920696E-001
  8.8004140360121896E-001  8.7712884685497705E-001  8.7473058932514736E-001  8.7210691982186872E-001  8.7001246687149458E-001
  8.6822194157825183E-001  8.6672738093264312E-001  8.6553273247926765E-001  8.6463401540456863E-001  8.6403107714208782E-001
  8.6372682320139393E-001  8.6372682320115546E-001  8.6403107714134830E-001  8.6463401540333462E-001  8.6553273247749973E-001
  8.6672738093014656E-001  8.6822194157537003E-001  8.7001246686824085E-001  8.7210691981842192E-001  8.7473058932631220E-001
  8.7712884685125336E-001  8.8004140359684246E-001  8.8322091758411370E-001  8.8667576877729437E-001  8.9040942106890419E-001
  8.9441463714547753E-001  8.9868223961497529E-001  9.0321173308902170E-001  9.0800177853285025E-001  9.1304789865866376E-001
  9.1835364812633125E-001  9.2391609539723751E-001  9.2972599355669716E-001  9.3576795892682685E-001  9.4210506001014993E-001
  9.4864537244591651E-001  9.5534311381279902E-001  9.6216637278848571E-001  9.6907201693105827E-001  9.7602517477177742E-001
  9.8299604135058050E-001  9.8994505652644327E-001  9.9681942850727578E-001
BLOCK 64   1.0270815415181641E+001
  1.0030098902346338E+000  1.0099600117793766E+000  1.0167630986733394E+000  1.0234130422131629E+000  1.0299035951437665E+000
  1.0362129843406189E+000  1.0423210490360659E+000  1.0482203979266524E+000  1.0539589049505542E+000  1.0595956812077958E+000
  1.0651088452568021E+000  1.0704620343542495E+000  1.0756087354745754E+000  1.0805358996712113E+000  1.0852891595866878E+000
  1.0898623580028666E+000  1.0942359807639619E+000  1.0983876430806365E+000  1.1023129539217040E+000  1.1060096015319103E+000
  1.1094561493306860E+000  1.1126404510119550E+000  1.1155818354197762E+000  1.1182973707556372E+000  1.1207593507158458E+000
  1.1229300025325328E+000  1.1248969854681075E+000  1.1263664415763670E+000  1.1276273074243595E+000  1.1285930078582751E+000
  1.1292559946115444E+000  1.1295921919031517E+000  1.1295921919031688E+000  1.1292559946114760E+000  1.1285930078580422E+000
  1.1276273074237180E+000  1.1263664415752608E+000  1.1248969854676754E+000  1.1229300025317519E+000  1.1207593507152109E+000
  1.1182973707551114E+000  1.1155818354193818E+000  1.1126404510114214E+000  1.1094561493303003E+000  1.1060096015323624E+000
  1.1023129539224497E+000  1.0983876430818251E+000  1.0942359807656847E+000  1.0898623580047455E+000  1.0852891595897298E+000
  1.0805358996747134E+000  1.0756087354789168E+000  1.0704620343585256E+000  1.0651088452617166E+000  1.0595956812133089E+000
  1.0539589049566183E+000  1.0482203979330238E+000  1.0423210490424806E+000  1.0362129843469052E+000  1.0299035951500752E+000
  1.0234130422195209E+000  1.0167630986794827E+000  1.0099600117851590E+000  1.0030098902399183E+000  9.9592030958015143E-001
  9.8875484455701035E-001  9.8154340444555932E-001  9.7431424886477824E-001  9.6709261746424058E-001  9.5991754645895744E-001
  9.5284846477993212E-001  9.4593158081497297E-001  9.3918525057637081E-001  9.3265843416260064E-001  9.2642035055759842E-001
  9.2042882453656105E-001  9.1468065916364627E-001  9.0918500250585943E-001  9.0394687746155755E-001  8.9897993365395790E-001
  8.9429749519209656E-001  8.8990369230417088E-001  8.8579387286260824E-001  8.8196049452997805E-001  8.7839621236828214E-001
  8.7506041179287219E-001  8.7208527966328653E-001  8.6936427652044967E-001  8.6694321414101960E-001  8.6481323946363564E-001
  8.6297139380825649E-001  8.6142981865676449E-001  8.6018523763020038E-001  8.5925254413305363E-001  8.5863276163757818E-001
  8.5832325903734907E-001  8.5832325903696804E-001  8.5863276163651270E-001  8.5925254413154639E-001  8.6018523762823007E-001
  8.6142981865436397E-001  8.6297139380549548E-001  8.6481323946026945E-001  8.6694321413763298E-001  8.6936427651631742E-001
  8.7208527965865135E-001  8.7506041179037608E-001  8.7839621236342103E-001  8.8196049452496905E-001  8.8579387285728550E-001
  8.8990369229833099E-001  8.9429749518596025E-001  8.9897993364786666E-001  9.0394687745550895E-001  9.0918500249975343E-001
  9.1468065915743213E-001  9.2042882453023689E-001  9.2642035055154559E-001  9.3265843415669614E-001  9.3918525057024960E-001
  9.4593158080844097E-001  9.5284846477346841E-001  9.5991754645228855E-001  9.6709261745789887E-001  9.7431424885880680E-001
  9.8154340443912469E-001  9.8875484455080798E-001  9.9592030957453304E-001
BLOCK 65   1.0433844231295609E+001
  1.0022620860556859E+000  1.0095009096000824E+000  1.0166251416780023E+000  1.0235801580138604E+000  1.0303486041789949E+000
  1.0369431353420973E+000  1.0433833656364304E+000  1.0496369210068723E+000  1.0557061986954062E+000  1.0616247514827977E+000
  1.0674407852665728E+000  1.0730744002865036E+000  1.0785247602403267E+000  1.0837574912624739E+000  1.0887980026544137E+000
  1.0936130637323929E+000  1.0981714019455358E+000  1.1024903803337736E+000  1.1065913434466481E+000  1.1104741571015782E+000
  1.1141172464329114E+000  1.1174981093182359E+000  1.1206034685229209E+000  1.1234176781689462E+000  1.1254758076099514E+000
  1.1281595722046083E+000  1.1301093200599406E+000  1.1317662083411832E+000  1.1330977268310727E+000  1.1340893430437562E+000
  1.1347460665238429E+000  1.1350703214864444E+000  1.1350703214861271E+000  1.1347460665232307E+000  1.1340893430431680E+000
  1.1330977268305567E+000  1.1317662083406368E+000  1.1301093200589640E+000  1.1281595722034621E+000  1.1254758076080480E+000
  1.1234176781675194E+000  1.1206034685220609E+000  1.1174981093175940E+000  1.1141172464326277E+000  1.1104741571015082E+000
  1.1065913434469337E+000  1.1024903803348924E+000  1.0981714019470612E+000  1.0936130637345105E+000  1.0887980026573703E+000
  1.0837574912661194E+000  1.0785247602446764E+000  1.0730744002913124E+000  1.0674407852723202E+000  1.0616247514893526E+000
  1.0557061987021683E+000  1.0496369210139824E+000  1.0433833656439593E+000  1.0369431353497736E+000  1.0303486041864816E+000
  1.0235801580210908E+000  1.0166251416852685E+000  1.0095009096073846E+000  1.0022620860620663E+000  9.9486944691267687E-001
  9.8742888225936787E-001  9.7993913730373938E-001  9.7243034186381527E-001  9.6494769438858619E-001  9.5753711968045030E-001
  9.5024277508360533E-001  9.4308892893412666E-001  9.3610522378494077E-001  9.2943018174754399E-001  9.2298000043113981E-001
  9.1678351763521138E-001  9.1083977199368149E-001  9.0516498095053421E-001  8.9976566744506192E-001  8.9464831727799621E-001
  8.8981288671229475E-001  8.8525742891281967E-001  8.8098406203820012E-001  8.7699768148546053E-001  8.7330222432249005E-001
  8.6991595501670038E-001  8.6683212191338144E-001  8.6404219145306926E-001  8.6155388342193195E-001  8.5937200411123793E-001
  8.5749151655285782E-001  8.5592178762256710E-001  8.5465753793251753E-001  8.5369696045854659E-001  8.5305182137107660E-001
  8.5272487714850165E-001  8.5272487714820266E-001  8.5305182137024393E-001  8.5369696045715338E-001  8.5465753793044863E-001
  8.5592178762025140E-001  8.5749151654962097E-001  8.5937200410762571E-001  8.6155388341784844E-001  8.6404219144848360E-001
  8.6683212190867764E-001  8.6991595501202412E-001  8.7330222431815396E-001  8.7699768148048163E-001  8.8098406203328261E-001
  8.8525742890764014E-001  8.8981288670675041E-001  8.9464831727202343E-001  8.9976566743864073E-001  9.0516498094404774E-001
  9.1083977198741062E-001  9.1678351762894383E-001  9.2298000042480943E-001  9.2943018174116754E-001  9.3610522377831462E-001
  9.4308892892744589E-001  9.5024277507660992E-001  9.5753711967360922E-001  9.6494769438187966E-001  9.7243034185736332E-001
  9.7993913729722881E-001  9.8742888225260839E-001  9.9486944690593937E-001
BLOCK 66   1.0596873047409577E+001
  1.0014190522470494E+000  1.0088900027493555E+000  1.0163129320094701E+000  1.0235994325334499E+000  1.0307215605096265E+000
  1.0376596656917840E+000  1.0444188276538569E+000  1.0509716570344050E+000  1.0573397507193605E+000  1.0637600005884269E+000
  1.0698505528830649E+000  1.0757490191059396E+000  1.0815000062790685E+000  1.0870404924723915E+000  1.0923499053320511E+000
  1.0974258559949974E+000  1.1022568615859429E+000  1.1068549625839750E+000  1.1112088538130758E+000  1.1152802215161186E+000
  1.1190583113610710E+000  1.1225609398766829E+000  1.1254101847165294E+000  1.1287518128564034E+000  1.1313994020702234E+000
  1.1337244473645589E+000  1.1357247322736999E+000  1.1374007864347342E+000  1.1387485377541029E+000  1.1397742590489712E+000
  1.1404757780729640E+000  1.1408354277997297E+000  1.1408354277997355E+000  1.1404757780729033E+000  1.1397742590485662E+000
  1.1387485377532029E+000  1.1374007864333902E+000  1.1357247322725328E+000  1.1337244473632990E+000  1.1313994020689104E+000
  1.1287518128549290E+000  1.1254101847132481E+000  1.1225609398750871E+000  1.1190583113601045E+000  1.1152802215156690E+000
  1.1112088538134444E+000  1.1068549625849142E+000  1.1022568615870800E+000  1.0974258559966332E+000  1.0923499053349439E+000
  1.0870404924766151E+000  1.0815000062840394E+000  1.0757490191117738E+000  1.0698505528894575E+000  1.0637600005948871E+000
  1.0573397507272091E+000  1.0509716570425043E+000  1.0444188276622204E+000  1.0376596657004558E+000  1.0307215605184541E+000
  1.0235994325422246E+000  1.0163129320182511E+000  1.0088900027577961E+000  1.0014190522536133E+000  9.9368207859981439E-001
  9.8594232064975595E-001  9.7816155955639816E-001  9.7038596807845412E-001  9.6264950252481429E-001  9.5498999977386279E-001
  9.4745364458198689E-001  9.4007337391680212E-001  9.3290307293938057E-001  9.2603519491346631E-001  9.1940295627342872E-001
  9.1302007382763084E-001  9.0689480599253769E-001  9.0103657032839579E-001  8.9545448476472489E-001  8.9015367795495781E-001
  8.8513737593932573E-001  8.8040616036130981E-001  8.7550516951056201E-001  8.7182584796522422E-001  8.6800490394316143E-001
  8.6450968317754806E-001  8.6133816898785165E-001  8.5848161332116113E-001  8.5594077300945459E-001  8.5371229434993356E-001
  8.5179122423667419E-001  8.5018084873604960E-001  8.4889486199812536E-001  8.4792823883683133E-001  8.4728694811139094E-001
  8.4696880160726329E-001  8.4696880160705734E-001  8.4728694811072003E-001  8.4792823883523827E-001  8.4889486199594977E-001
  8.5018084873318911E-001  8.5179122423312936E-001  8.5371229434601204E-001  8.5594077300514360E-001  8.5848161331635597E-001
  8.6133816898307547E-001  8.6450968317281907E-001  8.6800490393820451E-001  8.7182584795992413E-001  8.7550516950783552E-001
  8.8040616035603803E-001  8.8513737593400243E-001  8.9015367794958777E-001  8.9545448475909295E-001  9.0103657032241158E-001
  9.0689480598625039E-001  9.1302007382095818E-001  9.1940295626648383E-001  9.2603519490651875E-001  9.3290307293233432E-001
  9.4007337390993517E-001  9.4745364457550363E-001  9.5498999976747700E-001  9.6264950251672421E-001  9.7038596807040667E-001
  9.7816155954905526E-001  9.8594232064244081E-001  9.9368207859232760E-001
BLOCK 67   1.0759901863523545E+001
  1.0002596162850106E+000  1.0081605706685592E+000  1.0159212838212746E+000  1.0235316426678034E+000  1.0309603529583471E+000
  1.0382037875628556E+000  1.0453100214119961E+000  1.0522667454383225E+000  1.0590408848459796E+000  1.0657646138952410E+000
  1.0722563532911411E+000  1.0785485536199841E+000  1.0846359031841344E+000  1.0904582746368854E+000  1.0960321630756598E+000
  1.1014013149994371E+000  1.1065396819558937E+000  1.1114102411468412E+000  1.1160005232343937E+000  1.1202909652622373E+000
  1.1246192679039373E+000  1.1279490152336815E+000  1.1313153273283492E+000  1.1343533185583694E+000  1.1370718702724667E+000
  1.1394859669097612E+000  1.1415838070063249E+000  1.1433397084853145E+000  1.1447386715024523E+000  1.1457788164861371E+000
  1.1464637287776334E+000  1.1468022025897879E+000  1.1468022025895386E+000  1.1464637287769972E+000  1.1457788164855394E+000
  1.1447386715014589E+000  1.1433397084842700E+000  1.1415838070050912E+000  1.1394859669081010E+000  1.1370718702708635E+000
  1.1343533185567169E+000  1.1313153273266794E+000  1.1279490152323108E+000  1.1246192679032330E+000  1.1202909652605628E+000
  1.1160005232334718E+000  1.1114102411472127E+000  1.1065396819574742E+000  1.1014013150019923E+000  1.0960321630790808E+000
  1.0904582746407254E+000  1.0846359031889992E+000  1.0785485536256967E+000  1.0722563532978273E+000  1.0657646139024755E+000
  1.0590408848546120E+000  1.0522667454477368E+000  1.0453100214218993E+000  1.0382037875730614E+000  1.0309603529684659E+000
  1.0235316426775818E+000  1.0159212838307383E+000  1.0081605706777881E+000  1.0002596162896846E+000  9.9229266597829058E-001
  9.8426408227876971E-001  9.7621969104167805E-001  9.6818180239434826E-001  9.6017623187214696E-001  9.5226062798483180E-001
  9.4449742693559557E-001  9.3690729737816836E-001  9.2957057614186489E-001  9.2250431875669869E-001  9.1568463149344625E-001
  9.0911696817563936E-001  9.0280922737091307E-001  8.9675805332429759E-001  8.9097350340213899E-001  8.8546530934967504E-001
  8.8024300266899058E-001  8.7518776775241802E-001  8.7071973722731710E-001  8.6644898659403236E-001  8.6251278641637641E-001
  8.5891132057797825E-001  8.5563735191374657E-001  8.5268919753260408E-001  8.5007460798247680E-001  8.4779789812789230E-001
  8.4585068783098383E-001  8.4422967568138996E-001  8.4293605871818045E-001  8.4196275959926747E-001  8.4130624126348053E-001
  8.4098082683859987E-001  8.4098082683825648E-001  8.4130624126211428E-001  8.4196275959709543E-001  8.4293605871579225E-001
  8.4422967567826479E-001  8.4585068782738060E-001  8.4779789812396378E-001  8.5007460797828205E-001  8.5268919752791139E-001
  8.5563735190864088E-001  8.5891132057274777E-001  8.6251278641099549E-001  8.6644898658860003E-001  8.7071973722202800E-001
  8.7518776774971097E-001  8.8024300266400501E-001  8.8546530934445200E-001  8.9097350339666248E-001  8.9675805331845970E-001
  9.0280922736474567E-001  9.0911696816910914E-001  9.1568463148677204E-001  9.2250431875017158E-001  9.2957057613509542E-001
  9.3690729737091349E-001  9.4449742692824568E-001  9.5226062797700872E-001  9.6017623186421219E-001  9.6818180238605855E-001
  9.7621969103341222E-001  9.8426408226987094E-001  9.9229266596869936E-001
BLOCK 68   1.0922930679637513E+001
  9.9899896442478919E-001  1.0072625592890081E+000  1.0153292803882925E+000  1.0232782604678792E+000  1.0310918038235621E+000
  1.0387367042086466E+000  1.0462205257298831E+000  1.0535360002608747E+000  1.0606861120735205E+000  1.0677455675940319E+000
  1.0746167433140608E+000  1.0812885304263811E+000  1.0877557566281471E+000  1.0939769938566208E+000  1.0999416390259427E+000
  1.1056549787802823E+000  1.1110763324285009E+000  1.1161745908366787E+000  1.1209704467707855E+000  1.1252567522770340E+000
  1.1296696166713565E+000  1.1335405930736129E+000  1.1370751336978082E+000  1.1402626794190753E+000  1.1431063654530225E+000
  1.1456038964193593E+000  1.1477390691470959E+000  1.1495111587221138E+000  1.1509434165748662E+000  1.1520378969258369E+000
  1.1527735424705141E+000  1.1531392240949683E+000  1.1531392240947340E+000  1.1527735424700674E+000  1.1520378969251099E+000
  1.1509434165736914E+000  1.1495111587208220E+000  1.1477390691456220E+000  1.1456038964178339E+000  1.1431063654515137E+000
  1.1402626794171709E+000  1.1370751336955964E+000  1.1335405930716627E+000  1.1296696166698514E+000  1.1252567522726129E+000
  1.1209704467701322E+000  1.1161745908366441E+000  1.1110763324290047E+000  1.1056549787815906E+000  1.0999416390281875E+000
  1.0939769938606057E+000  1.0877557566336418E+000  1.0812885304329074E+000  1.0746167433218654E+000  1.0677455676028502E+000
  1.0606861120830064E+000  1.0535360002707739E+000  1.0462205257402413E+000  1.0387367042195306E+000  1.0310918038348973E+000
  1.0232782604796185E+000  1.0153292803997727E+000  1.0072625592997722E+000  9.9899896443615066E-001  9.9077441931976062E-001
  9.8242853631724192E-001  9.7407656420388378E-001  9.6575079179695289E-001  9.5748815073296001E-001  9.4935094333388137E-001
  9.4138835536030918E-001  9.3359921120007028E-001  9.2611110622632598E-001  9.1885760294931840E-001  9.1184239238204057E-001
  9.0505584488998836E-001  8.9852343197190510E-001  8.9225467637582656E-001  8.8626341130945885E-001  8.8055438904806604E-001
  8.7510819097460901E-001  8.7004543785370225E-001  8.6528282654038591E-001  8.6086313136665915E-001  8.5679527787595344E-001
  8.5307927524832583E-001  8.4970878722552234E-001  8.4668479718740819E-001  8.4401094920296926E-001  8.4168248302017501E-001
  8.3968986056836192E-001  8.3803557153827490E-001  8.3672288014740104E-001  8.3574383917448403E-001  8.3508994141815474E-001
  8.3476888357558698E-001  8.3476888357535650E-001  8.3508994141681803E-001  8.3574383917234629E-001  8.3672288014481488E-001
  8.3803557153502906E-001  8.3968986056440342E-001  8.4168248301593152E-001  8.4401094919844011E-001  8.4668479718253553E-001
  8.4970878722028254E-001  8.5307927524307137E-001  8.5679527787074394E-001  8.6086313136124315E-001  8.6528282653477684E-001
  8.7004543784828314E-001  8.7510819097168091E-001  8.8055438904287808E-001  8.8626341130393149E-001  8.9225467637024169E-001
  8.9852343196635454E-001  9.0505584488426849E-001  9.1184239237583520E-001  9.1885760294268415E-001  9.2611110621942261E-001
  9.3359921119253342E-001  9.4138835535256860E-001  9.4935094332529157E-001  9.5748815072391324E-001  9.6575079178764822E-001
  9.7407656419445487E-001  9.8242853630764526E-001  9.9077441930969135E-001
BLOCK 69   1.1085959495751482E+001
  9.9748241986258823E-001  1.0061890596644698E+000  1.0146389314486493E+000  1.0229701095911530E+000  1.0311601668180355E+000
  1.0391832691995511E+000  1.0470360414868731E+000  1.0547165452960856E+000  1.0622635954811501E+000  1.0697185550414809E+000
  1.0770067240605732E+000  1.0840937268938842E+000  1.0909620508498121E+000  1.0975838351014495E+000  1.1039302075170656E+000
  1.1099875859868800E+000  1.1157313556236590E+000  1.1211379054739181E+000  1.1262044409441372E+000  1.1309505209265069E+000
  1.1353379155307097E+000  1.1393699481946271E+000  1.1430661077980409E+000  1.1464150347817748E+000  1.1493921195281465E+000
  1.1519911432428289E+000  1.1542104485295070E+000  1.1560555929179233E+000  1.1575386741094305E+000  1.1586546787987435E+000
  1.1593917424322384E+000  1.1597546090387800E+000  1.1597546090385380E+000  1.1593917424318394E+000  1.1586546787979806E+000
  1.1575386741084213E+000  1.1560555929166687E+000  1.1542104485277105E+000  1.1519911432407062E+000  1.1493921195261194E+000
  1.1464150347799458E+000  1.1430661077964006E+000  1.1393699481932016E+000  1.1353379155293919E+000  1.1309505209250417E+000
  1.1262044409375991E+000  1.1211379054728337E+000  1.1157313556237416E+000  1.1099875859880983E+000  1.1039302075195871E+000
  1.0975838351055882E+000  1.0909620508553075E+000  1.0840937269012509E+000  1.0770067240688566E+000  1.0697185550507717E+000
  1.0622635954911424E+000  1.0547165453070342E+000  1.0470360414986879E+000  1.0391832692116068E+000  1.0311601668302031E+000
  1.0229701096036761E+000  1.0146389314610709E+000  1.0061890596766241E+000  9.9748241987142017E-001  9.8900975775271938E-001
  9.8037602794723455E-001  9.7175708069662958E-001  9.6317307504364813E-001  9.5466179743347301E-001  9.4628942546356409E-001
  9.3810751422635230E-001  9.3014641017328947E-001  9.2247665648012223E-001  9.1501998720396072E-001  9.0778941509060795E-001
  9.0078992545027026E-001  8.9404163358575284E-001  8.8755517246164195E-001  8.8133345289627352E-001  8.7524768972559353E-001
  8.6980436407699580E-001  8.6454087559323756E-001  8.5963104703955462E-001  8.5507794548474603E-001  8.5088387373006646E-001
  8.4704659781421021E-001  8.4357139028315842E-001  8.4046439680831952E-001  8.3772346443568380E-001  8.3533765707075180E-001
  8.3330092077795481E-001  8.3161466983230581E-001  8.3027677656869814E-001  8.2927319732130977E-001  8.2860424795379783E-001
  8.2827439762641675E-001  8.2827439762629529E-001  8.2860424795292420E-001  8.2927319731946258E-001  8.3027677656608156E-001
  8.3161466982896326E-001  8.3330092077311235E-001  8.3533765706570551E-001  8.3772346443081736E-001  8.4046439680322893E-001
  8.4357139027781536E-001  8.4704659780875469E-001  8.5088387372474639E-001  8.5507794547932625E-001  8.5963104703379623E-001
  8.6454087558721682E-001  8.6980436407126227E-001  8.7524768972268385E-001  8.8133345289133458E-001  8.8755517245635640E-001
  8.9404163358042221E-001  9.0078992544478032E-001  9.0778941508470334E-001  9.1501998719759936E-001  9.2247665647323784E-001
  9.3014641016559219E-001  9.3810751421799665E-001  9.4628942545523720E-001  9.5466179742426338E-001  9.6317307503296978E-001
  9.7175708068515299E-001  9.8037602793598377E-001  9.8900975774132782E-001
BLOCK 70   1.1248988311865450E+001
  9.9599534963774072E-001  1.0049709490274967E+000  1.0138029916914937E+000  1.0225182638571264E+000  1.0310793180083579E+000
  1.0394569632024417E+000  1.0476524347697429E+000  1.0557669138875001E+000  1.0639105968968274E+000  1.0718343032703788E+000
  1.0794983856868849E+000  1.0869656565698365E+000  1.0942332616750301E+000  1.1012545599489874E+000  1.1079877631605510E+000
  1.1144092756122055E+000  1.1204989401915471E+000  1.1262275377825659E+000  1.1316126489683576E+000  1.1366305720769094E+000
  1.1412673456093954E+000  1.1455149708527652E+000  1.1493831653645998E+000  1.1528615983449080E+000  1.1559431419842587E+000
  1.1586533279496436E+000  1.1609973320835700E+000  1.1629484061355568E+000  1.1644887764900862E+000  1.1656251927142427E+000
  1.1663779348662828E+000  1.1667582258391640E+000  1.1667582258390139E+000  1.1663779348658869E+000  1.1656251927132413E+000
  1.1644887764886784E+000  1.1629484061340409E+000  1.1609973320819407E+000  1.1586533279479494E+000  1.1559431419826030E+000
  1.1528615983431663E+000  1.1493831653625930E+000  1.1455149708506318E+000  1.1412673456075197E+000  1.1366305720754748E+000
  1.1316126489672269E+000  1.1262275377766584E+000  1.1204989401918333E+000  1.1144092756135417E+000  1.1079877631632815E+000
  1.1012545599529830E+000  1.0942332616803727E+000  1.0869656565760895E+000  1.0794983856962195E+000  1.0718343032797992E+000
  1.0639105969072917E+000  1.0557669138999037E+000  1.0476524347829335E+000  1.0394569632155959E+000  1.0310793180216096E+000
  1.0225182638704622E+000  1.0138029917048572E+000  1.0049709490411713E+000  9.9599534965046665E-001  9.8709051847035623E-001
  9.7813987753294307E-001  9.6923044544097170E-001  9.6039270935755772E-001  9.5165600569728959E-001  9.4306482690829019E-001
  9.3467003605645438E-001  9.2653076035427784E-001  9.1863375496543831E-001  9.1094829128122867E-001  9.0350283493590289E-001
  8.9629232823217453E-001  8.8932376740474728E-001  8.8260841010423929E-001  8.7617510177779168E-001  8.7004623113576030E-001
  8.6425559502054239E-001  8.5882870279584345E-001  8.5376496553463266E-001  8.4907578487771462E-001  8.4475430397619888E-001
  8.4080603511860075E-001  8.3723566971503816E-001  8.3404048953653676E-001  8.3121516291457942E-001  8.2875823178218178E-001
  8.2666917540224683E-001  8.2494289277909227E-001  8.2356771297481712E-001  8.2253092667178529E-001  8.2184092081142723E-001
  8.2149998229283283E-001  8.2149998229249355E-001  8.2184092081028970E-001  8.2253092666965777E-001  8.2356771297218001E-001
  8.2494289277593036E-001  8.2666917539835671E-001  8.2875823177713615E-001  8.3121516290966779E-001  8.3404048952952503E-001
  8.3723566970800400E-001  8.4080603511231367E-001  8.4475430397005624E-001  8.4907578487181390E-001  8.5376496552908987E-001
  8.5882870279034296E-001  8.6425559501509630E-001  8.7004623113009150E-001  8.7617510177297575E-001  8.8260841009923252E-001
  8.8932376739941510E-001  8.9629232822677363E-001  9.0350283493001626E-001  9.1094829127502819E-001  9.1863375495915234E-001
  9.2653076034724935E-001  9.3467003604780474E-001  9.4306482689904458E-001  9.5165600568675401E-001  9.6039270934615162E-001
  9.6923044542848824E-001  9.7813987752010179E-001  9.8709051845716300E-001
BLOCK 71   1.1412017127979418E+001
  9.9435041141081926E-001  1.0036148967909777E+000  1.0127389874911636E+000  1.0217746492422362E+000  1.0307136923474163E+000
  1.0395668591599316E+000  1.0482846593430528E+000  1.0568816147736269E+000  1.0654574563391010E+000  1.0738438931882941E+000
  1.0820146359868403E+000  1.0899782451203681E+000  1.0976897125121865E+000  1.1050816510604804E+000  1.1121543350150962E+000
  1.1189257262187211E+000  1.1252235555711199E+000  1.1314620655749736E+000  1.1371701787030535E+000  1.1424841625760478E+000
  1.1473913975683550E+000  1.1518847410921620E+000  1.1559696544450742E+000  1.1596417160541326E+000  1.1628891420419745E+000
  1.1657178468285903E+000  1.1681304573489357E+000  1.1701317751729157E+000  1.1717416519299808E+000  1.1729654976246895E+000
  1.1737923175200857E+000  1.1742117917823800E+000  1.1742117917820507E+000  1.1737923175193192E+000  1.1729654976236694E+000
  1.1717416519288468E+000  1.1701317751717488E+000  1.1681304573475280E+000  1.1657178468267604E+000  1.1628891420398511E+000
  1.1596417160519414E+000  1.1559696544429123E+000  1.1518847410901711E+000  1.1473913975668031E+000  1.1424841625749567E+000
  1.1371701787026249E+000  1.1314620655751562E+000  1.1252235555672865E+000  1.1189257262197807E+000  1.1121543350171779E+000
  1.1050816510640327E+000  1.0976897125168872E+000  1.0899782451266475E+000  1.0820146359954599E+000  1.0738438931981371E+000
  1.0654574563505752E+000  1.0568816147865774E+000  1.0482846593567920E+000  1.0395668591745819E+000  1.0307136923630795E+000
  1.0217746492578341E+000  1.0127389875061545E+000  1.0036148968053320E+000  9.9435041142545422E-001  9.8507222467765665E-001
  9.7577740166836302E-001  9.6654307272276530E-001  9.5741383038829908E-001  9.4841618462348853E-001  9.3959628474816570E-001
  9.3099942269159763E-001  9.2268335643878330E-001  9.1458576111608580E-001  9.0668256662063862E-001  8.9898903422400034E-001
  8.9152960720121754E-001  8.8432737324779487E-001  8.7738579495260827E-001  8.7075728529369667E-001  8.6445286831945189E-001
  8.5850926082180645E-001  8.5291963842389773E-001  8.4770530463187277E-001  8.4286197531623563E-001  8.3840462633742907E-001
  8.3434200716537743E-001  8.3067345966607120E-001  8.2738765844939999E-001  8.2448007581039906E-001  8.2194988678819147E-001
  8.1978971910574849E-001  8.1799565505571858E-001  8.1656765073766824E-001  8.1550289999693149E-001  8.1480030606206777E-001
  8.1445220382809591E-001  8.1445220382770522E-001  8.1480030606098797E-001  8.1550289999499137E-001  8.1656765073500814E-001
  8.1799565505239158E-001  8.1978971910174514E-001  8.2194988678371761E-001  8.2448007580471117E-001  8.2738765844331752E-001
  8.3067345965879624E-001  8.3434200715830897E-001  8.3840462632884882E-001  8.4286197530792406E-001  8.4770530462510896E-001
  8.5291963841860441E-001  8.5850926081668055E-001  8.6445286831457491E-001  8.7075728528807939E-001  8.7738579494805280E-001
  8.8432737324263211E-001  8.9152960719619045E-001  8.9898903421879328E-001  9.0668256661450752E-001  9.1458576110928225E-001
  9.2268335643112076E-001  9.3099942268259150E-001  9.3959628473800050E-001  9.4841618461201327E-001  9.5741383037568828E-001
  9.6654307270961715E-001  9.7577740165472793E-001  9.8507222466352984E-001
BLOCK 72   1.1575045944093386E+001
  9.9236380040909133E-001  1.0020411831130607E+000  1.0114863341167568E+000  1.0209670466336984E+000  1.0303544933445536E+000
  1.0396413006278986E+000  1.0488198927718377E+000  1.0579025273039981E+000  1.0669547540707804E+000  1.0758289748314216E+000
  1.0844974297135463E+000  1.0929342484061630E+000  1.1011070123080049E+000  1.1089651521960808E+000  1.1164940635381266E+000
  1.1236801830567744E+000  1.1304674058863708E+000  1.1368591109283617E+000  1.1428614138803961E+000  1.1484878439377306E+000
  1.1537148329781708E+000  1.1585013515945608E+000  1.1628300444412025E+000  1.1667023233049669E+000  1.1701247584082692E+000
  1.1731094898490164E+000  1.1756589559129702E+000  1.1777779934698773E+000  1.1794810242661360E+000  1.1807589973033552E+000
  1.1815989634953674E+000  1.1820130090093768E+000  1.1820130090093195E+000  1.1815989634952393E+000  1.1807589973029762E+000
  1.1794810242650613E+000  1.1777779934682344E+000  1.1756589559110271E+000  1.1731094898469381E+000  1.1701247584061698E+000
  1.1667023233030105E+000  1.1628300444394994E+000  1.1585013515932769E+000  1.1537148329772582E+000  1.1484878439369703E+000
  1.1428614138799205E+000  1.1368591109283870E+000  1.1304674058869488E+000  1.1236801830576519E+000  1.1164940635403546E+000
  1.1089651521998749E+000  1.1011070123130542E+000  1.0929342484128446E+000  1.0844974297217420E+000  1.0758289748411611E+000
  1.0669547540822801E+000  1.0579025273174620E+000  1.0488198927866474E+000  1.0396413006438610E+000  1.0303544933614235E+000
  1.0209670466505594E+000  1.0114863341334777E+000  1.0020411831280054E+000  9.9236380042499872E-001  9.8280221252842037E-001
  9.7324699938665538E-001  9.6372909838116871E-001  9.5430796859187550E-001  9.4500987976363782E-001  9.3589652770680387E-001
  9.2711891461153106E-001  9.1854989877392956E-001  9.1021963661698235E-001  9.0210543080830385E-001  8.9419943598505136E-001
  8.8653148234979462E-001  8.7909885070617921E-001  8.7189669747757326E-001  8.6510627208439561E-001  8.5863165174438749E-001
  8.5252712720554358E-001  8.4678804156071819E-001  8.4141993152601058E-001  8.3644224100554676E-001  8.3185954588974687E-001
  8.2767353654721953E-001  8.2387916802409678E-001  8.2047760282790383E-001  8.1747544607279055E-001  8.1487127934991155E-001
  8.1265164131073198E-001  8.1078149463640359E-001  8.0929284891961617E-001  8.0820110352455554E-001  8.0746861570027195E-001
  8.0709827256134503E-001  8.0709827256091848E-001  8.0746861569928829E-001  8.0820110352307195E-001  8.0929284891731124E-001
  8.1078149463293969E-001  8.1265164130612833E-001  8.1487127934502457E-001  8.1747544606675648E-001  8.2047760282218474E-001
  8.2387916801648231E-001  8.2767353654007225E-001  8.3185954588260203E-001  8.3644224099652620E-001  8.4141993151755690E-001
  8.4678804155225307E-001  8.5252712719788637E-001  8.5863165173824529E-001  8.6510627207999891E-001  8.7189669747563447E-001
  8.7909885070204019E-001  8.8653148234485935E-001  8.9419943597980589E-001  9.0210543080199301E-001  9.1021963660954452E-001
  9.1854989876536708E-001  9.2711891460172324E-001  9.3589652769627707E-001  9.4500987975274109E-001  9.5430796857874567E-001
  9.6372909836696563E-001  9.7324699937115677E-001  9.8280221251274458E-001
BLOCK 73   1.1738074760207354E+001
  9.9020498734451423E-001  1.0001581723133552E+000  1.0101420516138668E+000  1.0200579898009914E+000  1.0298994843041918E+000
  1.0396517344382601E+000  1.0493031965969453E+000  1.0588607925812437E+000  1.0683887187903875E+000  1.0777605109211050E+000
  1.0869408090425161E+000  1.0958817040092848E+000  1.1045419134554266E+000  1.1128765561421972E+000  1.1208555974617069E+000
  1.1284590681774955E+000  1.1356741126661720E+000  1.1424787416256819E+000  1.1488646068773727E+000  1.1548090987688264E+000
  1.1602864463513980E+000  1.1653034787830232E+000  1.1698839039465636E+000  1.1740216968443582E+000  1.1776929203681359E+000
  1.1808921648790691E+000  1.1836196783926667E+000  1.1858745472941212E+000  1.1876902894696546E+000  1.1889829167863102E+000
  1.1898211738468971E+000  1.1902437410827804E+000  1.1902437410825935E+000  1.1898211738466193E+000  1.1889829167857124E+000
  1.1876902894682551E+000  1.1858745472926939E+000  1.1836196783910704E+000  1.1808921648773569E+000  1.1776929203665172E+000
  1.1740216968429049E+000  1.1698839039451974E+000  1.1653034787818377E+000  1.1602864463504821E+000  1.1548090987681443E+000
  1.1488646068770867E+000  1.1424787416261686E+000  1.1356741126672307E+000  1.1284590681786633E+000  1.1208555974641836E+000
  1.1128765561457912E+000  1.1045419134605696E+000  1.0958817040162525E+000  1.0869408090514299E+000  1.0777605109315820E+000
  1.0683887188023566E+000  1.0588607925949864E+000  1.0493031966120046E+000  1.0396517344545093E+000  1.0298994843214968E+000
  1.0200579898190940E+000  1.0101420516327118E+000  1.0001581723268753E+000  9.9020498736215390E-001  9.8026135634465106E-001
  9.7036382230042462E-001  9.6056654899468585E-001  9.5091428021452817E-001  9.4139672350168757E-001  9.3205405321992507E-001
  9.2301507681427453E-001  9.1420107225148850E-001  9.0561512424024815E-001  8.9724241179309361E-001  8.8909117243561786E-001
  8.8120359057264652E-001  8.7346707568901227E-001  8.6624788940370723E-001  8.5926038383279724E-001  8.5261799365597524E-001
  8.4631641484259734E-001  8.4041279762953536E-001  8.3490250258455989E-001  8.2979530421645353E-001  8.2508450889483664E-001
  8.2077707489034812E-001  8.1688352684485799E-001  8.1337420079316469E-001  8.1014573388101763E-001  8.0740326601285284E-001
  8.0513041647535077E-001  8.0324463991100892E-001  8.0175072686390370E-001  8.0063830880729903E-001  7.9989532546740871E-001
  7.9952405513954738E-001  7.9952405513920444E-001  7.9989532546634778E-001  8.0063830880536113E-001  8.0175072686136184E-001
  8.0324463990800787E-001  8.0513041647149763E-001  8.0740326600830570E-001  8.1014573387518873E-001  8.1337420078690126E-001
  8.1688352683708576E-001  8.2077707488255203E-001  8.2508450888706120E-001  8.2979530420737901E-001  8.3490250257611431E-001
  8.4041279762081722E-001  8.4631641483403441E-001  8.5261799364797486E-001  8.5926038382629233E-001  8.6624788939769992E-001
  8.7346707569059390E-001  8.8120359056756559E-001  8.8909117243061431E-001  8.9724241178699826E-001  9.0561512423277135E-001
  9.1420107224330582E-001  9.2301507680470163E-001  9.3205405320863444E-001  9.4139672348940873E-001  9.5091428020056323E-001
  9.6056654897971638E-001  9.7036382228427809E-001  9.8026135632764311E-001
BLOCK 74   1.1901103576321322E+001
  9.8784979271499529E-001  9.9803231444780272E-001  1.0086686716773059E+000  1.0190467571281407E+000  1.0293512925593999E+000
  1.0395711786801596E+000  1.0497046417999860E+000  1.0597587338096777E+000  1.0697916049403868E+000  1.0796719195132165E+000
  1.0893565750109289E+000  1.0987966270572862E+000  1.1079539234838753E+000  1.1167906195503379E+000  1.1251974880730289E+000
  1.1333474152830727E+000  1.1410176269531731E+000  1.1482444569817238E+000  1.1550150090143214E+000  1.1613186524855450E+000
  1.1671415178155793E+000  1.1724897869175597E+000  1.1773670568191954E+000  1.1817650452559993E+000  1.1857020276528758E+000
  1.1890903221861227E+000  1.1919234863949708E+000  1.1942990963333311E+000  1.1961805455577994E+000  1.1975796289842098E+000
  1.1985055902822483E+000  1.1989694447686923E+000  1.1989694447685291E+000  1.1985055902817834E+000  1.1975796289835927E+000
  1.1961805455571033E+000  1.1942990963327502E+000  1.1919234863943775E+000  1.1890903221852043E+000  1.1857020276515433E+000
  1.1817650452546877E+000  1.1773670568178571E+000  1.1724897869164104E+000  1.1671415178149402E+000  1.1613186524853636E+000
  1.1550150090145588E+000  1.1482444569824777E+000  1.1410176269544980E+000  1.1333474152852654E+000  1.1251974880703954E+000
  1.1167906195546289E+000  1.1079539234894711E+000  1.0987966270639367E+000  1.0893565750194723E+000  1.0796719195248508E+000
  1.0697916049533469E+000  1.0597587338238599E+000  1.0497046418156180E+000  1.0395711786973143E+000  1.0293512925774875E+000
  1.0190467571468820E+000  1.0086686716963946E+000  9.9803231447461038E-001  9.8784979273369466E-001  9.7752252238176096E-001
  9.6727878844309623E-001  9.5716195854247521E-001  9.4720136057766458E-001  9.3742402608331454E-001  9.2788617411078755E-001
  9.1863794193631332E-001  9.0959374937303750E-001  9.0075399961366642E-001  8.9212317694922261E-001  8.8372049901626681E-001
  8.7560819281264690E-001  8.6776882613294382E-001  8.6028318796222791E-001  8.5311564503155668E-001  8.4632464826110609E-001
  8.3990112032552711E-001  8.3385971248393487E-001  8.2821654545521195E-001  8.2296936169621127E-001  8.1809259030589254E-001
  8.1352135403941561E-001  8.0930766392177267E-001  8.0571872346374274E-001  8.0249843908390706E-001  7.9975128189545830E-001
  7.9741332158704337E-001  7.9549839840966419E-001  7.9397254033696163E-001  7.9283956863426819E-001  7.9208888348968542E-001
  7.9171875742610454E-001  7.9171875742581244E-001  7.9208888348870077E-001  7.9283956863239347E-001  7.9397254033436271E-001
  7.9549839840645187E-001  7.9741332158341538E-001  7.9975128189103450E-001  8.0249843907818019E-001  8.0571872345760687E-001
  8.0930766391441478E-001  8.1352135403143588E-001  8.1809259029834991E-001  8.2296936168715384E-001  8.2821654544567991E-001
  8.3385971247526314E-001  8.3990112031691977E-001  8.4632464825253606E-001  8.5311564502320980E-001  8.6028318795362491E-001
  8.6776882612514084E-001  8.7560819281181224E-001  8.8372049900996941E-001  8.9212317694255594E-001  9.0075399960618963E-001
  9.0959374936519077E-001  9.1863794192715098E-001  9.2788617409939034E-001  9.3742402606996933E-001  9.4720136056254123E-001
  9.5716195852583796E-001  9.6727878842558757E-001  9.7752252236337822E-001
BLOCK 75   1.2064132392435290E+001
  9.8533437035085503E-001  9.9600304282111984E-001  1.0070296066649636E+000  1.0178705619601467E+000  1.0286648214705960E+000
  1.0393908853012626E+000  1.0500325455166026E+000  1.0605902020606754E+000  1.0711309765313961E+000  1.0815312906736136E+000
  1.0917450367766321E+000  1.1017185480406426E+000  1.1114036972132100E+000  1.1207530329375768E+000  1.1297255613369332E+000
  1.1382922362190768E+000  1.1464343516345710E+000  1.1541246134727032E+000  1.1613436644762423E+000  1.1680841113662335E+000
  1.1743423660134065E+000  1.1801078146752089E+000  1.1852760513965062E+000  1.1897863044964814E+000  1.1938726587165249E+000
  1.1974471931454029E+000  1.2005243784183319E+000  1.2030905728501209E+000  1.2051660789511547E+000  1.2067406674241883E+000
  1.2078004141643797E+000  1.2083349270530936E+000  1.2083349270531352E+000  1.2078004141643350E+000  1.2067406674241239E+000
  1.2051660789511465E+000  1.2030905728501575E+000  1.2005243784179547E+000  1.1974471931448933E+000  1.1938726587160784E+000
  1.1897863044962065E+000  1.1852760513959300E+000  1.1801078146744990E+000  1.1743423660129728E+000  1.1680841113662024E+000
  1.1613436644769257E+000  1.1541246134741949E+000  1.1464343516367950E+000  1.1382922362217214E+000  1.1297255613400083E+000
  1.1207530329420716E+000  1.1114036972191343E+000  1.1017185480479668E+000  1.0917450367862984E+000  1.0815312906853298E+000
  1.0711309765448387E+000  1.0605902020755065E+000  1.0500325455333746E+000  1.0393908853190956E+000  1.0286648214887344E+000
  1.0178705619788420E+000  1.0070296066840276E+000  9.9600304283827279E-001  9.8533437037151206E-001  9.7458787992457085E-001
  9.6394220429270583E-001  9.5344597463406244E-001  9.4316324481750724E-001  9.3312227628149214E-001  9.2341150707888298E-001
  9.1393384470981553E-001  9.0465143336137055E-001  8.9558499037411488E-001  8.8673798671075899E-001  8.7810818070177299E-001
  8.6975220632961925E-001  8.6170241782129586E-001  8.5403364711842467E-001  8.4673991152465111E-001  8.3983072328303376E-001
  8.3327932125725646E-001  8.2702156666114734E-001  8.2106977803014769E-001  8.1549220312718373E-001  8.1040355930677177E-001
  8.0582505882478772E-001  8.0163547284162395E-001  7.9796662065926527E-001  7.9469843215619795E-001  7.9190706131006539E-001
  7.8950867585291273E-001  7.8754086549960700E-001  7.8597504659230144E-001  7.8481170171865511E-001  7.8403719767949931E-001
  7.8364976715477086E-001  7.8364976715435830E-001  7.8403719767839586E-001  7.8481170171712256E-001  7.8597504659015227E-001
  7.8754086549621893E-001  7.8950867584869477E-001  7.9190706130498312E-001  7.9469843215024638E-001  7.9796662065324331E-001
  8.0163547283494319E-001  8.0582505881715061E-001  8.1040355929963059E-001  8.1549220311974657E-001  8.2106977802162051E-001
  8.2702156665193394E-001  8.3327932124707516E-001  8.3983072327252828E-001  8.4673991151468286E-001  8.5403364710898977E-001
  8.6170241781229029E-001  8.6975220632046690E-001  8.7810818069365881E-001  8.8673798670212078E-001  8.9558499036495642E-001
  9.0465143335188392E-001  9.1393384469937555E-001  9.2341150706695418E-001  9.3312227626862776E-001  9.4316324480345060E-001
  9.5344597461638503E-001  9.6394220427401622E-001  9.7458787990414653E-001
BLOCK 76   1.2227161208549258E+001
  9.8254442172097722E-001  9.9385922564546858E-001  1.0051921124013263E+000  1.0165524643372539E+000  1.0278497579751336E+000
  1.0390719537051347E+000  1.0502197962079420E+000  1.0613122173555836E+000  1.0724021182198857E+000  1.0833635818484322E+000
  1.0941329824311039E+000  1.1046515348036541E+000  1.1148672034479821E+000  1.1247376202268002E+000  1.1342291960579773E+000
  1.1433203187574688E+000  1.1519897590367909E+000  1.1602266739790339E+000  1.1679973626485807E+000  1.1752131120109521E+000
  1.1817645862403821E+000  1.1876894913376428E+000  1.1931269518996803E+000  1.1980281194240221E+000  1.2024376080660384E+000
  1.2063143628266351E+000  1.2096637950455982E+000  1.2124784415373706E+000  1.2147565832183043E+000  1.2164733274064550E+000
  1.2176115193284509E+000  1.2181775871712586E+000  1.2181775871711751E+000  1.2176115193283499E+000  1.2164733274063420E+000
  1.2147565832183105E+000  1.2124784415375796E+000  1.2096637950456752E+000  1.2063143628276023E+000  1.2024376080670145E+000
  1.1980281194243034E+000  1.1931269518998420E+000  1.1876894913380469E+000  1.1817645862411288E+000  1.1752131120117362E+000
  1.1679973626495150E+000  1.1602266739805327E+000  1.1519897590392276E+000  1.1433203187606120E+000  1.1342291960622246E+000
  1.1247376202279142E+000  1.1148672034549674E+000  1.1046515348121779E+000  1.0941329824413903E+000  1.0833635818605849E+000
  1.0724021182334198E+000  1.0613122173704546E+000  1.0502197962241568E+000  1.0390719537227890E+000  1.0278497579944745E+000
  1.0165524643581487E+000  1.0051921124217411E+000  9.9385922566526319E-001  9.8254442174043266E-001  9.7135915444852827E-001
  9.6032968034968846E-001  9.4949008781750666E-001  9.3888705550710949E-001  9.2856156183888494E-001  9.1859183397844368E-001
  9.0886600324457234E-001  8.9935972221279192E-001  8.9007695694510791E-001  8.8100951023935592E-001  8.7204645185478569E-001
  8.6368569201022949E-001  8.5554083575970619E-001  8.4770456865825439E-001  8.4012310428560799E-001  8.3281345810286045E-001
  8.2589067376653225E-001  8.1939091416502752E-001  8.1330664392052232E-001  8.0766056213461235E-001  8.0259142069173173E-001
  7.9797703466929837E-001  7.9378803980545976E-001  7.9007113723397615E-001  7.8674327981040237E-001  7.8386666123731086E-001
  7.8140551067649544E-001  7.7937520304722563E-001  7.7776210933068446E-001  7.7655004351598755E-001  7.7574276500239203E-001
  7.7533640071528909E-001  7.7533640071498544E-001  7.7574276500128891E-001  7.7655004351412427E-001  7.7776210932789847E-001
  7.7937520304332919E-001  7.8140551067230002E-001  7.8386666123245030E-001  7.8674327980456960E-001  7.9007113722797451E-001
  7.9378803979975110E-001  7.9797703466285164E-001  8.0259142068459255E-001  8.0766056212707682E-001  8.1330664391247609E-001
  8.1939091415560417E-001  8.2589067375669645E-001  8.3281345809292240E-001  8.4012310427393300E-001  8.4770456864703148E-001
  8.5554083574844175E-001  8.6368569199936163E-001  8.7204645184912088E-001  8.8100951022851803E-001  8.9007695693383238E-001
  8.9935972220140670E-001  9.0886600323253852E-001  9.1859183396485689E-001  9.2856156182384886E-001  9.3888705549087792E-001
  9.4949008779957877E-001  9.6032968033104071E-001  9.7135915442971887E-001
BLOCK 77   1.2390190024663227E+001
  9.7953621593696261E-001  9.9128029268443030E-001  1.0032027877128924E+000  1.0149691736467235E+000  1.0268048044635367E+000
  1.0385817490166316E+000  1.0502981680471801E+000  1.0619576579691399E+000  1.0736095627571913E+000  1.0851292918163529E+000
  1.0964562036182246E+000  1.1075345207970333E+000  1.1183187876227856E+000  1.1287721308202843E+000  1.1388854700926894E+000
  1.1486163118711328E+000  1.1578841351221401E+000  1.1665861743946853E+000  1.1746722116750870E+000  1.1821553156748612E+000
  1.1890455138170608E+000  1.1954606378377148E+000  1.2013491570183061E+000  1.2066955580047387E+000  1.2114994065464957E+000
  1.2157379742423984E+000  1.2193796561201948E+000  1.2224301485628770E+000  1.2248782927517028E+000  1.2267213419077971E+000
  1.2279569496632130E+000  1.2285805842347595E+000  1.2285805842347446E+000  1.2279569496633220E+000  1.2267213419078520E+000
  1.2248782927518111E+000  1.2224301485627882E+000  1.2193796561207391E+000  1.2157379742425629E+000  1.2114994065478544E+000
  1.2066955580063292E+000  1.2013491570209089E+000  1.1954606378398578E+000  1.1890455138187601E+000  1.1821553156764399E+000
  1.1746722116769563E+000  1.1665861743972810E+000  1.1578841351256255E+000  1.1486163118754524E+000  1.1388854700981206E+000
  1.1287721308249647E+000  1.1183187876304075E+000  1.1075345208060605E+000  1.0964562036287411E+000  1.0851292918287074E+000
  1.0736095627711855E+000  1.0619576579851326E+000  1.0502981680647916E+000  1.0385817490349067E+000  1.0268048044824609E+000
  1.0149691736661279E+000  1.0032027877304492E+000  9.9128029270416218E-001  9.7953621595652685E-001  9.6792489133768689E-001
  9.5648087802019588E-001  9.4523260636915452E-001  9.3429334980688006E-001  9.2374258924176988E-001  9.1348232720054146E-001
  9.0347028175764388E-001  8.9373162586098687E-001  8.8427380030400216E-001  8.7505464958235668E-001  8.6607518071943934E-001
  8.5734811294443158E-001  8.4883149344061415E-001  8.4061021568147853E-001  8.3274025192571477E-001  8.2521277520359948E-001
  8.1808566273430927E-001  8.1142074476215376E-001  8.0530201438437787E-001  7.9968083347084529E-001  7.9458178121349543E-001
  7.8991302146025011E-001  7.8568414570361345E-001  7.8191613158731332E-001  7.7855947307376872E-001  7.7562997065594641E-001
  7.7312025460597655E-001  7.7100953247885717E-001  7.6932411384866439E-001  7.6805670638310475E-001  7.6722111392217063E-001
  7.6680684144998068E-001  7.6680684144941613E-001  7.6722111392047532E-001  7.6805670638065360E-001  7.6932411384541166E-001
  7.7100953247479298E-001  7.7312025460182499E-001  7.7562997065173445E-001  7.7855947306898632E-001  7.8191613158186846E-001
  7.8568414569784961E-001  7.8991302145381870E-001  7.9458178120622169E-001  7.9968083346314600E-001  8.0530201437681004E-001
  8.1142074475367965E-001  8.1808566272450889E-001  8.2521277519353842E-001  8.3274025191526857E-001  8.4061021566896998E-001
  8.4883149342782105E-001  8.5734811293075464E-001  8.6607518070644751E-001  8.7505464957375845E-001  8.8427380029053981E-001
  8.9373162584670252E-001  9.0347028174239019E-001  9.1348232718430111E-001  9.2374258922482977E-001  9.3429334978920187E-001
  9.4523260635079154E-001  9.5648087800084880E-001  9.6792489131809345E-001
BLOCK 78   1.2553218840777195E+001
  9.7618323842491761E-001  9.8841321647474867E-001  1.0007315755437605E+000  1.0131839085193206E+000  1.0255686192720561E+000
  1.0379058737877080E+000  1.0501847876030703E+000  1.0624173435850708E+000  1.0746539293776727E+000  1.0867694036250957E+000
  1.0987204455193555E+000  1.1104695380191814E+000  1.1219557824599975E+000  1.1330914526929423E+000  1.1438004469605063E+000
  1.1540094090389976E+000  1.1636703626600378E+000  1.1727496515529483E+000  1.1812404712181241E+000  1.1891806412846480E+000
  1.1966356493729080E+000  1.2035863695216094E+000  1.2099878142825513E+000  1.2158144888360818E+000  1.2210355814225551E+000
  1.2256340343511836E+000  1.2295911099059738E+000  1.2329103199853813E+000  1.2355759411499421E+000  1.2375688713479174E+000
  1.2388994403815252E+000  1.2395682011994382E+000  1.2395682011994040E+000  1.2388994403813827E+000  1.2375688713479889E+000
  1.2355759411499285E+000  1.2329103199860003E+000  1.2295911099065795E+000  1.2256340343515391E+000  1.2210355814239666E+000
  1.2158144888375961E+000  1.2099878142844709E+000  1.2035863695252984E+000  1.1966356493770094E+000  1.1891806412893178E+000
  1.1812404712227376E+000  1.1727496515574802E+000  1.1636703626647964E+000  1.1540094090443209E+000  1.1438004469665428E+000
  1.1330914526996598E+000  1.1219557824678370E+000  1.1104695380289287E+000  1.0987204455311637E+000  1.0867694036388214E+000
  1.0746539293925419E+000  1.0624173436010260E+000  1.0501847876197579E+000  1.0379058738049503E+000  1.0255686192901696E+000
  1.0131839085379806E+000  1.0007315755586865E+000  9.8841321649522829E-001  9.7618323844496779E-001  9.6412749934060427E-001
  9.5229127029865668E-001  9.4071062740398048E-001  9.2946454707540882E-001  9.1864866699425995E-001  9.0818955899873521E-001
  8.9799489307041513E-001  8.8799307772647651E-001  8.7816466781823888E-001  8.6857045092597573E-001  8.5920960150633063E-001
  8.5016052118325292E-001  8.4139954499816161E-001  8.3294651584040036E-001  8.2486855216496013E-001  8.1717709429856022E-001
  8.0993404592744411E-001  8.0331088626885117E-001  7.9717196144789715E-001  7.9153497230279812E-001  7.8635992440638147E-001
  7.8161568339639442E-001  7.7733837073171785E-001  7.7351552308137861E-001  7.7010830200095159E-001  7.6711781055682049E-001
  7.6456455892891695E-001  7.6242016774730359E-001  7.6069755121185034E-001  7.5939397419273136E-001  7.5850656941009020E-001
  7.5805944466012909E-001  7.5805944465942443E-001  7.5850656940838934E-001  7.5939397419048604E-001  7.6069755120906868E-001
  7.6242016774388033E-001  7.6456455892489983E-001  7.6711781055247863E-001  7.7010830199617653E-001  7.7351552307604421E-001
  7.7733837072594980E-001  7.8161568339043153E-001  7.8635992439985170E-001  7.9153497229529179E-001  7.9717196144017866E-001
  8.0331088626119762E-001  8.0993404591880780E-001  8.1717709428788710E-001  8.2486855215344079E-001  8.3294651582860380E-001
  8.4139954498435743E-001  8.5016052116920171E-001  8.5920960149072167E-001  8.6857045090917884E-001  8.7816466780134517E-001
  8.8799307770849933E-001  8.9799489305192326E-001  9.0818955898002629E-001  9.1864866697565184E-001  9.2946454705688075E-001
  9.4071062738471245E-001  9.5229127027823934E-001  9.6412749932009023E-001
BLOCK 79   1.2716247656891163E+001
  9.7252332461542368E-001  9.8523788615833952E-001  9.9810391228748074E-001  1.0110964180825250E+000  1.0240382331670985E+000
  1.0368987226285531E+000  1.0497155177441100E+000  1.0627619797314620E+000  1.0756571563529729E+000  1.0884528288246460E+000
  1.1011338605874892E+000  1.1135835915556984E+000  1.1256886592907376E+000  1.1373611534750521E+000  1.1485580796095405E+000
  1.1592287199635236E+000  1.1693524502614658E+000  1.1789238856766397E+000  1.1879725216197283E+000  1.1965382434429259E+000
  1.2046022474649660E+000  1.2121082602978104E+000  1.2190277632594162E+000  1.2253343669834145E+000  1.2310017576467394E+000
  1.2359986581401077E+000  1.2403122573199499E+000  1.2439297228660946E+000  1.2468377236071082E+000  1.2495020304194822E+000
  1.2502392537031335E+000  1.2506104715820985E+000  1.2506104715821795E+000  1.2502392537026865E+000  1.2495020304195736E+000
  1.2468377236072674E+000  1.2439297228666844E+000  1.2403122573200658E+000  1.2359986581408675E+000  1.2310017576483747E+000
  1.2253343669859580E+000  1.2190277632624074E+000  1.2121082603015234E+000  1.2046022474709142E+000  1.1965382434493299E+000
  1.1879725216264945E+000  1.1789238856835675E+000  1.1693524502684964E+000  1.1592287199707476E+000  1.1485580796172081E+000
  1.1373611534834032E+000  1.1256886592970847E+000  1.1135835915662546E+000  1.1011338605993966E+000  1.0884528288378239E+000
  1.0756571563666992E+000  1.0627619797461070E+000  1.0497155177610484E+000  1.0368987226466027E+000  1.0240382331854625E+000
  1.0110964181009117E+000  9.9810391230832773E-001  9.8523788617809371E-001  9.7252332463599445E-001  9.6004370894297875E-001
  9.4785650396590349E-001  9.3599312035730553E-001  9.2458640603284670E-001  9.1345071535234290E-001  9.0260357775929867E-001
  8.9200522809322791E-001  8.8158835423888826E-001  8.7117263066610218E-001  8.6136657660335725E-001  8.5171003277219615E-001
  8.4236968429229353E-001  8.3335728214001437E-001  8.2470580821402140E-001  8.1652043745129665E-001  8.0880607872938171E-001
  8.0170789326945768E-001  7.9504055773624882E-001  7.8884183782721218E-001  7.8313579649699683E-001  7.7788838297128970E-001
  7.7309369072418876E-001  7.6875818171595423E-001  7.6485966132492356E-001  7.6138596693991756E-001  7.5834920702625941E-001
  7.5575092180596570E-001  7.5357148178488043E-001  7.5181388709846575E-001  7.5025345728927872E-001  7.4981214502836813E-001
  7.4959120545326152E-001  7.4959120545310909E-001  7.4981214502801730E-001  7.5025345728856485E-001  7.5181388709622377E-001
  7.5357148178176980E-001  7.5575092180210490E-001  7.5834920702189601E-001  7.6138596693525828E-001  7.6485966131977934E-001
  7.6875818171015764E-001  7.7309369071831735E-001  7.7788838296568041E-001  7.8313579649088416E-001  7.8884183781973072E-001
  7.9504055772793314E-001  8.0170789326110348E-001  8.0880607872013166E-001  8.1652043743981606E-001  8.2470580820123229E-001
  8.3335728212519755E-001  8.4236968427567127E-001  8.5171003275461532E-001  8.6136657658389049E-001  8.7117263065125550E-001
  8.8158835421837789E-001  8.9200522807252758E-001  9.0260357773859612E-001  9.1345071533104871E-001  9.2458640601109732E-001
  9.3599312033539750E-001  9.4785650394409759E-001  9.6004370892109703E-001
BLOCK 80   1.2879276473005131E+001
  9.6871576808267224E-001  9.8181300409880534E-001  9.9490798811924608E-001  1.0084894199734828E+000  1.0219835032035793E+000
  1.0355527590939755E+000  1.0491730985354992E+000  1.0629948795540454E+000  1.0766997773436606E+000  1.0902695667286222E+000
  1.1036269651620703E+000  1.1166478628796572E+000  1.1292524416194869E+000  1.1414054377156138E+000  1.1531340581882372E+000
  1.1643861820549519E+000  1.1751127293569019E+000  1.1852999640475332E+000  1.1950103885123267E+000  1.2042223125454143E+000
  1.2129010779569485E+000  1.2210005382036357E+000  1.2284786517339930E+000  1.2353073367609186E+000  1.2414585872133048E+000
  1.2468948425361639E+000  1.2515779515017411E+000  1.2555036838631952E+000  1.2586708983368804E+000  1.2610585511070431E+000
  1.2626595087044374E+000  1.2634691082118050E+000  1.2634691082120910E+000  1.2626595087044814E+000  1.2610585511067443E+000
  1.2586708983373438E+000  1.2555036838639695E+000  1.2515779514996739E+000  1.2468948425373583E+000  1.2414585872155186E+000
  1.2353073367642990E+000  1.2284786517381661E+000  1.2210005382084879E+000  1.2129010779622971E+000  1.2042223125533431E+000
  1.1950103885206813E+000  1.1852999640568738E+000  1.1751127293670149E+000  1.1643861820653898E+000  1.1531340581988225E+000
  1.1414054377259166E+000  1.1292524416271383E+000  1.1166478628890961E+000  1.1036269651724138E+000  1.0902695667409528E+000
  1.0766997773575355E+000  1.0629948795689352E+000  1.0491730985516121E+000  1.0355527591114042E+000  1.0219835032219875E+000
  1.0084894199926551E+000  9.9490798813684767E-001  9.8181300411942485E-001  9.6871576810439464E-001  9.5584861868956061E-001
  9.4327830397980039E-001  9.3103746601447324E-001  9.1927207657888421E-001  9.0776827833142482E-001  8.9646208703258912E-001
  8.8535739545917347E-001  8.7446117579631732E-001  8.6381610481357274E-001  8.5355349895968091E-001  8.4357553303788635E-001
  8.3395610566735612E-001  8.2479259764935542E-001  8.1608375983097703E-001  8.0787467349507180E-001  8.0027937405075833E-001
  7.9313507515711268E-001  7.8646899813653215E-001  7.8028339915095291E-001  7.7453522824216414E-001  7.6920545376230742E-001
  7.6432602176162334E-001  7.5991015993061806E-001  7.5594468541635562E-001  7.5242531450759798E-001  7.4966228934852164E-001
  7.4670188192221332E-001  7.4449139425214228E-001  7.4272069148496112E-001  7.4140324767492793E-001  7.4053107090604986E-001
  7.4008368683146397E-001  7.4008368683120107E-001  7.4053107090502368E-001  7.4140324767337762E-001  7.4272069148282038E-001
  7.4449139424980226E-001  7.4670188191924403E-001  7.4966228934976442E-001  7.5242531450346795E-001  7.5594468541194870E-001
  7.5991015992580624E-001  7.6432602175602193E-001  7.6920545375623972E-001  7.7453522823615728E-001  7.8028339914468425E-001
  7.8646899812922078E-001  7.9313507514866122E-001  8.0027937404123539E-001  8.0787467348380315E-001  8.1608375981694070E-001
  8.2479259763325385E-001  8.3395610564882205E-001  8.4357553301867105E-001  8.5355349893833232E-001  8.6381610479170179E-001
  8.7446117577820592E-001  8.8535739543629821E-001  8.9646208700874608E-001  9.0776827830698770E-001  9.1927207655442866E-001
  9.3103746599015202E-001  9.4327830395619872E-001  9.5584861866642312E-001
BLOCK 81   1.3042305289119099E+001
  9.6455221074007047E-001  9.7805474291565608E-001  9.9179266473956762E-001  1.0057485410930784E+000  1.0198766192248665E+000
  1.0341664347551922E+000  1.0485371157689338E+000  1.0630850799139826E+000  1.0775060739460363E+000  1.0917554494687689E+000
  1.1057440488040777E+000  1.1193923159819408E+000  1.1326401387594982E+000  1.1454588878218357E+000  1.1578168824916093E+000
  1.1696597766593890E+000  1.1809818475478837E+000  1.1918622341932508E+000  1.2023000176872891E+000  1.2122252527339090E+000
  1.2215855675717922E+000  1.2303402213347043E+000  1.2384319855049535E+000  1.2458019687715871E+000  1.2524149004993141E+000
  1.2582775429702431E+000  1.2633603216430684E+000  1.2676434595634076E+000  1.2711002298212786E+000  1.2737087087462142E+000
  1.2754578166992872E+000  1.2763378854373058E+000  1.2763378854378475E+000  1.2754578166997472E+000  1.2737087087465582E+000
  1.2711002298220504E+000  1.2676434595649309E+000  1.2633603216449989E+000  1.2582775429726509E+000  1.2524149004993825E+000
  1.2458019687742881E+000  1.2384319855094188E+000  1.2303402213406573E+000  1.2215855675792662E+000  1.2122252527432122E+000
  1.2023000176977248E+000  1.1918622342046670E+000  1.1809818475597362E+000  1.1696597766710350E+000  1.1578168825029909E+000
  1.1454588878331096E+000  1.1326401387705580E+000  1.1193923159929149E+000  1.1057440488152395E+000  1.0917554494806849E+000
  1.0775060739586282E+000  1.0630850799276406E+000  1.0485371157843610E+000  1.0341664347724424E+000  1.0198766192439799E+000
  1.0057485411130040E+000  9.9179266476216421E-001  9.7805474293845918E-001  9.6455221076495856E-001  9.5133947836280797E-001
  9.3836731489412828E-001  9.2562189889303581E-001  9.1333885089266176E-001  9.0134392139980102E-001  8.8955262796964285E-001
  8.7800673176012412E-001  8.6671255753286947E-001  8.5567577836534536E-001  8.4504764848557257E-001  8.3485529570238959E-001
  8.2510569377060194E-001  8.1585331999515165E-001  8.0710809528554117E-001  7.9902001104759224E-001  7.9142342191947712E-001
  7.8429392423994604E-001  7.7763288596495705E-001  7.7140607845935061E-001  7.6560573752771766E-001  7.6026135295042863E-001
  7.5537672735068895E-001  7.5047305970402722E-001  7.4682652753779455E-001  7.4321582310693579E-001  7.4007073900957621E-001
  7.3739797699893672E-001  7.3517581067951154E-001  7.3340241089938296E-001  7.3207907191212618E-001  7.3119086068880779E-001
  7.3073121240119565E-001  7.3073121240091332E-001  7.3119086068805972E-001  7.3207907191022936E-001  7.3340241089703806E-001
  7.3517581067704985E-001  7.3739797699664367E-001  7.4007073900652931E-001  7.4321582310395529E-001  7.4682652753391365E-001
  7.5047305970274725E-001  7.5537672734726258E-001  7.6026135294539499E-001  7.6560573752187455E-001  7.7140607845308662E-001
  7.7763288595781999E-001  7.8429392423117550E-001  7.9142342190883619E-001  7.9902001103554143E-001  8.0710809527186311E-001
  8.1585331997850574E-001  8.2510569375139808E-001  8.3485529568096140E-001  8.4504764846329805E-001  8.5567577834116659E-001
  8.6671255750649978E-001  8.7800673173507537E-001  8.8955262794252565E-001  9.0134392137286201E-001  9.1333885086701505E-001
  9.2562189886815738E-001  9.3836731486910452E-001  9.5133947833811328E-001
BLOCK 82   1.3205334105233067E+001
  9.5985352253999034E-001  9.7402742416667576E-001  9.8845010018735024E-001  1.0032564728410140E+000  1.0179005209212715E+000
  1.0328024499095299E+000  1.0477638236573401E+000  1.0628862472064877E+000  1.0779201800829992E+000  1.0928251191810199E+000
  1.1075014984107714E+000  1.1218576066194657E+000  1.1358453906171653E+000  1.1493935289138171E+000  1.1624707709092978E+000
  1.1750398625058318E+000  1.1871168200699365E+000  1.1987742310830367E+000  1.2099728659069349E+000  1.2206299154944320E+000
  1.2306866356723976E+000  1.2400932612058733E+000  1.2487962408510782E+000  1.2567258991349244E+000  1.2638873125143721E+000
  1.2702366240587795E+000  1.2757409640430020E+000  1.2803827059712252E+000  1.2841329389575169E+000  1.2869678875209316E+000
  1.2888693975218422E+000  1.2898239673217744E+000  1.2898239673221989E+000  1.2888693975227599E+000  1.2869678875225339E+000
  1.2841329389595784E+000  1.2803827059732327E+000  1.2757409640454367E+000  1.2702366240619922E+000  1.2638873125182131E+000
  1.2567258991395218E+000  1.2487962408562068E+000  1.2400932612126370E+000  1.2306866356809723E+000  1.2206299155038984E+000
  1.2099728659182969E+000  1.1987742310949323E+000  1.1871168200829159E+000  1.1750398625188918E+000  1.1624707709219717E+000
  1.1493935289261830E+000  1.1358453906290467E+000  1.1218576066307613E+000  1.1075014984223688E+000  1.0928251191933149E+000
  1.0779201800960609E+000  1.0628862472209242E+000  1.0477638236736582E+000  1.0328024499273121E+000  1.0179005209406100E+000
  1.0032564728598274E+000  9.8845010021005630E-001  9.7402742419141786E-001  9.5985352256663448E-001  9.4603759792111852E-001
  9.3257242826172149E-001  9.1950604928009416E-001  9.0675842200936974E-001  8.9422665077054575E-001  8.8190397182661329E-001
  8.6963093612187947E-001  8.5812417833823040E-001  8.4688397650171454E-001  8.3607022992688318E-001  8.2571933328756209E-001
  8.1581656776513556E-001  8.0652943066536920E-001  7.9794957881293793E-001  7.8987820672693121E-001  7.8226854439863902E-001
  7.7513750365440315E-001  7.6848722825821592E-001  7.6227357939578522E-001  7.5646368736589253E-001  7.5056036048324015E-001
  7.4606238686287007E-001  7.4150980406734257E-001  7.3743081787508646E-001  7.3379676294980123E-001  7.3064018488676863E-001
  7.2791841517265143E-001  7.2564367816571185E-001  7.2383085880155218E-001  7.2249442852673651E-001  7.2160932234109543E-001
  7.2116359619328652E-001  7.2116359619297699E-001  7.2160932234034036E-001  7.2249442852540724E-001  7.2383085879968689E-001
  7.2564367816341580E-001  7.2791841517002631E-001  7.3064018488434501E-001  7.3379676294725193E-001  7.3743081787247933E-001
  7.4150980406521461E-001  7.4606238686018178E-001  7.5056036048187291E-001  7.5646368736253811E-001  7.6227357939058360E-001
  7.6848722825074522E-001  7.7513750364506429E-001  7.8226854438738314E-001  7.8987820671370623E-001  7.9794957879821471E-001
  8.0652943064928806E-001  8.1581656774656075E-001  8.2571933326435398E-001  8.3607022990161084E-001  8.4688397647505931E-001
  8.5812417830920806E-001  8.6963093609841502E-001  8.8190397179856594E-001  8.9422665074217034E-001  9.0675842198132683E-001
  9.1950604925195023E-001  9.3257242823327313E-001  9.4603759789345199E-001
BLOCK 83   1.3368362921347035E+001
  9.5463250856844772E-001  9.6951609525062277E-001  9.8470283059360642E-001  1.0001082985910845E+000  1.0157048985977135E+000
  1.0312975991566109E+000  1.0468694135474306E+000  1.0625561405215080E+000  1.0781499656990694E+000  1.0936540537305104E+000
  1.1089846463689548E+000  1.1240620661059857E+000  1.1388055194131521E+000  1.1531537398951135E+000  1.1670566701116258E+000
  1.1804927226147726E+000  1.1934954996791554E+000  1.2060361305316261E+000  1.2180438380492982E+000  1.2294570373566123E+000
  1.2402264686116273E+000  1.2502894073768043E+000  1.2596102072217965E+000  1.2681492089901552E+000  1.2758788911038199E+000
  1.2827559302516791E+000  1.2887259011584691E+000  1.2937495115676536E+000  1.2977985499578550E+000  1.3008554430884745E+000
  1.3029073136534606E+000  1.3039383269155356E+000  1.3039383269157745E+000  1.3029073136542249E+000  1.3008554430903767E+000
  1.2977985499606886E+000  1.2937495115708975E+000  1.2887259011626684E+000  1.2827559302568547E+000  1.2758788911099619E+000
  1.2681492089968636E+000  1.2596102072289124E+000  1.2502894073756390E+000  1.2402264686198585E+000  1.2294570373653853E+000
  1.2180438380602170E+000  1.2060361305437644E+000  1.1934954996928413E+000  1.1804927226283077E+000  1.1670566701248042E+000
  1.1531537399080716E+000  1.1388055194256756E+000  1.1240620661142477E+000  1.1089846463821416E+000  1.0936540537449129E+000
  1.0781499657140068E+000  1.0625561405371602E+000  1.0468694135645598E+000  1.0312975991749611E+000  1.0157048986176600E+000
  1.0001082986082999E+000  9.8470283061816033E-001  9.6951609527901672E-001  9.5463250859464477E-001  9.4014340395477247E-001
  9.2605930692534466E-001  9.1246523221325371E-001  8.9921444020509766E-001  8.8625960449783148E-001  8.7352138894910281E-001
  8.6105170815338294E-001  8.4906815169734118E-001  8.3751242088547084E-001  8.2644350749512019E-001  8.1600173563546174E-001
  8.0618469931444403E-001  7.9710929981001477E-001  7.8852708525418080E-001  7.8043215536951105E-001  7.7285607476783336E-001
  7.6575366565411740E-001  7.5905987730649804E-001  7.5274774164720393E-001  7.4683855853722381E-001  7.4141447164071372E-001
  7.3644267275948883E-001  7.3189864762200818E-001  7.2781520866941940E-001  7.2416818858039833E-001  7.2096177761114910E-001
  7.1822131424077817E-001  7.1593247475315602E-001  7.1410429016511068E-001  7.1272154241427488E-001  7.1178414476187857E-001
  7.1130781558928802E-001  7.1130781558900236E-001  7.1178414476074803E-001  7.1272154241314978E-001  7.1410429016392563E-001
  7.1593247475156130E-001  7.1822131423877078E-001  7.2096177760960289E-001  7.2416818857860532E-001  7.2781520866824723E-001
  7.3189864761987000E-001  7.3644267275692987E-001  7.4141447163848984E-001  7.4683855853391612E-001  7.5274774164312341E-001
  7.5905987730055613E-001  7.6575366564621727E-001  7.7285607475802998E-001  7.8043215535683008E-001  7.8852708523787751E-001
  7.9710929979087064E-001  8.0618469929389769E-001  8.1600173561281986E-001  8.2644350746894124E-001  8.3751242085818212E-001
  8.4906815166725247E-001  8.6105170812280285E-001  8.7352138891611841E-001  8.8625960446699781E-001  8.9921444017345953E-001
  9.1246523218152553E-001  9.2605930689445981E-001  9.4014340392522600E-001
BLOCK 84   1.3531391737461004E+001
  9.4884502699073148E-001  9.6451990152340061E-001  9.8045521181231265E-001  9.9630788467670450E-001  1.0129435775917743E+000
  1.0292967689685821E+000  1.0455757952336220E+000  1.0618469126112671E+000  1.0781325448685986E+000  1.0943631299662782E+000
  1.1104223544389429E+000  1.1262075418354782E+000  1.1416940320408908E+000  1.1568559774663589E+000  1.1716447525965330E+000
  1.1860157283406489E+000  1.1999772632888197E+000  1.2134655837394910E+000  1.2263873954926263E+000  1.2386611575502147E+000
  1.2502184488226189E+000  1.2610148303991755E+000  1.2710224241877697E+000  1.2801974622087517E+000  1.2885015912102016E+000
  1.2958847240815330E+000  1.3023011325736884E+000  1.3077286955909213E+000  1.3121975492262155E+000  1.3154310017387902E+000
  1.3175213025918364E+000  1.3185747779693890E+000  1.3185747779703869E+000  1.3175213025940229E+000  1.3154310017417550E+000
  1.3121975492296631E+000  1.3077286955959790E+000  1.3023011325802496E+000  1.2958847240888673E+000  1.2885015912180970E+000
  1.2801974622166616E+000  1.2710224241962047E+000  1.2610148304082835E+000  1.2502184488275412E+000  1.2386611575598112E+000
  1.2263873955032731E+000  1.2134655837507404E+000  1.1999772633007975E+000  1.1860157283533446E+000  1.1716447526101821E+000
  1.1568559774807516E+000  1.1416940320551343E+000  1.1262075418470430E+000  1.1104223544537417E+000  1.0943631299822210E+000
  1.0781325448851051E+000  1.0618469126287324E+000  1.0455757952527704E+000  1.0292967689898189E+000  1.0129435776142244E+000
  9.9630788469807152E-001  9.8045521183817719E-001  9.6451990155185741E-001  9.4884502702057061E-001  9.3358752009297463E-001
  9.1894785076006402E-001  9.0468501980493876E-001  8.9077700391342030E-001  8.7739368836134712E-001  8.6421975696100017E-001
  8.5148786037102309E-001  8.3923616456476324E-001  8.2759057773620137E-001  8.1651433843966581E-001  8.0608962279439322E-001
  7.9641583057035070E-001  7.8732517772683186E-001  7.7878086218188902E-001  7.7074204451287143E-001  7.6314521990294892E-001
  7.5592651434755054E-001  7.4905895769474906E-001  7.4278045963386041E-001  7.3692274008682279E-001  7.3151738978104586E-001
  7.2655490386332566E-001  7.2201451738929645E-001  7.1793093962057497E-001  7.1429894422281148E-001  7.1108687090705525E-001
  7.0832744271009063E-001  7.0600356685906440E-001  7.0412245647683525E-001  7.0270262514230675E-001  7.0176166213223334E-001
  7.0130090670940903E-001  7.0130090670952294E-001  7.0176166213203373E-001  7.0270262514191828E-001  7.0412245647650196E-001
  7.0600356685823529E-001  7.0832744270949832E-001  7.1108687090534983E-001  7.1429894421994833E-001  7.1793093961942755E-001
  7.2201451738763889E-001  7.2655490386117849E-001  7.3151738977849323E-001  7.3692274008299741E-001  7.4278045962976147E-001
  7.4905895769741171E-001  7.5592651434066727E-001  7.6314521989336359E-001  7.7074204450050754E-001  7.7878086216664044E-001
  7.8732517770846866E-001  7.9641583054873033E-001  8.0608962277021468E-001  8.1651433841407384E-001  8.2759057770685984E-001
  8.3923616453398253E-001  8.5148786033822188E-001  8.6421975692541853E-001  8.7739368832954368E-001  8.9077700387874281E-001
  9.0468501977149729E-001  9.1894785072819496E-001  9.3358752006125556E-001
BLOCK 85   1.3694420553574972E+001
  9.4236326218834965E-001  9.5875452549387519E-001  9.7546394674033954E-001  9.9237314536321197E-001  1.0095549105510289E+000
  1.0266793013791509E+000  1.0437085806554089E+000  1.0606732078670253E+000  1.0777278159524240E+000  1.0947353072800301E+000
  1.1116249438922872E+000  1.1283343613627130E+000  1.1446985669485199E+000  1.1607747692445740E+000  1.1764494691133240E+000
  1.1917220966065194E+000  1.2066146071489243E+000  1.2210481504517083E+000  1.2349224852531602E+000  1.2481431161337064E+000
  1.2605936732238658E+000  1.2722562485923308E+000  1.2830568681870882E+000  1.2929551281214944E+000  1.3019463887381157E+000
  1.3099771828843518E+000  1.3166614277961448E+000  1.3223003931639794E+000  1.3268941728421204E+000  1.3303646418346586E+000
  1.3327014635853465E+000  1.3338829939680050E+000  1.3338829939691852E+000  1.3327014635884478E+000  1.3303646418399055E+000
  1.3268941728490451E+000  1.3223003931718842E+000  1.3166614278044557E+000  1.3099771828927349E+000  1.3019463887473934E+000
  1.2929551281314129E+000  1.2830568681974528E+000  1.2722562486023878E+000  1.2605936732333862E+000  1.2481431161422929E+000
  1.2349224852623002E+000  1.2210481504625823E+000  1.2066146071605079E+000  1.1917220966202038E+000  1.1764494691274132E+000
  1.1607747692590720E+000  1.1446985669634613E+000  1.1283343613748744E+000  1.1116249439094092E+000  1.0947353072990589E+000
  1.0777278159724000E+000  1.0606732078875976E+000  1.0437085806768209E+000  1.0266793014019302E+000  1.0095549105746646E+000
  9.9237314538752008E-001  9.7546394676788439E-001  9.5875452552424067E-001  9.4236326222064315E-001  9.2637915738526322E-001
  9.1105608656923254E-001  8.9620215168485595E-001  8.8169249257052085E-001  8.6738099632210508E-001  8.5393009862564051E-001
  8.4107149255361269E-001  8.2883300783577563E-001  8.1723729860854133E-001  8.0622773188977759E-001  7.9602836054212300E-001
  7.8639622217439664E-001  7.7728642843253160E-001  7.6868093003522275E-001  7.6053643532491710E-001  7.5283611168315867E-001
  7.4558006501747787E-001  7.3883839324343181E-001  7.3258105741779889E-001  7.2672988862389387E-001  7.2131267209133787E-001
  7.1637274045493715E-001  7.1187722040443591E-001  7.0781194478311216E-001  7.0416758717318739E-001  7.0093408492218445E-001
  6.9815345400997397E-001  6.9583372446907066E-001  6.9395680550459959E-001  6.9253613656132151E-001  6.9157685217490994E-001
  6.9109525281828510E-001  6.9109525281867690E-001  6.9157685217558906E-001  6.9253613656199253E-001  6.9395680550534211E-001
  6.9583372446949299E-001  6.9815345401065765E-001  7.0093408492200127E-001  7.0416758717191019E-001  7.0781194478146992E-001
  7.1187722040114865E-001  7.1637274044968513E-001  7.2131267208790328E-001  7.2672988862029686E-001  7.3258105741340473E-001
  7.3883839323784239E-001  7.4558006500964580E-001  7.5283611167379072E-001  7.6053643531283877E-001  7.6868093002059856E-001
  7.7728642841563356E-001  7.8639622215442984E-001  7.9602836051848413E-001  8.0622773186339536E-001  8.1723729857875360E-001
  8.2883300780286340E-001  8.4107149251723745E-001  8.5393009858807023E-001  8.6738099629117182E-001  8.8169249253430071E-001
  8.9620215164880201E-001  9.1105608653505776E-001  9.2637915735217324E-001
BLOCK 86   1.3857449369688940E+001
  9.3507439402585102E-001  9.5228929556657393E-001  9.6973270628578356E-001  9.8741688262023619E-001  1.0053604906938893E+000
  1.0232014911807492E+000  1.0410417048772533E+000  1.0588956284873050E+000  1.0768929641697846E+000  1.0948549860625756E+000
  1.1126895452572065E+000  1.1303436275779282E+000  1.1476778158457441E+000  1.1647118341065887E+000  1.1813699287403443E+000
  1.1976720644339842E+000  1.2135947434656660E+000  1.2290193709750672E+000  1.2438387956622214E+000  1.2579711570544123E+000
  1.2713868275829112E+000  1.2840515370132237E+000  1.2958407959638312E+000  1.3064629381210888E+000  1.3157267633885024E+000
  1.3241243441430033E+000  1.3313482113115696E+000  1.3375010989666256E+000  1.3424495758617963E+000  1.3461970395672525E+000
  1.3487148667640545E+000  1.3499838600113734E+000  1.3499838600125467E+000  1.3487148667674411E+000  1.3461970395726877E+000
  1.3424495758695969E+000  1.3375010989758458E+000  1.3313482113233641E+000  1.3241243441552741E+000  1.3157267634003300E+000
  1.3064629381315902E+000  1.2958407959737357E+000  1.2840515370233168E+000  1.2713868275933564E+000  1.2579711570644174E+000
  1.2438387956726575E+000  1.2290193709859596E+000  1.2135947434773275E+000  1.1976720644466607E+000  1.1813699287540405E+000
  1.1647118341219418E+000  1.1476778158628078E+000  1.1303436275942229E+000  1.1126895452764971E+000  1.0948549860838150E+000
  1.0768929641923077E+000  1.0588956285107651E+000  1.0410417049012863E+000  1.0232014912058405E+000  1.0053604907195934E+000
  9.8741688264978056E-001  9.6973270631661035E-001  9.5228929559762121E-001  9.3507439405772463E-001  9.1843086991371892E-001
  9.0230807684873082E-001  8.8678381437733800E-001  8.7132566675344048E-001  8.5712103621771418E-001  8.4335593221362615E-001
  8.3029011199825364E-001  8.1781492080805807E-001  8.0620326192702974E-001  7.9557203581866209E-001  7.8549243975539251E-001
  7.7590087216190451E-001  7.6677503682928594E-001  7.5810791106298725E-001  7.4986233369158795E-001  7.4217308314788666E-001
  7.3494760937375725E-001  7.2823151507835793E-001  7.2200923821707974E-001  7.1622076964913506E-001  7.1087539937753907E-001
  7.0596948021575079E-001  7.0145603778196564E-001  6.9736284115314107E-001  6.9373251162093397E-001  6.9054686815434119E-001
  6.8779550853303095E-001  6.8545176612935610E-001  6.8355472774893422E-001  6.8215760047628338E-001  6.8122442091486113E-001
  6.8075295332147367E-001  6.8075295332174568E-001  6.8122442091559843E-001  6.8215760047776408E-001  6.8355472775085313E-001
  6.8545176613087921E-001  6.8779550853431415E-001  6.9054686815489652E-001  6.9373251162178173E-001  6.9736284115254144E-001
  7.0145603778112275E-001  7.0596948021116268E-001  7.1087539937433653E-001  7.1622076964043224E-001  7.2200923820734231E-001
  7.2823151506916683E-001  7.3494760936472669E-001  7.4217308313856578E-001  7.4986233368558619E-001  7.5810791104969300E-001
  7.6677503681289227E-001  7.7590087214231596E-001  7.8549243973206062E-001  7.9557203579139590E-001  8.0620326189704161E-001
  8.1781492077593221E-001  8.3029011196411473E-001  8.4335593217265536E-001  8.5712103617844604E-001  8.7132566669384515E-001
  8.8678381433898579E-001  9.0230807681189062E-001  9.1843086987850042E-001
BLOCK 87   1.4020478185802908E+001
  9.2685726582622718E-001  9.4465825228483979E-001  9.6280717094290735E-001  9.8130879045889607E-001  1.0000586118257480E+000
  1.0189516800620277E+000  1.0377472705405386E+000  1.0565440780737572E+000  1.0755151527696616E+000  1.0944917056808754E+000
  1.1133906085027712E+000  1.1321344692175475E+000  1.1505949175421106E+000  1.1687180650034314E+000  1.1864412819836900E+000
  1.2038273366640999E+000  1.2208307831995795E+000  1.2373694396092436E+000  1.2533362662216019E+000  1.2686484495695278E+000
  1.2830610496230614E+000  1.2964026351958835E+000  1.3086430164995526E+000  1.3197318639460207E+000  1.3298969760201245E+000
  1.3389841706541963E+000  1.3468297582288160E+000  1.3534500694810649E+000  1.3588135146265967E+000  1.3628440351247886E+000
  1.3655489625085604E+000  1.3669001305487938E+000  1.3669001305501192E+000  1.3655489625124544E+000  1.3628440351309274E+000
  1.3588135146343145E+000  1.3534500694910421E+000  1.3468297582396422E+000  1.3389841706657943E+000  1.3298969760341872E+000
  1.3197318639603086E+000  1.3086430165127725E+000  1.2964026352078222E+000  1.2830610496339512E+000  1.2686484495799701E+000
  1.2533362662270864E+000  1.2373694396200385E+000  1.2208307832108585E+000  1.2038273366795753E+000  1.1864412819993664E+000
  1.1687180650198699E+000  1.1505949175600358E+000  1.1321344692358475E+000  1.1133906085235905E+000  1.0944917057042824E+000
  1.0755151527951252E+000  1.0565440781011586E+000  1.0377472705688098E+000  1.0189516800903877E+000  1.0000586118509274E+000
  9.8130879049005137E-001  9.6280717097618196E-001  9.4465825231942391E-001  9.2685726586223971E-001  9.0967705712172242E-001
  8.9289547443245432E-001  8.7653036518846295E-001  8.6105189762236356E-001  8.4613110266544467E-001  8.3196018005686001E-001
  8.1876150515695667E-001  8.0640613480223000E-001  7.9511546112377940E-001  7.8437590909476096E-001  7.7423256175477517E-001
  7.6468619229324830E-001  7.5564632956380839E-001  7.4695530912644448E-001  7.3888690781579891E-001  7.3124759260186556E-001
  7.2405937455814551E-001  7.1737161588332465E-001  7.1116211552279929E-001  7.0539012701125836E-001  7.0007979113098284E-001
  6.9523038775438017E-001  6.9079623971800952E-001  6.8672913824181347E-001  6.8295892048234930E-001  6.7977710733754693E-001
  6.7706231761025459E-001  6.7482182553917480E-001  6.7303117742785423E-001  6.7168527252059573E-001  6.7077305350183147E-001
  6.7030697576630649E-001  6.7030697576680287E-001  6.7077305350290661E-001  6.7168527252216703E-001  6.7303117742987917E-001
  6.7482182554168335E-001  6.7706231761326641E-001  6.7977710734012609E-001  6.8295892048439122E-001  6.8672913824244752E-001
  6.9079623971734727E-001  6.9523038775110091E-001  7.0007979112722307E-001  7.0539012700332127E-001  7.1116211551438824E-001
  7.1737161587093534E-001  7.2405937454471581E-001  7.3124759258738814E-001  7.3888690780151189E-001  7.4695530911522368E-001
  7.5564632954743327E-001  7.6468619227440937E-001  7.7423256173302735E-001  7.8437590906949639E-001  7.9511546109395348E-001
  8.0640613476838707E-001  8.1876150512074009E-001  8.3196018002101724E-001  8.4613110262503066E-001  8.6105189758037104E-001
  8.7653036515694516E-001  8.9289547439315198E-001  9.0967705708299662E-001
BLOCK 88   1.4183507001916876E+001
  9.1760853554950172E-001  9.3594622526744653E-001  9.5486655759167438E-001  9.7417635748190345E-001  9.9357711137400451E-001
  1.0136527769129127E+000  1.0334989321302999E+000  1.0534165396291344E+000  1.0735443153181452E+000  1.0936764498954279E+000
  1.1137370357859551E+000  1.1336335676940652E+000  1.1532504402948631E+000  1.1725537098611571E+000  1.1915628204728645E+000
  1.2103519977545658E+000  1.2287562958365335E+000  1.2465273283198226E+000  1.2635075368939328E+000  1.2796071256512891E+000
  1.2947487148522963E+000  1.3088002819455113E+000  1.3217976562455149E+000  1.3338147863227392E+000  1.3447832311776491E+000
  1.3545360154800552E+000  1.3629989972039027E+000  1.3701406346855649E+000  1.3755017866027401E+000  1.3803103401160404E+000
  1.3832137426740330E+000  1.3846800426367958E+000  1.3846800426378774E+000  1.3832137426775146E+000  1.3803103401207586E+000
  1.3755017866032673E+000  1.3701406346953346E+000  1.3629989972145786E+000  1.3545360154920383E+000  1.3447832311913694E+000
  1.3338147863378476E+000  1.3217976562611233E+000  1.3088002819601270E+000  1.2947487148653338E+000  1.2796071256635548E+000
  1.2635075369061104E+000  1.2465273283319254E+000  1.2287562958501177E+000  1.2103519977700137E+000  1.1915628204891879E+000
  1.1725537098792069E+000  1.1532504403147603E+000  1.1336335677150335E+000  1.1137370358092091E+000  1.0936764499211153E+000
  1.0735443153454676E+000  1.0534165396584576E+000  1.0334989321608685E+000  1.0136527769443322E+000  9.9357711140402138E-001
  9.7417635751879139E-001  9.5486655762839112E-001  9.3594622530548521E-001  9.1760853558772715E-001  8.9986691717667522E-001
  8.8265178562336588E-001  8.6555771023507200E-001  8.4962830371848908E-001  8.3448730485705769E-001  8.2023705289339377E-001
  8.0693449722743216E-001  7.9469808789034868E-001  7.8323624671000425E-001  7.7254171582365150E-001  7.6249837917288799E-001
  7.5297149330212465E-001  7.4388514566738606E-001  7.3536129712341269E-001  7.2742495764339432E-001  7.1996008258998068E-001
  7.1290349302646572E-001  7.0630424463413222E-001  7.0015771117766634E-001  6.9442135286562945E-001  6.8902071777528739E-001
  6.8385230382271878E-001  6.7935260062848979E-001  6.7544595800886953E-001  6.7195192636226708E-001  6.6892960130390977E-001
  6.6633311829611575E-001  6.6416560198000207E-001  6.6241014941455567E-001  6.6109631242404576E-001  6.6023493808796219E-001
  6.5981075902112685E-001  6.5981075902159247E-001  6.6023493808920419E-001  6.6109631242626321E-001  6.6241014941753962E-001
  6.6416560198359798E-001  6.6633311830010478E-001  6.6892960130775359E-001  6.7195192636533818E-001  6.7544595801116369E-001
  6.7935260062915992E-001  6.8385230382155404E-001  6.8902071777143525E-001  6.9442135285830919E-001  7.0015771116970704E-001
  7.0630424462278207E-001  7.1290349301222877E-001  7.1996008257173039E-001  7.2742495762355630E-001  7.3536129710347509E-001
  7.4388514564628960E-001  7.5297149328027368E-001  7.6249837914870910E-001  7.7254171579834519E-001  7.8323624668364256E-001
  7.9469808786074680E-001  8.0693449719130972E-001  8.2023705285593917E-001  8.3448730481749300E-001  8.4962830367822884E-001
  8.6555771020212302E-001  8.8265178558345281E-001  8.9986691713568467E-001
BLOCK 89   1.4346535818030844E+001
  9.0726147000737567E-001  9.2610281931161265E-001  9.4578124152266863E-001  9.6591376849230404E-001  9.8641886026040038E-001
  1.0072855428668974E+000  1.0282690810718482E+000  1.0493952437451863E+000  1.0707187693414704E+000  1.0920722384655936E+000
  1.1134251406218292E+000  1.1347051516571018E+000  1.1558091366070542E+000  1.1766627729600867E+000  1.1971751825613397E+000
  1.2172972339394368E+000  1.2368599566691501E+000  1.2557014598212926E+000  1.2736985027537122E+000  1.2907690846500028E+000
  1.3067872608208229E+000  1.3217224147071391E+000  1.3357372232860623E+000  1.3487019384442518E+000  1.3604760193361392E+000
  1.3709213768140327E+000  1.3799611770139444E+000  1.3876188940324181E+000  1.3938352495010446E+000  1.3985337500325012E+000
  1.4016720091650745E+000  1.4032764911148681E+000  1.4032764911162345E+000  1.4016720091681696E+000  1.3985337500367465E+000
  1.3938352495074495E+000  1.3876188940411809E+000  1.3799611770237663E+000  1.3709213768247792E+000  1.3604760193486520E+000
  1.3487019384585133E+000  1.3357372233015115E+000  1.3217224147244104E+000  1.3067872608382025E+000  1.2907690846671249E+000
  1.2736985027696834E+000  1.2557014598334089E+000  1.2368599566842746E+000  1.2172972339558328E+000  1.1971751825791108E+000
  1.1766627729794155E+000  1.1558091366282515E+000  1.1347051516796800E+000  1.1134251406467963E+000  1.0920722384931791E+000
  1.0707187693710776E+000  1.0493952437782088E+000  1.0282690811073643E+000  1.0072855429011867E+000  9.8641886029860193E-001
  9.6591376853271194E-001  9.4578124156400067E-001  9.2610281935284233E-001  9.0726147004677360E-001  8.8904097061158427E-001
  8.7114887206009461E-001  8.5395204515456691E-001  8.3773100922985799E-001  8.2243681183094186E-001  8.0794658984235379E-001
  7.9472101053356681E-001  7.8241905722920069E-001  7.7095921089212260E-001  7.6019396324944710E-001  7.4998280426306452E-001
  7.4052936959793969E-001  7.3164219777818318E-001  7.2338422676165071E-001  7.1566858763079277E-001  7.0833996070658423E-001
  7.0137175528588447E-001  6.9473463405418834E-001  6.8836848962352726E-001  6.8242552217565100E-001  6.7718289815992050E-001
  6.7233291217633906E-001  6.6804282821779648E-001  6.6422538875027415E-001  6.6087749529417572E-001  6.5795867971119648E-001
  6.5547649521643025E-001  6.5341089718203882E-001  6.5175140397036413E-001  6.5049257182131515E-001  6.4963781341856319E-001
  6.4919559317630759E-001  6.4919559317693520E-001  6.4963781342054305E-001  6.5049257182459352E-001  6.5175140397446063E-001
  6.5341089718650314E-001  6.5547649522101104E-001  6.5795867971579192E-001  6.6087749529821049E-001  6.6422538875395698E-001
  6.6804282821978811E-001  6.7233291217683822E-001  6.7718289815841071E-001  6.8242552217100372E-001  6.8836848961644337E-001
  6.9473463404198332E-001  7.0137175527155382E-001  7.0833996068911620E-001  7.1566858760783925E-001  7.2338422673622793E-001
  7.3164219775128891E-001  7.4052936957057736E-001  7.4998280424080721E-001  7.6019396322047239E-001  7.7095921086182728E-001
  7.8241905719896465E-001  7.9472101050285693E-001  8.0794658980976841E-001  8.2243681179436268E-001  8.3773100918844923E-001
  8.5395204511391898E-001  8.7114887200687008E-001  8.8904097057039455E-001
BLOCK 90   1.4509564634144812E+001
  8.9575635828317901E-001  9.1535429091100884E-001  9.3558750961473736E-001  9.5645219639274826E-001  9.7781908564717623E-001
  9.9968694929927171E-001  1.0218964089127038E+000  1.0441926754981521E+000  1.0667797777562160E+000  1.0895983510569067E+000
  1.1125919161990849E+000  1.1355606948505517E+000  1.1582960240180178E+000  1.1806861409437435E+000  1.2026682728679017E+000
  1.2241727586203499E+000  1.2449990304582075E+000  1.2649960197197652E+000  1.2840932449051872E+000  1.3022480656863631E+000
  1.3192835730509183E+000  1.3355049098411023E+000  1.3506091652665229E+000  1.3644538932065964E+000  1.3769438722511944E+000
  1.3880569271802807E+000  1.3977532099870635E+000  1.4059637561729332E+000  1.4125917027541168E+000  1.4175806237238542E+000
  1.4209368604091710E+000  1.4226670622810722E+000  1.4226670622823128E+000  1.4209368604122510E+000  1.4175806237284241E+000
  1.4125917027600692E+000  1.4059637561799601E+000  1.3977532099955128E+000  1.3880569271904495E+000  1.3769438722559981E+000
  1.3644538932199399E+000  1.3506091652826455E+000  1.3355049098591374E+000  1.3192835730708570E+000  1.3022480657062336E+000
  1.2840932449250284E+000  1.2649960197394929E+000  1.2449990304775698E+000  1.2241727586389191E+000  1.2026682728889904E+000
  1.1806861409641034E+000  1.1582960240396767E+000  1.1355606948745274E+000  1.1125919162269924E+000  1.0895983510884073E+000
  1.0667797777895156E+000  1.0441926755339623E+000  1.0218964089504323E+000  9.9968694933433699E-001  9.7781908568826770E-001
  9.5645219643645074E-001  9.3558750965969051E-001  9.1535429095623599E-001  8.9575635832636702E-001  8.7671809954460433E-001
  8.5878693499377368E-001  8.4143186646121737E-001  8.2488143067315922E-001  8.0949104596338872E-001  7.9530768000535645E-001
  7.8207792021290834E-001  7.6966490044556923E-001  7.5800602631684033E-001  7.4697553660411997E-001  7.3710601245528740E-001
  7.2785619074586727E-001  7.1914324977633159E-001  7.1091217556874453E-001  7.0304942787785840E-001  6.9553588639682518E-001
  6.8850186877805297E-001  6.8199342884036018E-001  6.7605984178995271E-001  6.7053096003518453E-001  6.6555443794264568E-001
  6.6094739073432218E-001  6.5679302281792318E-001  6.5305129842765830E-001  6.4977856026253999E-001  6.4694167412359072E-001
  6.4454158872100331E-001  6.4254814931495119E-001  6.4095804348312702E-001  6.3977351323305931E-001  6.3898784883543369E-001
  6.3858918524729269E-001  6.3858918524802644E-001  6.3898784883777437E-001  6.3977351323668086E-001  6.4095804348767083E-001
  6.4254814932017812E-001  6.4454158872694500E-001  6.4694167412953041E-001  6.4977856026782244E-001  6.5305129843240128E-001
  6.5679302282121121E-001  6.6094739073569186E-001  6.6555443794149349E-001  6.7053096003142909E-001  6.7605984178390710E-001
  6.8199342882951941E-001  6.8850186876494757E-001  6.9553588638003949E-001  7.0304942785546509E-001  7.1091217554436537E-001
  7.1914324974480359E-001  7.2785619071223762E-001  7.3710601242193963E-001  7.4697553657745119E-001  7.5800602628485692E-001
  7.6966490041223690E-001  7.8207792017845623E-001  7.9530767997078688E-001  8.0949104592872689E-001  8.2488143063600428E-001
  8.4143186642382861E-001  8.5878693495219482E-001  8.7671809950867896E-001
BLOCK 91   1.4672593450258780E+001
  8.8341050580691827E-001  9.0342685949997592E-001  9.2405875053446451E-001  9.4558885313294938E-001  9.6782083984614820E-001
  9.9061248131477087E-001  1.0142737079562179E+000  1.0379861659336145E+000  1.0620912028667144E+000  1.0865232162133829E+000
  1.1111592453534185E+000  1.1357846741971087E+000  1.1601719267343047E+000  1.1841878003032107E+000  1.2077483828346440E+000
  1.2307512793351858E+000  1.2530235758085340E+000  1.2744168015191186E+000  1.2948953633151064E+000  1.3143332070291420E+000
  1.3327458596210693E+000  1.3500520354617462E+000  1.3661350556341030E+000  1.3808826817233855E+000  1.3942657315183771E+000
  1.4061799941435682E+000  1.4165114251128053E+000  1.4251987337975085E+000  1.4322330870356530E+000  1.4376307474675691E+000
  1.4410790619521165E+000  1.4427774980006232E+000  1.4427774980012684E+000  1.4410790619540530E+000  1.4376307474710224E+000
  1.4322330870410824E+000  1.4251987338042791E+000  1.4165114251215529E+000  1.4061799941544755E+000  1.3942657315306251E+000
  1.3808826817355786E+000  1.3661350556489080E+000  1.3500520354794248E+000  1.3327458596417632E+000  1.3143332070513343E+000
  1.2948953633367082E+000  1.2744168015415616E+000  1.2530235758254376E+000  1.2307512793582898E+000  1.2077483828598405E+000
  1.1841878003287247E+000  1.1601719267611503E+000  1.1357846742243789E+000  1.1111592453828247E+000  1.0865232162462495E+000
  1.0620912029025742E+000  1.0379861659734539E+000  1.0142737079985866E+000  9.9061248135565405E-001  9.6782083989148826E-001
  9.4558885317797969E-001  9.2405875057771603E-001  9.0342685954139246E-001  8.8341050585118330E-001  8.6369082516549778E-001
  8.4515706493612175E-001  8.2776318379431690E-001  8.1141281466685433E-001  7.9612840858158829E-001  7.8191716103887143E-001
  7.6866036055391973E-001  7.5636141332211615E-001  7.4464999188137682E-001  7.3392408217920813E-001  7.2381577205975101E-001
  7.1422752425796188E-001  7.0523720220798147E-001  6.9689736249014211E-001  6.8909704965940688E-001  6.8183277975426282E-001
  6.7536572381607984E-001  6.6932136220303651E-001  6.6378640963185065E-001  6.5863235077410742E-001  6.5387808296035543E-001
  6.4949216549701372E-001  6.4551629821360490E-001  6.4194250216069892E-001  6.3875593436239642E-001  6.3596758767979655E-001
  6.3359297892356348E-001  6.3164525755697221E-001  6.3011207594850327E-001  6.2898749357375561E-001  6.2824706487161375E-001
  6.2787534307394732E-001  6.2787534307462511E-001  6.2824706487382176E-001  6.2898749357761508E-001  6.3011207595357788E-001
  6.3164525756316980E-001  6.3359297893079358E-001  6.3596758768690786E-001  6.3875593436901612E-001  6.4194250216623661E-001
  6.4551629821781964E-001  6.4949216549960753E-001  6.5387808296026328E-001  6.5863235077111948E-001  6.6378640962625302E-001
  6.6932136219374216E-001  6.7536572380400661E-001  6.8183277973787326E-001  6.8909704963662732E-001  6.9689736246555478E-001
  7.0523720217967656E-001  7.1422752422481905E-001  7.2381577202257719E-001  7.3392408214070171E-001  7.4464999184579883E-001
  7.5636141328409168E-001  7.6866036051702702E-001  7.8191716100218067E-001  7.9612840854472877E-001  8.1141281462886505E-001
  8.2776318375588376E-001  8.4515706489415199E-001  8.6369082512672402E-001
BLOCK 92   1.4835622266372749E+001
  8.6910696690820022E-001  8.9002801814376031E-001  9.1125630163391647E-001  9.3338964925800427E-001  9.5670410960706820E-001
  9.8073444910291485E-001  1.0055920082057457E+000  1.0306673233901886E+000  1.0563201715788368E+000  1.0824812775847603E+000
  1.1088586644369787E+000  1.1352106299112510E+000  1.1612921220605488E+000  1.1869846746089241E+000  1.2122418530023211E+000
  1.2369725662302784E+000  1.2609699390542819E+000  1.2840193181364881E+000  1.3060195248726119E+000  1.3269270046089647E+000
  1.3467607524909613E+000  1.3653511563540801E+000  1.3826018194354981E+000  1.3984077550212977E+000  1.4126797117997023E+000
  1.4254212246833218E+000  1.4364818134496640E+000  1.4453966100592819E+000  1.4527340905395856E+000  1.4582460614971355E+000
  1.4619329230180795E+000  1.4637514149090343E+000  1.4637514149098978E+000  1.4619329230203599E+000  1.4582460615015629E+000
  1.4527340905462600E+000  1.4453966100674227E+000  1.4364818134586894E+000  1.4254212246939302E+000  1.4126797118127161E+000
  1.3984077550361682E+000  1.3826018194509140E+000  1.3653511563718652E+000  1.3467607525100458E+000  1.3269270046317212E+000
  1.3060195248964472E+000  1.2840193181626098E+000  1.2609699390808922E+000  1.2369725662584459E+000  1.2122418530321937E+000
  1.1869846746394159E+000  1.1612921220914805E+000  1.1352106299426337E+000  1.1088586644714966E+000  1.0824812776225103E+000
  1.0563201716174035E+000  1.0306673234294572E+000  1.0055920082446510E+000  9.8073444914616348E-001  9.5670410965413111E-001
  9.3338964930439372E-001  9.1125630167840532E-001  8.9002801818733768E-001  8.6910696696388301E-001  8.4952834124944454E-001
  8.3094161262021704E-001  8.1356392445182801E-001  7.9713740845657344E-001  7.8207811015896489E-001  7.6809944004872155E-001
  7.5487369860909304E-001  7.4216286340717130E-001  7.3031454899226755E-001  7.1928876837435163E-001  7.0896302289519886E-001
  6.9926319313860863E-001  6.9031093451670134E-001  6.8213952713616344E-001  6.7489223332475057E-001  6.6822544796014405E-001
  6.6220588191929797E-001  6.5658682992405004E-001  6.5139813505084254E-001  6.4658459116654499E-001  6.4211782851581778E-001
  6.3801021519689971E-001  6.3423634966317000E-001  6.3081315951271255E-001  6.2774439071936294E-001  6.2503880568293479E-001
  6.2276587087476365E-001  6.2084624840333691E-001  6.1930060644241103E-001  6.1813864983318179E-001  6.1736523244688768E-001
  6.1697661387066549E-001  6.1697661387147640E-001  6.1736523244954311E-001  6.1813864983768363E-001  6.1930060644819984E-001
  6.2084624841023750E-001  6.2276587088271618E-001  6.2503880568700387E-001  6.2774439072709631E-001  6.3081315951952410E-001
  6.3423634966850317E-001  6.3801021520051349E-001  6.4211782851712840E-001  6.4658459116549838E-001  6.5139813504681321E-001
  6.5658682991563633E-001  6.6220588190718177E-001  6.6822544794514038E-001  6.7489223330518311E-001  6.8213952711324755E-001
  6.9031093448786618E-001  6.9926319310448715E-001  7.0896302285950874E-001  7.1928876833209521E-001  7.3031454895059933E-001
  7.4216286336580595E-001  7.5487369856670328E-001  7.6809944000719776E-001  7.8207811011670580E-001  7.9713740841388125E-001
  8.1356392440802872E-001  8.3094161257926691E-001  8.4952834120197618E-001
BLOCK 93   1.4998651082486717E+001
  8.5411269981794524E-001  8.7505157279463519E-001  8.9701084226410321E-001  9.1989965267358154E-001  9.4416981770989061E-001
  9.6931189473346202E-001  9.9540927666157308E-001  1.0222684241905513E+000  1.0495763669159492E+000  1.0773518803986566E+000
  1.1053743724559491E+000  1.1334987130157856E+000  1.1614262315982091E+000  1.1890737500107840E+000  1.2162892147669830E+000
  1.2428902638817063E+000  1.2687101036733823E+000  1.2935924741462070E+000  1.3172577486146475E+000  1.3399609161575319E+000
  1.3614152383364413E+000  1.3814819736783732E+000  1.4001330845516937E+000  1.4171649463900005E+000  1.4321977227834062E+000
  1.4452310343714514E+000  1.4567560903354431E+000  1.4663783823659904E+000  1.4741712648214409E+000  1.4800687880135968E+000
  1.4840496490555259E+000  1.4860590229815835E+000  1.4860590229826742E+000  1.4840496490585839E+000  1.4800687880184149E+000
  1.4741712648285041E+000  1.4663783823746359E+000  1.4567560903475743E+000  1.4452310343846473E+000  1.4321977227969520E+000
  1.4171649464041680E+000  1.4001330845680842E+000  1.3814819736943365E+000  1.3614152383574329E+000  1.3399609161817125E+000
  1.3172577486408970E+000  1.2935924741747862E+000  1.2687101037038171E+000  1.2428902639141595E+000  1.2162892148026496E+000
  1.1890737500479502E+000  1.1614262316356350E+000  1.1334987130518985E+000  1.1053743724959635E+000  1.0773518804360149E+000
  1.0495763669574729E+000  1.0222684242327593E+000  9.9540927670313029E-001  9.6931189477764668E-001  9.4416981775397424E-001
  9.1989965271952989E-001  8.9701084230887640E-001  8.7505157283517010E-001  8.5411269986744298E-001  8.3436571689985939E-001
  8.1560470656212147E-001  7.9841169570397608E-001  7.8248099622996570E-001  7.6740620064387910E-001  7.5293835451891833E-001
  7.3915283744379834E-001  7.2624355643487359E-001  7.1434642008783522E-001  7.0325609506984044E-001  6.9289270525830948E-001
  6.8345942622043054E-001  6.7519030710005379E-001  6.6767402761847494E-001  6.6088275227677817E-001  6.5464586591088858E-001
  6.4895812205921688E-001  6.4371017344101267E-001  6.3888629097622862E-001  6.3444567637983607E-001  6.3032354547275671E-001
  6.2651785023096063E-001  6.2297025732752553E-001  6.1973274265077083E-001  6.1680687528136813E-001  6.1420640901127888E-001
  6.1193850591817212E-001  6.1000594302440136E-001  6.0843409254156966E-001  6.0724296869195515E-001  6.0644094546766836E-001
  6.0603523125885750E-001  6.0603523125964120E-001  6.0644094547037419E-001  6.0724296869647421E-001  6.0843409254765934E-001
  6.1000594303175715E-001  6.1193850592621135E-001  6.1420640901971058E-001  6.1680687529022682E-001  6.1973274265861256E-001
  6.2297025733663913E-001  6.2651785023801110E-001  6.3032354547548430E-001  6.3444567637949412E-001  6.3888629097329375E-001
  6.4371017343477754E-001  6.4895812204932846E-001  6.5464586589701645E-001  6.6088275225805726E-001  6.6767402759590788E-001
  6.7519030707293071E-001  6.8345942618906486E-001  6.9289270522425028E-001  7.0325609502959363E-001  7.1434642004402782E-001
  7.2624355638854643E-001  7.3915283739540227E-001  7.5293835447236068E-001  7.6740620059658149E-001  7.8248099618359424E-001
  7.9841169565675918E-001  8.1560470651481765E-001  8.3436571685094674E-001
BLOCK 94   1.5161679898600685E+001
  8.3762946016941797E-001  8.5918116296580693E-001  8.8163785943842621E-001  9.0539103236150509E-001  9.3026411992292279E-001
  9.5649726031921789E-001  9.8397156738677261E-001  1.0122771573114093E+000  1.0413113307501212E+000  1.0707996902542056E+000
  1.1006829180463833E+000  1.1308595485772019E+000  1.1607768145395065E+000  1.1903966884720858E+000  1.2196569652336242E+000
  1.2483335323243889E+000  1.2761946970389255E+000  1.3030673663612480E+000  1.3288236172605461E+000  1.3535488756036786E+000
  1.3768600167265272E+000  1.3984694578369206E+000  1.4182261885019720E+000  1.4360237105844482E+000  1.4519479290415720E+000
  1.4660479535983726E+000  1.4783302792249939E+000  1.4886717361468582E+000  1.4969408885680893E+000  1.5032116831934523E+000
  1.5073911852977671E+000  1.5094904681876602E+000  1.5094904681888988E+000  1.5073911853014605E+000  1.5032116831990612E+000
  1.4969408885749502E+000  1.4886717361561228E+000  1.4783302792364776E+000  1.4660479536117625E+000  1.4519479290584436E+000
  1.4360237106024336E+000  1.4182261885217047E+000  1.3984694578579369E+000  1.3768600167458367E+000  1.3535488756284064E+000
  1.3288236172916139E+000  1.3030673663939543E+000  1.2761946970736133E+000  1.2483335323584153E+000  1.2196569652741196E+000
  1.1903966885142596E+000  1.1607768145819493E+000  1.1308595486171524E+000  1.1006829180892463E+000  1.0707996902953507E+000
  1.0413113307914101E+000  1.0122771573502212E+000  9.8397156742739111E-001  9.5649726036248861E-001  9.3026411996945191E-001
  9.0539103241100394E-001  8.8163785948620466E-001  8.5918116301603620E-001  8.3762946021997475E-001  8.1783821220228192E-001
  7.9940006186749757E-001  7.8231624004787204E-001  7.6594830418384052E-001  7.5016769655503934E-001  7.3562897217350387E-001
  7.2179046046406781E-001  7.0894021333856549E-001  6.9706624953459806E-001  6.8617316128906214E-001  6.7650630617635932E-001
  6.6801657230588707E-001  6.6027766791751319E-001  6.5318713008721574E-001  6.4681021943085759E-001  6.4101175100475305E-001
  6.3573878247191506E-001  6.3092697360391403E-001  6.2646823450875966E-001  6.2228078593081748E-001  6.1844908622879236E-001
  6.1488400522738462E-001  6.1161507786520786E-001  6.0858302807837683E-001  6.0580064711207182E-001  6.0328706656789111E-001
  6.0106467331411451E-001  5.9916339580677092E-001  5.9760570325283369E-001  5.9641127265846794E-001  5.9559024038187625E-001
  5.9516753378180409E-001  5.9516753378286080E-001  5.9559024038479325E-001  5.9641127266296456E-001  5.9760570325872830E-001
  5.9916339581396705E-001  6.0106467332248759E-001  6.0328706657728448E-001  6.0580064712148496E-001  6.0858302808730036E-001
  6.1161507787300939E-001  6.1488400523500941E-001  6.1844908623384764E-001  6.2228078593527381E-001  6.2646823451167100E-001
  6.3092697360051953E-001  6.3573878246291515E-001  6.4101175099128427E-001  6.4681021941317562E-001  6.5318713006597784E-001
  6.6027766789220244E-001  6.6801657227636990E-001  6.7650630614415064E-001  6.8617316125173511E-001  6.9706624949099238E-001
  7.0894021329397550E-001  7.2179046041293682E-001  7.3562897211950573E-001  7.5016769650819559E-001  7.6594830412999859E-001
  7.8231623999445898E-001  7.9940006181346368E-001  8.1783821214722785E-001
BLOCK 95   1.5324708714714653E+001
  8.1995226642195074E-001  8.4151341251126477E-001  8.6429796986884155E-001  8.8964293761433877E-001  9.1539172833854732E-001
  9.4249150615264488E-001  9.7094260189774328E-001  1.0006535672257484E+000  1.0314157561629720E+000  1.0626951997817293E+000
  1.0945430762856230E+000  1.1267468894129853E+000  1.1589940569609964E+000  1.1908240499775291E+000  1.2223252824492601E+000
  1.2533381764233833E+000  1.2836498418460540E+000  1.3129615337210079E+000  1.3409454295810337E+000  1.3674510802191489E+000
  1.3922787052487300E+000  1.4152596048147710E+000  1.4362764775993475E+000  1.4554493657162337E+000  1.4727359444148682E+000
  1.4880508622531194E+000  1.5012581767446505E+000  1.5122735679316102E+000  1.5210642262836735E+000  1.5276704458787951E+000
  1.5321034268840759E+000  1.5342793391159213E+000  1.5342793391164493E+000  1.5321034268868670E+000  1.5276704458839760E+000
  1.5210642262909424E+000  1.5122735679417145E+000  1.5012581767483713E+000  1.4880508622679351E+000  1.4727359444322301E+000
  1.4554493657373937E+000  1.4362764776227359E+000  1.4152596048405226E+000  1.3922787052764394E+000  1.3674510802493269E+000
  1.3409454296141452E+000  1.3129615337567790E+000  1.2836498418850679E+000  1.2533381764625913E+000  1.2223252824927269E+000
  1.1908240500210030E+000  1.1589940570045865E+000  1.1267468894544284E+000  1.0945430763309869E+000  1.0626951998269185E+000
  1.0314157562072255E+000  1.0006535672644832E+000  9.7094260194481763E-001  9.4249150619786315E-001  9.1539172838461458E-001
  8.8964293766482860E-001  8.6429796991581775E-001  8.4151341256916357E-001  8.1995226648211361E-001  7.9981858334371148E-001
  7.8117154574724723E-001  7.6348318493284362E-001  7.4639209805837337E-001  7.3117904610301498E-001  7.1656429612413619E-001
  7.0288967627739951E-001  6.9049778339831291E-001  6.7931950859287815E-001  6.6946907153193513E-001  6.6049812452167267E-001
  6.5245754728510841E-001  6.4523364151395501E-001  6.3876524447928795E-001  6.3295350144538853E-001  6.2757249318379882E-001
  6.2253871152844764E-001  6.1803233925933931E-001  6.1386463906415045E-001  6.1005514403911631E-001  6.0650600759171691E-001
  6.0321062063158026E-001  6.0014720603492266E-001  5.9731003022745954E-001  5.9470339362850555E-001  5.9234169805991232E-001
  5.9022573038153370E-001  5.8837956536742642E-001  5.8684557850148256E-001  5.8566512861740094E-001  5.8486678591783015E-001
  5.8446375908567105E-001  5.8446375908674442E-001  5.8486678592076158E-001  5.8566512862226772E-001  5.8684557850811891E-001
  5.8837956537525316E-001  5.9022573038956316E-001  5.9234169806755566E-001  5.9470339363723701E-001  5.9731003023698592E-001
  6.0014720604437222E-001  6.0321062063963560E-001  6.0650600759856999E-001  6.1005514404308525E-001  6.1386463906635114E-001
  6.1803233925768752E-001  6.2253871152501017E-001  6.2757249317734065E-001  6.3295350143299911E-001  6.3876524446061234E-001
  6.4523364148968188E-001  6.5245754725570804E-001  6.6049812448914680E-001  6.6946907149613377E-001  6.7931950855141587E-001
  6.9049778335443257E-001  7.0288967622967446E-001  7.1656429607018124E-001  7.3117904604344819E-001  7.4639209800725403E-001
  7.6348318487357203E-001  7.8117154568830616E-001  7.9981858328503153E-001
BLOCK 96   1.5487737530828621E+001
  7.9980293911573574E-001  8.2214712800162904E-001  8.4593012464427475E-001  8.7158443178410139E-001  8.9862934660020244E-001
  9.2672218269009321E-001  9.5652179329371700E-001  9.8772205902418653E-001  1.0202663944356074E+000  1.0532564059179825E+000
  1.0869553993395109E+000  1.1212619499444092E+000  1.1557860788212260E+000  1.1901942088976607E+000  1.2245464095192968E+000
  1.2583656404560539E+000  1.2911072281217244E+000  1.3225296158465618E+000  1.3525584167864515E+000  1.3809952702043180E+000
  1.4076886378704252E+000  1.4324001126922004E+000  1.4551276539089155E+000  1.4758672093585306E+000  1.4945303351604169E+000
  1.5109937804748546E+000  1.5251713196725181E+000  1.5369886180203798E+000  1.5464633816109827E+000  1.5536186715377893E+000
  1.5584298556827756E+000  1.5607759126185812E+000  1.5607759126194904E+000  1.5584298556865779E+000  1.5536186715440121E+000
  1.5464633816189310E+000  1.5369886180307237E+000  1.5251713196856884E+000  1.5109937804912987E+000  1.4945303351804264E+000
  1.4758672093812493E+000  1.4551276539370397E+000  1.4324001127226023E+000  1.4076886379042588E+000  1.3809952702362507E+000
  1.3525584168258182E+000  1.3225296158860891E+000  1.2911072281620786E+000  1.2583656404946932E+000  1.2245464095630403E+000
  1.1901942089429509E+000  1.1557860788668004E+000  1.1212619499875147E+000  1.0869553993870793E+000  1.0532564059655716E+000
  1.0202663944830070E+000  9.8772205907114885E-001  9.5652179334455922E-001  9.2672218274103912E-001  8.9862934665444116E-001
  8.7158443185283940E-001  8.4593012470387363E-001  8.2214712806226198E-001  7.9980293917589718E-001  7.7927897615196362E-001
  7.6022794118167769E-001  7.4189178355757757E-001  7.2551191998815556E-001  7.1025094762859442E-001  6.9607044788914607E-001
  6.8328888605888949E-001  6.7203410401146324E-001  6.6184447076155506E-001  6.5272892472870936E-001  6.4455094736118157E-001
  6.3720537745839700E-001  6.3050547841158178E-001  6.2429318460691885E-001  6.1880732675628480E-001  6.1380272005162284E-001
  6.0929895526473077E-001  6.0516947796129905E-001  6.0136052385712213E-001  5.9780929094620316E-001  5.9453078970856621E-001
  5.9149447071400330E-001  5.8866386945704785E-001  5.8602342484412062E-001  5.8357624175807576E-001  5.8134749132812980E-001
  5.7935937622044675E-001  5.7763778285621414E-001  5.7620961626130873E-001  5.7509350705248852E-001  5.7432106075506728E-001
  5.7392352715795603E-001  5.7392352715936190E-001  5.7432106075860567E-001  5.7509350705772178E-001  5.7620961626824263E-001
  5.7763778286450329E-001  5.7935937622975808E-001  5.8134749133803221E-001  5.8357624176809075E-001  5.8602342485362191E-001
  5.8866386946542426E-001  5.9149447071869687E-001  5.9453078971152884E-001  5.9780929095124102E-001  6.0136052385983030E-001
  6.0516947796197340E-001  6.0929895526142952E-001  6.1380272004620595E-001  6.1880732674539829E-001  6.2429318460313810E-001
  6.3050547839522098E-001  6.3720537743544681E-001  6.4455094733157503E-001  6.5272892469345134E-001  6.6184447072062358E-001
  6.7203410396641716E-001  6.8328888600995175E-001  6.9607044783460525E-001  7.1025094757087881E-001  7.2551191992427921E-001
  7.4189178350040008E-001  7.6022794111692382E-001  7.7927897608722219E-001
BLOCK 97   1.5650766346942589E+001
  7.7723557717684622E-001  7.9950872310369969E-001  8.2421336438671022E-001  8.5081559405738028E-001  8.7881826525314632E-001
  9.0872835522391771E-001  9.4026897593171543E-001  9.7304723703475915E-001  1.0070604389433313E+000  1.0420091323101308E+000
  1.0779554720340077E+000  1.1147427989471010E+000  1.1521608717506888E+000  1.1892241173809661E+000  1.2260736325130683E+000
  1.2623130270057630E+000  1.2974856483974584E+000  1.3313346463466318E+000  1.3637952229335923E+000  1.3945691902361887E+000
  1.4233834976034816E+000  1.4499786157461652E+000  1.4746463039862123E+000  1.4971813823829996E+000  1.5173128042559532E+000
  1.5350477847679598E+000  1.5504076809173413E+000  1.5633668256901536E+000  1.5733394393621285E+000  1.5809565252501012E+000
  1.5860355973276619E+000  1.5885497720184625E+000  1.5885497720196700E+000  1.5860355973318754E+000  1.5809565252583671E+000
  1.5733394393734310E+000  1.5633668257038182E+000  1.5504076809331817E+000  1.5350477847872406E+000  1.5173128042788926E+000
  1.4971813824131626E+000  1.4746463040192095E+000  1.4499786157814922E+000  1.4233834976398652E+000  1.3945691902744797E+000
  1.3637952229762953E+000  1.3313346463892706E+000  1.2974856484415151E+000  1.2623130270481129E+000  1.2260736325573685E+000
  1.1892241174262088E+000  1.1521608717970879E+000  1.1147427989945156E+000  1.0779554720869664E+000  1.0420091323625964E+000
  1.0070604390013049E+000  9.7304723709386676E-001  9.4026897599171566E-001  9.0872835528041329E-001  8.7881826531244245E-001
  8.5081559412654273E-001  8.2421336444786619E-001  7.9950872316888688E-001  7.7723557724436465E-001  7.5634385581883712E-001
  7.3662612562778518E-001  7.1869543575876815E-001  7.0263521339975321E-001  6.8807481830461947E-001  6.7509447809520562E-001
  6.6389522820360436E-001  6.5371285962097758E-001  6.4450712494901929E-001  6.3622339150137952E-001  6.2861190394560462E-001
  6.2159247526864936E-001  6.1540889860838288E-001  6.0979340467187937E-001  6.0478174854342825E-001  6.0022602588320384E-001
  5.9608226986596291E-001  5.9230298851982666E-001  5.8884153621132895E-001  5.8563487691501348E-001  5.8264069892155967E-001
  5.7981680508072697E-001  5.7716534532544306E-001  5.7471164651520579E-001  5.7246072139847926E-001  5.7040919838751947E-001
  5.6856996235910406E-001  5.6697246052987749E-001  5.6565265227877259E-001  5.6463664054663631E-001  5.6395097184153176E-001
  5.6360811070901151E-001  5.6360811071017991E-001  5.6395097184480847E-001  5.6463664055202512E-001  5.6565265228646544E-001
  5.6697246053931216E-001  5.6856996236980528E-001  5.7040919839898663E-001  5.7246072140984483E-001  5.7471164652595841E-001
  5.7716534533486252E-001  5.7981680508866029E-001  5.8264069892720083E-001  5.8563487691852678E-001  5.8884153621239899E-001
  5.9230298851249241E-001  5.9608226985875457E-001  6.0022602587808305E-001  6.0478174853683553E-001  6.0979340466062504E-001
  6.1540889859358394E-001  6.2159247525068773E-001  6.2861190392291677E-001  6.3622339147298224E-001  6.4450712491341910E-001
  6.5371285957836001E-001  6.6389522815454594E-001  6.7509447804037026E-001  6.8807481824456851E-001  7.0263521333488221E-001
  7.1869543569035144E-001  7.3662612556297857E-001  7.5634385575131613E-001
BLOCK 98   1.5813795163056557E+001
  7.5124573446356002E-001  7.7460491257105812E-001  7.9924108006223771E-001  8.2638799373282057E-001  8.5612846748593041E-001
  8.8747351515561546E-001  9.2037331206889517E-001  9.5501399766847150E-001  9.9130031352631087E-001  1.0292302639522535E+000
  1.0679403875282518E+000  1.1074397315246525E+000  1.1473289248445688E+000  1.1871022877813853E+000  1.2266332761959591E+000
  1.2655826433580943E+000  1.3034309221762124E+000  1.3398703365311977E+000  1.3747800523518190E+000  1.4079468100443966E+000
  1.4390940317637095E+000  1.4681119124690545E+000  1.4949375004150582E+000  1.5194059581981030E+000  1.5413493448132007E+000
  1.5603286218590284E+000  1.5765849484972616E+000  1.5903971826997283E+000  1.6014527795836369E+000  1.6097930656010315E+000
  1.6154027564518878E+000  1.6182195942273254E+000  1.6182195942294146E+000  1.6154027564577293E+000  1.6097930656103303E+000
  1.6014527795976177E+000  1.5903971827177179E+000  1.5765849485215602E+000  1.5603286218848496E+000  1.5413493448415092E+000
  1.5194059582295745E+000  1.4949375004464902E+000  1.4681119125058446E+000  1.4390940318026870E+000  1.4079468100859358E+000
  1.3747800523911902E+000  1.3398703365757272E+000  1.3034309222211198E+000  1.2655826434036954E+000  1.2266332762456644E+000
  1.1871022878318873E+000  1.1473289248945127E+000  1.1074397315796560E+000  1.0679403875857250E+000  1.0292302640106379E+000
  9.9130031359806736E-001  9.5501399772994910E-001  9.2037331213719109E-001  8.8747351522453621E-001  8.5612846755562144E-001
  8.2638799379519290E-001  7.9924108013139716E-001  7.7460491264275921E-001  7.5124573453072818E-001  7.3026203509698662E-001
  7.1093253033460058E-001  6.9403623166182604E-001  6.7910725755417034E-001  6.6614201731315548E-001  6.5463562849118606E-001
  6.4449886626195629E-001  6.3525952192367807E-001  6.2681889568621707E-001  6.1914857194514350E-001  6.1228394598121172E-001
  6.0608712623763494E-001  6.0050186180099785E-001  5.9547442551949059E-001  5.9089087320496292E-001  5.8676764589901476E-001
  5.8301722219946905E-001  5.7959363829422861E-001  5.7642230416219598E-001  5.7347471538777262E-001  5.7073099888719292E-001
  5.6817027561363997E-001  5.6577228952381808E-001  5.6353047564877534E-001  5.6144113917136174E-001  5.5951607282426497E-001
  5.5783914182604755E-001  5.5641716614417203E-001  5.5525379329100244E-001  5.5435825703965458E-001  5.5374454176557908E-001
  5.5343227096716385E-001  5.5343227096847292E-001  5.5374454176954635E-001  5.5435825704612107E-001  5.5525379329960589E-001
  5.5641716615431736E-001  5.5783914183738359E-001  5.5951607283664284E-001  5.6144113918404925E-001  5.6353047566127945E-001
  5.6577228953541425E-001  5.6817027562380673E-001  5.7073099889527823E-001  5.7347471539311623E-001  5.7642230416467832E-001
  5.7959363829343113E-001  5.8301722219436813E-001  5.8676764589190422E-001  5.9089087319200284E-001  5.9547442549677065E-001
  6.0050186178271669E-001  6.0608712622023253E-001  6.1228394596213065E-001  6.1914857191977002E-001  6.2681889565726956E-001
  6.3525952188730772E-001  6.4449886621822650E-001  6.5463562844094192E-001  6.6614201725842770E-001  6.7910725749363166E-001
  6.9403623159105998E-001  7.1093253026435621E-001  7.3026203502214226E-001
BLOCK 99   1.5976823979170526E+001
  7.2282202037084609E-001  7.4571440408682799E-001  7.7140443157293270E-001  7.9879650707291638E-001  8.2892062404459776E-001
  8.6120885797827318E-001  8.9674805631973353E-001  9.3363721423605295E-001  9.7259806764346346E-001  1.0133104218904279E+000
  1.0551453406500897E+000  1.0978097510142504E+000  1.1409340068808178E+000  1.1839221681891068E+000  1.2264605561557209E+000
  1.2682683044639129E+000  1.3089131768250821E+000  1.3481608531840230E+000  1.3858584339005999E+000  1.4216703196500797E+000
  1.4553742703060213E+000  1.4869326801037708E+000  1.5159070057322053E+000  1.5421590098640010E+000  1.5655592090028572E+000
  1.5862004936243805E+000  1.6040745734631010E+000  1.6190938255117955E+000  1.6312077547273163E+000  1.6402831452465523E+000
  1.6464155811988317E+000  1.6495199398133733E+000  1.6495199398165641E+000  1.6464155812072834E+000  1.6402831452601605E+000
  1.6312077547449404E+000  1.6190938255378775E+000  1.6040745734904536E+000  1.5862004936549781E+000  1.5655592090378319E+000
  1.5421590098995264E+000  1.5159070057690487E+000  1.4869326801409797E+000  1.4553742703461323E+000  1.4216703196914824E+000
  1.3858584339427416E+000  1.3481608532308005E+000  1.3089131768738107E+000  1.2682683045132894E+000  1.2264605562095461E+000
  1.1839221682455205E+000  1.1409340069384617E+000  1.0978097510774556E+000  1.0551453407138303E+000  1.0133104219552664E+000
  9.7259806771518487E-001  9.3363721430654711E-001  8.9674805638892785E-001  8.6120885804911596E-001  8.2892062411968348E-001
  7.9879650715492390E-001  7.7140443165179307E-001  7.4571440419334356E-001  7.2282202045948429E-001  7.0245363019732465E-001
  6.8454773332426178E-001  6.6923974987070212E-001  6.5596700694355392E-001  6.4428682993823772E-001  6.3387029576974052E-001
  6.2446979826725979E-001  6.1615605773230342E-001  6.0871053353382187E-001  6.0215004052562970E-001  5.9615277674040368E-001
  5.9074323372747617E-001  5.8581730405654320E-001  5.8134096607074348E-001  5.7726249108724581E-001  5.7355133215878051E-001
  5.7014716546121680E-001  5.6701684060132829E-001  5.6414221829476996E-001  5.6145844548787771E-001  5.5887964901327447E-001
  5.5649806689971426E-001  5.5431197258151599E-001  5.5230480514506120E-001  5.5047902885697120E-001  5.4883060279743690E-001
  5.4736955059334769E-001  5.4610598221904960E-001  5.4506940442287166E-001  5.4428216447360045E-001  5.4374956730956603E-001
  5.4347717853679312E-001  5.4347717853833233E-001  5.4374956731410862E-001  5.4428216448071476E-001  5.4506940443211349E-001
  5.4610598223006079E-001  5.4736955060574910E-001  5.4883060281082874E-001  5.5047902887081746E-001  5.5230480515898384E-001
  5.5431197259491516E-001  5.5649806691207204E-001  5.5887964902406151E-001  5.6145844549648039E-001  5.6414221830056310E-001
  5.6701684060386859E-001  5.7014716546001187E-001  5.7355133215349252E-001  5.7726249107812311E-001  5.8134096605570751E-001
  5.8581730403728072E-001  5.9074323370383786E-001  5.9615277670454203E-001  6.0215004048896226E-001  6.0871053350067128E-001
  6.1615605769907444E-001  6.2446979823405113E-001  6.3387029572920717E-001  6.4428682989078767E-001  6.5596700689022813E-001
  6.6923974980875478E-001  6.8454773325380880E-001  7.0245363012629225E-001
BLOCK 100   1.6139852795284551E+001
  6.9312486972154008E-001  7.1466168130895735E-001  7.3884873690164832E-001  7.6743143938112268E-001  7.9780235006000910E-001
  8.3146757243739033E-001  8.6823595026541311E-001  9.0776446472216943E-001  9.4947822594019493E-001  9.9340928313307553E-001
  1.0388097742293254E+000  1.0849495264621900E+000  1.1316341012797155E+000  1.1784999058179289E+000  1.2247338745131267E+000
  1.2701230874808793E+000  1.3140188751830828E+000  1.3566576438017510E+000  1.3975430178619197E+000  1.4362098364253835E+000
  1.4723961654435231E+000  1.5060882554330428E+000  1.5371219226832058E+000  1.5653507393113857E+000  1.5908182153215189E+000
  1.6133447192442660E+000  1.6328304226019390E+000  1.6492722329892919E+000  1.6625247025895873E+000  1.6724372548058155E+000
  1.6790036639000789E+000  1.6823034871932145E+000  1.6823034871964406E+000  1.6790036639095691E+000  1.6724372548223889E+000
  1.6625247026110681E+000  1.6492722330163141E+000  1.6328304226283714E+000  1.6133447192749488E+000  1.5908182153604067E+000
  1.5653507393511250E+000  1.5371219227238726E+000  1.5060882554681703E+000  1.4723961654875888E+000  1.4362098364676792E+000
  1.3975430179099297E+000  1.3566576438510320E+000  1.3140188752365041E+000  1.2701230875362337E+000  1.2247338745744947E+000
  1.1784999058813022E+000  1.1316341013434865E+000  1.0849495265325007E+000  1.0388097743008933E+000  9.9340928320372612E-001
  9.4947822602153586E-001  9.0776446480042106E-001  8.6823595034526435E-001  8.3146757252536974E-001  7.9780235014814682E-001
  7.6743143946504344E-001  7.3884873697807130E-001  7.1466168139321562E-001  6.9312486979580967E-001  6.7402790448398919E-001
  6.5817422341469800E-001  6.4433738002657692E-001  6.3225201995623825E-001  6.2146251744987291E-001  6.1238363274291774E-001
  6.0425518104421616E-001  5.9720870362640255E-001  5.9090697194913888E-001  5.8527741679868928E-001  5.8019447481239528E-001
  5.7559174101214083E-001  5.7139970462726131E-001  5.6753065478488651E-001  5.6395118163792235E-001  5.6053268907708331E-001
  5.5727331911619749E-001  5.5437682667754140E-001  5.5173712730632973E-001  5.4931577723042679E-001  5.4708605033053903E-001
  5.4504418942750976E-001  5.4317259512971472E-001  5.4144745542541450E-001  5.3986588816066672E-001  5.3843483298437089E-001
  5.3717008583754999E-001  5.3607848547887438E-001  5.3517382238127187E-001  5.3447023473712962E-001  5.3398255101321979E-001
  5.3372909766843335E-001  5.3372909766986187E-001  5.3398255101754322E-001  5.3447023474426936E-001  5.3517382239104005E-001
  5.3607848549095194E-001  5.3717008585137416E-001  5.3843483299929773E-001  5.3986588817616377E-001  5.4144745544100914E-001
  5.4317259514483696E-001  5.4504418944176103E-001  5.4708605034367885E-001  5.4931577724199510E-001  5.5173712731578228E-001
  5.5437682668429911E-001  5.5727331911954259E-001  5.6053268907633313E-001  5.6395118163218261E-001  5.6753065477406051E-001
  5.7139970460981970E-001  5.7559174098968846E-001  5.8019447478270036E-001  5.8527741676462453E-001  5.9090697190973029E-001
  5.9720870357636668E-001  6.0425518099512021E-001  6.1238363269483531E-001  6.2146251740922132E-001  6.3225201991115010E-001
  6.4433737997671381E-001  6.5817422335936349E-001  6.7402790442450911E-001
BLOCK 101   1.6302881611398586E+001
  6.6221236031479991E-001  6.8202831442589551E-001  7.0510060226438520E-001  7.3189129325688163E-001  7.6327395437298418E-001
  7.9729768580474869E-001  8.3509605396159148E-001  8.7642568880749216E-001  9.2103104599968300E-001  9.6826756427088267E-001
  1.0174189668063613E+000  1.0677636427538826E+000  1.1190036609449743E+000  1.1702640779202018E+000  1.2208187046048595E+000
  1.2705383138503958E+000  1.3186298798975595E+000  1.3649632996169772E+000  1.4090620129160576E+000  1.4506067343441171E+000
  1.4897657693637518E+000  1.5262004055353502E+000  1.5596973906153582E+000  1.5901344540154421E+000  1.6175852597502300E+000
  1.6419017307785033E+000  1.6631019722226728E+000  1.6811014958051709E+000  1.6952278276206556E+000  1.7057154967764461E+000
  1.7128783916382440E+000  1.7165211481210298E+000  1.7165211481246927E+000  1.7128783916488441E+000  1.7057154967936816E+000
  1.6952278276428632E+000  1.6811014958349251E+000  1.6631019722544831E+000  1.6419017308130739E+000  1.6175852597910427E+000
  1.5901344540550983E+000  1.5596973906581424E+000  1.5262004055823026E+000  1.4897657694101802E+000  1.4506067343968569E+000
  1.4090620129689215E+000  1.3649632996743224E+000  1.3186298799561462E+000  1.2705383139110220E+000  1.2208187046724226E+000
  1.1702640779922744E+000  1.1190036610195853E+000  1.0677636428314894E+000  1.0174189668835221E+000  9.6826756434188621E-001
  9.2103104609214415E-001  8.7642568889624795E-001  8.3509605405905363E-001  7.9729768589777117E-001  7.6327395446769120E-001
  7.3189129333152114E-001  7.0510060234502336E-001  6.8202831449429835E-001  6.6221236037235098E-001  6.4541490949983304E-001
  6.3108018435625124E-001  6.1829465621521229E-001  6.0772908377067947E-001  5.9867311496408215E-001  5.9097221955112955E-001
  5.8433240291453603E-001  5.7851724089641121E-001  5.7340145235870177E-001  5.6883968396208395E-001  5.6470172942616448E-001
  5.6071313802159395E-001  5.5682400926257714E-001  5.5337386784593934E-001  5.5024711525255143E-001  5.4733302588296062E-001
  5.4463207018297743E-001  5.4213973193327991E-001  5.3984792725502773E-001  5.3774911927135727E-001  5.3582385862462434E-001
  5.3405150817930214E-001  5.3241932459468111E-001  5.3092421477855811E-001  5.2956767560924112E-001  5.2834490887847618E-001
  5.2725562275194438E-001  5.2630576157678277E-001  5.2551199542820426E-001  5.2489536922691582E-001  5.2447451713573634E-001
  5.2426082285890518E-001  5.2426082286049258E-001  5.2447451714042292E-001  5.2489536923456059E-001  5.2551199543851645E-001
  5.2630576158947373E-001  5.2725562276664839E-001  5.2834490889468233E-001  5.2956767562643925E-001  5.3092421479625485E-001
  5.3241932461235253E-001  5.3405150819646618E-001  5.3582385864085669E-001  5.3774911928612401E-001  5.3984792726781439E-001
  5.4213973194366116E-001  5.4463207019037829E-001  5.4733302588656030E-001  5.5024711525130354E-001  5.5337386783934606E-001
  5.5682400925028275E-001  5.6071313800264377E-001  5.6470172940061458E-001  5.6883968393008488E-001  5.7340145232217954E-001
  5.7851724085279266E-001  5.8433240286509547E-001  5.9097221949457068E-001  5.9867311490050901E-001  6.0772908371047951E-001
  6.1829465615833068E-001  6.3108018429715207E-001  6.4541490944256241E-001
BLOCK 102   1.6465910427512622E+001
  6.3043845196062986E-001  6.4843215669896881E-001  6.6923021449422881E-001  6.9423605588668735E-001  7.2418250952677654E-001
  7.5847447841251547E-001  7.9718812833084207E-001  8.4033111360583490E-001  8.8709598114401100E-001  9.3730089516398729E-001
  9.9037047881264417E-001  1.0454075651329215E+000  1.1013454849898994E+000  1.1579207423997713E+000  1.2143310925493627E+000
  1.2685913082326237E+000  1.3213346212159813E+000  1.3720571784520168E+000  1.4202176939613935E+000  1.4654843087259317E+000
  1.5079626114546207E+000  1.5472776778488231E+000  1.5833907647022585E+000  1.6165133986241231E+000  1.6464349031719996E+000
  1.6727457722809569E+000  1.6949232798727838E+000  1.7137837759957650E+000  1.7289542737158636E+000  1.7405540503149792E+000
  1.7482940162972220E+000  1.7521879480874332E+000  1.7521879480913809E+000  1.7482940162987690E+000  1.7405540503305945E+000
  1.7289542737377781E+000  1.7137837760242915E+000  1.6949232799040979E+000  1.6727457723174703E+000  1.6464349032115806E+000
  1.6165133986722307E+000  1.5833907647519230E+000  1.5472776779005173E+000  1.5079626115034372E+000  1.4654843087827081E+000
  1.4202176940199351E+000  1.3720571785142575E+000  1.3213346212834625E+000  1.2685913082992173E+000  1.2143310926110831E+000
  1.1579207424809497E+000  1.1013454850797348E+000  1.0454075652275634E+000  9.9037047890859731E-001  9.3730089527104021E-001
  8.8709598124742928E-001  8.4033111370639269E-001  7.9718812842634357E-001  7.5847447850634975E-001  7.2418250960031261E-001
  6.9423605596844273E-001  6.6923021456493981E-001  6.4843215676913812E-001  6.3043845203255444E-001  6.1515463044061891E-001
  6.0273859382419148E-001  5.9220997218780413E-001  5.8347656019451677E-001  5.7627471221716353E-001  5.7015518922634290E-001
  5.6495163163170248E-001  5.6018881763223560E-001  5.5571871591457511E-001  5.5189204495309252E-001  5.4851428130692903E-001
  5.4541312284975263E-001  5.4252666022905505E-001  5.3982875142229902E-001  5.3729310858970880E-001  5.3490417468518592E-001
  5.3266093920842694E-001  5.3055156471727050E-001  5.2857556235000636E-001  5.2673753581311444E-001  5.2504267592015308E-001
  5.2348921201124776E-001  5.2207167040149538E-001  5.2077843033542659E-001  5.1959861932144580E-001  5.1853123797683154E-001
  5.1758670636541115E-001  5.1677845837879310E-001  5.1611280935094028E-001  5.1559528312249703E-001  5.1523652483404614E-001
  5.1505122428920336E-001  5.1505122429090111E-001  5.1523652483905280E-001  5.1559528313065761E-001  5.1611280936193205E-001
  5.1677845839225445E-001  5.1758670638104576E-001  5.1853123799428469E-001  5.1959861934034257E-001  5.2077843035535842E-001
  5.2207167042194957E-001  5.2348921203166110E-001  5.2504267593999554E-001  5.2673753583181493E-001  5.2857556236689907E-001
  5.3055156473156972E-001  5.3266093921937119E-001  5.3490417469221341E-001  5.3729310859238022E-001  5.3982875142016318E-001
  5.4252666022182350E-001  5.4541312283714993E-001  5.4851428128837565E-001  5.5189204492756527E-001  5.5571871588154398E-001
  5.6018881759132744E-001  5.6495163158383066E-001  5.7015518917464669E-001  5.7627471215791926E-001  5.8347656013246263E-001
  5.9220997211620363E-001  6.0273859374731520E-001  6.1515463036600437E-001
BLOCK 103   1.6628939243626657E+001
  5.9721618419974054E-001  6.1265911412471907E-001  6.3205129471610777E-001  6.5485232256791603E-001  6.8228854359595081E-001
  7.1562724347460049E-001  7.5390156493154337E-001  7.9761932865639484E-001  8.4638536250912677E-001  9.0014496425258117E-001
  9.5734669359539459E-001  1.0171017041332537E+000  1.0785892730221860E+000  1.1406222127567702E+000  1.2023615365477907E+000
  1.2626054936147106E+000  1.3210358782281248E+000  1.3770069591012739E+000  1.4301398445316353E+000  1.4800733216809159E+000
  1.5268380037858478E+000  1.5698486744765354E+000  1.6093610251787924E+000  1.6448825690051250E+000  1.6765474525833981E+000
  1.7042292649410102E+000  1.7283388553872463E+000  1.7486156756592230E+000  1.7648307201422826E+000  1.7770267285612737E+000
  1.7851706653699353E+000  1.7891612608957348E+000  1.7891612608987115E+000  1.7851706653766208E+000  1.7770267285735928E+000
  1.7648307201622282E+000  1.7486156756918101E+000  1.7283388554207548E+000  1.7042292649822126E+000  1.6765474526279496E+000
  1.6448825690541449E+000  1.6093610252314441E+000  1.5698486745323623E+000  1.5268380038444105E+000  1.4800733217443955E+000
  1.4301398445983233E+000  1.3770069591721332E+000  1.3210358783065279E+000  1.2626054936976572E+000  1.2023615366394471E+000
  1.1406222128548438E+000  1.0785892731270397E+000  1.0171017042385289E+000  9.5734669370410674E-001  9.0014496435510061E-001
  8.4638536260877062E-001  7.9761932875415931E-001  7.5390156500800332E-001  7.1562724356185670E-001  6.8228854369196335E-001
  6.5485232265391502E-001  6.3205129480843780E-001  6.1265911421242647E-001  5.9721618429530143E-001  5.8478311165734242E-001
  5.7472739830895381E-001  5.6654010274103428E-001  5.5941131640128805E-001  5.5325770870805835E-001  5.4850046571454913E-001
  5.4462698182663527E-001  5.4132043758043302E-001  5.3845608313058946E-001  5.3590696966413853E-001  5.3356127684522670E-001
  5.3133846795695705E-001  5.2920036573313856E-001  5.2713641477161466E-001  5.2513900792467383E-001  5.2320753788833207E-001
  5.2134878614811664E-001  5.1956953891158464E-001  5.1788039494656635E-001  5.1628852120115587E-001  5.1479678990422117E-001
  5.1340862919375818E-001  5.1213194898497794E-001  5.1097402870360653E-001  5.0993741384431968E-001  5.0902033986601758E-001
  5.0821881882842257E-001  5.0753316587150588E-001  5.0696899841908782E-001  5.0653679969377197E-001  5.0624648485371371E-001
  5.0610131391600344E-001  5.0610131391770519E-001  5.0624648485879498E-001  5.0653679970214593E-001  5.0696899843060561E-001
  5.0753316588590680E-001  5.0821881884541953E-001  5.0902033988522066E-001  5.0993741386529456E-001  5.1097402872598086E-001
  5.1213194900835346E-001  5.1340862921760599E-001  5.1479678992783873E-001  5.1628852122373770E-001  5.1788039496731597E-001
  5.1956953892978297E-001  5.2134878616312008E-001  5.2320753789964569E-001  5.2513900793200630E-001  5.2713641477455675E-001
  5.2920036573097584E-001  5.3133846794887796E-001  5.3356127683096699E-001  5.3590696964420648E-001  5.3845608310528603E-001
  5.4132043754921255E-001  5.4462698178883806E-001  5.4850046567019728E-001  5.5325770865580104E-001  5.5941131633718721E-001
  5.6654010266816512E-001  5.7472739822937724E-001  5.8478311157591278E-001
BLOCK 104   1.6791968059740693E+001
  5.6311700586941549E-001  5.7638465073030754E-001  5.9277210007025571E-001  6.1274041260667877E-001  6.3868980764044747E-001
  6.6873728627916951E-001  7.0583130249026516E-001  7.4932788697583830E-001  7.9938334668868427E-001  8.5536375153122912E-001
  9.1585167300745440E-001  9.8165240615568838E-001  1.0492476845211991E+000  1.1175973517183679E+000  1.1858243832089115E+000
  1.2525213828429778E+000  1.3173445628292744E+000  1.3796481379416510E+000  1.4388223430598088E+000  1.4942280492418369E+000
  1.5456114879265930E+000  1.5930755461787713E+000  1.6356813619858994E+000  1.6742791695062431E+000  1.7083730166946043E+000
  1.7383638497092926E+000  1.7640583732192818E+000  1.7853690296307800E+000  1.8024290237466813E+000  1.8153611913083174E+000
  1.8237893862085444E+000  1.8279754835161954E+000  1.8279754835194937E+000  1.8237893862163179E+000  1.8153611913220120E+000
  1.8024290237677931E+000  1.7853690296570197E+000  1.7640583732491018E+000  1.7383638497477263E+000  1.7083730167402229E+000
  1.6742791695582060E+000  1.6356813620381865E+000  1.5930755462281074E+000  1.5456114879926111E+000  1.4942280493137525E+000
  1.4388223431392628E+000  1.3796481380200354E+000  1.3173445629349125E+000  1.2525213829452180E+000  1.1858243833141060E+000
  1.1175973518248536E+000  1.0492476846327394E+000  9.8165240626464478E-001  9.1585167309678539E-001  8.5536375165091494E-001
  7.9938334680020695E-001  7.4932788707919928E-001  7.0583130260214200E-001  6.6873728637232022E-001  6.3868980774439510E-001
  6.1274041270654434E-001  5.9277210017736226E-001  5.7638465082823853E-001  5.6311700595728009E-001  5.5235253416080998E-001
  5.4457396865911079E-001  5.3892329165342912E-001  5.3454450720172564E-001  5.3118269017544495E-001  5.2851099932189838E-001
  5.2631795155000383E-001  5.2444404984938509E-001  5.2277950118396288E-001  5.2123943389800231E-001  5.1976259076899689E-001
  5.1830816680537772E-001  5.1684154831691076E-001  5.1534312931117165E-001  5.1381389332288718E-001  5.1227209419311803E-001
  5.1073938913055117E-001  5.0923261755044058E-001  5.0776713696841647E-001  5.0635969445961482E-001  5.0502586780493663E-001
  5.0377944112717099E-001  5.0263023186419520E-001  5.0158481995414372E-001  5.0032719279686944E-001  4.9991409898394090E-001
  4.9956202101601593E-001  4.9855160356888800E-001  4.9808661180199404E-001  4.9773217002986875E-001  4.9749056008500303E-001
  4.9736701936244115E-001  4.9736701936412731E-001  4.9749056009015080E-001  4.9773217003858522E-001  4.9808661181409097E-001
  4.9855160358430040E-001  4.9956202102546821E-001  4.9991409899758632E-001  5.0032719280875093E-001  5.0158481997961246E-001
  5.0263023189089873E-001  5.0377944115438089E-001  5.0502586783191639E-001  5.0635969448566476E-001  5.0776713699292719E-001
  5.0923261757290583E-001  5.1073938915043227E-001  5.1227209420964936E-001  5.1381389333515204E-001  5.1534312931844950E-001
  5.1684154831899465E-001  5.1830816680240344E-001  5.1976259076095688E-001  5.2123943388473171E-001  5.2277950116527439E-001
  5.2444404982487303E-001  5.2631795151905203E-001  5.2851099928390466E-001  5.3118269013016606E-001  5.3454450714824331E-001
  5.3892329159062025E-001  5.4457396858804319E-001  5.5235253408178542E-001
BLOCK 105   1.6954996875854729E+001
  5.2742141656633246E-001  5.3616509975062443E-001  5.4827090942707468E-001  5.6581567271025934E-001  5.8922471384683783E-001
  6.1793730899942734E-001  6.5327077767384178E-001  6.9540014436450281E-001  7.4522765827067938E-001  8.0287690469105133E-001
  8.6735590179954847E-001  9.3761454886146378E-001  1.0108809460169368E+000  1.0865360454716830E+000  1.1626313216741126E+000
  1.2376823451779118E+000  1.3105795417639972E+000  1.3799100355181804E+000  1.4453951672359933E+000  1.5066744077948719E+000
  1.5634877487029200E+000  1.6155324307158110E+000  1.6626180589062065E+000  1.7044720521391807E+000  1.7417644696727455E+000
  1.7742938756822129E+000  1.8019766160663697E+000  1.8243695004961444E+000  1.8423260550839238E+000  1.8557247774480761E+000
  1.8646086681571989E+000  1.8689479871845835E+000  1.8689479871888512E+000  1.8646086681675620E+000  1.8557247774637637E+000
  1.8423260551069049E+000  1.8243695005256220E+000  1.8019766160988935E+000  1.7742938757175946E+000  1.7417644697274108E+000
  1.7044720521951642E+000  1.6626180589667838E+000  1.6155324307840515E+000  1.5634877487825232E+000  1.5066744078861658E+000
  1.4453951673291843E+000  1.3799100356146103E+000  1.3105795418695017E+000  1.2376823452906307E+000  1.1626313217908395E+000
  1.0865360455900017E+000  1.0108809461420323E+000  9.3761454898563834E-001  8.6735590192750878E-001  8.0287690481456064E-001
  7.4522765840801064E-001  6.9540014449579679E-001  6.5327077780277776E-001  6.1793730913433498E-001  5.8922471396090370E-001
  5.6581567281761347E-001  5.4827090952123414E-001  5.3616509983688099E-001  5.2742141664678466E-001  5.2133556289692506E-001
  5.1721130310675001E-001  5.1445775526925341E-001  5.1262262746189902E-001  5.1138706510458620E-001  5.1052728596929220E-001
  5.0986424030071442E-001  5.0927327384999177E-001  5.0867195832283030E-001  5.0801187165703798E-001  5.0726768276980694E-001
  5.0642829263748812E-001  5.0548867301277212E-001  5.0444980136660689E-001  5.0331851034020558E-001  5.0210738868104765E-001
  5.0042415780842964E-001  4.9976832365636725E-001  4.9824679843505898E-001  4.9697862124721098E-001  4.9576078841738114E-001
  4.9461358317760595E-001  4.9355259315709094E-001  4.9259038655367426E-001  4.9173482240157951E-001  4.9098919043139705E-001
  4.9035458825822620E-001  4.8983240403029099E-001  4.8942249903060647E-001  4.8912178670979367E-001  4.8892436126634475E-001
  4.8882605466542833E-001  4.8882605466718249E-001  4.8892436127161032E-001  4.8912178671868678E-001  4.8942249904306562E-001
  4.8983240404654138E-001  4.9035458827804962E-001  4.9098919045461986E-001  4.9173482242769306E-001  4.9259038658196885E-001
  4.9355259318702921E-001  4.9461358320843335E-001  4.9576078844905153E-001  4.9697862127849374E-001  4.9824679846576997E-001
  4.9976832367222601E-001  5.0042415782053751E-001  5.0210738870150440E-001  5.0331851035678765E-001  5.0444980137899720E-001
  5.0548867302072786E-001  5.0642829264082689E-001  5.0726768276830114E-001  5.0801187165034412E-001  5.0867195831057099E-001
  5.0927327383179710E-001  5.0986424027598765E-001  5.1052728593711272E-001  5.1138706506439002E-001  5.1262262741395748E-001
  5.1445775521401349E-001  5.1721130304381979E-001  5.2133556282466431E-001
BLOCK 106   1.7118025691968764E+001
  4.9600886521403342E-001  5.0027264951385242E-001  5.0763838521247029E-001  5.1859988122306588E-001  5.3440072461743560E-001
  5.5704856229769140E-001  5.8853706011542495E-001  6.2944596205970638E-001  6.8033444984597458E-001  7.4005581563919509E-001
  8.0858534583281283E-001  8.8315013439262768E-001  9.6331682490655079E-001  1.0473880178060107E+000  1.1326204445034234E+000
  1.2166819021864375E+000  1.2973806755154147E+000  1.3759561471418562E+000  1.4496009792820470E+000  1.5178616807060314E+000
  1.5805165871037363E+000  1.6376410651884035E+000  1.6895382385730893E+000  1.7358031610767812E+000  1.7762888680460538E+000
  1.8110982483281113E+000  1.8406216154704833E+000  1.8649947232873292E+000  1.8844777005637001E+000  1.8989835535197395E+000
  1.9086098734743733E+000  1.9133845658784829E+000  1.9133845658828093E+000  1.9086098734856412E+000  1.8989835535332353E+000
  1.8844777005826889E+000  1.8649947233151332E+000  1.8406216155105042E+000  1.8110982483703539E+000  1.7762888680950353E+000
  1.7358031611536391E+000  1.6895382386403941E+000  1.6376410652571911E+000  1.5805165871900451E+000  1.5178616807291898E+000
  1.4496009793847955E+000  1.3759561472388289E+000  1.2973806756230388E+000  1.2166819023087847E+000  1.1326204446297707E+000
  1.0473880179259070E+000  9.6331682505650951E-001  8.8315013454696578E-001  8.0858534595448206E-001  7.4005581590018876E-001
  6.8033445003018223E-001  6.2944596222459492E-001  5.8853706026418906E-001  5.5704856242065992E-001  5.3440072472000000E-001
  5.1859988131450807E-001  5.0763838529444738E-001  5.0027264955141404E-001  4.9600886528301602E-001  4.9368426638119034E-001
  4.9275909023942438E-001  4.9274027770666090E-001  4.9325047977363445E-001  4.9399278057126406E-001  4.9476151335888530E-001
  4.9542822371302436E-001  4.9592578186515240E-001  4.9622175583812694E-001  4.9629826732116339E-001  4.9615320975634225E-001
  4.9579655909966813E-001  4.9524926419426629E-001  4.9453294486882832E-001  4.9367145947387620E-001  4.9268894910245570E-001
  4.9161150207740278E-001  4.9046809760051291E-001  4.8928952670495968E-001  4.8810884812132277E-001  4.8696009931250267E-001
  4.8587256697974218E-001  4.8486809992654961E-001  4.8396072514054822E-001  4.8315800289372279E-001  4.8246320612371985E-001
  4.8187594505087372E-001  4.8139364923399552E-001  4.8101260938836349E-001  4.8072828545871593E-001  4.8053743067024174E-001
  4.8044033398590391E-001  4.8044033398784669E-001  4.8053743067621690E-001  4.8072828546860003E-001  4.8101260940228319E-001
  4.8139364925174916E-001  4.8187594507211506E-001  4.8246320614825910E-001  4.8315800292121525E-001  4.8396072517080385E-001
  4.8486809995915714E-001  4.8587256701394888E-001  4.8696009934739459E-001  4.8810884815624211E-001  4.8928952673859633E-001
  4.9046809763234495E-001  4.9161150210675691E-001  4.9268894912880823E-001  4.9367145949696672E-001  4.9453294488824295E-001
  4.9524926420923054E-001  4.9579655911029696E-001  4.9615320976188609E-001  4.9629826732123383E-001  4.9622175583206296E-001
  4.9592578185233893E-001  4.9542822369289558E-001  4.9476151333197194E-001  4.9399278053674822E-001  4.9325047973159497E-001
  4.9274027765666772E-001  4.9275909018200681E-001  4.9368426631700774E-001
BLOCK 107   1.7281054508082800E+001
  4.6823136140827287E-001  4.6817677191400742E-001  4.7018220778725978E-001  4.7521170743392704E-001  4.8458298699245322E-001
  5.0000287177508085E-001  5.2277770996488515E-001  5.5505723670304219E-001  5.9896488044789498E-001  6.5797168340436207E-001
  7.2786024431958252E-001  8.1114159903592575E-001  9.0154196091237593E-001  9.9724921749898243E-001  1.0939643569751762E+000
  1.1889193470115622E+000  1.2807924513761602E+000  1.3684393666028551E+000  1.4512455700374636E+000  1.5265210673331517E+000
  1.5964120184273733E+000  1.6597796556323672E+000  1.7166056824484912E+000  1.7667551296079078E+000  1.8107617513148571E+000
  1.8488580456931323E+000  1.8811936224594883E+000  1.9080262926600877E+000  1.9294671694688577E+000  1.9452991709392431E+000
  1.9555133718223465E+000  1.9607082490731507E+000  1.9607082490752825E+000  1.9555133718322022E+000  1.9452991709558383E+000
  1.9294671694897312E+000  1.9080262926915452E+000  1.8811936224984638E+000  1.8488580457414847E+000  1.8107617513685361E+000
  1.7667551296731152E+000  1.7166056825041252E+000  1.6597796557044726E+000  1.5964120185014632E+000  1.5265210674201111E+000
  1.4512455701431499E+000  1.3684393667280792E+000  1.2807924515078741E+000  1.1889193471393715E+000  1.0939643571032642E+000
  9.9724921766377483E-001  9.0154196113216545E-001  8.1114159924960227E-001  7.2786024451065878E-001  6.5797168368362280E-001
  5.9896488067079268E-001  5.5505723689985775E-001  5.2277771018119901E-001  5.0000287187740267E-001  4.8458298706595160E-001
  4.7521170751928543E-001  4.7018220786131232E-001  4.6817677197780855E-001  4.6823136146651068E-001  4.6960180139584645E-001
  4.7172574542765305E-001  4.7420975116921260E-001  4.7677037663299665E-001  4.7919521417481387E-001  4.8134742854188817E-001
  4.8314616924994985E-001  4.8454852688823674E-001  4.8554738496014815E-001  4.8616395283012731E-001  4.8643515942161109E-001
  4.8640123460990342E-001  4.8609987651433550E-001  4.8556899538590059E-001  4.8484866727245229E-001  4.8397993789409055E-001
  4.8300125182426440E-001  4.8194718357913691E-001  4.8084882646862809E-001  4.7973650936349177E-001  4.7864033277082696E-001
  4.7758855161089175E-001  4.7660616288085922E-001  4.7571358849141054E-001  4.7492453898724640E-001  4.7424404745342424E-001
  4.7366941026637482E-001  4.7319449955816073E-001  4.7281474930341971E-001  4.7252807671014646E-001  4.7233476553219644E-001
  4.7223643783984076E-001  4.7223643784241315E-001  4.7233476553968529E-001  4.7252807672174135E-001  4.7281474931908574E-001
  4.7319449957748433E-001  4.7366941028933568E-001  4.7424404747985638E-001  4.7492453901669029E-001  4.7571358852385032E-001
  4.7660616291571739E-001  4.7758855164784630E-001  4.7864033280849405E-001  4.7973650940121898E-001  4.8084882650562744E-001
  4.8194718361480476E-001  4.8300125185801790E-001  4.8397993792530708E-001  4.8484866730072124E-001  4.8556899541084064E-001
  4.8609987653547082E-001  4.8640123462660462E-001  4.8643515943320004E-001  4.8616395283571529E-001  4.8554738495944882E-001
  4.8454852688089678E-001  4.8314616923546300E-001  4.8134742851959750E-001  4.7919521414427629E-001  4.7677037659443661E-001
  4.7420975112757452E-001  4.7172574537981143E-001  4.6960180134247198E-001
BLOCK 108   1.7444083324196836E+001
  4.4502600563129335E-001  4.4082734752983566E-001  4.3774550676356699E-001  4.3661110582376350E-001  4.3866398121367139E-001
  4.4536681946966605E-001  4.5910118979100728E-001  4.8154862718803138E-001  5.1611619645688112E-001  5.6490217708948565E-001
  6.3033274436605502E-001  7.1285511976638471E-001  8.1232346907321307E-001  9.2234367327626587E-001  1.0364456559460435E+000
  1.1488968006994436E+000  1.2562225363605322E+000  1.3565354065810264E+000  1.4494643918787580E+000  1.5337713417361567E+000
  1.6108708222467190E+000  1.6805333173978794E+000  1.7427053979146663E+000  1.7978893058461931E+000  1.8463690719490904E+000
  1.8884863205475879E+000  1.9241929550888126E+000  1.9531755043727419E+000  1.9764442564076135E+000  1.9937422176401915E+000
  2.0053366938769379E+000  2.0111509729039168E+000  2.0111509729069414E+000  2.0053366938877355E+000  1.9937422176615047E+000
  1.9764442564361098E+000  1.9531755044087455E+000  1.9241929551335522E+000  1.8884863205954470E+000  1.8463690720017960E+000
  1.7978893059052101E+000  1.7427053979697082E+000  1.6805333174610149E+000  1.6108708223599595E+000  1.5337713418084369E+000
  1.4494643919874581E+000  1.3565354067168545E+000  1.2562225365324249E+000  1.1488968008596088E+000  1.0364456560558115E+000
  9.2234367365133063E-001  8.1232347009737049E-001  7.1285511992006467E-001  6.3033274451444077E-001  5.6490217727288961E-001
  5.1611619647326634E-001  4.8154862753905359E-001  4.5910119002070399E-001  4.4536681958375574E-001  4.3866398127823342E-001
  4.3661110586498225E-001  4.3774550679634233E-001  4.4082734756756758E-001  4.4502600567339440E-001  4.4974253093481570E-001
  4.5455470565546829E-001  4.5918264042590584E-001  4.6343782458275323E-001  4.6720293378893923E-001  4.7041540104870283E-001
  4.7304777960271843E-001  4.7509881250171093E-001  4.7659252294965498E-001  4.7757144268177887E-001  4.7808998426520150E-001
  4.7821178447708851E-001  4.7800468008222230E-001  4.7753303157996219E-001  4.7685196031107102E-001  4.7600816231884691E-001
  4.7504420748851556E-001  4.7400073876734755E-001  4.7291540672432114E-001  4.7182090395422194E-001  4.7074465629654993E-001
  4.6970937943628099E-001  4.6873381718928153E-001  4.6783353978407510E-001  4.6702129056674885E-001  4.6630703466192364E-001
  4.6569753928049612E-001  4.6519561034661205E-001  4.6479992869782666E-001  4.6450672516389907E-001  4.6431204585536351E-001
  4.6421406723362552E-001  4.6421406723628778E-001  4.6431204586314762E-001  4.6450672517690206E-001  4.6479992871594861E-001
  4.6519561036950546E-001  4.6569753930761948E-001  4.6630703469236101E-001  4.6702129060030856E-001  4.6783353982003040E-001
  4.6873381722709845E-001  4.6970937947516267E-001  4.7074465633617868E-001  4.7182090399375237E-001  4.7291540676332344E-001
  4.7400073880494270E-001  4.7504420752426579E-001  4.7600816235321936E-001  4.7685196034551197E-001  4.7753303161129379E-001
  4.7800468010943642E-001  4.7821178449963014E-001  4.7808998428253219E-001  4.7757144269298224E-001  4.7659252295386006E-001
  4.7509881250339175E-001  4.7304777960048333E-001  4.7041540103775215E-001  4.6720293377027855E-001  4.6343782455701976E-001
  4.5918264039440188E-001  4.5455470561935318E-001  4.4974253089455085E-001
BLOCK 109   1.7607112140310871E+001
  4.2777945537963996E-001  4.2048430243852619E-001  4.1331224060671945E-001  4.0666435814779994E-001  4.0132811885345598E-001
  3.9855502089243078E-001  4.0026355879551195E-001  4.0844856853914990E-001  4.2874579166470261E-001  4.6392544610264086E-001
  5.1962253250569890E-001  5.9513954011503833E-001  6.9582772018112937E-001  8.1858218010919093E-001  9.5124668956813652E-001
  1.0851320294705364E+000  1.2139691724534503E+000  1.3334264697938780E+000  1.4417570281615690E+000  1.5384013999889454E+000
  1.6246151600180503E+000  1.7024027133588158E+000  1.7699034703092247E+000  1.8305894839925763E+000  1.8836239462638913E+000
  1.9293837977906632E+000  1.9680893554156327E+000  2.0002313248080914E+000  2.0259119701451609E+000  2.0451094002825521E+000
  2.0578691062011933E+000  2.0642360832432805E+000  2.0642360832478368E+000  2.0578691062177059E+000  2.0451094003098103E+000
  2.0259119701770394E+000  2.0002313248394414E+000  1.9680893554546506E+000  1.9293837978337851E+000  1.8836239462791946E+000
  1.8305894840549661E+000  1.7699034703639003E+000  1.7024027134209907E+000  1.6246151601237404E+000  1.5384014000449764E+000
  1.4417570282851420E+000  1.3334264699331744E+000  1.2139691728914193E+000  1.0851320302251362E+000  9.5124669015456620E-001
  8.1858218047727582E-001  6.9582772026135409E-001  5.9513953994788515E-001  5.1962253234963751E-001  4.6392544612889552E-001
  4.2874579183534212E-001  4.0844856881212749E-001  4.0026355887595316E-001  3.9855502097096829E-001  4.0132811892549713E-001
  4.0666435817838820E-001  4.1331224061527594E-001  4.2048430244799950E-001  4.2777945539674844E-001  4.3498739702027228E-001
  4.4177507499686963E-001  4.4791950121471868E-001  4.5340259864128918E-001  4.5811879203710126E-001  4.6203765002370101E-001
  4.6517800953372523E-001  4.6758557959049479E-001  4.6932086625404168E-001  4.7045146571417057E-001  4.7104967018749316E-001
  4.7119231362296748E-001  4.7095802473279924E-001  4.7042353774981693E-001  4.6966126078248860E-001  4.6873645058445290E-001
  4.6770398860426826E-001  4.6660700971367702E-001  4.6547907415106676E-001  4.6434791688952298E-001  4.6323796215414303E-001
  4.6217036243194076E-001  4.6116229473577636E-001  4.6022729933841428E-001  4.5937635543253158E-001  4.5861890782874920E-001
  4.5796309702167692E-001  4.5741484716206593E-001  4.5697707633011109E-001  4.5665035780583219E-001  4.5643337809121515E-001
  4.5632469757261068E-001  4.5632469757572097E-001  4.5643337810032347E-001  4.5665035782093649E-001  4.5697707635067475E-001
  4.5741484718787767E-001  4.5796309705226945E-001  4.5861890786334958E-001  4.5937635547048195E-001  4.6022729937877122E-001
  4.6116229477788090E-001  4.6217036247506782E-001  4.6323796219794683E-001  4.6434791693356769E-001  4.6547907419530471E-001
  4.6660700975739855E-001  4.6770398864686552E-001  4.6873645062521707E-001  4.6966126082110016E-001  4.7042353778516077E-001
  4.7095802476411863E-001  4.7119231365068875E-001  4.7104967021222754E-001  4.7045146573557917E-001  4.6932086626960645E-001
  4.6758557959912317E-001  4.6517800953509081E-001  4.6203765001791341E-001  4.5811879202421274E-001  4.5340259862168675E-001
  4.4791950118950513E-001  4.4177507496909696E-001  4.3498739699573702E-001
BLOCK 110   1.7770140956424907E+001
  4.1663489444317137E-001  4.0741326494114294E-001  3.9750945059785503E-001  3.8704622933226318E-001  3.7628989211390679E-001
  3.6652195093856643E-001  3.5831806324942134E-001  3.5396599329921674E-001  3.5591167277939639E-001  3.6890540162780000E-001
  3.9683464709776012E-001  4.4679188106758666E-001  5.3679728019223083E-001  6.6859052392258755E-001  8.2864615580208678E-001
  9.9251254450704984E-001  1.1490896648861724E+000  1.2923884846743503E+000  1.4208753269383358E+000  1.5346138878973730E+000
  1.6345838408575435E+000  1.7222149526825516E+000  1.7973837144216847E+000  1.8651222045405282E+000  1.9229110783606853E+000
  1.9725898087492564E+000  2.0148949770983902E+000  2.0502190600720773E+000  2.0779447872905115E+000  2.0985362510455539E+000
  2.1122439757244700E+000  2.1191461846262456E+000  2.1191461846295438E+000  2.1122439757371745E+000  2.0985362510638832E+000
  2.0779447873156274E+000  2.0502190601030135E+000  2.0148949771415654E+000  1.9725898087870153E+000  1.9229110783907646E+000
  1.8651222046104936E+000  1.7973837144846050E+000  1.7222149527505783E+000  1.6345838409185576E+000  1.5346138881697533E+000
  1.4208753274987260E+000  1.2923884853234275E+000  1.1490896654885701E+000  9.9251254487491580E-001  8.2864615594217905E-001
  6.6859052378176875E-001  5.3679727985732295E-001  4.4679188123447700E-001  3.9683464707294303E-001  3.6890540166927416E-001
  3.5591167287778963E-001  3.5396599336840928E-001  3.5831806334299821E-001  3.6652195105165625E-001  3.7628989217453024E-001
  3.8704622934232458E-001  3.9750945060007475E-001  4.0741326493850255E-001  4.1663489443896473E-001  4.2510346814756950E-001
  4.3288897181385982E-001  4.4027186005384822E-001  4.4660046051023172E-001  4.5182944708977923E-001  4.5608918149738420E-001
  4.5944976505837165E-001  4.6196258870525797E-001  4.6370335109663569E-001  4.6476734316726398E-001  4.6525383569320061E-001
  4.6525808886406422E-001  4.6486940958280426E-001  4.6417164427405655E-001  4.6324301630842185E-001  4.6215395040634683E-001
  4.6096495501087176E-001  4.5972596373686636E-001  4.5847620485827673E-001  4.5724444968344669E-001  4.5605080514926377E-001
  4.5491027080235641E-001  4.5383610467778018E-001  4.5284085629815740E-001  4.5193507716833964E-001  4.5112613602885004E-001
  4.5041873294976270E-001  4.4981618203969931E-001  4.4932210058024474E-001  4.4894176066131397E-001  4.4868180637848371E-001
  4.4854905616307761E-001  4.4854905616659357E-001  4.4868180638907407E-001  4.4894176067874508E-001  4.4932210060377292E-001
  4.4981618206876972E-001  4.5041873298373852E-001  4.5112613606711105E-001  4.5193507721011289E-001  4.5284085634273058E-001
  4.5383610472462155E-001  4.5491027085102859E-001  4.5605080519903296E-001  4.5724444973364892E-001  4.5847620490842572E-001
  4.5972596378660324E-001  4.6096495505945956E-001  4.6215395045288582E-001  4.6324301635273729E-001  4.6417164431647684E-001
  4.6486940962299472E-001  4.6525808890090897E-001  4.6525383572531176E-001  4.6476734319362417E-001  4.6370335111639815E-001
  4.6196258871837614E-001  4.5944976506310903E-001  4.5608918149369054E-001  4.5182944707729789E-001  4.4660046049119978E-001
  4.4027186003380064E-001  4.3288897180001235E-001  4.2510346814375416E-001
BLOCK 111   1.7933169772538943E+001
  4.1068598025540481E-001  4.0063984225457450E-001  3.8943453533969180E-001  3.7677417206819941E-001  3.6292539276603358E-001
  3.4804992202737811E-001  3.3298573040686058E-001  3.1887575395645146E-001  3.0724251208802855E-001  2.9962737116917459E-001
  3.0060268057550732E-001  3.1844125928018768E-001  3.6532541475381197E-001  4.5362770928901830E-001  6.1976885340651167E-001
  8.3131093650809063E-001  1.0445373387341943E+000  1.2304057931870396E+000  1.3864372736351795E+000  1.5206449300734339E+000
  1.6369347166625605E+000  1.7378783105446589E+000  1.8259390548398351E+000  1.9005181588637319E+000  1.9650693182735197E+000
  2.0197771569770535E+000  2.0653394405103813E+000  2.1026185159390129E+000  2.1320051030611817E+000  2.1540452475762404E+000
  2.1687653688430562E+000  2.1762728859997216E+000  2.1762728860014477E+000  2.1687653688477799E+000  2.1540452475860183E+000
  2.1320051030719531E+000  2.1026185159625714E+000  2.0653394405557388E+000  2.0197771567952616E+000  1.9650693182706842E+000
  1.9005181588970863E+000  1.8259390550116821E+000  1.7378783109180469E+000  1.6369347171949558E+000  1.5206449306100935E+000
  1.3864372741392406E+000  1.2304057936619277E+000  1.0445373391859296E+000  8.3131093751536611E-001  6.1976885314335917E-001
  4.5362770527103929E-001  3.6532541157420850E-001  3.1844126278420193E-001  3.0060268268031876E-001  2.9962737213585378E-001
  3.0724251198812513E-001  3.1887575372368038E-001  3.3298573033467449E-001  3.4804992203872959E-001  3.6292539279426544E-001
  3.7677417210141884E-001  3.8943453534962713E-001  4.0063984223826177E-001  4.1068598023487352E-001  4.1969128899788521E-001
  4.2775352300640085E-001  4.3501201621874563E-001  4.4175583121888773E-001  4.4754879488282301E-001  4.5220024717580670E-001
  4.5566597085588806E-001  4.5807008927545129E-001  4.5960760640696785E-001  4.6042800168671838E-001  4.6064192441878615E-001
  4.6035555952785401E-001  4.5967496454751799E-001  4.5869682518982857E-001  4.5750404836243397E-001  4.5616703164827177E-001
  4.5474623362844130E-001  4.5329328668095975E-001  4.5185050384301595E-001  4.5045046624368096E-001  4.4911646112139225E-001
  4.4786337432052875E-001  4.4669908748328785E-001  4.4562689321887144E-001  4.4464860365373621E-001  4.4376733019146680E-001
  4.4298870699906134E-001  4.4232009332216815E-001  4.4176941898426964E-001  4.4134472459189283E-001  4.4105423302395796E-001
  4.4090585002010724E-001  4.4090585002399624E-001  4.4105423303575120E-001  4.4134472461113228E-001  4.4176941901036204E-001
  4.4232009335441758E-001  4.4298870703666959E-001  4.4376733023371545E-001  4.4464860369996850E-001  4.4562689326849175E-001
  4.4669908753564125E-001  4.4786337437512064E-001  4.4911646117758325E-001  4.5045046630064178E-001  4.5185050389968462E-001
  4.5329328673675795E-001  4.5474623368340911E-001  4.5616703170247447E-001  4.5750404841542158E-001  4.5869682524081401E-001
  4.5967496459555096E-001  4.6035555957194535E-001  4.6064192445794649E-001  4.6042800171926368E-001  4.5960760643077053E-001
  4.5807008928871729E-001  4.5566597085777921E-001  4.5220024716796869E-001  4.4754879486924332E-001  4.4175583120549122E-001
  4.3501201621236024E-001  4.2775352300910446E-001  4.1969128900950642E-001
BLOCK 112   1.8096198588652978E+001
  4.0923140225645965E-001  3.9935446049542722E-001  3.8786203721864160E-001  3.7442301265092293E-001  3.5912721652430873E-001
  3.4245888757271686E-001  3.2447091898991964E-001  3.0549312953355034E-001  2.8731062335838586E-001  2.6909484749595181E-001
  2.5114799512845543E-001  2.3848319837188886E-001  2.3380798174440104E-001  2.5010869411737502E-001  3.0137168211481852E-001
  5.2450688417433877E-001  8.4356985920165639E-001  1.1134283827434301E+000  1.3252830022498832E+000  1.4948404036120388E+000
  1.6337880181366844E+000  1.7501448855812696E+000  1.8494354057128524E+000  1.9344398503387976E+000  2.0066948598151302E+000
  2.0674272213838081E+000  2.1177082117778463E+000  2.1582957856325011E+000  2.1899649169217517E+000  2.2129735143867513E+000
  2.2279484711253694E+000  2.2352538393746806E+000  2.2352538393793968E+000  2.2279484711397584E+000  2.2129735144015998E+000
  2.1899649169055357E+000  2.1582957855832938E+000  2.1177082117610460E+000  2.0674272214915406E+000  2.0066948600574328E+000
  1.9344398506853571E+000  1.8494354061825855E+000  1.7501448860918469E+000  1.6337880186610898E+000  1.4948404041687060E+000
  1.3252830032222482E+000  1.1134283839479331E+000  8.4356985757032998E-001  5.2450688187524142E-001  3.0137167748834037E-001
  2.5010869711675138E-001  2.3380798483494200E-001  2.3848319918062383E-001  2.5114799643672603E-001  2.6909484851777704E-001
  2.8731062363479559E-001  3.0549312918941357E-001  3.2447091837259934E-001  3.4245888705597205E-001  3.5912721626674105E-001
  3.7442301259750238E-001  3.8786203723705637E-001  3.9935446051358187E-001  4.0923140225477878E-001  4.1787611414268133E-001
  4.2556807049991480E-001  4.3247790426198118E-001  4.3882469358341281E-001  4.4447908626310118E-001  4.4926461001628948E-001
  4.5299671302959849E-001  4.5556023647509186E-001  4.5699214116288900E-001  4.5745966725672071E-001  4.5720188158972375E-001
  4.5643781135520994E-001  4.5531293407887702E-001  4.5392204845625811E-001  4.5234593769337905E-001  4.5066020845150279E-001
  4.4892924389916078E-001  4.4720329200580483E-001  4.4552056792672251E-001  4.4390996676084227E-001  4.4239209710902549E-001
  4.4097953634641501E-001  4.3967838144297644E-001  4.3849126879111255E-001  4.3742105309769891E-001  4.3645432209418605E-001
  4.3560616891073556E-001  4.3487876734709491E-001  4.3428797243546957E-001  4.3383435202233500E-001  4.3352782234848897E-001
  4.3337482465793248E-001  4.3337482466219002E-001  4.3352782236099308E-001  4.3383435204247517E-001  4.3428797246295292E-001
  4.3487876738151610E-001  4.3560616895146920E-001  4.3645432214082430E-001  4.3742105314977703E-001  4.3849126884737161E-001
  4.3967838150225858E-001  4.4097953640758014E-001  4.4239209717121664E-001  4.4390996682384121E-001  4.4552056799053330E-001
  4.4720329207016996E-001  4.4892924396357003E-001  4.5066020851532196E-001  4.5234593775594911E-001  4.5392204851685741E-001
  4.5531293413628388E-001  4.5643781140735568E-001  4.5720188163392395E-001  4.5745966729015336E-001  4.5699214118379772E-001
  4.5556023648371352E-001  4.5299671302857003E-001  4.4926461000999313E-001  4.4447908625615279E-001  4.3882469358044440E-001
  4.3247790426948646E-001  4.2556807051756984E-001  4.1787611415883774E-001
BLOCK 113   1.8259227404767014E+001
  4.1104029388017149E-001  4.0178667482155905E-001  3.9091628500861819E-001  3.7821710109655582E-001  3.6226875747195175E-001
  3.4448875880719920E-001  3.2499753568421574E-001  3.0497462271367165E-001  2.8574910290951089E-001  2.6516536110407568E-001
  2.4196177978204703E-001  2.1736908205723368E-001  1.9379449435629501E-001  1.7397112919330049E-001  1.5976617560554440E-001
  1.5509035181010145E-001  2.2535188672064360E-001  8.6084541971774486E-001  1.2145752626089654E+000  1.4428563194357000E+000
  1.6163100672950934E+000  1.7574405068695809E+000  1.8729862280945639E+000  1.9684484018778294E+000  2.0472580949483299E+000
  2.1150878387082166E+000  2.1700501143760373E+000  2.2144271848593133E+000  2.2490976894854411E+000  2.2745306852672043E+000
  2.2912270995055093E+000  2.2994373503232706E+000  2.2994373502834682E+000  2.2912270994218606E+000  2.2745306852221163E+000
  2.2490976895222436E+000  2.2144271849871817E+000  2.1700501146064988E+000  2.1150878390497909E+000  2.0472580953512813E+000
  1.9684484021899182E+000  1.8729862286175640E+000  1.7574405075153445E+000  1.6163100683693554E+000  1.4428563206103155E+000
  1.2145752627486501E+000  8.6084541565422601E-001  2.2535186464555865E-001  1.5509033733616545E-001  1.5976622152316683E-001
  1.7397113678022369E-001  1.9379449821859529E-001  2.1736908426383408E-001  2.4196178071668017E-001  2.6516536124191720E-001
  2.8574910278314242E-001  3.0497462236755984E-001  3.2499753503451845E-001  3.4448875798281814E-001  3.6226875672373976E-001
  3.7821710063579672E-001  3.9091628483769181E-001  4.0178667486271302E-001  4.1104029397979130E-001  4.1898523448558639E-001
  4.2590221547306284E-001  4.3208017778496188E-001  4.3777754558835935E-001  4.4294861260744017E-001  4.4741945515049086E-001
  4.5100037232209411E-001  4.5356492631271550E-001  4.5505794113465442E-001  4.5548891241465816E-001  4.5495810697757200E-001
  4.5366724514019102E-001  4.5187567719105637E-001  4.4982746521152484E-001  4.4768776986930198E-001  4.4553655495509742E-001
  4.4341142072581130E-001  4.4134396680690213E-001  4.3936740900410926E-001  4.3750228503833566E-001  4.3569683314709312E-001
  4.3404671317728233E-001  4.3259063712347479E-001  4.3128724426852877E-001  4.3013751630681429E-001  4.2912551864408305E-001
  4.2825514115053409E-001  4.2752049833277528E-001  4.2692475746325215E-001  4.2646008413402625E-001  4.2613745250212404E-001
  4.2597468249945136E-001  4.2597468250369719E-001  4.2613745251476753E-001  4.2646008415483116E-001  4.2692475749196540E-001
  4.2752049836890194E-001  4.2825514119355351E-001  4.2912551869345739E-001  4.3013751636156522E-001  4.3128724432759230E-001
  4.3259063718615015E-001  4.3404671324338823E-001  4.3569683321763159E-001  4.3750228511411415E-001  4.3936740908054756E-001
  4.4134396688300420E-001  4.4341142080196888E-001  4.4553655503138406E-001  4.4768776994473147E-001  4.4982746528384621E-001
  4.5187567725694588E-001  4.5366724519608553E-001  4.5495810702091216E-001  4.5548891244426043E-001  4.5505794115137188E-001
  4.5356492632012307E-001  4.5100037232341328E-001  4.4741945515203685E-001  4.4294861261381224E-001  4.3777754559835619E-001
  4.3208017778769969E-001  4.2590221545177159E-001  4.1898523441918756E-001
BLOCK 114   1.8422256220881049E+001
  4.1555339180877748E-001  4.0733438930241406E-001  3.9704460262976821E-001  3.8404599196409084E-001  3.6835790380852323E-001
  3.5043259498628138E-001  3.3109626513442325E-001  3.1169138148501324E-001  2.9364086119627841E-001  2.7435714912519715E-001
  2.5182705194452004E-001  2.2512321244981398E-001  1.9670261962143928E-001  1.7053241538546265E-001  1.4913214073626815E-001
  1.3253396786265914E-001  1.2500000000000000E-001 -1.0000000000000000E+000  6.1618288249246334E-001  1.3496363576282151E+000
  1.5832611950514763E+000  1.7530662965638784E+000  1.8888233249978219E+000  1.9993110948688302E+000  2.0896265072454829E+000
  2.1633042969043590E+000  2.2236087796053625E+000  2.2720606901159499E+000  2.3101760617572893E+000  2.3381979591758566E+000
  2.3569646119280230E+000  2.3663603989295972E+000  2.3663605129937704E+000  2.3569649644510036E+000  2.3381985609985412E+000
  2.3101769360815845E+000  2.2720618512381745E+000  2.2236103361951356E+000  2.1633058864523416E+000  2.0896292691375224E+000
  1.9993149963541892E+000  1.8888290920452981E+000  1.7530749624495545E+000  1.5832755306125343E+000  1.3496704981727945E+000
  6.1250739653363495E-001 -1.0000000000000000E+000  1.2500000000000000E-001  1.3251092486114968E-001  1.4912520929691903E-001
  1.7053086608886889E-001  1.9670254835925283E-001  2.2512341742897179E-001  2.5182721192001489E-001  2.7435715276474193E-001
  2.9364083255582074E-001  3.1169136707430445E-001  3.3109626001518117E-001  3.5043259625522305E-001  3.6835790748890240E-001
  3.8404599002981676E-001  3.9704459813645876E-001  4.0733438411646739E-001  4.1555338903660261E-001  4.2237136234100314E-001
  4.2828405290025279E-001  4.3354998973473013E-001  4.3838582391257724E-001  4.4280606450086446E-001  4.4669041827024147E-001
  4.4986749681070648E-001  4.5217691701561852E-001  4.5350733032261475E-001  4.5381961438398649E-001  4.5315410605239276E-001
  4.5162146351106219E-001  4.4939086709341741E-001  4.4668841385883862E-001  4.4377182169766333E-001  4.4085868366020531E-001
  4.3803279302907727E-001  4.3525088710097942E-001  4.3283564686545961E-001  4.3071083216746014E-001  4.2878107593051362E-001
  4.2704800208681531E-001  4.2550321835205474E-001  4.2413560776567427E-001  4.2293836731359019E-001  4.2189932216218162E-001
  4.2101152859468133E-001  4.2026238492541101E-001  4.1965717105086031E-001  4.1919515723878942E-001  4.1887944052228732E-001
  4.1871853561130767E-001  4.1871853561484607E-001  4.1887944054515464E-001  4.1919515727952200E-001  4.1965717110802403E-001
  4.2026238499843316E-001  4.2101152868296504E-001  4.2189932226460669E-001  4.2293836742959440E-001  4.2413560789409321E-001
  4.2550321848999545E-001  4.2704800222474654E-001  4.2878107601675625E-001  4.3071083198769355E-001  4.3283564661929419E-001
  4.3525088754271718E-001  4.3803279449024157E-001  4.4085868409747303E-001  4.4377182185804215E-001  4.4668841407446708E-001
  4.4939086738095679E-001  4.5162146384587409E-001  4.5315410642588583E-001  4.5381961480179173E-001  4.5350733080434019E-001
  4.5217691760290185E-001  4.4986749756751193E-001  4.4669041911387031E-001  4.4280606459673177E-001  4.3838582272284160E-001
  4.3354999116390297E-001  4.2828405474983633E-001  4.2237136416722332E-001
BLOCK 115   1.8585285036995085E+001
  4.2202404129055093E-001  4.1421401118596018E-001  4.0423895423360212E-001  3.9182502575122091E-001  3.7661156497244125E-001
  3.5999386512309228E-001  3.4233608421557060E-001  3.2432143013222620E-001  3.0604252507387386E-001  2.8783725491667522E-001
  2.6537518321496018E-001  2.3470554653497169E-001  2.0138826829372386E-001  1.7614042020118337E-001  1.5990545485713295E-001
  1.3624342747061377E-001  1.1756803340622451E-001  8.6444928934510862E-002  9.1383343114011265E-002 -1.0000000000000000E+000
  2.7386403735505710E-001  1.7372537391762128E+000  1.8976531306357673E+000  2.0237416905184946E+000  2.1256949933306886E+000
  2.2093142215088899E+000  2.2770473863772360E+000  2.3312596360589204E+000  2.3731145775579248E+000  2.4032702283941885E+000
  2.4229208829727660E+000  2.4325532338363725E+000  2.4325535926243589E+000  2.4229220323256162E+000  2.4032722286292598E+000
  2.3731175813597627E+000  2.3312639408073794E+000  2.2770531302086741E+000  2.2093210486600281E+000  2.1257059321773442E+000
  2.0237571848131650E+000  1.8976766441760822E+000  1.7372928806458134E+000  2.8893606774268160E-001 -1.0000000000000000E+000
  9.0532522224701456E-002  8.6695411333865130E-002  1.1766141616644664E-001  1.3622893393561181E-001  1.5986288394656922E-001
  1.7612592191992121E-001  2.0139083526943269E-001  2.3471553932239878E-001  2.6537918892192736E-001  2.8783895002567600E-001
  3.0604308031107275E-001  3.2432144784451572E-001  3.4233598468964488E-001  3.5999379105282442E-001  3.7661153357458943E-001
  3.9182501684737214E-001  4.0423894261117266E-001  4.1421399225959121E-001  4.2202402399470429E-001  4.2802376640622553E-001
  4.3271214449312023E-001  4.3668722197270782E-001  4.4044782310353203E-001  4.4398207019414127E-001  4.4710124628111120E-001
  4.4962367820789617E-001  4.5142038647492699E-001  4.5238919703738234E-001  4.5245602481592107E-001  4.5159493631752595E-001
  4.4983281009734161E-001  4.4723156913132933E-001  4.4389942568428581E-001  4.4007460997313447E-001  4.3616306664558824E-001
  4.3246185856651775E-001  4.2910913177215848E-001  4.2624916449104744E-001  4.2383426073393837E-001  4.2178021840438945E-001
  4.1998640890705974E-001  4.1840730468901666E-001  4.1701084894797158E-001  4.1578508052937191E-001  4.1472469630215414E-001
  4.1382410280915516E-001  4.1307332806893116E-001  4.1247404582865532E-001  4.1202316189852040E-001  4.1171798701216961E-001
  4.1156150093048888E-001  4.1156150093231281E-001  4.1171798704827622E-001  4.1202316197817113E-001  4.1247404595564524E-001
  4.1307332824399667E-001  4.1382410303355499E-001  4.1472469658051314E-001  4.1578508086313820E-001  4.1701084928420795E-001
  4.1840730486161665E-001  4.1998640879524407E-001  4.2178021814733557E-001  4.2383426018815556E-001  4.2624916393446993E-001
  4.2910913127721528E-001  4.3246185880774995E-001  4.3616306876463340E-001  4.4007461348699456E-001  4.4389942937119697E-001
  4.4723157136218611E-001  4.4983281124301705E-001  4.5159493736877154E-001  4.5245602632363369E-001  4.5238919899216129E-001
  4.5142038827330172E-001  4.4962367909574064E-001  4.4710124630899639E-001  4.4398207053892569E-001  4.4044782554914869E-001
  4.3668722518344250E-001  4.3271215130359664E-001  4.2802377873450431E-001
BLOCK 116   1.8748313853109121E+001
  4.2901010608987666E-001  4.2172143108415494E-001  4.1257427382921702E-001  4.0183568409454468E-001  3.8992198584116333E-001
  3.7635559575071292E-001  3.6075293351067422E-001  3.4260000637584742E-001  3.2177688105892077E-001  2.9582816685864499E-001
  2.7285331508748434E-001  2.4715609658565627E-001  2.1418431175190047E-001  1.9056108196984134E-001  1.8382809510693360E-001
 -1.0000000000000000E+000 -1.0000000000000000E+000 -1.0000000000000000E+000 -1.0000000000000000E+000 -1.0000000000000000E+000
  1.0438031730927824E+000  1.6693545001440073E+000  1.8869051097614340E+000  2.0421908730991345E+000  2.1598849169847791E+000
  2.2529008024857116E+000  2.3275712987716930E+000  2.3866619436351733E+000  2.4325367803703557E+000  2.4660362381409504E+000
  2.4880809532664956E+000  2.4990802804463876E+000  2.4990807459665749E+000  2.4880824303395279E+000  2.4660388789739129E+000
  2.4325408020748243E+000  2.3866676599009509E+000  2.3275790416960778E+000  2.2529114733060021E+000  2.1598994072358790E+000
  2.0422096308084554E+000  1.8869368564905213E+000  1.6695658667021569E+000  1.0505306921181097E+000 -1.0000000000000000E+000
 -1.0000000000000000E+000 -1.0000000000000000E+000 -1.0000000000000000E+000 -1.0000000000000000E+000  1.8406726192907169E-001
  1.9060154071629798E-001  2.1415092861069818E-001  2.4713669847283537E-001  2.7285696453247893E-001  2.9583933867331424E-001
  3.2178445818211399E-001  3.4260249870590165E-001  3.6075255778643633E-001  3.7635461313313423E-001  3.8992116873665211E-001
  4.0183523170588675E-001  4.1257410072107864E-001  4.2172138135310067E-001  4.2901008940083352E-001  4.3441217587347580E-001
  4.3881570195668862E-001  4.4203325626444800E-001  4.4461626287275802E-001  4.4665273358430074E-001  4.4855148024905517E-001
  4.5021590804735523E-001  4.5140702857058829E-001  4.5187710435277101E-001  4.5142223386086355E-001  4.4995137072666513E-001
  4.4752605561658615E-001  4.4430656972769561E-001  4.4044880951601156E-001  4.3612234938565508E-001  4.3169678488658825E-001
  4.2738671752556218E-001  4.2340052217192303E-001  4.1989275119235725E-001  4.1694791465905851E-001  4.1456952962126775E-001
  4.1265672529600428E-001  4.1109244652304805E-001  4.0975958331100282E-001  4.0859128594449257E-001  4.0756742809360252E-001
  4.0668632582094322E-001  4.0594972942843860E-001  4.0536066780273583E-001  4.0491781138448679E-001  4.0462036228227838E-001
  4.0446930796631531E-001  4.0446930797222652E-001  4.0462036232714421E-001  4.0491781148487682E-001  4.0536066798895409E-001
  4.0594972973902199E-001  4.0668632625113454E-001  4.0756742853379035E-001  4.0859128624182450E-001  4.0975958339568924E-001
  4.1109244629337566E-001  4.1265672462217584E-001  4.1456952857882912E-001  4.1694791334206555E-001  4.1989275045868651E-001
  4.2340052241895776E-001  4.2738671871393930E-001  4.3169678671167211E-001  4.3612235175566061E-001  4.4044881221814702E-001
  4.4430657320645622E-001  4.4752606051856930E-001  4.4995137584444189E-001  4.5142223703453799E-001  4.5187710467396947E-001
  4.5140702703958080E-001  4.5021590637845771E-001  4.4855147956371766E-001  4.4665273513951453E-001  4.4461626846800234E-001
  4.4203326600300841E-001  4.3881571672180664E-001  4.3441219175802576E-001
BLOCK 117   1.8911342669223156E+001
  4.3566637791553892E-001  4.2948113110027331E-001  4.2352957110382761E-001  4.1739409897334989E-001  4.1005973912139904E-001
  3.9937511536352599E-001  3.8297622255057640E-001  3.6289421941263716E-001  3.4353542815753918E-001  3.3555164474222610E-001
  3.3516998579360108E-001  2.8335410573652015E-001  1.1229993539857297E-001 -1.0000000000000000E+000 -1.0000000000000000E+000
 -1.0000000000000000E+000 -1.0000000000000000E+000 -1.0000000000000000E+000 -1.0000000000000000E+000 -1.0000000000000000E+000
 -1.0000000000000000E+000  1.4651114262257532E+000  1.8410956792617514E+000  2.0397272957282340E+000  2.1817696505811708E+000
  2.2906270117014507E+000  2.3752595544267452E+000  2.4403800720740474E+000  2.4898875622235881E+000  2.5259262786247136E+000
  2.5496461474804950E+000  2.5614877007912051E+000  2.5614884166131668E+000  2.5496482762890613E+000  2.5259298745597598E+000
  2.4898926673026951E+000  2.4403857180107993E+000  2.3752635421189252E+000  2.2906255669611251E+000  2.1817791798795945E+000
  2.0398389438653548E+000  1.8415467167108943E+000  1.4649812202116683E+000 -1.0000000000000000E+000 -1.0000000000000000E+000
 -1.0000000000000000E+000 -1.0000000000000000E+000 -1.0000000000000000E+000 -1.0000000000000000E+000 -1.0000000000000000E+000
 -1.0000000000000000E+000  1.1193670372943995E-001  2.8394450060477333E-001  3.3526307591051813E-001  3.3544221515911499E-001
  3.4347590258639643E-001  3.6288543479757357E-001  3.8298324618064777E-001  3.9938040953265985E-001  4.1005878796407358E-001
  4.1739113232268948E-001  4.2352738690786823E-001  4.2948013479217562E-001  4.3566605563875560E-001  4.4168917004408953E-001
  4.4578847530078286E-001  4.4873559143558467E-001  4.5075521626962112E-001  4.5172497686095248E-001  4.5222355181464002E-001
  4.5227826347500188E-001  4.5189092160813310E-001  4.5110649410673836E-001  4.4976957795256201E-001  4.4765872818489993E-001
  4.4468864726416690E-001  4.4095242330507195E-001  4.3660719453673080E-001  4.3193051646328701E-001  4.2709092024963768E-001
  4.2230612921267624E-001  4.1778834509767632E-001  4.1372289832237036E-001  4.1023748204289595E-001  4.0738331350600165E-001
  4.0513730743664023E-001  4.0343203565558644E-001  4.0214286465298010E-001  4.0113089048994166E-001  4.0028539870519286E-001
  3.9954016038388313E-001  3.9888080414784532E-001  3.9832187367055272E-001  3.9788405823470174E-001  3.9758392930797393E-001
  3.9743074864397443E-001  3.9743074868701911E-001  3.9758392949171784E-001  3.9788405859896975E-001  3.9832187418874326E-001
  3.9888080473828469E-001  3.9954016096759648E-001  4.0028539915221295E-001  4.0113089058232765E-001  4.0214286420850887E-001
  4.0343203460905963E-001  4.0513730611569887E-001  4.0738331252003346E-001  4.1023748160761103E-001  4.1372289853078159E-001
  4.1778834572921913E-001  4.2230613028365516E-001  4.2709092212145894E-001  4.3193052016121802E-001  4.3660719940225551E-001
  4.4095242925465228E-001  4.4468865259319179E-001  4.4765873133708578E-001  4.4976957900183351E-001  4.5110649388318064E-001
  4.5189092078044552E-001  4.5227826249391456E-001  4.5222355036635403E-001  4.5172497190772698E-001  4.5075519811274206E-001
  4.4873554893962664E-001  4.4578841627779381E-001  4.4168917032983851E-001
BLOCK 118   1.9074371485337192E+001
  4.4640807318083531E-001  4.4451219646982004E-001  4.4175109283003566E-001  4.3784214852336839E-001  4.4017295355452463E-001
  4.5747475188847841E-001  4.7950829526889427E-001  4.6663911881711745E-001  4.0072976779460623E-001  2.2129017001831630E-001
 -1.0000000000000000E+000 -1.0000000000000000E+000 -1.0000000000000000E+000 -1.0000000000000000E+000 -1.0000000000000000E+000
 -1.0000000000000000E+000 -1.0000000000000000E+000 -1.0000000000000000E+000 -1.0000000000000000E+000 -1.0000000000000000E+000
 -1.0000000000000000E+000  7.2242162429549939E-001  1.7082589285869307E+000  2.0060589841803136E+000  2.1882150410754035E+000
  2.3163838098706417E+000  2.4131760449122854E+000  2.4874149566722914E+000  2.5429949447214302E+000  2.5825370230072680E+000
  2.6074979049258378E+000  2.6195461675571794E+000  2.6195465982499662E+000  2.6074976194028210E+000  2.5825321777011063E+000
  2.5429794862326109E+000  2.4873966883549503E+000  2.4131874150843839E+000  2.3164883454866620E+000  2.1885049843102644E+000
  2.0065354002989793E+000  1.7075051620772626E+000  7.1819149990661668E-001 -1.0000000000000000E+000 -1.0000000000000000E+000
 -1.0000000000000000E+000 -1.0000000000000000E+000 -1.0000000000000000E+000 -1.0000000000000000E+000 -1.0000000000000000E+000
 -1.0000000000000000E+000 -1.0000000000000000E+000 -1.0000000000000000E+000 -1.0000000000000000E+000  2.2200832788013919E-001
  4.0057198352078971E-001  4.6658050772446014E-001  4.7954789854954261E-001  4.5747424387667801E-001  4.4017599926672113E-001
  4.3785425125226501E-001  4.4175674247206009E-001  4.4451075729938933E-001  4.4640531468798167E-001  4.4932463804937689E-001
  4.5247761961583488E-001  4.5537828430069094E-001  4.5736601519699827E-001  4.5782490734881442E-001  4.5716690725599268E-001
  4.5559897071591227E-001  4.5334433736685342E-001  4.5073152276735307E-001  4.4782044780466806E-001  4.4456716714043354E-001
  4.4092196641259462E-001  4.3678529399786198E-001  4.3221664010576022E-001  4.2732135293418072E-001  4.2219235344834299E-001
  4.1703189728239665E-001  4.1206700939854651E-001  4.0751789042386211E-001  4.0354210208530861E-001  4.0023198776462487E-001
  3.9761407443589492E-001  3.9565191835551516E-001  3.9424944972412435E-001  3.9328004275100298E-001  3.9261075515279831E-001
  3.9211360024358460E-001  3.9169477946087117E-001  3.9130835356156257E-001  3.9095722637443087E-001  3.9068007475711369E-001
  3.9052481414326928E-001  3.9052481431057157E-001  3.9068007525460224E-001  3.9095722712664127E-001  3.9130835441913447E-001
  3.9169478018215487E-001  3.9211360054171829E-001  3.9261075479097290E-001  3.9328004175831943E-001  3.9424944843340382E-001
  3.9565191706400238E-001  3.9761407332460280E-001  4.0023198684732725E-001  4.0354210125548773E-001  4.0751788988648135E-001
  4.1206700976100635E-001  4.1703189925932149E-001  4.2219235708378133E-001  4.2732135766949669E-001  4.3221664422294059E-001
  4.3678529694152951E-001  4.4092196720820331E-001  4.4456716590110373E-001  4.4782044514550357E-001  4.5073151714898685E-001
  4.5334431937029634E-001  4.5559891345905673E-001  4.5716675846978966E-001  4.5782460271773423E-001  4.5736554992123213E-001
  4.5537785844653050E-001  4.5247775141670915E-001  4.4932603106764435E-001
BLOCK 119   1.9237400301451228E+001
  4.6574424966001660E-001  4.8557392138679317E-001  5.3542725294462468E-001  5.6983243295055974E-001  5.6235967794729469E-001
  5.2175871653299033E-001  4.4323534115496793E-001  2.6537432659929239E-001 -1.0000000000000000E+000 -1.0000000000000000E+000
 -1.0000000000000000E+000 -1.0000000000000000E+000 -1.0000000000000000E+000 -1.0000000000000000E+000 -1.0000000000000000E+000
 -1.0000000000000000E+000 -1.0000000000000000E+000 -1.0000000000000000E+000 -1.0000000000000000E+000 -1.0000000000000000E+000
 -1.0000000000000000E+000  5.3947626369711166E-001  1.4872454516505709E+000  1.9174161339320592E+000  2.1658586455904794E+000
  2.3248876494225135E+000  2.4389966957971807E+000  2.5232967587137054E+000  2.5862946487575331E+000  2.6308576439228801E+000
  2.6600381869256391E+000  2.6746665276202943E+000  2.6746513729397456E+000  2.6600037082892558E+000  2.6308347196116499E+000
  2.5863202883818825E+000  2.5234427931566632E+000  2.4392941001784059E+000  2.3252709637616893E+000  2.1659696408855584E+000
  1.9165298503952779E+000  1.4874866378531628E+000  5.3735198736756229E-001 -1.0000000000000000E+000 -1.0000000000000000E+000
 -1.0000000000000000E+000 -1.0000000000000000E+000 -1.0000000000000000E+000 -1.0000000000000000E+000 -1.0000000000000000E+000
 -1.0000000000000000E+000 -1.0000000000000000E+000 -1.0000000000000000E+000 -1.0000000000000000E+000 -1.0000000000000000E+000
 -1.0000000000000000E+000  2.6554909185383135E-001  4.4336048363356623E-001  5.2178125305714307E-001  5.6230555589174269E-001
  5.6978072935861457E-001  5.3544762721449124E-001  4.8562165510032718E-001  4.6576380356855623E-001  4.6242659644427603E-001
  4.6182508621309759E-001  4.6166892521037961E-001  4.6195881130922956E-001  4.6200671994411091E-001  4.6120224860442061E-001
  4.5904170657109639E-001  4.5548835991729514E-001  4.5104473701533332E-001  4.4613218486514378E-001  4.4111173377223156E-001
  4.3623230704935800E-001  4.3162597803859398E-001  4.2690358994702005E-001  4.2200391868822157E-001  4.1678876155710742E-001
  4.1140046222632137E-001  4.0611577987806752E-001  4.0117169452867940E-001  3.9675872975770077E-001  3.9302020365417845E-001
  3.9002955380878962E-001  3.8778131506919772E-001  3.8620578412633461E-001  3.8518993190543893E-001  3.8459669879776243E-001
  3.8428440096257549E-001  3.8413284572803269E-001  3.8405804312717678E-001  3.8401129527960420E-001  3.8397580182974034E-001
  3.8395435565997527E-001  3.8395435592305754E-001  3.8397580250267516E-001  3.8401129602726125E-001  3.8405804360181228E-001
  3.8413284572732653E-001  3.8428440047483886E-001  3.8459669789893935E-001  3.8518993073635877E-001  3.8620578274864320E-001
  3.8778131336266586E-001  3.9002955196663958E-001  3.9302020202578186E-001  3.9675872905803750E-001  4.0117169546914377E-001
  4.0611578276701377E-001  4.1140046672206376E-001  4.1678876699202194E-001  4.2200392526429809E-001  4.2690359963254276E-001
  4.3162599496375659E-001  4.3623233914663206E-001  4.4111177429795062E-001  4.4613221967862116E-001  4.5104469798083635E-001
  4.5548811200442163E-001  4.5904112003363950E-001  4.6120141596944775E-001  4.6200622395414359E-001  4.6195968142592558E-001
  4.6167157123904079E-001  4.6182711783323727E-001  4.6242209871293966E-001
BLOCK 120   1.9400429117565263E+001
  6.2269071914305119E-001  6.4225097429981570E-001  6.3251504482646426E-001  5.8781891112198248E-001  4.9644288257048041E-001
  3.4717447552020086E-001 -1.0000000000000000E+000 -1.0000000000000000E+000 -1.0000000000000000E+000 -1.0000000000000000E+000
 -1.0000000000000000E+000 -1.0000000000000000E+000 -1.0000000000000000E+000 -1.0000000000000000E+000 -1.0000000000000000E+000
 -1.0000000000000000E+000 -1.0000000000000000E+000 -1.0000000000000000E+000 -1.0000000000000000E+000 -1.0000000000000000E+000
 -1.0000000000000000E+000  5.5736338687912035E-001  1.3787857821886929E+000  1.8305576322566393E+000  2.1083071357585914E+000
  2.3050401713873576E+000  2.4454328142416575E+000  2.5464049121906696E+000  2.6194319076364834E+000  2.6702532268827421E+000
  2.7028353055892138E+000  2.7188917287741949E+000  2.7189344130677191E+000  2.7029584728788620E+000  2.6704774852106539E+000
  2.6197199919708898E+000  2.5466564208276963E+000  2.4455729779929438E+000  2.3047914468244053E+000  2.1079329317101601E+000
  1.8305968066053719E+000  1.3781175181848253E+000  5.5474392739795064E-001 -1.0000000000000000E+000 -1.0000000000000000E+000
 -1.0000000000000000E+000 -1.0000000000000000E+000 -1.0000000000000000E+000 -1.0000000000000000E+000 -1.0000000000000000E+000
 -1.0000000000000000E+000 -1.0000000000000000E+000 -1.0000000000000000E+000 -1.0000000000000000E+000 -1.0000000000000000E+000
 -1.0000000000000000E+000 -1.0000000000000000E+000 -1.0000000000000000E+000  3.4705109557126829E-001  4.9648582450904510E-001
  5.8790988361115537E-001  6.3260368697358338E-001  6.4229256677635560E-001  6.2269005149542356E-001  5.6167115177256499E-001
  4.8359906290784843E-001  4.5767433620708009E-001  4.5793191970174280E-001  4.6048655447146836E-001  4.6048304297384723E-001
  4.5849296901167624E-001  4.5506445840225096E-001  4.5035297058746587E-001  4.4456214695231572E-001  4.3824298430045527E-001
  4.3198521517951738E-001  4.2621710404527502E-001  4.2084476056894299E-001  4.1564030116897760E-001  4.1038826653981986E-001
  4.0507550676271376E-001  3.9976450607101444E-001  3.9460290022501632E-001  3.8983985660659770E-001  3.8570638494945170E-001
  3.8233565283128618E-001  3.7976613172886625E-001  3.7796650246049318E-001  3.7685104371694012E-001  3.7565540618414495E-001
  3.7558937525275438E-001  3.7567141300463380E-001  3.7665135017842333E-001  3.7701662155591414E-001  3.7732153669046437E-001
  3.7749273704211272E-001  3.7749273686633644E-001  3.7732153626105908E-001  3.7701662101141131E-001  3.7665134959013458E-001
  3.7567141268003801E-001  3.7558937482156951E-001  3.7565540550011367E-001  3.7685104169181560E-001  3.7796649975279129E-001
  3.7976612881704264E-001  3.8233565043607670E-001  3.8570638374174993E-001  3.8983985680722899E-001  3.9460290129971770E-001
  3.9976450744662534E-001  4.0507550897462818E-001  4.1038827367781766E-001  4.1564032545905627E-001  4.2084482643313320E-001
  4.2621723115399113E-001  4.3198536299457707E-001  4.3824305437667460E-001  4.4456185680275173E-001  4.5035220208646276E-001
  4.5506380288994930E-001  4.5849405837936669E-001  4.6048775746799031E-001  4.6049457227343382E-001  4.5793764361027489E-001
  4.5766379451488026E-001  4.8356413637054640E-001  5.6163916717026507E-001
BLOCK 121   1.9563457933679299E+001
  6.8914457842635668E-001  6.5383122381306491E-001  5.9049920987006388E-001  4.7808748805001094E-001  2.2637381017487496E-001
 -1.0000000000000000E+000 -1.0000000000000000E+000 -1.0000000000000000E+000 -1.0000000000000000E+000 -1.0000000000000000E+000
 -1.0000000000000000E+000 -1.0000000000000000E+000 -1.0000000000000000E+000 -1.0000000000000000E+000 -1.0000000000000000E+000
 -1.0000000000000000E+000 -1.0000000000000000E+000 -1.0000000000000000E+000 -1.0000000000000000E+000 -1.0000000000000000E+000
 -1.0000000000000000E+000  6.2166206333630680E-001  1.3630878996383391E+000  1.7821660935896173E+000  2.0688930121081577E+000
  2.2769760678373321E+000  2.4300588140566117E+000  2.5462540171566324E+000  2.6327569241873787E+000  2.6935707435505511E+000
  2.7314924917114771E+000  2.7497278691883293E+000  2.7498235769527279E+000  2.7317136365317864E+000  2.6938482838840678E+000
  2.6328809577907073E+000  2.5461978168977399E+000  2.4299183944647553E+000  2.2769018986340774E+000  2.0687142762414124E+000
  1.7819507443995468E+000  1.3626041834622593E+000  6.1952352517591747E-001 -1.0000000000000000E+000 -1.0000000000000000E+000
 -1.0000000000000000E+000 -1.0000000000000000E+000 -1.0000000000000000E+000 -1.0000000000000000E+000 -1.0000000000000000E+000
 -1.0000000000000000E+000 -1.0000000000000000E+000 -1.0000000000000000E+000 -1.0000000000000000E+000 -1.0000000000000000E+000
 -1.0000000000000000E+000 -1.0000000000000000E+000 -1.0000000000000000E+000 -1.0000000000000000E+000  2.2610956976815735E-001
  4.7797580331530554E-001  5.9045252860929021E-001  6.5384396233021402E-001  6.8923044506049824E-001  6.9663179924758589E-001
  6.6944649754263352E-001  6.1206995639418849E-001  4.8819179581959515E-001  4.3819633097789795E-001  4.3608247153550067E-001
  4.4345000963218228E-001  4.4779976909440822E-001  4.4666883469184759E-001  4.4188676789070969E-001  4.3550910032213352E-001
  4.2845299120437619E-001  4.2135005393008096E-001  4.1465872657927005E-001  4.0855769645012102E-001  4.0294088849520021E-001
  3.9761943666799665E-001  3.9244106517727650E-001  3.8739797446074586E-001  3.8262119825432345E-001  3.7828395419726502E-001
  3.7474532852865683E-001  3.7155751336074117E-001  3.6947831276575527E-001  3.6827038149615687E-001  3.6781897158976962E-001
  3.6795745239803634E-001  3.6849058958715619E-001  3.6921516938274501E-001  3.6994313506874577E-001  3.7051996389981534E-001
  3.7083591363510565E-001  3.7083591328129911E-001  3.7051996298140188E-001  3.6994313366013393E-001  3.6921516743286104E-001
  3.6849058705005366E-001  3.6795744922890622E-001  3.6781896806971559E-001  3.6827037813963526E-001  3.6947831001699166E-001
  3.7155751141054760E-001  3.7474532738677324E-001  3.7828395016739647E-001  3.8262118849311577E-001  3.8739795865199228E-001
  3.9244105254699357E-001  3.9761945535732462E-001  4.0294098342019158E-001  4.0855788832762074E-001  4.1465892769144558E-001
  4.2134999099421100E-001  4.2845216833413186E-001  4.3550743136020653E-001  4.4188617418962883E-001  4.4667279604868221E-001
  4.4781009082747009E-001  4.4346371957013420E-001  4.3609143348499391E-001  4.3819589703613854E-001  4.8816834318181779E-001
  6.1201560320648352E-001  6.6935123106433847E-001  6.9652690180892762E-001
BLOCK 122   1.9726486754290200E+001
  6.7300358069866673E-001  5.8682610205902241E-001  4.4520420867926991E-001  1.4048640886872227E-001 -1.0000000000000000E+000
 -1.0000000000000000E+000 -1.0000000000000000E+000 -1.0000000000000000E+000 -1.0000000000000000E+000 -1.0000000000000000E+000
 -1.0000000000000000E+000 -1.0000000000000000E+000 -1.0000000000000000E+000 -1.0000000000000000E+000 -1.0000000000000000E+000
 -1.0000000000000000E+000 -1.0000000000000000E+000 -1.0000000000000000E+000 -1.0000000000000000E+000 -1.0000000000000000E+000
 -1.0000000000000000E+000  7.5589734852231194E-001  1.3997329623699561E+000  1.7796518024687591E+000  2.0544942707696299E+000
  2.2571935914290409E+000  2.4167023611573568E+000  2.5364904053964801E+000  2.6265318688996615E+000  2.6921120973887405E+000
  2.7347396295610746E+000  2.7558439918124931E+000  2.7557262982576316E+000  2.7344657919275570E+000  2.6918189380270352E+000
  2.6263918117713581E+000  2.5365512801644869E+000  2.4167962920262771E+000  2.2572307681086219E+000  2.0543169199004141E+000
  1.7793565398924587E+000  1.3993209242350670E+000  7.5453243471207110E-001 -1.0000000000000000E+000 -1.0000000000000000E+000
 -1.0000000000000000E+000 -1.0000000000000000E+000 -1.0000000000000000E+000 -1.0000000000000000E+000 -1.0000000000000000E+000
 -1.0000000000000000E+000 -1.0000000000000000E+000 -1.0000000000000000E+000 -1.0000000000000000E+000 -1.0000000000000000E+000
 -1.0000000000000000E+000 -1.0000000000000000E+000 -1.0000000000000000E+000 -1.0000000000000000E+000 -1.0000000000000000E+000
  1.4021395921380470E-001  4.4507938840243749E-001  5.8677439344857851E-001  6.7301070132054119E-001  7.1938203324177974E-001
  7.2996111297800859E-001  7.1631476558106610E-001  6.7226049052678116E-001  6.0877441651573383E-001  4.9493783288454940E-001
  4.2477404146056080E-001  4.1289443863067449E-001  4.2496375895586413E-001  4.3279577574871814E-001  4.3193426087123976E-001
  4.2585094810097845E-001  4.1765107113073935E-001  4.0945374013248004E-001  4.0190976186571331E-001  3.9515701021570349E-001
  3.8921625997888465E-001  3.8392640779327347E-001  3.7903278336462709E-001  3.7463845240430349E-001  3.7011754780659312E-001
  3.6631402066159596E-001  3.6326151227290610E-001  3.6104573687418418E-001  3.5976199154173683E-001  3.5936522242865254E-001
  3.5970609657423408E-001  3.6055223201585501E-001  3.6162836163566198E-001  3.6267976532256740E-001  3.6350136575688918E-001
  3.6394844042296487E-001  3.6394843990296788E-001  3.6350136411180123E-001  3.6267976234281724E-001  3.6162835728754539E-001
  3.6055222679389398E-001  3.5970609160654127E-001  3.5936521905750118E-001  3.5976199007921300E-001  3.6104573483580321E-001
  3.6326150233221566E-001  3.6631399122707303E-001  3.7011749635142976E-001  3.7463842850729595E-001  3.7903279975965104E-001
  3.8392657077928138E-001  3.8921658333713172E-001  3.9515729319529946E-001  4.0190945618140456E-001  4.0945218791069210E-001
  4.1764865236768767E-001  4.2585065547848960E-001  4.3193988737481076E-001  4.3280585933928550E-001  4.2497524163984957E-001
  4.1290877137844822E-001  4.2475270149865119E-001  4.9473667571834656E-001  6.0850801280354938E-001  6.7220777692827693E-001
  7.1643041989822409E-001  7.2998016891264772E-001  7.1934454975056350E-001
BLOCK 123   1.9726486754290232E+001
  6.7300358069866673E-001  5.8682610205902241E-001  4.4520420867926991E-001  1.4048640886872227E-001 -1.0000000000000000E+000
 -1.0000000000000000E+000 -1.0000000000000000E+000 -1.0000000000000000E+000 -1.0000000000000000E+000 -1.0000000000000000E+000
 -1.0000000000000000E+000 -1.0000000000000000E+000 -1.0000000000000000E+000 -1.0000000000000000E+000 -1.0000000000000000E+000
 -1.0000000000000000E+000 -1.0000000000000000E+000 -1.0000000000000000E+000 -1.0000000000000000E+000 -1.0000000000000000E+000
 -1.0000000000000000E+000  7.5589734852231194E-001  1.3997329623699561E+000  1.7796518024687591E+000  2.0544942707696299E+000
  2.2571935914290409E+000  2.4167023611573568E+000  2.5364904053964801E+000  2.6265318688996615E+000  2.6921120973887405E+000
  2.7347396295610746E+000  2.7558439918124931E+000  2.7557262982576316E+000  2.7344657919275570E+000  2.6918189380270352E+000
  2.6263918117713581E+000  2.5365512801644869E+000  2.4167962920262771E+000  2.2572307681086219E+000  2.0543169199004141E+000
  1.7793565398924587E+000  1.3993209242350670E+000  7.5453243471207110E-001 -1.0000000000000000E+000 -1.0000000000000000E+000
 -1.0000000000000000E+000 -1.0000000000000000E+000 -1.0000000000000000E+000 -1.0000000000000000E+000 -1.0000000000000000E+000
 -1.0000000000000000E+000 -1.0000000000000000E+000 -1.0000000000000000E+000 -1.0000000000000000E+000 -1.0000000000000000E+000
 -1.0000000000000000E+000 -1.0000000000000000E+000 -1.0000000000000000E+000 -1.0000000000000000E+000 -1.0000000000000000E+000
  1.4021395921380470E-001  4.4507938840243749E-001  5.8677439344857851E-001  6.7301070132054119E-001  7.1938203324177974E-001
  7.2996111297800859E-001  7.1631476558106610E-001  6.7226049052678116E-001  6.0877441651573383E-001  4.9493783288454940E-001
  4.2477404146056080E-001  4.1289443863067449E-001  4.2496375895586413E-001  4.3279577574871814E-001  4.3193426087123976E-001
  4.2585094810097845E-001  4.1765107113073935E-001  4.0945374013248004E-001  4.0190976186571331E-001  3.9515701021570349E-001
  3.8921625997888465E-001  3.8392640779327347E-001  3.7903278336462709E-001  3.7463845240430349E-001  3.7011754780659312E-001
  3.6631402066159596E-001  3.6326151227290610E-001  3.6104573687418418E-001  3.5976199154173683E-001  3.5936522242865254E-001
  3.5970609657423408E-001  3.6055223201585501E-001  3.6162836163566198E-001  3.6267976532256740E-001  3.6350136575688918E-001
  3.6394844042296487E-001  3.6394843990296788E-001  3.6350136411180123E-001  3.6267976234281724E-001  3.6162835728754539E-001
  3.6055222679389398E-001  3.5970609160654127E-001  3.5936521905750118E-001  3.5976199007921300E-001  3.6104573483580321E-001
  3.6326150233221566E-001  3.6631399122707303E-001  3.7011749635142976E-001  3.7463842850729595E-001  3.7903279975965104E-001
  3.8392657077928138E-001  3.8921658333713172E-001  3.9515729319529946E-001  4.0190945618140456E-001  4.0945218791069210E-001
  4.1764865236768767E-001  4.2585065547848960E-001  4.3193988737481076E-001  4.3280585933928550E-001  4.2497524163984957E-001
  4.1290877137844822E-001  4.2475270149865119E-001  4.9473667571834656E-001  6.0850801280354938E-001  6.7220777692827693E-001
  7.1643041989822409E-001  7.2998016891264772E-001  7.1934454975056350E-001
END
