# LSA profile bundle v1
WAVELENGTH   8.9759790099999996E+000
NZ 72
NBLOCKS 163
Z
  6.2333187569444441E-002  1.8699956270833332E-001  3.1166593784722224E-001  4.3633231298611108E-001  5.6099868812499998E-001
  6.8566506326388887E-001  8.1033143840277777E-001  9.3499781354166656E-001  1.0596641886805556E+000  1.1843305638194446E+000
  1.3089969389583331E+000  1.4336633140972221E+000  1.5583296892361111E+000  1.6829960643749999E+000  1.8076624395138887E+000
  1.9323288146527777E+000  2.0569951897916665E+000  2.1816615649305557E+000  2.3063279400694445E+000  2.4309943152083333E+000
  2.5556606903472221E+000  2.6803270654861109E+000  2.8049934406249997E+000  2.9296598157638889E+000  3.0543261909027777E+000
  3.1789925660416665E+000  3.3036589411805557E+000  3.4283253163194445E+000  3.5529916914583328E+000  3.6776580665972225E+000
  3.8023244417361113E+000  3.9269908168750001E+000  4.0516571920138880E+000  4.1763235671527772E+000  4.3009899422916664E+000
  4.4256563174305548E+000  4.5503226925694440E+000  4.6749890677083332E+000  4.7996554428472216E+000  4.9243218179861108E+000
  5.0489881931250000E+000  5.1736545682638884E+000  5.2983209434027776E+000  5.4229873185416668E+000  5.5476536936805552E+000
  5.6723200688194444E+000  5.7969864439583336E+000  5.9216528190972220E+000  6.0463191942361103E+000  6.1709855693749995E+000
  6.2956519445138888E+000  6.4203183196527771E+000  6.5449846947916663E+000  6.6696510699305556E+000  6.7943174450694439E+000
  6.9189838202083331E+000  7.0436501953472224E+000  7.1683165704861107E+000  7.2929829456249990E+000  7.4176493207638892E+000
  7.5423156959027766E+000  7.6669820710416667E+000  7.7916484461805551E+000  7.9163148213194443E+000  8.0409811964583326E+000
  8.1656475715972228E+000  8.2903139467361111E+000  8.4149803218749994E+000  8.5396466970138878E+000  8.6643130721527779E+000
  8.7889794472916662E+000  8.9136458224305564E+000
BLOCK 1   0.0000000000000000E+000
  1.0001093838597570E+000  1.0003280782914654E+000  1.0005457770642991E+000  1.0015029029428417E+000  1.0019126204264364E+000
  1.0023077817136228E+000  1.0026853793884354E+000  1.0030425397046090E+000  1.0033765444565215E+000  1.0036848516663783E+000
  1.0039651149301978E+000  1.0042152012753600E+000  1.0044332073938158E+000  1.0046174741274079E+000  1.0047665990950656E+000
  1.0048794473657707E+000  1.0049551600960669E+000  1.0049931610663754E+000  1.0049931610663756E+000  1.0049551600960669E+000
  1.0048794473657705E+000  1.0047665990950652E+000  1.0046174741274072E+000  1.0044332073938154E+000  1.0042152012753596E+000
  1.0039651149301971E+000  1.0036848516663777E+000  1.0033765444565206E+000  1.0030425397046083E+000  1.0026853793884347E+000
  1.0023077817136223E+000  1.0019126204264357E+000  1.0015029029428408E+000  1.0005457770643176E+000  1.0003280782914841E+000
  1.0001093838597759E+000  9.9989061616405139E-001  9.9967192173142205E-001  9.9945422295735586E-001  9.9849709710127299E-001
  9.9808737961508565E-001  9.9769221832480937E-001  9.9731462064650733E-001  9.9695746032653954E-001  9.9662345557065457E-001
  9.9631514835676371E-001  9.9603488508897164E-001  9.9578479874001846E-001  9.9556679261806924E-001  9.9538252588138698E-001
  9.9523340091113632E-001  9.9512055263841426E-001  9.9504483990673853E-001  9.9500683893572928E-001  9.9500683893572917E-001
  9.9504483990673842E-001  9.9512055263841415E-001  9.9523340091113621E-001  9.9538252588138687E-001  9.9556679261806891E-001
  9.9578479874001813E-001  9.9603488508897109E-001  9.9631514835676338E-001  9.9662345557065402E-001  9.9695746032653898E-001
  9.9731462064650667E-001  9.9769221832480870E-001  9.9808737961508487E-001  9.9849709710127244E-001  9.9945422295733921E-001
  9.9967192173140507E-001  9.9989061616403452E-001
BLOCK 2   6.5891770020000004E-002
  1.0001094219439606E+000  1.0003281697096738E+000  1.0005459201876403E+000  1.0015032822018815E+000  1.0019130951187964E+000
  1.0023083468549556E+000  1.0026860300821738E+000  1.0030432707337222E+000  1.0033773500937531E+000  1.0036857257169727E+000
  1.0039660507902499E+000  1.0042161919832304E+000  1.0044342456783948E+000  1.0046185524548557E+000  1.0047677097144521E+000
  1.0048805823537783E+000  1.0049563114008744E+000  1.0049943205508896E+000  1.0049943205508893E+000  1.0049563114008739E+000
  1.0048805823537783E+000  1.0047677097144525E+000  1.0046185524548545E+000  1.0044342456783941E+000  1.0042161919832295E+000
  1.0039660507902506E+000  1.0036857257169727E+000  1.0033773500937533E+000  1.0030432707337216E+000  1.0026860300821736E+000
  1.0023083468549550E+000  1.0019130951187967E+000  1.0015032822018815E+000  1.0005459201876608E+000  1.0003281697096948E+000
  1.0001094219439806E+000  9.9989059836759142E-001  9.9967185202507314E-001  9.9945410447123351E-001  9.9849676511363794E-001
  9.9808694268534870E-001  9.9769168131441566E-001  9.9731398884279532E-001  9.9695673869798274E-001  9.9662264952582691E-001
  9.9631426397872758E-001  9.9603392914815569E-001  9.9578377865327028E-001  9.9556571639062397E-001  9.9538140203916392E-001
  9.9523223842552599E-001  9.9511936084484731E-001  9.9504362841819738E-001  9.9500561755243655E-001  9.9500561755243699E-001
  9.9504362841819771E-001  9.9511936084484742E-001  9.9523223842552611E-001  9.9538140203916192E-001  9.9556571639062330E-001
  9.9578377865326995E-001  9.9603392914815614E-001  9.9631426397872835E-001  9.9662264952582680E-001  9.9695673869798207E-001
  9.9731398884279399E-001  9.9769168131441377E-001  9.9808694268534814E-001  9.9849676511363694E-001  9.9945410447121463E-001
  9.9967185202505449E-001  9.9989059836757410E-001
BLOCK 3   1.3178354004000001E-001
  1.0001095363779080E+000  1.0003284527988441E+000  1.0005463699452755E+000  1.0015044750255333E+000  1.0019145847649644E+000
  1.0023101211184380E+000  1.0026880736635386E+000  1.0030455666718947E+000  1.0033798803285672E+000  1.0036884708395908E+000
  1.0039689900816746E+000  1.0042193035825844E+000  1.0044375067467828E+000  1.0046219393258955E+000  1.0047711980385490E+000
  1.0048841472388861E+000  1.0049599275506216E+000  1.0049979624003684E+000  1.0049979624003682E+000  1.0049599275506222E+000
  1.0048841472388856E+000  1.0047711980385474E+000  1.0046219393258953E+000  1.0044375067467814E+000  1.0042193035825842E+000
  1.0039689900816735E+000  1.0036884708395917E+000  1.0033798803285665E+000  1.0030455666718954E+000  1.0026880736635380E+000
  1.0023101211184373E+000  1.0019145847649631E+000  1.0015044750255322E+000  1.0005463699452963E+000  1.0003284527988647E+000
  1.0001095363779271E+000  9.9989054834799351E-001  9.9967163898066380E-001  9.9945372903271434E-001  9.9849571156273964E-001
  9.9808557275832321E-001  9.9768999806809089E-001  9.9731200530871766E-001  9.9695447215368471E-001  9.9662011786783744E-001
  9.9631148643844614E-001  9.9603092695950846E-001  9.9578057508626172E-001  9.9556233657470783E-001  9.9537787274217449E-001
  9.9522858781379675E-001  9.9511561822650718E-001  9.9503982397164803E-001  9.9500178204338985E-001  9.9500178204338929E-001
  9.9503982397164892E-001  9.9511561822650751E-001  9.9522858781379508E-001  9.9537787274217260E-001  9.9556233657470594E-001
  9.9578057508626272E-001  9.9603092695951223E-001  9.9631148643845036E-001  9.9662011786783911E-001  9.9695447215368271E-001
  9.9731200530871400E-001  9.9768999806808956E-001  9.9808557275832155E-001  9.9849571156273864E-001  9.9945372903269558E-001
  9.9967163898064515E-001  9.9989054834797619E-001
BLOCK 4   1.9767531006000000E-001
  1.0001097317930099E+000  1.0003289241058662E+000  1.0005471203208081E+000  1.0015064769004804E+000  1.0019170893815357E+000
  1.0023131026852776E+000  1.0026915076836582E+000  1.0030494255635218E+000  1.0033841332445810E+000  1.0036930849215626E+000
  1.0039739305599258E+000  1.0042245337685436E+000  1.0044429882631694E+000  1.0046276323853658E+000  1.0047770616997036E+000
  1.0048901396461789E+000  1.0049660061669006E+000  1.0050040842350769E+000  1.0050040842350776E+000  1.0049660061669006E+000
  1.0048901396461791E+000  1.0047770616997038E+000  1.0046276323853636E+000  1.0044429882631698E+000  1.0042245337685440E+000
  1.0039739305599258E+000  1.0036930849215611E+000  1.0033841332445799E+000  1.0030494255635214E+000  1.0026915076836589E+000
  1.0023131026852767E+000  1.0019170893815359E+000  1.0015064769004813E+000  1.0005471203208283E+000  1.0003289241058866E+000
  1.0001097317930288E+000  9.9989046991536945E-001  9.9967128556727214E-001  9.9945309664720383E-001  9.9849393000460185E-001
  9.9808326231854716E-001  9.9768717183278022E-001  9.9730867663103795E-001  9.9695066416587075E-001  9.9661586222535969E-001
  9.9630681742960370E-001  9.9602588073286125E-001  9.9577519066642783E-001  9.9555665610142896E-001  9.9537194115891570E-001
  9.9522245243400098E-001  9.9510932828547904E-001  9.9503343016624812E-001  9.9499533605657320E-001  9.9499533605657342E-001
  9.9503343016624624E-001  9.9510932828547705E-001  9.9522245243399843E-001  9.9537194115891170E-001  9.9555665610142907E-001
  9.9577519066643205E-001  9.9602588073286746E-001  9.9630681742961069E-001  9.9661586222536180E-001  9.9695066416586919E-001
  9.9730867663103351E-001  9.9768717183277489E-001  9.9808326231854427E-001  9.9849393000460096E-001  9.9945309664718585E-001
  9.9967128556725315E-001  9.9989046991535280E-001
BLOCK 5   2.6356708008000007E-001
  1.0001100109985617E+000  1.0003295888045625E+000  1.0005481704089099E+000  1.0015092754493899E+000  1.0019206012680941E+000
  1.0023172914892515E+000  1.0026963322439051E+000  1.0030548459486959E+000  1.0033901075537508E+000  1.0036995670226143E+000
  1.0039808712453255E+000  1.0042318814786031E+000  1.0044506891683960E+000  1.0046356306190261E+000  1.0047852997312525E+000
  1.0048985586472567E+000  1.0049745463475386E+000  1.0050126851661811E+000  1.0050126851661820E+000  1.0049745463475392E+000
  1.0048985586472561E+000  1.0047852997312532E+000  1.0046356306190278E+000  1.0044506891683957E+000  1.0042318814786031E+000
  1.0039808712453264E+000  1.0036995670226132E+000  1.0033901075537504E+000  1.0030548459486948E+000  1.0026963322439058E+000
  1.0023172914892537E+000  1.0019206012680952E+000  1.0015092754493886E+000  1.0005481704089296E+000  1.0003295888045816E+000
  1.0001100109985803E+000  9.9989036325692948E-001  9.9967078959723366E-001  9.9945220796511047E-001  9.9849142471644492E-001
  9.9808000943528530E-001  9.9768319418692575E-001  9.9730400198026592E-001  9.9694532096958777E-001  9.9660988696562292E-001
  9.9630025810343004E-001  9.9601879093671952E-001  9.9576762640347538E-001  9.9554867650540935E-001  9.9536360912950472E-001
  9.9521383431039334E-001  9.9510049317196481E-001  9.9502444923602118E-001  9.9498628186849813E-001  9.9498628186849680E-001
  9.9502444923601829E-001  9.9510049317195959E-001  9.9521383431038757E-001  9.9536360912950339E-001  9.9554867650541101E-001
  9.9576762640348238E-001  9.9601879093672840E-001  9.9630025810343548E-001  9.9660988696562769E-001  9.9694532096958599E-001
  9.9730400198026148E-001  9.9768319418692053E-001  9.9808000943527986E-001  9.9849142471644281E-001  9.9945220796509171E-001
  9.9967078959721556E-001  9.9989036325691216E-001
BLOCK 6   3.2945885010000048E-001
  1.0001103730957581E+000  1.0003304478272770E+000  1.0005495246254827E+000  1.0015128738015400E+000  1.0019251107243601E+000
  1.0023226773739360E+000  1.0027025459246739E+000  1.0030618297590730E+000  1.0033978035962448E+000  1.0037079168576655E+000
  1.0039898122765718E+000  1.0042413470397924E+000  1.0044606097672186E+000  1.0046459343581198E+000  1.0047959125497841E+000
  1.0049094047440732E+000  1.0049855486537247E+000  1.0050237657841252E+000  1.0050237657841232E+000  1.0049855486537234E+000
  1.0049094047440754E+000  1.0047959125497861E+000  1.0046459343581202E+000  1.0044606097672195E+000  1.0042413470397917E+000
  1.0039898122765702E+000  1.0037079168576661E+000  1.0033978035962443E+000  1.0030618297590743E+000  1.0027025459246748E+000
  1.0023226773739382E+000  1.0019251107243630E+000  1.0015128738015389E+000  1.0005495246255018E+000  1.0003304478272963E+000
  1.0001103730957768E+000  9.9989022751651169E-001  9.9967015168161399E-001  9.9945106227071623E-001  9.9848819438213943E-001
  9.9807581717344607E-001  9.9767806615075083E-001  9.9729797395395248E-001  9.9693843771228019E-001  9.9660219626533908E-001
  9.9629181364870645E-001  9.9600965884353232E-001  9.9575788163109380E-001  9.9553839744384687E-001  9.9535287702064967E-001
  9.9520273420133831E-001  9.9508911380281440E-001  9.9501288216766959E-001  9.9497462049740115E-001  9.9497462049739893E-001
  9.9501288216766259E-001  9.9508911380280762E-001  9.9520273420133398E-001  9.9535287702064745E-001  9.9553839744385164E-001
  9.9575788163110046E-001  9.9600965884354042E-001  9.9629181364871555E-001  9.9660219626534130E-001  9.9693843771227997E-001
  9.9729797395394937E-001  9.9767806615074517E-001  9.9807581717344174E-001  9.9848819438213443E-001  9.9945106227069591E-001
  9.9967015168159412E-001  9.9989022751649614E-001
BLOCK 7   3.9535062012000088E-001
  1.0001108176159794E+000  1.0003315004460487E+000  1.0005511830569653E+000  1.0015172777714390E+000  1.0019306237703913E+000
  1.0023292551728056E+000  1.0027101380574226E+000  1.0030703735203246E+000  1.0034072244094117E+000  1.0037181371564103E+000
  1.0040007549156134E+000  1.0042529317852946E+000  1.0044727517754153E+000  1.0046585454066197E+000  1.0048089019837527E+000
  1.0049226798475335E+000  1.0049990150874482E+000  1.0050373281429157E+000  1.0050373281429170E+000  1.0049990150874495E+000
  1.0049226798475341E+000  1.0048089019837543E+000  1.0046585454066206E+000  1.0044727517754155E+000  1.0042529317852946E+000
  1.0040007549156136E+000  1.0037181371564097E+000  1.0034072244094134E+000  1.0030703735203264E+000  1.0027101380574259E+000
  1.0023292551728069E+000  1.0019306237703918E+000  1.0015172777714372E+000  1.0005511830569844E+000  1.0003315004460669E+000
  1.0001108176159967E+000  9.9989006235873068E-001  9.9966937106627263E-001  9.9944965958927912E-001  9.9848423904508576E-001
  9.9807068303090340E-001  9.9767178804840384E-001  9.9729059465097236E-001  9.9693000938995446E-001  9.9659278255619632E-001
  9.9628148474762979E-001  9.9599848961025261E-001  9.9574595823825218E-001  9.9552581741890833E-001  9.9533974297438799E-001
  9.9518915111322392E-001  9.9507518977931708E-001  9.9499872875196804E-001  9.9496035176283304E-001  9.9496035176282949E-001
  9.9499872875196249E-001  9.9507518977931042E-001  9.9518915111321959E-001  9.9533974297438899E-001  9.9552581741891044E-001
  9.9574595823825962E-001  9.9599848961026149E-001  9.9628148474763678E-001  9.9659278255620232E-001  9.9693000938995535E-001
  9.9729059465096948E-001  9.9767178804840129E-001  9.9807068303089874E-001  9.9848423904508021E-001  9.9944965958925724E-001
  9.9966937106625164E-001  9.9989006235871702E-001
BLOCK 8   4.6124239014000129E-001
  1.0001113438666316E+000  1.0003327465500855E+000  1.0005531455311987E+000  1.0015224873672075E+000  1.0019371438255227E+000
  1.0023370316944766E+000  1.0027191083410307E+000  1.0030804683746779E+000  1.0034183647213564E+000  1.0037302310383998E+000
  1.0040137043824313E+000  1.0042666391643247E+000  1.0044871179495087E+000  1.0046734668825483E+000  1.0048242713906652E+000
  1.0049383873487860E+000  1.0050149490781319E+000  1.0050533757220552E+000  1.0050533757220554E+000  1.0050149490781335E+000
  1.0049383873487880E+000  1.0048242713906648E+000  1.0046734668825485E+000  1.0044871179495098E+000  1.0042666391643247E+000
  1.0040137043824311E+000  1.0037302310384020E+000  1.0034183647213573E+000  1.0030804683746810E+000  1.0027191083410327E+000
  1.0023370316944800E+000  1.0019371438255227E+000  1.0015224873672037E+000  1.0005531455312164E+000  1.0003327465501028E+000
  1.0001113438666500E+000  9.9988986716111261E-001  9.9966844705408830E-001  9.9944799918528060E-001  9.9847955726194393E-001
  9.9806460714971812E-001  9.9766435739127901E-001  9.9728186168642829E-001  9.9692003709838117E-001  9.9658164332018651E-001
  9.9626926302584329E-001  9.9598527988105390E-001  9.9573185995898372E-001  9.9551093903364318E-001  9.9532420519133646E-001
  9.9517308167936525E-001  9.9505871853131400E-001  9.9498198734660148E-001  9.9494347439125130E-001  9.9494347439125153E-001
  9.9498198734659993E-001  9.9505871853131189E-001  9.9517308167936225E-001  9.9532420519133413E-001  9.9551093903364751E-001
  9.9573185995898916E-001  9.9598527988106200E-001  9.9626926302585317E-001  9.9658164332019183E-001  9.9692003709838439E-001
  9.9728186168642918E-001  9.9766435739127457E-001  9.9806460714971335E-001  9.9847955726193738E-001  9.9944799918525906E-001
  9.9966844705406643E-001  9.9988986716110229E-001
BLOCK 9   5.2713416016000136E-001
  1.0001119513918952E+000  1.0003341854508956E+000  1.0005554121295681E+000  1.0015285031249435E+000  1.0019446718207232E+000
  1.0023460092004293E+000  1.0027294630275205E+000  1.0030921179816972E+000  1.0034312193405943E+000  1.0037441926333506E+000
  1.0040286630544426E+000  1.0042824764320695E+000  1.0045037144360789E+000  1.0046907033415482E+000  1.0048420252976293E+000
  1.0049565321156755E+000  1.0050333555599709E+000  1.0050719134102730E+000  1.0050719134102735E+000  1.0050333555599709E+000
  1.0049565321156761E+000  1.0048420252976313E+000  1.0046907033415473E+000  1.0045037144360787E+000  1.0042824764320708E+000
  1.0040286630544457E+000  1.0037441926333504E+000  1.0034312193405988E+000  1.0030921179816983E+000  1.0027294630275239E+000
  1.0023460092004310E+000  1.0019446718207226E+000  1.0015285031249366E+000  1.0005554121295852E+000  1.0003341854509140E+000
  1.0001119513919139E+000  9.9988964108683476E-001  9.9966737891635149E-001  9.9944607995923829E-001  9.9847414760771103E-001
  9.9805758689297497E-001  9.9765577332548572E-001  9.9727177296280556E-001  9.9690851671806813E-001  9.9656877722359771E-001
  9.9625514733355325E-001  9.9597002215153074E-001  9.9571557996321547E-001  9.9549376317385674E-001  9.9530626646716713E-001
  9.9515452435501983E-001  9.9503969549385318E-001  9.9496265374469350E-001  9.9492398534610849E-001  9.9492398534610882E-001
  9.9496265374469561E-001  9.9503969549385363E-001  9.9515452435501961E-001  9.9530626646716802E-001  9.9549376317385729E-001
  9.9571557996322180E-001  9.9597002215153951E-001  9.9625514733356035E-001  9.9656877722360537E-001  9.9690851671807201E-001
  9.9727177296280556E-001  9.9765577332548450E-001  9.9805758689297075E-001  9.9847414760770581E-001  9.9944607995921653E-001
  9.9966737891632984E-001  9.9988964108682721E-001
BLOCK 10   5.9302593018000094E-001
  1.0001126393130213E+000  1.0003358170347858E+000  1.0005579826140127E+000  1.0015353256748405E+000  1.0019532092558243E+000
  1.0023561899856088E+000  1.0027412046139643E+000  1.0031053277426116E+000  1.0034457944320130E+000  1.0037600212732263E+000
  1.0040456261748292E+000  1.0043004449978508E+000  1.0045225496935450E+000  1.0047102637898937E+000  1.0048621705120724E+000
  1.0049771201275306E+000  1.0050542407554657E+000  1.0050929476320651E+000  1.0050929476320645E+000  1.0050542407554652E+000
  1.0049771201275322E+000  1.0048621705120719E+000  1.0047102637898944E+000  1.0045225496935459E+000  1.0043004449978521E+000
  1.0040456261748307E+000  1.0037600212732301E+000  1.0034457944320145E+000  1.0031053277426176E+000  1.0027412046139670E+000
  1.0023561899856099E+000  1.0019532092558221E+000  1.0015353256748352E+000  1.0005579826140305E+000  1.0003358170348029E+000
  1.0001126393130406E+000  9.9988938351792289E-001  9.9966616532570429E-001  9.9944390087332502E-001  9.9846800700009308E-001
  9.9804962024503763E-001  9.9764603244653061E-001  9.9726032597806635E-001  9.9689544607554903E-001  9.9655417949675085E-001
  9.9623913353857529E-001  9.9595271490949688E-001  9.9569711237564762E-001  9.9547428093430379E-001  9.9528592400782723E-001
  9.9513348122582179E-001  9.9501811993382094E-001  9.9494072263223332E-001  9.9490187747876047E-001  9.9490187747876235E-001
  9.9494072263223399E-001  9.9501811993382472E-001  9.9513348122582546E-001  9.9528592400782934E-001  9.9547428093430845E-001
  9.9569711237565273E-001  9.9595271490950310E-001  9.9623913353858540E-001  9.9655417949675662E-001  9.9689544607555303E-001
  9.9726032597806824E-001  9.9764603244652961E-001  9.9804962024503652E-001  9.9846800700008764E-001  9.9944390087330293E-001
  9.9966616532568131E-001  9.9988938351792067E-001
BLOCK 11   6.5891770020000051E-001
  1.0001134071298940E+000  1.0003376406257125E+000  1.0005608571483999E+000  1.0015429554572428E+000  1.0019627576121339E+000
  1.0023675765663393E+000  1.0027543368216181E+000  1.0031201014515281E+000  1.0034620951147657E+000  1.0037777243482149E+000
  1.0040645974111599E+000  1.0043205428481992E+000  1.0045436246616932E+000  1.0047321569893586E+000  1.0048847185432992E+000
  1.0050001607891192E+000  1.0050776123284306E+000  1.0051164858907780E+000  1.0051164858907784E+000  1.0050776123284308E+000
  1.0050001607891188E+000  1.0048847185432996E+000  1.0047321569893599E+000  1.0045436246616961E+000  1.0043205428482018E+000
  1.0040645974111631E+000  1.0037777243482173E+000  1.0034620951147710E+000  1.0031201014515294E+000  1.0027543368216205E+000
  1.0023675765663405E+000  1.0019627576121326E+000  1.0015429554572379E+000  1.0005608571484177E+000  1.0003376406257307E+000
  1.0001134071299120E+000  9.9988909328161679E-001  9.9966480534725843E-001  9.9944146022814850E-001  9.9846113289952276E-001
  9.9804070328733518E-001  9.9763513169890006E-001  9.9724751682891644E-001  9.9688082098769659E-001  9.9653784706336523E-001
  9.9622121681869802E-001  9.9593335178965992E-001  9.9567645377865854E-001  9.9545248778013484E-001  9.9526316868393194E-001
  9.9510994613141890E-001  9.9499399150068868E-001  9.9491619168792023E-001  9.9487714251368331E-001  9.9487714251368187E-001
  9.9491619168792267E-001  9.9499399150069079E-001  9.9510994613142367E-001  9.9526316868393983E-001  9.9545248778014106E-001
  9.9567645377866698E-001  9.9593335178966846E-001  9.9622121681870279E-001  9.9653784706337212E-001  9.9688082098770192E-001
  9.9724751682891943E-001  9.9763513169890139E-001  9.9804070328733219E-001  9.9846113289951843E-001  9.9944146022812652E-001
  9.9966480534723590E-001  9.9988909328161946E-001
BLOCK 12   7.2480947022000008E-001
  1.0001142538857641E+000  1.0003396561052251E+000  1.0005640356812497E+000  1.0015513934929199E+000  1.0019733186641417E+000
  1.0023801716336744E+000  1.0027688633835459E+000  1.0031364441974437E+000  1.0034801270099478E+000  1.0037973076520439E+000
  1.0040855847184416E+000  1.0043427770935376E+000  1.0045669410843032E+000  1.0047563844019376E+000  1.0049096778704483E+000
  1.0050256674685711E+000  1.0051034823027789E+000  1.0051425373317586E+000  1.0051425373317568E+000  1.0051034823027767E+000
  1.0050256674685711E+000  1.0049096778704492E+000  1.0047563844019396E+000  1.0045669410843068E+000  1.0043427770935414E+000
  1.0040855847184456E+000  1.0037973076520497E+000  1.0034801270099489E+000  1.0031364441974457E+000  1.0027688633835481E+000
  1.0023801716336773E+000  1.0019733186641424E+000  1.0015513934929157E+000  1.0005640356812682E+000  1.0003396561052433E+000
  1.0001142538857832E+000  9.9988876959731310E-001  9.9966329726424508E-001  9.9943875651861858E-001  9.9845352112478891E-001
  9.9803083245302548E-001  9.9762306639671983E-001  9.9723334107040962E-001  9.9686463692671323E-001  9.9651977436010841E-001
  9.9620139245310613E-001  9.9591192781154791E-001  9.9565359675082210E-001  9.9542837809170581E-001  9.9523799642963129E-001
  9.9508390976691719E-001  9.9496729839093501E-001  9.9488905486737877E-001  9.9484978051023043E-001  9.9484978051023309E-001
  9.9488905486737977E-001  9.9496729839093789E-001  9.9508390976692296E-001  9.9523799642963851E-001  9.9542837809171791E-001
  9.9565359675083231E-001  9.9591192781155691E-001  9.9620139245311468E-001  9.9651977436011263E-001  9.9686463692671856E-001
  9.9723334107041373E-001  9.9762306639672094E-001  9.9803083245302460E-001  9.9845352112478458E-001  9.9943875651859682E-001
  9.9966329726422309E-001  9.9988876959732120E-001
BLOCK 13   7.9070124023999966E-001
  1.0001151789295530E+000  1.0003418628983798E+000  1.0005675184454050E+000  1.0015606407551096E+000  1.0019848945129497E+000
  1.0023939784512528E+000  1.0027847885170509E+000  1.0031543612285627E+000  1.0034998966127064E+000  1.0038187787385198E+000
  1.0041085954249380E+000  1.0043671562132823E+000  1.0045925083737099E+000  1.0047829517726139E+000  1.0049370516272542E+000
  1.0050536478388283E+000  1.0051318645187304E+000  1.0051711180296456E+000  1.0051711180296450E+000  1.0051318645187295E+000
  1.0050536478388290E+000  1.0049370516272560E+000  1.0047829517726157E+000  1.0045925083737131E+000  1.0043671562132870E+000
  1.0041085954249422E+000  1.0038187787385218E+000  1.0034998966127082E+000  1.0031543612285647E+000  1.0027847885170544E+000
  1.0023939784512572E+000  1.0019848945129510E+000  1.0015606407551068E+000  1.0005675184454239E+000  1.0003418628983984E+000
  1.0001151789295719E+000  9.9988841110469695E-001  9.9966163978580691E-001  9.9943578764944230E-001  9.9844516790052928E-001
  9.9802000273230496E-001  9.9760983172074857E-001  9.9721779326817284E-001  9.9684688797665999E-001  9.9649995585416196E-001
  9.9617965393873775E-001  9.9588843671521965E-001  9.9562853617219249E-001  9.9540194421254080E-001  9.9521039742588979E-001
  9.9505536317641030E-001  9.9493803070770936E-001  9.9485930397520106E-001  9.9481978956319017E-001  9.9481978956318884E-001
  9.9485930397520328E-001  9.9493803070771414E-001  9.9505536317641596E-001  9.9521039742590045E-001  9.9540194421255190E-001
  9.9562853617220681E-001  9.9588843671523186E-001  9.9617965393874652E-001  9.9649995585417062E-001  9.9684688797666199E-001
  9.9721779326817384E-001  9.9760983172075102E-001  9.9802000273230451E-001  9.9844516790052718E-001  9.9943578764942087E-001
  9.9966163978578415E-001  9.9988841110471127E-001
BLOCK 14   8.5659301025999923E-001
  1.0001161813313209E+000  1.0003442608404522E+000  1.0005713056581103E+000  1.0015706986339319E+000  1.0019974876765017E+000
  1.0024090005357869E+000  1.0028021171076376E+000  1.0031738585129508E+000  1.0035214109621562E+000  1.0038421456526438E+000
  1.0041336388610136E+000  1.0043936895643413E+000  1.0046203359896375E+000  1.0048118696989041E+000  1.0049668483248804E+000
  1.0050841075871422E+000  1.0051627696205006E+000  1.0052022474850590E+000  1.0052022474850593E+000  1.0051627696205025E+000
  1.0050841075871439E+000  1.0049668483248821E+000  1.0048118696989090E+000  1.0046203359896420E+000  1.0043936895643453E+000
  1.0041336388610167E+000  1.0038421456526461E+000  1.0035214109621593E+000  1.0031738585129542E+000  1.0028021171076418E+000
  1.0024090005357924E+000  1.0019974876765052E+000  1.0015706986339308E+000  1.0005713056581294E+000  1.0003442608404709E+000
  1.0001161813313399E+000  9.9988801677143724E-001  9.9965983095417865E-001  9.9943255156049626E-001  9.9843606819240105E-001
  9.9800820904190646E-001  9.9759542172781845E-001  9.9720086709861588E-001  9.9682756771185288E-001  9.9647838441620951E-001
  9.9615599495813312E-001  9.9586287198681667E-001  9.9560126388735770E-001  9.9537317680600901E-001  9.9518036001817400E-001
  9.9502429529068326E-001  9.9490618425235289E-001  9.9482693517068876E-001  9.9478715716009380E-001  9.9478715716009614E-001
  9.9482693517069165E-001  9.9490618425235755E-001  9.9502429529069336E-001  9.9518036001818411E-001  9.9537317680602444E-001
  9.9560126388737347E-001  9.9586287198683376E-001  9.9615599495814755E-001  9.9647838441621439E-001  9.9682756771185788E-001
  9.9720086709861655E-001  9.9759542172781723E-001  9.9800820904190735E-001  9.9843606819240027E-001  9.9943255156047506E-001
  9.9965983095415645E-001  9.9988801677145778E-001
BLOCK 15   9.2248478027999881E-001
  1.0001172602513644E+000  1.0003468495108314E+000  1.0005753976263552E+000  1.0015815687775915E+000  1.0020111009246664E+000
  1.0024252421346509E+000  1.0028208544372443E+000  1.0031949427294695E+000  1.0035446779035642E+000  1.0038674173744797E+000
  1.0041607248577207E+000  1.0044223880247269E+000  1.0046504347643723E+000  1.0048431481759119E+000  1.0049990802465891E+000
  1.0051170622593031E+000  1.0051962116959703E+000  1.0052359358813823E+000  1.0052359358813840E+000  1.0051962116959723E+000
  1.0051170622593069E+000  1.0049990802465938E+000  1.0048431481759157E+000  1.0046504347643759E+000  1.0044223880247285E+000
  1.0041607248577227E+000  1.0038674173744826E+000  1.0035446779035677E+000  1.0031949427294751E+000  1.0028208544372508E+000
  1.0024252421346580E+000  1.0020111009246697E+000  1.0015815687775897E+000  1.0005753976263745E+000  1.0003468495108498E+000
  1.0001172602513835E+000  9.9988758511859643E-001  9.9965786906976073E-001  9.9942904586005654E-001  9.9842621694131417E-001
  9.9799544532985629E-001  9.9757982983456328E-001  9.9718255559126856E-001  9.9680666869628720E-001  9.9645505335079543E-001
  9.9613040806464526E-001  9.9583522470294561E-001  9.9557176861722363E-001  9.9534206319014307E-001  9.9514787580581876E-001
  9.9499070156459801E-001  9.9487174965184233E-001  9.9479193545379607E-001  9.9475187392241282E-001  9.9475187392241404E-001
  9.9479193545380162E-001  9.9487174965185110E-001  9.9499070156460645E-001  9.9514787580583308E-001  9.9534206319015894E-001
  9.9557176861724261E-001  9.9583522470296304E-001  9.9613040806465869E-001  9.9645505335080775E-001  9.9680666869629175E-001
  9.9718255559127145E-001  9.9757982983456450E-001  9.9799544532985418E-001  9.9842621694131140E-001  9.9942904586003589E-001
  9.9965786906973908E-001  9.9988758511862375E-001
BLOCK 16   9.8837655029999838E-001
  1.0001184148252185E+000  1.0003496287137192E+000  1.0005797948573698E+000  1.0015932530136631E+000  1.0020257376344492E+000
  1.0024427077379809E+000  1.0028410066100941E+000  1.0032176211504664E+000  1.0035697060927562E+000  1.0038946037524363E+000
  1.0041898640681211E+000  1.0044532623032119E+000  1.0046828162846704E+000  1.0048768018276000E+000  1.0050337647963663E+000
  1.0051525293038528E+000  1.0052322042855024E+000  1.0052721915093723E+000  1.0052721915093721E+000  1.0052322042855057E+000
  1.0051525293038606E+000  1.0050337647963734E+000  1.0048768018276042E+000  1.0046828162846726E+000  1.0044532623032150E+000
  1.0041898640681235E+000  1.0038946037524399E+000  1.0035697060927624E+000  1.0032176211504720E+000  1.0028410066101028E+000
  1.0024427077379892E+000  1.0020257376344532E+000  1.0015932530136606E+000  1.0005797948573891E+000  1.0003496287137386E+000
  1.0001184148252376E+000  9.9988711486437487E-001  9.9965575198810508E-001  9.9942526791469133E-001  9.9841560824421982E-001
  9.9798170489361593E-001  9.9756304884711522E-001  9.9716285123780057E-001  9.9678418397746082E-001  9.9642995444505311E-001
  9.9610288301595007E-001  9.9580548187297935E-001  9.9554003809949632E-001  9.9530859593623766E-001  9.9511293803500889E-001
  9.9495457091951933E-001  9.9483471471947249E-001  9.9475429373598290E-001  9.9471392794853442E-001  9.9471392794853641E-001
  9.9475429373598812E-001  9.9483471471948048E-001  9.9495457091953377E-001  9.9511293803502443E-001  9.9530859593625776E-001
  9.9554003809951530E-001  9.9580548187299689E-001  9.9610288301596761E-001  9.9642995444506421E-001  9.9678418397747259E-001
  9.9716285123780635E-001  9.9756304884711611E-001  9.9798170489361560E-001  9.9841560824421538E-001  9.9942526791466912E-001
  9.9965575198808276E-001  9.9988711486441018E-001
BLOCK 17   1.0542683203199994E+000
  1.0001196440605586E+000  1.0003525981857033E+000  1.0005844977849583E+000  1.0016057536970417E+000  1.0020414013572498E+000
  1.0024614026423833E+000  1.0028625801656514E+000  1.0032419019640235E+000  1.0035965048903654E+000  1.0039237147956890E+000
  1.0042210669172615E+000  1.0044863245898423E+000  1.0047174965300834E+000  1.0049128498796598E+000  1.0050709203979202E+000
  1.0051905223585831E+000  1.0052707588332448E+000  1.0053110283218707E+000  1.0053110283218731E+000  1.0052707588332495E+000
  1.0051905223585893E+000  1.0050709203979262E+000  1.0049128498796644E+000  1.0047174965300880E+000  1.0044863245898448E+000
  1.0042210669172649E+000  1.0039237147956941E+000  1.0035965048903712E+000  1.0032419019640331E+000  1.0028625801656601E+000
  1.0024614026423930E+000  1.0020414013572554E+000  1.0016057536970397E+000  1.0005844977849774E+000  1.0003525981857209E+000
  1.0001196440605771E+000  9.9988660439963528E-001  9.9965347759835566E-001  9.9942121496337344E-001  9.9840423562256730E-001
  9.9796698078514778E-001  9.9754507155196759E-001  9.9714174705686431E-001  9.9676010456408826E-001  9.9640307603188805E-001
  9.9607340588916782E-001  9.9577363206545910E-001  9.9550606475343706E-001  9.9527276601658310E-001  9.9507553413838890E-001
  9.9491589073087094E-001  9.9479506802115469E-001  9.9471399783513959E-001  9.9467330537172127E-001  9.9467330537172260E-001
  9.9471399783514436E-001  9.9479506802116513E-001  9.9491589073088582E-001  9.9507553413840988E-001  9.9527276601660286E-001
  9.9550606475345749E-001  9.9577363206548009E-001  9.9607340588918480E-001  9.9640307603190414E-001  9.9676010456409925E-001
  9.9714174705687386E-001  9.9754507155197181E-001  9.9796698078514534E-001  9.9840423562256286E-001  9.9942121496335046E-001
  9.9965347759833167E-001  9.9988660439967614E-001
BLOCK 18   1.1201600903400006E+000
  1.0001209471412009E+000  1.0003557577742626E+000  1.0005895072066091E+000  1.0016190732299166E+000  1.0020580963608037E+000
  1.0024813324953725E+000  1.0028855825710883E+000  1.0032677936706804E+000  1.0036250833928275E+000  1.0039547604166847E+000
  1.0042543460276316E+000  1.0045215920138746E+000  1.0047544952430241E+000  1.0049513101415535E+000  1.0051105615185303E+000
  1.0052310562874838E+000  1.0053118916139410E+000  1.0053524613552351E+000  1.0053524613552367E+000  1.0053118916139443E+000
  1.0052310562874884E+000  1.0051105615185350E+000  1.0049513101415590E+000  1.0047544952430290E+000  1.0045215920138812E+000
  1.0042543460276376E+000  1.0039547604166907E+000  1.0036250833928362E+000  1.0032677936706884E+000  1.0028855825710994E+000
  1.0024813324953830E+000  1.0020580963608106E+000  1.0016190732299159E+000  1.0005895072066278E+000  1.0003557577742801E+000
  1.0001209471412196E+000  9.9988605220730398E-001  9.9965104342294853E-001  9.9941688374319415E-001  9.9839209270588214E-001
  9.9795126633072717E-001  9.9752589100062883E-001  9.9711923318993123E-001  9.9673441762628912E-001  9.9637440413271317E-001
  9.9604196620438135E-001  9.9573966687352233E-001  9.9546983732725791E-001  9.9523455980326447E-001  9.9503565155989737E-001
  9.9487464910303114E-001  9.9475279560137375E-001  9.9467103276082613E-001  9.9462999294580201E-001  9.9462999294580356E-001
  9.9467103276083291E-001  9.9475279560138563E-001  9.9487464910304690E-001  9.9503565155991514E-001  9.9523455980328845E-001
  9.9546983732728245E-001  9.9573966687354487E-001  9.9604196620440244E-001  9.9637440413272893E-001  9.9673441762630310E-001
  9.9711923318994111E-001  9.9752589100063460E-001  9.9795126633072961E-001  9.9839209270587703E-001  9.9941688374316962E-001
  9.9965104342292377E-001  9.9988605220735161E-001
BLOCK 19   1.1860518603600019E+000
  1.0001223229016736E+000  1.0003591073407099E+000  1.0005948237761331E+000  1.0016332147342863E+000  1.0020758272693255E+000
  1.0025025037735542E+000  1.0029100211249538E+000  1.0032953041821817E+000  1.0036554509118025E+000  1.0039877536458020E+000
  1.0042897190809696E+000  1.0045590837378147E+000  1.0047938294258418E+000  1.0049921980991787E+000  1.0051527049905846E+000
  1.0052741485829368E+000  1.0053556196130553E+000  1.0053965082435674E+000  1.0053965082435663E+000  1.0053556196130555E+000
  1.0052741485829406E+000  1.0051527049905895E+000  1.0049921980991845E+000  1.0047938294258494E+000  1.0045590837378211E+000
  1.0042897190809779E+000  1.0039877536458115E+000  1.0036554509118112E+000  1.0032953041821930E+000  1.0029100211249651E+000
  1.0025025037735666E+000  1.0020758272693315E+000  1.0016332147342824E+000  1.0005948237761515E+000  1.0003591073407285E+000
  1.0001223229016936E+000  9.9988545630986692E-001  9.9964844695186861E-001  9.9941227154697154E-001  9.9837917374726115E-001
  9.9793455473515502E-001  9.9750549660450649E-001  9.9709529629588467E-001  9.9670710995672529E-001  9.9634392903236502E-001
  9.9600855416144285E-001  9.9570357315461355E-001  9.9543134183575455E-001  9.9519396470263466E-001  9.9499327692115003E-001
  9.9483083035823450E-001  9.9470788240121755E-001  9.9462538457057714E-001  9.9458397507912111E-001  9.9458397507912566E-001
  9.9462538457058602E-001  9.9470788240122898E-001  9.9483083035824926E-001  9.9499327692117145E-001  9.9519396470265853E-001
  9.9543134183578186E-001  9.9570357315463998E-001  9.9600855416146472E-001  9.9634392903238367E-001  9.9670710995673995E-001
  9.9709529629589511E-001  9.9750549660451349E-001  9.9793455473515624E-001  9.9837917374725804E-001  9.9941227154694734E-001
  9.9964844695184230E-001  9.9988545630992165E-001
BLOCK 20   1.2519436303800031E+000
  1.0001237703322543E+000  1.0003626467059956E+000  1.0006004485940461E+000  1.0016481816163794E+000  1.0020945992651125E+000
  1.0025249222395491E+000  1.0029359023674584E+000  1.0033244422484502E+000  1.0036876207316359E+000  1.0040227119820833E+000
  1.0043272040610052E+000  1.0045988161301425E+000  1.0048355154687196E+000  1.0050355317197432E+000  1.0051973690949736E+000
  1.0053198176222184E+000  1.0054019621279333E+000  1.0054431885364381E+000  1.0054431885364377E+000  1.0054019621279338E+000
  1.0053198176222200E+000  1.0051973690949791E+000  1.0050355317197504E+000  1.0048355154687276E+000  1.0045988161301513E+000
  1.0043272040610161E+000  1.0040227119820928E+000  1.0036876207316490E+000  1.0033244422484633E+000  1.0029359023674722E+000
  1.0025249222395589E+000  1.0020945992651162E+000  1.0016481816163769E+000  1.0006004485940654E+000  1.0003626467060149E+000
  1.0001237703322752E+000  9.9988481513060756E-001  9.9964568627206452E-001  9.9882631080673134E-001  9.9836547171701207E-001
  9.9791683494401529E-001  9.9748387526902771E-001  9.9706992445036735E-001  9.9667817215009125E-001  9.9631163933308831E-001
  9.9597315555907928E-001  9.9566533720434269E-001  9.9539056521478730E-001  9.9515096564764727E-001  9.9494839377566513E-001
  9.9478441937911888E-001  9.9466031289911006E-001  9.9457703641270756E-001  9.9453523614784245E-001  9.9453523614784400E-001
  9.9457703641271400E-001  9.9466031289912371E-001  9.9478441937913831E-001  9.9494839377568700E-001  9.9515096564767525E-001
  9.9539056521481539E-001  9.9566533720436989E-001  9.9597315555910559E-001  9.9631163933310862E-001  9.9667817215010734E-001
  9.9706992445037967E-001  9.9748387526903426E-001  9.9791683494401773E-001  9.9836547171700862E-001  9.9882631080672413E-001
  9.9964568627203965E-001  9.9988481513066829E-001
BLOCK 21   1.3178354004000044E+000
  1.0001252894282346E+000  1.0003663756440115E+000  1.0006063823822262E+000  1.0016639770643538E+000  1.0021144161978555E+000
  1.0025485929813600E+000  1.0029632345019748E+000  1.0033552209953793E+000  1.0037216093810819E+000  1.0040596518878011E+000
  1.0043668168204882E+000  1.0046408061420617E+000  1.0048795717474475E+000  1.0050813295982022E+000  1.0052445731447117E+000
  1.0053680839227512E+000  1.0054509401087592E+000  1.0054925234019259E+000  1.0054925234019256E+000  1.0054509401087601E+000
  1.0053680839227541E+000  1.0052445731447159E+000  1.0050813295982091E+000  1.0048795717474572E+000  1.0046408061420740E+000
  1.0043668168205002E+000  1.0040596518878160E+000  1.0037216093810957E+000  1.0033552209953940E+000  1.0029632345019877E+000
  1.0025485929813709E+000  1.0021144161978615E+000  1.0016639770643521E+000  1.0006063823822462E+000  1.0003663756440320E+000
  1.0001252894282564E+000  9.9988413369701434E-001  9.9964277114641553E-001  9.9881613156878013E-001  9.9835095032812893E-001
  9.9789809319169920E-001  9.9746102020000726E-001  9.9704310990837064E-001  9.9664759221057841E-001  9.9627752105742051E-001
  9.9593575727386108E-001  9.9562494505075594E-001  9.9534749109384257E-001  9.9510554599578505E-001  9.9490098630448376E-001
  9.9473539890181206E-001  9.9461006954164588E-001  9.9452597173664514E-001  9.9448375859704108E-001  9.9448375859704374E-001
  9.9452597173665225E-001  9.9461006954165920E-001  9.9473539890183249E-001  9.9490098630451085E-001  9.9510554599581313E-001
  9.9534749109387355E-001  9.9562494505078658E-001  9.9593575727388728E-001  9.9627752105744449E-001  9.9664759221059740E-001
  9.9704310990838330E-001  9.9746102020001592E-001  9.9789809319170142E-001  9.9835095032812637E-001  9.9881613156877436E-001
  9.9964277114639033E-001  9.9988413369708429E-001
BLOCK 22   1.3837271704200056E+000
  1.0001268892314492E+000  1.0003702975825328E+000  1.0006126257862809E+000  1.0016806016210718E+000  1.0021352811011874E+000
  1.0025735234748563E+000  1.0029920300209847E+000  1.0033876554409122E+000  1.0037574317838505E+000  1.0040985888120717E+000
  1.0044085744639359E+000  1.0046850720302642E+000  1.0049260169725924E+000  1.0051296117717576E+000  1.0052943384645940E+000
  1.0054189693685236E+000  1.0055025760610143E+000  1.0055445357525779E+000  1.0055445357525781E+000  1.0055025760610155E+000
  1.0054189693685283E+000  1.0052943384645994E+000  1.0051296117717647E+000  1.0049260169726029E+000  1.0046850720302776E+000
  1.0044085744639535E+000  1.0040985888120879E+000  1.0037574317838671E+000  1.0033876554409251E+000  1.0029920300210002E+000
  1.0025735234748703E+000  1.0021352811011963E+000  1.0016806016210722E+000  1.0006126257863019E+000  1.0003702975825537E+000
  1.0001268892314696E+000  9.9988341090371324E-001  9.9963967409162136E-001  9.9880539133284274E-001  9.9833563209603637E-001
  9.9787829627283309E-001  9.9743690711698740E-001  9.9701484173632382E-001  9.9661535973940518E-001  9.9624156218829651E-001
  9.9589634435253682E-001  9.9558237974427033E-001  9.9530210285612486E-001  9.9505768888408197E-001  9.9485103605512326E-001
  9.9468375097492878E-001  9.9455713449620875E-001  9.9447217169535373E-001  9.9442952427090847E-001  9.9442952427091080E-001
  9.9447217169536339E-001  9.9455713449622363E-001  9.9468375097494965E-001  9.9485103605514924E-001  9.9505768888411594E-001
  9.9530210285615839E-001  9.9558237974430108E-001  9.9589634435256680E-001  9.9624156218832116E-001  9.9661535973942583E-001
  9.9701484173634103E-001  9.9743690711699662E-001  9.9787829627283842E-001  9.9833563209603526E-001  9.9880539133283519E-001
  9.9963967409159604E-001  9.9988341090379074E-001
BLOCK 23   1.4496189404400068E+000
  1.0001285581237958E+000  1.0003744205912126E+000  1.0006191853162385E+000  1.0016980585077835E+000  1.0021571986389539E+000
  1.0025997236367634E+000  1.0030223016194264E+000  1.0034217590367862E+000  1.0037951029442480E+000  1.0041395394754309E+000
  1.0044524946786968E+000  1.0047316324105093E+000  1.0049748714979130E+000  1.0051803998373312E+000  1.0053466874940511E+000
  1.0054724974424698E+000  1.0055568940848030E+000  1.0055992499212032E+000  1.0055992499212036E+000  1.0055568940848063E+000
  1.0054724974424740E+000  1.0053466874940589E+000  1.0051803998373414E+000  1.0049748714979245E+000  1.0047316324105251E+000
  1.0044524946787139E+000  1.0041395394754495E+000  1.0037951029442640E+000  1.0034217590368040E+000  1.0030223016194426E+000
  1.0025997236367787E+000  1.0021571986389650E+000  1.0016980585077873E+000  1.0006191853162594E+000  1.0003744205912324E+000
  1.0001285581238171E+000  9.9988262672680850E-001  9.9963640560581102E-001  9.9879407046510171E-001  9.9831951115165507E-001
  9.9785747405591252E-001  9.9741151483308732E-001  9.9698508373450534E-001  9.9658145832501177E-001  9.9620375142793038E-001
  9.9585490229241636E-001  9.9553762486576880E-001  9.9525438235631913E-001  9.9500737502238856E-001  9.9479852437954097E-001
  9.9462945620420362E-001  9.9450148782918479E-001  9.9441561699084746E-001  9.9437251324390619E-001  9.9437251324391041E-001
  9.9441561699085801E-001  9.9450148782920311E-001  9.9462945620422771E-001  9.9479852437956995E-001  9.9500737502242032E-001
  9.9525438235635533E-001  9.9553762486580533E-001  9.9585490229244700E-001  9.9620375142795803E-001  9.9658145832503409E-001
  9.9698508373452321E-001  9.9741151483310109E-001  9.9785747405591929E-001  9.9831951115165329E-001  9.9879407046509527E-001
  9.9963640560578493E-001  9.9988262672689365E-001
BLOCK 24   1.5155107104600081E+000
  1.0001302888450194E+000  1.0003787273544458E+000  1.0006260646282839E+000  1.0017163711376067E+000  1.0021801832986761E+000
  1.0026272019014011E+000  1.0030540589039465E+000  1.0034575451050340E+000  1.0038346386015251E+000  1.0041825208792465E+000
  1.0044985959018395E+000  1.0047805075846368E+000  1.0050261568706502E+000  1.0052337166040961E+000  1.0054016443822058E+000
  1.0055286930837688E+000  1.0056139197184442E+000  1.0056566918081447E+000  1.0056566918081453E+000  1.0056139197184462E+000
  1.0055286930837763E+000  1.0054016443822151E+000  1.0052337166041074E+000  1.0050261568706660E+000  1.0047805075846528E+000
  1.0044985959018577E+000  1.0041825208792627E+000  1.0038346386015458E+000  1.0034575451050527E+000  1.0030540589039669E+000
  1.0026272019014204E+000  1.0021801832986892E+000  1.0017163711376067E+000  1.0006260646283049E+000  1.0003787273544664E+000
  1.0001302888450407E+000  9.9988179223959506E-001  9.9963295904836924E-001  9.9878216710951162E-001  9.9830256927551086E-001
  9.9783560161913931E-001  9.9738486620994915E-001  9.9695383421347394E-001  9.9654584749221864E-001  9.9616406039256666E-001
  9.9581141806586704E-001  9.9549066625153115E-001  9.9520431141585020E-001  9.9495458497811973E-001  9.9474343054734005E-001
  9.9457249394252334E-001  9.9444310908843481E-001  9.9435628642179785E-001  9.9431270470220612E-001  9.9431270470220900E-001
  9.9435628642181029E-001  9.9444310908845290E-001  9.9457249394254910E-001  9.9474343054737036E-001  9.9495458497815570E-001
  9.9520431141588794E-001  9.9549066625156768E-001  9.9581141806590323E-001  9.9616406039259497E-001  9.9654584749224351E-001
  9.9695383421349515E-001  9.9738486620996358E-001  9.9783560161914764E-001  9.9830256927551342E-001  9.9878216710950474E-001
  9.9963295904834282E-001  9.9988179223968754E-001
BLOCK 25   1.5814024804800093E+000
  1.0001320857746347E+000  1.0003832212946346E+000  1.0006332506687345E+000  1.0017355377045127E+000  1.0022042610416335E+000
  1.0026559798783474E+000  1.0030873139245564E+000  1.0034950245412420E+000  1.0038760529617319E+000  1.0042275506182501E+000
  1.0045468980690477E+000  1.0048317188572993E+000  1.0050798959657645E+000  1.0052895864053826E+000  1.0054592344869553E+000
  1.0055875826361178E+000  1.0056736799359316E+000  1.0057168886751131E+000  1.0057168886751122E+000  1.0056736799359363E+000
  1.0055875826361251E+000  1.0054592344869688E+000  1.0052895864053977E+000  1.0050798959657790E+000  1.0048317188573161E+000
  1.0045468980690646E+000  1.0042275506182696E+000  1.0038760529617505E+000  1.0034950245412650E+000  1.0030873139245806E+000
  1.0026559798783694E+000  1.0022042610416459E+000  1.0017355377045158E+000  1.0006332506687556E+000  1.0003832212946546E+000
  1.0001320857746563E+000  9.9988089970404037E-001  9.9962933445148816E-001  9.9876966898750330E-001  9.9828479786359758E-001
  9.9781267175267629E-001  9.9735692900881767E-001  9.9692109579880039E-001  9.9650853775973569E-001  9.9612245598736293E-001
  9.9576585217556979E-001  9.9544148422024892E-001  9.9515187657733872E-001  9.9489930035137331E-001  9.9468573331580967E-001
  9.9451284192388045E-001  9.9438197563540931E-001  9.9429415787065545E-001  9.9425007612505933E-001  9.9425007612506400E-001
  9.9429415787066522E-001  9.9438197563542863E-001  9.9451284192390743E-001  9.9468573331584420E-001  9.9489930035141327E-001
  9.9515187657737880E-001  9.9544148422028633E-001  9.9576585217560309E-001  9.9612245598739602E-001  9.9650853775976311E-001
  9.9692109579882160E-001  9.9735692900883433E-001  9.9781267175268606E-001  9.9828479786359958E-001  9.9876966898749997E-001
  9.9962933445146240E-001  9.9988089970414040E-001
BLOCK 26   1.6472942505000105E+000
  1.0001339461292842E+000  1.0003879039570582E+000  1.0006407538615039E+000  1.0017555468391202E+000  1.0022294211329132E+000
  1.0026860793749623E+000  1.0031220953677158E+000  1.0035342148892070E+000  1.0039193588770148E+000  1.0042746445846904E+000
  1.0045974210939956E+000  1.0048852890613691E+000  1.0051361132738132E+000  1.0053480349243034E+000  1.0055194847138305E+000
  1.0056491938632981E+000  1.0057362031425630E+000  1.0057798692641127E+000  1.0057798692641162E+000  1.0057362031425681E+000
  1.0056491938633101E+000  1.0055194847138436E+000  1.0053480349243202E+000  1.0051361132738299E+000  1.0048852890613857E+000
  1.0045974210940145E+000  1.0042746445847108E+000  1.0039193588770390E+000  1.0035342148892319E+000  1.0031220953677407E+000
  1.0026860793749854E+000  1.0022294211329292E+000  1.0017555468391233E+000  1.0006407538615265E+000  1.0003879039570784E+000
  1.0001339461293051E+000  9.9987994909039268E-001  9.9962552522400561E-001  9.9875656934995460E-001  9.9826618785218679E-001
  9.9778866751900697E-001  9.9732769826427980E-001  9.9688683978653481E-001  9.9646951161180630E-001  9.9607894902841798E-001
  9.9571818428166337E-001  9.9539003413661087E-001  9.9509704828970880E-001  9.9484150613161848E-001  9.9462541550232264E-001
  9.9445047790425445E-001  9.9431806362295916E-001  9.9422920707467222E-001  9.9418460380910156E-001  9.9418460380910445E-001
  9.9422920707468498E-001  9.9431806362297848E-001  9.9445047790428420E-001  9.9462541550235906E-001  9.9484150613165934E-001
  9.9509704828975110E-001  9.9539003413665084E-001  9.9571818428170056E-001  9.9607894902844929E-001  9.9646951161183639E-001
  9.9688683978655968E-001  9.9732769826429735E-001  9.9778866751901873E-001  9.9826618785219134E-001  9.9875656934995072E-001
  9.9962552522398096E-001  9.9987994909050160E-001
BLOCK 27   1.7131860205200118E+000
  1.0001358701850418E+000  1.0003927773670731E+000  1.0006485730899479E+000  1.0017764185283047E+000  1.0022556692721778E+000
  1.0027174890746737E+000  1.0031584168291510E+000  1.0035751487885931E+000  1.0039645819310092E+000  1.0043238193906887E+000
  1.0046501824919607E+000  1.0049412403164992E+000  1.0051948343725534E+000  1.0054090895806653E+000  1.0055824234055599E+000
  1.0057135559218948E+000  1.0058015190699290E+000  1.0058456636273423E+000  1.0058456636273427E+000  1.0058015190699381E+000
  1.0057135559219064E+000  1.0055824234055755E+000  1.0054090895806806E+000  1.0051948343725707E+000  1.0049412403165179E+000
  1.0046501824919807E+000  1.0043238193907118E+000  1.0039645819310343E+000  1.0035751487886195E+000  1.0031584168291783E+000
  1.0027174890746977E+000  1.0022556692721953E+000  1.0017764185283111E+000  1.0006485730899706E+000  1.0003927773670942E+000
  1.0001358701850620E+000  9.9987893643041970E-001  9.9962152857188202E-001  9.9874285701064980E-001  9.9824672519290614E-001
  9.9776358049472402E-001  9.9729715317036971E-001  9.9685105713007116E-001  9.9642874828306760E-001  9.9603350854395600E-001
  9.9566841543502604E-001  9.9533630751995683E-001  9.9503978405094573E-001  9.9478116253614568E-001  9.9456245689553846E-001
  9.9438538568555723E-001  9.9425135080906779E-001  9.9416140837748779E-001  9.9411626117777341E-001  9.9411626117777918E-001
  9.9416140837750144E-001  9.9425135080909144E-001  9.9438538568558665E-001  9.9456245689557554E-001  9.9478116253618776E-001
  9.9503978405098936E-001  9.9533630752000035E-001  9.9566841543506479E-001  9.9603350854399109E-001  9.9642874828309635E-001
  9.9685105713009670E-001  9.9729715317039058E-001  9.9776358049473624E-001  9.9824672519291069E-001  9.9874285701064913E-001
  9.9962152857185749E-001  9.9987893643053649E-001
BLOCK 28   1.7790777905400130E+000
  1.0001378580480962E+000  1.0003978414605128E+000  1.0006567140781615E+000  1.0017981524024260E+000  1.0022830195258070E+000
  1.0027502268574944E+000  1.0031962749540191E+000  1.0036178332500563E+000  1.0040117542474085E+000  1.0043751086247295E+000
  1.0047052049145559E+000  1.0049995922610324E+000  1.0052560831005444E+000  1.0054727784473174E+000  1.0056480807772787E+000
  1.0057806997330261E+000  1.0058696590036140E+000  1.0059143032399682E+000  1.0059143032399718E+000  1.0058696590036194E+000
  1.0057806997330381E+000  1.0056480807772930E+000  1.0054727784473338E+000  1.0052560831005619E+000  1.0049995922610535E+000
  1.0047052049145806E+000  1.0043751086247548E+000  1.0040117542474356E+000  1.0036178332500854E+000  1.0031962749540484E+000
  1.0027502268575219E+000  1.0022830195258252E+000  1.0017981524024320E+000  1.0006567140781848E+000  1.0003978414605335E+000
  1.0001378580481177E+000  9.9987786139244617E-001  9.9961734083737952E-001  9.9872852063531581E-001  9.9822639856571416E-001
  9.9773739173434584E-001  9.9726528267239789E-001  9.9681372631040033E-001  9.9638623077033972E-001  9.9598612048142943E-001
  9.9561651039483334E-001  9.9528029005328589E-001  9.9498008113890402E-001  9.9471823535371096E-001  9.9449681074761254E-001
  9.9431753692148839E-001  9.9418182049698456E-001  9.9409074015391063E-001  9.9404502028951103E-001  9.9404502028951569E-001
  9.9409074015392684E-001  9.9418182049700821E-001  9.9431753692152003E-001  9.9449681074765039E-001  9.9471823535375392E-001
  9.9498008113895020E-001  9.9528029005333030E-001  9.9561651039487542E-001  9.9598612048146606E-001  9.9638623077037247E-001
  9.9681372631042686E-001  9.9726528267241854E-001  9.9773739173436171E-001  9.9822639856572215E-001  9.9872852063531448E-001
  9.9961734083735521E-001  9.9987786139256984E-001
BLOCK 29   1.8449695605600143E+000
  1.0001399089808545E+000  1.0004030990368555E+000  1.0006651769904797E+000  1.0018207607610952E+000  1.0023114783352107E+000
  1.0027843021896143E+000  1.0032356932316062E+000  1.0036622771693093E+000  1.0040608812076739E+000  1.0044285407752624E+000
  1.0047625276012655E+000  1.0050603749823943E+000  1.0053198822620060E+000  1.0055391265354219E+000  1.0057164866380686E+000
  1.0058506578127291E+000  1.0059406560426176E+000  1.0059858211480253E+000  1.0059858211480255E+000  1.0059406560426227E+000
  1.0058506578127371E+000  1.0057164866380826E+000  1.0055391265354405E+000  1.0053198822620280E+000  1.0050603749824178E+000
  1.0047625276012913E+000  1.0044285407752918E+000  1.0040608812077045E+000  1.0036622771693395E+000  1.0032356932316373E+000
  1.0027843021896423E+000  1.0023114783352314E+000  1.0018207607610998E+000  1.0006651769905026E+000  1.0004030990368775E+000
  1.0001399089808758E+000  9.9987672146684325E-001  9.9961295860932209E-001  9.9871355288455999E-001  9.9820519286152043E-001
  9.9771008796796479E-001  9.9723206520375041E-001  9.9677483168115677E-001  9.9634193941009286E-001  9.9593675977863849E-001
  9.9556245649170405E-001  9.9522195010087100E-001  9.9491791060545043E-001  9.9465271890714546E-001  9.9442845316986450E-001
  9.9424688280326445E-001  9.9410943298624277E-001  9.9401718045768350E-001  9.9397086341765084E-001  9.9397086341765628E-001
  9.9401718045769794E-001  9.9410943298626642E-001  9.9424688280329743E-001  9.9442845316990458E-001  9.9465271890719076E-001
  9.9491791060549684E-001  9.9522195010091796E-001  9.9556245649174790E-001  9.9593675977867768E-001  9.9634193941012750E-001
  9.9677483168118586E-001  9.9723206520377405E-001  9.9771008796797989E-001  9.9820519286152964E-001  9.9871355288456287E-001
  9.9961295860929733E-001  9.9987672146697260E-001
BLOCK 30   1.9108613305800155E+000
  1.0001420235157406E+000  1.0004085503364875E+000  1.0013330283131918E+000  1.0018442475590410E+000  1.0023410575559322E+000
  1.0028197291511702E+000  1.0032766808224498E+000  1.0037085043687264E+000  1.0041119835493746E+000  1.0044841252633478E+000
  1.0048221748318262E+000  1.0051236300089006E+000  1.0053862695352900E+000  1.0056081613350878E+000  1.0057876672581814E+000
  1.0059234610188672E+000  1.0060145447043123E+000  1.0060602530548848E+000  1.0060602530548863E+000  1.0060145447043145E+000
  1.0059234610188774E+000  1.0057876672581951E+000  1.0056081613351080E+000  1.0053862695353135E+000  1.0051236300089286E+000
  1.0048221748318569E+000  1.0044841252633776E+000  1.0041119835494066E+000  1.0037085043687606E+000  1.0032766808224820E+000
  1.0028197291512009E+000  1.0023410575559524E+000  1.0018442475590486E+000  1.0013330283131876E+000  1.0004085503365090E+000
  1.0001420235157628E+000  9.9987551548920306E-001  9.9960837909527234E-001  9.9869794226909336E-001  9.9818309786284998E-001
  9.9768165142562115E-001  9.9719748417482512E-001  9.9673435046379333E-001  9.9629585219558925E-001  9.9588540848183205E-001
  9.9550622385705689E-001  9.9516127027784596E-001  9.9485324769800543E-001  9.9458457571645520E-001  9.9435736758361193E-001
  9.9417340490809902E-001  9.9403414282331037E-001  9.9394068741050257E-001  9.9389377499272236E-001  9.9389377499272580E-001
  9.9394068741051655E-001  9.9403414282333480E-001  9.9417340490813233E-001  9.9435736758365356E-001  9.9458457571650327E-001
  9.9485324769805661E-001  9.9516127027789325E-001  9.9550622385710275E-001  9.9588540848187324E-001  9.9629585219562578E-001
  9.9673435046382552E-001  9.9719748417484988E-001  9.9768165142564091E-001  9.9818309786285930E-001  9.9869794226909392E-001
  9.9960837909524802E-001  9.9987551548933939E-001
BLOCK 31   1.9767531006000167E+000
  1.0001442004575738E+000  1.0004141979292385E+000  1.0013508618188049E+000  1.0018686238635621E+000  1.0023717674766099E+000
  1.0028565196212091E+000  1.0033192576986842E+000  1.0037565283014491E+000  1.0041650833682128E+000  1.0045418910102346E+000
  1.0048841641408688E+000  1.0051893792704480E+000  1.0054552854187528E+000  1.0056799264475291E+000  1.0058616558026927E+000
  1.0059991375507233E+000  1.0060913570020606E+000  1.0061376357195666E+000  1.0061376357195668E+000  1.0060913570020655E+000
  1.0059991375507329E+000  1.0058616558027087E+000  1.0056799264475487E+000  1.0054552854187782E+000  1.0051893792704794E+000
  1.0048841641409012E+000  1.0045418910102697E+000  1.0041650833682485E+000  1.0037565283014824E+000  1.0033192576987204E+000
  1.0028565196212391E+000  1.0023717674766321E+000  1.0018686238635699E+000  1.0013508618188016E+000  1.0004141979292602E+000
  1.0001442004575951E+000  9.9987424037702100E-001  9.9960359809760380E-001  9.9868168102735433E-001  9.9816009913504211E-001
  9.9765206818547159E-001  9.9716152003666203E-001  9.9669226204996597E-001  9.9624794642115799E-001  9.9583203862268177E-001
  9.9544779384963733E-001  9.9509822055385666E-001  9.9478606652853152E-001  9.9451378345993491E-001  9.9428351219014111E-001
  9.9409707450582940E-001  9.9395594305521151E-001  9.9386123569543938E-001  9.9381370005360303E-001  9.9381370005360847E-001
  9.9386123569545315E-001  9.9395594305523494E-001  9.9409707450586426E-001  9.9428351219018429E-001  9.9451378345998498E-001
  9.9478606652858226E-001  9.9509822055390751E-001  9.9544779384968340E-001  9.9583203862272351E-001  9.9624794642119663E-001
  9.9669226205000061E-001  9.9716152003669190E-001  9.9765206818549057E-001  9.9816009913505244E-001  9.9868168102735622E-001
  9.9960359809757859E-001  9.9987424037716377E-001
BLOCK 32   2.0426448706200180E+000
  1.0001464408236560E+000  1.0004200412028492E+000  1.0013693405414157E+000  1.0018938963153208E+000  1.0024036190137231E+000
  1.0028946898938600E+000  1.0033634378172438E+000  1.0038063722474517E+000  1.0042202010959391E+000  1.0046018596280675E+000
  1.0049485282961494E+000  1.0052576497193542E+000  1.0055269529299193E+000  1.0057544597306149E+000  1.0059384999237335E+000
  1.0060777281802529E+000  1.0061711252022969E+000  1.0062179994277749E+000  1.0062179994277773E+000  1.0061711252023029E+000
  1.0060777281802651E+000  1.0059384999237500E+000  1.0057544597306385E+000  1.0055269529299451E+000  1.0052576497193837E+000
  1.0049485282961863E+000  1.0046018596281052E+000  1.0042202010959771E+000  1.0038063722474915E+000  1.0033634378172787E+000
  1.0028946898938935E+000  1.0024036190137455E+000  1.0018938963153292E+000  1.0013693405414124E+000  1.0004200412028710E+000
  1.0001464408236780E+000  9.9987289596768403E-001  9.9959861213919921E-001  9.9866475707809399E-001  9.9813618499835099E-001
  9.9762132144595816E-001  9.9712415457200987E-001  9.9664854537923475E-001  9.9619819695887779E-001  9.9577662752143570E-001
  9.9538713494266240E-001  9.9503277722072969E-001  9.9471633641476376E-001  9.9444030582899134E-001  9.9420686799225544E-001
  9.9401786795565217E-001  9.9387480283032648E-001  9.9377879413189907E-001  9.9373059365427641E-001  9.9373059365428063E-001
  9.9377879413191350E-001  9.9387480283035234E-001  9.9401786795568647E-001  9.9420686799229863E-001  9.9444030582904164E-001
  9.9471633641481805E-001  9.9503277722078143E-001  9.9538713494271103E-001  9.9577662752148133E-001  9.9619819695891965E-001
  9.9664854537927172E-001  9.9712415457203907E-001  9.9762132144598037E-001  9.9813618499836265E-001  9.9866475707809488E-001
  9.9959861213917389E-001  9.9987289596783202E-001
BLOCK 33   2.1085366406400192E+000
  1.0001487433366201E+000  1.0004260828157130E+000  1.0013884667040933E+000  1.0019200729876885E+000  1.0024366253646453E+000
  1.0029342527478908E+000  1.0034092420543528E+000  1.0038580545676292E+000  1.0042773615976066E+000  1.0046640584371533E+000
  1.0050152910017340E+000  1.0053284746225315E+000  1.0056013069535363E+000  1.0058317894392597E+000  1.0060182366323698E+000
  1.0061592818198439E+000  1.0062538915823007E+000  1.0063013720783316E+000  1.0063013720783336E+000  1.0062538915823078E+000
  1.0061592818198588E+000  1.0060182366323906E+000  1.0058317894392828E+000  1.0056013069535656E+000  1.0053284746225644E+000
  1.0050152910017696E+000  1.0046640584371946E+000  1.0042773615976484E+000  1.0038580545676690E+000  1.0034092420543921E+000
  1.0029342527479246E+000  1.0024366253646699E+000  1.0019200729876965E+000  1.0013884667040887E+000  1.0004260828157356E+000
  1.0001487433366425E+000  9.9987147874274740E-001  9.9959341870682428E-001  9.9864716186521385E-001  9.9811134077733010E-001
  9.9758939532538904E-001  9.9708536914864954E-001  9.9660317832366441E-001  9.9614658198102213E-001  9.9571914625389624E-001
  9.9532422075084015E-001  9.9496490333875132E-001  9.9464402530188789E-001  9.9436412259301754E-001  9.9412741013323458E-001
  9.9393575986493665E-001  9.9379067642970509E-001  9.9369330945631962E-001  9.9364443645894385E-001  9.9364443645894951E-001
  9.9369330945633527E-001  9.9379067642973040E-001  9.9393575986497185E-001  9.9412741013327888E-001  9.9436412259306872E-001
  9.9464402530194140E-001  9.9496490333880627E-001  9.9532422075089244E-001  9.9571914625394375E-001  9.9614658198106598E-001
  9.9660317832370204E-001  9.9708536914868040E-001  9.9758939532541069E-001  9.9811134077734276E-001  9.9864716186521651E-001
  9.9959341870679752E-001  9.9987147874290050E-001
BLOCK 34   2.1744284106600205E+000
  1.0001511076599225E+000  1.0004323234122012E+000  1.0014082469963450E+000  1.0019471634842190E+000  1.0024707958831254E+000
  1.0029752260724831E+000  1.0034566869344614E+000  1.0039115992310628E+000  1.0043365888207767E+000  1.0047285136069706E+000
  1.0050844845834610E+000  1.0054018827487752E+000  1.0056783821206075E+000  1.0059119575378714E+000  1.0061009001612402E+000
  1.0062438287898314E+000  1.0063396957494763E+000  1.0063878017637589E+000  1.0063878017637609E+000  1.0063396957494866E+000
  1.0062438287898472E+000  1.0061009001612617E+000  1.0059119575378990E+000  1.0056783821206388E+000  1.0054018827488100E+000
  1.0050844845835007E+000  1.0047285136070110E+000  1.0043365888208184E+000  1.0039115992311067E+000  1.0034566869345034E+000
  1.0029752260725215E+000  1.0024707958831482E+000  1.0019471634842265E+000  1.0014082469963397E+000  1.0004323234122234E+000
  1.0001511076599450E+000  9.9986998826409312E-001  9.9958801305654876E-001  9.9862888603415501E-001  9.9808555462311765E-001
  9.9755627273513681E-001  9.9704514356463347E-001  9.9655614062003184E-001  9.9609307489565557E-001  9.9565956751517615E-001
  9.9525901467338151E-001  9.9489456980514979E-001  9.9456911023678529E-001  9.9428520881966886E-001  9.9404510678456925E-001
  9.9385069739135978E-001  9.9370352778035476E-001  9.9360476436430789E-001  9.9355518334623472E-001  9.9355518334623882E-001
  9.9360476436432421E-001  9.9370352778038162E-001  9.9385069739139598E-001  9.9404510678461466E-001  9.9428520881972005E-001
  9.9456911023684136E-001  9.9489456980520585E-001  9.9525901467343580E-001  9.9565956751522688E-001  9.9609307489569998E-001
  9.9655614062007092E-001  9.9704514356466500E-001  9.9755627273515957E-001  9.9808555462312887E-001  9.9862888603415634E-001
  9.9958801305652278E-001  9.9986998826425000E-001
BLOCK 35   2.2403201806800217E+000
  1.0001535333287859E+000  1.0004387640624890E+000  1.0014286877376573E+000  1.0019751760461724E+000  1.0025061461782183E+000
  1.0030176229335630E+000  1.0035057938259080E+000  1.0039670276873514E+000  1.0043979089009336E+000  1.0047952545177077E+000
  1.0051561384124825E+000  1.0054779115121493E+000  1.0057582147735300E+000  1.0059949972626234E+000  1.0061865266404915E+000
  1.0063314032516548E+000  1.0064285762194469E+000  1.0064773414737185E+000  1.0064773414737220E+000  1.0064285762194571E+000
  1.0063314032516733E+000  1.0061865266405179E+000  1.0059949972626538E+000  1.0057582147735655E+000  1.0054779115121879E+000
  1.0051561384125227E+000  1.0047952545177496E+000  1.0043979089009776E+000  1.0039670276873953E+000  1.0035057938259526E+000
  1.0030176229336014E+000  1.0025061461782454E+000  1.0019751760461801E+000  1.0014286877376506E+000  1.0004387640625125E+000
  1.0001535333288090E+000  9.9986841981346286E-001  9.9958239223115941E-001  9.9860991779102759E-001  9.9805881347572845E-001
  9.9752193922696009E-001  9.9700345980597849E-001  9.9650740658663750E-001  9.9603764780764747E-001  9.9559785698165137E-001
  9.9519149181323863E-001  9.9482175523929961E-001  9.9449156398551397E-001  9.9420352176615945E-001  9.9395990597221073E-001
  9.9376265441263101E-001  9.9361332785561640E-001  9.9351311033473377E-001  9.9346280321145108E-001  9.9346280321145763E-001
  9.9351311033475043E-001  9.9361332785564505E-001  9.9376265441266953E-001  9.9395990597225725E-001  9.9420352176621440E-001
  9.9449156398557170E-001  9.9482175523935734E-001  9.9519149181329514E-001  9.9559785698170178E-001  9.9603764780769377E-001
  9.9650740658667880E-001  9.9700345980601235E-001  9.9752193922698318E-001  9.9805881347574099E-001  9.9860991779102859E-001
  9.9958239223113177E-001  9.9986841981362606E-001
BLOCK 36   2.3062119507000229E+000
  1.0001560193341761E+000  1.0004454068974580E+000  1.0014497937078557E+000  1.0020041221981320E+000  1.0025426872729324E+000
  1.0030614632012236E+000  1.0035565807244098E+000  1.0040243636259096E+000  1.0044613485800047E+000  1.0048643112211333E+000
  1.0052302891597178E+000  1.0055565954321415E+000  1.0058408399435714E+000  1.0060809415485832E+000  1.0062751490227837E+000
  1.0064220526033785E+000  1.0065205850141097E+000  1.0065700302278673E+000  1.0065700302278693E+000  1.0065205850141217E+000
  1.0064220526033989E+000  1.0062751490228110E+000  1.0060809415486169E+000  1.0058408399436101E+000  1.0055565954321819E+000
  1.0052302891597611E+000  1.0048643112211793E+000  1.0044613485800511E+000  1.0040243636259558E+000  1.0035565807244515E+000
  1.0030614632012582E+000  1.0025426872729553E+000  1.0020041221981462E+000  1.0014497937078610E+000  1.0004454068974831E+000
  1.0001560193341976E+000  9.9986677324850437E-001  9.9957655067975537E-001  9.9859024757930126E-001  9.9803110360677516E-001
  9.9748637806662588E-001  9.9696029599906066E-001  9.9645694959320474E-001  9.9598026905771930E-001  9.9553399398703868E-001
  9.9512163203010973E-001  9.9474642830053606E-001  9.9441133965669148E-001  9.9411901756284293E-001  9.9387178213233907E-001
  9.9367158927641697E-001  9.9352003183998161E-001  9.9341831845979911E-001  9.9336725649057400E-001  9.9336725649058033E-001
  9.9341831845981776E-001  9.9352003184000948E-001  9.9367158927645605E-001  9.9387178213238836E-001  9.9411901756289800E-001
  9.9441133965675166E-001  9.9474642830059656E-001  9.9512163203016624E-001  9.9553399398709252E-001  9.9598026905776782E-001
  9.9645694959324660E-001  9.9696029599909430E-001  9.9748637806664919E-001  9.9803110360678671E-001  9.9859024757930348E-001
  9.9957655067973061E-001  9.9986677324867346E-001
BLOCK 37   2.3721037207200242E+000
  1.0001585657089342E+000  1.0004522523853701E+000  1.0014715732386934E+000  1.0020340103754348E+000  1.0025804354391739E+000
  1.0031067619992315E+000  1.0036090703878104E+000  1.0040836312874979E+000  1.0045269364169034E+000  1.0049357181478129E+000
  1.0053069699998138E+000  1.0056379681629926E+000  1.0059262884249280E+000  1.0061698281551543E+000  1.0063668165996247E+000
  1.0065158216677761E+000  1.0066157623141330E+000  1.0066659143398957E+000  1.0066659143399022E+000  1.0066157623141463E+000
  1.0065158216677972E+000  1.0063668165996535E+000  1.0061698281551887E+000  1.0059262884249682E+000  1.0056379681630379E+000
  1.0053069699998625E+000  1.0049357181478624E+000  1.0045269364169538E+000  1.0040836312875436E+000  1.0036090703878480E+000
  1.0031067619992582E+000  1.0025804354391983E+000  1.0020340103754559E+000  1.0014715732387092E+000  1.0004522523854029E+000
  1.0001585657089596E+000  9.9986504352169703E-001  9.9957048573072382E-001  9.9856986373047685E-001  9.9800241102683196E-001
  9.9744956783150029E-001  9.9691562544235990E-001  9.9640474514243538E-001  9.9592092480110317E-001  9.9546795720288117E-001
  9.9504939853152630E-001  9.9466854318831521E-001  9.9432840163932146E-001  9.9403166695903988E-001  9.9378068729320024E-001
  9.9357746087037024E-001  9.9342360501726357E-001  9.9332034449201978E-001  9.9326850737364525E-001  9.9326850737365024E-001
  9.9332034449203677E-001  9.9342360501729410E-001  9.9357746087041077E-001  9.9378068729324831E-001  9.9403166695909773E-001
  9.9432840163938274E-001  9.9466854318837750E-001  9.9504939853158869E-001  9.9546795720293857E-001  9.9592092480115380E-001
  9.9640474514247623E-001  9.9691562544239032E-001  9.9744956783152272E-001  9.9800241102684506E-001  9.9856986373048706E-001
  9.9957048573070428E-001  9.9986504352187500E-001
BLOCK 38   2.4379954907400254E+000
  1.0001611715426881E+000  1.0004593031484896E+000  1.0014940310577340E+000  1.0020648529076925E+000  1.0026194028340358E+000
  1.0031535390758439E+000  1.0036632841143394E+000  1.0041448590044084E+000  1.0045947049516570E+000  1.0050095053556432E+000
  1.0053862114349001E+000  1.0057220605789419E+000  1.0060146018790854E+000  1.0062617048153328E+000  1.0064615722544412E+000
  1.0066127538062435E+000  1.0067141541070006E+000  1.0067650391867671E+000  1.0067650391867713E+000  1.0067141541070157E+000
  1.0066127538062664E+000  1.0064615722544710E+000  1.0062617048153695E+000  1.0060146018791281E+000  1.0057220605789889E+000
  1.0053862114349519E+000  1.0050095053556964E+000  1.0045947049517063E+000  1.0041448590044491E+000  1.0036632841143720E+000
  1.0031535390758737E+000  1.0026194028340609E+000  1.0020648529077181E+000  1.0014940310577587E+000  1.0004593031485265E+000
  1.0001611715427170E+000  9.9986323142137989E-001  9.9956419260228258E-001  9.9854875439627477E-001  9.9797271393295739E-001
  9.9741148421545123E-001  9.9686942993011640E-001  9.9635078087915185E-001  9.9585959167824734E-001  9.9539971000018868E-001
  9.9497475149418857E-001  9.9458806883696582E-001  9.9424271488608584E-001  9.9394142134714669E-001  9.9368658474513738E-001
  9.9348023005634678E-001  9.9332400210527727E-001  9.9321915124843163E-001  9.9316651420916702E-001  9.9316651420917323E-001
  9.9321915124845050E-001  9.9332400210530580E-001  9.9348023005638797E-001  9.9368658474518856E-001  9.9394142134720309E-001
  9.9424271488614857E-001  9.9458806883703232E-001  9.9497475149425307E-001  9.9539971000024918E-001  9.9585959167829852E-001
  9.9635078087919204E-001  9.9686942993014604E-001  9.9741148421547321E-001  9.9797271393298037E-001  9.9854875439629720E-001
  9.9956419260226670E-001  9.9986323142155864E-001
BLOCK 39   2.5038872607600267E+000
  1.0001638379717388E+000  1.0004665603348291E+000  1.0015171756887087E+000  1.0020966585247628E+000  1.0026596058021484E+000
  1.0032018134931624E+000  1.0037192486683879E+000  1.0042080756564868E+000  1.0046646814740399E+000  1.0050857016030685E+000
  1.0054680444626927E+000  1.0058089146864577E+000  1.0061058249512609E+000  1.0063566137258289E+000  1.0065594606239172E+000
  1.0067128955987033E+000  1.0068158074488434E+000  1.0068674500659802E+000  1.0068674500659844E+000  1.0068158074488565E+000
  1.0067128955987266E+000  1.0065594606239492E+000  1.0063566137258686E+000  1.0061058249513060E+000  1.0058089146865095E+000
  1.0054680444627477E+000  1.0050857016031194E+000  1.0046646814740821E+000  1.0042080756565248E+000  1.0037192486684237E+000
  1.0032018134931946E+000  1.0026596058021833E+000  1.0020966585247935E+000  1.0015171756887340E+000  1.0004665603348681E+000
  1.0001638379717708E+000  9.9986133249333986E-001  9.9955766641595944E-001  9.9852689974382003E-001  9.9794199374172687E-001
  9.9737211507430479E-001  9.9682169752828564E-001  9.9629503126612506E-001  9.9579623332902623E-001  9.9532921929823137E-001
  9.9489766382135791E-001  9.9450496674662714E-001  9.9415423282754523E-001  9.9384824526712534E-001  9.9358943071160000E-001
  9.9337985229707948E-001  9.9322118429832518E-001  9.9311469318123669E-001  9.9306123356869413E-001  9.9306123356870124E-001
  9.9311469318125523E-001  9.9322118429835660E-001  9.9337985229711934E-001  9.9358943071164929E-001  9.9384824526718529E-001
  9.9415423282761062E-001  9.9450496674669442E-001  9.9489766382142542E-001  9.9532921929829132E-001  9.9579623332907674E-001
  9.9629503126616514E-001  9.9682169752831884E-001  9.9737211507433754E-001  9.9794199374175740E-001  9.9852689974384690E-001
  9.9955766641594157E-001  9.9986133249352049E-001
BLOCK 40   2.5697790307800279E+000
  1.0001665644098665E+000  1.0004740275277522E+000  1.0015410138190581E+000  1.0021294401612988E+000  1.0027010605318776E+000
  1.0032516089053218E+000  1.0037769888657171E+000  1.0042733053165491E+000  1.0047368923820810E+000  1.0051643383757562E+000
  1.0055525112674404E+000  1.0058985719890008E+000  1.0061999985765491E+000  1.0064546000637700E+000  1.0066605294425666E+000
  1.0068162946578973E+000  1.0069207683589900E+000  1.0069731956404628E+000  1.0069731956404664E+000  1.0069207683590036E+000
  1.0068162946579209E+000  1.0066605294425992E+000  1.0064546000638115E+000  1.0061999985765993E+000  1.0058985719890547E+000
  1.0055525112674895E+000  1.0051643383758015E+000  1.0047368923821236E+000  1.0042733053165904E+000  1.0037769888657577E+000
  1.0032516089053636E+000  1.0027010605319149E+000  1.0021294401613348E+000  1.0015410138190870E+000  1.0004740275277917E+000
  1.0001665644098985E+000  9.9985934441970226E-001  9.9955089833538302E-001  9.9850428732754648E-001  9.9791024305776443E-001
  9.9733144787779637E-001  9.9677240092170694E-001  9.9623746294267179E-001  9.9573082336048402E-001  9.9525645675017371E-001
  9.9481809415731703E-001  9.9441919703906634E-001  9.9406292220555093E-001  9.9375209219020055E-001  9.9348918237135175E-001
  9.9327628689123726E-001  9.9311510424512606E-001  9.9300692651212885E-001  9.9295261912622057E-001  9.9295261912622601E-001
  9.9300692651214750E-001  9.9311510424515526E-001  9.9327628689127956E-001  9.9348918237140371E-001  9.9375209219026139E-001
  9.9406292220561743E-001  9.9441919703913439E-001  9.9481809415737954E-001  9.9525645675023167E-001  9.9573082336053464E-001
  9.9623746294271898E-001  9.9677240092175268E-001  9.9733144787783934E-001  9.9791024305779941E-001  9.9850428732756846E-001
  9.9955089833536281E-001  9.9985934441988322E-001
BLOCK 41   2.6356708008000291E+000
  1.0001693473368585E+000  1.0004817051360755E+000  1.0015655570603621E+000  1.0021632139161509E+000  1.0027437879801155E+000
  1.0033029455278779E+000  1.0038365247624530E+000  1.0043405723456189E+000  1.0048113692266645E+000  1.0052454554755688E+000
  1.0056396496103410E+000  1.0059910734518911E+000  1.0062971683175943E+000  1.0065557103559382E+000  1.0067648250024976E+000
  1.0069229985150818E+000  1.0070290875781018E+000  1.0070823243570866E+000  1.0070823243570919E+000  1.0070290875781156E+000
  1.0069229985151054E+000  1.0067648250025329E+000  1.0065557103559832E+000  1.0062971683176432E+000  1.0059910734519366E+000
  1.0056396496103877E+000  1.0052454554756141E+000  1.0048113692267109E+000  1.0043405723456660E+000  1.0038365247625001E+000
  1.0033029455279232E+000  1.0027437879801582E+000  1.0021632139161887E+000  1.0015655570603919E+000  1.0004817051361157E+000
  1.0001693473368907E+000  9.9985725913469514E-001  9.9954388596596555E-001  9.9848091419396512E-001  9.9787744858293725E-001
  9.9728945633933919E-001  9.9672151347863169E-001  9.9617805434219997E-001  9.9566333012544550E-001  9.9518138237631082E-001
  9.9473600829291098E-001  9.9433072368998154E-001  9.9396873659492158E-001  9.9365292421601237E-001  9.9338579661478366E-001
  9.9316948427784291E-001  9.9300571673222948E-001  9.9289580195663196E-001  9.9284062300777420E-001  9.9284062300778086E-001
  9.9289580195664906E-001  9.9300571673226068E-001  9.9316948427788632E-001  9.9338579661483839E-001  9.9365292421607299E-001
  9.9396873659498564E-001  9.9433072369004505E-001  9.9473600829297215E-001  9.9518138237636733E-001  9.9566333012550279E-001
  9.9617805434225881E-001  9.9672151347868798E-001  9.9728945633938615E-001  9.9787744858297078E-001  9.9848091419398577E-001
  9.9954388596594312E-001  9.9985725913487777E-001
BLOCK 42   2.7015625708200304E+000
  1.0001721846234548E+000  1.0004895928681607E+000  1.0015908134405556E+000  1.0021979972961903E+000  1.0027878063946472E+000
  1.0033558412061692E+000  1.0038978789780744E+000  1.0044099064669771E+000  1.0048881477664597E+000  1.0053290878225387E+000
  1.0057295004712978E+000  1.0060864635637083E+000  1.0063973796348256E+000  1.0066599912693623E+000  1.0068723961219590E+000
  1.0070330576528308E+000  1.0071408142550546E+000  1.0071948883877817E+000  1.0071948883877870E+000  1.0071408142550711E+000
  1.0070330576528597E+000  1.0068723961219956E+000  1.0066599912694036E+000  1.0063973796348680E+000  1.0060864635637534E+000
  1.0057295004713438E+000  1.0053290878225871E+000  1.0048881477665110E+000  1.0044099064670291E+000  1.0038978789781265E+000
  1.0033558412062193E+000  1.0027878063946936E+000  1.0021979972962280E+000  1.0015908134405855E+000  1.0004895928682014E+000
  1.0001721846234894E+000  9.9985507895274661E-001  9.9953662797241083E-001  9.9845676590405608E-001  9.9784358796426220E-001
  9.9724612085600961E-001  9.9666901487193704E-001  9.9611677192835635E-001  9.9559371871288116E-001  9.9510396467929918E-001
  9.9465136721518999E-001  9.9423950385152615E-001  9.9387164016795460E-001  9.9355069553701858E-001  9.9327922723285500E-001
  9.9305940042971574E-001  9.9289297000492793E-001  9.9278127034516739E-001  9.9272519489626809E-001  9.9272519489627398E-001
  9.9278127034518793E-001  9.9289297000496202E-001  9.9305940042976171E-001  9.9327922723290818E-001  9.9355069553707931E-001
  9.9387164016801621E-001  9.9423950385158510E-001  9.9465136721524949E-001  9.9510396467936413E-001  9.9559371871294855E-001
  9.9611677192842352E-001  9.9666901487199688E-001  9.9724612085605824E-001  9.9784358796429651E-001  9.9845676590407650E-001
  9.9953662797238918E-001  9.9985507895293080E-001
BLOCK 43   2.7674543408400316E+000
  1.0001750805850973E+000  1.0004976944591684E+000  1.0016167874197561E+000  1.0022337967829238E+000  1.0028331300123490E+000
  1.0034103199960698E+000  1.0039610808934403E+000  1.0044813394738044E+000  1.0049672598981569E+000  1.0054152748607348E+000
  1.0058221059777541E+000  1.0061847862990145E+000  1.0065006787233215E+000  1.0067674915992559E+000  1.0069832929136810E+000
  1.0071465222398732E+000  1.0072560015650549E+000  1.0073109396734534E+000  1.0073109396734614E+000  1.0072560015650760E+000
  1.0071465222399030E+000  1.0069832929137132E+000  1.0067674915992915E+000  1.0065006787233612E+000  1.0061847862990578E+000
  1.0058221059778027E+000  1.0054152748607879E+000  1.0049672598982116E+000  1.0044813394738619E+000  1.0039610808934964E+000
  1.0034103199961240E+000  1.0028331300123949E+000  1.0022337967829633E+000  1.0016167874197868E+000  1.0004976944592112E+000
  1.0001750805851315E+000  9.9985280155444567E-001  9.9952911741686101E-001  9.9843182641337891E-001  9.9780864765443478E-001
  9.9720142156357383E-001  9.9661487366075596E-001  9.9605358706732983E-001  9.9552195807094934E-001  9.9502416438566021E-001
  9.9456413259685972E-001  9.9414550061915297E-001  9.9377158594519321E-001  9.9344536283086493E-001  9.9316942802212427E-001
  9.9294598331366746E-001  9.9277681621500480E-001  9.9266327829328638E-001  9.9260628109256388E-001  9.9260628109257365E-001
  9.9266327829330969E-001  9.9277681621504010E-001  9.9294598331371298E-001  9.9316942802217667E-001  9.9344536283091955E-001
  9.9377158594524861E-001  9.9414550061921347E-001  9.9456413259692666E-001  9.9502416438573160E-001  9.9552195807102384E-001
  9.9605358706739844E-001  9.9661487366081636E-001  9.9720142156362257E-001  9.9780864765447308E-001  9.9843182641340367E-001
  9.9952911741683914E-001  9.9985280155462997E-001
BLOCK 44   2.8333461108600329E+000
  1.0001780378872012E+000  1.0005060164106201E+000  1.0016434879572362E+000  1.0022706178348850E+000  1.0028797715458271E+000
  1.0034664045074186E+000  1.0040261606018035E+000  1.0045549041555593E+000  1.0050487441080149E+000  1.0055040553855967E+000
  1.0059175078631624E+000  1.0062860869864398E+000  1.0066071139946009E+000  1.0068782610939484E+000  1.0070975666296209E+000
  1.0072634464420371E+000  1.0073747025164492E+000  1.0074305325208512E+000  1.0074305325208583E+000  1.0073747025164690E+000
  1.0072634464420627E+000  1.0070975666296524E+000  1.0068782610939826E+000  1.0066071139946395E+000  1.0062860869864840E+000
  1.0059175078632132E+000  1.0055040553856525E+000  1.0050487441080780E+000  1.0045549041556217E+000  1.0040261606018646E+000
  1.0034664045074733E+000  1.0028797715458770E+000  1.0022706178349279E+000  1.0016434879572704E+000  1.0005060164106632E+000
  1.0001780378872365E+000  9.9985042595496465E-001  9.9952134979103036E-001  9.9840608426667865E-001  9.9777260648682964E-001
  9.9715533090590069E-001  9.9655906615475065E-001  9.9598846846055022E-001  9.9544801148556372E-001  9.9494194702293215E-001
  9.9447426619229329E-001  9.9404866877921616E-001  9.9366853256030563E-001  9.9333687815305727E-001  9.9305634921615848E-001
  9.9282918530921094E-001  9.9265720060824769E-001  9.9254177334993143E-001  9.9248382633099119E-001  9.9248382633099819E-001
  9.9254177334995508E-001  9.9265720060828477E-001  9.9282918530925401E-001  9.9305634921620467E-001  9.9333687815310723E-001
  9.9366853256036347E-001  9.9404866877928177E-001  9.9447426619236867E-001  9.9494194702300964E-001  9.9544801148563633E-001
  9.9598846846061861E-001  9.9655906615481105E-001  9.9715533090595210E-001  9.9777260648686883E-001  9.9840608426670530E-001
  9.9952134979100937E-001  9.9985042595515139E-001
BLOCK 45   2.8992378808800341E+000
  1.0001810549388397E+000  1.0005145590957696E+000  1.0016709274487678E+000  1.0023084804237599E+000  1.0029277475262133E+000
  1.0035241119951823E+000  1.0040931434359159E+000  1.0046306375443999E+000  1.0051326395621467E+000  1.0055954710890136E+000
  1.0060157496626343E+000  1.0063904114983575E+000  1.0067167336669478E+000  1.0069923511853127E+000  1.0072152711643307E+000
  1.0073838836034001E+000  1.0074969727479153E+000  1.0075537222041477E+000  1.0075537222041504E+000  1.0074969727479262E+000
  1.0073838836034217E+000  1.0072152711643592E+000  1.0069923511853469E+000  1.0067167336669882E+000  1.0063904114984039E+000
  1.0060157496626883E+000  1.0055954710890738E+000  1.0051326395622091E+000  1.0046306375444656E+000  1.0040931434359781E+000
  1.0035241119952425E+000  1.0029277475262661E+000  1.0023084804238047E+000  1.0016709274488034E+000  1.0005145590958133E+000
  1.0001810549388739E+000  9.9984795086780731E-001  9.9951332300075468E-001  9.9837952314122258E-001  9.9773544292453420E-001
  9.9710782732844427E-001  9.9650156120857425E-001  9.9592138437578037E-001  9.9537184764098929E-001  9.9485727404962820E-001
  9.9438172588653284E-001  9.9394896745630723E-001  9.9356243130383393E-001  9.9322519353428562E-001  9.9293994125611940E-001
  9.9270895096031697E-001  9.9253407042747810E-001  9.9241669748245698E-001  9.9235777501508282E-001  9.9235777501509104E-001
  9.9241669748247774E-001  9.9253407042750763E-001  9.9270895096035372E-001  9.9293994125616214E-001  9.9322519353433969E-001
  9.9356243130389688E-001  9.9394896745638139E-001  9.9438172588660823E-001  9.9485727404970514E-001  9.9537184764106412E-001
  9.9592138437584909E-001  9.9650156120863620E-001  9.9710782732849723E-001  9.9773544292457461E-001  9.9837952314125111E-001
  9.9951332300073492E-001  9.9984795086799561E-001
BLOCK 46   2.9651296509000353E+000
  1.0001841332114239E+000  1.0005233252668182E+000  1.0016991144669354E+000  1.0023474006372810E+000  1.0029770823091708E+000
  1.0035834673071433E+000  1.0041620548987460E+000  1.0047085682394785E+000  1.0052189855904783E+000  1.0056895670968735E+000
  1.0061168780819147E+000  1.0064978074691524E+000  1.0068295879696449E+000  1.0071098144220534E+000  1.0073364604549806E+000
  1.0075078906638206E+000  1.0076228687578099E+000  1.0076805663561448E+000  1.0076805663561474E+000  1.0076228687578173E+000
  1.0075078906638337E+000  1.0073364604550048E+000  1.0071098144220882E+000  1.0068295879696876E+000  1.0064978074692039E+000
  1.0061168780819720E+000  1.0056895670969352E+000  1.0052189855905440E+000  1.0047085682395431E+000  1.0041620548988133E+000
  1.0035834673072066E+000  1.0029770823092277E+000  1.0023474006373296E+000  1.0016991144669711E+000  1.0005233252668626E+000
  1.0001841332114580E+000  9.9984537520466443E-001  9.9950503099577603E-001  9.9835213195459438E-001  9.9769714002456245E-001
  9.9705888183017821E-001  9.9644233049336761E-001  9.9585230352604825E-001  9.9529342892090011E-001  9.9477010761464058E-001
  9.9428647135516968E-001  9.9384634926619175E-001  9.9345323631418514E-001  9.9311025856017487E-001  9.9282014990249745E-001
  9.9258522703443830E-001  9.9240736709018229E-001  9.9228799602038620E-001  9.9222806888672643E-001  9.9222806888672976E-001
  9.9228799602039874E-001  9.9240736709020272E-001  9.9258522703446928E-001  9.9282014990254486E-001  9.9311025856023338E-001
  9.9345323631425664E-001  9.9384634926626392E-001  9.9428647135524739E-001  9.9477010761471640E-001  9.9529342892097472E-001
  9.9585230352611875E-001  9.9644233049342967E-001  9.9705888183022950E-001  9.9769714002460541E-001  9.9835213195462558E-001
  9.9950503099575660E-001  9.9984537520485306E-001
BLOCK 47   3.0310214209200366E+000
  1.0001872713962983E+000  1.0005323194838562E+000  1.0017280611575301E+000  1.0023873928883869E+000  1.0030277972816923E+000
  1.0036445010813047E+000  1.0042329262951366E+000  1.0047887280637409E+000  1.0053078160262932E+000  1.0057863851831539E+000
  1.0062209424262718E+000  1.0066083271712587E+000  1.0069457290586243E+000  1.0072307036925248E+000  1.0074611901430255E+000
  1.0076355240739912E+000  1.0077524494981909E+000  1.0078111237376366E+000  1.0078111237376386E+000  1.0077524494981966E+000
  1.0076355240740034E+000  1.0074611901430457E+000  1.0072307036925567E+000  1.0069457290586710E+000  1.0066083271713135E+000
  1.0062209424263324E+000  1.0057863851832181E+000  1.0053078160263591E+000  1.0047887280638106E+000  1.0042329262952052E+000
  1.0036445010813704E+000  1.0030277972817532E+000  1.0023873928884361E+000  1.0017280611575663E+000  1.0005323194839000E+000
  1.0001872713963325E+000  9.9984269245118795E-001  9.9949646883389720E-001  9.9832389589254644E-001  9.9765767838140429E-001
  9.9700847542808624E-001  9.9638134492971830E-001  9.9578119006885457E-001  9.9521271958178903E-001  9.9468040719834794E-001
  9.9418845823990332E-001  9.9374077018835461E-001  9.9334089662905634E-001  9.9299201982937901E-001  9.9269692052896286E-001
  9.9245795463720621E-001  9.9227703454440674E-001  9.9215560745894493E-001  9.9209464941732328E-001  9.9209464941732406E-001
  9.9215560745894849E-001  9.9227703454442340E-001  9.9245795463723863E-001  9.9269692052901115E-001  9.9299201982944296E-001
  9.9334089662912550E-001  9.9374077018843154E-001  9.9418845823997970E-001  9.9468040719842632E-001  9.9521271958186397E-001
  9.9578119006892352E-001  9.9638134492978137E-001  9.9700847542814308E-001  9.9765767838144792E-001  9.9832389589257886E-001
  9.9949646883387810E-001  9.9984269245137636E-001
BLOCK 48   3.0969131909400378E+000
  1.0001904702161792E+000  1.0005415434012266E+000  1.0017577803191386E+000  1.0024284777521133E+000  1.0030799143371956E+000
  1.0037072378845759E+000  1.0043057921272254E+000  1.0048711550488931E+000  1.0053991686326564E+000  1.0058859646266536E+000
  1.0063279882959857E+000  1.0067220235077261E+000  1.0070652135970999E+000  1.0073550761856958E+000  1.0075895167388120E+000
  1.0077668425834105E+000  1.0078857743841123E+000  1.0079454556217133E+000  1.0079454556217149E+000  1.0078857743841183E+000
  1.0077668425834228E+000  1.0075895167388340E+000  1.0073550761857284E+000  1.0070652135971432E+000  1.0067220235077803E+000
  1.0063279882960485E+000  1.0058859646267213E+000  1.0053991686327282E+000  1.0048711550489637E+000  1.0043057921272966E+000
  1.0037072378846437E+000  1.0030799143372544E+000  1.0024284777521622E+000  1.0017577803191728E+000  1.0005415434012710E+000
  1.0001904702162125E+000  9.9983990302114711E-001  9.9948762880871034E-001  9.9829479680616373E-001  9.9761704028826348E-001
  9.9695658374010721E-001  9.9631857766051068E-001  9.9570801261993946E-001  9.9512967880160319E-001  9.9458813015035441E-001
  9.9408764268719951E-001  9.9363218042716117E-001  9.9322536144843065E-001  9.9287042305173379E-001  9.9257019548484660E-001
  9.9232707690093735E-001  9.9214301083920919E-001  9.9201947369685184E-001  9.9195745500246757E-001  9.9195745500246957E-001
  9.9201947369686050E-001  9.9214301083922829E-001  9.9232707690097066E-001  9.9257019548489567E-001  9.9287042305179185E-001
  9.9322536144850249E-001  9.9363218042723711E-001  9.9408764268727989E-001  9.9458813015043035E-001  9.9512967880167691E-001
  9.9570801262000930E-001  9.9631857766057519E-001  9.9695658374016349E-001  9.9761704028831111E-001  9.9829479680619770E-001
  9.9948762880869146E-001  9.9983990302133519E-001
BLOCK 49   3.1628049609600390E+000
  1.0001937289248199E+000  1.0005510013286858E+000  1.0017882830572504E+000  1.0024706722116765E+000  1.0031334593780954E+000
  1.0037717079294413E+000  1.0043806826315478E+000  1.0049558865939299E+000  1.0054930875291057E+000  1.0059883500241740E+000
  1.0064380600552481E+000  1.0068389452234896E+000  1.0071880975986782E+000  1.0074829921296862E+000  1.0077215015635395E+000
  1.0079019059676766E+000  1.0080229044326441E+000  1.0080836231683141E+000  1.0080836231683179E+000  1.0080229044326534E+000
  1.0079019059676932E+000  1.0077215015635645E+000  1.0074829921297190E+000  1.0071880975987209E+000  1.0068389452235420E+000
  1.0064380600553116E+000  1.0059883500242464E+000  1.0054930875291814E+000  1.0049558865940065E+000  1.0043806826316202E+000
  1.0037717079295065E+000  1.0031334593781533E+000  1.0024706722117231E+000  1.0017882830572851E+000  1.0005510013287295E+000
  1.0001937289248546E+000  9.9983699990855623E-001  9.9947850642913361E-001  9.9826482034670361E-001  9.9757520204933359E-001
  9.9690318259965038E-001  9.9625400160255173E-001  9.9563273817378561E-001  9.9504427106926296E-001  9.9449323271704893E-001
  9.9398397459351462E-001  9.9352052931988566E-001  9.9310657647102840E-001  9.9274541208595668E-001  9.9243991694457623E-001
  9.9219253149234987E-001  9.9200523611388236E-001  9.9187952983353744E-001  9.9181642317023611E-001  9.9181642317024243E-001
  9.9187952983355532E-001  9.9200523611390867E-001  9.9219253149238440E-001  9.9243991694462030E-001  9.9274541208601597E-001
  9.9310657647109513E-001  9.9352052931996238E-001  9.9398397459359256E-001  9.9449323271712797E-001  9.9504427106933768E-001
  9.9563273817385656E-001  9.9625400160261690E-001  9.9690318259970789E-001  9.9757520204937944E-001  9.9826482034673991E-001
  9.9947850642911551E-001  9.9983699990874331E-001
BLOCK 50   3.2286967309800403E+000
  1.0001970479852691E+000  1.0005606961276978E+000  1.0018195827374692E+000  1.0025139947282351E+000  1.0031884548395178E+000
  1.0038379409516158E+000  1.0044576343577807E+000  1.0050429602591200E+000  1.0055896137842162E+000  1.0060935895791177E+000
  1.0065512085659230E+000  1.0069591427308704E+000  1.0073144336492974E+000  1.0076145107306214E+000  1.0078572086565636E+000
  1.0080407800035329E+000  1.0081639027659588E+000  1.0082256883650929E+000  1.0082256883650966E+000  1.0081639027659712E+000
  1.0080407800035553E+000  1.0078572086565913E+000  1.0076145107306569E+000  1.0073144336493420E+000  1.0069591427309241E+000
  1.0065512085659856E+000  1.0060935895791898E+000  1.0055896137842952E+000  1.0050429602591995E+000  1.0044576343578546E+000
  1.0038379409516820E+000  1.0031884548395738E+000  1.0025139947282795E+000  1.0018195827375009E+000  1.0005606961277425E+000
  1.0001970479853024E+000  9.9983398397802237E-001  9.9946909461917177E-001  9.9823394872964510E-001  9.9753214447826821E-001
  9.9684824459757992E-001  9.9618758445811784E-001  9.9555533472068958E-001  9.9495645793252796E-001  9.9439567189447242E-001
  9.9387740524051149E-001  9.9340576163718031E-001  9.9298448539769535E-001  9.9261692880885533E-001  9.9230602469088292E-001
  9.9205425867790686E-001  9.9186364519370396E-001  9.9173571337180633E-001  9.9167148858313203E-001  9.9167148858313936E-001
  9.9173571337182842E-001  9.9186364519373671E-001  9.9205425867794650E-001  9.9230602469092966E-001  9.9261692880890862E-001
  9.9298448539776019E-001  9.9340576163724936E-001  9.9387740524058821E-001  9.9439567189455202E-001  9.9495645793260667E-001
  9.9555533472076274E-001  9.9618758445818356E-001  9.9684824459763710E-001  9.9753214447831584E-001  9.9823394872968096E-001
  9.9946909461915379E-001  9.9983398397820877E-001
BLOCK 51   3.2945885010000415E+000
  1.0002004280918604E+000  1.0005706314565224E+000  1.0018516906977770E+000  1.0025584641120915E+000  1.0032449260822367E+000
  1.0039059663319341E+000  1.0045366823934780E+000  1.0051324179264887E+000  1.0056887918606370E+000  1.0062017291456358E+000
  1.0066674855615985E+000  1.0070826718920685E+000  1.0074442779615522E+000  1.0077496887116992E+000  1.0079966996378076E+000
  1.0081835302200950E+000  1.0083088362969517E+000  1.0083717161188395E+000  1.0083717161188450E+000  1.0083088362969672E+000
  1.0081835302201172E+000  1.0079966996378407E+000  1.0077496887117383E+000  1.0074442779615995E+000  1.0070826718921240E+000
  1.0066674855616640E+000  1.0062017291457082E+000  1.0056887918607134E+000  1.0051324179265670E+000  1.0045366823935533E+000
  1.0039059663320022E+000  1.0032449260822927E+000  1.0025584641121348E+000  1.0018516906978070E+000  1.0005706314565652E+000
  1.0002004280918944E+000  9.9983084935166633E-001  9.9945938862290418E-001  9.9820216679028850E-001  9.9748784455059791E-001
  9.9679174445081076E-001  9.9611929667822707E-001  9.9547576359730783E-001  9.9486619942852528E-001  9.9429540378572168E-001
  9.9376788591591714E-001  9.9328782380192870E-001  9.9285902819493899E-001  9.9248491137047978E-001  9.9216845654263131E-001
  9.9191219322289581E-001  9.9171817483653957E-001  9.9158795624854090E-001  9.9152258417890471E-001  9.9152258417891159E-001
  9.9158795624856100E-001  9.9171817483657376E-001  9.9191219322294200E-001  9.9216845654268326E-001  9.9248491137053485E-001
  9.9285902819499749E-001  9.9328782380199632E-001  9.9376788591599130E-001  9.9429540378579895E-001  9.9486619942860344E-001
  9.9547576359738232E-001  9.9611929667829335E-001  9.9679174445086904E-001  9.9748784455064543E-001  9.9820216679032658E-001
  9.9945938862288553E-001  9.9983084935184996E-001
BLOCK 52   3.3604802710200428E+000
  1.0002038697506708E+000  1.0005808117222537E+000  1.0018846206453886E+000  1.0026040979941790E+000  1.0033028971887483E+000
  1.0039758155948653E+000  1.0046178623935984E+000  1.0052242998807110E+000  1.0057906684061910E+000  1.0063128195665065E+000
  1.0067869425833260E+000  1.0072095885507155E+000  1.0075776912959347E+000  1.0078885879405446E+000  1.0081400347638623E+000
  1.0083302193413219E+000  1.0084577725498636E+000  1.0085217787082841E+000  1.0085217787082899E+000  1.0084577725498789E+000
  1.0083302193413490E+000  1.0081400347638980E+000  1.0078885879405901E+000  1.0075776912959875E+000  1.0072095885507766E+000
  1.0067869425833940E+000  1.0063128195665783E+000  1.0057906684062652E+000  1.0052242998807854E+000  1.0046178623936732E+000
  1.0039758155949323E+000  1.0033028971888063E+000  1.0026040979942215E+000  1.0018846206454153E+000  1.0005808117222961E+000
  1.0002038697507030E+000  9.9982759703015778E-001  9.9944938220760382E-001  9.9816945745897023E-001  9.9744228147785119E-001
  9.9673365432439165E-001  9.9604910394340995E-001  9.9539398855888772E-001  9.9477345130584172E-001  9.9419238096620066E-001
  9.9365536666793797E-001  9.9316666181673541E-001  9.9273014733975296E-001  9.9234929632693447E-001  9.9202714590061702E-001
  9.9176626998339534E-001  9.9156875678683476E-001  9.9143619226664370E-001  9.9136964136674177E-001  9.9136964136674866E-001
  9.9143619226666568E-001  9.9156875678686907E-001  9.9176626998344142E-001  9.9202714590067032E-001  9.9234929632699320E-001
  9.9273014733981491E-001  9.9316666181679947E-001  9.9365536666800836E-001  9.9419238096627538E-001  9.9477345130591655E-001
  9.9539398855896211E-001  9.9604910394347990E-001  9.9673365432445193E-001  9.9744228147789971E-001  9.9816945745900587E-001
  9.9944938220758461E-001  9.9982759703033930E-001
BLOCK 53   3.4263720410400440E+000
  1.0002073742425899E+000  1.0005912404022757E+000  1.0019183858712355E+000  1.0026509173178970E+000  1.0033623935016494E+000
  1.0040475186531763E+000  1.0047012119124008E+000  1.0053186484972141E+000  1.0058952894951316E+000  1.0064269121520233E+000
  1.0069096363656995E+000  1.0073399503218430E+000  1.0077147328354881E+000  1.0080312708152022E+000  1.0082872784303971E+000
  1.0084809118909550E+000  1.0086107797062367E+000  1.0086759484272283E+000  1.0086759484272330E+000  1.0086107797062536E+000
  1.0084809118909837E+000  1.0082872784304366E+000  1.0080312708152521E+000  1.0077147328355471E+000  1.0073399503219089E+000
  1.0069096363657679E+000  1.0064269121520943E+000  1.0058952894952056E+000  1.0053186484972874E+000  1.0047012119124707E+000
  1.0040475186532432E+000  1.0033623935017053E+000  1.0026509173179403E+000  1.0019183858712621E+000  1.0005912404023181E+000
  1.0002073742426216E+000  9.9982422169778695E-001  9.9943907067441973E-001  9.9813580648844680E-001  9.9739543326860591E-001
  9.9667394602618753E-001  9.9597697326072432E-001  9.9530996882095779E-001  9.9467817069827280E-001  9.9408655423799752E-001
  9.9353979382672086E-001  9.9304222007239373E-001  9.9259778327018822E-001  9.9221002121502688E-001  9.9188202570751016E-001
  9.9161641691169877E-001  9.9141532086256823E-001  9.9128034987788238E-001  9.9121259073064349E-001  9.9121259073065138E-001
  9.9128034987790359E-001  9.9141532086260153E-001  9.9161641691174085E-001  9.9188202570756412E-001  9.9221002121508861E-001
  9.9259778327025439E-001  9.9304222007246157E-001  9.9353979382678770E-001  9.9408655423806525E-001  9.9467817069834574E-001
  9.9530996882102973E-001  9.9597697326079293E-001  9.9667394602624981E-001  9.9739543326865665E-001  9.9813580648848321E-001
  9.9943907067439997E-001  9.9982422169796614E-001
BLOCK 54   3.4922638110600452E+000
  1.0002109424154662E+000  1.0006019227879828E+000  1.0019530007118036E+000  1.0026989409543126E+000  1.0034234413348389E+000
  1.0041211079116494E+000  1.0047867668575390E+000  1.0054155065768149E+000  1.0060027039408972E+000  1.0065440596842667E+000
  1.0070356233714957E+000  1.0074738182116891E+000  1.0078554642731603E+000  1.0081777997189947E+000  1.0084384977001477E+000
  1.0086356802646228E+000  1.0087679294274874E+000  1.0088342938067609E+000  1.0088342938067678E+000  1.0087679294275065E+000
  1.0086356802646539E+000  1.0084384977001917E+000  1.0081777997190511E+000  1.0078554642732247E+000  1.0074738182117575E+000
  1.0070356233715680E+000  1.0065440596843400E+000  1.0060027039409696E+000  1.0054155065768864E+000  1.0047867668576076E+000
  1.0041211079117092E+000  1.0034234413348915E+000  1.0026989409543534E+000  1.0019530007118302E+000  1.0006019227880265E+000
  1.0002109424154990E+000  9.9982072475060502E-001  9.9942844837352929E-001  9.9810119649164886E-001  9.9734727715345128E-001
  9.9661259092890975E-001  9.9590286848534781E-001  9.9522366430965981E-001  9.9458031015111026E-001  9.9397787378026514E-001
  9.9342111331658556E-001  9.9291443913683319E-001  9.9246187513786788E-001  9.9206702198095564E-001  9.9173302889726500E-001
  9.9146256434626767E-001  9.9125779284105331E-001  9.9112035681975785E-001  9.9105136027642926E-001  9.9105136027643559E-001
  9.9112035681977717E-001  9.9125779284108362E-001  9.9146256434631241E-001  9.9173302889731585E-001  9.9206702198101726E-001
  9.9246187513793604E-001  9.9291443913690358E-001  9.9342111331665472E-001  9.9397787378033331E-001  9.9458031015117676E-001
  9.9522366430972731E-001  9.9590286848541343E-001  9.9661259092896837E-001  9.9734727715350202E-001  9.9810119649169093E-001
  9.9942844837351130E-001  9.9982072475078154E-001
BLOCK 55   3.5581555810800465E+000
  1.0002145762572807E+000  1.0006128629359592E+000  1.0019884802563068E+000  1.0027481909292513E+000  1.0034860670010419E+000
  1.0041966155678654E+000  1.0048745667300123E+000  1.0055149174278977E+000  1.0061129606686918E+000  1.0066643167488274E+000
  1.0071649612084350E+000  1.0076112514380142E+000  1.0079999496292518E+000  1.0083282431895926E+000  1.0085937629747199E+000
  1.0087945952275565E+000  1.0089292926834375E+000  1.0089968849768933E+000  1.0089968849769000E+000  1.0089292926834601E+000
  1.0087945952275932E+000  1.0085937629747703E+000  1.0083282431896512E+000  1.0079999496293184E+000  1.0076112514380866E+000
  1.0071649612085098E+000  1.0066643167489029E+000  1.0061129606687653E+000  1.0055149174279665E+000  1.0048745667300745E+000
  1.0041966155679238E+000  1.0034860670010892E+000  1.0027481909292881E+000  1.0019884802563304E+000  1.0006128629360032E+000
  1.0002145762573140E+000  9.9981710145012515E-001  9.9941751030278714E-001  9.9806561217893675E-001  9.9729779035359611E-001
  9.9654955912889753E-001  9.9582675482368554E-001  9.9513503264537428E-001  9.9447982354934328E-001  9.9386628660280596E-001
  9.9329926843502070E-001  9.9278325992044347E-001  9.9232235787142076E-001  9.9192023125039464E-001  9.9158008621989335E-001
  9.9130464087156889E-001  9.9109610039607532E-001  9.9095613626576795E-001  9.9088587182524890E-001  9.9088587182525323E-001
  9.9095613626578438E-001  9.9109610039610596E-001  9.9130464087160886E-001  9.9158008621994742E-001  9.9192023125045381E-001
  9.9232235787148593E-001  9.9278325992051331E-001  9.9329926843509320E-001  9.9386628660287624E-001  9.9447982354941000E-001
  9.9513503264543512E-001  9.9582675482374416E-001  9.9654955912895438E-001  9.9729779035364885E-001  9.9806561217898049E-001
  9.9941751030277104E-001  9.9981710145029845E-001
BLOCK 56   3.6240473511000477E+000
  1.0002182773055617E+000  1.0006240671246729E+000  1.0020248401172573E+000  1.0027986878790442E+000  1.0035502984668285E+000
  1.0042740751768982E+000  1.0049646500972820E+000  1.0056169272046978E+000  1.0062261097223437E+000  1.0067877365089608E+000
  1.0072977078388428E+000  1.0077523133909567E+000  1.0081482565482440E+000  1.0084826730680940E+000  1.0087531473137215E+000
  1.0089577278670212E+000  1.0090949405762002E+000  1.0091637961588991E+000  1.0091637961589082E+000  1.0090949405762266E+000
  1.0089577278670623E+000  1.0087531473137736E+000  1.0084826730681558E+000  1.0081482565483137E+000  1.0077523133910322E+000
  1.0072977078389214E+000  1.0067877365090363E+000  1.0062261097224181E+000  1.0056169272047661E+000  1.0049646500973435E+000
  1.0042740751769499E+000  1.0035502984668714E+000  1.0027986878790789E+000  1.0020248401172787E+000  1.0006240671247157E+000
  1.0002182773055934E+000  9.9981335347728684E-001  9.9882493597364874E-001  9.9802903458593739E-001  9.9724694883735432E-001
  9.9648482041127517E-001  9.9574859450304654E-001  9.9504403166929001E-001  9.9437666157488291E-001  9.9375173971438324E-001
  9.9317420090643538E-001  9.9264861878902899E-001  9.9217916671557049E-001  9.9176958011392891E-001  9.9142312682007316E-001
  9.9114257497732905E-001  9.9093016935483369E-001  9.9078761146326177E-001  9.9071604451838458E-001  9.9071604451839179E-001
  9.9078761146327821E-001  9.9093016935485945E-001  9.9114257497737113E-001  9.9142312682012179E-001  9.9176958011398764E-001
  9.9217916671563544E-001  9.9264861878909805E-001  9.9317420090650643E-001  9.9375173971445452E-001  9.9437666157494875E-001
  9.9504403166935018E-001  9.9574859450310105E-001  9.9648482041132891E-001  9.9724694883740417E-001  9.9802903458598202E-001
  9.9882493597368227E-001  9.9981335347745770E-001
BLOCK 57   3.6899391211200490E+000
  1.0002220589454875E+000  1.0006355402846054E+000  1.0020620957163526E+000  1.0028504545491665E+000  1.0036161636063041E+000
  1.0043535216398676E+000  1.0050570583921139E+000  1.0057215805507009E+000  1.0063422010992173E+000  1.0069143737901389E+000
  1.0074339229639846E+000  1.0078970701904193E+000  1.0083004559010129E+000  1.0086411603047560E+000  1.0089167220484645E+000
  1.0091251525680700E+000  1.0092649483816369E+000  1.0093351004132649E+000  1.0093351004132751E+000  1.0092649483816651E+000
  1.0091251525681120E+000  1.0089167220485205E+000  1.0086411603048220E+000  1.0083004559010851E+000  1.0078970701904968E+000
  1.0074339229640630E+000  1.0069143737902180E+000  1.0063422010992906E+000  1.0057215805507691E+000  1.0050570583921712E+000
  1.0043535216399164E+000  1.0036161636063441E+000  1.0028504545491945E+000  1.0020620957163695E+000  1.0006355402846461E+000
  1.0002220589455184E+000  9.9980950468207896E-001  9.9880222063941770E-001  9.9799139079647292E-001  9.9719472246448493E-001
  9.9641835110981902E-001  9.9566835494397010E-001  9.9495061874917590E-001  9.9427077636593975E-001  9.9363417817136601E-001
  9.9304585053557382E-001  9.9251045189628162E-001  9.9203223245179206E-001  9.9161499902005823E-001  9.9126207840560610E-001
  9.9097629031349366E-001  9.9075992034793248E-001  9.9061470105736826E-001  9.9054179771896933E-001  9.9054179771897310E-001
  9.9061470105738614E-001  9.9075992034796190E-001  9.9097629031352752E-001  9.9126207840565261E-001  9.9161499902011452E-001
  9.9203223245185690E-001  9.9251045189635068E-001  9.9304585053564387E-001  9.9363417817143329E-001  9.9427077636600603E-001
  9.9495061874923907E-001  9.9566835494402917E-001  9.9641835110987009E-001  9.9719472246453100E-001  9.9799139079651289E-001
  9.9880222063945223E-001  9.9980950468224516E-001
BLOCK 58   3.7558308911400502E+000
  1.0002259271597078E+000  1.0006473090241368E+000  1.0021002724847752E+000  1.0029035116363538E+000  1.0036836914964926E+000
  1.0044349900780525E+000  1.0051518315603907E+000  1.0058289234826401E+000  1.0064612851713439E+000  1.0070442860182611E+000
  1.0075736712284642E+000  1.0080455894809142E+000  1.0084566169183224E+000  1.0088037776626035E+000  1.0090845628736473E+000
  1.0092969455324019E+000  1.0094393925742702E+000  1.0095108748872064E+000  1.0095108748872148E+000  1.0094393925742964E+000
  1.0092969455324472E+000  1.0090845628737062E+000  1.0088037776626713E+000  1.0084566169183993E+000  1.0080455894809932E+000
  1.0075736712285457E+000  1.0070442860183404E+000  1.0064612851714194E+000  1.0058289234827051E+000  1.0051518315604493E+000
  1.0044349900781020E+000  1.0036836914965284E+000  1.0029035116363763E+000  1.0021002724847823E+000  1.0006473090241752E+000
  1.0002259271597378E+000  9.9980549870071322E-001  9.9877888160811756E-001  9.9795274340759021E-001  9.9714103717347768E-001
  9.9635008564118954E-001  9.9558600069676229E-001  9.9485475667138945E-001  9.9416211869359594E-001  9.9351354583563611E-001
  9.9291415596860821E-001  9.9236869311863951E-001  9.9188148762305572E-001  9.9145641530919759E-001  9.9109686536708874E-001
  9.9080570800094059E-001  9.9058527209160452E-001  9.9043732383041860E-001  9.9036305068520447E-001  9.9036305068521269E-001
  9.9043732383043492E-001  9.9058527209162861E-001  9.9080570800097867E-001  9.9109686536713304E-001  9.9145641530925244E-001
  9.9188148762311623E-001  9.9236869311870557E-001  9.9291415596867616E-001  9.9351354583570395E-001  9.9416211869366244E-001
  9.9485475667145451E-001  9.9558600069682224E-001  9.9635008564124272E-001  9.9714103717352121E-001  9.9795274340762541E-001
  9.9877888160814632E-001  9.9980549870087487E-001
BLOCK 59   3.8217226611600514E+000
  1.0002298433738284E+000  1.0006593576738709E+000  1.0021394275680093E+000  1.0029579086625540E+000  1.0037529127766105E+000
  1.0045185133726109E+000  1.0052490095832973E+000  1.0059390021633281E+000  1.0065834167582262E+000  1.0071775337315252E+000
  1.0077170163194977E+000  1.0081979387806721E+000  1.0086168106558191E+000  1.0089705990278577E+000  1.0092567459036810E+000
  1.0094731840472329E+000  1.0096183512177856E+000  1.0096911991209279E+000  1.0096911991209379E+000  1.0096183512178127E+000
  1.0094731840472773E+000  1.0092567459037405E+000  1.0089705990279290E+000  1.0086168106558970E+000  1.0081979387807560E+000
  1.0077170163195799E+000  1.0071775337316047E+000  1.0065834167582988E+000  1.0059390021633969E+000  1.0052490095833566E+000
  1.0045185133726564E+000  1.0037529127766422E+000  1.0029579086625691E+000  1.0021394275680111E+000  1.0006593576739069E+000
  1.0002298433738570E+000  9.9980136261799424E-001  9.9875488527314282E-001  9.9791306698171489E-001  9.9708595926146126E-001
  9.9627998144252650E-001  9.9550144084508507E-001  9.9475638957202850E-001  9.9405064629516982E-001  9.9338979014839157E-001
  9.9277905548302148E-001  9.9222327656657783E-001  9.9172686012204037E-001  9.9129375335049574E-001  9.9092740655032963E-001
  9.9063074522425776E-001  9.9040614193307941E-001  9.9025539630993253E-001  9.9017971850444464E-001  9.9017971850444642E-001
  9.9025539630994686E-001  9.9040614193310661E-001  9.9063074522429229E-001  9.9092740655037626E-001  9.9129375335054626E-001
  9.9172686012209721E-001  9.9222327656663811E-001  9.9277905548308643E-001  9.9338979014845985E-001  9.9405064629523832E-001
  9.9475638957209322E-001  9.9550144084514447E-001  9.9627998144257846E-001  9.9708595926150534E-001  9.9791306698174942E-001
  9.9875488527316902E-001  9.9980136261814945E-001
BLOCK 60   3.8876144311800527E+000
  1.0002338394322701E+000  1.0013276280226795E+000  1.0021795109645368E+000  1.0030136865169339E+000  1.0038238944546056E+000
  1.0046041352942185E+000  1.0053486307051736E+000  1.0060518644792600E+000  1.0067086509306264E+000  1.0073141774476464E+000
  1.0078640233389109E+000  1.0083541870434267E+000  1.0087811104717690E+000  1.0091417001727103E+000  1.0094333482584565E+000
  1.0096539481391185E+000  1.0098019068267408E+000  1.0098761550781588E+000  1.0098761550781674E+000  1.0098019068267687E+000
  1.0096539481391620E+000  1.0094333482585156E+000  1.0091417001727816E+000  1.0087811104718505E+000  1.0083541870435095E+000
  1.0078640233389942E+000  1.0073141774477266E+000  1.0067086509307033E+000  1.0060518644793259E+000  1.0053486307052295E+000
  1.0046041352942616E+000  1.0038238944546312E+000  1.0030136865169457E+000  1.0021795109645333E+000  1.0013276280226668E+000
  1.0002338394322994E+000  9.9979708932847200E-001  9.9873022881667006E-001  9.9787232752465638E-001  9.9702942458222621E-001
  9.9620807735394856E-001  9.9541466775982812E-001  9.9465541914963773E-001  9.9393627668265305E-001  9.9326286045650991E-001
  9.9264049662732889E-001  9.9207413586574622E-001  9.9156827590615904E-001  9.9112693297703480E-001  9.9075362101925568E-001
  9.9045131910069972E-001  9.9022244525898306E-001  9.9006883302738413E-001  9.8999171595163338E-001  9.8999171595164126E-001
  9.9006883302739757E-001  9.9022244525900793E-001  9.9045131910073581E-001  9.9075362101929643E-001  9.9112693297708354E-001
  9.9156827590621066E-001  9.9207413586580406E-001  9.9264049662739251E-001  9.9326286045657619E-001  9.9393627668271944E-001
  9.9465541914970224E-001  9.9541466775988685E-001  9.9620807735400030E-001  9.9702942458226895E-001  9.9787232752469246E-001
  9.9873022881669926E-001  9.9979708932862310E-001
BLOCK 61   3.9535062012000539E+000
  1.0002379110750343E+000  1.0013522635473480E+000  1.0022205579744443E+000  1.0030708049213750E+000  1.0038966527952702E+000
  1.0046919326875905E+000  1.0054507614715733E+000  1.0061675592334278E+000  1.0068370389855053E+000  1.0074542762771670E+000
  1.0080147582411358E+000  1.0085144052245063E+000  1.0089495892072700E+000  1.0093171571385613E+000  1.0096144499982276E+000
  1.0098393194265531E+000  1.0099901417166555E+000  1.0100658274043006E+000  1.0100658274043104E+000  1.0099901417166821E+000
  1.0098393194265975E+000  1.0096144499982875E+000  1.0093171571386328E+000  1.0089495892073483E+000  1.0085144052245902E+000
  1.0080147582412202E+000  1.0074542762772500E+000  1.0068370389855805E+000  1.0061675592334940E+000  1.0054507614716250E+000
  1.0046919326876280E+000  1.0038966527952942E+000  1.0030708049213832E+000  1.0022205579744412E+000  1.0013522635473338E+000
  1.0002379110750632E+000  9.9979268152639189E-001  9.9870489146879782E-001  9.9783050431271880E-001  9.9697141556362490E-001
  9.9613429327454472E-001  9.9532567341225164E-001  9.9455186028203246E-001  9.9381892770475000E-001  9.9313265176545651E-001
  9.9249841046797371E-001  9.9192121302720382E-001  9.9140566359417770E-001  9.9095587438200639E-001  9.9057542372602814E-001
  9.9026734303746422E-001  9.9003409373041928E-001  9.8987754492762836E-001  9.8979895375889604E-001  9.8979895375889881E-001
  9.8987754492764601E-001  9.9003409373044349E-001  9.9026734303749353E-001  9.9057542372606622E-001  9.9095587438205024E-001
  9.9140566359423021E-001  9.9192121302726122E-001  9.9249841046803411E-001  9.9313265176551946E-001  9.9381892770481373E-001
  9.9455186028209330E-001  9.9532567341230938E-001  9.9613429327459624E-001  9.9697141556367008E-001  9.9783050431275699E-001
  9.9870489146883235E-001  9.9979268152653966E-001
BLOCK 62   4.0193979712200552E+000
  1.0002420608534286E+000  1.0013774786917327E+000  1.0022625878440885E+000  1.0031293217241604E+000  1.0039711813052239E+000
  1.0047819076894433E+000  1.0055554744721005E+000  1.0062861700866339E+000  1.0069686421915089E+000  1.0075978866316666E+000
  1.0081692844718244E+000  1.0086786631175280E+000  1.0091223227688486E+000  1.0094970494313529E+000  1.0098001326375792E+000
  1.0100293822509319E+000  1.0101831426486547E+000  1.0102603026569190E+000  1.0102603026569275E+000  1.0101831426486845E+000
  1.0100293822509765E+000  1.0098001326376376E+000  1.0094970494314215E+000  1.0091223227689259E+000  1.0086786631176115E+000
  1.0081692844719101E+000  1.0075978866317483E+000  1.0069686421915840E+000  1.0062861700866963E+000  1.0055554744721507E+000
  1.0047819076894788E+000  1.0039711813052437E+000  1.0031293217241710E+000  1.0022625878440865E+000  1.0013774786917176E+000
  1.0002420608534559E+000  9.9978813758733354E-001  9.9867886844233322E-001  9.9778757608565194E-001  9.9691188887109694E-001
  9.9605861300456011E-001  9.9523438507119721E-001  9.9444565868477286E-001  9.9369861110906599E-001  9.9299910566200189E-001
  9.9235267652278292E-001  9.9176441412584304E-001  9.9123895947986029E-001  9.9078050758623537E-001  9.9039273218915491E-001
  9.9007872771335004E-001  9.8984099750734222E-001  9.8968144164935101E-001  9.8960134060904137E-001  9.8960134060904903E-001
  9.8968144164936256E-001  9.8984099750736465E-001  9.9007872771337835E-001  9.9039273218918855E-001  9.9078050758628000E-001
  9.9123895947991070E-001  9.9176441412589844E-001  9.9235267652284187E-001  9.9299910566206129E-001  9.9369861110912427E-001
  9.9444565868483004E-001  9.9523438507125195E-001  9.9605861300461196E-001  9.9691188887114524E-001  9.9778757608569690E-001
  9.9867886844237119E-001  9.9978813758747698E-001
BLOCK 63   4.0852897412400564E+000
  1.0002462929634832E+000  1.0014032735857545E+000  1.0023056317434182E+000  1.0031892558338442E+000  1.0040475443014134E+000
  1.0048740918709060E+000  1.0056627712688213E+000  1.0064077568558285E+000  1.0071035562205504E+000  1.0077450855390990E+000
  1.0083276635002012E+000  1.0088470270005452E+000  1.0092993855186223E+000  1.0096814572547888E+000  1.0099904801526243E+000
  1.0102242226690183E+000  1.0103809967341273E+000  1.0104596691528460E+000  1.0104596691528565E+000  1.0103809967341557E+000
  1.0102242226690632E+000  1.0099904801526807E+000  1.0096814572548565E+000  1.0092993855186994E+000  1.0088470270006273E+000
  1.0083276635002840E+000  1.0077450855391796E+000  1.0071035562206228E+000  1.0064077568558898E+000  1.0056627712688688E+000
  1.0048740918709407E+000  1.0040475443014383E+000  1.0031892558338533E+000  1.0023056317434145E+000  1.0014032735857368E+000
  1.0002462929635101E+000  9.9978345165258609E-001  9.9865214525766588E-001  9.9774352568773317E-001  9.9685082679779491E-001
  9.9598098305807758E-001  9.9514077596132455E-001  9.9433676018120942E-001  9.9357523941818293E-001  9.9286220496471012E-001
  9.9220325884898863E-001  9.9160362272681868E-001  9.9106804573465812E-001  9.9060075453109231E-001  9.9020547551534244E-001
  9.8988538940157789E-001  9.8964306214922149E-001  9.8948042644557455E-001  9.8939878055651931E-001  9.8939878055652020E-001
  9.8948042644558643E-001  9.8964306214923758E-001  9.8988538940160498E-001  9.9020547551537863E-001  9.9060075453113250E-001
  9.9106804573470619E-001  9.9160362272687241E-001  9.9220325884904370E-001  9.9286220496476518E-001  9.9357523941823733E-001
  9.9433676018126360E-001  9.9514077596137818E-001  9.9598098305813054E-001  9.9685082679784631E-001  9.9774352568778069E-001
  9.9865214525770918E-001  9.9978345165272520E-001
BLOCK 64   4.1511815112600576E+000
  1.0002506057000060E+000  1.0014296673579948E+000  1.0023496981771391E+000  1.0032506486389998E+000  1.0041257679449977E+000
  1.0049685421562153E+000  1.0057727124070619E+000  1.0065323363648713E+000  1.0072418267574306E+000  1.0078959695660945E+000
  1.0084899892477233E+000  1.0090195690201944E+000  1.0094808472969188E+000  1.0098704592096550E+000  1.0101855784357312E+000
  1.0104239297422699E+000  1.0105837944534863E+000  1.0106640180465518E+000  1.0106640180465605E+000  1.0105837944535123E+000
  1.0104239297423103E+000  1.0101855784357878E+000  1.0098704592097236E+000  1.0094808472969945E+000  1.0090195690202755E+000
  1.0084899892478043E+000  1.0078959695661711E+000  1.0072418267574990E+000  1.0065323363649312E+000  1.0057727124071105E+000
  1.0049685421562540E+000  1.0041257679450213E+000  1.0032506486390096E+000  1.0023496981771329E+000  1.0014296673579755E+000
  1.0002506057000322E+000  9.9977862566175768E-001  9.9862470736932019E-001  9.9769833027575372E-001  9.9678819766576243E-001
  9.9590138238578019E-001  9.9504478844394839E-001  9.9422511137055092E-001  9.9344876817863204E-001  9.9272185167992166E-001
  9.9205010241762581E-001  9.9143881172707027E-001  9.9089282273240342E-001  9.9041648170824170E-001  9.9001355758247189E-001
  9.8968725507819133E-001  9.8944020587104564E-001  9.8927440357735730E-001  9.8919117220149089E-001  9.8919117220149466E-001
  9.8927440357736296E-001  9.8944020587106296E-001  9.8968725507821587E-001  9.9001355758250409E-001  9.9041648170828434E-001
  9.9089282273244983E-001  9.9143881172711712E-001  9.9205010241767544E-001  9.9272185167997340E-001  9.9344876817868433E-001
  9.9422511137060288E-001  9.9504478844400290E-001  9.9590138238583437E-001  9.9678819766581461E-001  9.9769833027580390E-001
  9.9862470736936781E-001  9.9977862566189246E-001
BLOCK 65   4.2170732812800589E+000
  1.0002550035119881E+000  1.0014566663045814E+000  1.0023948180793594E+000  1.0033135186389182E+000  1.0042058987046762E+000
  1.0050653008856762E+000  1.0058853488871005E+000  1.0066599837314514E+000  1.0073834941310278E+000  1.0080505790495444E+000
  1.0086563524306957E+000  1.0091963954334870E+000  1.0096667933974246E+000  1.0100641296393607E+000  1.0103855072755221E+000
  1.0106285917498508E+000  1.0107916281820450E+000  1.0108734421694554E+000  1.0108734421694630E+000  1.0107916281820684E+000
  1.0106285917498907E+000  1.0103855072755770E+000  1.0100641296394268E+000  1.0096667933974994E+000  1.0091963954335641E+000
  1.0086563524307728E+000  1.0080505790496161E+000  1.0073834941310937E+000  1.0066599837315102E+000  1.0058853488871531E+000
  1.0050653008857149E+000  1.0042058987047005E+000  1.0033135186389264E+000  1.0023948180793525E+000  1.0014566663045585E+000
  1.0002550035120128E+000  9.9977365139854846E-001  9.9859654340792370E-001  9.9765197120621851E-001  9.9672397536042079E-001
  9.9581976719185306E-001  9.9494638865327267E-001  9.9411065828689860E-001  9.9331912218998941E-001  9.9257800013091679E-001
  9.9189311611063125E-001  9.9126989087998885E-001  9.9071325321623493E-001  9.9022761033839457E-001  9.8981683926171737E-001
  9.8948420478229593E-001  9.8923234490108602E-001  9.8906328868380144E-001  9.8897841491392313E-001  9.8897841491392480E-001
  9.8906328868381255E-001  9.8923234490109890E-001  9.8948420478231769E-001  9.8981683926174802E-001  9.9022761033843043E-001
  9.9071325321627579E-001  9.9126989088003303E-001  9.9189311611067577E-001  9.9257800013096342E-001  9.9331912219003970E-001
  9.9411065828695200E-001  9.9494638865332563E-001  9.9581976719190735E-001  9.9672397536047608E-001  9.9765197120627236E-001
  9.9859654340797177E-001  9.9977365139867791E-001
BLOCK 66   4.2829650513000601E+000
  1.0002594865574277E+000  1.0014842883020456E+000  1.0024410053104760E+000  1.0033779037636634E+000  1.0042879679041041E+000
  1.0051644148348424E+000  1.0060007368868014E+000  1.0067907496360553E+000  1.0075286377955746E+000  1.0082089785631085E+000
  1.0088267982978016E+000  1.0093775894026731E+000  1.0098573374504010E+000  1.0102625682095034E+000  1.0105903486867835E+000
  1.0108382911588218E+000  1.0110045888653776E+000  1.0110880385585563E+000  1.0110880385585648E+000  1.0110045888654013E+000
  1.0108382911588603E+000  1.0105903486868364E+000  1.0102625682095672E+000  1.0098573374504711E+000  1.0093775894027468E+000
  1.0088267982978734E+000  1.0082089785631783E+000  1.0075286377956403E+000  1.0067907496361146E+000  1.0060007368868495E+000
  1.0051644148348824E+000  1.0042879679041308E+000  1.0033779037636719E+000  1.0024410053104647E+000  1.0014842883020194E+000
  1.0002594865574526E+000  9.9976853120023323E-001  9.9856763783281277E-001  9.9760442479054201E-001  9.9665812896808625E-001
  9.9573610135638713E-001  9.9484552332110066E-001  9.9399334886518231E-001  9.9318625043495201E-001  9.9243056104610683E-001
  9.9173223851437586E-001  9.9109678283624036E-001  9.9052922703025770E-001  9.9003407838629387E-001  9.8961525748245016E-001
  9.8927610732780868E-001  9.8901933662244934E-001  9.8884698238925617E-001  9.8876043961860360E-001  9.8876043961860671E-001
  9.8884698238926350E-001  9.8901933662246655E-001  9.8927610732782967E-001  9.8961525748247536E-001  9.9003407838632351E-001
  9.9052922703029256E-001  9.9109678283627978E-001  9.9173223851441872E-001  9.9243056104615246E-001  9.9318625043499931E-001
  9.9399334886523316E-001  9.9484552332115572E-001  9.9573610135644397E-001  9.9665812896814265E-001  9.9760442479059497E-001
  9.9856763783286451E-001  9.9976853120035691E-001
BLOCK 67   4.3488568213200613E+000
  1.0002640590002780E+000  1.0015125431260470E+000  1.0024882875313064E+000  1.0034438297270121E+000  1.0043720183896783E+000
  1.0052659295473831E+000  1.0061189258539303E+000  1.0069247021585417E+000  1.0076773156816905E+000  1.0083712466240879E+000
  1.0090014105333345E+000  1.0095632088163842E+000  1.0100525551977546E+000  1.0104658884182678E+000  1.0108002141250056E+000
  1.0110531184750566E+000  1.0112227614646805E+000  1.0113078970917850E+000  1.0113078970917935E+000  1.0112227614647049E+000
  1.0110531184750955E+000  1.0108002141250547E+000  1.0104658884183251E+000  1.0100525551978194E+000  1.0095632088164512E+000
  1.0090014105334051E+000  1.0083712466241570E+000  1.0076773156817551E+000  1.0069247021585990E+000  1.0061189258539798E+000
  1.0052659295474200E+000  1.0043720183897016E+000  1.0034438297270198E+000  1.0024882875312977E+000  1.0015125431260179E+000
  1.0002640590003025E+000  9.9976326004505045E-001  9.9853797983219661E-001  9.9755566959356856E-001  9.9659062483136118E-001
  9.9565034490180193E-001  9.9474214793923599E-001  9.9387312670667871E-001  9.9305008321052735E-001  9.9227948137405564E-001
  9.9156737907393699E-001  9.9091940341983531E-001  9.9034067325016950E-001  9.8983577042398396E-001  9.8940871509409345E-001
  9.8906289332521169E-001  9.8880106689062741E-001  9.8862535246112393E-001  9.8853715193581526E-001  9.8853715193581781E-001
  9.8862535246113448E-001  9.8880106689064173E-001  9.8906289332523201E-001  9.8940871509411588E-001  9.8983577042400905E-001
  9.9034067325019837E-001  9.9091940341986784E-001  9.9156737907397741E-001  9.9227948137410060E-001  9.9305008321057497E-001
  9.9387312670672989E-001  9.9474214793929017E-001  9.9565034490186022E-001  9.9659062483141736E-001  9.9755566959362385E-001
  9.9853797983224857E-001  9.9976326004516824E-001
BLOCK 68   4.4147485913400626E+000
  1.0002687236757011E+000  1.0015414485006782E+000  1.0025366840597747E+000  1.0035113293581928E+000  1.0044580865237309E+000
  1.0053698913160907E+000  1.0062399736822716E+000  1.0070618956718789E+000  1.0078296033607006E+000  1.0085374535661515E+000
  1.0091802667295076E+000  1.0097533486865402E+000  1.0102525224861698E+000  1.0106741653585507E+000  1.0110152147049494E+000
  1.0112731964105579E+000  1.0114462451218362E+000  1.0115330954757200E+000  1.0115330954757273E+000  1.0114462451218602E+000
  1.0112731964105945E+000  1.0110152147049951E+000  1.0106741653586040E+000  1.0102525224862273E+000  1.0097533486866037E+000
  1.0091802667295720E+000  1.0085374535662168E+000  1.0078296033607634E+000  1.0070618956719370E+000  1.0062399736823198E+000
  1.0053698913161271E+000  1.0044580865237516E+000  1.0035113293581972E+000  1.0025366840597632E+000  1.0015414485006522E+000
  1.0002687236757255E+000  9.9975783853923805E-001  9.9850755480262710E-001  9.9750568033387199E-001  9.9652143214507138E-001
  9.9556245312975344E-001  9.9463621122447687E-001  9.9374993402440326E-001  9.9291056130761901E-001  9.9212467817232441E-001
  9.9139847329948505E-001  9.9073766739812930E-001  9.9014748649371709E-001  9.8963260486253257E-001  9.8919709869787231E-001
  9.8884445169012136E-001  9.8857748465468265E-001  9.8839831920564236E-001  9.8830838078571925E-001  9.8830838078572381E-001
  9.8839831920565169E-001  9.8857748465469586E-001  9.8884445169013524E-001  9.8919709869789141E-001  9.8963260486255455E-001
  9.9014748649374185E-001  9.9073766739815983E-001  9.9139847329952024E-001  9.9212467817236605E-001  9.9291056130766886E-001
  9.9374993402445588E-001  9.9463621122453161E-001  9.9556245312980873E-001  9.9652143214512923E-001  9.9750568033392861E-001
  9.9850755480268139E-001  9.9975783853934996E-001
BLOCK 69   4.4806403613600638E+000
  1.0002734834644140E+000  1.0015710190180627E+000  1.0025862211287269E+000  1.0035804342537495E+000  1.0045462124486715E+000
  1.0054763488286440E+000  1.0063639323969484E+000  1.0072023993212589E+000  1.0079855643960305E+000  1.0087076787863412E+000
  1.0093634498075357E+000  1.0099480889268839E+000  1.0104573386488420E+000  1.0108874926025400E+000  1.0112354305425477E+000
  1.0114986236474270E+000  1.0116751509006467E+000  1.0117637325011160E+000  1.0117637325011242E+000  1.0116751509006667E+000
  1.0114986236474597E+000  1.0112354305425910E+000  1.0108874926025884E+000  1.0104573386488964E+000  1.0099480889269419E+000
  1.0093634498075983E+000  1.0087076787864024E+000  1.0079855643960902E+000  1.0072023993213131E+000  1.0063639323969948E+000
  1.0054763488286771E+000  1.0045462124486906E+000  1.0035804342537522E+000  1.0025862211287140E+000  1.0015710190180334E+000
  1.0002734834644407E+000  9.9975226294277741E-001  9.9847634894951498E-001  9.9745443644780463E-001  9.9645051557022091E-001
  9.9547238705776109E-001  9.9452766072778542E-001  9.9362371301622199E-001  9.9276761534948743E-001  9.9196608799734387E-001
  9.9122543201312663E-001  9.9055148863664222E-001  9.8994957617540291E-001  9.8942446068165402E-001  9.8898032836542005E-001
  9.8862070941461999E-001  9.8834846366531248E-001  9.8816574949591740E-001  9.8807401561359587E-001  9.8807401561359454E-001
  9.8816574949592129E-001  9.8834846366532114E-001  9.8862070941463187E-001  9.8898032836543226E-001  9.8942446068167256E-001
  9.8994957617542767E-001  9.9055148863666798E-001  9.9122543201315816E-001  9.9196608799738306E-001  9.9276761534953339E-001
  9.9362371301627439E-001  9.9452766072784204E-001  9.9547238705781971E-001  9.9645051557027786E-001  9.9745443644786203E-001
  9.9847634894957105E-001  9.9975226294288178E-001
BLOCK 70   4.5465321313800651E+000
  1.0002783420269326E+000  1.0016012689932747E+000  1.0026369223798124E+000  1.0036511768998051E+000  1.0046364379393364E+000
  1.0055853487119677E+000  1.0064908615799260E+000  1.0073462720218944E+000  1.0081452753244491E+000  1.0088819972499143E+000
  1.0095510430347194E+000  1.0101475247934173E+000  1.0106670936480435E+000  1.0111059712678807E+000  1.0114609593843418E+000
  1.0117294746538625E+000  1.0119095707789634E+000  1.0119999448334454E+000  1.0119999448334491E+000  1.0119095707789800E+000
  1.0117294746538912E+000  1.0114609593843784E+000  1.0111059712679271E+000  1.0106670936480955E+000  1.0101475247934733E+000
  1.0095510430347769E+000  1.0088819972499756E+000  1.0081452753245057E+000  1.0073462720219442E+000  1.0064908615799675E+000
  1.0055853487119983E+000  1.0046364379393522E+000  1.0036511768998067E+000  1.0026369223797968E+000  1.0016012689932454E+000
  1.0002783420269588E+000  9.9974653240352307E-001  9.9844434941892857E-001  9.9740191025558522E-001  9.9637784344595093E-001
  9.9538009976465047E-001  9.9441644673973173E-001  9.9349440142045664E-001  9.9262118029360635E-001  9.9180362917109899E-001
  9.9104817485791963E-001  9.9036076637237247E-001  9.8974684128629808E-001  9.8921127432511546E-001  9.8875831110584789E-001
  9.8839154468437629E-001  9.8811387310765164E-001  9.8792751226022457E-001  9.8783396568035053E-001  9.8783396568035209E-001
  9.8792751226022524E-001  9.8811387310765353E-001  9.8839154468438262E-001  9.8875831110586065E-001  9.8921127432512990E-001
  9.8974684128631585E-001  9.9036076637239989E-001  9.9104817485795282E-001  9.9180362917113463E-001  9.9262118029364943E-001
  9.9349440142050793E-001  9.9441644673978813E-001  9.9538009976470954E-001  9.9637784344601310E-001  9.9740191025564295E-001
  9.9844434941898152E-001  9.9974653240361921E-001
BLOCK 71   4.6124239014000663E+000
  1.0002833011052250E+000  1.0016322150513133E+000  1.0026888118641404E+000  1.0037235925407744E+000  1.0047288046932537E+000
  1.0056969446479052E+000  1.0066208163766635E+000  1.0074935832376413E+000  1.0083088046196960E+000  1.0090604917027308E+000
  1.0097431349493571E+000  1.0103517468221959E+000  1.0108818872926595E+000  1.0113296869431050E+000  1.0116918870648446E+000
  1.0119658581579620E+000  1.0121496188090826E+000  1.0122418393448800E+000  1.0122418393448851E+000  1.0121496188090959E+000
  1.0119658581579845E+000  1.0116918870648777E+000  1.0113296869431461E+000  1.0108818872927083E+000  1.0103517468222507E+000
  1.0097431349494159E+000  1.0090604917027852E+000  1.0083088046197481E+000  1.0074935832376872E+000  1.0066208163767001E+000
  1.0056969446479316E+000  1.0047288046932674E+000  1.0037235925407721E+000  1.0026888118641246E+000  1.0016322150512824E+000
  1.0002833011052532E+000  9.9974064379249572E-001  9.9841154031868407E-001  9.9734808154463661E-001  9.9630337976202976E-001
  9.9528555192870316E-001  9.9430251558971328E-001  9.9336194192742144E-001  9.9247118240457521E-001  9.9163721820635775E-001
  9.9086660262694704E-001  9.9016541827037530E-001  9.8953921525391098E-001  9.8899294559499573E-001  9.8853092804404685E-001
  9.8815681560198398E-001  9.8787359632338501E-001  9.8768352314921992E-001  9.8758809531401825E-001  9.8758809531401570E-001
  9.8768352314921848E-001  9.8787359632338545E-001  9.8815681560198576E-001  9.8853092804405163E-001  9.8899294559500905E-001
  9.8953921525393207E-001  9.9016541827039795E-001  9.9086660262697746E-001  9.9163721820639605E-001  9.9247118240461774E-001
  9.9336194192746852E-001  9.9430251558976812E-001  9.9528555192876422E-001  9.9630337976208994E-001  9.9734808154469434E-001
  9.9841154031873836E-001  9.9974064379258465E-001
BLOCK 72   4.6783156714200675E+000
  1.0002883646614322E+000  1.0016638700641798E+000  1.0027419152380581E+000  1.0037977134155769E+000  1.0048233575087380E+000
  1.0058111859552445E+000  1.0067538598823718E+000  1.0076443971761773E+000  1.0084762309888009E+000  1.0092432447713633E+000
  1.0099398165960256E+000  1.0105608489111828E+000  1.0111018016796751E+000  1.0115587333202227E+000  1.0119283225316349E+000
  1.0122078925641491E+000  1.0123954123910772E+000  1.0124895133258609E+000  1.0124895133258647E+000  1.0123954123910894E+000
  1.0122078925641702E+000  1.0119283225316629E+000  1.0115587333202609E+000  1.0111018016797217E+000  1.0105608489112368E+000
  1.0099398165960791E+000  1.0092432447714168E+000  1.0084762309888473E+000  1.0076443971762183E+000  1.0067538598824051E+000
  1.0058111859552668E+000  1.0048233575087477E+000  1.0037977134155749E+000  1.0027419152380412E+000  1.0016638700641500E+000
  1.0002883646614609E+000  9.9973459488880456E-001  9.9837790809568860E-001  9.9729292189230845E-001  9.9622709308963131E-001
  9.9518869813485089E-001  9.9418581668369377E-001  9.9322626436997874E-001  9.9231753959344748E-001  9.9146676678854884E-001
  9.9068064460677185E-001  9.8996537547110552E-001  9.8932659747007423E-001  9.8876935033414148E-001  9.8829804505112762E-001
  9.8791643254539985E-001  9.8762752991997327E-001  9.8743363235069104E-001  9.8733630108049453E-001  9.8733630108049342E-001
  9.8743363235068771E-001  9.8762752991996960E-001  9.8791643254539885E-001  9.8829804505113084E-001  9.8876935033415014E-001
  9.8932659747008955E-001  9.8996537547113050E-001  9.9068064460680227E-001  9.9146676678858403E-001  9.9231753959349078E-001
  9.9322626437002826E-001  9.9418581668374695E-001  9.9518869813490729E-001  9.9622709308968982E-001  9.9729292189236662E-001
  9.9837790809574267E-001  9.9973459488888694E-001
BLOCK 73   4.7442074414400688E+000
  1.0002935337415060E+000  1.0016962512193333E+000  1.0027962567886111E+000  1.0038735768277143E+000  1.0049201391220983E+000
  1.0059281283830623E+000  1.0068900517703239E+000  1.0077987887709943E+000  1.0086476336146828E+000  1.0094303438739405E+000
  1.0101411720003124E+000  1.0107749104122785E+000  1.0113269320752056E+000  1.0117932189976497E+000  1.0121703856644044E+000
  1.0124556866033620E+000  1.0126470478378886E+000  1.0127430818390695E+000  1.0127430818390739E+000  1.0126470478379002E+000
  1.0124556866033811E+000  1.0121703856644322E+000  1.0117932189976844E+000  1.0113269320752487E+000  1.0107749104123247E+000
  1.0101411720003624E+000  1.0094303438739878E+000  1.0086476336147270E+000  1.0077987887710316E+000  1.0068900517703523E+000
  1.0059281283830805E+000  1.0049201391221059E+000  1.0038735768277098E+000  1.0027962567885949E+000  1.0016962512193013E+000
  1.0002935337415346E+000  9.9972838261494268E-001  9.9834343689242033E-001  9.9723641147846764E-001  9.9614894982865421E-001
  9.9508949689009007E-001  9.9406628634638516E-001  9.9308729375701743E-001  9.9216017699233472E-001  9.9129221528321854E-001
  9.9049023221967580E-001  9.8976053021453336E-001  9.8910885919823299E-001  9.8854037305983489E-001  9.8805957590727000E-001
  9.8767026485058418E-001  9.8737553863108452E-001  9.8717774446850426E-001  9.8707844400513611E-001  9.8707844400513445E-001
  9.8717774446850037E-001  9.8737553863108041E-001  9.8767026485058163E-001  9.8805957590727067E-001  9.8854037305984011E-001
  9.8910885919824665E-001  9.8976053021455368E-001  9.9049023221970545E-001  9.9129221528325451E-001  9.9216017699237780E-001
  9.9308729375706661E-001  9.9406628634643868E-001  9.9508949689014281E-001  9.9614894982870905E-001  9.9723641147852293E-001
  9.9834343689247429E-001  9.9972838261501684E-001
BLOCK 74   4.8100992114600700E+000
  1.0002988123506551E+000  1.0017293713249582E+000  1.0028518622777285E+000  1.0039512155438817E+000  1.0050191958298214E+000
  1.0060478247783426E+000  1.0070294606783068E+000  1.0079568325338184E+000  1.0088230948864116E+000  1.0096218664211996E+000
  1.0103472798880395E+000  1.0109940267139819E+000  1.0115573881736797E+000  1.0120332616828684E+000  1.0124181796875171E+000
  1.0127093464728913E+000  1.0129046465319742E+000  1.0130026541886825E+000  1.0130026541886856E+000  1.0129046465319860E+000
  1.0127093464729091E+000  1.0124181796875440E+000  1.0120332616829029E+000  1.0115573881737152E+000  1.0109940267140229E+000
  1.0103472798880815E+000  1.0096218664212431E+000  1.0088230948864507E+000  1.0079568325338508E+000  1.0070294606783310E+000
  1.0060478247783577E+000  1.0050191958298276E+000  1.0039512155438752E+000  1.0028518622777074E+000  1.0017293713249236E+000
  1.0002988123506844E+000  9.9972200478980178E-001  9.9830811436666211E-001  9.9717852481116553E-001  9.9606891283155241E-001
  9.9498788813058203E-001  9.9394385754327030E-001  9.9294497022872241E-001  9.9199904499017810E-001  9.9111349209088351E-001
  9.9029525282286202E-001  9.8955076551201415E-001  9.8888590395314857E-001  9.8830591670186685E-001  9.8781538306212946E-001
  9.8741820058072527E-001  9.8711751594682073E-001  9.8691571276932855E-001  9.8681440983328705E-001  9.8681440983328517E-001
  9.8691571276932433E-001  9.8711751594681529E-001  9.8741820058072027E-001  9.8781538306212624E-001  9.8830591670187196E-001
  9.8888590395315845E-001  9.8955076551203136E-001  9.9029525282288700E-001  9.9111349209092026E-001  9.9199904499022162E-001
  9.9294497022876860E-001  9.9394385754331971E-001  9.9498788813063677E-001  9.9606891283160592E-001  9.9717852481121749E-001
  9.9830811436671285E-001  9.9972200478986917E-001
BLOCK 75   4.8759909814800713E+000
  1.0003042027664464E+000  1.0017632474801608E+000  1.0029087562114563E+000  1.0040306669893204E+000  1.0051205739188798E+000
  1.0061703377109394E+000  1.0071721555476918E+000  1.0081186030491984E+000  1.0090026849609803E+000  1.0098178898929426E+000
  1.0105582356592457E+000  1.0112183057873951E+000  1.0117932788916593E+000  1.0122789598562538E+000  1.0126718164944639E+000
  1.0129689898677194E+000  1.0131683167890544E+000  1.0132683476992399E+000  1.0132683476992432E+000  1.0131683167890644E+000
  1.0129689898677405E+000  1.0126718164944895E+000  1.0122789598562818E+000  1.0117932788916932E+000  1.0112183057874284E+000
  1.0105582356592819E+000  1.0098178898929775E+000  1.0090026849610123E+000  1.0081186030492262E+000  1.0071721555477142E+000
  1.0061703377109537E+000  1.0051205739188813E+000  1.0040306669893093E+000  1.0029087562114312E+000  1.0017632474801239E+000
  1.0003042027664757E+000  9.9971546040305981E-001  9.9827192752953708E-001  9.9711923215261411E-001  9.9598693094820856E-001
  9.9488381922989111E-001  9.9381848829259267E-001  9.9279925173034533E-001  9.9183406845256816E-001  9.9093048805876971E-001
  9.9009560702317145E-001  9.8933599190087984E-001  9.8865762205385765E-001  9.8806584936097164E-001  9.8756536180326260E-001
  9.8716011378433355E-001  9.8685332036550777E-001  9.8664742587235132E-001  9.8654406153411955E-001  9.8654406153411756E-001
  9.8664742587234755E-001  9.8685332036550188E-001  9.8716011378432900E-001  9.8756536180326260E-001  9.8806584936097230E-001
  9.8865762205386509E-001  9.8933599190089572E-001  9.9009560702319732E-001  9.9093048805879935E-001  9.9183406845260669E-001
  9.9279925173039241E-001  9.9381848829264297E-001  9.9488381922994129E-001  9.9598693094826030E-001  9.9711923215266574E-001
  9.9827192752958716E-001  9.9971546040311787E-001
BLOCK 76   4.9418827515000725E+000
  1.0003097110288688E+000  1.0017978960459473E+000  1.0029669651125515E+000  1.0041119682236626E+000  1.0052243264434926E+000
  1.0062957268612847E+000  1.0073182007250963E+000  1.0082841634941542E+000  1.0091864797036378E+000  1.0100185087251157E+000
  1.0107741438321340E+000  1.0114478504754754E+000  1.0120347044841225E+000  1.0125304288331383E+000  1.0129314098725741E+000
  1.0132347290051444E+000  1.0134381809183608E+000  1.0135402810015284E+000  1.0135402810015324E+000  1.0134381809183752E+000
  1.0132347290051622E+000  1.0129314098725970E+000  1.0125304288331658E+000  1.0120347044841500E+000  1.0114478504755058E+000
  1.0107741438321627E+000  1.0100185087251430E+000  1.0091864797036647E+000  1.0082841634941777E+000  1.0073182007251149E+000
  1.0062957268612949E+000  1.0052243264434910E+000  1.0041119682236468E+000  1.0029669651125246E+000  1.0017978960459091E+000
  1.0003097110289003E+000  9.9970874721514313E-001  9.9823484957853403E-001  9.9705848992188306E-001  9.9590296479892360E-001
  9.9477726129527499E-001  9.9369013722522925E-001  9.9265005962652264E-001  9.9166514876832246E-001  9.9074312162513700E-001
  9.8989120708195111E-001  9.8911609632536701E-001  9.8842389535017250E-001  9.8782006914304998E-001  9.8730937973356125E-001
  9.8689587520641908E-001  9.8658283599663177E-001  9.8637274227248362E-001  9.8626727469582298E-001  9.8626727469582109E-001
  9.8637274227247951E-001  9.8658283599662855E-001  9.8689587520641531E-001  9.8730937973355726E-001  9.8782006914305265E-001
  9.8842389535018127E-001  9.8911609632538156E-001  9.8989120708197198E-001  9.9074312162516520E-001  9.9166514876835810E-001
  9.9265005962656405E-001  9.9369013722527633E-001  9.9477726129532529E-001  9.9590296479897356E-001  9.9705848992193291E-001
  9.9823484957858344E-001  9.9970874721519420E-001
BLOCK 77   5.0077745215200737E+000
  1.0003153374849072E+000  1.0018333396767698E+000  1.0030265246620655E+000  1.0041951660067643E+000  1.0053305040530964E+000
  1.0064240458546820E+000  1.0074676524980959E+000  1.0084535870167222E+000  1.0093745699695915E+000  1.0102238202092768E+000
  1.0109951003665707E+000  1.0116827613510648E+000  1.0122817785523983E+000  1.0127877778773620E+000  1.0131970725071480E+000
  1.0135066845290430E+000  1.0137143569835667E+000  1.0138185758769152E+000  1.0138185758769214E+000  1.0137143569835771E+000
  1.0135066845290606E+000  1.0131970725071693E+000  1.0127877778773864E+000  1.0122817785524241E+000  1.0116827613510890E+000
  1.0109951003665949E+000  1.0102238202092988E+000  1.0093745699696111E+000  1.0084535870167401E+000  1.0074676524981083E+000
  1.0064240458546851E+000  1.0053305040530900E+000  1.0041951660067483E+000  1.0030265246620369E+000  1.0018333396767305E+000
  1.0003153374849387E+000  9.9970185464845940E-001  9.9819685240625322E-001  9.9699627855521467E-001  9.9581699987057215E-001
  9.9466817409920061E-001  9.9355872971983250E-001  9.9249731333790414E-001  9.9149221849999702E-001  9.9055130305088379E-001
  9.8968194363332729E-001  9.8889097388723191E-001  9.8818461851927430E-001  9.8756844035237090E-001  9.8704731412948232E-001
  9.8662535984289867E-001  9.8630591877174656E-001  9.8609153496854918E-001  9.8598391062716018E-001  9.8598391062715962E-001
  9.8609153496854807E-001  9.8630591877174267E-001  9.8662535984289346E-001  9.8704731412948143E-001  9.8756844035237334E-001
  9.8818461851928274E-001  9.8889097388724578E-001  9.8968194363334538E-001  9.9055130305090999E-001  9.9149221850002855E-001
  9.9249731333794144E-001  9.9355872971987402E-001  9.9466817409924824E-001  9.9581699987062255E-001  9.9699627855526474E-001
  9.9819685240630174E-001  9.9970185464850259E-001
BLOCK 78   5.0736662915400750E+000
  1.0003210786488903E+000  1.0018695931488153E+000  1.0030874723078429E+000  1.0042803050563980E+000  1.0054391512185925E+000
  1.0065553436952541E+000  1.0076205785264507E+000  1.0086269570499307E+000  1.0095670439873707E+000  1.0104339155552817E+000
  1.0112212063957995E+000  1.0119231492228269E+000  1.0125346085746567E+000  1.0130511225116328E+000  1.0134689268010049E+000
  1.0137849772335508E+000  1.0139969697855573E+000  1.0141033567540323E+000  1.0141033567540330E+000  1.0139969697855680E+000
  1.0137849772335663E+000  1.0134689268010240E+000  1.0130511225116527E+000  1.0125346085746774E+000  1.0119231492228469E+000
  1.0112212063958177E+000  1.0104339155552995E+000  1.0095670439873858E+000  1.0086269570499389E+000  1.0076205785264540E+000
  1.0065553436952530E+000  1.0054391512185841E+000  1.0042803050563776E+000  1.0030874723078151E+000  1.0018695931487756E+000
  1.0003210786489229E+000  9.9969477546293706E-001  9.9815792947885440E-001  9.9693258803341434E-001  9.9572899282787197E-001
  9.9455649082176278E-001  9.9342420245926044E-001  9.9234095142783241E-001  9.9131518625056880E-001  9.9035493402565122E-001
  9.8946772304835118E-001  9.8866051652723108E-001  9.8793966294306790E-001  9.8731085015651898E-001  9.8677903628464969E-001
  9.8634842854180194E-001  9.8602244342174217E-001  9.8580366304897304E-001  9.8569383369198071E-001  9.8569383369198027E-001
  9.8580366304897127E-001  9.8602244342173884E-001  9.8634842854180105E-001  9.8677903628464925E-001  9.8731085015652309E-001
  9.8793966294307378E-001  9.8866051652724241E-001  9.8946772304837016E-001  9.9035493402567165E-001  9.9131518625059634E-001
  9.9234095142786571E-001  9.9342420245929997E-001  9.9455649082180586E-001  9.9572899282791916E-001  9.9693258803346385E-001
  9.9815792947890392E-001  9.9969477546297270E-001
BLOCK 79   5.1395580615600762E+000
  1.0003269398769934E+000  1.0019066656712510E+000  1.0031498267914529E+000  1.0043674194646361E+000  1.0055503187916828E+000
  1.0066896878164318E+000  1.0077770545114768E+000  1.0088043516059029E+000  1.0097639871175959E+000  1.0106488921831409E+000
  1.0114525662546410E+000  1.0121691181099162E+000  1.0127933090781474E+000  1.0133205820384672E+000  1.0137470937088831E+000
  1.0140697315024905E+000  1.0142861435108526E+000  1.0143947491670211E+000  1.0143947491670273E+000  1.0142861435108601E+000
  1.0140697315025036E+000  1.0137470937088982E+000  1.0133205820384836E+000  1.0127933090781647E+000  1.0121691181099333E+000
  1.0114525662546576E+000  1.0106488921831531E+000  1.0097639871176027E+000  1.0088043516059055E+000  1.0077770545114739E+000
  1.0066896878164244E+000  1.0055503187916679E+000  1.0043674194646148E+000  1.0031498267914205E+000  1.0019066656712123E+000
  1.0003269398770265E+000  9.9968751656138011E-001  9.9811807731264224E-001  9.9686737883863807E-001  9.9563889406860706E-001
  9.9444216664024832E-001  9.9328649893830967E-001  9.9218088834712881E-001  9.9113396924318464E-001  9.9015392685353765E-001
  9.8924843575146204E-001  9.8842460585828984E-001  9.8768891894346400E-001  9.8704716441513518E-001  9.8650441168888592E-001
  9.8606495245619219E-001  9.8573226225516097E-001  9.8550898679134880E-001  9.8539689946932740E-001  9.8539689946932507E-001
  9.8550898679134635E-001  9.8573226225515997E-001  9.8606495245619330E-001  9.8650441168888980E-001  9.8704716441513662E-001
  9.8768891894347122E-001  9.8842460585830061E-001  9.8924843575147403E-001  9.9015392685355696E-001  9.9113396924320729E-001
  9.9218088834715801E-001  9.9328649893834497E-001  9.9444216664028895E-001  9.9563889406865069E-001  9.9686737883868426E-001
  9.9811807731269298E-001  9.9968751656140820E-001
BLOCK 80   5.2054498315800775E+000
  1.0003329359470410E+000  1.0019445777907459E+000  1.0032135972701570E+000  1.0044565328497344E+000  1.0056640592103085E+000
  1.0068271485753271E+000  1.0079371554796164E+000  1.0089858526740532E+000  1.0099654903572668E+000  1.0108688464993061E+000
  1.0116892808929230E+000  1.0124207819254700E+000  1.0130579985297918E+000  1.0135962800637175E+000  1.0140316972795855E+000
  1.0143610750174403E+000  1.0145820083811179E+000  1.0146928829445228E+000  1.0146928829445225E+000  1.0145820083811252E+000
  1.0143610750174497E+000  1.0140316972795975E+000  1.0135962800637315E+000  1.0130579985298060E+000  1.0124207819254845E+000
  1.0116892808929348E+000  1.0108688464993136E+000  1.0099654903572681E+000  1.0089858526740496E+000  1.0079371554796090E+000
  1.0068271485753126E+000  1.0056640592102877E+000  1.0044565328497062E+000  1.0032135972701244E+000  1.0019445777907023E+000
  1.0003329359470747E+000  9.9968008044881929E-001  9.9807726745819070E-001  9.9680061775142770E-001  9.9554666615158172E-001
  9.9432514358505730E-001  9.9314554220200690E-001  9.9201705461070067E-001  9.9094848164799187E-001  9.8994817606562369E-001
  9.8902397640361428E-001  9.8818313395254520E-001  9.8743225513727728E-001  9.8677725943581684E-001  9.8622331135853081E-001
  9.8577478637827098E-001  9.8543523998578642E-001  9.8520736047678137E-001  9.8509296348031250E-001  9.8509296348031250E-001
  9.8520736047678181E-001  9.8543523998578741E-001  9.8577478637827198E-001  9.8622331135853281E-001  9.8677725943582462E-001
  9.8743225513728350E-001  9.8818313395255253E-001  9.8902397640362616E-001  9.8994817606563701E-001  9.9094848164801286E-001
  9.9201705461072553E-001  9.9314554220203710E-001  9.9432514358509339E-001  9.9554666615162357E-001  9.9680061775147388E-001
  9.9807726745823711E-001  9.9968008044884060E-001
BLOCK 81   5.2713416016000787E+000
  1.0003390659013482E+000  1.0019833555031143E+000  1.0032788258311438E+000  1.0045476848006700E+000  1.0057804127589296E+000
  1.0069677822727221E+000  1.0081009615364920E+000  1.0091715516872652E+000  1.0101716461570556E+000  1.0110938747149358E+000
  1.0119314582667618E+000  1.0126782529387699E+000  1.0133287962617896E+000  1.0138783389166885E+000  1.0143228668713160E+000
  1.0146591361973500E+000  1.0148846941550209E+000  1.0149978901437418E+000  1.0149978901437453E+000  1.0148846941550225E+000
  1.0146591361973569E+000  1.0143228668713253E+000  1.0138783389166994E+000  1.0133287962618023E+000  1.0126782529387792E+000
  1.0119314582667678E+000  1.0110938747149376E+000  1.0101716461570531E+000  1.0091715516872568E+000  1.0081009615364760E+000
  1.0069677822727026E+000  1.0057804127589041E+000  1.0045476848006372E+000  1.0032788258311034E+000  1.0019833555030677E+000
  1.0003390659013824E+000  9.9967246088935535E-001  9.9803549587905160E-001  9.9673228540457459E-001  9.9545226095635830E-001
  9.9420536057425135E-001  9.9300127339857025E-001  9.9184936698836623E-001  9.9075862907729528E-001  9.8973758808072643E-001
  9.8879423644841424E-001  9.8793597515100373E-001  9.8716955374268089E-001  9.8650100143106345E-001  9.8593559176561030E-001
  9.8547779359485377E-001  9.8513122426559208E-001  9.8489863545450940E-001  9.8478187322917898E-001  9.8478187322918143E-001
  9.8489863545451173E-001  9.8513122426559241E-001  9.8547779359485566E-001  9.8593559176561474E-001  9.8650100143106756E-001
  9.8716955374268822E-001  9.8793597515101217E-001  9.8879423644842235E-001  9.8973758808074042E-001  9.9075862907731116E-001
  9.9184936698838810E-001  9.9300127339859712E-001  9.9420536057428488E-001  9.9545226095639716E-001  9.9673228540461578E-001
  9.9803549587909901E-001  9.9967246088936745E-001
BLOCK 82   5.3372333716200799E+000
  1.0003453302324410E+000  1.0020230115534456E+000  1.0033455513179848E+000  1.0046409293905068E+000  1.0058994313083276E+000
  1.0071116429248907E+000  1.0082685386778736E+000  1.0093615331843713E+000  1.0103825544359759E+000  1.0113240853426180E+000
  1.0121792069664601E+000  1.0129416475371842E+000  1.0136058249253970E+000  1.0141668850954286E+000  1.0146207312719622E+000
  1.0149640511447597E+000  1.0151943372481194E+000  1.0153099068251670E+000  1.0153099068251659E+000  1.0151943372481231E+000
  1.0149640511447626E+000  1.0146207312719686E+000  1.0141668850954362E+000  1.0136058249254032E+000  1.0129416475371900E+000
  1.0121792069664617E+000  1.0113240853426144E+000  1.0103825544359690E+000  1.0093615331843566E+000  1.0082685386778549E+000
  1.0071116429248657E+000  1.0058994313082965E+000  1.0046409293904677E+000  1.0033455513179395E+000  1.0020230115533959E+000
  1.0003453302324758E+000  9.9966465536115123E-001  9.9799274157071416E-001  9.9666234722768987E-001  9.9535564030083001E-001
  9.9408276697893827E-001  9.9285361099012714E-001  9.9167774074800841E-001  9.9056432333626521E-001  9.8952205572908880E-001
  9.8855910222105559E-001  9.8768301772125544E-001  9.8690068212102089E-001  9.8621825612283176E-001  9.8564111885936445E-001
  9.8517382385283270E-001  9.8482007096410706E-001  9.8458265899494779E-001  9.8446347695891789E-001  9.8446347695891634E-001
  9.8458265899494823E-001  9.8482007096411162E-001  9.8517382385283714E-001  9.8564111885936667E-001  9.8621825612283620E-001
  9.8690068212102600E-001  9.8768301772126188E-001  9.8855910222106647E-001  9.8952205572909668E-001  9.9056432333627931E-001
  9.9167774074802684E-001  9.9285361099015201E-001  9.9408276697896869E-001  9.9535564030086343E-001  9.9666234722772984E-001
  9.9799274157075590E-001  9.9966465536115623E-001
BLOCK 83   5.4031251416400812E+000
  1.0003517360530920E+000  1.0020635698445615E+000  1.0034137994400136E+000  1.0047363125042592E+000  1.0060211847157319E+000
  1.0072588008591883E+000  1.0084399525844832E+000  1.0095558730919252E+000  1.0105983118336248E+000  1.0115595884159418E+000
  1.0124326454195727E+000  1.0132110831817835E+000  1.0138892058767306E+000  1.0144620475359936E+000  1.0149254235305429E+000
  1.0152759526621287E+000  1.0155110759207941E+000  1.0156290714724139E+000  1.0156290714724161E+000  1.0155110759207957E+000
  1.0152759526621331E+000  1.0149254235305460E+000  1.0144620475359969E+000  1.0138892058767339E+000  1.0132110831817820E+000
  1.0124326454195702E+000  1.0115595884159350E+000  1.0105983118336088E+000  1.0095558730919070E+000  1.0084399525844598E+000
  1.0072588008591588E+000  1.0060211847156939E+000  1.0047363125042150E+000  1.0034137994399646E+000  1.0020635698445060E+000
  1.0003517360531264E+000  9.9965665799901471E-001  9.9794897817569372E-001  9.9659077643931926E-001  9.9525676542713792E-001
  9.9395730365664403E-001  9.9270249241430686E-001  9.9150209337664730E-001  9.9036546095633671E-001  9.8930147580807981E-001
  9.8831846340246066E-001  9.8742413239794324E-001  9.8662551290389766E-001  9.8592888648314403E-001  9.8533974188408990E-001
  9.8486273140877711E-001  9.8450162124063123E-001  9.8425927489197496E-001  9.8413761463771954E-001  9.8413761463772098E-001
  9.8425927489197573E-001  9.8450162124063245E-001  9.8486273140877933E-001  9.8533974188409401E-001  9.8592888648314736E-001
  9.8662551290390255E-001  9.8742413239794991E-001  9.8831846340246565E-001  9.8930147580809047E-001  9.9036546095634737E-001
  9.9150209337666428E-001  9.9270249241432773E-001  9.9395730365666968E-001  9.9525676542716957E-001  9.9659077643935345E-001
  9.9794897817573636E-001  9.9965665799901138E-001
BLOCK 84   5.4690169116600824E+000
  1.0003582844843353E+000  1.0021050506769691E+000  1.0034836090809676E+000  1.0048338767819820E+000  1.0061457237615714E+000
  1.0074093298636044E+000  1.0086152894805671E+000  1.0097546551281196E+000  1.0108190040171152E+000  1.0118004879483231E+000
  1.0126918936909597E+000  1.0134866906889672E+000  1.0141790665714603E+000  1.0147639555174977E+000  1.0152370798244623E+000
  1.0155949823756520E+000  1.0158350502522810E+000  1.0159555295400164E+000  1.0159555295400156E+000  1.0158350502522848E+000
  1.0155949823756552E+000  1.0152370798244654E+000  1.0147639555174965E+000  1.0141790665714558E+000  1.0134866906889628E+000
  1.0126918936909508E+000  1.0118004879483093E+000  1.0108190040171001E+000  1.0097546551280963E+000  1.0086152894805378E+000
  1.0074093298635691E+000  1.0061457237615308E+000  1.0048338767819327E+000  1.0034836090809123E+000  1.0021050506769118E+000
  1.0003582844843704E+000  9.9964846501875815E-001  9.9790418877548392E-001  9.9651752931125392E-001  9.9515558033797136E-001
  9.9382891807743456E-001  9.9254784655433337E-001  9.9132233853986862E-001  9.9016194957447523E-001  9.8907573613038746E-001
  9.8807219654276146E-001  9.8715919888124659E-001  9.8634391150070244E-001  9.8563275040124776E-001  9.8503131934572186E-001
  9.8454435984718658E-001  9.8417572300441325E-001  9.8392832341760050E-001  9.8380412763904002E-001  9.8380412763903924E-001
  9.8392832341760128E-001  9.8417572300441325E-001  9.8454435984718691E-001  9.8503131934572441E-001  9.8563275040125242E-001
  9.8634391150070666E-001  9.8715919888124892E-001  9.8807219654277012E-001  9.8907573613039290E-001  9.9016194957448844E-001
  9.9132233853988128E-001  9.9254784655435091E-001  9.9382891807745688E-001  9.9515558033799711E-001  9.9651752931128812E-001
  9.9790418877552456E-001  9.9964846501874849E-001
BLOCK 85   5.5349086816800837E+000
  1.0003649805637045E+000  1.0021474733181550E+000  1.0035550134146487E+000  1.0049336732638567E+000  1.0062731084781229E+000
  1.0075632965415573E+000  1.0087946334813458E+000  1.0099579778011778E+000  1.0110447311283706E+000  1.0120468824243369E+000
  1.0129570616283137E+000  1.0137685955999489E+000  1.0144755452807042E+000  1.0150727462528588E+000  1.0155558346935567E+000
  1.0159212790832355E+000  1.0161664072053702E+000  1.0162894239123288E+000  1.0162894239123308E+000  1.0161664072053698E+000
  1.0159212790832381E+000  1.0155558346935549E+000  1.0150727462528553E+000  1.0144755452806977E+000  1.0137685955999345E+000
  1.0129570616283001E+000  1.0120468824243203E+000  1.0110447311283477E+000  1.0099579778011509E+000  1.0087946334813132E+000
  1.0075632965415171E+000  1.0062731084780752E+000  1.0049336732638050E+000  1.0035550134145923E+000  1.0021474733180935E+000
  1.0003649805637396E+000  9.9964007492903006E-001  9.9785834893691971E-001  9.9644257471088882E-001  9.9505204014092730E-001
  9.9369754037207569E-001  9.9238960112530461E-001  9.9113840104258910E-001  9.8995369139990064E-001  9.8884472777991417E-001
  9.8782018248411863E-001  9.8688808035736741E-001  9.8605573953480563E-001  9.8532970489005345E-001  9.8471569470571030E-001
  9.8421855541428893E-001  9.8384221037039055E-001  9.8358964066404531E-001  9.8346284850115884E-001  9.8346284850115928E-001
  9.8358964066404186E-001  9.8384221037038910E-001  9.8421855541428882E-001  9.8471569470570930E-001  9.8532970489005400E-001
  9.8605573953480896E-001  9.8688808035737385E-001  9.8782018248412240E-001  9.8884472777992360E-001  9.8995369139990674E-001
  9.9113840104260109E-001  9.9238960112531893E-001  9.9369754037209357E-001  9.9505204014095316E-001  9.9644257471092101E-001
  9.9785834893696157E-001  9.9964007492901286E-001
BLOCK 86   5.6008004517000849E+000
  1.0003718288289318E+000  1.0021908614107295E+000  1.0036280433675102E+000  1.0050357445272022E+000  1.0064034014064249E+000
  1.0077207755269988E+000  1.0089780635972876E+000  1.0101659341191045E+000  1.0112756018919331E+000  1.0122988840155989E+000
  1.0132282605989387E+000  1.0140569162797157E+000  1.0147787770431409E+000  1.0153885665313871E+000  1.0158818376149230E+000
  1.0162549892691055E+000  1.0165052906165608E+000  1.0166309059994847E+000  1.0166309059994834E+000  1.0165052906165619E+000
  1.0162549892691024E+000  1.0158818376149197E+000  1.0153885665313849E+000  1.0147787770432510E+000  1.0140569162797068E+000
  1.0132282605989178E+000  1.0122988840155742E+000  1.0112756018919058E+000  1.0101659341190701E+000  1.0089780635972487E+000
  1.0077207755269548E+000  1.0064034014063727E+000  1.0050357445271454E+000  1.0036280433674503E+000  1.0021908614106678E+000
  1.0003718288289674E+000  9.9963147972159871E-001  9.9781143816717011E-001  9.9636587411165223E-001  9.9494608848635824E-001
  9.9356310843530049E-001  9.9222767688420133E-001  9.9095018497169085E-001  9.8974059328597130E-001  9.8860834460394509E-001
  9.8756229655641847E-001  9.8661064466641868E-001  9.8576085246258249E-001  9.8501959804453965E-001  9.8439271869958822E-001
  9.8388515649811992E-001  9.8350092440096759E-001  9.8324305997102068E-001  9.8311361105368777E-001  9.8311361105368544E-001
  9.8324305997101780E-001  9.8350092440096248E-001  9.8388515649811581E-001  9.8439271869958833E-001  9.8501959804453776E-001
  9.8576085246258360E-001  9.8661064466642090E-001  9.8756229655642513E-001  9.8860834460394820E-001  9.8974059328597952E-001
  9.9095018497169585E-001  9.9222767688421232E-001  9.9356310843531914E-001  9.9494608848638222E-001  9.9636587411168531E-001
  9.9781143816721152E-001  9.9963147972157496E-001
BLOCK 87   5.6666922217200861E+000
  1.0003788307117434E+000  1.0022352325064086E+000  1.0037027386976298E+000  1.0051401426283197E+000  1.0065366607835302E+000
  1.0078818415634210E+000  1.0091656707308745E+000  1.0103786182165164E+000  1.0115117173792165E+000  1.0125566121672644E+000
  1.0135056170963943E+000  1.0143517747273165E+000  1.0150888850586568E+000  1.0157115566983315E+000  1.0162152410999696E+000
  1.0165962663533834E+000  1.0168518519968957E+000  1.0169801216812897E+000  1.0169801216812888E+000  1.0168518519968885E+000
  1.0165962663533776E+000  1.0162152410999878E+000  1.0157115566983823E+000  1.0150888850586177E+000  1.0143517747273587E+000
  1.0135056170963990E+000  1.0125566121672309E+000  1.0115117173791772E+000  1.0103786182164765E+000  1.0091656707308287E+000
  1.0078818415633704E+000  1.0065366607834760E+000  1.0051401426282613E+000  1.0037027386975677E+000  1.0022352325063448E+000
  1.0003788307117791E+000  9.9962268029810630E-001  9.9776343362634168E-001  9.9628739012889644E-001  9.9483767989703276E-001
  9.9342555750487771E-001  9.9206199440153253E-001  9.9075760361003418E-001  9.8952254846917398E-001  9.8836647411503931E-001
  9.8729842131064360E-001  9.8632675607703657E-001  9.8545910211027921E-001  9.8470227412904687E-001  9.8406222455569869E-001
  9.8354400068877101E-001  9.8315169330450691E-001  9.8288841042933595E-001  9.8275624019662255E-001  9.8275624019662222E-001
  9.8288841042933173E-001  9.8315169330450292E-001  9.8354400068876491E-001  9.8406222455569181E-001  9.8470227412904643E-001
  9.8545910211027865E-001  9.8632675607703668E-001  9.8729842131064405E-001  9.8836647411504408E-001  9.8952254846917487E-001
  9.9075760361004173E-001  9.9206199440154341E-001  9.9342555750489336E-001  9.9483767989705763E-001  9.9628739012892831E-001
  9.9776343362638453E-001  9.9962268029807433E-001
BLOCK 88   5.7325839917400874E+000
  1.0003859906138297E+000  1.0022806080092106E+000  1.0037791293913467E+000  1.0052469156835866E+000  1.0066729529479552E+000
  1.0080465677890360E+000  1.0093575379887207E+000  1.0105961310520337E+000  1.0117531891105855E+000  1.0128201785466577E+000
  1.0137892559522477E+000  1.0146533089470453E+000  1.0154060090438914E+000  1.0160418512485665E+000  1.0165561906896161E+000
  1.0169452709987532E+000  1.0172062522697773E+000  1.0173372265075473E+000  1.0173372265075415E+000  1.0172062522697760E+000
  1.0169452709987818E+000  1.0165561906896443E+000  1.0160418512485399E+000  1.0154060090439130E+000  1.0146533089470093E+000
  1.0137892559522550E+000  1.0128201785466633E+000  1.0117531891105462E+000  1.0105961310519782E+000  1.0093575379886668E+000
  1.0080465677889812E+000  1.0066729529478964E+000  1.0052469156835246E+000  1.0037791293912810E+000  1.0022806080091291E+000
  1.0003859906138592E+000  9.9961366698299314E-001  9.9771431240041497E-001  9.9620708694837301E-001  9.9472675641182706E-001
  9.9328481880378527E-001  9.9189247580549678E-001  9.9056055889160299E-001  9.8929945153163046E-001  9.8811899725694019E-001
  9.8702842684692116E-001  9.8603628224743600E-001  9.8515034508146204E-001  9.8437757476403065E-001  9.8372404979274164E-001
  9.8319491501812428E-001  9.8279434874224181E-001  9.8252551924002252E-001  9.8239056430361460E-001  9.8239056430361238E-001
  9.8252551924001952E-001  9.8279434874223415E-001  9.8319491501811529E-001  9.8372404979273620E-001  9.8437757476402366E-001
  9.8515034508145949E-001  9.8603628224743411E-001  9.8702842684691905E-001  9.8811899725693608E-001  9.8929945153163423E-001
  9.9056055889160755E-001  9.9189247580550743E-001  9.9328481880380359E-001  9.9472675641185115E-001  9.9620708694840610E-001
  9.9771431240044317E-001  9.9961366698295029E-001
BLOCK 89   5.7984757617600886E+000
  1.0003933109259864E+000  1.0023270067750927E+000  1.0038572546028466E+000  1.0053561141905505E+000  1.0068123404181333E+000
  1.0082150341711500E+000  1.0095537564051726E+000  1.0108185713194069E+000  1.0120001249131956E+000  1.0130897044580507E+000
  1.0140793035403601E+000  1.0149616545761431E+000  1.0157302927505540E+000  1.0163795990642654E+000  1.0169048296063905E+000
  1.0173021474942154E+000  1.0175686492024216E+000  1.0177023899986772E+000  1.0177023899986928E+000  1.0175686492024620E+000
  1.0173021474942370E+000  1.0169048296063599E+000  1.0163795990642870E+000  1.0157302927505234E+000  1.0149616545761466E+000
  1.0140793035403257E+000  1.0130897044580280E+000  1.0120001249131907E+000  1.0108185713193663E+000  1.0095537564051085E+000
  1.0082150341710860E+000  1.0068123404182034E+000  1.0053561141904790E+000  1.0038572546027591E+000  1.0023270067750127E+000
  1.0003933109260268E+000  9.9960443709927060E-001  9.9766405373491074E-001  9.9612492618996895E-001  9.9461327112611086E-001
  9.9314082822558825E-001  9.9171903614055046E-001  9.9035895961502030E-001  9.8907119381624009E-001  9.8786579276377506E-001
  9.8675218119682351E-001  9.8573907901181956E-001  9.8483443188235265E-001  9.8404534472803851E-001  9.8337802299790744E-001
  9.8283772357329613E-001  9.8242870582487407E-001  9.8215420593898428E-001  9.8201640311556171E-001  9.8201640311555960E-001
  9.8215420593897673E-001  9.8242870582486597E-001  9.8283772357328847E-001  9.8337802299789667E-001  9.8404534472803040E-001
  9.8483443188234199E-001  9.8573907901181079E-001  9.8675218119681773E-001  9.8786579276377284E-001  9.8907119381623732E-001
  9.9035895961502640E-001  9.9171903614056256E-001  9.9314082822560612E-001  9.9461327112613240E-001  9.9612492618998161E-001
  9.9766405373494305E-001  9.9960443709923796E-001
BLOCK 90   5.8643675317800898E+000
  1.0004007974335538E+000  1.0023744542492139E+000  1.0039371470272702E+000  1.0054677870585920E+000  1.0069548869799736E+000
  1.0083873169208022E+000  1.0097544174608417E+000  1.0110460394315814E+000  1.0122526380984647E+000  1.0133653154348377E+000
  1.0143758918278782E+000  1.0152769475762213E+000  1.0160618826001577E+000  1.0167249526045783E+000  1.0172613133832009E+000
  1.0176670500222305E+000  1.0179392037263604E+000  1.0180757849293407E+000  1.0180757849293613E+000  1.0179392037263766E+000
  1.0176670500222271E+000  1.0172613133832211E+000  1.0167249526045452E+000  1.0160618826001606E+000  1.0152769475761882E+000
  1.0143758918278620E+000  1.0133653154348008E+000  1.0122526380984174E+000  1.0110460394315597E+000  1.0097544174608242E+000
  1.0083873169207973E+000  1.0069548869798643E+000  1.0054677870585671E+000  1.0039371470272145E+000  1.0023744542491313E+000
  1.0004007974335851E+000  9.9959498164354699E-001  9.9761262462581279E-001  9.9604086829871907E-001  9.9449716704422630E-001
  9.9299351421244697E-001  9.9154159472598913E-001  9.9015270289789914E-001  9.8883766306148912E-001  9.8760673721248549E-001
  9.8646954809017628E-001  9.8543500094448255E-001  9.8451120765932776E-001  9.8370542214291024E-001  9.8302398132047153E-001
  9.8247225122509230E-001  9.8205458628215470E-001  9.8177428613916407E-001  9.8163357411126562E-001  9.8163357411126184E-001
  9.8177428613915729E-001  9.8205458628214592E-001  9.8247225122508020E-001  9.8302398132046021E-001  9.8370542214289447E-001
  9.8451120765931444E-001  9.8543500094446901E-001  9.8646954809016552E-001  9.8760673721247938E-001  9.8883766306149057E-001
  9.9015270289790425E-001  9.9154159472600301E-001  9.9299351421245763E-001  9.9449716704423141E-001  9.9604086829874916E-001
  9.9761262462585254E-001  9.9959498164351057E-001
BLOCK 91   5.9302593018000911E+000
  1.0004084495414074E+000  1.0024229714297288E+000  1.0040188496211975E+000  1.0055819876540089E+000  1.0071006592595233E+000
  1.0085634954497265E+000  1.0099596097326742E+000  1.0112786442599484E+000  1.0125108470892736E+000  1.0136471335385808E+000
  1.0146791553205108E+000  1.0155993323823467E+000  1.0164009213340397E+000  1.0170780596104207E+000  1.0176258002087226E+000
  1.0180401491099662E+000  1.0183180833347212E+000  1.0184575679459296E+000  1.0184575679458994E+000  1.0183180833347019E+000
  1.0180401491099833E+000  1.0176258002087122E+000  1.0170780596104296E+000  1.0164009213340026E+000  1.0155993323823282E+000
  1.0146791553204686E+000  1.0136471335385415E+000  1.0125108470892392E+000  1.0112786442599278E+000  1.0099596097326762E+000
  1.0085634954496585E+000  1.0071006592594753E+000  1.0055819876539023E+000  1.0040188496211464E+000  1.0024229714296862E+000
  1.0004084495414363E+000  9.9958529958810216E-001  9.9756000770420217E-001  9.9595486917880560E-001  9.9437838886814034E-001
  9.9284281092308335E-001  9.9136006541421640E-001  9.8994169364955098E-001  9.8859874535912784E-001  9.8734170216142325E-001
  9.8618038942817121E-001  9.8512389774623277E-001  9.8418051137396390E-001  9.8335763799992337E-001  9.8266174791267602E-001
  9.8209832257841656E-001  9.8167180572626167E-001  9.8138556895872209E-001  9.8124187767284565E-001  9.8124187767281057E-001
  9.8138556895865936E-001  9.8167180572621482E-001  9.8209832257840257E-001  9.8266174791265870E-001  9.8335763799990716E-001
  9.8418051137394602E-001  9.8512389774621656E-001  9.8618038942815744E-001  9.8734170216141504E-001  9.8859874535912851E-001
  9.8994169364955775E-001  9.9136006541421340E-001  9.9284281092308579E-001  9.9437838886816676E-001  9.9595486917883369E-001
  9.9756000770424813E-001  9.9958529958807030E-001
BLOCK 92   5.9961510718200923E+000
  1.0004162742447598E+000  1.0024725784139963E+000  1.0041023955314901E+000  1.0056987704780798E+000  1.0072497227311021E+000
  1.0087436474599749E+000  1.0101694310999727E+000  1.0115164889140142E+000  1.0127748665318319E+000  1.0139352927876595E+000
  1.0149892320535927E+000  1.0159289500593964E+000  1.0167475613275105E+000  1.0174390795658308E+000  1.0179984590947946E+000
  1.0184216159830468E+000  1.0187054577593613E+000  1.0188479046716850E+000  1.0188479046716978E+000  1.0187054577593460E+000
  1.0184216159830095E+000  1.0179984590947984E+000  1.0174390795658135E+000  1.0167475613275043E+000  1.0159289500593496E+000
  1.0149892320535516E+000  1.0139352927876257E+000  1.0127748665318255E+000  1.0115164889139905E+000  1.0101694310998928E+000
  1.0087436474599405E+000  1.0072497227310380E+000  1.0056987704780265E+000  1.0041023955313915E+000  1.0024725784139159E+000
  1.0004162742448035E+000  9.9957538241529098E-001  9.9750617124985885E-001  9.9586688966215142E-001  9.9425687540812313E-001
  9.9268863730775414E-001  9.9117436133818504E-001  9.8972582707597789E-001  9.8835432490278619E-001  9.8707055838513880E-001
  9.8588456066688701E-001  9.8480561583009585E-001  9.8384218141069713E-001  9.8300182272869741E-001  9.8229114904297465E-001
  9.8171575629781460E-001  9.8128018156447616E-001  9.8098786335117938E-001  9.8084111815561970E-001  9.8084111815564456E-001
  9.8098786335118171E-001  9.8128018156443919E-001  9.8171575629774488E-001  9.8229114904294812E-001  9.8300182272868009E-001
  9.8384218141067825E-001  9.8480561583007653E-001  9.8588456066687391E-001  9.8707055838513302E-001  9.8835432490277708E-001
  9.8972582707596235E-001  9.9117436133818670E-001  9.9268863730777157E-001  9.9425687540814223E-001  9.9586688966219716E-001
  9.9750617124991403E-001  9.9957538241525146E-001
BLOCK 93   6.0620428418400936E+000
  1.0004242721649783E+000  1.0025233016428390E+000  1.0041878255352303E+000  1.0058181848723482E+000  1.0074021488371325E+000
  1.0089278622228632E+000  1.0103839734543969E+000  1.0117596808389044E+000  1.0130448194034836E+000  1.0142299192772872E+000
  1.0153062618868287E+000  1.0162659487267605E+000  1.0171019583623604E+000  1.0178081813955926E+000  1.0183794571183358E+000
  1.0188116136873360E+000  1.0191014919427503E+000  1.0192469694937625E+000  1.0192469694937485E+000  1.0191014919427459E+000
  1.0188116136873246E+000  1.0183794571182885E+000  1.0178081813955746E+000  1.0171019583623266E+000  1.0162659487267385E+000
  1.0153062618868050E+000  1.0142299192772772E+000  1.0130448194034367E+000  1.0117596808388398E+000  1.0103839734543634E+000
  1.0089278622227855E+000  1.0074021488370770E+000  1.0058181848722811E+000  1.0041878255351711E+000  1.0025233016427531E+000
  1.0004242721649894E+000  9.9956522823208904E-001  9.9745109593664893E-001  9.9577688682706111E-001  9.9413257132702726E-001
  9.9253092364881923E-001  9.9098438779504872E-001  9.8950499986387275E-001  9.8810428417035012E-001  9.8679317358853358E-001
  9.8558191740252254E-001  9.8447999635033279E-001  9.8349604971418181E-001  9.8263780229937270E-001  9.8191200158894854E-001
  9.8132436113673160E-001  9.8087951219291192E-001  9.8058096865216948E-001  9.8043109691397246E-001  9.8043109691396024E-001
  9.8058096865218791E-001  9.8087951219290304E-001  9.8132436113670585E-001  9.8191200158886893E-001  9.8263780229932474E-001
  9.8349604971416349E-001  9.8447999635032168E-001  9.8558191740251100E-001  9.8679317358851160E-001  9.8810428417032714E-001
  9.8950499986386742E-001  9.9098438779505105E-001  9.9253092364883455E-001  9.9413257132707045E-001  9.9577688682710297E-001
  9.9745109593667958E-001  9.9956522823203942E-001
BLOCK 94   6.1279346118600948E+000
  1.0004324504788040E+000  1.0025751592143211E+000  1.0042751752544130E+000  1.0059402886281088E+000  1.0075580047458101E+000
  1.0091162177111754E+000  1.0106033383894013E+000  1.0120083347092521E+000  1.0133208261560309E+000  1.0145311420009555E+000
  1.0156303821876647E+000  1.0166104870756378E+000  1.0174642830103293E+000  1.0181855308829613E+000  1.0187689628917564E+000
  1.0192103153444583E+000  1.0195063642917233E+000  1.0196549396046812E+000  1.0196549396046832E+000  1.0195063642917066E+000
  1.0192103153444365E+000  1.0187689628917338E+000  1.0181855308828966E+000  1.0174642830102958E+000  1.0166104870756314E+000
  1.0156303821876698E+000  1.0145311420009058E+000  1.0133208261559770E+000  1.0120083347092044E+000  1.0106033383893231E+000
  1.0091162177111255E+000  1.0075580047457373E+000  1.0059402886280393E+000  1.0042751752543426E+000  1.0025751592142491E+000
  1.0004324504788247E+000  9.9955482829189912E-001  9.9739474864088096E-001  9.9568481665833020E-001  9.9400541341380566E-001
  9.9236958840282230E-001  9.9079005401210585E-001  9.8927909835044847E-001  9.8784849646572637E-001  9.8650941199845987E-001
  9.8527231159598405E-001  9.8414688303590081E-001  9.8314194923590781E-001  9.8226539856939765E-001  9.8152411858046540E-001
  9.8092394208756128E-001  9.8046960116840109E-001  9.8016468673325419E-001  9.8001161758564104E-001  9.8001161758565025E-001
  9.8016468673322610E-001  9.8046960116840798E-001  9.8092394208754041E-001  9.8152411858044142E-001  9.8226539856932549E-001
  9.8314194923585052E-001  9.8414688303587772E-001  9.8527231159596151E-001  9.8650941199843567E-001  9.8784849646571138E-001
  9.8927909835043859E-001  9.9079005401211639E-001  9.9236958840285450E-001  9.9400541341383086E-001  9.9568481665834840E-001
  9.9739474864092115E-001  9.9955482829187547E-001
BLOCK 95   6.1938263818800960E+000
  1.0004408091088206E+000  1.0026281787195868E+000  1.0043644884721834E+000  1.0060651362634454E+000  1.0077173620380140E+000
  1.0093088040191847E+000  1.0108276268311185E+000  1.0122625616978007E+000  1.0136030078100022E+000  1.0148390975030832E+000
  1.0159617454405918E+000  1.0169627198033275E+000  1.0178346954987119E+000  1.0185712973642935E+000  1.0191671476923931E+000
  1.0196178986332607E+000  1.0199202523160908E+000  1.0200719916194696E+000  1.0200719916194609E+000  1.0199202523160764E+000
  1.0196178986332267E+000  1.0191671476923456E+000  1.0185712973642733E+000  1.0178346954986850E+000  1.0169627198033022E+000
  1.0159617454405467E+000  1.0148390975030603E+000  1.0136030078099572E+000  1.0122625616977285E+000  1.0108276268310605E+000
  1.0093088040191056E+000  1.0077173620379494E+000  1.0060651362633730E+000  1.0043644884721024E+000  1.0026281787195106E+000
  1.0004408091088346E+000  9.9954418068581807E-001  9.9733710850031931E-001  9.9559063554536353E-001  9.9387534235715347E-001
  9.9220455755299730E-001  9.9059126328854352E-001  9.8904801496879269E-001  9.8758683577784168E-001  9.8621913131102468E-001
  9.8495559415772826E-001  9.8380611506762727E-001  9.8277970654003943E-001  9.8188442349129934E-001  9.8112730071313425E-001
  9.8051429640111065E-001  9.8005024405058383E-001  9.7973881148571551E-001  9.7958246916943004E-001  9.7958246916943159E-001
  9.7973881148584552E-001  9.8005024405052932E-001  9.8051429640122467E-001  9.8112730071312682E-001  9.8188442349127769E-001
  9.8277970653997249E-001  9.8380611506753968E-001  9.8495559415768397E-001  9.8621913131100991E-001  9.8758683577783191E-001
  9.8904801496879968E-001  9.9059126328856117E-001  9.9220455755300341E-001  9.9387534235716246E-001  9.9559063554540972E-001
  9.9733710850039303E-001  9.9954418068577477E-001
BLOCK 96   6.2597181519000973E+000
  1.0004493553487539E+000  1.0026823812971699E+000  1.0044558023654784E+000  1.0061927833797124E+000  1.0078802946552048E+000
  1.0095057088398469E+000  1.0110569357244104E+000  1.0125224708102525E+000  1.0138914948526763E+000  1.0151539316181264E+000
  1.0163005042018445E+000  1.0173228071675260E+000  1.0182133584886224E+000  1.0189656526414768E+000  1.0195741966345655E+000
  1.0200345462942053E+000  1.0203433398792905E+000  1.0204983120162052E+000  1.0204983120161975E+000  1.0203433398792601E+000
  1.0200345462941729E+000  1.0195741966345455E+000  1.0189656526414583E+000  1.0182133584886000E+000  1.0173228071674689E+000
  1.0163005042018027E+000  1.0151539316180733E+000  1.0138914948526310E+000  1.0125224708102070E+000  1.0110569357243331E+000
  1.0095057088397787E+000  1.0078802946551244E+000  1.0061927833796320E+000  1.0044558023654044E+000  1.0026823812970793E+000
  1.0004493553487650E+000  9.9953327447758267E-001  9.9727814065242193E-001  9.9549429656988220E-001  9.9374229230857369E-001
  9.9203574474746148E-001  9.9038791735767939E-001  9.8881163160440100E-001  9.8731917340150011E-001  9.8592219223709954E-001
  9.8463160817067874E-001  9.8345752484814708E-001  9.8240914212049080E-001  9.8149468923821992E-001  9.8072135420759898E-001
  9.8009522461602716E-001  9.7962123636256804E-001  9.7930313491694587E-001  9.7914344438583956E-001  9.7914344438590672E-001
  9.7930313491689069E-001  9.7962123636263543E-001  9.8009522461596243E-001  9.8072135420768392E-001  9.8149468923822780E-001
  9.8240914212044139E-001  9.8345752484807814E-001  9.8463160817059192E-001  9.8592219223705135E-001  9.8731917340150777E-001
  9.8881163160441399E-001  9.9038791735767229E-001  9.9203574474746636E-001  9.9374229230861966E-001  9.9549429656993349E-001
  9.9727814065246223E-001  9.9953327447754825E-001
BLOCK 97   6.3256099219200985E+000
  1.0004580900769460E+000  1.0027377928097883E+000  1.0045491609117942E+000  1.0063232935434763E+000  1.0080468777892089E+000
  1.0097070163117559E+000  1.0112913661233516E+000  1.0127881811975465E+000  1.0141864236541633E+000  1.0154757891139750E+000
  1.0166468111461384E+000  1.0176909078925220E+000  1.0186004435011347E+000  1.0193687718699767E+000  1.0199902842188093E+000
  1.0204604440413114E+000  1.0207758147449262E+000  1.0209340873844701E+000  1.0209340873844561E+000  1.0207758147449055E+000
  1.0204604440412992E+000  1.0199902842187996E+000  1.0193687718699460E+000  1.0186004435010849E+000  1.0176909078924907E+000
  1.0166468111460756E+000  1.0154757891139139E+000  1.0141864236541043E+000  1.0127881811974888E+000  1.0112913661233014E+000
  1.0097070163116790E+000  1.0080468777891265E+000  1.0063232935433917E+000  1.0045491609116994E+000  1.0027377928097048E+000
  1.0004580900769482E+000  9.9952210900301774E-001  9.9721782063140418E-001  9.9539575273398251E-001  9.9360619986058596E-001
  9.9186307122184736E-001  9.9017991588055077E-001  9.8856983675472698E-001  9.8704538144197207E-001  9.8561844972608526E-001
  9.8430019507494837E-001  9.8310093387808672E-001  9.8203006797516967E-001  9.8109600203750469E-001  9.8030607896064170E-001
  9.7966651754255463E-001  9.7918236165470163E-001  9.7885743748734511E-001  9.7869432245877752E-001  9.7869432245865884E-001
  9.7885743748734422E-001  9.7918236165464523E-001  9.7966651754262413E-001  9.8030607896056599E-001  9.8109600203752467E-001
  9.8203006797519410E-001  9.8310093387804287E-001  9.8430019507489352E-001  9.8561844972602208E-001  9.8704538144191634E-001
  9.8856983675470378E-001  9.9017991588057208E-001  9.9186307122189343E-001  9.9360619986061449E-001  9.9539575273401693E-001
  9.9721782063146536E-001  9.9952210900297767E-001
BLOCK 98   6.3915016919400998E+000
  1.0004670190880049E+000  1.0027944371181119E+000  1.0046446080144440E+000  1.0064567207335446E+000  1.0082171798040287E+000
  1.0099128152739598E+000  1.0115310258891483E+000  1.0130598217732898E+000  1.0144879229698509E+000  1.0158048137241282E+000
  1.0170008230946588E+000  1.0180671924519655E+000  1.0189961246141244E+000  1.0197808357651390E+000  1.0204155981585961E+000
  1.0208957791176398E+000  1.0212178720828682E+000  1.0213795163218289E+000  1.0213795163218351E+000  1.0212178720828791E+000
  1.0208957791176367E+000  1.0204155981585639E+000  1.0197808357651044E+000  1.0189961246140911E+000  1.0180671924519007E+000
  1.0170008230946104E+000  1.0158048137240643E+000  1.0144879229697790E+000  1.0130598217732241E+000  1.0115310258890815E+000
  1.0099128152739008E+000  1.0082171798039505E+000  1.0064567207334465E+000  1.0046446080143510E+000  1.0027944371180080E+000
  1.0004670190880076E+000  9.9951067191450604E-001  9.9715611393616443E-001  9.9529495197478446E-001  9.9346699230294833E-001
  9.9168644686246921E-001  9.8996715888596776E-001  9.8832251158159301E-001  9.8676532507732284E-001  9.8530775264966552E-001
  9.8396118586890857E-001  9.8273616696888244E-001  9.8164229748412923E-001  9.8068816584695750E-001  9.7988127171144923E-001
  9.7922796814320623E-001  9.7873340840265033E-001  9.7840150248595936E-001  9.7823488255285151E-001  9.7823488255294344E-001
  9.7840150248588031E-001  9.7873340840261969E-001  9.7922796814310564E-001  9.7988127171149308E-001  9.8068816584690810E-001
  9.8164229748410614E-001  9.8273616696892585E-001  9.8396118586889691E-001  9.8530775264959947E-001  9.8676532507723946E-001
  9.8832251158154982E-001  9.8996715888597997E-001  9.9168644686249874E-001  9.9346699230299607E-001  9.9529495197483575E-001
  9.9715611393621695E-001  9.9951067191446941E-001
BLOCK 99   6.4573934619601010E+000
  1.0004761456216646E+000  1.0028523441266579E+000  1.0047421834362185E+000  1.0065931233266334E+000  1.0083912786868359E+000
  1.0101232042707675E+000  1.0117760320995985E+000  1.0133375113548073E+000  1.0147961314329692E+000  1.0161411503771258E+000
  1.0173626985567754E+000  1.0184518279623203E+000  1.0194005789779625E+000  1.0202020266138179E+000  1.0208503250683127E+000
  1.0213407445486939E+000  1.0216697042311882E+000  1.0218347974631312E+000  1.0218347974631430E+000  1.0216697042312006E+000
  1.0213407445486846E+000  1.0208503250682965E+000  1.0202020266137832E+000  1.0194005789779079E+000  1.0184518279622770E+000
  1.0173626985567064E+000  1.0161411503770630E+000  1.0147961314329035E+000  1.0133375113547289E+000  1.0117760320995233E+000
  1.0101232042706907E+000  1.0083912786867608E+000  1.0065931233265508E+000  1.0047421834361117E+000  1.0028523441265573E+000
  1.0004761456216573E+000  9.9949896153834827E-001  9.9709299016115216E-001  9.9519184584360865E-001  9.9332460550966239E-001
  9.9150579068071742E-001  9.8974954428556239E-001  9.8806953846302792E-001  9.8647886605520385E-001  9.8498994446262289E-001
  9.8361441382573367E-001  9.8236304124422036E-001  9.8124563839415690E-001  9.8027097617881220E-001  9.7944671872017752E-001
  9.7877935626920909E-001  9.7827415228755454E-001  9.7793510035035047E-001  9.7776489225229479E-001  9.7776489225220109E-001
  9.7793510035038700E-001  9.7827415228747672E-001  9.7877935626916279E-001  9.7944671872005751E-001  9.8027097617882819E-001
  9.8124563839416190E-001  9.8236304124418083E-001  9.8361441382574100E-001  9.8498994446261146E-001  9.8647886605517154E-001
  9.8806953846298085E-001  9.8974954428551143E-001  9.9150579068072464E-001  9.9332460550971047E-001  9.9519184584367582E-001
  9.9709299016122077E-001  9.9949896153830897E-001
BLOCK 100   6.5232852319801022E+000
  1.0004854743648854E+000  1.0029115302028619E+000  1.0048419264325887E+000  1.0067325608466531E+000  1.0085692575973999E+000
  1.0103382818548761E+000  1.0120264897707185E+000  1.0136213772453677E+000  1.0151111872780942E+000  1.0164849544634558E+000
  1.0177325977524196E+000  1.0188449850960131E+000  1.0198139877004400E+000  1.0206325353344519E+000  1.0212946615107910E+000
  1.0217955409076789E+000  1.0221315188134812E+000  1.0223001326954457E+000  1.0223001326954337E+000  1.0221315188134694E+000
  1.0217955409076835E+000  1.0212946615107781E+000  1.0206325353344190E+000  1.0198139877003973E+000  1.0188449850959480E+000
  1.0177325977523641E+000  1.0164849544633847E+000  1.0151111872780187E+000  1.0136213772452956E+000  1.0120264897706346E+000
  1.0103382818547901E+000  1.0085692575973133E+000  1.0067325608465647E+000  1.0048419264325037E+000  1.0029115302027534E+000
  1.0004854743648739E+000  9.9948696587847974E-001  9.9702841356875616E-001  9.9508637859608506E-001  9.9317896712249865E-001
  9.9132101278326179E-001  9.8952696327127387E-001  9.8781078600256678E-001  9.8618585945435844E-001  9.8466486901913186E-001
  9.8325970611993685E-001  9.8198137407442831E-001  9.8083989388421700E-001  9.7984422959460182E-001  9.7900220876325017E-001
  9.7832046189992827E-001  9.7780436671162763E-001  9.7745800437214247E-001  9.7728412500292439E-001  9.7728412500298145E-001
  9.7745800437203822E-001  9.7780436671161219E-001  9.7832046189985367E-001  9.7900220876321242E-001  9.7984422959450224E-001
  9.8083989388418846E-001  9.8198137407443209E-001  9.8325970611989211E-001  9.8466486901915207E-001  9.8618585945437465E-001
  9.8781078600253591E-001  9.8952696327123868E-001  9.9132101278322926E-001  9.9317896712250731E-001  9.9508637859614080E-001
  9.9702841356884686E-001  9.9948696587845420E-001
BLOCK 101   6.5891770020001035E+000
  1.0004950035737714E+000  1.0029720204586816E+000  1.0049438840227454E+000  1.0068751049453752E+000  1.0087511998100713E+000
  1.0105581433088306E+000  1.0122825165531937E+000  1.0139115472036870E+000  1.0154332345170904E+000  1.0168363777211169E+000
  1.0181106872635519E+000  1.0192468371710879E+000  1.0202365310613535E+000  1.0210725510990812E+000  1.0217488068610208E+000
  1.0222603724445063E+000  1.0226035162609945E+000  1.0227757276467266E+000  1.0227757276467255E+000  1.0226035162609834E+000
  1.0222603724444834E+000  1.0217488068610074E+000  1.0210725510990617E+000  1.0202365310613111E+000  1.0192468371710379E+000
  1.0181106872634804E+000  1.0168363777210483E+000  1.0154332345170138E+000  1.0139115472036002E+000  1.0122825165531102E+000
  1.0105581433087405E+000  1.0087511998099772E+000  1.0068751049452831E+000  1.0049438840226497E+000  1.0029720204585821E+000
  1.0004950035737465E+000  9.9947468159301522E-001  9.9696235903407027E-001  9.9497850724661097E-001  9.9303000960729149E-001
  9.9113202283217428E-001  9.8929930582929015E-001  9.8754612882123560E-001  9.8588616107181226E-001  9.8433236456951256E-001
  9.8289688893001614E-001  9.8159097433501508E-001  9.8042486362008974E-001  9.7940771177004415E-001  9.7854751704255682E-001
  9.7785105289375340E-001  9.7732381455323614E-001  9.7696997309865941E-001  9.7679233997473291E-001  9.7679233997465376E-001
  9.7696997309867606E-001  9.7732381455313977E-001  9.7785105289371621E-001  9.7854751704249643E-001  9.7940771176998964E-001
  9.8042486361998260E-001  9.8159097433495734E-001  9.8289688893006089E-001  9.8433236456948670E-001  9.8588616107180316E-001
  9.8754612882126802E-001  9.8929930582928716E-001  9.9113202283215251E-001  9.9303000960727417E-001  9.9497850724663572E-001
  9.9696235903414587E-001  9.9947468159299624E-001
BLOCK 102   6.6550687720201047E+000
  1.0005047375109759E+000  1.0030338380405803E+000  1.0050481025675155E+000  1.0070208147352211E+000  1.0089371850863504E+000
  1.0107828900089082E+000  1.0125442237098492E+000  1.0142081563171164E+000  1.0157624162693641E+000  1.0171955789208562E+000
  1.0184971349126577E+000  1.0196575651226076E+000  1.0206683995354489E+000  1.0215222722759609E+000  1.0222129650991627E+000
  1.0227354474477444E+000  1.0230859122481342E+000  1.0232617966774651E+000  1.0232617966774631E+000  1.0230859122481224E+000
  1.0227354474477244E+000  1.0222129650991323E+000  1.0215222722759334E+000  1.0206683995354224E+000  1.0196575651225588E+000
  1.0184971349125995E+000  1.0171955789207772E+000  1.0157624162692807E+000  1.0142081563170300E+000  1.0125442237097528E+000
  1.0107828900088158E+000  1.0089371850862578E+000  1.0070208147351178E+000  1.0050481025674014E+000  1.0030338380404422E+000
  1.0005047375109519E+000  9.9946209353902626E-001  9.9689478668903508E-001  9.9486817498107671E-001  9.9287765728829391E-001
  9.9093872241966163E-001  9.8906645411038630E-001  9.8727543225066339E-001  9.8557962143219069E-001  9.8399226572899967E-001
  9.8252578058872753E-001  9.8119165256882190E-001  9.8000034273672276E-001  9.7896120811530329E-001  9.7808241954966246E-001
  9.7737089923031473E-001  9.7683226241213983E-001  9.7647077089380796E-001  9.7628929625319349E-001  9.7628929625324035E-001
  9.7647077089373147E-001  9.7683226241213816E-001  9.7737089923023590E-001  9.7808241954957653E-001  9.7896120811522136E-001
  9.8000034273668624E-001  9.8119165256876162E-001  9.8252578058863371E-001  9.8399226572903042E-001  9.8557962143220701E-001
  9.8727543225064929E-001  9.8906645411041605E-001  9.9093872241968706E-001  9.9287765728830368E-001  9.9486817498108771E-001
  9.9689478668907971E-001  9.9946209353898618E-001
BLOCK 103   6.7209605420401060E+000
  1.0005146810425163E+000  1.0030970153736405E+000  1.0051546261171005E+000  1.0071697573101177E+000  1.0091272985556901E+000
  1.0110126210995147E+000  1.0128117367170035E+000  1.0145113332388691E+000  1.0160988845643553E+000  1.0175627179292073E+000
  1.0188921127974946E+000  1.0200773508075529E+000  1.0211097863932883E+000  1.0219818978927964E+000  1.0226873382764881E+000
  1.0232209747654515E+000  1.0235789192962663E+000  1.0237585565539224E+000  1.0237585565539142E+000  1.0235789192962530E+000
  1.0232209747654331E+000  1.0226873382764610E+000  1.0219818978927615E+000  1.0211097863932499E+000  1.0200773508075178E+000
  1.0188921127974389E+000  1.0175627179291376E+000  1.0160988845642664E+000  1.0145113332387743E+000  1.0128117367169116E+000
  1.0110126210994179E+000  1.0091272985555850E+000  1.0071697573099956E+000  1.0051546261169559E+000  1.0030970153735084E+000
  1.0005146810425032E+000  9.9944920078541266E-001  9.9682566258152794E-001  9.9475532470138461E-001  9.9272183584380636E-001
  9.9074102219948668E-001  9.8882829749117418E-001  9.8699856269683928E-001  9.8526608826155571E-001  9.8364440552770227E-001
  9.8214619979094853E-001  9.8078320689143816E-001  9.7956611887435341E-001  9.7850449350326074E-001  9.7760668269954443E-001
  9.7687975982684760E-001  9.7632946219045691E-001  9.7596014363358652E-001  9.7577473951786897E-001  9.7577473951781935E-001
  9.7596014363361727E-001  9.7632946219037964E-001  9.7687975982678665E-001  9.7760668269946949E-001  9.7850449350318724E-001
  9.7956611887427592E-001  9.8078320689137732E-001  9.8214619979092099E-001  9.8364440552761556E-001  9.8526608826155770E-001
  9.8699856269688535E-001  9.8882829749118240E-001  9.9074102219952609E-001  9.9272183584386564E-001  9.9475532470142658E-001
  9.9682566258154737E-001  9.9944920078535426E-001
BLOCK 104   6.7868523120601072E+000
  1.0005248399475051E+000  1.0031615760455499E+000  1.0052635019529710E+000  1.0073219937499145E+000  1.0093216209964617E+000
  1.0112474450834248E+000  1.0130851723211041E+000  1.0148212159756731E+000  1.0164427823807576E+000  1.0179379612557546E+000
  1.0192958006961128E+000  1.0205063851154046E+000  1.0215608885802463E+000  1.0224516336231533E+000  1.0231721415321202E+000
  1.0237171722159970E+000  1.0240827594322188E+000  1.0242662333322226E+000  1.0242662333322226E+000  1.0240827594322053E+000
  1.0237171722159752E+000  1.0231721415320969E+000  1.0224516336231213E+000  1.0215608885802052E+000  1.0205063851153544E+000
  1.0192958006960635E+000  1.0179379612556880E+000  1.0164427823806794E+000  1.0148212159755805E+000  1.0130851723210041E+000
  1.0112474450833169E+000  1.0093216209963281E+000  1.0073219937497646E+000  1.0052635019528422E+000  1.0031615760454444E+000
  1.0005248399475035E+000  9.9943598975449943E-001  9.9675494478452709E-001  9.9463989078898563E-001  9.9256245834655499E-001
  9.9053881685187428E-001  9.8858471586034025E-001  9.8671538343736287E-001  9.8494540503532546E-001  9.8328860928685147E-001
  9.8175795599654581E-001  9.8036543664247744E-001  9.7912197581630078E-001  9.7803734463780423E-001  9.7712007516934762E-001
  9.7637739519924027E-001  9.7581516756336695E-001  9.7543784232273878E-001  9.7524841857075384E-001  9.7524841857078470E-001
  9.7543784232266717E-001  9.7581516756334052E-001  9.7637739519917710E-001  9.7712007516928123E-001  9.7803734463772929E-001
  9.7912197581621363E-001  9.8036543664241205E-001  9.8175795599647508E-001  9.8328860928683726E-001  9.8494540503526329E-001
  9.8671538343735044E-001  9.8858471586041852E-001  9.9053881685192902E-001  9.9256245834660028E-001  9.9463989078904491E-001
  9.9675494478458937E-001  9.9943598975443970E-001
BLOCK 105   6.8527440820801084E+000
  1.0005352161562953E+000  1.0032275527314245E+000  1.0053747796862464E+000  1.0074775980791493E+000  1.0095202464027626E+000
  1.0114874622819163E+000  1.0133646534571783E+000  1.0151379417394386E+000  1.0167942687015770E+000  1.0183214723204517E+000
  1.0197083788900529E+000  1.0209448589329042E+000  1.0220219063007543E+000  1.0229316868668281E+000  1.0236675874122363E+000
  1.0242242602513003E+000  1.0245976561428412E+000  1.0247850487270254E+000  1.0247850487270180E+000  1.0245976561428329E+000
  1.0242242602512857E+000  1.0236675874122083E+000  1.0229316868667979E+000  1.0220219063007141E+000  1.0209448589328523E+000
  1.0197083788899906E+000  1.0183214723203933E+000  1.0167942687015092E+000  1.0151379417393573E+000  1.0133646534570657E+000
  1.0114874622817704E+000  1.0095202464026145E+000  1.0074775980790198E+000  1.0053747796861390E+000  1.0032275527313410E+000
  1.0005352161562868E+000  9.9942245753180992E-001  9.9668260282712084E-001  9.9452182011802015E-001  9.9239944607570107E-001
  9.9033200461226878E-001  9.8833558870660188E-001  9.8642575833952439E-001  9.8461741811081926E-001  9.8292470109056684E-001
  9.8136085413503360E-001  9.7993813049200917E-001  9.7866769396414310E-001  9.7755952691674464E-001  9.7662235085667581E-001
  9.7586355103469413E-001  9.7528911889422587E-001  9.7490360188836267E-001  9.7471006521024917E-001  9.7471006521018955E-001
  9.7490360188834513E-001  9.7528911889416603E-001  9.7586355103464939E-001  9.7662235085660920E-001  9.7755952691666048E-001
  9.7866769396407838E-001  9.7993813049191481E-001  9.8136085413496843E-001  9.8292470109049446E-001  9.8461741811082060E-001
  9.8642575833951784E-001  9.8833558870659499E-001  9.9033200461234516E-001  9.9239944607578123E-001  9.9452182011807821E-001
  9.9668260282719123E-001  9.9942245753176950E-001
BLOCK 106   6.9186358521001097E+000
  1.0005458135404457E+000  1.0032949666916842E+000  1.0054885103422142E+000  1.0076366409446000E+000  1.0097232584648794E+000
  1.0117327798836360E+000  1.0136502997417414E+000  1.0154616520824404E+000  1.0171534992002329E+000  1.0187134282755739E+000
  1.0201300285278279E+000  1.0213929676284981E+000  1.0224930486008599E+000  1.0234222749519664E+000  1.0241739009383279E+000
  1.0247424679587924E+000  1.0251238408495038E+000  1.0253152364163858E+000  1.0253152364163869E+000  1.0251238408494945E+000
  1.0247424679587782E+000  1.0241739009383091E+000  1.0234222749519299E+000  1.0224930486008164E+000  1.0213929676284490E+000
  1.0201300285277690E+000  1.0187134282755141E+000  1.0171534992001652E+000  1.0154616520823423E+000  1.0136502997416119E+000
  1.0117327798834950E+000  1.0097232584647455E+000  1.0076366409444908E+000  1.0054885103421225E+000  1.0032949666915743E+000
  1.0005458135404197E+000  9.9940858801012533E-001  9.9660859074905261E-001  9.9440104686499342E-001  9.9223271332598872E-001
  9.9012047724781937E-001  9.8808078522544585E-001  9.8612953662055192E-001  9.8428196091427755E-001  9.8255250173691555E-001
  9.8095469862707119E-001  9.7950107777911388E-001  9.7820304685600967E-001  9.7707080622362619E-001  9.7611326604890425E-001
  9.7533797609280171E-001  9.7475105893113656E-001  9.7435716132293049E-001  9.7415941681468854E-001  9.7415941681471596E-001
  9.7435716132288808E-001  9.7475105893109015E-001  9.7533797609272999E-001  9.7611326604883542E-001  9.7707080622356868E-001
  9.7820304685590864E-001  9.7950107777904427E-001  9.8095469862698226E-001  9.8255250173687103E-001  9.8428196091422826E-001
  9.8612953662056224E-001  9.8808078522547194E-001  9.9012047724781960E-001  9.9223271332605723E-001  9.9440104686510500E-001
  9.9660859074914132E-001  9.9940858801008003E-001
BLOCK 107   6.9845276221201109E+000
  1.0005566666785306E+000  1.0033638491410914E+000  1.0056047399084662E+000  1.0077991906041728E+000  1.0099307516286427E+000
  1.0119835071817416E+000  1.0139422422365225E+000  1.0157924900315884E+000  1.0175206345558929E+000  1.0191139994368765E+000
  1.0205609410815843E+000  1.0218509087817642E+000  1.0229745213918267E+000  1.0239236170354862E+000  1.0246913074627257E+000
  1.0252720226881540E+000  1.0256615439637189E+000  1.0258570293809088E+000  1.0258570293809037E+000  1.0256615439637133E+000
  1.0252720226881438E+000  1.0246913074627024E+000  1.0239236170354571E+000  1.0229745213917847E+000  1.0218509087817165E+000
  1.0205609410815411E+000  1.0191139994368090E+000  1.0175206345557914E+000  1.0157924900314694E+000  1.0139422422364011E+000
  1.0119835071816325E+000  1.0099307516285441E+000  1.0077991906040649E+000  1.0056047399083410E+000  1.0033638491409678E+000
  1.0005566666785046E+000  9.9881064595501379E-001  9.9653280957135160E-001  9.9427750465616238E-001  9.9206218153034054E-001
  9.8990413547294243E-001  9.8782018145490191E-001  9.8582656965230087E-001  9.8393886449103263E-001  9.8217182600265296E-001
  9.8053929153291919E-001  9.7905406277474671E-001  9.7772780162765405E-001  9.7657093342484780E-001  9.7559256370318748E-001
  9.7480040416038549E-001  9.7420071345653858E-001  9.7379824252698921E-001  9.7359619346737059E-001  9.7359619346734116E-001
  9.7379824252697966E-001  9.7420071345649040E-001  9.7480040416032154E-001  9.7559256370311254E-001  9.7657093342474899E-001
  9.7772780162759432E-001  9.7905406277465001E-001  9.8053929153286301E-001  9.8217182600258413E-001  9.8393886449100454E-001
  9.8582656965226501E-001  9.8782018145490635E-001  9.8990413547300216E-001  9.9206218153037473E-001  9.9427750465622688E-001
  9.9653280957148083E-001  9.9881064595514601E-001
BLOCK 108   7.0504193921401122E+000
  1.0005677836316398E+000  1.0034343290671401E+000  1.0057235230283936E+000  1.0079653005920179E+000  1.0101428053888972E+000
  1.0122397543693378E+000  1.0142406093789214E+000  1.0161306035178246E+000  1.0178958346792950E+000  1.0195233654252498E+000
  1.0210013058137388E+000  1.0223188911756598E+000  1.0234665440909501E+000  1.0244359366566511E+000  1.0252200391979369E+000
  1.0258131650049567E+000  1.0262110086893075E+000  1.0264106708762977E+000  1.0264106708762974E+000  1.0262110086893006E+000
  1.0258131650049418E+000  1.0252200391979167E+000  1.0244359366566231E+000  1.0234665440909230E+000  1.0223188911756258E+000
  1.0210013058136749E+000  1.0195233654251596E+000  1.0178958346791844E+000  1.0161306035177082E+000  1.0142406093788234E+000
  1.0122397543692536E+000  1.0101428053888020E+000  1.0079653005919003E+000  1.0057235230282688E+000  1.0034343290669945E+000
  1.0005677836315818E+000  9.9878255688214990E-001  9.9645525739866680E-001  9.9415101783485604E-001  9.9188772311551565E-001
  9.8968286628866731E-001  9.8755364713105898E-001  9.8551670535658897E-001  9.8358795499550855E-001  9.8178248123332945E-001
  9.8011442381037317E-001  9.7859686614116637E-001  9.7724172735918968E-001  9.7605966482861628E-001  9.7505998505584901E-001
  9.7425057045571795E-001  9.7363781457222953E-001  9.7322657270571333E-001  9.7302012024570861E-001  9.7302012024570672E-001
  9.7322657270567070E-001  9.7363781457219400E-001  9.7425057045566066E-001  9.7505998505575642E-001  9.7605966482853912E-001
  9.7724172735908243E-001  9.7859686614111718E-001  9.8011442381029668E-001  9.8178248123327860E-001  9.8358795499544782E-001
  9.8551670535656899E-001  9.8755364713105287E-001  9.8968286628867774E-001  9.9188772311559348E-001  9.9415101783493609E-001
  9.9645525739874630E-001  9.9878255688229223E-001
BLOCK 109   7.1163111621601134E+000
  1.0005790844678262E+000  1.0035063395975183E+000  1.0058450292388867E+000  1.0081351019654488E+000  1.0103595065293671E+000
  1.0125016200195855E+000  1.0145455357470456E+000  1.0164761445024062E+000  1.0182792693888820E+000  1.0199417053769881E+000
  1.0214513195221118E+000  1.0227971204907427E+000  1.0239693348207808E+000  1.0249594611650590E+000  1.0257603275909963E+000
  1.0263661316667090E+000  1.0267724771108755E+000  1.0269764044681449E+000  1.0269764044681406E+000  1.0267724771108668E+000
  1.0263661316666952E+000  1.0257603275909795E+000  1.0249594611650452E+000  1.0239693348207577E+000  1.0227971204906927E+000
  1.0214513195220318E+000  1.0199417053768849E+000  1.0182792693887810E+000  1.0164761445023196E+000  1.0145455357469617E+000
  1.0125016200194923E+000  1.0103595065292652E+000  1.0081351019653397E+000  1.0058450292387384E+000  1.0035063395973289E+000
  1.0005790844677751E+000  9.9875377543951160E-001  9.9637600304687934E-001  9.9402170149862590E-001  9.9170918189987900E-001
  9.8945648827233734E-001  9.8728104402459826E-001  9.8519980105647076E-001  9.8322906520215725E-001  9.8138427407939899E-001
  9.7967988146531970E-001  9.7812925690164876E-001  9.7674458049492807E-001  9.7553674423045034E-001  9.7451526291429624E-001
  9.7368819398063011E-001  9.7306207315567927E-001  9.7264186096236549E-001  9.7243090329097315E-001  9.7243090329096293E-001
  9.7264186096234417E-001  9.7306207315561621E-001  9.7368819398055328E-001  9.7451526291418733E-001  9.7553674423032000E-001
  9.7674458049481627E-001  9.7812925690154739E-001  9.7967988146526563E-001  9.8138427407933315E-001  9.8322906520211450E-001
  9.8519980105642879E-001  9.8728104402458938E-001  9.8945648827236443E-001  9.9170918189991264E-001  9.9402170149871649E-001
  9.9637600304700469E-001  9.9875377543963006E-001
BLOCK 110   7.1822029321801146E+000
  1.0005906241606191E+000  1.0035798464969246E+000  1.0059691414676699E+000  1.0083087216442170E+000  1.0105810392242554E+000
  1.0127692352813311E+000  1.0148571284740620E+000  1.0168292576483962E+000  1.0186711094783878E+000  1.0203692106346134E+000
  1.0219111830081802E+000  1.0232858112357570E+000  1.0244831172387381E+000  1.0254944265492765E+000  1.0263124179590593E+000
  1.0269311707311741E+000  1.0273462008552146E+000  1.0275544874365850E+000  1.0275544874365810E+000  1.0273462008552032E+000
  1.0269311707311668E+000  1.0263124179590566E+000  1.0254944265492625E+000  1.0244831172386972E+000  1.0232858112356873E+000
  1.0219111830080945E+000  1.0203692106345315E+000  1.0186711094783081E+000  1.0168292576483167E+000  1.0148571284739760E+000
  1.0127692352812401E+000  1.0105810392241485E+000  1.0083087216440663E+000  1.0059691414675012E+000  1.0035798464967747E+000
  1.0005906241605687E+000  9.9872428752786402E-001  9.9629490054171477E-001  9.9388945793813610E-001  9.9152666114866117E-001
  9.8922488616014315E-001  9.8700213356145450E-001  9.8487566204486776E-001  9.8286202243740139E-001  9.8097701535779269E-001
  9.7923545068921936E-001  9.7765100077997868E-001  9.7623611194271775E-001  9.7500191448455797E-001  9.7395813206237081E-001
  9.7311300247649202E-001  9.7247320744007060E-001  9.7204381843584597E-001  9.7182825537475037E-001  9.7182825537473505E-001
  9.7204381843580678E-001  9.7247320744000754E-001  9.7311300247637034E-001  9.7395813206227000E-001  9.7500191448449802E-001
  9.7623611194261428E-001  9.7765100077985878E-001  9.7923545068911144E-001  9.8097701535773973E-001  9.8286202243735454E-001
  9.8487566204484001E-001  9.8700213356144029E-001  9.8922488616015136E-001  9.9152666114871879E-001  9.9388945793820704E-001
  9.9629490054182646E-001  9.9872428752803233E-001
BLOCK 111   7.2480947022001159E+000
  1.0006023925221286E+000  1.0036549397850574E+000  1.0060959442438455E+000  1.0084860838627545E+000  1.0108074904163098E+000
  1.0130428117143817E+000  1.0151755707645118E+000  1.0171900795737387E+000  1.0190715136152322E+000  1.0208060688981100E+000
  1.0223811031453489E+000  1.0237851785561789E+000  1.0250081181381188E+000  1.0260410659239612E+000  1.0268765514455065E+000
  1.0275085322746678E+000  1.0279324331308355E+000  1.0281451720027823E+000  1.0281451720027819E+000  1.0279324331308373E+000
  1.0275085322746726E+000  1.0268765514455003E+000  1.0260410659239279E+000  1.0250081181380599E+000  1.0237851785561085E+000
  1.0223811031452823E+000  1.0208060688980463E+000  1.0190715136151676E+000  1.0171900795736615E+000  1.0151755707644285E+000
  1.0130428117142780E+000  1.0108074904161632E+000  1.0084860838626033E+000  1.0060959442437025E+000  1.0036549397848804E+000
  1.0006023925220677E+000  9.9869408547564853E-001  9.9621192878622467E-001  9.9375419080790806E-001  9.9133997381803152E-001
  9.8898810513804791E-001  9.8671686586693219E-001  9.8454404022795550E-001  9.8248658101288022E-001  9.8056050443949971E-001
  9.7878092512028436E-001  9.7716186448496745E-001  9.7571606510321995E-001  9.7445490165861004E-001  9.7338830892727568E-001
  9.7252470457239537E-001  9.7187092001907061E-001  9.7143214138578915E-001  9.7121186379249302E-001  9.7121186379247770E-001
  9.7143214138571776E-001  9.7187092001896414E-001  9.7252470457233153E-001  9.7338830892719974E-001  9.7445490165849524E-001
  9.7571606510313935E-001  9.7716186448487852E-001  9.7878092512017389E-001  9.8056050443939102E-001  9.8248658101283071E-001
  9.8454404022793385E-001  9.8671686586692742E-001  9.8898810513806679E-001  9.9133997381806882E-001  9.9375419080800098E-001
  9.9621192878634091E-001  9.9869408547577709E-001
BLOCK 112   7.3139864722201171E+000
  1.0006144017388081E+000  1.0037316287449001E+000  1.0062254961119201E+000  1.0086673327075810E+000  1.0110388454417951E+000
  1.0133223975276475E+000  1.0155010761827867E+000  1.0175588392836028E+000  1.0194806525140381E+000  1.0212524511824075E+000
  1.0228612823816579E+000  1.0242954497438661E+000  1.0255445729956743E+000  1.0265996247966263E+000  1.0274529811952582E+000
  1.0280984763282690E+000  1.0285314394192819E+000  1.0287487243663340E+000  1.0287487243663436E+000  1.0285314394192995E+000
  1.0280984763282701E+000  1.0274529811952300E+000  1.0265996247965792E+000  1.0255445729956201E+000  1.0242954497438157E+000
  1.0228612823816099E+000  1.0212524511823555E+000  1.0194806525139761E+000  1.0175588392835362E+000  1.0155010761826855E+000
  1.0133223975275094E+000  1.0110388454416639E+000  1.0086673327074374E+000  1.0062254961117385E+000  1.0037316287447242E+000
  1.0006144017387608E+000  9.9866313317456612E-001  9.9612703165941541E-001  9.9361581978422830E-001  9.9114904334322940E-001
  9.8874590226632442E-001  9.8642516637885769E-001  9.8420490580638953E-001  9.8210250344142758E-001  9.8013443894685359E-001
  9.7831605916763820E-001  9.7666162400641787E-001  9.7518419580384030E-001  9.7389543835485759E-001  9.7280551041143859E-001
  9.7192301076531118E-001  9.7125491773848061E-001  9.7080653101737613E-001  9.7058142760382538E-001  9.7058142760377730E-001
  9.7080653101730363E-001  9.7125491773842565E-001  9.7192301076522081E-001  9.7280551041134100E-001  9.7389543835478087E-001
  9.7518419580372728E-001  9.7666162400632051E-001  9.7831605916755982E-001  9.8013443894676189E-001  9.8210250344133043E-001
  9.8420490580634545E-001  9.8642516637886468E-001  9.8874590226635750E-001  9.9114904334329379E-001  9.9361581978430236E-001
  9.9612703165952221E-001  9.9866313317471156E-001
BLOCK 113   7.3798782422401183E+000
  1.0006266502906205E+000  1.0038099602191970E+000  1.0063578608161559E+000  1.0088525175533856E+000  1.0112752788568888E+000
  1.0136080710146924E+000  1.0158336939891663E+000  1.0179357375971265E+000  1.0198987896227720E+000  1.0217085678363971E+000
  1.0233519075425281E+000  1.0248168339946389E+000  1.0260927189849203E+000  1.0271703505595244E+000  1.0280419613271632E+000
  1.0287012598936058E+000  1.0291434797707710E+000  1.0293654109744266E+000  1.0293654109744301E+000  1.0291434797707701E+000
  1.0287012598935912E+000  1.0280419613271290E+000  1.0271703505594809E+000  1.0260927189848821E+000  1.0248168339946040E+000
  1.0233519075424893E+000  1.0217085678363544E+000  1.0198987896227176E+000  1.0179357375970313E+000  1.0158336939890500E+000
  1.0136080710145801E+000  1.0112752788567418E+000  1.0088525175532101E+000  1.0063578608159944E+000  1.0038099602190282E+000
  1.0006266502905625E+000  9.9863142303390751E-001  9.9604016131083517E-001  9.9347428570464014E-001  9.9095374820178639E-001
  9.8849821499448287E-001  9.8612680834904531E-001  9.8385808127524721E-001  9.8170974713318060E-001  9.7969862145925302E-001
  9.7784052068470662E-001  9.7614998132170550E-001  9.7464025089094330E-001  9.7332326166454097E-001  9.7220944719783731E-001
  9.7130761105483943E-001  9.7062487942799691E-001  9.7016666614859726E-001  9.6993662814689319E-001  9.6993662814690640E-001
  9.7016666614857572E-001  9.7062487942791476E-001  9.7130761105474939E-001  9.7220944719774482E-001  9.7332326166442873E-001
  9.7464025089085671E-001  9.7614998132160180E-001  9.7784052068460214E-001  9.7969862145917974E-001  9.8170974713311498E-001
  9.8385808127517949E-001  9.8612680834902366E-001  9.8849821499452806E-001  9.9095374820185633E-001  9.9347428570473162E-001
  9.9604016131093676E-001  9.9863142303403218E-001
BLOCK 114   7.4457700122601196E+000
  1.0006391448594378E+000  1.0038899545324687E+000  1.0064930824267093E+000  1.0090417409202026E+000  1.0115168503275227E+000
  1.0139000001901890E+000  1.0161735725322907E+000  1.0183208469639207E+000  1.0203261074070709E+000  1.0221747019185292E+000
  1.0238532298193781E+000  1.0253495436793114E+000  1.0266527809285741E+000  1.0277534980604333E+000  1.0286437582289947E+000
  1.0293171552903000E+000  1.0297688312758795E+000  1.0299955086241421E+000  1.0299955086241275E+000  1.0297688312758484E+000
  1.0293171552902671E+000  1.0286437582289696E+000  1.0277534980604135E+000  1.0266527809285486E+000  1.0253495436792839E+000
  1.0238532298193515E+000  1.0221747019184859E+000  1.0203261074069905E+000  1.0183208469638281E+000  1.0161735725321905E+000
  1.0139000001900489E+000  1.0115168503273686E+000  1.0090417409200472E+000  1.0064930824265332E+000  1.0038899545322943E+000
  1.0006391448593925E+000  9.9859892048576970E-001  9.9595126881377860E-001  9.9332949067708520E-001  9.9075400219327292E-001
  9.8824486724028615E-001  9.8582168377541701E-001  9.8350335793377097E-001  9.8130804546906447E-001  9.7925294452721823E-001
  9.7735414273603283E-001  9.7562660002293444E-001  9.7408388653448597E-001  9.7273809223987517E-001  9.7159985168812635E-001
  9.7067821386961839E-001  9.6998049669575137E-001  9.6951223270101627E-001  9.6927715101779799E-001  9.6927715101778589E-001
  9.6951223270099951E-001  9.6998049669571040E-001  9.7067821386953335E-001  9.7159985168801111E-001  9.7273809223977115E-001
  9.7408388653436806E-001  9.7562660002283741E-001  9.7735414273594179E-001  9.7925294452711953E-001  9.8130804546900507E-001
  9.8350335793374488E-001  9.8582168377539792E-001  9.8824486724028726E-001  9.9075400219333587E-001  9.9332949067718379E-001
  9.9595126881389728E-001  9.9859892048590837E-001
BLOCK 115   7.5116617822801208E+000
  1.0006518857462174E+000  1.0039716465685495E+000  1.0066312302878402E+000  1.0092350691214627E+000  1.0117636998995732E+000
  1.0141982838480199E+000  1.0165208755465502E+000  1.0187143704182924E+000  1.0207627240185906E+000  1.0226510243647811E+000
  1.0243655366305586E+000  1.0258938633858452E+000  1.0272249932653259E+000  1.0283492952593358E+000  1.0292586283887748E+000
  1.0299464356117776E+000  1.0304077688920006E+000  1.0306392916838238E+000  1.0306392916838103E+000  1.0304077688919611E+000
  1.0299464356117409E+000  1.0292586283887522E+000  1.0283492952593258E+000  1.0272249932653212E+000  1.0258938633858328E+000
  1.0243655366305247E+000  1.0226510243647176E+000  1.0207627240185215E+000  1.0187143704182040E+000  1.0165208755464228E+000
  1.0141982838478858E+000  1.0117636998994270E+000  1.0092350691212952E+000  1.0066312302876776E+000  1.0039716465683850E+000
  1.0006518857461604E+000  9.9856561490964812E-001  9.9586030536946735E-001  9.9318137882662216E-001  9.9054968508056995E-001
  9.8798576280634720E-001  9.8550960445317637E-001  9.8314058142777683E-001  9.8089722022028569E-001  9.7879710409819087E-001
  9.7685673607597245E-001  9.7509132280201583E-001  9.7351477866941816E-001  9.7213953708722700E-001  9.7097639055429952E-001
  9.7003452693766878E-001  9.6932146286821030E-001  9.6884289840270499E-001  9.6860265016295877E-001  9.6860265016294134E-001
  9.6884289840266347E-001  9.6932146286817178E-001  9.7003452693760606E-001  9.7097639055420537E-001  9.7213953708709933E-001
  9.7351477866930181E-001  9.7509132280189703E-001  9.7685673607587631E-001  9.7879710409811982E-001  9.8089722022022463E-001
  9.8314058142773719E-001  9.8550960445317759E-001  9.8798576280636541E-001  9.9054968508059726E-001  9.9318137882670199E-001
  9.9586030536959447E-001  9.9856561490979501E-001
BLOCK 116   7.5775535523001221E+000
  1.0006648754572287E+000  1.0040550641622050E+000  1.0067723487042111E+000  1.0094325977483416E+000  1.0120159088404141E+000
  1.0145030767751160E+000  1.0168757405283753E+000  1.0191164672990292E+000  1.0212088710566671E+000  1.0231377066666649E+000
  1.0248890049451920E+000  1.0264500809291413E+000  1.0278096711601323E+000  1.0289580115078005E+000  1.0298868208619294E+000
  1.0305893701768107E+000  1.0310605806462192E+000  1.0312970541322726E+000  1.0312970541322644E+000  1.0310605806462030E+000
  1.0305893701767852E+000  1.0298868208619067E+000  1.0289580115077941E+000  1.0278096711601352E+000  1.0264500809291270E+000
  1.0248890049451505E+000  1.0231377066666152E+000  1.0212088710565903E+000  1.0191164672989204E+000  1.0168757405282611E+000
  1.0145030767749825E+000  1.0120159088402607E+000  1.0094325977481906E+000  1.0067723487040481E+000  1.0040550641620232E+000
  1.0006648754571665E+000  9.9853146921821290E-001  9.9576721698268134E-001  9.9302985199212801E-001  9.9034070069318880E-001
  9.8772073657599269E-001  9.8519042756597042E-001  9.8276954371721348E-001  9.8047704831966898E-001  9.7833091878383871E-001
  9.7634798898641151E-001  9.7454387755691252E-001  9.7293275066458307E-001  9.7152730434802193E-001  9.7033866462497209E-001
  9.6937618987269136E-001  9.6864747731080569E-001  9.6815836185571746E-001  9.6791280140257341E-001  9.6791280140257041E-001
  9.6815836185568471E-001  9.6864747731073186E-001  9.6937618987262453E-001  9.7033866462489315E-001  9.7152730434791879E-001
  9.7293275066444906E-001  9.7454387755678995E-001  9.7634798898630704E-001  9.7833091878375544E-001  9.8047704831962446E-001
  9.8276954371718184E-001  9.8519042756595265E-001  9.8772073657601456E-001  9.9034070069324476E-001  9.9302985199218885E-001
  9.9576721698277537E-001  9.9853146921836911E-001
BLOCK 117   7.6434453223201233E+000
  1.0013260287746060E+000  1.0041402398708137E+000  1.0069165082959555E+000  1.0096343989224283E+000  1.0122736053404768E+000
  1.0148144995505137E+000  1.0172383409238073E+000  1.0195273189959604E+000  1.0216647202194298E+000  1.0236349956402022E+000
  1.0254238521034251E+000  1.0270183841780574E+000  1.0284070930191000E+000  1.0295799754037807E+000  1.0305286238219682E+000
  1.0312462124040456E+000  1.0317275342072518E+000  1.0319690850833543E+000  1.0319690850833600E+000  1.0317275342072547E+000
  1.0312462124040478E+000  1.0305286238219666E+000  1.0295799754037713E+000  1.0284070930190816E+000  1.0270183841780363E+000
  1.0254238521034036E+000  1.0236349956401452E+000  1.0216647202193405E+000  1.0195273189958634E+000  1.0172383409236856E+000
  1.0148144995503832E+000  1.0122736053403441E+000  1.0096343989222696E+000  1.0069165082957747E+000  1.0041402398706207E+000
  1.0013260287742365E+000  9.9849646874900799E-001  9.9567195227753280E-001  9.9287484396062564E-001  9.9012693394322893E-001
  9.8744967675261575E-001  9.8486397701223072E-001  9.8239006915983573E-001  9.8004732541921236E-001  9.7785412053217735E-001
  9.7582769495378296E-001  9.7398396000907783E-001  9.7233746164630819E-001  9.7090116825530481E-001  9.6968639619511920E-001
  9.6870278581243052E-001  9.6795811723481606E-001  9.6745827661652550E-001  9.6720730298658719E-001  9.6720730298656232E-001
  9.6745827661648220E-001  9.6795811723476677E-001  9.6870278581233482E-001  9.6968639619502117E-001  9.7090116825520978E-001
  9.7233746164620949E-001  9.7398396000895460E-001  9.7582769495366917E-001  9.7785412053209353E-001  9.8004732541914397E-001
  9.8239006915980764E-001  9.8486397701223316E-001  9.8744967675262951E-001  9.9012693394326945E-001  9.9287484396071179E-001
  9.9567195227763561E-001  9.9849646874912890E-001
BLOCK 118   7.7093370923401245E+000
  1.0013517224856883E+000  1.0042272119141615E+000  1.0070637529047315E+000  1.0098405637073999E+000  1.0125368881946002E+000
  1.0151326888413021E+000  1.0176088199270961E+000  1.0199471092719405E+000  1.0221304870071921E+000  1.0241430825175162E+000
  1.0259703335494090E+000  1.0275990354482489E+000  1.0290174771946383E+000  1.0302154654518918E+000  1.0311843824859868E+000
  1.0319172873559139E+000  1.0324089115313784E+000  1.0326556582800543E+000  1.0326556582800575E+000  1.0324089115313999E+000
  1.0319172873559412E+000  1.0311843824860023E+000  1.0302154654518825E+000  1.0290174771946161E+000  1.0275990354482254E+000
  1.0259703335493655E+000  1.0241430825174600E+000  1.0221304870071224E+000  1.0199471092718357E+000  1.0176088199269853E+000
  1.0151326888411829E+000  1.0125368881944525E+000  1.0098405637072305E+000  1.0070637529045492E+000  1.0042272119139897E+000
  1.0013517224853341E+000  9.9846065964003072E-001  9.9557446032076036E-001  9.9271623324010139E-001  9.8990825631173318E-001
  9.8717241450570037E-001  9.8453008714919499E-001  9.8200195061867757E-001  9.7960781914612671E-001  9.7736648453937147E-001
  9.7529554626252712E-001  9.7341132165659394E-001  9.7172863033572787E-001  9.7026075849361437E-001  9.6901930291470328E-001
  9.6801404999092777E-001  9.6725300210434062E-001  9.6674224319512314E-001  9.6648583391089737E-001  9.6648583391089116E-001
  9.6674224319508029E-001  9.6725300210425758E-001  9.6801404999084995E-001  9.6901930291459282E-001  9.7026075849350235E-001
  9.7172863033563051E-001  9.7341132165650723E-001  9.7529554626242654E-001  9.7736648453926622E-001  9.7960781914605877E-001
  9.8200195061863449E-001  9.8453008714918833E-001  9.8717241450573190E-001  9.8990825631178525E-001  9.9271623324017144E-001
  9.9557446032087127E-001  9.9846065964017294E-001
BLOCK 119   7.7752288623601258E+000
  1.0013779995519256E+000  1.0043160016059896E+000  1.0072141463769206E+000  1.0100511814959376E+000  1.0128058758590548E+000
  1.0154577784958891E+000  1.0179873454714576E+000  1.0203760152859744E+000  1.0226063697824355E+000  1.0246622107990340E+000
  1.0265286669683844E+000  1.0281922920529527E+000  1.0296411084073718E+000  1.0308647235548576E+000  1.0318543723550713E+000
  1.0326029373164467E+000  1.0331050356310338E+000  1.0333570305611985E+000  1.0333570305612132E+000  1.0331050356310623E+000
  1.0326029373164785E+000  1.0318543723550924E+000  1.0308647235548676E+000  1.0296411084073620E+000  1.0281922920529074E+000
  1.0265286669683316E+000  1.0246622107989762E+000  1.0226063697823604E+000  1.0203760152858956E+000  1.0179873454713535E+000
  1.0154577784957528E+000  1.0128058758588980E+000  1.0100511814957718E+000  1.0072141463767652E+000  1.0043160016058272E+000
  1.0013779995515482E+000  9.9842388534603110E-001  9.9547472564342965E-001  9.9255399285917845E-001  9.8968453989287197E-001
  9.8688879899356652E-001  9.8418857539025506E-001  9.8160499326284834E-001  9.7915831191033931E-001  9.7686774119046726E-001
  9.7475130343975036E-001  9.7282564067461419E-001  9.7110594899956104E-001  9.6960577927326796E-001  9.6833698438566895E-001
  9.6730963910921430E-001  9.6653188255060596E-001  9.6600991411610926E-001  9.6574789956345397E-001  9.6574789956343099E-001
  9.6600991411606074E-001  9.6653188255053768E-001  9.6730963910910328E-001  9.6833698438557425E-001  9.6960577927315994E-001
  9.7110594899945202E-001  9.7282564067451660E-001  9.7475130343967076E-001  9.7686774119039066E-001  9.7915831191025560E-001
  9.8160499326279826E-001  9.8418857539023974E-001  9.8688879899358795E-001  9.8968453989293448E-001  9.9255399285926527E-001
  9.9547472564353279E-001  9.9842388534617088E-001
BLOCK 120   7.8411206323801270E+000
  1.0014046767169396E+000  1.0044067065679201E+000  1.0073677868491582E+000  1.0102663271152656E+000  1.0130806771291105E+000
  1.0157899139969697E+000  1.0183740761754483E+000  1.0208142255329034E+000  1.0230925767622037E+000  1.0251925984862773E+000
  1.0270991199289126E+000  1.0287984041144369E+000  1.0302782598838809E+000  1.0315280680077876E+000  1.0325388739939561E+000
  1.0333034333961426E+000  1.0338162255103145E+000  1.0340735521996574E+000  1.0340735521996678E+000  1.0338162255103407E+000
  1.0333034333961724E+000  1.0325388739939880E+000  1.0315280680078061E+000  1.0302782598838691E+000  1.0287984041144063E+000
  1.0270991199288591E+000  1.0251925984862069E+000  1.0230925767621402E+000  1.0208142255328214E+000  1.0183740761753381E+000
  1.0157899139968349E+000  1.0130806771289658E+000  1.0102663271151229E+000  1.0073677868489990E+000  1.0044067065677471E+000
  1.0014046767165710E+000  9.9838620865038741E-001  9.9537260191601196E-001  9.9238801054491277E-001  9.8945573678282173E-001
  9.8659868630110747E-001  9.8383923914237870E-001  9.8119897150741353E-001  9.7869855946351736E-001  9.7635765391152696E-001
  9.7419466439992775E-001  9.7222664256298708E-001  9.7046908377365204E-001  9.6893588126226637E-001  9.6763916968245145E-001
  9.6658922352899712E-001  9.6579439161472291E-001  9.6526093707478133E-001  9.6499309372159081E-001  9.6499309372157338E-001
  9.6526093707472416E-001  9.6579439161463843E-001  9.6658922352891175E-001  9.6763916968233243E-001  9.6893588126216312E-001
  9.7046908377355001E-001  9.7222664256287983E-001  9.7419466439983760E-001  9.7635765391146889E-001  9.7869855946345885E-001
  9.8119897150736102E-001  9.8383923914234006E-001  9.8659868630112135E-001  9.8945573678287024E-001  9.9238801054500558E-001
  9.9537260191613874E-001  9.9838620865052796E-001
BLOCK 121   7.9070124024001283E+000
  1.0014318564725626E+000  1.0044992706124904E+000  1.0075247342104814E+000  1.0104861605594930E+000  1.0133614206469366E+000
  1.0161292318508970E+000  1.0187691866471364E+000  1.0212619314214637E+000  1.0235893205072386E+000  1.0257344805352246E+000
  1.0276819269329287E+000  1.0294176561632473E+000  1.0309292107734316E+000  1.0322057726168143E+000  1.0332381867595384E+000
  1.0340190439643444E+000  1.0345427667102600E+000  1.0348055973064532E+000  1.0348055973064538E+000  1.0345427667102740E+000
  1.0340190439643755E+000  1.0332381867595684E+000  1.0322057726168281E+000  1.0309292107734354E+000  1.0294176561632271E+000
  1.0276819269328865E+000  1.0257344805351711E+000  1.0235893205071565E+000  1.0212619314213633E+000  1.0187691866470268E+000
  1.0161292318507871E+000  1.0133614206468147E+000  1.0104861605593418E+000  1.0075247342103217E+000  1.0044992706123290E+000
  1.0014318564721774E+000  9.9834752908706725E-001  9.9526809869344823E-001  9.9221819194993222E-001  9.8922167633222224E-001
  9.8630198989064688E-001  9.8348194323046223E-001  9.8078366457402688E-001  9.7822831902897867E-001  9.7583594222594261E-001
  9.7362536128961652E-001  9.7161398807733279E-001  9.6981772068767447E-001  9.6825075638796998E-001  9.6692550931505283E-001
  9.6585246621659515E-001  9.6504008044840084E-001  9.6449483189049290E-001  9.6422110854102638E-001  9.6422110854100529E-001
  9.6449483189044360E-001  9.6504008044832545E-001  9.6585246621648979E-001  9.6692550931495913E-001  9.6825075638784841E-001
  9.6981772068755934E-001  9.7161398807723964E-001  9.7362536128952892E-001  9.7583594222584802E-001  9.7822831902892105E-001
  9.8078366457400135E-001  9.8348194323045190E-001  9.8630198989063611E-001  9.8922167633226532E-001  9.9221819195001781E-001
  9.9526809869356869E-001  9.9834752908722424E-001
BLOCK 122   7.9729041724201295E+000
  1.0014594656783480E+000  1.0045937616277261E+000  1.0076850138811162E+000  1.0107107191454161E+000  1.0136482756196468E+000
  1.0164759038452347E+000  1.0191728379695135E+000  1.0217193264422881E+000  1.0240968173942953E+000  1.0262880926425648E+000
  1.0282773573661546E+000  1.0300503146129583E+000  1.0315942588978271E+000  1.0328981216441973E+000  1.0339525824896085E+000
  1.0347501154818861E+000  1.0352850266861056E+000  1.0355534800916115E+000  1.0355534800916184E+000  1.0352850266861184E+000
  1.0347501154819001E+000  1.0339525824896265E+000  1.0328981216442177E+000  1.0315942588978342E+000  1.0300503146129545E+000
  1.0282773573661357E+000  1.0262880926425069E+000  1.0240968173942067E+000  1.0217193264421855E+000  1.0191728379694152E+000
  1.0164759038451312E+000  1.0136482756195244E+000  1.0107107191452855E+000  1.0076850138809645E+000  1.0045937616275447E+000
  1.0014594656779467E+000  9.9830786153698348E-001  9.9516110255268542E-001  9.9204443903275308E-001  9.8898225217701052E-001
  9.8599848105786059E-001  9.8311651592698390E-001  9.8035891439969758E-001  9.7774733225241672E-001  9.7530231327569494E-001
  9.7304306055646050E-001  9.7098739441742787E-001  9.6915156056484486E-001  9.6755009834479833E-001  9.6619564729197749E-001
  9.6509889879600619E-001  9.6426858049986552E-001  9.6371130411990857E-001  9.6343152808127830E-001  9.6343152808126375E-001
  9.6371130411986039E-001  9.6426858049978981E-001  9.6509889879591571E-001  9.6619564729185115E-001  9.6755009834469685E-001
  9.6915156056479268E-001  9.7098739441732362E-001  9.7304306055641243E-001  9.7530231327562522E-001  9.7774733225235078E-001
  9.8035891439965783E-001  9.8311651592697902E-001  9.8599848105789600E-001  9.8898225217704094E-001  9.9204443903281825E-001
  9.9516110255279933E-001  9.9830786153713380E-001
BLOCK 123   8.0387959424401227E+000
  1.0014875608277025E+000  1.0046901976296232E+000  1.0078487016920299E+000  1.0109401091732229E+000  1.0139413104198838E+000
  1.0168301107560671E+000  1.0195852495817179E+000  1.0221866088830063E+000  1.0246152858637469E+000  1.0268536831619701E+000
  1.0288856704837470E+000  1.0306966556795620E+000  1.0322736553754797E+000  1.0336054007757185E+000  1.0346823965425267E+000
  1.0354969821090794E+000  1.0360433350790297E+000  1.0363175134390801E+000  1.0363175134390836E+000  1.0360433350790361E+000
  1.0354969821090858E+000  1.0346823965425380E+000  1.0336054007757329E+000  1.0322736553754988E+000  1.0306966556795729E+000
  1.0288856704837235E+000  1.0268536831619182E+000  1.0246152858636763E+000  1.0221866088829237E+000  1.0195852495816164E+000
  1.0168301107559556E+000  1.0139413104197754E+000  1.0109401091730932E+000  1.0078487016918722E+000  1.0046901976294444E+000
  1.0014875608273022E+000  9.9826715582849812E-001  9.9505158165111507E-001  9.9186666009905022E-001  9.8873731653679742E-001
  9.8568805744366284E-001  9.8274273717014549E-001  9.7992448270176935E-001  9.7725540627287899E-001  9.7475649267904518E-001
  9.7244747347810667E-001  9.7034654854969837E-001  9.6847029400231321E-001  9.6683350441697313E-001  9.6544913097283991E-001
  9.6432816777432384E-001  9.6347951285406530E-001  9.6290992240072881E-001  9.6262395084857977E-001  9.6262395084856256E-001
  9.6290992240068385E-001  9.6347951285399225E-001  9.6432816777421904E-001  9.6544913097275586E-001  9.6683350441690397E-001
  9.6847029400219131E-001  9.7034654854959801E-001  9.7244747347800009E-001  9.7475649267900943E-001  9.7725540627283825E-001
  9.7992448270172716E-001  9.8274273717014016E-001  9.8568805744368293E-001  9.8873731653686536E-001  9.9186666009912350E-001
  9.9505158165120677E-001  9.9826715582864078E-001
BLOCK 124   8.1046877124601107E+000
  1.0015161085816728E+000  1.0047886127499899E+000  1.0080158579801575E+000  1.0111744053090372E+000  1.0142406705237632E+000
  1.0171919546738746E+000  1.0200065993750631E+000  1.0226640302438046E+000  1.0251449695080501E+000  1.0274314970159302E+000
  1.0295071236319941E+000  1.0313569322735034E+000  1.0329676965220798E+000  1.0343279368663083E+000  1.0354279819677876E+000
  1.0362599835446507E+000  1.0368180049329829E+000  1.0370980548043423E+000  1.0370980548043396E+000  1.0368180049329818E+000
  1.0362599835446609E+000  1.0354279819677987E+000  1.0343279368663256E+000  1.0329676965220975E+000  1.0313569322735028E+000
  1.0295071236319784E+000  1.0274314970159009E+000  1.0251449695080035E+000  1.0226640302437300E+000  1.0200065993749721E+000
  1.0171919546737744E+000  1.0142406705236393E+000  1.0111744053088965E+000  1.0080158579800043E+000  1.0047886127498267E+000
  1.0015161085812903E+000  9.9822537969893343E-001  9.9493945053908295E-001  9.9168473978032212E-001  9.8848675225972382E-001
  9.8537050090341005E-001  9.8236042660496226E-001  9.7948011728555029E-001  9.7675223503651210E-001  9.7419827713585738E-001
  9.7183836159535741E-001  9.6969112809444324E-001  9.6777348598324009E-001  9.6610056993342608E-001  9.6468563216869840E-001
  9.6353990145218216E-001  9.6267247848487791E-001  9.6209027786316514E-001  9.6179799792920195E-001  9.6179799792918708E-001
  9.6209027786311230E-001  9.6267247848480098E-001  9.6353990145212420E-001  9.6468563216863157E-001  9.6610056993329907E-001
  9.6777348598312629E-001  9.6969112809433045E-001  9.7183836159527548E-001  9.7419827713575247E-001  9.7675223503648267E-001
  9.7948011728555140E-001  9.8236042660495104E-001  9.8537050090343348E-001  9.8848675225977067E-001  9.9168473978041782E-001
  9.9493945053920219E-001  9.9822537969906011E-001
BLOCK 125   8.1705794824800986E+000
  1.0015451294557309E+000  1.0048890529428112E+000  1.0081865482220191E+000  1.0114137252796920E+000  1.0145464615125610E+000
  1.0175616205241658E+000  1.0204370508617495E+000  1.0231517920191624E+000  1.0256861421262105E+000  1.0280217918905215E+000
  1.0301419534814333E+000  1.0320314208617092E+000  1.0336766966021953E+000  1.0350660684198880E+000  1.0361896440702674E+000
  1.0370394377572139E+000  1.0376093963663799E+000  1.0378954285170223E+000  1.0378954285170228E+000  1.0376093963663831E+000
  1.0370394377572192E+000  1.0361896440702874E+000  1.0350660684199049E+000  1.0336766966021942E+000  1.0320314208617078E+000
  1.0301419534814331E+000  1.0280217918905099E+000  1.0256861421261745E+000  1.0231517920191107E+000  1.0204370508616769E+000
  1.0175616205240581E+000  1.0145464615124296E+000  1.0114137252795452E+000  1.0081865482218724E+000  1.0048890529426691E+000
  1.0015451294553557E+000  9.9818251369103095E-001  9.9482465195249947E-001  9.9149860377628796E-001  9.8823040621701397E-001
  9.8504567111182151E-001  9.8196934071040987E-001  9.7902560695664198E-001  9.7623762803467051E-001  9.7362737325177429E-001
  9.7121542765301272E-001  9.6902077094118233E-001  9.6706076445244682E-001  9.6535091828880237E-001  9.6390473781304720E-001
  9.6273367023566914E-001  9.6184705181485275E-001  9.6125198298778747E-001  9.6095321550584456E-001  9.6095321550582069E-001
  9.6125198298774450E-001  9.6184705181482388E-001  9.6273367023560219E-001  9.6390473781292452E-001  9.6535091828870001E-001
  9.6706076445233302E-001  9.6902077094106731E-001  9.7121542765289337E-001  9.7362737325171533E-001  9.7623762803459635E-001
  9.7902560695661789E-001  9.8196934071044772E-001  9.8504567111185204E-001  9.8823040621707070E-001  9.9149860377637045E-001
  9.9482465195261882E-001  9.9818251369117816E-001
BLOCK 126   8.2364712525000865E+000
  1.0015746123239797E+000  1.0049915307502695E+000  1.0083608441426406E+000  1.0116581458320946E+000  1.0148588310937030E+000
  1.0179392465663468E+000  1.0208768145014868E+000  1.0236500969942013E+000  1.0262389978529178E+000  1.0286248314649271E+000
  1.0307904660467213E+000  1.0327204380182162E+000  1.0344009785846942E+000  1.0358201018407576E+000  1.0369677266535715E+000
  1.0378357022292655E+000  1.0384178501805663E+000  1.0387099985292156E+000  1.0387099985292212E+000  1.0384178501805768E+000
  1.0378357022292839E+000  1.0369677266535819E+000  1.0358201018407593E+000  1.0344009785847024E+000  1.0327204380182227E+000
  1.0307904660467251E+000  1.0286248314649216E+000  1.0262389978529056E+000  1.0236500969941653E+000  1.0208768145014151E+000
  1.0179392465662462E+000  1.0148588310935813E+000  1.0116581458319620E+000  1.0083608441425060E+000  1.0049915307501160E+000
  1.0015746123235791E+000  9.9813850264506310E-001  9.9470711893955743E-001  9.9130810940894454E-001  9.8796813253640736E-001
  9.8471333955916840E-001  9.8156930640906659E-001  9.7856073670766419E-001  9.7571132220263646E-001  9.7304349350000696E-001
  9.7057826579179651E-001  9.6833514430459244E-001  9.6633183444067949E-001  9.6458417284091091E-001  9.6310600746179520E-001
  9.6190906742992355E-001  9.6100285170839006E-001  9.6039458764402419E-001  9.6008921298839300E-001  9.6008921298839967E-001
  9.6039458764402585E-001  9.6100285170833177E-001  9.6190906742982341E-001  9.6310600746170638E-001  9.6458417284079057E-001
  9.6633183444055770E-001  9.6833514430447676E-001  9.7057826579170225E-001  9.7304349349989683E-001  9.7571132220259249E-001
  9.7856073670763033E-001  9.8156930640905793E-001  9.8471333955924090E-001  9.8796813253648741E-001  9.9130810940903025E-001
  9.9470711893965846E-001  9.9813850264519088E-001
BLOCK 127   8.3023630225200744E+000
  1.0016045701364757E+000  1.0050961071539697E+000  1.0085388015744583E+000  1.0119077886274142E+000  1.0151779106477943E+000
  1.0183250296212083E+000  1.0213260629634842E+000  1.0241591507035714E+000  1.0268037619197159E+000  1.0292408571717828E+000
  1.0314529792701068E+000  1.0334243180105700E+000  1.0351408442701835E+000  1.0365903614506164E+000  1.0377625618687099E+000
  1.0386491138170204E+000  1.0392437130557453E+000  1.0395421162794884E+000  1.0395421162794931E+000  1.0392437130557652E+000
  1.0386491138170344E+000  1.0377625618687152E+000  1.0365903614506253E+000  1.0351408442701959E+000  1.0334243180105869E+000
  1.0314529792701170E+000  1.0292408571717921E+000  1.0268037619197090E+000  1.0241591507035370E+000  1.0213260629634251E+000
  1.0183250296211270E+000  1.0151779106476972E+000  1.0119077886272994E+000  1.0085388015743093E+000  1.0050961071538018E+000
  1.0016045701360865E+000  9.9809334199476762E-001  9.9458676128154877E-001  9.9111316075596756E-001  9.8769976928070324E-001
  9.8437339272206070E-001  9.8116014273002428E-001  9.7808529193063565E-001  9.7517301700926107E-001  9.7244627382808091E-001
  9.6992660718666679E-001  9.6763389473680794E-001  9.6558627620464887E-001  9.6379994934189017E-001  9.6228907423186916E-001
  9.6106564077646639E-001  9.6013937386412285E-001  9.5951767585579784E-001  9.5920553037357026E-001  9.5920553037356848E-001
  9.5951767585576253E-001  9.6013937386405801E-001  9.6106564077639622E-001  9.6228907423175403E-001  9.6379994934177338E-001
  9.6558627620452786E-001  9.6763389473669181E-001  9.6992660718655144E-001  9.7244627382800730E-001  9.7517301700917614E-001
  9.7808529193060856E-001  9.8116014273004359E-001  9.8437339272208435E-001  9.8769976928079073E-001  9.9111316075607570E-001
  9.9458676128165591E-001  9.9809334199489586E-001
BLOCK 128   8.3682547925400623E+000
  1.0016349873360135E+000  1.0052027915060464E+000  1.0087205108853405E+000  1.0121627540879481E+000  1.0155038447556108E+000
  1.0187191074044220E+000  1.0217849849308558E+000  1.0246791477737569E+000  1.0273806867547335E+000  1.0298701669044485E+000
  1.0321297647051100E+000  1.0341433694311093E+000  1.0358966593348080E+000  1.0373772000208348E+000  1.0385744914769230E+000
  1.0394800251110097E+000  1.0400873609309738E+000  1.0403921473682145E+000  1.0403921473682227E+000  1.0400873609309800E+000
  1.0394800251110206E+000  1.0385744914769430E+000  1.0373772000208554E+000  1.0358966593348269E+000  1.0341433694311288E+000
  1.0321297647051380E+000  1.0298701669044574E+000  1.0273806867547224E+000  1.0246791477737311E+000  1.0217849849308176E+000
  1.0187191074043713E+000  1.0155038447555325E+000  1.0121627540878271E+000  1.0087205108852018E+000  1.0052027915058965E+000
  1.0016349873356083E+000  9.9804694094214275E-001  9.9446349077245355E-001  9.9091361462635164E-001  9.8742521455281140E-001
  9.8402565153547916E-001  9.8074163407579307E-001  9.7759896314650674E-001  9.7462240666792199E-001  9.7183544969896640E-001
  9.6926007794751512E-001  9.6691665864559573E-001  9.6482371908765585E-001  9.6299785546035477E-001  9.6145352628637393E-001
  9.6020298904580448E-001  9.5925621700437769E-001  9.5862076122997864E-001  9.5830173854151290E-001  9.5830173854146738E-001
  9.5862076122991047E-001  9.5925621700432795E-001  9.6020298904570989E-001  9.6145352628627390E-001  9.6299785546023720E-001
  9.6482371908753084E-001  9.6691665864547394E-001  9.6926007794741209E-001  9.7183544969886304E-001  9.7462240666787392E-001
  9.7759896314646844E-001  9.8074163407578474E-001  9.8402565153553279E-001  9.8742521455286059E-001  9.9091361462644623E-001
  9.9446349077259510E-001  9.9804694094229229E-001
BLOCK 129   8.4341465625600502E+000
  1.0016658476745894E+000  1.0053116485915876E+000  1.0089060524624143E+000  1.0124231737579767E+000  1.0158367626498526E+000
  1.0191216415706466E+000  1.0222537535573670E+000  1.0252103375468382E+000  1.0279700341267632E+000  1.0305130236280018E+000
  1.0328211237370843E+000  1.0348778975384292E+000  1.0366687497332310E+000  1.0381809761572653E+000  1.0394038774097158E+000
  1.0403287939052799E+000  1.0409491337826844E+000  1.0412604560721717E+000  1.0412604560721650E+000  1.0409491337826875E+000
  1.0403287939052981E+000  1.0394038774097427E+000  1.0381809761572964E+000  1.0366687497332652E+000  1.0348778975384640E+000
  1.0328211237371028E+000  1.0305130236280122E+000  1.0279700341267657E+000  1.0252103375468282E+000  1.0222537535573490E+000
  1.0191216415706046E+000  1.0158367626497762E+000  1.0124231737578842E+000  1.0089060524622944E+000  1.0053116485914315E+000
  1.0016658476741593E+000  9.9799927288016410E-001  9.9433723668779728E-001  9.9070943256657928E-001  9.8714433726557105E-001
  9.8366993815498649E-001  9.8031352070013000E-001  9.7710151641009590E-001  9.7405923513464021E-001  9.7121067170576381E-001
  9.6857833912775659E-001  9.6618305071842636E-001  9.6404378492582921E-001  9.6217746332129239E-001  9.6059891174002221E-001
  9.5932068009506777E-001  9.5835292428150931E-001  9.5770339623084522E-001  9.5737730402482180E-001  9.5737730402482213E-001
  9.5770339623079237E-001  9.5835292428138963E-001  9.5932068009497973E-001  9.6059891173991441E-001  9.6217746332117460E-001
  9.6404378492570786E-001  9.6618305071830479E-001  9.6857833912764002E-001  9.7121067170568520E-001  9.7405923513456505E-001
  9.7710151641007148E-001  9.8031352070013655E-001  9.8366993815497716E-001  9.8714433726565987E-001  9.9070943256666477E-001
  9.9433723668791507E-001  9.9799927288034052E-001
BLOCK 130   8.5000383325800382E+000
  1.0016971400055548E+000  1.0054226743895844E+000  1.0090954902604610E+000  1.0126891284756923E+000  1.0161767955093419E+000
  1.0195327918555064E+000  1.0227325896287416E+000  1.0257529418860893E+000  1.0285720603172779E+000  1.0311697109512201E+000
  1.0335273599490957E+000  1.0356282388357245E+000  1.0374574449093321E+000  1.0390020466540397E+000  1.0402511140373998E+000
  1.0411958032406836E+000  1.0418294188509185E+000  1.0421474102623070E+000  1.0421474102623125E+000  1.0418294188509269E+000
  1.0411958032407047E+000  1.0402511140374318E+000  1.0390020466540852E+000  1.0374574449093821E+000  1.0356282388357620E+000
  1.0335273599491237E+000  1.0311697109512377E+000  1.0285720603172934E+000  1.0257529418860794E+000  1.0227325896287276E+000
  1.0195327918554720E+000  1.0161767955092977E+000  1.0126891284756148E+000  1.0090954902603400E+000  1.0054226743894117E+000
  1.0016971400051176E+000  9.9795029170614546E-001  9.9420795734296774E-001  9.9050047093835358E-001  9.8685695529324069E-001
  9.8330601506469062E-001  9.7987559176478733E-001  9.7659268389670317E-001  9.7348317151850750E-001  9.7057161466070585E-001
  9.6788103037463624E-001  9.6543271533050035E-001  9.6324603907818440E-001  9.6133836994967814E-001  9.5972483376115991E-001
  9.5841825421706739E-001  9.5742905744689832E-001  9.5676511241084461E-001  9.5643176320771273E-001  9.5643176320768375E-001
  9.5676511241078521E-001  9.5742905744682338E-001  9.5841825421692406E-001  9.5972483376103446E-001  9.6133836994956179E-001
  9.6324603907806328E-001  9.6543271533038288E-001  9.6788103037453666E-001  9.7057161466060782E-001  9.7348317151845432E-001
  9.7659268389665321E-001  9.7987559176476036E-001  9.8330601506473281E-001  9.8685695529327355E-001  9.9050047093846516E-001
  9.9420795734310830E-001  9.9795029170629057E-001
BLOCK 131   8.5659301026000261E+000
  1.0017289206930875E+000  1.0055359266195367E+000  1.0092888577025094E+000  1.0129607067411766E+000  1.0165240822547168E+000
  1.0199527626207010E+000  1.0232217046889329E+000  1.0263072024597713E+000  1.0291870183179026E+000  1.0318405211512549E+000
  1.0342487828991356E+000  1.0363947041795134E+000  1.0382631012810675E+000  1.0398407617738545E+000  1.0411165504068070E+000
  1.0420814458427330E+000  1.0427285959135886E+000  1.0430533759144005E+000  1.0430533759144105E+000  1.0427285959136114E+000
  1.0420814458427590E+000  1.0411165504068554E+000  1.0398407617739087E+000  1.0382631012811177E+000  1.0363947041795627E+000
  1.0342487828991787E+000  1.0318405211512967E+000  1.0291870183179330E+000  1.0263072024597812E+000  1.0232217046889349E+000
  1.0199527626206943E+000  1.0165240822546771E+000  1.0129607067410940E+000  1.0092888577023804E+000  1.0055359266193853E+000
  1.0017289206926707E+000  9.9790003055179122E-001  9.9407557383984890E-001  9.9028660715472205E-001  9.8656290437520322E-001
  9.8293372767686660E-001  9.7942761370065012E-001  9.7607218505345184E-001  9.7289392731407620E-001  9.6991795132179948E-001
  9.6716779482585302E-001  9.6466522484714379E-001  9.6243010140855223E-001  9.6048013079261896E-001  9.5883081454485231E-001
  9.5749526237493621E-001  9.5648408407434682E-001  9.5580538684612670E-001  9.5546464146906396E-001  9.5546464146906174E-001
  9.5580538684605609E-001  9.5648408407422036E-001  9.5749526237482985E-001  9.5883081454469576E-001  9.6048013079246808E-001
  9.6243010140843444E-001  9.6466522484703743E-001  9.6716779482574811E-001  9.6991795132172398E-001  9.7289392731398705E-001
  9.7607218505340043E-001  9.7942761370063791E-001  9.8293372767687071E-001  9.8656290437528793E-001  9.9028660715480621E-001
  9.9407557383997824E-001  9.9790003055196863E-001
BLOCK 132   8.6318218726200140E+000
  1.0017611788938676E+000  1.0056514404421002E+000  1.0094862262259756E+000  1.0132379888049101E+000  1.0168787539201629E+000
  1.0203817159104065E+000  1.0237213143774628E+000  1.0268733628382702E+000  1.0298151907843400E+000  1.0325257369551544E+000
  1.0349857051078513E+000  1.0371776468951817E+000  1.0390860654789953E+000  1.0406974988399531E+000  1.0420005765163776E+000
  1.0429860955725856E+000  1.0436470671466285E+000  1.0439787722711604E+000  1.0439787722711678E+000  1.0436470671466593E+000
  1.0429860955726411E+000  1.0420005765164295E+000  1.0406974988400066E+000  1.0390860654790548E+000  1.0371776468952438E+000
  1.0349857051079168E+000  1.0325257369552132E+000  1.0298151907843791E+000  1.0268733628383022E+000  1.0237213143774873E+000
  1.0203817159104032E+000  1.0168787539201189E+000  1.0132379888048255E+000  1.0094862262258728E+000  1.0056514404419534E+000
  1.0017611788934297E+000  9.9784841164347526E-001  9.9393999151679946E-001  9.9006771202574151E-001  9.8626202517793793E-001
  9.8255282949982314E-001  9.7896931848484492E-001  9.7553974536587862E-001  9.7229118657759872E-001  9.6924932542248543E-001
  9.6643824119637178E-001  9.6388022178490407E-001  9.6159553146624166E-001  9.5960232425939185E-001  9.5791640952474344E-001
  9.5655118467843159E-001  9.5551754839104952E-001  9.5482376848099915E-001  9.5447544782520877E-001  9.5447544782519889E-001
  9.5482376848094574E-001  9.5551754839095659E-001  9.5655118467816114E-001  9.5791640952459056E-001  9.5960232425924064E-001
  9.6159553146609000E-001  9.6388022178478794E-001  9.6643824119628119E-001  9.6924932542237863E-001  9.7229118657752722E-001
  9.7553974536582233E-001  9.7896931848482238E-001  9.8255282949985956E-001  9.8626202517798223E-001  9.9006771202585442E-001
  9.9393999151692736E-001  9.9784841164361293E-001
BLOCK 133   8.6977136426400019E+000
  1.0017939072337527E+000  1.0057692664299041E+000  1.0096877082801425E+000  1.0135211226682139E+000  1.0172409448020083E+000
  1.0208198175439667E+000  1.0242316268438540E+000  1.0274516831053515E+000  1.0304568495502506E+000  1.0332256665224628E+000
  1.0357384472771711E+000  1.0379773947341218E+000  1.0399266980512076E+000  1.0415726187445578E+000  1.0429035622427463E+000
  1.0439101324635303E+000  1.0445852187401465E+000  1.0449240147680829E+000  1.0449240147681000E+000  1.0445852187401878E+000
  1.0439101324635853E+000  1.0429035622428133E+000  1.0415726187446250E+000  1.0399266980512800E+000  1.0379773947342052E+000
  1.0357384472772533E+000  1.0332256665225286E+000  1.0304568495503192E+000  1.0274516831054061E+000  1.0242316268438780E+000
  1.0208198175439578E+000  1.0172409448019664E+000  1.0135211226681535E+000  1.0096877082800284E+000  1.0057692664297606E+000
  1.0017939072333495E+000  9.9779540183946802E-001  9.9380115871422581E-001  9.8984369586740029E-001  9.8595415276221976E-001
  9.8216312702000608E-001  9.7850047827994291E-001  9.7499508020995829E-001  9.7167462541224048E-001  9.6856539152502863E-001
  9.6569201721157405E-001  9.6307727168260626E-001  9.6074191613272242E-001  9.5870446017094391E-001  9.5698109540705512E-001
  9.5558554080725677E-001  9.5452893011698359E-001  9.5381972932752346E-001  9.5346365454287629E-001  9.5346365454284110E-001
  9.5381972932746417E-001  9.5452893011684015E-001  9.5558554080714997E-001  9.5698109540666576E-001  9.5870446017073707E-001
  9.6074191613258275E-001  9.6307727168246016E-001  9.6569201721144138E-001  9.6856539152494325E-001  9.7167462541216010E-001
  9.7499508020991299E-001  9.7850047827993247E-001  9.8216312702002107E-001  9.8595415276229526E-001  9.8984369586748133E-001
  9.9380115871434715E-001  9.9779540183962212E-001
BLOCK 134   8.7636054126599898E+000
  1.0018270704143419E+000  1.0058894176805626E+000  1.0098933712492997E+000  1.0138102295637301E+000  1.0176108263263202E+000
  1.0212672455742182E+000  1.0247528395663563E+000  1.0280423893510151E+000  1.0311122835064406E+000  1.0339406243578153E+000
  1.0365073469081203E+000  1.0387943010366731E+000  1.0407853619212299E+000  1.0424665031246336E+000  1.0438258944058407E+000
  1.0448539755840403E+000  1.0455434862523925E+000  1.0458895232737260E+000  1.0458895232737424E+000  1.0455434862524333E+000
  1.0448539755840982E+000  1.0438258944059169E+000  1.0424665031247271E+000  1.0407853619213274E+000  1.0387943010367675E+000
  1.0365073469082109E+000  1.0339406243579183E+000  1.0311122835065301E+000  1.0280423893510737E+000  1.0247528395663841E+000
  1.0212672455742215E+000  1.0176108263262955E+000  1.0138102295636564E+000  1.0098933712492095E+000  1.0058894176804376E+000
  1.0018270704139154E+000  9.9774093823779963E-001  9.9365895388552417E-001  9.8961439548440866E-001  9.8563911561799555E-001
  9.8176441204189246E-001  9.7802081445082423E-001  9.7443787280913496E-001  9.7104391120821576E-001  9.6786579787840055E-001
  9.6492871825843263E-001  9.6225598250374766E-001  9.5986877612544030E-001  9.5778606759158313E-001  9.5602441259109683E-001
  9.5459784325890573E-001  9.5351773797491401E-001  9.5279275522553175E-001  9.5242876886419581E-001  9.5242876886418348E-001
  9.5279275522542373E-001  9.5351773797482009E-001  9.5459784325867614E-001  9.5602441259087745E-001  9.5778606759118434E-001
  9.5986877612516697E-001  9.6225598250358801E-001  9.6492871825830040E-001  9.6786579787828242E-001  9.7104391120815514E-001
  9.7443787280909866E-001  9.7802081445081779E-001  9.8176441204192522E-001  9.8563911561804152E-001  9.8961439548450347E-001
  9.9365895388563075E-001  9.9774093823792365E-001
BLOCK 135   8.8294971826799777E+000
  1.0018607134810711E+000  1.0060119552103619E+000  1.0101032911508019E+000  1.0141054293472092E+000  1.0179885740226495E+000
  1.0217242206396957E+000  1.0252851766977353E+000  1.0286457261854010E+000  1.0317817587722642E+000  1.0346709214598881E+000
  1.0372927420746598E+000  1.0396287226509946E+000  1.0416624124616272E+000  1.0433795171991951E+000  1.0447679773996641E+000
  1.0458180316551646E+000  1.0465222814243196E+000  1.0468757096853900E+000  1.0468757096854000E+000  1.0465222814243553E+000
  1.0458180316552348E+000  1.0447679773997556E+000  1.0433795171993059E+000  1.0416624124617477E+000  1.0396287226511121E+000
  1.0372927420747866E+000  1.0346709214600047E+000  1.0317817587723594E+000  1.0286457261854711E+000  1.0252851766977815E+000
  1.0217242206397097E+000  1.0179885740226193E+000  1.0141054293471612E+000  1.0101032911507100E+000  1.0060119552102360E+000
  1.0018607134806763E+000  9.9768497463452488E-001  9.9351328918943860E-001  9.8937969476286836E-001  9.8531675783971973E-001
  9.8135647307597906E-001  9.7753009632028010E-001  9.7386785374659346E-001  9.7039871992773918E-001  9.6715016844858470E-001
  9.6414795503117112E-001  9.6141587881838109E-001  9.5897565126100370E-001  9.5684666252127992E-001  9.5504585138974407E-001
  9.5358755064570355E-001  9.5248341849716667E-001  9.5174231336659909E-001  9.5137021864599070E-001  9.5137021864594251E-001
  9.5174231336655024E-001  9.5248341849696949E-001  9.5358755064553513E-001  9.5504585138952147E-001  9.5684666252091921E-001
  9.5897565126052364E-001  9.6141587881805202E-001  9.6414795503100825E-001  9.6715016844848978E-001  9.7039871992765858E-001
  9.7386785374656371E-001  9.7753009632028909E-001  9.8135647307600737E-001  9.8531675783978057E-001  9.8937969476293586E-001
  9.9351328918954096E-001  9.9768497463465500E-001
BLOCK 136   8.8953889526999657E+000
  1.0018947695060048E+000  1.0061369012146417E+000  1.0103175550921171E+000  1.0144068369400467E+000  1.0183743292622838E+000
  1.0221909334342121E+000  1.0258288912356479E+000  1.0292619585647300E+000  1.0324655508185252E+000  1.0354168558021488E+000
  1.0380949722526231E+000  1.0404810176140185E+000  1.0425582402968565E+000  1.0443120752749016E+000  1.0457302277240124E+000
  1.0468027355215825E+000  1.0475220338650897E+000  1.0478830217572388E+000  1.0478830217572517E+000  1.0475220338651337E+000
  1.0468027355216574E+000  1.0457302277241205E+000  1.0443120752750183E+000  1.0425582402970019E+000  1.0404810176141808E+000
  1.0380949722527697E+000  1.0354168558022734E+000  1.0324655508186305E+000  1.0292619585648188E+000  1.0258288912357041E+000
  1.0221909334342332E+000  1.0183743292622829E+000  1.0144068369399921E+000  1.0103175550920367E+000  1.0061369012145349E+000
  1.0018947695055971E+000  9.9762745014013943E-001  9.9336405818698548E-001  9.8913942524641585E-001  9.8498685013540921E-001
  9.8093907748865028E-001  9.7702805824988814E-001  9.7328472230282426E-001  9.6973870878240409E-001  9.6641811659848542E-001
  9.6334926513935848E-001  9.6055652701884386E-001  9.5806208191234543E-001  9.5588576744144682E-001  9.5404489763733868E-001
  9.5255416195864928E-001  9.5142546259608174E-001  9.5066785736784443E-001  9.5028748356314086E-001  9.5028748356314419E-001
  9.5066785736770221E-001  9.5142546259598393E-001  9.5255416195844000E-001  9.5404489763696310E-001  9.5588576744110587E-001
  9.5806208191196973E-001  9.6055652701837979E-001  9.6334926513900154E-001  9.6641811659832699E-001  9.6973870878235457E-001
  9.7328472230279617E-001  9.7702805824989214E-001  9.8093907748869147E-001  9.8498685013546328E-001  9.8913942524649756E-001
  9.9336405818707529E-001  9.9762745014024590E-001
BLOCK 137   8.9612807227199536E+000
  1.0019292876127128E+000  1.0062642983504502E+000  1.0105362466552665E+000  1.0147145918073481E+000  1.0187682689094923E+000
  1.0226675881604841E+000  1.0263842180470166E+000  1.0298913733998587E+000  1.0331639661820338E+000  1.0361787324607574E+000
  1.0389143449846618E+000  1.0413515434437981E+000  1.0434732370212638E+000  1.0452645877530540E+000  1.0467130599582399E+000
  1.0478084942849839E+000  1.0485431786782218E+000  1.0489118847160586E+000  1.0489118847160810E+000  1.0485431786782773E+000
  1.0478084942850701E+000  1.0467130599583514E+000  1.0452645877532101E+000  1.0434732370214326E+000  1.0413515434439715E+000
  1.0389143449848310E+000  1.0361787324609084E+000  1.0331639661821621E+000  1.0298913733999517E+000  1.0263842180470863E+000
  1.0226675881605305E+000  1.0187682689094895E+000  1.0147145918073202E+000  1.0105362466551973E+000  1.0062642983503398E+000
  1.0019292876123256E+000  9.9756832529894823E-001  9.9321117497449751E-001  9.8889345445594934E-001  9.8464923986541719E-001
  9.8051200563853946E-001  9.7651444838428336E-001  9.7268818829482195E-001  9.6906353748445295E-001  9.6566923693144369E-001
  9.6253224322017250E-001  9.5967745911110569E-001  9.5712756970190049E-001  9.5490285008251319E-001  9.5302103130768245E-001
  9.5149711218705990E-001  9.5034328523855338E-001  9.4956881209194555E-001  9.4917996682703287E-001  9.4917996682695027E-001
  9.4956881209191801E-001  9.5034328523836142E-001  9.5149711218674526E-001  9.5302103130746274E-001  9.5490285008214182E-001
  9.5712756970135116E-001  9.5967745911064661E-001  9.6253224321974373E-001  9.6566923693109052E-001  9.6906353748429686E-001
  9.7268818829481551E-001  9.7651444838430812E-001  9.8051200563857821E-001  9.8464923986548569E-001  9.8889345445602683E-001
  9.9321117497459033E-001  9.9756832529905703E-001
BLOCK 138   9.0271724927399415E+000
  1.0019642076597470E+000  1.0063941827707066E+000  1.0107594340767454E+000  1.0150288013290030E+000  1.0191705600117311E+000
  1.0231543925594662E+000  1.0269513932734173E+000  1.0305342350671609E+000  1.0338773104859420E+000  1.0369568797593811E+000
  1.0397512103819619E+000  1.0422406639416171E+000  1.0444078029920414E+000  1.0462374781364701E+000  1.0477169173598910E+000
  1.0488357699281687E+000  1.0495861627136558E+000  1.0499627598812218E+000  1.0499627598812429E+000  1.0495861627137208E+000
  1.0488357699282718E+000  1.0477169173600354E+000  1.0462374781366384E+000  1.0444078029922328E+000  1.0422406639418063E+000
  1.0397512103821507E+000  1.0369568797595610E+000  1.0338773104860868E+000  1.0305342350672821E+000  1.0269513932735168E+000
  1.0231543925595019E+000  1.0191705600117684E+000  1.0150288013289595E+000  1.0107594340766961E+000  1.0063941827706255E+000
  1.0019642076593445E+000  9.9750752032453982E-001  9.9305450801348782E-001  9.8864162891145235E-001  9.8430371308985909E-001
  9.8007501598787772E-001  9.7598896176164174E-001  9.7207789441101466E-001  9.6837281818033605E-001  9.6490315350985623E-001
  9.6169645369535495E-001  9.5877820645384493E-001  9.5617161133648620E-001  9.5389741311791465E-001  9.5197371221778915E-001
  9.5041586938688549E-001  9.4923634389532618E-001  9.4844462226035997E-001  9.4804711159354249E-001  9.4804711159359556E-001
  9.4844462226019521E-001  9.4923634389509892E-001  9.5041586938672229E-001  9.5197371221739402E-001  9.5389741311745035E-001
  9.5617161133603257E-001  9.5877820645329781E-001  9.6169645369488010E-001  9.6490315350946732E-001  9.6837281818001231E-001
  9.7207789441085823E-001  9.7598896176166439E-001  9.8007501598795765E-001  9.8430371308993481E-001  9.8864162891153817E-001
  9.9305450801358663E-001  9.9750752032465106E-001
BLOCK 139   9.0930642627599294E+000
  1.0019995632317282E+000  1.0065265914231381E+000  1.0109872210190034E+000  1.0153496102111477E+000  1.0195813708031782E+000
  1.0236515638598311E+000  1.0275306746837420E+000  1.0311908164753829E+000  1.0346058736745414E+000  1.0377516381704768E+000
  1.0406059387498239E+000  1.0431487570426441E+000  1.0453623118126150E+000  1.0472311504457252E+000  1.0487422335453067E+000
  1.0498850042625709E+000  1.0506514370291566E+000  1.0510360880890339E+000  1.0510360880890557E+000  1.0506514370292293E+000
  1.0498850042627006E+000  1.0487422335454717E+000  1.0472311504459126E+000  1.0453623118128141E+000  1.0431487570428628E+000
  1.0406059387500339E+000  1.0377516381706671E+000  1.0346058736747259E+000  1.0311908164755346E+000  1.0275306746838320E+000
  1.0236515638599066E+000  1.0195813708032038E+000  1.0153496102111741E+000  1.0109872210189508E+000  1.0065265914230397E+000
  1.0019995632313397E+000  9.9744499973889356E-001  9.9289399381538734E-001  9.8838381669793318E-001  9.8395010812062866E-001
  9.7962787570228993E-001  9.7545131378731409E-001  9.7145351222473952E-001  9.6766620127081171E-001  9.6411945008693600E-001
  9.6084145753752381E-001  9.5785829606810957E-001  9.5519370630704592E-001  9.5286888745945930E-001  9.5090236835765618E-001
  9.4930983369484889E-001  9.4810403736576543E-001  9.4729466527360484E-001  9.4688829788708373E-001  9.4688829788692042E-001
  9.4729466527348205E-001  9.4810403736564719E-001  9.4930983369446964E-001  9.5090236835726105E-001  9.5286888745906650E-001
  9.5519370630663913E-001  9.5785829606743056E-001  9.6084145753691452E-001  9.6411945008645383E-001  9.6766620127045577E-001
  9.7145351222446596E-001  9.7545131378717242E-001  9.7962787570232746E-001  9.8395010812075423E-001  9.8838381669805497E-001
  9.9289399381550192E-001  9.9744499973901346E-001
BLOCK 140   9.1589560327799173E+000
  1.0020352990776971E+000  1.0066615527555964E+000  1.0112196745278852E+000  1.0156771345624935E+000  1.0200008760117014E+000
  1.0241593005841994E+000  1.0281222930458167E+000  1.0318613968526622E+000  1.0353499753043014E+000  1.0385633476164957E+000
  1.0414789054615579E+000  1.0440762253526199E+000  1.0463371837904376E+000  1.0482460284968664E+000  1.0497894514082573E+000
  1.0509566661254874E+000  1.0517394862048632E+000  1.0521323554182835E+000  1.0521323554183173E+000  1.0517394862049552E+000
  1.0509566661256280E+000  1.0497894514084394E+000  1.0482460284970763E+000  1.0463371837906663E+000  1.0440762253528497E+000
  1.0414789054617926E+000  1.0385633476167242E+000  1.0353499753045023E+000  1.0318613968528181E+000  1.0281222930459555E+000
  1.0241593005842933E+000  1.0200008760117729E+000  1.0156771345624942E+000  1.0112196745278688E+000  1.0066615527555143E+000
  1.0020352990772683E+000  9.9738069487556169E-001  9.9272950361527423E-001  9.8811985805981239E-001  9.8358818148231719E-001
  9.7917029885785289E-001  9.7490118778898338E-001  9.7081469903309026E-001  9.6694327286746640E-001  9.6331769204665663E-001
  9.5996679577429300E-001  9.5691725257440785E-001  9.5419333633064141E-001  9.5181675179785785E-001  9.4980643511186591E-001
  9.4817843672769653E-001  9.4694577356529719E-001  9.4611837397674448E-001  9.4570294171887181E-001  9.4570294171892677E-001
  9.4611837397663012E-001  9.4694577356495291E-001  9.4817843672738866E-001  9.4980643511152063E-001  9.5181675179744352E-001
  9.5419333633001779E-001  9.5691725257383398E-001  9.5996679577363653E-001  9.6331769204603401E-001  9.6694327286698889E-001
  9.7081469903277129E-001  9.7490118778876667E-001  9.7917029885773998E-001  9.8358818148237137E-001  9.8811985805997937E-001
  9.9272950361543999E-001  9.9738069487569747E-001
BLOCK 141   9.2248478027999052E+000
  1.0020714736908274E+000  1.0067991276780406E+000  1.0114568881147354E+000  1.0160115188095928E+000  1.0204292469472991E+000
  1.0246778197809574E+000  1.0287264978604342E+000  1.0325462623425705E+000  1.0361099421923821E+000  1.0393923621495937E+000
  1.0423704744861502E+000  1.0450234626776156E+000  1.0473328398521891E+000  1.0492825405081736E+000  1.0508589960987678E+000
  1.0520511981597300E+000  1.0528507687996211E+000  1.0532520463672719E+000  1.0532520463673081E+000  1.0528507687997246E+000
  1.0520511981598861E+000  1.0508589960989652E+000  1.0492825405084056E+000  1.0473328398524406E+000  1.0450234626778752E+000
  1.0423704744864106E+000  1.0393923621498418E+000  1.0361099421925950E+000  1.0325462623427699E+000  1.0287264978606001E+000
  1.0246778197810960E+000  1.0204292469473739E+000  1.0160115188096317E+000  1.0114568881146979E+000  1.0067991276779531E+000
  1.0020714736903849E+000  9.9731457708170101E-001  9.9256096251230541E-001  9.8784959562211128E-001  9.8321774739681145E-001
  9.7870205513424902E-001  9.7433829975216457E-001  9.7016109944835305E-001  9.6620365870322111E-001  9.6249745544815379E-001
  9.5907199620694328E-001  9.5595455549631292E-001  9.5316997162615702E-001  9.5074043182906554E-001  9.4868531848812698E-001
  9.4702103638969282E-001  9.4576091847881250E-001  9.4491507905029182E-001  9.4449039854651962E-001  9.4449039854644590E-001
  9.4491507905009620E-001  9.4576091847857857E-001  9.4702103638937396E-001  9.4868531848769055E-001  9.5074043182851342E-001
  9.5316997162555339E-001  9.5595455549564534E-001  9.5907199620633543E-001  9.6249745544753262E-001  9.6620365870261693E-001
  9.7016109944788287E-001  9.7433829975187847E-001  9.7870205513410169E-001  9.8321774739674961E-001  9.8784959562217323E-001
  9.9256096251249737E-001  9.9731457708192817E-001
BLOCK 142   9.2907395728198932E+000
  1.0021080342105289E+000  1.0069393479080504E+000  1.0116989508419225E+000  1.0163528771634447E+000  1.0208666436171789E+000
  1.0252073200414917E+000  1.0293435448130301E+000  1.0332457057467519E+000  1.0368860940881808E+000  1.0402390402505393E+000
  1.0432810417684832E+000  1.0459908803804703E+000  1.0483497104890065E+000  1.0503411454110372E+000  1.0519513431596546E+000
  1.0531690713917521E+000  1.0539857846184826E+000  1.0543956728053221E+000  1.0543956728053572E+000  1.0539857846185878E+000
  1.0531690713919253E+000  1.0519513431598746E+000  1.0503411454112879E+000  1.0483497104892814E+000  1.0459908803807658E+000
  1.0432810417687666E+000  1.0402390402507982E+000  1.0368860940884415E+000  1.0332457057469824E+000  1.0293435448132315E+000
  1.0252073200416467E+000  1.0208666436172946E+000  1.0163528771634813E+000  1.0116989508418932E+000  1.0069393479078974E+000
  1.0021080342099964E+000  9.9724657045448928E-001  9.9238821654081011E-001  9.8757284553932534E-001  9.8283856676946801E-001
  9.7822285315366364E-001  9.7376230174100908E-001  9.6949234375731508E-001  9.6544693563575779E-001  9.6165828360259287E-001
  9.5815656556943618E-001  9.5496969135289922E-001  9.5212305890445414E-001  9.4963936772544189E-001  9.4753843459166120E-001
  9.4583705808972562E-001  9.4454885118831544E-001  9.4368418457121583E-001  9.4325004919474109E-001  9.4325004919458988E-001
  9.4368418457104897E-001  9.4454885118812426E-001  9.4583705808933471E-001  9.4753843459112153E-001  9.4963936772490853E-001
  9.5212305890390503E-001  9.5496969135230292E-001  9.5815656556855633E-001  9.6165828360180550E-001  9.6544693563514539E-001
  9.6949234375675852E-001  9.7376230174057499E-001  9.7822285315341129E-001  9.8283856676937364E-001  9.8757284553933111E-001
  9.9238821654090636E-001  9.9724657045467735E-001
BLOCK 143   9.3566313428398811E+000
  1.0021450232613835E+000  1.0070822856303423E+000  1.0119459663546873E+000  1.0167013568984076E+000  1.0213132481100144E+000
  1.0257480313778167E+000  1.0299736928573580E+000  1.0339600259501895E+000  1.0376787650877226E+000  1.0411037402576566E+000
  1.0442109946126985E+000  1.0469788900867536E+000  1.0493882196515945E+000  1.0514222809905405E+000  1.0530669519517695E+000
  1.0543107742564433E+000  1.0551450115163010E+000  1.0555637127382953E+000  1.0555637127383308E+000  1.0551450115164116E+000
  1.0543107742566205E+000  1.0530669519520057E+000  1.0514222809908187E+000  1.0493882196519022E+000  1.0469788900870600E+000
  1.0442109946130078E+000  1.0411037402579710E+000  1.0376787650880086E+000  1.0339600259504576E+000  1.0299736928575884E+000
  1.0257480313780096E+000  1.0213132481101357E+000  1.0167013568984442E+000  1.0119459663545813E+000  1.0070822856301440E+000
  1.0021450232608935E+000  9.9717662414793451E-001  9.9221119344600395E-001  9.8728946978410759E-001  9.8245043818071298E-001
  9.7773243372495389E-001  9.7317290199389994E-001  9.6880807447074979E-001  9.6467269787506116E-001  9.6079971731494862E-001
  9.5722001029639248E-001  9.5396211459565849E-001  9.5105201724083510E-001  9.4851293752652410E-001  9.4636515472220839E-001
  9.4462583428806346E-001  9.4330892653026444E-001  9.4242499905318389E-001  9.4198120669377172E-001  9.4198120669387508E-001
  9.4242499905305177E-001  9.4330892652987808E-001  9.4462583428765146E-001  9.4636515472175731E-001  9.4851293752598531E-001
  9.5105201724022703E-001  9.5396211459481739E-001  9.5722001029562021E-001  9.6079971731409863E-001  9.6467269787423704E-001
  9.6880807447015094E-001  9.7317290199340833E-001  9.7773243372456986E-001  9.8245043818050848E-001  9.8728946978406640E-001
  9.9221119344605224E-001  9.9717662414806529E-001
BLOCK 144   9.4225231128598690E+000
  1.0021823762093920E+000  1.0072279472556063E+000  1.0121980130618020E+000  1.0170570909979493E+000  1.0217692438118915E+000
  1.0263001686365474E+000  1.0306172005891454E+000  1.0346895168632475E+000  1.0384882919584988E+000  1.0419868372751508E+000
  1.0451607281714501E+000  1.0479879171542565E+000  1.0504488214320955E+000  1.0525264190048005E+000  1.0542063216407909E+000
  1.0554768228354201E+000  1.0563289769901127E+000  1.0567566800121873E+000  1.0567566800122279E+000  1.0563289769902275E+000
  1.0554768228356060E+000  1.0542063216410409E+000  1.0525264190051060E+000  1.0504488214324181E+000  1.0479879171545985E+000
  1.0451607281718043E+000  1.0419868372754935E+000  1.0384882919588334E+000  1.0346895168635479E+000  1.0306172005894159E+000
  1.0263001686367539E+000  1.0217692438119965E+000  1.0170570909979082E+000  1.0121980130616834E+000  1.0072279472554588E+000
  1.0021823762089419E+000  9.9710466576884449E-001  9.9202973963594343E-001  9.8699926217048073E-001  9.8205310943461288E-001
  9.7723049972749765E-001  9.7256973402718017E-001  9.6810788647132229E-001  9.6388049750643923E-001  9.5992127429022722E-001
  9.5626179687534463E-001  9.5293126594226851E-001  9.4995626074687534E-001  9.4736053862419700E-001  9.4516484278441970E-001
  9.4338675343418810E-001  9.4204050730000499E-001  9.4113691886673068E-001  9.4068326215749221E-001  9.4068326215732934E-001
  9.4113691886656692E-001  9.4204050729972222E-001  9.4338675343375122E-001  9.4516484278396729E-001  9.4736053862363234E-001
  9.4995626074603712E-001  9.5293126594150257E-001  9.5626179687440738E-001  9.5992127428939555E-001  9.6388049750563987E-001
  9.6810788647051293E-001  9.7256973402659153E-001  9.7723049972709208E-001  9.8205310943429680E-001  9.8699926217030431E-001
  9.9202973963594909E-001  9.9710466576895074E-001
BLOCK 145   9.4884148828798569E+000
  1.0022201400599786E+000  1.0073763951224839E+000  1.0124551862095521E+000  1.0174202339155307E+000  1.0222348332360385E+000
  1.0268639781120568E+000  1.0312743429415672E+000  1.0354344906531727E+000  1.0393150135393558E+000  1.0428886970736304E+000
  1.0461306422313212E+000  1.0490183763314778E+000  1.0515319545059627E+000  1.0536540324559012E+000  1.0553699333865487E+000
  1.0566677031761766E+000  1.0575381799006689E+000  1.0579750900024372E+000  1.0579750900024767E+000  1.0575381799007912E+000
  1.0566677031763769E+000  1.0553699333868161E+000  1.0536540324562078E+000  1.0515319545063193E+000  1.0490183763318641E+000
  1.0461306422317120E+000  1.0428886970740230E+000  1.0393150135397311E+000  1.0354344906535251E+000  1.0312743429418505E+000
  1.0268639781122306E+000  1.0222348332360798E+000  1.0174202339154992E+000  1.0124551862094744E+000  1.0073763951223613E+000
  1.0022201400595445E+000  9.9703064647291162E-001  9.9184376657889584E-001  9.8670207845501534E-001  9.8164637906046437E-001
  9.7671678365157977E-001  9.7195248109543320E-001  9.6739139878749769E-001  9.6306989983482072E-001  9.5902245769720595E-001
  9.5528138440816679E-001  9.5187654972870994E-001  9.4883514949392045E-001  9.4618148849712846E-001  9.4393680525641843E-001
  9.4211907827209529E-001  9.4074289645772158E-001  9.3981928547095206E-001  9.3935562172415554E-001  9.3935562172409270E-001
  9.3981928547065252E-001  9.4074289645748133E-001  9.4211907827178287E-001  9.4393680525581214E-001  9.4618148849634731E-001
  9.4883514949322589E-001  9.5187654972782387E-001  9.5528138440749266E-001  9.5902245769596384E-001  9.6306989983386404E-001
  9.6739139878675162E-001  9.7195248109469445E-001  9.7671678365100156E-001  9.8164637906011043E-001  9.8670207845479119E-001
  9.9184376657876794E-001  9.9703064647293826E-001
BLOCK 146   9.5543066528998448E+000
  1.0022582310643950E+000  1.0075276492202949E+000  1.0127175746910002E+000  1.0177909100259557E+000  1.0227101941666523E+000
  1.0274396925927765E+000  1.0319454025205503E+000  1.0361952587455736E+000  1.0401592741525494E+000  1.0438096960490428E+000
  1.0471211408921197E+000  1.0500707117789021E+000  1.0526380911587658E+000  1.0548056091370932E+000  1.0565582955018815E+000
  1.0578839416080217E+000  1.0587731664384197E+000  1.0592195180867179E+000  1.0592195180867616E+000  1.0587731664385505E+000
  1.0578839416082342E+000  1.0565582955021526E+000  1.0548056091374285E+000  1.0526380911591515E+000  1.0500707117793222E+000
  1.0471211408925651E+000  1.0438096960494891E+000  1.0401592741529748E+000  1.0361952587459344E+000  1.0319454025208030E+000
  1.0274396925929068E+000  1.0227101941667120E+000  1.0177909100259530E+000  1.0127175746909314E+000  1.0075276492202003E+000
  1.0022582310640602E+000  9.9695446341707039E-001  9.9165311702345516E-001  9.8639770830667317E-001  9.8122997090414366E-001
  9.7619095646970377E-001  9.7132075689587805E-001  9.6665817282105049E-001  9.6224040204293804E-001  9.5810271933206637E-001
  9.5427817256622005E-001  9.5079731861527006E-001  9.4768798263565457E-001  9.4497504561064072E-001  9.4268024479421397E-001
  9.4082203107555773E-001  9.3941538797105906E-001  9.3847164349476075E-001  9.3799815640582640E-001  9.3799815640578321E-001
  9.3847164349467460E-001  9.3941538797070245E-001  9.4082203107505802E-001  9.4268024479360846E-001  9.4497504560994872E-001
  9.4768798263485476E-001  9.5079731861459194E-001  9.5427817256505731E-001  9.5810271933109792E-001  9.6224040204165595E-001
  9.6665817282001276E-001  9.7132075689515163E-001  9.7619095646906562E-001  9.8122997090361908E-001  9.8639770830635687E-001
  9.9165311702330095E-001  9.9695446341699900E-001
BLOCK 147   9.6201984229198327E+000
  1.0022967027311875E+000  1.0076817661064057E+000  1.0129852808911670E+000  1.0181692871920673E+000  1.0231955332740743E+000
  1.0280275602161215E+000  1.0326306701296593E+000  1.0369721522833717E+000  1.0410214293411604E+000  1.0447502127704367E+000
  1.0481326316240163E+000  1.0511453563343687E+000  1.0537676836585517E+000  1.0559816080114615E+000  1.0577718815696970E+000
  1.0591260450177709E+000  1.0600344867182703E+000  1.0604905276187266E+000  1.0604905276187766E+000  1.0600344867184115E+000
  1.0591260450179847E+000  1.0577718815699941E+000  1.0559816080118227E+000  1.0537676836589727E+000  1.0511453563348350E+000
  1.0481326316245143E+000  1.0447502127709360E+000  1.0410214293416071E+000  1.0369721522836994E+000  1.0326306701298764E+000
  1.0280275602162812E+000  1.0231955332741525E+000  1.0181692871920651E+000  1.0129852808911461E+000  1.0076817661064139E+000
  1.0022967027309053E+000  9.9687607659578992E-001  9.9145768705891768E-001  9.8608598810691561E-001  9.8080367551884351E-001
  9.7565274408435299E-001  9.7067421767982276E-001  9.6590779578962649E-001  9.6139153534088639E-001  9.5716151589068665E-001
  9.5325154857399585E-001  9.4969289129476242E-001  9.4651401554148662E-001  9.4374040025275108E-001  9.4139440476490222E-001
  9.3949521452326257E-001  9.3805909559988321E-001  9.3709500379295496E-001  9.3660662684191864E-001  9.3660662684192930E-001
  9.3709500379282962E-001  9.3805909559954870E-001  9.3949521452263851E-001  9.4139440476428626E-001  9.4374040025211114E-001
  9.4651401554078374E-001  9.4969289129358514E-001  9.5325154857302685E-001  9.5716151588939269E-001  9.6139153533987809E-001
  9.6590779578847974E-001  9.7067421767876061E-001  9.7565274408364489E-001  9.8080367551830772E-001  9.8608598810645975E-001
  9.9145768705863013E-001  9.9687607659568156E-001
BLOCK 148   9.6860901929398207E+000
  1.0023355067641102E+000  1.0078387928019805E+000  1.0132584042187402E+000  1.0185555084944893E+000  1.0236910558406036E+000
  1.0286278277984364E+000  1.0333304298601198E+000  1.0377654985899871E+000  1.0419018496861858E+000  1.0457106517444890E+000
  1.0491655470884234E+000  1.0522427578535900E+000  1.0549211889941059E+000  1.0571825067836289E+000  1.0590111901013772E+000
  1.0603945561434054E+000  1.0613227419961666E+000  1.0617887789957305E+000  1.0617887789957774E+000  1.0613227419963036E+000
  1.0603945561436408E+000  1.0590111901016981E+000  1.0571825067840237E+000  1.0549211889945727E+000  1.0522427578541120E+000
  1.0491655470889665E+000  1.0457106517449966E+000  1.0419018496865904E+000  1.0377654985903189E+000  1.0333304298603745E+000
  1.0286278277985912E+000  1.0236910558406886E+000  1.0185555084945552E+000  1.0132584042188026E+000  1.0078387928020169E+000
  1.0023355067638919E+000  9.9679541941716865E-001  9.9125736662505015E-001  9.8576676772590166E-001  9.8036730233478553E-001
  9.7510193897717468E-001  9.7001265259897107E-001  9.6514007105552158E-001  9.6052313927323463E-001  9.5619878174088135E-001
  9.5220160738031856E-001  9.4856365068188619E-001  9.4531419356378688E-001  9.4247977324052423E-001  9.4008451604252419E-001
  9.3814909427767967E-001  9.3666885360443219E-001  9.3566967862605344E-001  9.3517859435002582E-001  9.3517859434992900E-001
  9.3566967862577111E-001  9.3666885360407581E-001  9.3814909427727611E-001  9.4008451604188159E-001  9.4247977323979393E-001
  9.4531419356277124E-001  9.4856365068094706E-001  9.5220160737899762E-001  9.5619878173976436E-001  9.6052313927196575E-001
  9.6514007105448241E-001  9.7001265259795189E-001  9.7510193897614750E-001  9.8036730233406932E-001  9.8576676772544325E-001
  9.9125736662468056E-001  9.9679541941691463E-001
BLOCK 149   9.7519819629598086E+000
  1.0023747232102085E+000  1.0079988161050368E+000  1.0135370838990787E+000  1.0189497645368577E+000  1.0241969891851361E+000
  1.0292407775315755E+000  1.0340450101179117E+000  1.0385756636424646E+000  1.0428009501653408E+000  1.0466914784690977E+000
  1.0502203827672756E+000  1.0533634434406609E+000  1.0560991820310943E+000  1.0584089572423161E+000  1.0602770352543271E+000
  1.0616909565772812E+000  1.0626433547613947E+000  1.0631080955558005E+000  1.0631080955559600E+000  1.0626433547615290E+000
  1.0616909565775319E+000  1.0602770352546764E+000  1.0584089572427615E+000  1.0560991820316132E+000  1.0533634434412265E+000
  1.0502203827678196E+000  1.0466914784695669E+000  1.0428009501657618E+000  1.0385756636428061E+000  1.0340450101181702E+000
  1.0292407775317620E+000  1.0241969891852873E+000  1.0189497645369807E+000  1.0135370838991731E+000  1.0079988161051763E+000
  1.0023747232101088E+000  9.9671248640014543E-001  9.9105210186492287E-001  9.8543994490152476E-001  9.7992070734917081E-001
  9.7453836026206475E-001  9.6933586341434508E-001  9.6435479812535274E-001  9.5963504100337294E-001  9.5521442904222564E-001
  9.5112851298256240E-001  9.4741048438887610E-001  9.4409147426908446E-001  9.4120068421006242E-001  9.3875954830523245E-001
  9.3675187724686126E-001  9.3521968411702316E-001  9.3422260773425925E-001  9.3371514340653994E-001  9.3371514340636907E-001
  9.3422260773394328E-001  9.3521968411666645E-001  9.3675187724644682E-001  9.3875954830468733E-001  9.4120068420907965E-001
  9.4409147426810625E-001  9.4741048438768061E-001  9.5112851298160472E-001  9.5521442904106624E-001  9.5963504100187302E-001
  9.6435479812397185E-001  9.6933586341327360E-001  9.7453836026115415E-001  9.7992070734822845E-001  9.8543994490079867E-001
  9.9105210186450543E-001  9.9671248639986354E-001
BLOCK 150   9.8178737329797965E+000
  1.0024143264757626E+000  1.0081619281058101E+000  1.0138214916864101E+000  1.0193523094525430E+000  1.0247136800623202E+000
  1.0298668450526722E+000  1.0347749657167056E+000  1.0394033481767329E+000  1.0437195930318919E+000  1.0476937590846849E+000
  1.0512984945533730E+000  1.0545091857411055E+000  1.0573041163769572E+000  1.0596649348574554E+000  1.0615801530940918E+000
  1.0630261775112784E+000  1.0639687215712703E+000  1.0644467749028941E+000  1.0644467749029931E+000  1.0639687215716263E+000
  1.0630261775116439E+000  1.0615801530944493E+000  1.0596649348579383E+000  1.0573041163775139E+000  1.0545091857416613E+000
  1.0512984945538881E+000  1.0476937590851707E+000  1.0437195930323115E+000  1.0394033481770806E+000  1.0347749657169845E+000
  1.0298668450529269E+000  1.0247136800625247E+000  1.0193523094527082E+000  1.0138214916866184E+000  1.0081619281060339E+000
  1.0024143264756709E+000  9.9662721281756905E-001  9.9084175593145507E-001  9.8510531756997666E-001  9.7946362989045455E-001
  9.7396169295438928E-001  9.6864347939238493E-001  9.6355157156331883E-001  9.5872685577113470E-001  9.5420833213823353E-001
  9.5003327678630456E-001  9.4623771022901848E-001  9.4285487723733474E-001  9.3990364239159563E-001  9.3737373382192835E-001
  9.3528684572022147E-001  9.3377021667355198E-001  9.3273176158164006E-001  9.3222007032396159E-001  9.3222007032392751E-001
  9.3273176158140791E-001  9.3377021667315718E-001  9.3528684571965015E-001  9.3737373382117017E-001  9.3990364239084079E-001
  9.4285487723623018E-001  9.4623771022803826E-001  9.5003327678511684E-001  9.5420833213687928E-001  9.5872685576973882E-001
  9.6355157156186089E-001  9.6864347939098105E-001  9.7396169295327750E-001  9.7946362988962221E-001  9.8510531756916131E-001
  9.9084175593074830E-001  9.9662721281715627E-001
BLOCK 151   9.8837655029997844E+000
  1.0024544059064366E+000  1.0083282433783944E+000  1.0141118103780415E+000  1.0197634003415241E+000  1.0252414660050133E+000
  1.0305064652209286E+000  1.0355208323465430E+000  1.0402492095128795E+000  1.0446585875913792E+000  1.0487185015989724E+000
  1.0524012039821466E+000  1.0556819996212714E+000  1.0585403587756108E+000  1.0609601343652040E+000  1.0629066346582594E+000
  1.0643500495918226E+000  1.0653315471702647E+000  1.0658208397140010E+000  1.0658208397141113E+000  1.0653315471705631E+000
  1.0643500495923737E+000  1.0629066346588578E+000  1.0609601343657051E+000  1.0585403587761351E+000  1.0556819996217919E+000
  1.0524012039826480E+000  1.0487185015994747E+000  1.0446585875917722E+000  1.0402492095132714E+000  1.0355208323468934E+000
  1.0305064652212090E+000  1.0252414660052769E+000  1.0197634003418123E+000  1.0141118103782927E+000  1.0083282433786496E+000
  1.0024544059065574E+000  9.9653957211290645E-001  9.9062622701349390E-001  9.8476270590294390E-001  9.7899579967398642E-001
  9.7337155654172036E-001  9.6793499442841435E-001  9.6272981544022207E-001  9.5779841784247244E-001  9.5318233932130025E-001
  9.4892237680550462E-001  9.4505404996180153E-001  9.4159359672015108E-001  9.3853538556719052E-001  9.3591398131628589E-001
  9.3385152867925425E-001  9.3225978694044465E-001  9.3121874731860599E-001  9.3068767699004928E-001  9.3068767699000921E-001
  9.3121874731846699E-001  9.3225978693999467E-001  9.3385152867854637E-001  9.3591398131555326E-001  9.3853538556628624E-001
  9.4159359671938936E-001  9.4505404996064424E-001  9.4892237680408453E-001  9.5318233931986274E-001  9.5779841784098518E-001
  9.6272981543879510E-001  9.6793499442700237E-001  9.7337155654035390E-001  9.7899579967285322E-001  9.8476270590215398E-001
  9.9062622701281366E-001  9.9653957211225130E-001
BLOCK 152   9.9496572730197723E+000
  1.0024948429040663E+000  1.0084977775741177E+000  1.0144081436332797E+000  1.0201832225451086E+000  1.0257806186316549E+000
  1.0311600038364681E+000  1.0362830819750539E+000  1.0411138326895566E+000  1.0456186866412158E+000  1.0497668121221626E+000
  1.0535307360715587E+000  1.0568873713011906E+000  1.0598134400239589E+000  1.0622646716357533E+000  1.0642247078370104E+000
  1.0657235363845390E+000  1.0667230969315467E+000  1.0672290962460809E+000  1.0672290962462045E+000  1.0667230969319170E+000
  1.0657235363850632E+000  1.0642247078377094E+000  1.0622646716364341E+000  1.0598134400244634E+000  1.0568873713016798E+000
  1.0535307360720720E+000  1.0497668121226287E+000  1.0456186866416595E+000  1.0411138326899549E+000  1.0362830819754298E+000
  1.0311600038368407E+000  1.0257806186320086E+000  1.0201832225454088E+000  1.0144081436336314E+000  1.0084977775746307E+000
  1.0024948429043092E+000  9.9644939458679016E-001  9.9040523708437556E-001  9.8441168646978872E-001  9.7851658717702650E-001
  9.7276704733895836E-001  9.6720935548774101E-001  9.6188926980287670E-001  9.5685265455009383E-001  9.5214424616740212E-001
  9.4779962279515084E-001  9.4383276329750043E-001  9.4025047308517129E-001  9.3711100800608615E-001  9.3448737228891887E-001
  9.3234657274942534E-001  9.3074698303008019E-001  9.2965929339508280E-001  9.2912430495855702E-001  9.2912430495847542E-001
  9.2965929339479347E-001  9.3074698302963332E-001  9.3234657274882260E-001  9.3448737228814149E-001  9.3711100800532987E-001
  9.4025047308409992E-001  9.4383276329626942E-001  9.4779962279380159E-001  9.5214424616583015E-001  9.5685265454847290E-001
  9.6188926980135370E-001  9.6720935548631937E-001  9.7276704733761110E-001  9.7851658717573808E-001  9.8441168646866450E-001
  9.9040523708358241E-001  9.9644939458620607E-001
BLOCK 153   1.0015549043039760E+001
  1.0025357036198128E+000  1.0086706145773241E+000  1.0147106418286609E+000  1.0206120053893495E+000  1.0263314493696882E+000
  1.0318278527919489E+000  1.0370622005829095E+000  1.0419978814785926E+000  1.0466010915884751E+000  1.0508417583999028E+000
  1.0546936738277115E+000  1.0581263588935688E+000  1.0610904903978093E+000  1.0635708636943868E+000  1.0655924360177165E+000
  1.0671191299987275E+000  1.0681511367404060E+000  1.0686662636190922E+000  1.0686662636192386E+000  1.0681511367408021E+000
  1.0671191299993183E+000  1.0655924360183542E+000  1.0635708636950394E+000  1.0610904903984728E+000  1.0581263588940917E+000
  1.0546936738281671E+000  1.0508417584003662E+000  1.0466010915889479E+000  1.0419978814790292E+000  1.0370622005833339E+000
  1.0318278527923719E+000  1.0263314493700779E+000  1.0206120053898076E+000  1.0147106418292404E+000  1.0086706145778768E+000
  1.0025357036200362E+000  9.9635660795717407E-001  9.9017856042324426E-001  9.8405176485099011E-001  9.7802514601288104E-001
  9.7214738882151075E-001  9.6646768970255337E-001  9.6103607981898942E-001  9.5589986548821382E-001  9.5109299016119153E-001
  9.4662978103879325E-001  9.4253216194632472E-001  9.3886810584623126E-001  9.3568850154454608E-001  9.3300823346415762E-001
  9.3083257305710232E-001  9.2918501081102312E-001  9.2808409207896125E-001  9.2752328860112565E-001  9.2752328860097644E-001
  9.2808409207858800E-001  9.2918501081056570E-001  9.3083257305658673E-001  9.3300823346351947E-001  9.3568850154348493E-001
  9.3886810584502034E-001  9.4253216194508171E-001  9.4662978103736684E-001  9.5109299015965998E-001  9.5589986548653583E-001
  9.6103607981733119E-001  9.6646768970102070E-001  9.7214738882011487E-001  9.7802514601159474E-001  9.8405176484978640E-001
  9.9017856042215724E-001  9.9635660795636083E-001
BLOCK 154   1.0081440813059748E+001
  1.0025768506529105E+000  1.0088467874101890E+000  1.0150194170669560E+000  1.0210499264049662E+000  1.0268941963357141E+000
  1.0325103212139517E+000  1.0378586978644049E+000  1.0429027360767793E+000  1.0476098289381142E+000  1.0519500988011246E+000
  1.0558862397929905E+000  1.0593668914568251E+000  1.0623746020565326E+000  1.0649247997060964E+000  1.0669846565847017E+000
  1.0685521633313917E+000  1.0696033207394899E+000  1.0701346762441752E+000  1.0701346762443114E+000  1.0696033207398694E+000
  1.0685521633319126E+000  1.0669846565853298E+000  1.0649247997067475E+000  1.0623746020571689E+000  1.0593668914574703E+000
  1.0558862397934980E+000  1.0519500988015935E+000  1.0476098289385647E+000  1.0429027360772765E+000  1.0378586978648794E+000
  1.0325103212143927E+000  1.0268941963362730E+000  1.0210499264056108E+000  1.0150194170675302E+000  1.0088467874108085E+000
  1.0025768506534258E+000  9.9626088967078030E-001  9.8994543223172315E-001  9.8368171318603426E-001  9.7752081542089131E-001
  9.7151545070891776E-001  9.6571927806574887E-001  9.6018037299150483E-001  9.5493044545540196E-001  9.4998783188874347E-001
  9.4539003155247581E-001  9.4120839997056904E-001  9.3748443519535019E-001  9.3421544234414511E-001  9.3148757035674301E-001
  9.2928579427573754E-001  9.2759864415357152E-001  9.2646789944491437E-001  9.2589926968328440E-001  9.2589926968316483E-001
  9.2646789944460539E-001  9.2759864415314697E-001  9.2928579427520253E-001  9.3148757035593832E-001  9.3421544234309484E-001
  9.3748443519414082E-001  9.4120839996909655E-001  9.4539003155101986E-001  9.4998783188735048E-001  9.5493044545390682E-001
  9.6018037298949488E-001  9.6571927806381708E-001  9.7151545070734568E-001  9.7752081541952607E-001  9.8368171318480568E-001
  9.8994543223059739E-001  9.9626088966973869E-001
BLOCK 155   1.0147332583079736E+001
  1.0026179650077971E+000  1.0090263115570623E+000  1.0153346069679159E+000  1.0214971408010698E+000  1.0274690261460042E+000
  1.0332078517010472E+000  1.0386743939311163E+000  1.0438335097199474E+000  1.0486511340132620E+000  1.0530837895988716E+000
  1.0570792375810507E+000  1.0606164210925899E+000  1.0637018514378029E+000  1.0663027682602320E+000  1.0684152559831808E+000
  1.0700135422880137E+000  1.0710899151005124E+000  1.0716297743699141E+000  1.0716297743700138E+000  1.0710899151007882E+000
  1.0700135422884653E+000  1.0684152559837499E+000  1.0663027682608708E+000  1.0637018514384415E+000  1.0606164210932494E+000
  1.0570792375817135E+000  1.0530837895993905E+000  1.0486511340137579E+000  1.0438335097204154E+000  1.0386743939316327E+000
  1.0332078517016905E+000  1.0274690261466608E+000  1.0214971408016777E+000  1.0153346069686613E+000  1.0090263115579925E+000
  1.0026179650084477E+000  9.9616118873302928E-001  9.8970434562809551E-001  9.8330163110781510E-001  9.7700929024213412E-001
  9.7088348265752866E-001  9.6497124460322214E-001  9.5930277431582300E-001  9.5390418065300642E-001  9.4882727379683762E-001
  9.4414160798651170E-001  9.3987342199739821E-001  9.3602455699453757E-001  9.3273007723331336E-001  9.2993981968866335E-001
  9.2768026171993934E-001  9.2598346802922427E-001  9.2482352104058729E-001  9.2424660708247486E-001  9.2424660708244677E-001
  9.2482352104042120E-001  9.2598346802883236E-001  9.2768026171920959E-001  9.2993981968772044E-001  9.3273007723229617E-001
  9.3602455699323706E-001  9.3987342199603341E-001  9.4414160798508906E-001  9.4882727379525489E-001  9.5390418065112137E-001
  9.5930277431405842E-001  9.6497124460131223E-001  9.7088348265555546E-001  9.7700929024051331E-001  9.8330163110647828E-001
  9.8970434562691123E-001  9.9616118873195636E-001
BLOCK 156   1.0213224353099724E+001
  1.0026571637046773E+000  1.0092084005612871E+000  1.0156560097290126E+000  1.0219536345816609E+000  1.0280564480785972E+000
  1.0339230425891477E+000  1.0395156205240448E+000  1.0447955534969493E+000  1.0497138905989578E+000  1.0542176414404310E+000
  1.0582821449841420E+000  1.0619002551194920E+000  1.0650501432315491E+000  1.0677194623658190E+000  1.0698763548007464E+000
  1.0715111240183632E+000  1.0726070494348068E+000  1.0731569589092280E+000  1.0731569589092853E+000  1.0726070494350093E+000
  1.0715111240187114E+000  1.0698763548012280E+000  1.0677194623663961E+000  1.0650501432322270E+000  1.0619002551201935E+000
  1.0582821449848263E+000  1.0542176414411200E+000  1.0497138905995014E+000  1.0447955534974882E+000  1.0395156205246876E+000
  1.0339230425898212E+000  1.0280564480792751E+000  1.0219536345824944E+000  1.0156560097299943E+000  1.0092084005623108E+000
  1.0026571637053843E+000  9.9605548247911313E-001  9.8945654999239885E-001  9.8292027507189861E-001  9.7650367442825248E-001
  9.7025131196283476E-001  9.6419382436100154E-001  9.5836777464410028E-001  9.5283537348612912E-001  9.4765872850098221E-001
  9.4285855713853084E-001  9.3846712348222372E-001  9.3457906822072623E-001  9.3120095151458171E-001  9.2835574334448934E-001
  9.2605519085505061E-001  9.2430837438482438E-001  9.2315636725070627E-001  9.2256224154639233E-001  9.2256224154636557E-001
  9.2315636725055483E-001  9.2430837438434610E-001  9.2605519085428567E-001  9.2835574334354376E-001  9.3120095151337812E-001
  9.3457906821959502E-001  9.3846712348096240E-001  9.4285855713695321E-001  9.4765872849905375E-001  9.5283537348430059E-001
  9.5836777464206080E-001  9.6419382435914180E-001  9.7025131196102099E-001  9.7650367442632091E-001  9.8292027507021806E-001
  9.8945654999105870E-001  9.9605548247796383E-001
BLOCK 157   1.0279116123119712E+001
  1.0026928761571217E+000  1.0093903723492019E+000  1.0159821742688091E+000  1.0224198068375920E+000  1.0286601012670582E+000
  1.0346632522861086E+000  1.0403861252388245E+000  1.0457751214134468E+000  1.0507766796552396E+000  1.0553626511308445E+000
  1.0595137674059767E+000  1.0632087334263414E+000  1.0664340167814967E+000  1.0691616490057692E+000  1.0713718143498743E+000
  1.0730404879667603E+000  1.0741583672673398E+000  1.0747197030502929E+000  1.0747197030503544E+000  1.0741583672674968E+000
  1.0730404879670177E+000  1.0713718143502633E+000  1.0691616490063214E+000  1.0664340167821620E+000  1.0632087334270328E+000
  1.0595137674067343E+000  1.0553626511315497E+000  1.0507766796559859E+000  1.0457751214141728E+000  1.0403861252394833E+000
  1.0346632522867891E+000  1.0286601012679544E+000  1.0224198068386272E+000  1.0159821742698663E+000  1.0093903723502724E+000
  1.0026928761579086E+000  9.9594781165916868E-001  9.8921480779176096E-001  9.8255000718433938E-001  9.7599519172330240E-001
  9.6958424853314873E-001  9.6336514297546005E-001  9.5740497677551417E-001  9.5175634870186421E-001  9.4644285014888596E-001
  9.4151864160909549E-001  9.3706365329009467E-001  9.3309229235306523E-001  9.2964294281463566E-001  9.2673822411146167E-001
  9.2438959792228281E-001  9.2262168272772915E-001  9.2142897756574627E-001  9.2084981407482502E-001  9.2084981407471556E-001
  9.2142897756538367E-001  9.2262168272721079E-001  9.2438959792157993E-001  9.2673822411044804E-001  9.2964294281356064E-001
  9.3309229235179336E-001  9.3706365328866903E-001  9.4151864160738619E-001  9.4644285014712226E-001  9.5175634869974557E-001
  9.5740497677347525E-001  9.6336514297342168E-001  9.6958424853121927E-001  9.7599519172154137E-001  9.8255000718249608E-001
  9.8921480779003612E-001  9.9594781165777013E-001
BLOCK 158   1.0345007893139700E+001
  1.0027325463158785E+000  1.0095710605431838E+000  1.0163109686980838E+000  1.0228985002519480E+000  1.0292873509784757E+000
  1.0354300796123082E+000  1.0412703556964191E+000  1.0467548190248852E+000  1.0518513696075824E+000  1.0565319959074011E+000
  1.0607649123728691E+000  1.0645528211642807E+000  1.0678484585898786E+000  1.0706373134631295E+000  1.0728941692144263E+000
  1.0746020214834437E+000  1.0757467672700101E+000  1.0763196244387876E+000  1.0763196244388260E+000  1.0757467672701391E+000
  1.0746020214836767E+000  1.0728941692147915E+000  1.0706373134636256E+000  1.0678484585904677E+000  1.0645528211649302E+000
  1.0607649123736445E+000  1.0565319959082506E+000  1.0518513696084630E+000  1.0467548190257210E+000  1.0412703556972158E+000
  1.0354300796132350E+000  1.0292873509794775E+000  1.0228985002530027E+000  1.0163109686992033E+000  1.0095710605443955E+000
  1.0027325463169710E+000  9.9585357657277274E-001  9.8898705787481567E-001  9.8217236811581066E-001  9.7544976463118804E-001
  9.6887730464999167E-001  9.6252138210568827E-001  9.5642671992948547E-001  9.5062681571263941E-001  9.4518977726112230E-001
  9.4017716296796960E-001  9.3559729237592726E-001  9.3157015414182220E-001  9.2806074850136100E-001  9.2508968417806769E-001
  9.2269719148015661E-001  9.2089042086834194E-001  9.1968877234861335E-001  9.1907977786120609E-001  9.1907977786100536E-001
  9.1968877234816160E-001  9.2089042086773554E-001  9.2269719147937279E-001  9.2508968417722992E-001  9.2806074850024001E-001
  9.3157015414033340E-001  9.3559729237432510E-001  9.4017716296629339E-001  9.4518977725923425E-001  9.5062681571068064E-001
  9.5642671992722894E-001  9.6252138210356397E-001  9.6887730464795796E-001  9.7544976462921773E-001  9.8217236811404207E-001
  9.8898705787304675E-001  9.9585357657104867E-001
BLOCK 159   1.0410899663159688E+001
  1.0027912732984172E+000  1.0097638808511420E+000  1.0166497887287202E+000  1.0233941557926982E+000  1.0299343277123527E+000
  1.0362057604557309E+000  1.0421548292340557E+000  1.0477466185140143E+000  1.0529468590546383E+000  1.0577201404607710E+000
  1.0620528521722425E+000  1.0659185111922063E+000  1.0692947446931020E+000  1.0721451779864233E+000  1.0744507674100976E+000
  1.0761970114100294E+000  1.0773691950025643E+000  1.0779585186193639E+000  1.0779585186194032E+000  1.0773691950026969E+000
  1.0761970114102828E+000  1.0744507674104438E+000  1.0721451779868336E+000  1.0692947446936099E+000  1.0659185111928700E+000
  1.0620528521730386E+000  1.0577201404617247E+000  1.0529468590555755E+000  1.0477466185149915E+000  1.0421548292351774E+000
  1.0362057604568231E+000  1.0299343277134099E+000  1.0233941557937891E+000  1.0166497887299797E+000  1.0097638808526912E+000
  1.0027912732997593E+000  9.9577211378705799E-001  9.8874619304927358E-001  9.8175984907715008E-001  9.7487776140665083E-001
  9.6816159030474180E-001  9.6165260199035518E-001  9.5539751137824658E-001  9.4946995473175733E-001  9.4392044019976407E-001
  9.3877891190908380E-001  9.3412959847426524E-001  9.3000702722526851E-001  9.2643217033392922E-001  9.2341846874534117E-001
  9.2097227539018056E-001  9.1913110712714152E-001  9.1789681319027028E-001  9.1727255054523738E-001  9.1727255054512047E-001
  9.1789681318983629E-001  9.1913110712643642E-001  9.2097227538942783E-001  9.2341846874439582E-001  9.2643217033266034E-001
  9.3000702722386830E-001  9.3412959847273069E-001  9.3877891190712015E-001  9.4392044019780996E-001  9.4946995472972873E-001
  9.5539751137649964E-001  9.6165260198762381E-001  9.6816159030245119E-001  9.7487776140459492E-001  9.8175984907514546E-001
  9.8874619304747458E-001  9.9577211378535602E-001
BLOCK 160   1.0476791433179676E+001
  1.0028618129751434E+000  1.0099900005610889E+000  1.0170210371910557E+000  1.0239069050053176E+000  1.0305808115529742E+000
  1.0369774904504037E+000  1.0430497184827447E+000  1.0487563706692460E+000  1.0540604872025736E+000  1.0589351738327222E+000
  1.0633662197298033E+000  1.0673185322808341E+000  1.0707667135525409E+000  1.0736845122295822E+000  1.0760451281001178E+000
  1.0778294288094350E+000  1.0790290377034850E+000  1.0796323908233416E+000  1.0796323908234060E+000  1.0790290377036627E+000
  1.0778294288096748E+000  1.0760451281004124E+000  1.0736845122299699E+000  1.0707667135530625E+000  1.0673185322815080E+000
  1.0633662197306100E+000  1.0589351738336377E+000  1.0540604872036647E+000  1.0487563706704930E+000  1.0430497184839784E+000
  1.0369774904516280E+000  1.0305808115541839E+000  1.0239069050066547E+000  1.0170210371926132E+000  1.0099900005627318E+000
  1.0028618129764431E+000  9.9567312661517982E-001  9.8847626584444093E-001  9.8133319131288932E-001  9.7429777472032963E-001
  9.6741331417106502E-001  9.6073965308455889E-001  9.5434940611091179E-001  9.4828767080914833E-001  9.4260163738539682E-001
  9.3737168111402336E-001  9.3262217710314088E-001  9.2842041125913666E-001  9.2477148907900397E-001  9.2169959486574360E-001
  9.1921979220068040E-001  9.1733196207849355E-001  9.1605909371991445E-001  9.1542999975562245E-001  9.1542999975548900E-001
  9.1605909371954941E-001  9.1733196207793632E-001  9.1921979219978345E-001  9.2169959486456099E-001  9.2477148907780193E-001
  9.2842041125778374E-001  9.3262217710136797E-001  9.3737168111222202E-001  9.4260163738336500E-001  9.4828767080725196E-001
  9.5434940610845487E-001  9.6073965308231091E-001  9.6741331416836340E-001  9.7429777471783607E-001  9.8133319131079477E-001
  9.8847626584244586E-001  9.9567312661332963E-001
BLOCK 161   1.0542683203199664E+001
  1.0029274693270176E+000  1.0102379911428911E+000  1.0174261554248460E+000  1.0244373244829803E+000  1.0312286286762766E+000
  1.0377533816206654E+000  1.0439540604039932E+000  1.0497799127594287E+000  1.0551949513465484E+000  1.0601704832478238E+000
  1.0647119346481693E+000  1.0687514821155006E+000  1.0722744857655986E+000  1.0752562343243948E+000  1.0776720104387201E+000
  1.0795019546080276E+000  1.0807270669982121E+000  1.0813411046996886E+000  1.0813411046997341E+000  1.0807270669983335E+000
  1.0795019546083047E+000  1.0776720104390360E+000  1.0752562343248329E+000  1.0722744857661732E+000  1.0687514821161568E+000
  1.0647119346488629E+000  1.0601704832488585E+000  1.0551949513477998E+000  1.0497799127607648E+000  1.0439540604053492E+000
  1.0377533816220488E+000  1.0312286286778274E+000  1.0244373244846618E+000  1.0174261554264954E+000  1.0102379911445398E+000
  1.0029274693284411E+000  9.9556106860809557E-001  9.8820143099442526E-001  9.8089310700422683E-001  9.7368110038694100E-001
  9.6663203719196555E-001  9.5981338384860826E-001  9.5327168650159244E-001  9.4706859643384034E-001  9.4127129094262185E-001
  9.3590131152610301E-001  9.3109297449020056E-001  9.2680750717906046E-001  9.2308449493846101E-001  9.1994731132520446E-001
  9.1741020180718280E-001  9.1548794772835440E-001  9.1419916177996585E-001  9.1354168009796233E-001  9.1354168009786674E-001
  9.1419916177969163E-001  9.1548794772774800E-001  9.1741020180622346E-001  9.1994731132409990E-001  9.2308449493713862E-001
  9.2680750717744187E-001  9.3109297448854655E-001  9.3590131152431633E-001  9.4127129094083806E-001  9.4706859643136221E-001
  9.5327168649918581E-001  9.5981338384590154E-001  9.6663203718960000E-001  9.7368110038433586E-001  9.8089310700160237E-001
  9.8820143099222602E-001  9.9556106860616012E-001
BLOCK 162   1.0608574974392784E+001
  1.0030041063519068E+000  1.0104805530650656E+000  1.0178289089683403E+000  1.0249851443591731E+000  1.0319029011606968E+000
  1.0385441957670658E+000  1.0448650031358870E+000  1.0508146025135028E+000  1.0563480096355000E+000  1.0614434257636793E+000
  1.0660746011974358E+000  1.0702144696702580E+000  1.0738209090785580E+000  1.0768674179655915E+000  1.0793366463158398E+000
  1.0812064080385089E+000  1.0824616022323954E+000  1.0830901971081310E+000  1.0830901971081248E+000  1.0824616022324685E+000
  1.0812064080387258E+000  1.0793366463163079E+000  1.0768674179661062E+000  1.0738209090790967E+000  1.0702144696708717E+000
  1.0660746011983209E+000  1.0614434257647414E+000  1.0563480096367805E+000  1.0508146025148895E+000  1.0448650031374260E+000
  1.0385441957688064E+000  1.0319029011625307E+000  1.0249851443609685E+000  1.0178289089701096E+000  1.0104805530669223E+000
  1.0030041063534165E+000  9.9546285449315886E-001  9.8791439185389540E-001  9.8041759621323277E-001  9.7303908974701869E-001
  9.6583418157294199E-001  9.5885185124744032E-001  9.5216159478110307E-001  9.4582395028100652E-001  9.3988376391287021E-001
  9.3443865886991850E-001  9.2952231649130701E-001  9.2516306743488574E-001  9.2136634885474189E-001  9.1815585755579354E-001
  9.1555791087242699E-001  9.1360331500698710E-001  9.1228545781774462E-001  9.1162466118125374E-001  9.1162466118118901E-001
  9.1228545781737047E-001  9.1360331500632053E-001  9.1555791087162386E-001  9.1815585755465134E-001  9.2136634885321278E-001
  9.2516306743326837E-001  9.2952231648966832E-001  9.3443865886819288E-001  9.3988376391059869E-001  9.4582395027876243E-001
  9.5216159477842377E-001  9.5885185124476158E-001  9.6583418157013534E-001  9.7303908974449982E-001  9.8041759621071844E-001
  9.8791439185129581E-001  9.9546285449092442E-001
BLOCK 163   1.0608574974392800E+001
  1.0030041063519068E+000  1.0104805530650656E+000  1.0178289089683403E+000  1.0249851443591731E+000  1.0319029011606968E+000
  1.0385441957670658E+000  1.0448650031358870E+000  1.0508146025135028E+000  1.0563480096355000E+000  1.0614434257636793E+000
  1.0660746011974358E+000  1.0702144696702580E+000  1.0738209090785580E+000  1.0768674179655915E+000  1.0793366463158398E+000
  1.0812064080385089E+000  1.0824616022323954E+000  1.0830901971081310E+000  1.0830901971081248E+000  1.0824616022324685E+000
  1.0812064080387258E+000  1.0793366463163079E+000  1.0768674179661062E+000  1.0738209090790967E+000  1.0702144696708717E+000
  1.0660746011983209E+000  1.0614434257647414E+000  1.0563480096367805E+000  1.0508146025148895E+000  1.0448650031374260E+000
  1.0385441957688064E+000  1.0319029011625307E+000  1.0249851443609685E+000  1.0178289089701096E+000  1.0104805530669223E+000
  1.0030041063534165E+000  9.9546285449315886E-001  9.8791439185389540E-001  9.8041759621323277E-001  9.7303908974701869E-001
  9.6583418157294199E-001  9.5885185124744032E-001  9.5216159478110307E-001  9.4582395028100652E-001  9.3988376391287021E-001
  9.3443865886991850E-001  9.2952231649130701E-001  9.2516306743488574E-001  9.2136634885474189E-001  9.1815585755579354E-001
  9.1555791087242699E-001  9.1360331500698710E-001  9.1228545781774462E-001  9.1162466118125374E-001  9.1162466118118901E-001
  9.1228545781737047E-001  9.1360331500632053E-001  9.1555791087162386E-001  9.1815585755465134E-001  9.2136634885321278E-001
  9.2516306743326837E-001  9.2952231648966832E-001  9.3443865886819288E-001  9.3988376391059869E-001  9.4582395027876243E-001
  9.5216159477842377E-001  9.5885185124476158E-001  9.6583418157013534E-001  9.7303908974449982E-001  9.8041759621071844E-001
  9.8791439185129581E-001  9.9546285449092442E-001
END
