# LSA profile bundle v1
WAVELENGTH   8.9759790099999996E+000
NZ 144
NBLOCKS 122
Z
  3.1166593784722221E-002  9.3499781354166658E-002  1.5583296892361112E-001  2.1816615649305554E-001  2.8049934406249999E-001
  3.4283253163194444E-001  4.0516571920138889E-001  4.6749890677083328E-001  5.2983209434027778E-001  5.9216528190972229E-001
  6.5449846947916657E-001  7.1683165704861107E-001  7.7916484461805557E-001  8.4149803218749997E-001  9.0383121975694436E-001
  9.6616440732638886E-001  1.0284975948958333E+000  1.0908307824652779E+000  1.1531639700347223E+000  1.2154971576041667E+000
  1.2778303451736110E+000  1.3401635327430554E+000  1.4024967203124998E+000  1.4648299078819444E+000  1.5271630954513888E+000
  1.5894962830208332E+000  1.6518294705902778E+000  1.7141626581597222E+000  1.7764958457291664E+000  1.8388290332986112E+000
  1.9011622208680556E+000  1.9634954084375000E+000  2.0258285960069440E+000  2.0881617835763886E+000  2.1504949711458332E+000
  2.2128281587152774E+000  2.2751613462847220E+000  2.3374945338541666E+000  2.3998277214236108E+000  2.4621609089930554E+000
  2.5244940965625000E+000  2.5868272841319442E+000  2.6491604717013888E+000  2.7114936592708334E+000  2.7738268468402776E+000
  2.8361600344097222E+000  2.8984932219791668E+000  2.9608264095486110E+000  3.0231595971180552E+000  3.0854927846874998E+000
  3.1478259722569444E+000  3.2101591598263886E+000  3.2724923473958332E+000  3.3348255349652778E+000  3.3971587225347220E+000
  3.4594919101041666E+000  3.5218250976736112E+000  3.5841582852430554E+000  3.6464914728124995E+000  3.7088246603819446E+000
  3.7711578479513883E+000  3.8334910355208334E+000  3.8958242230902775E+000  3.9581574106597222E+000  4.0204905982291663E+000
  4.0828237857986114E+000  4.1451569733680556E+000  4.2074901609374997E+000  4.2698233485069439E+000  4.3321565360763890E+000
  4.3944897236458331E+000  4.4568229112152782E+000  4.5191560987847224E+000  4.5814892863541665E+000  4.6438224739236107E+000
  4.7061556614930549E+000  4.7684888490624999E+000  4.8308220366319441E+000  4.8931552242013892E+000  4.9554884117708333E+000
  5.0178215993402775E+000  5.0801547869097217E+000  5.1424879744791667E+000  5.2048211620486109E+000  5.2671543496180560E+000
  5.3294875371875001E+000  5.3918207247569443E+000  5.4541539123263885E+000  5.5164870998958326E+000  5.5788202874652777E+000
  5.6411534750347219E+000  5.7034866626041669E+000  5.7658198501736102E+000  5.8281530377430553E+000  5.8904862253124994E+000
  5.9528194128819445E+000  6.0151526004513887E+000  6.0774857880208337E+000  6.1398189755902770E+000  6.2021521631597221E+000
  6.2644853507291662E+000  6.3268185382986113E+000  6.3891517258680555E+000  6.4514849134375005E+000  6.5138181010069438E+000
  6.5761512885763880E+000  6.6384844761458330E+000  6.7008176637152772E+000  6.7631508512847223E+000  6.8254840388541664E+000
  6.8878172264236106E+000  6.9501504139930548E+000  7.0124836015624998E+000  7.0748167891319440E+000  7.1371499767013882E+000
  7.1994831642708341E+000  7.2618163518402774E+000  7.3241495394097216E+000  7.3864827269791657E+000  7.4488159145486117E+000
  7.5111491021180559E+000  7.5734822896875000E+000  7.6358154772569442E+000  7.6981486648263875E+000  7.7604818523958334E+000
  7.8228150399652776E+000  7.8851482275347218E+000  7.9474814151041659E+000  8.0098146026736110E+000  8.0721477902430561E+000
  8.1344809778124993E+000  8.1968141653819444E+000  8.2591473529513895E+000  8.3214805405208327E+000  8.3838137280902778E+000
  8.4461469156597211E+000  8.5084801032291661E+000  8.5708132907986112E+000  8.6331464783680545E+000  8.6954796659374995E+000
  8.7578128535069428E+000  8.8201460410763897E+000  8.8824792286458329E+000  8.9448124162152780E+000
BLOCK 1   0.0000000000000000E+000
  1.0002211882892413E+000  1.0013079264220257E+000  1.0021771108312398E+000  1.0030421509862060E+000  1.0039014002338258E+000
  1.0047532229443217E+000  1.0055959976247522E+000  1.0064281200056155E+000  1.0072480060946685E+000  1.0080540951921448E+000
  1.0088448528616361E+000  1.0096187738509796E+000  1.0103743849575899E+000  1.0111102478327847E+000  1.0118249617197621E+000
  1.0125171661200218E+000  1.0131855433831520E+000  1.0138288212150499E+000  1.0144457750998064E+000  1.0150352306306423E+000
  1.0155960657452157E+000  1.0161272128619627E+000  1.0166276609129961E+000  1.0170964572664751E+000  1.0175327095419013E+000
  1.0179355873082783E+000  1.0183043236648850E+000  1.0186382167011134E+000  1.0189366308325956E+000  1.0191989980110761E+000
  1.0194248188057213E+000  1.0196136633538173E+000  1.0197651721790360E+000  1.0198790568757192E+000  1.0199551006578755E+000
  1.0199931587718449E+000  1.0199931587718449E+000  1.0199551006578758E+000  1.0198790568757190E+000  1.0197651721790360E+000
  1.0196136633538171E+000  1.0194248188057211E+000  1.0191989980110758E+000  1.0189366308325953E+000  1.0186382167011132E+000
  1.0183043236648848E+000  1.0179355873082778E+000  1.0175327095419009E+000  1.0170964572664749E+000  1.0166276609129958E+000
  1.0161272128619621E+000  1.0155960657452150E+000  1.0150352306306416E+000  1.0144457750998055E+000  1.0138288212150492E+000
  1.0131855433831516E+000  1.0125171661200212E+000  1.0118249617197610E+000  1.0111102478327836E+000  1.0103743849575892E+000
  1.0096187738509792E+000  1.0088448528616354E+000  1.0080540951921440E+000  1.0072480060946676E+000  1.0064281200056149E+000
  1.0055959976247513E+000  1.0047532229443210E+000  1.0039014002338251E+000  1.0030421509862051E+000  1.0021771108312389E+000
  1.0013079264220250E+000  1.0002211882892802E+000  9.9977881173374372E-001  9.9869207362614665E-001  9.9782288921658335E-001
  9.9695784906109430E-001  9.9609859981278348E-001  9.9524677710143372E-001  9.9440400241999305E-001  9.9357188003797059E-001
  9.9275199394761859E-001  9.9194590484871326E-001  9.9115514717767361E-001  9.9038122618667424E-001  9.8962561507831381E-001
  9.8888975220128716E-001  9.8817503831241094E-001  9.8748283391019887E-001  9.8681445664507850E-001  9.8617117881116767E-001
  9.8555422492439071E-001  9.8496476939154209E-001  9.8440393427498130E-001  9.8387278715628124E-001  9.8337233910334954E-001
  9.8290354274804004E-001  9.8246729047086512E-001  9.8206441270283362E-001  9.8169567634467991E-001  9.8136178330702373E-001
  9.8106336917424375E-001  9.8080100199460529E-001  9.8057518119895049E-001  9.8038633665000119E-001  9.8023482782409210E-001
  9.8012094312688680E-001  9.8004489934437988E-001  9.8000684123023452E-001  9.8000684123023474E-001  9.8004489934437966E-001
  9.8012094312688658E-001  9.8023482782409221E-001  9.8038633665000108E-001  9.8057518119895026E-001  9.8080100199460529E-001
  9.8106336917424330E-001  9.8136178330702362E-001  9.8169567634467947E-001  9.8206441270283307E-001  9.8246729047086445E-001
  9.8290354274803948E-001  9.8337233910334898E-001  9.8387278715628090E-001  9.8440393427498085E-001  9.8496476939154132E-001
  9.8555422492438982E-001  9.8617117881116700E-001  9.8681445664507772E-001  9.8748283391019809E-001  9.8817503831241005E-001
  9.8888975220128672E-001  9.8962561507831293E-001  9.9038122618667346E-001  9.9115514717767261E-001  9.9194590484871226E-001
  9.9275199394761782E-001  9.9357188003796981E-001  9.9440400241999216E-001  9.9524677710143294E-001  9.9609859981278281E-001
  9.9695784906109364E-001  9.9782288921658269E-001  9.9869207362614587E-001  9.9977881173371130E-001
BLOCK 2   1.2579979703399988E-001
  1.0002221965257818E+000  1.0013107307130917E+000  1.0021807140434476E+000  1.0030465261327457E+000  1.0039065176436537E+000
  1.0047590548843843E+000  1.0056025180231587E+000  1.0064353036613354E+000  1.0072558318305158E+000  1.0080625434576460E+000
  1.0088539030056458E+000  1.0096284035220500E+000  1.0103845707846391E+000  1.0111209660344660E+000  1.0118361882544864E+000
  1.0125288768103500E+000  1.0131977140438235E+000  1.0138414276826682E+000  1.0144587932380751E+000  1.0150486363576197E+000
  1.0156098350695106E+000  1.0161413219136448E+000  1.0166420859657224E+000  1.0171111747557837E+000  1.0175476960755085E+000
  1.0179508196722817E+000  1.0183197788247063E+000  1.0186538717983296E+000  1.0189524631779334E+000  1.0192149850735381E+000
  1.0194409381987251E+000  1.0196298928188867E+000  1.0197814895673225E+000  1.0198954401277391E+000  1.0199715277818433E+000
  1.0200096078209888E+000  1.0200096078209904E+000  1.0199715277818460E+000  1.0198954401277431E+000  1.0197814895673289E+000
  1.0196298928188956E+000  1.0194409381987357E+000  1.0192149850735481E+000  1.0189524631779445E+000  1.0186538717983422E+000
  1.0183197788247229E+000  1.0179508196722986E+000  1.0175476960755268E+000  1.0171111747558035E+000  1.0166420859657412E+000
  1.0161413219136637E+000  1.0156098350695300E+000  1.0150486363576383E+000  1.0144587932380933E+000  1.0138414276826833E+000
  1.0131977140438400E+000  1.0125288768103680E+000  1.0118361882545031E+000  1.0111209660344802E+000  1.0103845707846508E+000
  1.0096284035220606E+000  1.0088539030056560E+000  1.0080625434576542E+000  1.0072558318305227E+000  1.0064353036613387E+000
  1.0056025180231574E+000  1.0047590548843861E+000  1.0039065176436532E+000  1.0030465261327459E+000  1.0021807140434471E+000
  1.0013107307130911E+000  1.0002221965258244E+000  9.9977939390996839E-001  9.9869240135789328E-001  9.9782238301437975E-001
  9.9695650143656878E-001  9.9609640722441228E-001  9.9524373574949943E-001  9.9440011057367250E-001  9.9356713802505836E-001
  9.9274640170125616E-001  9.9193946437466340E-001  9.9114786389027387E-001  9.9037310798532652E-001  9.8961667187764302E-001
  9.8887999610288313E-001  9.8816448375920729E-001  9.8747149770553522E-001  9.8680235792804527E-001  9.8615833902722960E-001
  9.8554066779078775E-001  9.8495052085358425E-001  9.8438902245057547E-001  9.8385724226974358E-001  9.8335619340934954E-001
  9.8288683044259717E-001  9.8245004759496757E-001  9.8204667703596094E-001  9.8167748728994919E-001  9.8134318176877933E-001
  9.8104439742789806E-001  9.8078170355033722E-001  9.8055560065991232E-001  9.8036651956537268E-001  9.8021482053790343E-001
  9.8010079262357064E-001  9.8002465309175268E-001  9.7998654702065502E-001  9.7998654702065724E-001  9.8002465309175124E-001
  9.8010079262356420E-001  9.8021482053789710E-001  9.8036651956536247E-001  9.8055560065989633E-001  9.8078170355031524E-001
  9.8104439742787564E-001  9.8134318176875557E-001  9.8167748728992643E-001  9.8204667703594195E-001  9.8245004759495336E-001
  9.8288683044258796E-001  9.8335619340934366E-001  9.8385724226974580E-001  9.8438902245057858E-001  9.8495052085359014E-001
  9.8554066779078953E-001  9.8615833902722638E-001  9.8680235792803572E-001  9.8747149770551501E-001  9.8816448375917987E-001
  9.8887999610284827E-001  9.8961667187760505E-001  9.9037310798528866E-001  9.9114786389024601E-001  9.9193946437464375E-001
  9.9274640170124839E-001  9.9356713802506225E-001  9.9440011057368305E-001  9.9524373574951286E-001  9.9609640722442472E-001
  9.9695650143657832E-001  9.9782238301437942E-001  9.9869240135788628E-001  9.9977939390992954E-001
BLOCK 3   2.5159959406799970E-001
  1.0002252027625713E+000  1.0013190658611952E+000  1.0021914292199561E+000  1.0030595674735292E+000  1.0039218247301118E+000
  1.0047765602829271E+000  1.0056221498889064E+000  1.0064569884202432E+000  1.0072794916241339E+000  1.0080880989315484E+000
  1.0088812769850888E+000  1.0096575210551966E+000  1.0104153596441652E+000  1.0111533554562422E+000  1.0118701080534831E+000
  1.0125642577529388E+000  1.0132344868787289E+000  1.0138795215688041E+000  1.0144981356305194E+000  1.0150891540898357E+000
  1.0156514552382687E+000  1.0161839721609645E+000  1.0166856945071499E+000  1.0171556703637572E+000  1.0175930080472100E+000
  1.0179968778034183E+000  1.0183665134018642E+000  1.0187012135939009E+000  1.0190003434332593E+000  1.0192633354681109E+000
  1.0194896908085735E+000  1.0196789800678778E+000  1.0198308441734756E+000  1.0199449950461417E+000  1.0200212161453588E+000
  1.0200593628794397E+000  1.0200593628794421E+000  1.0200212161453659E+000  1.0199449950461514E+000  1.0198308441734940E+000
  1.0196789800678954E+000  1.0194896908085953E+000  1.0192633354681369E+000  1.0190003434332846E+000  1.0187012135939311E+000
  1.0183665134018949E+000  1.0179968778034525E+000  1.0175930080472433E+000  1.0171556703637887E+000  1.0166856945071829E+000
  1.0161839721609986E+000  1.0156514552383054E+000  1.0150891540898712E+000  1.0144981356305520E+000  1.0138795215688372E+000
  1.0132344868787586E+000  1.0125642577529719E+000  1.0118701080535126E+000  1.0111533554562675E+000  1.0104153596441867E+000
  1.0096575210552159E+000  1.0088812769851032E+000  1.0080880989315650E+000  1.0072794916241470E+000  1.0064569884202543E+000
  1.0056221498889117E+000  1.0047765602829328E+000  1.0039218247301138E+000  1.0030595674735276E+000  1.0021914292199483E+000
  1.0013190658611817E+000  1.0002252027626080E+000  9.9978113484524433E-001  9.9869335906566792E-001  9.9782081654520893E-001
  9.9695238579836143E-001  9.9608972347878266E-001  9.9523447259376219E-001  9.9438826362473731E-001  9.9355270790532624E-001
  9.9272939767946400E-001  9.9191990156385679E-001  9.9112576125688312E-001  9.9034849101967015E-001  9.8958957156382221E-001
  9.8885044962431723E-001  9.8813253558683334E-001  9.8743719837476318E-001  9.8676576449911124E-001  9.8611951646034002E-001
  9.8549968857541770E-001  9.8490746394062989E-001  9.8434397289317865E-001  9.8381029127833031E-001  9.8330743826357514E-001
  9.8283637421550440E-001  9.8239799882350376E-001  9.8199314939128735E-001  9.8162259923912654E-001  9.8128705621536694E-001
  9.8098716133131347E-001  9.8072348752496230E-001  9.8049653855709873E-001  9.8030674804097662E-001  9.8015447860678917E-001
  9.8004002120346989E-001  9.7996359453836690E-001  9.7992534465576708E-001  9.7992534465575842E-001  9.7996359453834625E-001
  9.8004002120343670E-001  9.8015447860673954E-001  9.8030674804092777E-001  9.8049653855705299E-001  9.8072348752490968E-001
  9.8098716133127106E-001  9.8128705621533030E-001  9.8162259923910278E-001  9.8199314939127413E-001  9.8239799882349965E-001
  9.8283637421550696E-001  9.8330743826358069E-001  9.8381029127833397E-001  9.8434397289318110E-001  9.8490746394062523E-001
  9.8549968857540149E-001  9.8611951646031726E-001  9.8676576449907616E-001  9.8743719837472133E-001  9.8813253558678693E-001
  9.8885044962426749E-001  9.8958957156377159E-001  9.9034849101962086E-001  9.9112576125683893E-001  9.9191990156382226E-001
  9.9272939767943946E-001  9.9355270790530859E-001  9.9438826362473121E-001  9.9523447259376319E-001  9.9608972347878388E-001
  9.9695238579836454E-001  9.9782081654520616E-001  9.9869335906566448E-001  9.9978113484521058E-001
BLOCK 4   3.7739939110199949E-001
  1.0002301345592663E+000  1.0013327838800097E+000  1.0022090957094858E+000  1.0030810980233220E+000  1.0039471261765964E+000
  1.0048055304426251E+000  1.0056546805376130E+000  1.0064929654559949E+000  1.0073187966048076E+000  1.0081306101674070E+000
  1.0089268694656883E+000  1.0097060683566317E+000  1.0104667333740633E+000  1.0112074267127480E+000  1.0119267488360799E+000
  1.0126233405015197E+000  1.0132958859688088E+000  1.0139431145992464E+000  1.0145638033966582E+000  1.0151567795998839E+000
  1.0157209220995860E+000  1.0162551638469872E+000  1.0167584943632595E+000  1.0172299611937985E+000  1.0176686717574621E+000
  1.0180737959694650E+000  1.0184445682609311E+000  1.0187802885690298E+000  1.0190803230796861E+000  1.0193441052108965E+000
  1.0195711367150972E+000  1.0197609886980865E+000  1.0199133024844471E+000  1.0200277903203629E+000  1.0201042359192298E+000
  1.0201424948618996E+000  1.0201424948619018E+000  1.0201042359192394E+000  1.0200277903203796E+000  1.0199133024844691E+000
  1.0197609886981136E+000  1.0195711367151266E+000  1.0193441052109316E+000  1.0190803230797243E+000  1.0187802885690698E+000
  1.0184445682609766E+000  1.0180737959695132E+000  1.0176686717575096E+000  1.0172299611938476E+000  1.0167584943633079E+000
  1.0162551638470387E+000  1.0157209220996382E+000  1.0151567795999354E+000  1.0145638033967053E+000  1.0139431145992901E+000
  1.0132958859688508E+000  1.0126233405015594E+000  1.0119267488361192E+000  1.0112074267127846E+000  1.0104667333740980E+000
  1.0097060683566625E+000  1.0089268694657141E+000  1.0081306101674263E+000  1.0073187966048238E+000  1.0064929654560024E+000
  1.0056546805376096E+000  1.0048055304426193E+000  1.0039471261765909E+000  1.0030810980233151E+000  1.0022090957094765E+000
  1.0013327838800032E+000  1.0002301345593052E+000  9.9978396414913051E-001  9.9869481289568418E-001  9.9781806718891719E-001
  9.9694538948701217E-001  9.9607844704772497E-001  9.9521889421379339E-001  9.9436837218714735E-001  9.9352850382419244E-001
  9.9270089283371032E-001  9.9188711875376823E-001  9.9108873567288969E-001  9.9030726824082760E-001  9.8954420892514672E-001
  9.8880101613631988E-001  9.8807910962855339E-001  9.8737986996844784E-001  9.8670463432077826E-001  9.8605469415557800E-001
  9.8543129398244833E-001  9.8483562712986983E-001  9.8426883439145663E-001  9.8373200251699278E-001  9.8322616054818257E-001
  9.8275227813241273E-001  9.8231126457750351E-001  9.8190396627333465E-001  9.8153116426186349E-001  9.8119357317482492E-001
  9.8089184044182687E-001  9.8062654503263680E-001  9.8039819609018841E-001  9.8020723183522196E-001  9.8005401873798081E-001
  9.7993885084080701E-001  9.7986194919419456E-001  9.7982346142058718E-001  9.7982346142058274E-001  9.7986194919416902E-001
  9.7993885084076660E-001  9.8005401873793385E-001  9.8020723183516767E-001  9.8039819609013246E-001  9.8062654503259183E-001
  9.8089184044178290E-001  9.8119357317478795E-001  9.8153116426183040E-001  9.8190396627330545E-001  9.8231126457748708E-001
  9.8275227813239308E-001  9.8322616054815948E-001  9.8373200251697057E-001  9.8426883439143342E-001  9.8483562712983863E-001
  9.8543129398240914E-001  9.8605469415553948E-001  9.8670463432073241E-001  9.8737986996840010E-001  9.8807910962850398E-001
  9.8880101613627636E-001  9.8954420892509853E-001  9.9030726824078130E-001  9.9108873567284805E-001  9.9188711875372693E-001
  9.9270089283367480E-001  9.9352850382415514E-001  9.9436837218711205E-001  9.9521889421375964E-001  9.9607844704769599E-001
  9.9694538948699229E-001  9.9781806718890442E-001  9.9869481289567597E-001  9.9978396414909798E-001
BLOCK 5   5.0319918813599929E-001
  1.0002368985972614E+000  1.0013517003283088E+000  1.0022335333001267E+000  1.0031109410269718E+000  1.0039822484468104E+000
  1.0048457950898417E+000  1.0056999421922075E+000  1.0065430708389349E+000  1.0073735861576110E+000  1.0081899191510777E+000
  1.0089905289047290E+000  1.0097739055874484E+000  1.0105385730234093E+000  1.0112830914955673E+000  1.0120060599965037E+000
  1.0127061190346549E+000  1.0133819526885641E+000  1.0140322912016444E+000  1.0146559130664801E+000  1.0152516471214252E+000
  1.0158183748536209E+000  1.0163550320153283E+000  1.0168606107982858E+000  1.0173341615856077E+000  1.0177747944472162E+000
  1.0181816811114708E+000  1.0185540564288085E+000  1.0188912196677060E+000  1.0191925362441030E+000  1.0194574391002504E+000
  1.0196854296434665E+000  1.0198760789286587E+000  1.0200290288457803E+000  1.0201439926669318E+000  1.0202207550903892E+000
  1.0202591723184500E+000  1.0202591723184540E+000  1.0202207550904026E+000  1.0201439926669491E+000  1.0200290288458027E+000
  1.0198760789286891E+000  1.0196854296435023E+000  1.0194574391002944E+000  1.0191925362441490E+000  1.0188912196677564E+000
  1.0185540564288653E+000  1.0181816811115312E+000  1.0177747944472795E+000  1.0173341615856684E+000  1.0168606107983502E+000
  1.0163550320153940E+000  1.0158183748536918E+000  1.0152516471214936E+000  1.0146559130665471E+000  1.0140322912017046E+000
  1.0133819526886221E+000  1.0127061190347100E+000  1.0120060599965510E+000  1.0112830914956066E+000  1.0105385730234402E+000
  1.0097739055874719E+000  1.0089905289047509E+000  1.0081899191510955E+000  1.0073735861576245E+000  1.0065430708389467E+000
  1.0056999421922186E+000  1.0048457950898533E+000  1.0039822484468206E+000  1.0031109410269805E+000  1.0022335333001322E+000
  1.0013517003283159E+000  1.0002368985973091E+000  9.9978779076209001E-001  9.9869657729872408E-001  9.9781395354773883E-001
  9.9693533745822427E-001  9.9606241080681579E-001  9.9519684294462896E-001  9.9434029009599334E-001  9.9349439085500790E-001
  9.9266076459876151E-001  9.9184100702973887E-001  9.9103668850400795E-001  9.9024934970462242E-001  9.8948049983717401E-001
  9.8873161284583466E-001  9.8800412502585722E-001  9.8729943236815831E-001  9.8661888714700341E-001  9.8596379654162625E-001
  9.8533541867502461E-001  9.8473496137250582E-001  9.8416357932009224E-001  9.8362237139730768E-001  9.8311237964178788E-001
  9.8263458602565457E-001  9.8218991095877461E-001  9.8177921200999319E-001  9.8140328109534414E-001  9.8106284338949712E-001
  9.8075855635059994E-001  9.8049100746968754E-001  9.8026071308594487E-001  9.8006811801378113E-001  9.7991359434166647E-001
  9.7979744017329296E-001  9.7971987932761462E-001  9.7968106138843047E-001  9.7968106138842825E-001  9.7971987932761517E-001
  9.7979744017329140E-001  9.7991359434166103E-001  9.8006811801377136E-001  9.8026071308592333E-001  9.8049100746965345E-001
  9.8075855635056119E-001  9.8106284338944849E-001  9.8140328109528208E-001  9.8177921200993157E-001  9.8218991095870734E-001
  9.8263458602558507E-001  9.8311237964172715E-001  9.8362237139724673E-001  9.8416357932003817E-001  9.8473496137245287E-001
  9.8533541867497698E-001  9.8596379654158295E-001  9.8661888714696444E-001  9.8729943236811546E-001  9.8800412502581347E-001
  9.8873161284578726E-001  9.8948049983712050E-001  9.9024934970456346E-001  9.9103668850395299E-001  9.9184100702968669E-001
  9.9266076459870822E-001  9.9349439085496039E-001  9.9434029009595526E-001  9.9519684294459598E-001  9.9606241080678914E-001
  9.9693533745820040E-001  9.9781395354771696E-001  9.9869657729870553E-001  9.9978779076205471E-001
BLOCK 6   6.2899898516999908E-001
  1.0002453847367805E+000  1.0013755994632259E+000  1.0022645343092085E+000  1.0031488978766290E+000  1.0040270027582627E+000
  1.0048971759354854E+000  1.0057577679729808E+000  1.0066071500221143E+000  1.0074437188504184E+000  1.0082658986323718E+000
  1.0090721425405962E+000  1.0098609356808177E+000  1.0106307979614328E+000  1.0113802864350738E+000  1.0121079979151719E+000
  1.0128125712855529E+000  1.0134926899028869E+000  1.0141470838319262E+000  1.0147745319923034E+000  1.0153738643275334E+000
  1.0159439636734156E+000  1.0164837678295531E+000  1.0169922712157602E+000  1.0174685267097952E+000  1.0179116472540846E+000
  1.0183208073146586E+000  1.0186952444888202E+000  1.0190342607366434E+000  1.0193372237262148E+000  1.0196035681379201E+000
  1.0198327966041985E+000  1.0200244807068071E+000  1.0201782617935564E+000  1.0202938514819959E+000  1.0203710324247639E+000
  1.0204096592786189E+000  1.0204096592786227E+000  1.0203710324247746E+000  1.0202938514820172E+000  1.0201782617935842E+000
  1.0200244807068399E+000  1.0198327966042384E+000  1.0196035681379652E+000  1.0193372237262688E+000  1.0190342607367040E+000
  1.0186952444888873E+000  1.0183208073147307E+000  1.0179116472541598E+000  1.0174685267098753E+000  1.0169922712158426E+000
  1.0164837678296361E+000  1.0159439636734950E+000  1.0153738643276105E+000  1.0147745319923722E+000  1.0141470838319924E+000
  1.0134926899029479E+000  1.0128125712856064E+000  1.0121079979152234E+000  1.0113802864351216E+000  1.0106307979614775E+000
  1.0098609356808543E+000  1.0090721425406279E+000  1.0082658986324022E+000  1.0074437188504435E+000  1.0066071500221381E+000
  1.0057577679730028E+000  1.0048971759355076E+000  1.0040270027582803E+000  1.0031488978766485E+000  1.0022645343092285E+000
  1.0013755994632465E+000  1.0002453847368351E+000  9.9979250657674956E-001  9.9869842555266486E-001  9.9780824988858730E-001
  9.9692200718260859E-001  9.9604139745197873E-001  9.9516810876904804E-001  9.9430381642663646E-001  9.9345017874602426E-001
  9.9260883501615349E-001  9.9178140143148241E-001  9.9096946887209236E-001  9.9017459886540127E-001  9.8939832145961704E-001
  9.8864213128289158E-001  9.8790748550115082E-001  9.8719580014296959E-001  9.8650844795462378E-001  9.8584675530648713E-001
  9.8521199963575234E-001  9.8460540725703183E-001  9.8402815025819701E-001  9.8348134510831109E-001  9.8296604951890343E-001
  9.8248326100271188E-001  9.8203391473982937E-001  9.8161888129508179E-001  9.8123896568436197E-001  9.8089490498445975E-001
  9.8058736707449501E-001  9.8031694953530812E-001  9.8008417764867972E-001  9.7988950393260688E-001  9.7973330757429611E-001
  9.7961589295162443E-001  9.7953748897119342E-001  9.7949824867661395E-001  9.7949824867661273E-001  9.7953748897118997E-001
  9.7961589295160589E-001  9.7973330757428401E-001  9.7988950393258711E-001  9.8008417764866418E-001  9.8031694953527970E-001
  9.8058736707446381E-001  9.8089490498442422E-001  9.8123896568431235E-001  9.8161888129502184E-001  9.8203391473976309E-001
  9.8248326100263961E-001  9.8296604951882205E-001  9.8348134510822449E-001  9.8402815025810542E-001  9.8460540725693568E-001
  9.8521199963566430E-001  9.8584675530639554E-001  9.8650844795455117E-001  9.8719580014289721E-001  9.8790748550109397E-001
  9.8864213128283862E-001  9.8939832145957385E-001  9.9017459886536507E-001  9.9096946887205783E-001  9.9178140143144855E-001
  9.9260883501611452E-001  9.9345017874598573E-001  9.9430381642659493E-001  9.9516810876900830E-001  9.9604139745193843E-001
  9.9692200718256496E-001  9.9780824988854688E-001  9.9869842555262556E-001  9.9979250657670815E-001
BLOCK 7   7.5479878220399887E-001
  1.0002554684100549E+000  1.0014042392511708E+000  1.0023018676157966E+000  1.0031947501435627E+000  1.0040811848223579E+000
  1.0049594840943368E+000  1.0058279856990295E+000  1.0066850487747432E+000  1.0075290596739328E+000  1.0083584338886395E+000
  1.0091716169008791E+000  1.0099670872919255E+000  1.0107433595746387E+000  1.0114989864369242E+000  1.0122325613017429E+000
  1.0129427205449084E+000  1.0136281458609644E+000  1.0142875663532462E+000  1.0149197607179812E+000  1.0155235591696807E+000
  1.0160978454604470E+000  1.0166415586619300E+000  1.0171536950311448E+000  1.0176333096555832E+000  1.0180795180339617E+000
  1.0184914974566193E+000  1.0188684881695831E+000  1.0192097946212693E+000  1.0195147866328480E+000  1.0197829007255668E+000
  1.0200136412746599E+000  1.0202065814267189E+000  1.0203613640764793E+000  1.0204777026492931E+000  1.0205553816732125E+000
  1.0205942572295099E+000  1.0205942572295141E+000  1.0205553816732253E+000  1.0204777026493150E+000  1.0203613640765108E+000
  1.0202065814267613E+000  1.0200136412747081E+000  1.0197829007256243E+000  1.0195147866329113E+000  1.0192097946213396E+000
  1.0188684881696581E+000  1.0184914974566992E+000  1.0180795180340398E+000  1.0176333096556638E+000  1.0171536950312261E+000
  1.0166415586620106E+000  1.0160978454605265E+000  1.0155235591697596E+000  1.0149197607180585E+000  1.0142875663533164E+000
  1.0136281458610341E+000  1.0129427205449748E+000  1.0122325613018059E+000  1.0114989864369832E+000  1.0107433595746946E+000
  1.0099670872919770E+000  1.0091716169009279E+000  1.0083584338886842E+000  1.0075290596739745E+000  1.0066850487747814E+000
  1.0058279856990666E+000  1.0049594840943750E+000  1.0040811848223949E+000  1.0031947501436025E+000  1.0023018676158357E+000
  1.0014042392512124E+000  1.0002554684101199E+000  9.9979798888811910E-001  9.9870009691126205E-001  9.9780069388503323E-001
  9.9690513698027938E-001  9.9601514806801594E-001  9.9513243762400971E-001  9.9425870390203841E-001  9.9339562884402544E-001
  9.9254487572928274E-001  9.9170808532537957E-001  9.9088687322756863E-001  9.9008282608622278E-001  9.8929749898292396E-001
  9.8853241174372286E-001  9.8778904647137156E-001  9.8706884394188743E-001  9.8637320133875550E-001  9.8570346878351711E-001
  9.8506094726511839E-001  9.8444688546076109E-001  9.8386247769132862E-001  9.8330886116519434E-001  9.8278711365162152E-001
  9.8229825147984628E-001  9.8184322717416672E-001  9.8142292832555278E-001  9.8103817516027247E-001  9.8068971912212433E-001
  9.8037824113667504E-001  9.8010435014234598E-001  9.7986858233089524E-001  9.7967139917710344E-001  9.7951318672293031E-001
  9.7939425519556145E-001  9.7931483770238525E-001  9.7927508988601875E-001  9.7927508988601475E-001  9.7931483770237382E-001
  9.7939425519553747E-001  9.7951318672290355E-001  9.7967139917706936E-001  9.7986858233085372E-001  9.8010435014230646E-001
  9.8037824113662886E-001  9.8068971912207237E-001  9.8103817516021341E-001  9.8142292832549027E-001  9.8184322717410033E-001
  9.8229825147977312E-001  9.8278711365153903E-001  9.8330886116509930E-001  9.8386247769123247E-001  9.8444688546065939E-001
  9.8506094726501547E-001  9.8570346878341297E-001  9.8637320133865725E-001  9.8706884394179084E-001  9.8778904647128940E-001
  9.8853241174364703E-001  9.8929749898286135E-001  9.9008282608616627E-001  9.9088687322751712E-001  9.9170808532533861E-001
  9.9254487572924777E-001  9.9339562884399557E-001  9.9425870390200533E-001  9.9513243762397441E-001  9.9601514806798019E-001
  9.9690513698024075E-001  9.9780069388499082E-001  9.9870009691121486E-001  9.9979798888807647E-001
BLOCK 8   8.8059857923799867E-001
  1.0002670134202816E+000  1.0014373565349297E+000  1.0023452837114990E+000  1.0032482641034723E+000  1.0041445785829781E+000
  1.0050325228392700E+000  1.0059104195524469E+000  1.0067766136803256E+000  1.0076294790658515E+000  1.0084674204639763E+000
  1.0092888737996488E+000  1.0100923094210665E+000  1.0108762348482907E+000  1.0116391969416945E+000  1.0123797843716853E+000
  1.0130966298341955E+000  1.0137884123373206E+000  1.0144538593258690E+000  1.0150917486874431E+000  1.0157009105919959E+000
  1.0162802291974380E+000  1.0168286443437022E+000  1.0173451532192028E+000  1.0178288120040815E+000  1.0182787374155216E+000
  1.0186941081847980E+000  1.0190741665227936E+000  1.0194182194233918E+000  1.0197256398735171E+000  1.0199958678806127E+000
  1.0202284114735836E+000  1.0204228474984005E+000  1.0205788222603269E+000  1.0206960521451400E+000  1.0207743240313509E+000
  1.0208134956055133E+000  1.0208134956055193E+000  1.0207743240313689E+000  1.0206960521451700E+000  1.0205788222603678E+000
  1.0204228474984507E+000  1.0202284114736413E+000  1.0199958678806724E+000  1.0197256398735826E+000  1.0194182194234598E+000
  1.0190741665228675E+000  1.0186941081848753E+000  1.0182787374156015E+000  1.0178288120041599E+000  1.0173451532192836E+000
  1.0168286443437837E+000  1.0162802291975188E+000  1.0157009105920778E+000  1.0150917486875226E+000  1.0144538593259473E+000
  1.0137884123373964E+000  1.0130966298342734E+000  1.0123797843717612E+000  1.0116391969417664E+000  1.0108762348483573E+000
  1.0100923094211347E+000  1.0092888737997154E+000  1.0084674204640409E+000  1.0076294790659197E+000  1.0067766136803904E+000
  1.0059104195525110E+000  1.0050325228393333E+000  1.0041445785830392E+000  1.0032482641035283E+000  1.0023452837115499E+000
  1.0014373565349748E+000  1.0002670134203455E+000  9.9980410314338031E-001  9.9870130176520833E-001  9.9779099184072906E-001
  9.9688443132543791E-001  9.9598336747154304E-001  9.9508953678603274E-001  9.9420466425634491E-001  9.9333045925164798E-001
  9.9246861297237998E-001  9.9162079467989417E-001  9.9078864870314720E-001  9.8997379083772152E-001  9.8917780532517885E-001
  9.8840224138964328E-001  9.8764861020018480E-001  9.8691838145241184E-001  9.8621298054082729E-001  9.8553378546407500E-001
  9.8488212438835521E-001  9.8425927255556644E-001  9.8366644993396701E-001  9.8310481829939467E-001  9.8257547940140033E-001
  9.8207947218553604E-001  9.8161777085960089E-001  9.8119128257128763E-001  9.8080084583733940E-001  9.8044722867229217E-001
  9.8013112663785906E-001  9.7985316193857885E-001  9.7961388174085851E-001  9.7941375717239276E-001  9.7925318231321190E-001
  9.7913247346121812E-001  9.7905186849332571E-001  9.7901152616238041E-001  9.7901152616237741E-001  9.7905186849331471E-001
  9.7913247346119947E-001  9.7925318231317526E-001  9.7941375717235712E-001  9.7961388174081054E-001  9.7985316193851257E-001
  9.8013112663779212E-001  9.8044722867221634E-001  9.8080084583725979E-001  9.8119128257120181E-001  9.8161777085951607E-001
  9.8207947218544056E-001  9.8257547940130552E-001  9.8310481829930152E-001  9.8366644993387220E-001  9.8425927255547363E-001
  9.8488212438825873E-001  9.8553378546398729E-001  9.8621298054073359E-001  9.8691838145232413E-001  9.8764861020009209E-001
  9.8840224138955468E-001  9.8917780532509059E-001  9.8997379083764014E-001  9.9078864870307304E-001  9.9162079467982522E-001
  9.9246861297231770E-001  9.9333045925159080E-001  9.9420466425629495E-001  9.9508953678599177E-001  9.9598336747150362E-001
  9.9688443132540050E-001  9.9779099184069031E-001  9.9870130176516925E-001  9.9980410314334867E-001
BLOCK 9   1.0063983762719990E+000
  1.0002798739454466E+000  1.0014746724228669E+000  1.0023945202133844E+000  1.0033091961770255E+000  1.0042169613811096E+000
  1.0051160924050335E+000  1.0060048944828175E+000  1.0068816951877151E+000  1.0077448550761692E+000  1.0085927649828785E+000
  1.0094238493155900E+000  1.0102365684936683E+000  1.0110294215888949E+000  1.0118009483438948E+000  1.0125497315490879E+000
  1.0132743990191653E+000  1.0139736257510517E+000  1.0146461358477521E+000  1.0152907045085384E+000  1.0159061598955996E+000
  1.0164913850055144E+000  1.0170453194019846E+000  1.0175669608891413E+000  1.0180553670885284E+000  1.0185096569162404E+000
  1.0189290119304995E+000  1.0193126775689816E+000  1.0196599643089834E+000  1.0199702486653741E+000  1.0202429741170529E+000
  1.0204776519158036E+000  1.0206738618003937E+000  1.0208312525888739E+000  1.0209495426971098E+000  1.0210285205497387E+000
  1.0210680448619258E+000  1.0210680448619305E+000  1.0210285205497520E+000  1.0209495426971311E+000  1.0208312525889063E+000
  1.0206738618004370E+000  1.0204776519158545E+000  1.0202429741171122E+000  1.0199702486654389E+000  1.0196599643090540E+000
  1.0193126775690540E+000  1.0189290119305769E+000  1.0185096569163223E+000  1.0180553670886108E+000  1.0175669608892237E+000
  1.0170453194020679E+000  1.0164913850055979E+000  1.0159061598956833E+000  1.0152907045086248E+000  1.0146461358478374E+000
  1.0139736257511383E+000  1.0132743990192528E+000  1.0125497315491807E+000  1.0118009483439898E+000  1.0110294215889903E+000
  1.0102365684937649E+000  1.0094238493156833E+000  1.0085927649829700E+000  1.0077448550762558E+000  1.0068816951877935E+000
  1.0060048944828908E+000  1.0051160924050990E+000  1.0042169613811731E+000  1.0033091961770790E+000  1.0023945202134339E+000
  1.0014746724229120E+000  1.0002798739455150E+000  9.9981070342832090E-001  9.9870172638340482E-001  9.9777882320294375E-001
  9.9685956511779739E-001  9.9594572819856697E-001  9.9503907857882723E-001  9.9414137172807049E-001  9.9325434822651226E-001
  9.9237973100488186E-001  9.9151922157599948E-001  9.9067449684387676E-001  9.8984720556151329E-001  9.8903896491954368E-001
  9.8825135713568346E-001  9.8748592617141373E-001  9.8674417461676589E-001  9.8602756038221395E-001  9.8533749362237810E-001
  9.8467533370207994E-001  9.8404238644051689E-001  9.8343990114927948E-001  9.8286906793505102E-001  9.8233101526198241E-001
  9.8182680748666751E-001  9.8135744255244384E-001  9.8092384978025848E-001  9.8052688821844658E-001  9.8016734439797648E-001
  9.7984593102583850E-001  9.7956328534426751E-001  9.7931996788161391E-001  9.7911646119296913E-001  9.7895316902448060E-001
  9.7883041541742966E-001  9.7874844391405291E-001  9.7870741741746770E-001  9.7870741741745693E-001  9.7874844391403382E-001
  9.7883041541739402E-001  9.7895316902443907E-001  9.7911646119291385E-001  9.7931996788155173E-001  9.7956328534419568E-001
  9.7984593102576012E-001  9.8016734439789832E-001  9.8052688821835787E-001  9.8092384978016667E-001  9.8135744255235102E-001
  9.8182680748657258E-001  9.8233101526187805E-001  9.8286906793494866E-001  9.8343990114917790E-001  9.8404238644041564E-001
  9.8467533370198168E-001  9.8533749362228473E-001  9.8602756038212025E-001  9.8674417461667530E-001  9.8748592617132358E-001
  9.8825135713559775E-001  9.8903896491945753E-001  9.8984720556143058E-001  9.9067449684379516E-001  9.9151922157592187E-001
  9.9237973100480381E-001  9.9325434822643333E-001  9.9414137172799355E-001  9.9503907857875451E-001  9.9594572819849891E-001
  9.9685956511773499E-001  9.9777882320288258E-001  9.9870172638334831E-001  9.9981070342828915E-001
BLOCK 10   1.1321981733060078E+000
  1.0002938976598204E+000  1.0015158982104371E+000  1.0024493080176531E+000  1.0033772986389133E+000  1.0042981084935767E+000
  1.0052099923313829E+000  1.0061112357026090E+000  1.0070001476867416E+000  1.0078750724139687E+000  1.0087343856613002E+000
  1.0095764981516802E+000  1.0103998578154865E+000  1.0112029527108517E+000  1.0119843126228392E+000  1.0127425118624376E+000
  1.0134761710108142E+000  1.0141839590907951E+000  1.0148645956789357E+000  1.0155168528643048E+000  1.0161395569079559E+000
  1.0167315900036591E+000  1.0172918918866523E+000  1.0178194613666585E+000  1.0183133577133059E+000  1.0187727019701733E+000
  1.0191966781331236E+000  1.0195845342634373E+000  1.0199355834917494E+000  1.0202492049402920E+000  1.0205248445445509E+000
  1.0207620158130799E+000  1.0209603004680246E+000  1.0211193490255548E+000  1.0212388812753497E+000  1.0213186866618089E+000
  1.0213586245907735E+000  1.0213586245907800E+000  1.0213186866618196E+000  1.0212388812753692E+000  1.0211193490255821E+000
  1.0209603004680572E+000  1.0207620158131219E+000  1.0205248445445987E+000  1.0202492049403462E+000  1.0199355834918078E+000
  1.0195845342635046E+000  1.0191966781331983E+000  1.0187727019702533E+000  1.0183133577133867E+000  1.0178194613667435E+000
  1.0172918918867451E+000  1.0167315900037546E+000  1.0161395569080536E+000  1.0155168528644065E+000  1.0148645956790427E+000
  1.0141839590909039E+000  1.0134761710109257E+000  1.0127425118625477E+000  1.0119843126229513E+000  1.0112029527109581E+000
  1.0103998578155911E+000  1.0095764981517792E+000  1.0087343856613946E+000  1.0078750724140539E+000  1.0070001476868222E+000
  1.0061112357026849E+000  1.0052099923314570E+000  1.0042981084936493E+000  1.0033772986389855E+000  1.0024493080177270E+000
  1.0015158982105121E+000  1.0002938976599047E+000  9.9981763654881206E-001  9.9870103688202094E-001  9.9776384409603947E-001
  9.9683018729057105E-001  9.9590187472472402E-001  9.9498070540670003E-001  9.9406846849697261E-001  9.9316693910611387E-001
  9.9227787549691726E-001  9.9140301522640906E-001  9.9054407169589942E-001  9.8970273056767610E-001  9.8888064615236870E-001
  9.8807943787135977E-001  9.8730068665419290E-001  9.8654593171106264E-001  9.8581666698159409E-001  9.8511433797733139E-001
  9.8444033850106638E-001  9.8379600781065391E-001  9.8318262740476925E-001  9.8260141844720383E-001  9.8205353898593828E-001
  9.8154008154560057E-001  9.8106207056240258E-001  9.8062046046797491E-001  9.8021613337178992E-001  9.7984989731049932E-001
  9.7952248453158541E-001  9.7923454987362957E-001  9.7898666941054902E-001  9.7877933925733129E-001  9.7861297450325524E-001
  9.7848790827291765E-001  9.7840439121778378E-001  9.7836259069743448E-001  9.7836259069743237E-001  9.7840439121775824E-001
  9.7848790827288612E-001  9.7861297450320450E-001  9.7877933925727234E-001  9.7898666941048407E-001  9.7923454987355218E-001
  9.7952248453150048E-001  9.7984989731040739E-001  9.8021613337169311E-001  9.8062046046788109E-001  9.8106207056230732E-001
  9.8154008154550221E-001  9.8205353898583336E-001  9.8260141844709781E-001  9.8318262740466600E-001  9.8379600781054499E-001
  9.8444033850095469E-001  9.8511433797722814E-001  9.8581666698149006E-001  9.8654593171095861E-001  9.8730068665409976E-001
  9.8807943787126973E-001  9.8888064615228066E-001  9.8970273056758928E-001  9.9054407169581271E-001  9.9140301522632690E-001
  9.9227787549683188E-001  9.9316693910602816E-001  9.9406846849688602E-001  9.9498070540661598E-001  9.9590187472463698E-001
  9.9683018729048645E-001  9.9776384409595165E-001  9.9870103688193579E-001  9.9981763654877409E-001
BLOCK 11   1.2579979703400166E+000
  1.0003089257372002E+000  1.0015607334398349E+000  1.0025093672183210E+000  1.0034523162619833E+000  1.0043877935532566E+000
  1.0053140293324370E+000  1.0062292862256910E+000  1.0071318512717324E+000  1.0080200489212368E+000  1.0088922362281949E+000
  1.0097468071824558E+000  1.0105821948129567E+000  1.0113968739444585E+000  1.0121893630780945E+000  1.0129582268049035E+000
  1.0137020776718391E+000  1.0144195783768464E+000  1.0151094434679691E+000  1.0157704413225943E+000  1.0164013956294802E+000
  1.0170011870324986E+000  1.0175687546040499E+000  1.0181030971355722E+000  1.0186032744089795E+000  1.0190684084443746E+000
  1.0194976845385124E+000  1.0198903522181246E+000  1.0202457261582549E+000  1.0205631870427996E+000  1.0208421823456197E+000
  1.0210822270132620E+000  1.0212829040759617E+000  1.0214438651797471E+000  1.0215648310362351E+000  1.0216455917927594E+000
  1.0216860073098912E+000  1.0216860073098957E+000  1.0216455917927705E+000  1.0215648310362508E+000  1.0214438651797682E+000
  1.0212829040759908E+000  1.0210822270132931E+000  1.0208421823456566E+000  1.0205631870428442E+000  1.0202457261583071E+000
  1.0198903522181835E+000  1.0194976845385817E+000  1.0190684084444519E+000  1.0186032744090672E+000  1.0181030971356673E+000
  1.0175687546041525E+000  1.0170011870326101E+000  1.0164013956295983E+000  1.0157704413227160E+000  1.0151094434680878E+000
  1.0144195783769667E+000  1.0137020776719561E+000  1.0129582268050212E+000  1.0121893630782040E+000  1.0113968739445627E+000
  1.0105821948130578E+000  1.0097468071825584E+000  1.0088922362282957E+000  1.0080200489213371E+000  1.0071318512718330E+000
  1.0062292862257918E+000  1.0053140293325378E+000  1.0043877935533585E+000  1.0034523162620845E+000  1.0025093672184247E+000
  1.0015607334399363E+000  1.0003089257372975E+000  9.9982474033152047E-001  9.9869888722027034E-001  9.9774569628582443E-001
  9.9679592799220507E-001  9.9585142638810809E-001  9.9491402735930479E-001  9.9398555790981791E-001  9.9306783181992087E-001
  9.9216264663563380E-001  9.9127177973549507E-001  9.9039698475980309E-001  9.8953998778011432E-001  9.8870248350741508E-001
  9.8788613167462958E-001  9.8709255336206370E-001  9.8632332745688889E-001  9.8557998698080096E-001  9.8486401575824289E-001
  9.8417684511675652E-001  9.8351985070463666E-001  9.8289434938248321E-001  9.8230159640633241E-001  9.8174278255475478E-001
  9.8121903151259426E-001  9.8073139742669124E-001  9.8028086255744817E-001  9.7986833505829862E-001  9.7949464712468248E-001
  9.7916055298002536E-001  9.7886672737757352E-001  9.7861376402506139E-001  9.7840217432367538E-001  9.7823238621320119E-001
  9.7810474329936981E-001  9.7801950398016224E-001  9.7797684102453408E-001  9.7797684102452409E-001  9.7801950398014093E-001
  9.7810474329933950E-001  9.7823238621315611E-001  9.7840217432362331E-001  9.7861376402500067E-001  9.7886672737750402E-001
  9.7916055297994886E-001  9.7949464712459389E-001  9.7986833505820692E-001  9.8028086255734670E-001  9.8073139742658177E-001
  9.8121903151248147E-001  9.8174278255464054E-001  9.8230159640621939E-001  9.8289434938236386E-001  9.8351985070452408E-001
  9.8417684511664549E-001  9.8486401575812554E-001  9.8557998698069127E-001  9.8632332745678175E-001  9.8709255336195634E-001
  9.8788613167452299E-001  9.8870248350731138E-001  9.8953998778001007E-001  9.9039698475970372E-001  9.9127177973539748E-001
  9.9216264663553833E-001  9.9306783181982428E-001  9.9398555790972454E-001  9.9491402735921020E-001  9.9585142638800961E-001
  9.9679592799210159E-001  9.9774569628572107E-001  9.9869888722016564E-001  9.9982474033148183E-001
BLOCK 12   1.3837977673740254E+000
  1.0003247973032243E+000  1.0016088873299829E+000  1.0025744395012295E+000  1.0035340227187672E+000  1.0044858207364402E+000
  1.0054280358147665E+000  1.0063589047256540E+000  1.0072766899100187E+000  1.0081796936892438E+000  1.0090662523542733E+000
  1.0099347414673823E+000  1.0107835774238905E+000  1.0116112203943257E+000  1.0124161759989558E+000  1.0131969978170412E+000
  1.0139522890566370E+000  1.0146807046027881E+000  1.0153809526233810E+000  1.0160517962827376E+000  1.0166920552098735E+000
  1.0173006069384800E+000  1.0178763881827246E+000  1.0184183961407096E+000  1.0189256895883170E+000  1.0193973900162077E+000
  1.0198326825721047E+000  1.0202308169540903E+000  1.0205911082721426E+000  1.0209129378095416E+000  1.0211957536957883E+000
  1.0214390715726434E+000  1.0216424751659627E+000  1.0218056167496579E+000  1.0219282175435993E+000  1.0220100680726836E+000
  1.0220510284376367E+000  1.0220510284376427E+000  1.0220100680726893E+000  1.0219282175436077E+000  1.0218056167496743E+000
  1.0216424751659863E+000  1.0214390715726727E+000  1.0211957536958272E+000  1.0209129378095889E+000  1.0205911082721990E+000
  1.0202308169541601E+000  1.0198326825721820E+000  1.0193973900162956E+000  1.0189256895884133E+000  1.0184183961408122E+000
  1.0178763881828319E+000  1.0173006069385901E+000  1.0166920552099858E+000  1.0160517962828479E+000  1.0153809526234971E+000
  1.0146807046029029E+000  1.0139522890567554E+000  1.0131969978171624E+000  1.0124161759990780E+000  1.0116112203944481E+000
  1.0107835774240128E+000  1.0099347414675073E+000  1.0090662523543954E+000  1.0081796936893710E+000  1.0072766899101420E+000
  1.0063589047257768E+000  1.0054280358148904E+000  1.0044858207365637E+000  1.0035340227188916E+000  1.0025744395013514E+000
  1.0016088873301006E+000  1.0003247973033309E+000  9.9983184545041104E-001  9.9869490309625208E-001  9.9772398641777660E-001
  9.9675638054766980E-001  9.9579396850409707E-001  9.9483862610579266E-001  9.9389222122735599E-001  9.9295660926746365E-001
  9.9203363020624313E-001  9.9112510445714541E-001  9.9023282910090882E-001  9.8935857392308724E-001  9.8850407741515700E-001
  9.8767104286577057E-001  9.8686113463875402E-001  9.8607597430470584E-001  9.8531713703609480E-001  9.8458614812134848E-001
  9.8388447953824054E-001  9.8321354652195314E-001  9.8257470453593787E-001  9.8196924609475678E-001  9.8139839787885164E-001
  9.8086331786683079E-001  9.8036509274190053E-001  9.7990473537013500E-001  9.7948318264183587E-001  9.7910129318332406E-001
  9.7875984555594220E-001  9.7845953637491034E-001  9.7820097876842660E-001  9.7798470097915868E-001  9.7781114513672751E-001
  9.7768066626273298E-001  9.7759353146048689E-001  9.7754991927436286E-001  9.7754991927435597E-001  9.7759353146047034E-001
  9.7768066626269989E-001  9.7781114513669010E-001  9.7798470097910695E-001  9.7820097876836831E-001  9.7845953637483929E-001
  9.7875984555586304E-001  9.7910129318323991E-001  9.7948318264174727E-001  9.7990473537004175E-001  9.8036509274179806E-001
  9.8086331786672010E-001  9.8139839787874061E-001  9.8196924609463343E-001  9.8257470453581286E-001  9.8321354652183013E-001
  9.8388447953811609E-001  9.8458614812122036E-001  9.8531713703596502E-001  9.8607597430458171E-001  9.8686113463863412E-001
  9.8767104286565144E-001  9.8850407741504276E-001  9.8935857392297499E-001  9.9023282910079602E-001  9.9112510445703417E-001
  9.9203363020612978E-001  9.9295660926734808E-001  9.9389222122723997E-001  9.9483862610567275E-001  9.9579396850397672E-001
  9.9675638054755133E-001  9.9772398641765825E-001  9.9869490309613196E-001  9.9983184545037618E-001
BLOCK 13   1.5095975644080342E+000
  1.0006715113639943E+000  1.0016600883071702E+000  1.0026442626178813E+000  1.0036221718260279E+000  1.0045919608736518E+000
  1.0055518054361536E+000  1.0064999150944627E+000  1.0074345225102117E+000  1.0083539035316975E+000  1.0092563714529883E+000
  1.0101402816701563E+000  1.0110040323900358E+000  1.0118460675854510E+000  1.0126648783135901E+000  1.0134590052524448E+000
  1.0142270401537825E+000  1.0149676279388977E+000  1.0156794680987835E+000  1.0163613164212333E+000  1.0170119862644207E+000
  1.0176303499876376E+000  1.0182153401005609E+000  1.0187659504338136E+000  1.0192812371382860E+000  1.0197603196446514E+000
  1.0202023815511960E+000  1.0206066714330744E+000  1.0209725035859152E+000  1.0212992587457128E+000  1.0215863847117328E+000
  1.0218333969515159E+000  1.0220398791159107E+000  1.0222054834704475E+000  1.0223299312888756E+000  1.0224130131672142E+000
  1.0224545892357375E+000  1.0224545892357388E+000  1.0224130131672258E+000  1.0223299312888934E+000  1.0222054834704779E+000
  1.0220398791159475E+000  1.0218333969515627E+000  1.0215863847117888E+000  1.0212992587457754E+000  1.0209725035859842E+000
  1.0206066714331503E+000  1.0202023815512784E+000  1.0197603196447353E+000  1.0192812371383770E+000  1.0187659504339071E+000
  1.0182153401006615E+000  1.0176303499877430E+000  1.0170119862645270E+000  1.0163613164213461E+000  1.0156794680988996E+000
  1.0149676279390225E+000  1.0142270401539115E+000  1.0134590052525778E+000  1.0126648783137264E+000  1.0118460675855896E+000
  1.0110040323901788E+000  1.0101402816703025E+000  1.0092563714531362E+000  1.0083539035318456E+000  1.0074345225103589E+000
  1.0064999150946070E+000  1.0055518054362960E+000  1.0045919608737912E+000  1.0036221718261662E+000  1.0026442626180325E+000
  1.0016600883073292E+000  1.0006715113641211E+000  9.9983879808951992E-001  9.9868875296726389E-001  9.9769834995539475E-001
  9.9671114960016671E-001  9.9572908156556172E-001  9.9475406439978309E-001  9.9378800868311867E-001  9.9283281699426607E-001
  9.9189037161885296E-001  9.9096253488526975E-001  9.9005114978449227E-001  9.8915803357488230E-001  9.8828497195992226E-001
  9.8743371498775556E-001  9.8660597345284662E-001  9.8580341508290870E-001  9.8502766082102844E-001  9.8428028093764075E-001
  9.8356279150730075E-001  9.8287665082033837E-001  9.8222325601568239E-001  9.8160393985909389E-001  9.8101996768689004E-001
  9.8047253440372617E-001  9.7996276180728259E-001  9.7949169596284580E-001  9.7906030469732008E-001  9.7866947538922133E-001
  9.7832001285199777E-001  9.7801263741264688E-001  9.7774798320961875E-001  9.7752659663180652E-001  9.7734893512693544E-001
  9.7721536605136661E-001  9.7712616586015832E-001  9.7708151938781029E-001  9.7708151938780707E-001  9.7712616586014500E-001
  9.7721536605134207E-001  9.7734893512689536E-001  9.7752659663175900E-001  9.7774798320955980E-001  9.7801263741258238E-001
  9.7832001285192560E-001  9.7866947538913596E-001  9.7906030469723127E-001  9.7949169596274865E-001  9.7996276180718067E-001
  9.8047253440362014E-001  9.8101996768677246E-001  9.8160393985897265E-001  9.8222325601555760E-001  9.8287665082020759E-001
  9.8356279150717718E-001  9.8428028093750664E-001  9.8502766082089344E-001  9.8580341508277458E-001  9.8660597345270873E-001
  9.8743371498761867E-001  9.8828497195978360E-001  9.8915803357474796E-001  9.9005114978435838E-001  9.9096253488513075E-001
  9.9189037161871885E-001  9.9283281699413373E-001  9.9378800868298300E-001  9.9475406439965175E-001  9.9572908156542983E-001
  9.9671114960001583E-001  9.9769834995523232E-001  9.9868875296713244E-001  9.9983879808950993E-001
BLOCK 14   1.6353973614420430E+000
  1.0007047875208119E+000  1.0017140095207300E+000  1.0027185521023794E+000  1.0037165146833082E+000  1.0047060046198841E+000
  1.0056851658212516E+000  1.0066521726575204E+000  1.0076052333721626E+000  1.0085425984959011E+000  1.0094625565421860E+000
  1.0103634407100994E+000  1.0112436270973084E+000  1.0121015405035689E+000  1.0129356545565675E+000  1.0137444925614389E+000
  1.0145266308448146E+000  1.0152807019833368E+000  1.0160053952488510E+000  1.0166994574221067E+000  1.0173616937411349E+000
  1.0179909693233995E+000  1.0185862103105547E+000  1.0191464050465078E+000  1.0196706049979407E+000  1.0201579256880215E+000
  1.0206075474589327E+000  1.0210187162405000E+000  1.0213907441992978E+000  1.0217230103653672E+000  1.0220149611740086E+000
  1.0222661109734386E+000  1.0224760424991484E+000  1.0226444072820100E+000  1.0227709259938234E+000  1.0228553887603822E+000
  1.0228976553849725E+000  1.0228976553849791E+000  1.0228553887604024E+000  1.0227709259938582E+000  1.0226444072820522E+000
  1.0224760424992012E+000  1.0222661109734961E+000  1.0220149611740712E+000  1.0217230103654322E+000  1.0213907441993697E+000
  1.0210187162405764E+000  1.0206075474590133E+000  1.0201579256881057E+000  1.0196706049980282E+000  1.0191464050466010E+000
  1.0185862103106520E+000  1.0179909693235059E+000  1.0173616937412506E+000  1.0166994574222252E+000  1.0160053952489776E+000
  1.0152807019834695E+000  1.0145266308449572E+000  1.0137444925615888E+000  1.0129356545567167E+000  1.0121015405037177E+000
  1.0112436270974594E+000  1.0103634407102580E+000  1.0094625565423572E+000  1.0085425984960730E+000  1.0076052333723295E+000
  1.0066521726576920E+000  1.0056851658214196E+000  1.0047060046200493E+000  1.0037165146834752E+000  1.0027185521025372E+000
  1.0017140095208890E+000  1.0007047875209618E+000  9.9984540804030952E-001  9.9868006396427866E-001  9.9766842421985502E-001
  9.9665987966387692E-001  9.9565640390690613E-001  9.9465996242277599E-001  9.9367251644843069E-001  9.9269601422941678E-001
  9.9173238992312374E-001  9.9078356045588645E-001  9.8985141685052880E-001  9.8893782617285486E-001  9.8804462287519013E-001
  9.8717360440407509E-001  9.8632653128133763E-001  9.8550511941151220E-001  9.8471103571686092E-001  9.8394589796258436E-001
  9.8321127092270955E-001  9.8250866023689520E-001  9.8183950803706144E-001  9.8120519014088992E-001  9.8060701329036026E-001
  9.8004621215236620E-001  9.7952394621342520E-001  9.7904129699189801E-001  9.7859926538139130E-001  9.7819876925130267E-001
  9.7784064125978332E-001  9.7752562685436151E-001  9.7725438241043328E-001  9.7702747373253596E-001  9.7684537457393128E-001
  9.7670846553249924E-001  9.7661703303710878E-001  9.7657126869677291E-001  9.7657126869676669E-001  9.7661703303709324E-001
  9.7670846553246915E-001  9.7684537457389442E-001  9.7702747373248777E-001  9.7725438241038087E-001  9.7752562685429900E-001
  9.7784064125971437E-001  9.7819876925122362E-001  9.7859926538130215E-001  9.7904129699179931E-001  9.7952394621331940E-001
  9.8004621215225718E-001  9.8060701329024580E-001  9.8120519014076479E-001  9.8183950803693010E-001  9.8250866023676242E-001
  9.8321127092256866E-001  9.8394589796244425E-001  9.8471103571671714E-001  9.8550511941136043E-001  9.8632653128118730E-001
  9.8717360440392488E-001  9.8804462287504102E-001  9.8893782617270420E-001  9.8985141685035960E-001  9.9078356045571747E-001
  9.9173238992296620E-001  9.9269601422924869E-001  9.9367251644826338E-001  9.9465996242261279E-001  9.9565640390674093E-001
  9.9665987966372438E-001  9.9766842421969015E-001  9.9868006396412590E-001  9.9984540804030464E-001
BLOCK 15   1.7611971584760517E+000
  1.0007386826892046E+000  1.0017703236273361E+000  1.0027970008550005E+000  1.0038167739540984E+000  1.0048277109668462E+000
  1.0058279208326186E+000  1.0068155427684622E+000  1.0077887533135490E+000  1.0087457723953361E+000  1.0096848607524302E+000
  1.0106043244134331E+000  1.0115025165631626E+000  1.0123778396528744E+000  1.0132287470542078E+000  1.0140537456682224E+000
  1.0148513961823791E+000  1.0156203161756039E+000  1.0163591803537897E+000  1.0170667219969618E+000  1.0177417349122275E+000
  1.0183830739984765E+000  1.0189896559541032E+000  1.0195604613665759E+000  1.0200945358030087E+000  1.0205909899078272E+000
  1.0210489994846743E+000  1.0214678061437932E+000  1.0218467181145394E+000  1.0221851109949764E+000  1.0224824283222933E+000
  1.0227381820510721E+000  1.0229519529591560E+000  1.0231233910241264E+000  1.0232522157270940E+000  1.0233382163266329E+000
  1.0233812520514485E+000  1.0233812520514527E+000  1.0233382163266469E+000  1.0232522157271189E+000  1.0231233910241608E+000
  1.0229519529592019E+000  1.0227381820511274E+000  1.0224824283223555E+000  1.0221851109950475E+000  1.0218467181146180E+000
  1.0214678061438773E+000  1.0210489994847660E+000  1.0205909899079237E+000  1.0200945358031110E+000  1.0195604613666820E+000
  1.0189896559542149E+000  1.0183830739985962E+000  1.0177417349123510E+000  1.0170667219970873E+000  1.0163591803539209E+000
  1.0156203161757438E+000  1.0148513961825294E+000  1.0140537456683805E+000  1.0132287470543746E+000  1.0123778396530450E+000
  1.0115025165633376E+000  1.0106043244136125E+000  1.0096848607526101E+000  1.0087457723955187E+000  1.0077887533137291E+000
  1.0068155427686407E+000  1.0058279208328014E+000  1.0048277109670234E+000  1.0038167739542772E+000  1.0027970008551781E+000
  1.0017703236275155E+000  1.0007386826893785E+000  9.9985148661781054E-001  9.9866843821102458E-001  9.9763378505266154E-001
  9.9660212303609896E-001  9.9557547364788024E-001  9.9455585332239926E-001  9.9354527389477620E-001  9.9254573548178304E-001
  9.9155922588983869E-001  9.9058771370854137E-001  9.8963314557103965E-001  9.8869744169013485E-001  9.8778248974275140E-001
  9.8689014379408602E-001  9.8602221602303697E-001  9.8518047567789546E-001  9.8436664395650930E-001  9.8358238818328902E-001
  9.8282932115206467E-001  9.8210899499264326E-001  9.8142289699470509E-001  9.8077244863917690E-001  9.8015900065571204E-001
  9.7958382871650929E-001  9.7904813235825416E-001  9.7855303232588631E-001  9.7809956594421721E-001  9.7768868361039385E-001
  9.7732124709763002E-001  9.7699802816218662E-001  9.7671970675606279E-001  9.7648686909937454E-001  9.7630000612929035E-001
  9.7615951216369035E-001  9.7606568398394344E-001  9.7601872006767310E-001  9.7601872006767076E-001  9.7606568398392135E-001
  9.7615951216366614E-001  9.7630000612925305E-001  9.7648686909933324E-001  9.7671970675600994E-001  9.7699802816211934E-001
  9.7732124709756174E-001  9.7768868361031513E-001  9.7809956594413283E-001  9.7855303232579571E-001  9.7904813235815558E-001
  9.7958382871639504E-001  9.8015900065559192E-001  9.8077244863904933E-001  9.8142289699457697E-001  9.8210899499250770E-001
  9.8282932115191268E-001  9.8358238818312638E-001  9.8436664395634543E-001  9.8518047567773182E-001  9.8602221602285978E-001
  9.8689014379390971E-001  9.8778248974257321E-001  9.8869744168995477E-001  9.8963314557086191E-001  9.9058771370835930E-001
  9.9155922588965550E-001  9.9254573548160074E-001  9.9354527389458946E-001  9.9455585332221597E-001  9.9557547364769550E-001
  9.9660212303591855E-001  9.9763378505247680E-001  9.9866843821084395E-001  9.9985148661780221E-001
BLOCK 16   1.8869969555100605E+000
  1.0007728603669137E+000  1.0018287329894964E+000  1.0028793523892827E+000  1.0039227353687972E+000  1.0049569080626319E+000
  1.0059799415097961E+000  1.0069899367957562E+000  1.0079850361798446E+000  1.0089634262623943E+000  1.0099233362368443E+000
  1.0108630430891019E+000  1.0117808724626356E+000  1.0126752013989091E+000  1.0135444598509575E+000  1.0143871326427003E+000
  1.0152017610678210E+000  1.0159869442626905E+000  1.0167413406586747E+000  1.0174636692169783E+000  1.0181527102595567E+000
  1.0188073069904413E+000  1.0194263657403710E+000  1.0200088572679915E+000  1.0205538174540885E+000  1.0210603476775888E+000
  1.0215276158358193E+000  1.0219548570964596E+000  1.0223413740764056E+000  1.0226865376197005E+000  1.0229897876251000E+000
  1.0232506332144213E+000  1.0234686525603629E+000  1.0236434930594456E+000  1.0237748718323256E+000  1.0238625762509366E+000
  1.0239064642551226E+000  1.0239064642551268E+000  1.0238625762509466E+000  1.0237748718323463E+000  1.0236434930594722E+000
  1.0234686525603998E+000  1.0232506332144704E+000  1.0229897876251570E+000  1.0226865376197694E+000  1.0223413740764864E+000
  1.0219548570965495E+000  1.0215276158359159E+000  1.0210603476776980E+000  1.0205538174542033E+000  1.0200088572681172E+000
  1.0194263657405009E+000  1.0188073069905779E+000  1.0181527102597032E+000  1.0174636692171264E+000  1.0167413406588282E+000
  1.0159869442628493E+000  1.0152017610679853E+000  1.0143871326428684E+000  1.0135444598511314E+000  1.0126752013990874E+000
  1.0117808724628157E+000  1.0108630430892858E+000  1.0099233362370326E+000  1.0089634262625848E+000  1.0079850361800404E+000
  1.0069899367959516E+000  1.0059799415099955E+000  1.0049569080628307E+000  1.0039227353689961E+000  1.0028793523894806E+000
  1.0018287329896967E+000  1.0007728603671122E+000  9.9985684369908145E-001  9.9865346723804227E-001  9.9759399145712935E-001
  9.9653740952990832E-001  9.9548579424613937E-001  9.9444121565013321E-001  9.9340573932140219E-001  9.9238142077279423E-001
  9.9137030356228850E-001  9.9037441271777304E-001  9.8939575233646182E-001  9.8843629908194752E-001  9.8749799906728297E-001
  9.8658276244625065E-001  9.8569245885196721E-001  9.8482891396008709E-001  9.8399390317864821E-001  9.8318914986180683E-001
  9.8241631873042179E-001  9.8167701336965718E-001  9.8097277230186330E-001  9.8030506371727111E-001  9.7967528414757465E-001
  9.7908475336500944E-001  9.7853471105611045E-001  9.7802631535921170E-001  9.7756063834664242E-001  9.7713866339583921E-001
  9.7676128413773999E-001  9.7642930112630988E-001  9.7614341914194791E-001  9.7590424648194585E-001  9.7571229345510346E-001
  9.7556796979116256E-001  9.7547158297702818E-001  9.7542333813053528E-001  9.7542333813053206E-001  9.7547158297701886E-001
  9.7556796979113447E-001  9.7571229345506671E-001  9.7590424648190000E-001  9.7614341914189096E-001  9.7642930112624426E-001
  9.7676128413766272E-001  9.7713866339575961E-001  9.7756063834655782E-001  9.7802631535911944E-001  9.7853471105600243E-001
  9.7908475336489553E-001  9.7967528414744842E-001  9.8030506371713222E-001  9.8097277230171276E-001  9.8167701336950453E-001
  9.8241631873025859E-001  9.8318914986163575E-001  9.8399390317847202E-001  9.8482891395990169E-001  9.8569245885177958E-001
  9.8658276244606180E-001  9.8749799906709101E-001  9.8843629908174735E-001  9.8939575233625809E-001  9.9037441271757165E-001
  9.9137030356208589E-001  9.9238142077259117E-001  9.9340573932119369E-001  9.9444121564992805E-001  9.9548579424592876E-001
  9.9653740952969971E-001  9.9759399145692063E-001  9.9865346723783743E-001  9.9985684369906980E-001
BLOCK 17   2.0127967525440691E+000
  1.0008069895984693E+000  1.0018889531892980E+000  1.0029653707670854E+000  1.0040342128957274E+000  1.0050934607743347E+000
  1.0061411442416808E+000  1.0071753230775402E+000  1.0081941021171030E+000  1.0091956312401611E+000  1.0101781053609589E+000
  1.0111397691524506E+000  1.0120789176997700E+000  1.0129938995735024E+000  1.0138831178313543E+000  1.0147450325324847E+000
  1.0155781616035233E+000  1.0163810828557827E+000  1.0171524347947587E+000  1.0178909181806459E+000  1.0185952968101069E+000
  1.0192643985437855E+000  1.0198971161715957E+000  1.0204924080382192E+000  1.0210492988239430E+000  1.0215668800947419E+000
  1.0220443107257162E+000  1.0224808176373148E+000  1.0228756960009238E+000  1.0232283098013768E+000  1.0235380923727639E+000
  1.0238045466346501E+000  1.0240272456084121E+000  1.0242058330240185E+000  1.0243400235480244E+000  1.0244296030238180E+000
  1.0244744286880914E+000  1.0244744286880976E+000  1.0244296030238358E+000  1.0243400235480520E+000  1.0242058330240540E+000
  1.0240272456084545E+000  1.0238045466347032E+000  1.0235380923728223E+000  1.0232283098014467E+000  1.0228756960010035E+000
  1.0224808176374067E+000  1.0220443107258228E+000  1.0215668800948579E+000  1.0210492988240691E+000  1.0204924080383571E+000
  1.0198971161717452E+000  1.0192643985439422E+000  1.0185952968102687E+000  1.0178909181808171E+000  1.0171524347949332E+000
  1.0163810828559632E+000  1.0155781616037072E+000  1.0147450325326703E+000  1.0138831178315417E+000  1.0129938995736925E+000
  1.0120789176999638E+000  1.0111397691526460E+000  1.0101781053611589E+000  1.0091956312403627E+000  1.0081941021173091E+000
  1.0071753230777496E+000  1.0061411442418937E+000  1.0050934607745508E+000  1.0040342128959496E+000  1.0029653707673045E+000
  1.0018889531895172E+000  1.0008069895986900E+000  9.9986127570000249E-001  9.9863473376098966E-001  9.9754858708162497E-001
  9.9646524710884266E-001  9.9538684133624800E-001  9.9431549643789829E-001  9.9325333499674606E-001  9.9220247094139791E-001
  9.9116500656503181E-001  9.9014302665608256E-001  9.8913859521976299E-001  9.8815374917815624E-001  9.8719049510687695E-001
  9.8625080290065914E-001  9.8533660252472699E-001  9.8444977799349431E-001  9.8359216381381998E-001  9.8276553985625936E-001
  9.8197162700874063E-001  9.8121208349066891E-001  9.8048849952672179E-001  9.7980239495990118E-001  9.7915521381863180E-001
  9.7854832188381680E-001  9.7798300293418916E-001  9.7746045480227350E-001  9.7698178773018574E-001  9.7654802011860142E-001
  9.7616007634125990E-001  9.7581878504077812E-001  9.7552487587583847E-001  9.7527897872182723E-001  9.7508162242100249E-001
  9.7493323177944802E-001  9.7483412624794885E-001  9.7478451970582636E-001  9.7478451970582347E-001  9.7483412624793209E-001
  9.7493323177942082E-001  9.7508162242096652E-001  9.7527897872177471E-001  9.7552487587578007E-001  9.7581878504071373E-001
  9.7616007634117785E-001  9.7654802011851971E-001  9.7698178773009359E-001  9.7746045480216581E-001  9.7798300293407381E-001
  9.7854832188369112E-001  9.7915521381849291E-001  9.7980239495975485E-001  9.8048849952656481E-001  9.8121208349050171E-001
  9.8197162700856722E-001  9.8276553985607495E-001  9.8359216381362735E-001  9.8444977799330458E-001  9.8533660252452571E-001
  9.8625080290045097E-001  9.8719049510666801E-001  9.8815374917794063E-001  9.8913859521954028E-001  9.9014302665585996E-001
  9.9116500656480522E-001  9.9220247094116798E-001  9.9325333499651491E-001  9.9431549643766770E-001  9.9538684133601618E-001
  9.9646524710861029E-001  9.9754858708139049E-001  9.9863473376076339E-001  9.9986127569999217E-001
BLOCK 18   2.1385965495780779E+000
  1.0008407480221948E+000  1.0019507124191973E+000  1.0030548365902672E+000  1.0041510412197197E+000  1.0052372590316951E+000
  1.0063114749544697E+000  1.0073717041524779E+000  1.0084160104956359E+000  1.0094425037307719E+000  1.0104493412523541E+000
  1.0114347319074650E+000  1.0123969371230161E+000  1.0133342735041919E+000  1.0142451142078361E+000  1.0151278910369919E+000
  1.0159810955632365E+000  1.0168032808916740E+000  1.0175930625408494E+000  1.0183491198836332E+000  1.0190701968282139E+000
  1.0197551029609477E+000  1.0204027140601872E+000  1.0210119730014497E+000  1.0215818901108245E+000  1.0221115439185431E+000
  1.0226000815178338E+000  1.0230467191499812E+000  1.0234507426854340E+000  1.0238115079525139E+000  1.0241284410734171E+000
  1.0244010385958833E+000  1.0246288677329671E+000  1.0248115669239359E+000  1.0249488461946308E+000  1.0250404875062373E+000
  1.0250863450567458E+000  1.0250863450567500E+000  1.0250404875062531E+000  1.0249488461946559E+000  1.0248115669239724E+000
  1.0246288677330173E+000  1.0244010385959441E+000  1.0241284410734919E+000  1.0238115079526029E+000  1.0234507426855322E+000
  1.0230467191500883E+000  1.0226000815179548E+000  1.0221115439186732E+000  1.0215818901109623E+000  1.0210119730015983E+000
  1.0204027140603436E+000  1.0197551029611125E+000  1.0190701968283882E+000  1.0183491198838146E+000  1.0175930625410381E+000
  1.0168032808918666E+000  1.0159810955634405E+000  1.0151278910372012E+000  1.0142451142080453E+000  1.0133342735044055E+000
  1.0123969371232338E+000  1.0114347319076866E+000  1.0104493412525775E+000  1.0094425037309962E+000  1.0084160104958582E+000
  1.0073717041527002E+000  1.0063114749546995E+000  1.0052372590319272E+000  1.0041510412199550E+000  1.0030548365905041E+000
  1.0019507124194349E+000  1.0008407480224324E+000  9.9986458821824842E-001  9.9861182108693058E-001  9.9749711196281310E-001
  9.9638513558598008E-001  9.9527807767130039E-001  9.9417812473807876E-001  9.9308745969802703E-001  9.9200825802504122E-001
  9.9094268386191020E-001  9.8989288476179349E-001  9.8886098747819273E-001  9.8784909223455752E-001  9.8685926852623673E-001
  9.8589354924936634E-001  9.8495392661904646E-001  9.8404234630694865E-001  9.8316070365948349E-001  9.8231083787515872E-001
  9.8149452852740449E-001  9.8071348993946572E-001  9.7996936781809219E-001  9.7926373410990541E-001  9.7859808352918976E-001
  9.7797382972769353E-001  9.7739230165494162E-001  9.7685474099511838E-001  9.7636229761873083E-001  9.7591602716019721E-001
  9.7551688740681153E-001  9.7516573626922542E-001  9.7486333014228210E-001  9.7461032049813046E-001  9.7440725304586351E-001
  9.7425456661320686E-001  9.7415259134164767E-001  9.7410154817074590E-001  9.7410154817073857E-001  9.7415259134162790E-001
  9.7425456661317911E-001  9.7440725304581577E-001  9.7461032049807084E-001  9.7486333014221593E-001  9.7516573626914793E-001
  9.7551688740672582E-001  9.7591602716009984E-001  9.7636229761861582E-001  9.7685474099499758E-001  9.7739230165481306E-001
  9.7797382972755009E-001  9.7859808352903987E-001  9.7926373410974676E-001  9.7996936781792199E-001  9.8071348993928786E-001
  9.8149452852721319E-001  9.8231083787496365E-001  9.8316070365928387E-001  9.8404234630674103E-001  9.8495392661882630E-001
  9.8589354924914463E-001  9.8685926852600747E-001  9.8784909223432404E-001  9.8886098747795614E-001  9.8989288476155135E-001
  9.9094268386166617E-001  9.9200825802479597E-001  9.9308745969777223E-001  9.9417812473782796E-001  9.9527807767104615E-001
  9.9638513558572639E-001  9.9749711196255930E-001  9.9861182108668090E-001  9.9986458821823887E-001
BLOCK 19   2.2643963466120867E+000
  1.0008738261184746E+000  1.0020137541191623E+000  1.0031475482153940E+000  1.0042730752798674E+000  1.0053882157912613E+000
  1.0064909058071718E+000  1.0075791122099180E+000  1.0086508540424082E+000  1.0097041972227356E+000  1.0107372579500551E+000
  1.0117482056402010E+000  1.0127352644600394E+000  1.0136967156094387E+000  1.0146308988666721E+000  1.0155362144580324E+000
  1.0164111242508016E+000  1.0172541533304631E+000  1.0180638908978301E+000  1.0188389915542384E+000  1.0195781760623379E+000
  1.0202802324040587E+000  1.0209440164313388E+000  1.0215684525988273E+000  1.0221525343508475E+000  1.0226953245464012E+000
  1.0231959558221040E+000  1.0236536310485573E+000  1.0240676237265121E+000  1.0244372783871607E+000  1.0247620109195392E+000
  1.0250413090897783E+000  1.0252747328439351E+000  1.0254619146739798E+000  1.0256025599400080E+000  1.0256964471810781E+000
  1.0257434283409923E+000  1.0257434283409999E+000  1.0256964471811028E+000  1.0256025599400449E+000  1.0254619146740309E+000
  1.0252747328439999E+000  1.0250413090898549E+000  1.0247620109196272E+000  1.0244372783872615E+000  1.0240676237266229E+000
  1.0236536310486799E+000  1.0231959558222377E+000  1.0226953245465480E+000  1.0221525343509996E+000  1.0215684525989874E+000
  1.0209440164315102E+000  1.0202802324042373E+000  1.0195781760625229E+000  1.0188389915544318E+000  1.0180638908980315E+000
  1.0172541533306743E+000  1.0164111242510230E+000  1.0155362144582603E+000  1.0146308988669031E+000  1.0136967156096748E+000
  1.0127352644602812E+000  1.0117482056404483E+000  1.0107372579503056E+000  1.0097041972229885E+000  1.0086508540426602E+000
  1.0075791122101714E+000  1.0064909058074250E+000  1.0053882157915179E+000  1.0042730752801232E+000  1.0031475482156496E+000
  1.0020137541194158E+000  1.0008738261187260E+000  9.9986657614836527E-001  9.9858432018070920E-001  9.9743911082683379E-001
  9.9629657602644162E-001  9.9515896334222576E-001  9.9402852264562758E-001  9.9290750063484934E-001  9.9179813757408153E-001
  9.9070266267625984E-001  9.8962328923727616E-001  9.8856220967211683E-001  9.8752159030086051E-001  9.8650356617575286E-001
  9.8551023578927965E-001  9.8454365578395464E-001  9.8360583579265370E-001  9.8269873353176507E-001  9.8182425008778118E-001
  9.8098422528268259E-001  9.8018043273288724E-001  9.7941457521562114E-001  9.7868827986087015E-001  9.7800309452258416E-001
  9.7736048315153756E-001  9.7676182235561415E-001  9.7620839692376682E-001  9.7570139749195894E-001  9.7524191671076943E-001
  9.7483094650584778E-001  9.7446937540734613E-001  9.7415798628533812E-001  9.7389745452005627E-001  9.7368834533514270E-001
  9.7353111341436183E-001  9.7342610117086503E-001  9.7337353732980503E-001  9.7337353732979626E-001  9.7342610117084560E-001
  9.7353111341432275E-001  9.7368834533508708E-001  9.7389745451998733E-001  9.7415798628525152E-001  9.7446937540725598E-001
  9.7483094650574387E-001  9.7524191671065863E-001  9.7570139749183493E-001  9.7620839692363282E-001  9.7676182235546760E-001
  9.7736048315138457E-001  9.7800309452241307E-001  9.7868827986068863E-001  9.7941457521543396E-001  9.8018043273268485E-001
  9.8098422528247231E-001  9.8182425008756746E-001  9.8269873353154413E-001  9.8360583579242378E-001  9.8454365578372083E-001
  9.8551023578904096E-001  9.8650356617550561E-001  9.8752159030060882E-001  9.8856220967185460E-001  9.8962328923701837E-001
  9.9070266267599438E-001  9.9179813757381274E-001  9.9290750063457933E-001  9.9402852264535868E-001  9.9515896334195508E-001
  9.9629657602617416E-001  9.9743911082656400E-001  9.9858432018044707E-001  9.9986657614836427E-001
BLOCK 20   2.3901961436460955E+000
  1.0009059298209171E+000  1.0020778399902768E+000  1.0032433247948707E+000  1.0044001931817772E+000  1.0055462693138688E+000
  1.0066794362495617E+000  1.0077976087078544E+000  1.0088987568863346E+000  1.0099808990152126E+000  1.0110421062094248E+000
  1.0120805045584698E+000  1.0130942770281215E+000  1.0140816654810143E+000  1.0150409723792506E+000  1.0159705625709485E+000
  1.0168688645713748E+000  1.0177343720722229E+000  1.0185656447617537E+000  1.0193613095113587E+000  1.0201200609758805E+000
  1.0208406625612896E+000  1.0215219468710386E+000  1.0221628164461103E+000  1.0227622441451940E+000  1.0233192737706318E+000
  1.0238330203758292E+000  1.0243026707514102E+000  1.0247274837374791E+000  1.0251067906692242E+000  1.0254399956641791E+000
  1.0257265760344922E+000  1.0259660826624293E+000  1.0261581403483873E+000  1.0263024481915186E+000  1.0263987799499872E+000
  1.0264469842896791E+000  1.0264469842896884E+000  1.0263987799500145E+000  1.0263024481915595E+000  1.0261581403484461E+000
  1.0259660826625030E+000  1.0257265760345831E+000  1.0254399956642846E+000  1.0251067906693421E+000  1.0247274837376099E+000
  1.0243026707515508E+000  1.0238330203759844E+000  1.0233192737707915E+000  1.0227622441453668E+000  1.0221628164462895E+000
  1.0215219468712289E+000  1.0208406625614888E+000  1.0201200609760872E+000  1.0193613095115754E+000  1.0185656447619751E+000
  1.0177343720724543E+000  1.0168688645716157E+000  1.0159705625711952E+000  1.0150409723795006E+000  1.0140816654812712E+000
  1.0130942770283862E+000  1.0120805045587382E+000  1.0110421062096999E+000  1.0099808990154922E+000  1.0088987568866108E+000
  1.0077976087081326E+000  1.0066794362498412E+000  1.0055462693141504E+000  1.0044001931820583E+000  1.0032433247951491E+000
  1.0020778399905526E+000  1.0009059298211909E+000  9.9986705088226446E-001  9.9855183173248308E-001  9.9737413525616725E-001
  9.9619907348397529E-001  9.9502895960013638E-001  9.9386611045860718E-001  9.9271284006908445E-001  9.9157145672098990E-001
  9.9044425765994359E-001  9.8933352461524526E-001  9.8824151836589214E-001  9.8717047386000367E-001  9.8612259437454797E-001
  9.8510004642877547E-001  9.8410495397774067E-001  9.8313939363513780E-001  9.8220538887566700E-001  9.8130490516474911E-001
  9.8043984438610365E-001  9.7961204052697848E-001  9.7882325440195006E-001  9.7807516934794292E-001  9.7736938634249582E-001
  9.7670742046501036E-001  9.7609069627719347E-001  9.7552054430732371E-001  9.7499819733002124E-001  9.7452478736827297E-001
  9.7410134217795885E-001  9.7372878260817264E-001  9.7340792046948321E-001  9.7313945563339044E-001  9.7292397470772540E-001
  9.7276194904411351E-001  9.7265373364887908E-001  9.7259956620683774E-001  9.7259956620683319E-001  9.7265373364885199E-001
  9.7276194904406554E-001  9.7292397470765779E-001  9.7313945563331072E-001  9.7340792046937963E-001  9.7372878260805118E-001
  9.7410134217783095E-001  9.7452478736813941E-001  9.7499819732988280E-001  9.7552054430716417E-001  9.7609069627702738E-001
  9.7670742046483627E-001  9.7736938634230797E-001  9.7807516934773830E-001  9.7882325440174545E-001  9.7961204052676165E-001
  9.8043984438587317E-001  9.8130490516451241E-001  9.8220538887541697E-001  9.8313939363488201E-001  9.8410495397747877E-001
  9.8510004642851290E-001  9.8612259437428007E-001  9.8717047385972623E-001  9.8824151836561425E-001  9.8933352461497237E-001
  9.9044425765966249E-001  9.9157145672071345E-001  9.9271284006880423E-001  9.9386611045832496E-001  9.9502895959985416E-001
  9.9619907348369374E-001  9.9737413525588636E-001  9.9855183173220652E-001  9.9986705088226480E-001
BLOCK 21   2.5159959406801042E+000
  1.0009367852994628E+000  1.0021427533647740E+000  1.0033420089277243E+000  1.0045322986266363E+000  1.0057113859691205E+000
  1.0068770965647049E+000  1.0080272886654518E+000  1.0091598791847449E+000  1.0102728343051692E+000  1.0113641757815963E+000
  1.0124319822092842E+000  1.0134743914494972E+000  1.0144896022750021E+000  1.0154758762480762E+000  1.0164315391542551E+000
  1.0173549823525700E+000  1.0182446640754002E+000  1.0190991103934222E+000  1.0199169163280108E+000  1.0206967465205097E+000
  1.0214373361138362E+000  1.0221374912425740E+000  1.0227960896954547E+000  1.0234120812550904E+000  1.0239844882054596E+000
  1.0245124056192478E+000  1.0249950017561704E+000  1.0254315183523786E+000  1.0258212710178976E+000  1.0261636495669526E+000
  1.0264581184523789E+000  1.0267042171970211E+000  1.0269015608689478E+000  1.0270498405404382E+000  1.0271488237925566E+000
  1.0271983550684181E+000  1.0271983550684303E+000  1.0271488237925859E+000  1.0270498405404875E+000  1.0269015608690097E+000
  1.0267042171971006E+000  1.0264581184524761E+000  1.0261636495670685E+000  1.0258212710180254E+000  1.0254315183525220E+000
  1.0249950017563290E+000  1.0245124056194210E+000  1.0239844882056459E+000  1.0234120812552849E+000  1.0227960896956596E+000
  1.0221374912427883E+000  1.0214373361140610E+000  1.0206967465207444E+000  1.0199169163282493E+000  1.0190991103936686E+000
  1.0182446640756584E+000  1.0173549823528345E+000  1.0164315391545276E+000  1.0154758762483531E+000  1.0144896022752843E+000
  1.0134743914497863E+000  1.0124319822095753E+000  1.0113641757818941E+000  1.0102728343054699E+000  1.0091598791850456E+000
  1.0080272886657498E+000  1.0068770965650091E+000  1.0057113859694247E+000  1.0045322986269396E+000  1.0033420089280269E+000
  1.0021427533650724E+000  1.0009367852997557E+000  9.9986581476616609E-001  9.9851397409841225E-001  9.9730175283753997E-001
  9.9609214668731194E-001  9.9488753793726570E-001  9.9369031364140215E-001  9.9250285829566076E-001  9.9132755160843100E-001
  9.9016676272232984E-001  9.8902284574838306E-001  9.8789813360804923E-001  9.8679493303377708E-001  9.8571551852135975E-001
  9.8466212706386214E-001  9.8363695210166591E-001  9.8264213831061686E-001  9.8167977599982226E-001  9.8075189582406175E-001
  9.7986046336882504E-001  9.7900737420242911E-001  9.7819444896918739E-001  9.7742342841582319E-001  9.7669596890062527E-001
  9.7601363805693853E-001  9.7537791057117751E-001  9.7479016401528018E-001  9.7425167532458767E-001  9.7376361719087934E-001
  9.7332705464522429E-001  9.7294294234812695E-001  9.7261212162142685E-001  9.7233531823216435E-001  9.7211314025814266E-001
  9.7194607653784071E-001  9.7183449504209540E-001  9.7177864238639799E-001  9.7177864238639511E-001  9.7183449504206232E-001
  9.7194607653777565E-001  9.7211314025807027E-001  9.7233531823206809E-001  9.7261212162131183E-001  9.7294294234798684E-001
  9.7332705464506963E-001  9.7376361719070670E-001  9.7425167532439805E-001  9.7479016401508267E-001  9.7537791057097578E-001
  9.7601363805672647E-001  9.7669596890040211E-001  9.7742342841559637E-001  9.7819444896895391E-001  9.7900737420218320E-001
  9.7986046336856647E-001  9.8075189582379341E-001  9.8167977599955580E-001  9.8264213831033775E-001  9.8363695210138347E-001
  9.8466212706357736E-001  9.8571551852106709E-001  9.8679493303348398E-001  9.8789813360775591E-001  9.8902284574808863E-001
  9.9016676272203585E-001  9.9132755160813202E-001  9.9250285829536466E-001  9.9369031364111071E-001  9.9488753793696749E-001
  9.9609214668701307E-001  9.9730175283724065E-001  9.9851397409811449E-001  9.9986581476617176E-001
BLOCK 22   2.6417957377141130E+000
  1.0009661488224662E+000  1.0022083114609355E+000  1.0034434785230526E+000  1.0046693304486454E+000  1.0058835659558343E+000
  1.0070839489466128E+000  1.0082682778135545E+000  1.0094344117269927E+000  1.0105802603633092E+000  1.0117037917240881E+000
  1.0128030323383912E+000  1.0138760702789462E+000  1.0149210565092230E+000  1.0159362070181366E+000  1.0169198040056884E+000
  1.0178701973778606E+000  1.0187858059199382E+000  1.0196651183433274E+000  1.0205066943131464E+000  1.0213091651109378E+000
  1.0220712344159903E+000  1.0227916787249385E+000  1.0234693479446140E+000  1.0241031656662352E+000  1.0246921296236244E+000
  1.0252353119179307E+000  1.0257318594019724E+000  1.0261809939282760E+000  1.0265820127672063E+000  1.0269342889516109E+000
  1.0272372717956224E+000  1.0274904873912516E+000  1.0276935392342328E+000  1.0278461088295068E+000  1.0279479563528191E+000
  1.0279989211963392E+000  1.0279989211963474E+000  1.0279479563528471E+000  1.0278461088295532E+000  1.0276935392343005E+000
  1.0274904873913386E+000  1.0272372717957277E+000  1.0269342889517361E+000  1.0265820127673491E+000  1.0261809939284341E+000
  1.0257318594021478E+000  1.0252353119181212E+000  1.0246921296238338E+000  1.0241031656664521E+000  1.0234693479448451E+000
  1.0227916787251807E+000  1.0220712344162459E+000  1.0213091651112032E+000  1.0205066943134211E+000  1.0196651183436061E+000
  1.0187858059202255E+000  1.0178701973781588E+000  1.0169198040059921E+000  1.0159362070184457E+000  1.0149210565095343E+000
  1.0138760702792569E+000  1.0128030323387114E+000  1.0117037917244107E+000  1.0105802603636331E+000  1.0094344117273151E+000
  1.0082682778138767E+000  1.0070839489469368E+000  1.0058835659561578E+000  1.0046693304489678E+000  1.0034434785233679E+000
  1.0022083114612506E+000  1.0009661488227812E+000  9.9986269655177618E-001  9.9847038152146661E-001  9.9722153789866663E-001
  9.9597531194585887E-001  9.9473415953380806E-001  9.9350054229515916E-001  9.9227691939990803E-001  9.9106574558973415E-001
  9.8986946493865180E-001  9.8869050643385947E-001  9.8753127757013526E-001  9.8639415906350203E-001  9.8528149874415305E-001
  9.8419560595142652E-001  9.8313874556821035E-001  9.8211313236061659E-001  9.8112092548384988E-001  9.8016422277846438E-001
  9.7924505544758966E-001  9.7836538271174611E-001  9.7752708684999778E-001  9.7673196799312179E-001  9.7598173954957412E-001
  9.7527802352846438E-001  9.7462234614433430E-001  9.7401613356477368E-001  9.7346070813321628E-001  9.7295728438692575E-001
  9.7250696570370410E-001  9.7211074111904394E-001  9.7176948226389270E-001  9.7148394093894619E-001  9.7125474698361614E-001
  9.7108240624961073E-001  9.7096729981742880E-001  9.7090968247463372E-001  9.7090968247462461E-001  9.7096729981739816E-001
  9.7108240624954889E-001  9.7125474698352177E-001  9.7148394093883228E-001  9.7176948226376081E-001  9.7211074111889428E-001
  9.7250696570353790E-001  9.7295728438671514E-001  9.7346070813300722E-001  9.7401613356452421E-001  9.7462234614407806E-001
  9.7527802352820214E-001  9.7598173954929845E-001  9.7673196799283835E-001  9.7752708684970913E-001  9.7836538271145324E-001
  9.7924505544729090E-001  9.8016422277817383E-001  9.8112092548355156E-001  9.8211313236031939E-001  9.8313874556791336E-001
  9.8419560595113142E-001  9.8528149874385251E-001  9.8639415906319194E-001  9.8753127756982340E-001  9.8869050643354583E-001
  9.8986946493833805E-001  9.9106574558941318E-001  9.9227691939959117E-001  9.9350054229483786E-001  9.9473415953348565E-001
  9.9597531194553268E-001  9.9722153789833090E-001  9.9847038152115686E-001  9.9986269655178439E-001
BLOCK 23   2.7675955347481218E+000
  1.0009937834696077E+000  1.0022743425971448E+000  1.0035476300667328E+000  1.0048112549905550E+000  1.0060628466067223E+000
  1.0073001019815886E+000  1.0085207547324566E+000  1.0097226013830025E+000  1.0109034909541881E+000  1.0120613331933224E+000
  1.0131940982033363E+000  1.0142998199265265E+000  1.0153765969871416E+000  1.0164225953058850E+000  1.0174360490075414E+000
  1.0184152621901787E+000  1.0193586100236609E+000  1.0202645398668890E+000  1.0211315721218948E+000  1.0219583009273814E+000
  1.0227433947957301E+000  1.0234855969881935E+000  1.0241837260181357E+000  1.0248366759288263E+000  1.0254434167110296E+000
  1.0260029945021052E+000  1.0265145319227520E+000  1.0269772282990921E+000  1.0273903600608036E+000  1.0277532811146202E+000
  1.0280654234148743E+000  1.0283262975646359E+000  1.0285354935932267E+000  1.0286926817690765E+000  1.0287976134984969E+000
  1.0288501221538873E+000  1.0288501221538975E+000  1.0287976134985333E+000  1.0286926817691311E+000  1.0285354935933011E+000
  1.0283262975647336E+000  1.0280654234149913E+000  1.0277532811147616E+000  1.0273903600609617E+000  1.0269772282992702E+000
  1.0265145319229481E+000  1.0260029945023190E+000  1.0254434167112612E+000  1.0248366759290721E+000  1.0241837260183948E+000
  1.0234855969884684E+000  1.0227433947960165E+000  1.0219583009276791E+000  1.0211315721222043E+000  1.0202645398672046E+000
  1.0193586100239851E+000  1.0184152621905118E+000  1.0174360490078798E+000  1.0164225953062289E+000  1.0153765969874862E+000
  1.0142998199268720E+000  1.0131940982036831E+000  1.0120613331936681E+000  1.0109034909545351E+000  1.0097226013833480E+000
  1.0085207547327995E+000  1.0073001019819312E+000  1.0060628466070687E+000  1.0048112549908954E+000  1.0035476300670734E+000
  1.0022743425974832E+000  1.0009937834699396E+000  9.9985750741780066E-001  9.9842069769314223E-001  9.9713307965294373E-001
  9.9584810676701108E-001  9.9456831226233955E-001  9.9329623589093197E-001  9.9203441487091193E-001  9.9078538206790401E-001
  9.8955165948144663E-001  9.8833575374492022E-001  9.8714014959492358E-001  9.8596730432641944E-001  9.8481964160984625E-001
  9.8369954566987083E-001  9.8260935521229986E-001  9.8155135764457857E-001  9.8052778320905176E-001  9.7954079928888771E-001
  9.7859250470696268E-001  9.7768492446438926E-001  9.7682000423991577E-001  9.7599960538995845E-001  9.7522549991819740E-001
  9.7449936583246255E-001  9.7382278231579356E-001  9.7319722559404986E-001  9.7262406462579487E-001  9.7210455699720399E-001
  9.7163984545051663E-001  9.7123095404928284E-001  9.7087878512772008E-001  9.7058411641276299E-001  9.7034759836046403E-001
  9.7016975268588457E-001  9.7005097090363301E-001  9.6999151444038512E-001  9.6999151444037013E-001  9.7005097090359216E-001
  9.7016975268580674E-001  9.7034759836035822E-001  9.7058411641262943E-001  9.7087878512756554E-001  9.7123095404910165E-001
  9.7163984545030502E-001  9.7210455699698251E-001  9.7262406462552964E-001  9.7319722559380362E-001  9.7382278231547070E-001
  9.7449936583215646E-001  9.7522549991787721E-001  9.7599960538961816E-001  9.7682000423957849E-001  9.7768492446405764E-001
  9.7859250470661874E-001  9.7954079928854787E-001  9.8052778320871070E-001  9.8155135764424462E-001  9.8260935521195925E-001
  9.8369954566954043E-001  9.8481964160951130E-001  9.8596730432608359E-001  9.8714014959459151E-001  9.8833575374458915E-001
  9.8955165948111512E-001  9.9078538206756506E-001  9.9203441487057575E-001  9.9329623589059279E-001  9.9456831226199660E-001
  9.9584810676666680E-001  9.9713307965259768E-001  9.9842069769280439E-001  9.9985750741780777E-001
BLOCK 24   2.8933953317821306E+000
  1.0010194954868452E+000  1.0023407161198219E+000  1.0036543973681531E+000  1.0049580723447940E+000  1.0062492956250630E+000
  1.0075256925253453E+000  1.0087849264953337E+000  1.0100247263343338E+000  1.0112428749619615E+000  1.0124372188048187E+000
  1.0136056665407807E+000  1.0147461932151376E+000  1.0158568407953206E+000  1.0169357208765033E+000  1.0179810154757574E+000
  1.0189909788547367E+000  1.0199639383653816E+000  1.0208982957023103E+000  1.0217925275957178E+000  1.0226451866502795E+000
  1.0234549019705113E+000  1.0242203796121188E+000  1.0249404030878719E+000  1.0256138336326661E+000  1.0262396105064324E+000
  1.0268167511099637E+000  1.0273443512266416E+000  1.0278215851598027E+000  1.0282477060695270E+000  1.0286220463367552E+000
  1.0289440181705867E+000  1.0292131143030503E+000  1.0294289089509787E+000  1.0295910589172799E+000  1.0296993048930210E+000
  1.0297534727949158E+000  1.0297534727949260E+000  1.0296993048930605E+000  1.0295910589173440E+000  1.0294289089510635E+000
  1.0292131143031593E+000  1.0289440181707221E+000  1.0286220463369133E+000  1.0282477060697044E+000  1.0278215851600037E+000
  1.0273443512268623E+000  1.0268167511102049E+000  1.0262396105066918E+000  1.0256138336329403E+000  1.0249404030881626E+000
  1.0242203796124243E+000  1.0234549019708348E+000  1.0226451866506139E+000  1.0217925275960611E+000  1.0208982957026624E+000
  1.0199639383657393E+000  1.0189909788551057E+000  1.0179810154761311E+000  1.0169357208768779E+000  1.0158568407956958E+000
  1.0147461932155182E+000  1.0136056665411619E+000  1.0124372188052000E+000  1.0112428749623403E+000  1.0100247263347089E+000
  1.0087849264957085E+000  1.0075256925257146E+000  1.0062492956254327E+000  1.0049580723451614E+000  1.0036543973685144E+000
  1.0023407161201789E+000  1.0010194954871954E+000  9.9985009806272518E-001  9.9836460582977848E-001  9.9703600093810019E-001
  9.9571009401507837E-001  9.9438949935004106E-001  9.9307683809798519E-001  9.9177472871677474E-001  9.9048578550010402E-001
  9.8921261168019525E-001  9.8795779480676027E-001  9.8672390004382127E-001  9.8551346446684907E-001  9.8432899060694712E-001
  9.8317294054304527E-001  9.8204772940890972E-001  9.8095571963100703E-001  9.7989921475410424E-001  9.7888045371485755E-001
  9.7790160496257572E-001  9.7696476098363916E-001  9.7607193274687576E-001  9.7522504447513325E-001  9.7442592861117328E-001
  9.7367632075365385E-001  9.7297785509821333E-001  9.7233205978028092E-001  9.7174035260488389E-001  9.7120403692920598E-001
  9.7072429762954193E-001  9.7030219732149559E-001  9.6993867244980603E-001  9.6963452913806936E-001  9.6939043874569542E-001
  9.6920693245341949E-001  9.6908439661151335E-001  9.6902307310227442E-001  9.6902307310225799E-001  9.6908439661145840E-001
  9.6920693245333256E-001  9.6939043874556829E-001  9.6963452913791781E-001  9.6993867244961907E-001  9.7030219732126965E-001
  9.7072429762931089E-001  9.7120403692893997E-001  9.7174035260461811E-001  9.7233205977997650E-001  9.7297785509787615E-001
  9.7367632075330279E-001  9.7442592861079524E-001  9.7522504447474090E-001  9.7607193274648807E-001  9.7696476098325324E-001
  9.7790160496217327E-001  9.7888045371444887E-001  9.7989921475371466E-001  9.8095571963061634E-001  9.8204772940851692E-001
  9.8317294054266069E-001  9.8432899060657175E-001  9.8551346446647625E-001  9.8672390004344879E-001  9.8795779480639478E-001
  9.8921261167983254E-001  9.9048578549974398E-001  9.9177472871641403E-001  9.9307683809762770E-001  9.9438949934968190E-001
  9.9571009401472366E-001  9.9703600093774836E-001  9.9836460582942366E-001  9.9985009806273450E-001
BLOCK 25   3.0191951288161394E+000
  1.0010431460390807E+000  1.0024073605017563E+000  1.0037637746671759E+000  1.0051098411918180E+000  1.0064430355202958E+000
  1.0077609067212310E+000  1.0090610434902771E+000  1.0103411021908337E+000  1.0115987948205474E+000  1.0128318994375194E+000
  1.0140382580889238E+000  1.0152157816690037E+000  1.0163624500232227E+000  1.0174763151322872E+000  1.0185555015983083E+000
  1.0195982088209483E+000  1.0206027116309617E+000  1.0215673616937337E+000  1.0224905881208539E+000  1.0233708983174816E+000
  1.0242068785223537E+000  1.0249971942586629E+000  1.0257405907311055E+000  1.0264358930890360E+000  1.0270820066661084E+000
  1.0276779171033830E+000  1.0282226905438288E+000  1.0287154736896811E+000  1.0291554940228034E+000  1.0295420600155893E+000
  1.0298745615881337E+000  1.0301524707613043E+000  1.0303753427711784E+000  1.0305428176086544E+000  1.0306546220262724E+000
  1.0307105719963348E+000  1.0307105719963501E+000  1.0306546220263133E+000  1.0305428176087252E+000  1.0303753427712723E+000
  1.0301524707614265E+000  1.0298745615882869E+000  1.0295420600157661E+000  1.0291554940230034E+000  1.0287154736899058E+000
  1.0282226905440783E+000  1.0276779171036534E+000  1.0270820066663997E+000  1.0264358930893416E+000  1.0257405907314301E+000
  1.0249971942590013E+000  1.0242068785227103E+000  1.0233708983178476E+000  1.0224905881212303E+000  1.0215673616941172E+000
  1.0206027116313559E+000  1.0195982088213509E+000  1.0185555015987204E+000  1.0174763151327002E+000  1.0163624500236381E+000
  1.0152157816694207E+000  1.0140382580893439E+000  1.0128318994379399E+000  1.0115987948209628E+000  1.0103411021912441E+000
  1.0090610434906824E+000  1.0077609067216311E+000  1.0064430355206888E+000  1.0051098411922044E+000  1.0037637746675538E+000
  1.0024073605021255E+000  1.0010431460394453E+000  9.9984032222572672E-001  9.9830182792779876E-001  9.9692995249265870E-001
  9.9556085281832207E-001  9.9419722859249560E-001  9.9284178660552258E-001  9.9149723064722739E-001  9.9016626020356124E-001
  9.8885156330460589E-001  9.8755581182838448E-001  9.8628165445324889E-001  9.8503171104876242E-001  9.8380856578709186E-001
  9.8261476116353474E-001  9.8145279140546715E-001  9.8032509641936560E-001  9.7923405549183595E-001  9.7818198136222401E-001
  9.7717111425684333E-001  9.7620361623356799E-001  9.7528156568153745E-001  9.7440695220193974E-001  9.7358167171195320E-001
  9.7280752280840277E-001  9.7208620549832570E-001  9.7141932735126757E-001  9.7080843025073538E-001  9.7025505420523861E-001
  9.6976077573551867E-001  9.6932678758182611E-001  9.6895241095192730E-001  9.6863432186039289E-001  9.6837926291671572E-001
  9.6818965541499780E-001  9.6806265441863149E-001  9.6799921788686427E-001  9.6799921788682786E-001  9.6806265441853867E-001
  9.6818965541488411E-001  9.6837926291655674E-001  9.6863432186022058E-001  9.6895241095174323E-001  9.6932678758159496E-001
  9.6976077573523922E-001  9.7025505420495439E-001  9.7080843025043762E-001  9.7141932735094150E-001  9.7208620549796321E-001
  9.7280752280801752E-001  9.7358167171152787E-001  9.7440695220151530E-001  9.7528156568108582E-001  9.7620361623310747E-001
  9.7717111425638414E-001  9.7818198136176804E-001  9.7923405549137965E-001  9.8032509641891141E-001  9.8145279140501029E-001
  9.8261476116309432E-001  9.8380856578666154E-001  9.8503171104833254E-001  9.8628165445282223E-001  9.8755581182797636E-001
  9.8885156330420521E-001  9.9016626020316389E-001  9.9149723064683126E-001  9.9284178660513911E-001  9.9419722859211679E-001
  9.9556085281794626E-001  9.9692995249228222E-001  9.9830182792742828E-001  9.9984032222573882E-001
BLOCK 26   3.1449949258501482E+000
  1.0010646439710806E+000  1.0024742565156464E+000  1.0038758147698739E+000  1.0052666862677129E+000  1.0066442624385883E+000
  1.0080060113236742E+000  1.0093494420536806E+000  1.0106721337107620E+000  1.0119717225278371E+000  1.0132459132296852E+000
  1.0144924762673322E+000  1.0157092533323984E+000  1.0168941571019545E+000  1.0180451748217636E+000  1.0191603686336590E+000
  1.0202378780462129E+000  1.0212759204821360E+000  1.0222727929059277E+000  1.0232268723804088E+000  1.0241366171032820E+000
  1.0250005668795514E+000  1.0258173437298834E+000  1.0265856522624348E+000  1.0273042800698355E+000  1.0279720981392795E+000
  1.0285880614678160E+000  1.0291512103392748E+000  1.0296606721604986E+000  1.0301156628014025E+000  1.0305154977136315E+000
  1.0308597218750495E+000  1.0311482650996260E+000  1.0313773788248177E+000  1.0315481635390666E+000  1.0316626995704863E+000
  1.0317199463863769E+000  1.0317199463863977E+000  1.0316626995705485E+000  1.0315481635391690E+000  1.0313773788249558E+000
  1.0311482650997670E+000  1.0308597218752151E+000  1.0305154977138300E+000  1.0301156628016281E+000  1.0296606721607522E+000
  1.0291512103395517E+000  1.0285880614681173E+000  1.0279720981396012E+000  1.0273042800701770E+000  1.0265856522627927E+000
  1.0258173437302567E+000  1.0250005668799391E+000  1.0241366171036850E+000  1.0232268723808242E+000  1.0222727929063500E+000
  1.0212759204825697E+000  1.0202378780466603E+000  1.0191603686341117E+000  1.0180451748222175E+000  1.0168941571024102E+000
  1.0157092533328524E+000  1.0144924762677880E+000  1.0132459132301368E+000  1.0119717225282840E+000  1.0106721337112037E+000
  1.0093494420541116E+000  1.0080060113241003E+000  1.0066442624390080E+000  1.0052666862681237E+000  1.0038758147702758E+000
  1.0024742565160418E+000  1.0010646439714712E+000  9.9982807860167189E-001  9.9823213114976805E-001  9.9681463241223633E-001
  9.9540001373445963E-001  9.9399106485788524E-001  9.9259058277255030E-001  9.9120136100107870E-001  9.8982618859677407E-001
  9.8846784255528175E-001  9.8712908308663494E-001  9.8581264630386456E-001  9.8452123837066485E-001  9.8325752830894164E-001
  9.8202414143064820E-001  9.8082365130844540E-001  9.7965857077608698E-001  9.7853134118911678E-001  9.7744432670916626E-001
  9.7639983258238472E-001  9.7540018192674660E-001  9.7444784546984031E-001  9.7354544657010700E-001  9.7269527358390728E-001
  9.7189836948133368E-001  9.7115465287170599E-001  9.7046522934493640E-001  9.6983324219346434E-001  9.6925982676055245E-001
  9.6874478440945078E-001  9.6829049103914722E-001  9.6790086630239547E-001  9.6757475050733721E-001  9.6731306904567127E-001
  9.6711508334736862E-001  9.6698399808330648E-001  9.6691722353969256E-001  9.6691722353967879E-001  9.6698399808325752E-001
  9.6711508334727414E-001  9.6731306904554692E-001  9.6757475050717301E-001  9.6790086630219563E-001  9.6829049103889531E-001
  9.6874478440917089E-001  9.6925982676024536E-001  9.6983324219314426E-001  9.7046522934459578E-001  9.7115465287133473E-001
  9.7189836948092023E-001  9.7269527358344621E-001  9.7354544656961095E-001  9.7444784546933361E-001  9.7540018192624101E-001
  9.7639983258185370E-001  9.7744432670863590E-001  9.7853134118860496E-001  9.7965857077558294E-001  9.8082365130793547E-001
  9.8202414143014705E-001  9.8325752830844715E-001  9.8452123837017147E-001  9.8581264630340215E-001  9.8712908308617264E-001
  9.8846784255483633E-001  9.8982618859633675E-001  9.9120136100064138E-001  9.9259058277214540E-001  9.9399106485748490E-001
  9.9540001373404763E-001  9.9681463241182278E-001  9.9823213114936837E-001  9.9982807860167822E-001
BLOCK 27   3.2707947228841570E+000
  1.0010839467813075E+000  1.0025414473246490E+000  1.0039906478674878E+000  1.0054288257150186E+000  1.0068532831428199E+000
  1.0082614021279239E+000  1.0096506073234799E+000  1.0110183956647587E+000  1.0123623229026417E+000  1.0136800158185664E+000
  1.0149691688240987E+000  1.0162275501751128E+000  1.0174530013620373E+000  1.0186434411895064E+000  1.0197968659553134E+000
  1.0209113523219218E+000  1.0219850578215843E+000  1.0230162228791198E+000  1.0240031716470412E+000  1.0249443145729173E+000
  1.0258381547047353E+000  1.0266833108646298E+000  1.0274785781466176E+000  1.0282229940049201E+000  1.0289156482242521E+000
  1.0295549026605113E+000  1.0301380129131397E+000  1.0306633610467086E+000  1.0311313204806349E+000  1.0315408670450592E+000
  1.0318941678466145E+000  1.0321900942700200E+000  1.0324269004837463E+000  1.0326052610936809E+000  1.0327244436916891E+000
  1.0327841616473705E+000  1.0327841616473823E+000  1.0327244436917566E+000  1.0326052610937964E+000  1.0324269004838831E+000
  1.0321900942701741E+000  1.0318941678468052E+000  1.0315408670452915E+000  1.0311313204808812E+000  1.0306633610469951E+000
  1.0301380129134634E+000  1.0295549026608519E+000  1.0289156482246054E+000  1.0282229940052909E+000  1.0274785781470095E+000
  1.0266833108650442E+000  1.0258381547051703E+000  1.0249443145733654E+000  1.0240031716475020E+000  1.0230162228795883E+000
  1.0219850578220622E+000  1.0209113523224085E+000  1.0197968659558043E+000  1.0186434411899985E+000  1.0174530013625291E+000
  1.0162275501756028E+000  1.0149691688245845E+000  1.0136800158190489E+000  1.0123623229031182E+000  1.0110183956652234E+000
  1.0096506073239357E+000  1.0082614021283840E+000  1.0068532831432759E+000  1.0054288257154629E+000  1.0039906478679166E+000
  1.0025414473250764E+000  1.0010839467817245E+000  9.9981326349391797E-001  9.9815530663966145E-001  9.9668975186714481E-001
  9.9522721058639074E-001  9.9377056844601053E-001  9.9232271986752119E-001  9.9088655689831462E-001  9.8946496507517223E-001
  9.8806080361374404E-001  9.8667687925476100E-001  9.8531592396685630E-001  9.8398062633688099E-001  9.8267376171825227E-001
  9.8139837473983782E-001  9.8015777312165375E-001  9.7895507035377127E-001  9.7779251752419305E-001  9.7667155738871281E-001
  9.7559398246158657E-001  9.7456258461059941E-001  9.7357978935257938E-001  9.7264670001006648E-001  9.7176499065178679E-001
  9.7093744665915827E-001  9.7016533086237378E-001  9.6944944941618538E-001  9.6879340916055834E-001  9.6819790556335517E-001
  9.6766590609323833E-001  9.6719885638012748E-001  9.6679696669325732E-001  9.6646077498370009E-001  9.6619097728769276E-001
  9.6598833919621685E-001  9.6585313939074191E-001  9.6578451160111223E-001  9.6578451160109613E-001  9.6585313939068140E-001
  9.6598833919613103E-001  9.6619097728758774E-001  9.6646077498355343E-001  9.6679696669307558E-001  9.6719885637990577E-001
  9.6766590609297443E-001  9.6819790556302232E-001  9.6879340916018275E-001  9.6944944941580546E-001  9.7016533086195278E-001
  9.7093744665869652E-001  9.7176499065130928E-001  9.7264670000954401E-001  9.7357978935203326E-001  9.7456258461003287E-001
  9.7559398246103779E-001  9.7667155738812694E-001  9.7779251752359253E-001  9.7895507035317308E-001  9.8015777312107311E-001
  9.8139837473926916E-001  9.8267376171769916E-001  9.8398062633632788E-001  9.8531592396632151E-001  9.8667687925423109E-001
  9.8806080361323856E-001  9.8946496507467419E-001  9.9088655689783045E-001  9.9232271986704013E-001  9.9377056844553091E-001
  9.9522721058593100E-001  9.9668975186671793E-001  9.9815530663920193E-001  9.9981326349390909E-001
BLOCK 28   3.3965945199181657E+000
  1.0011010047840561E+000  1.0026089482352838E+000  1.0041083808349449E+000  1.0055964632781464E+000  1.0070703954868425E+000
  1.0085274678325675E+000  1.0099650169830634E+000  1.0113804540418083E+000  1.0127712500164496E+000  1.0141349488224203E+000
  1.0154691623566965E+000  1.0167715749745476E+000  1.0180399389398123E+000  1.0192720800585291E+000  1.0204659209250695E+000
  1.0216195533879047E+000  1.0227313342406597E+000  1.0237998614168176E+000  1.0248236206957062E+000  1.0258004821586375E+000
  1.0267278530813437E+000  1.0276036934490844E+000  1.0284267521038282E+000  1.0291955325533704E+000  1.0299086949907865E+000
  1.0305656505613514E+000  1.0311650221276474E+000  1.0317074118254737E+000  1.0321920065689478E+000  1.0326182393507584E+000
  1.0329849106078162E+000  1.0332911115633767E+000  1.0335366231677543E+000  1.0337212929358410E+000  1.0338449344340128E+000
  1.0339063733712626E+000  1.0339063733712808E+000  1.0338449344340623E+000  1.0337212929359387E+000  1.0335366231678758E+000
  1.0332911115635255E+000  1.0329849106080091E+000  1.0326182393509962E+000  1.0321920065692294E+000  1.0317074118258014E+000
  1.0311650221280151E+000  1.0305656505617333E+000  1.0299086949911875E+000  1.0291955325537805E+000  1.0284267521042596E+000
  1.0276036934495447E+000  1.0267278530818296E+000  1.0258004821591342E+000  1.0248236206962058E+000  1.0237998614173214E+000
  1.0227313342411744E+000  1.0216195533884262E+000  1.0204659209255975E+000  1.0192720800590529E+000  1.0180399389403398E+000
  1.0167715749750743E+000  1.0154691623572178E+000  1.0141349488229361E+000  1.0127712500169557E+000  1.0113804540423010E+000
  1.0099650169835541E+000  1.0085274678330609E+000  1.0070703954873239E+000  1.0055964632786289E+000  1.0041083808354272E+000
  1.0026089482357576E+000  1.0011010047845310E+000  9.9979582927400101E-001  9.9807136732566959E-001  9.9655540456575697E-001
  9.9504245119175561E-001  9.9353525989677638E-001  9.9203673618308597E-001  9.9055014467509173E-001  9.8907906608260809E-001
  9.8762696016835394E-001  9.8619671967362266E-001  9.8479081556762094E-001  9.8341195468113951E-001  9.8206325024168206E-001
  9.8074750218321094E-001  9.7946684707589937E-001  9.7822360276809395E-001  9.7702063658373928E-001  9.7586029791031925E-001
  9.7474438386933770E-001  9.7367551056829071E-001  9.7265625784989695E-001  9.7168807706058868E-001  9.7077394150703122E-001
  9.6991646654961983E-001  9.6911483469623716E-001  9.6837489297459733E-001  9.6769781750246442E-001  9.6708477960092853E-001
  9.6653680065941971E-001  9.6605477180685051E-001  9.6563968782499987E-001  9.6529287300174638E-001  9.6501403906713568E-001
  9.6480457243492468E-001  9.6466456880890550E-001  9.6459466505305058E-001  9.6459466505303759E-001  9.6466456880884210E-001
  9.6480457243481577E-001  9.6501403906700234E-001  9.6529287300158328E-001  9.6563968782478782E-001  9.6605477180660126E-001
  9.6653680065913539E-001  9.6708477960059946E-001  9.6769781750210737E-001  9.6837489297421331E-001  9.6911483469583137E-001
  9.6991646654917218E-001  9.7077394150651675E-001  9.7168807706003191E-001  9.7265625784928245E-001  9.7367551056766544E-001
  9.7474438386868534E-001  9.7586029790968931E-001  9.7702063658306804E-001  9.7822360276743292E-001  9.7946684707526832E-001
  9.8074750218257734E-001  9.8206325024105701E-001  9.8341195468051812E-001  9.8479081556700743E-001  9.8619671967301925E-001
  9.8762696016775486E-001  9.8907906608202889E-001  9.9055014467454505E-001  9.9203673618254007E-001  9.9353525989625369E-001
  9.9504245119122314E-001  9.9655540456524649E-001  9.9807136732517321E-001  9.9979582927396005E-001
BLOCK 29   3.5223943169521745E+000
  1.0011148686346936E+000  1.0026770080617522E+000  1.0042299914705433E+000  1.0057707350709970E+000  1.0072965143628023E+000
  1.0088048107913414E+000  1.0102930220476927E+000  1.0117584307440002E+000  1.0131983273110354E+000  1.0146102269047379E+000
  1.0159919654938847E+000  1.0173415688485103E+000  1.0186569070112930E+000  1.0199354785003054E+000  1.0211746379081728E+000
  1.0223719997245682E+000  1.0235253885318372E+000  1.0246325710776545E+000  1.0256915002622669E+000  1.0267005075226880E+000
  1.0276579040681340E+000  1.0285621015270534E+000  1.0294117867081287E+000  1.0302057552758592E+000  1.0309430274454534E+000
  1.0316228730445853E+000  1.0322452730082083E+000  1.0328086956746141E+000  1.0333119654971827E+000  1.0337542283281116E+000
  1.0341347207806240E+000  1.0344527008433528E+000  1.0347075950955653E+000  1.0348993967304720E+000  1.0350273183951133E+000
  1.0350912317713832E+000  1.0350912317714025E+000  1.0350273183951859E+000  1.0348993967305760E+000  1.0347075950957141E+000
  1.0344527008435398E+000  1.0341347207808615E+000  1.0337542283283836E+000  1.0333119654974905E+000  1.0328086956749680E+000
  1.0322452730086009E+000  1.0316228730450065E+000  1.0309430274458842E+000  1.0302057552763069E+000  1.0294117867085966E+000
  1.0285621015275495E+000  1.0276579040686482E+000  1.0267005075232161E+000  1.0256915002628044E+000  1.0246325710781963E+000
  1.0235253885323858E+000  1.0223719997251266E+000  1.0211746379087345E+000  1.0199354785008667E+000  1.0186569070118512E+000
  1.0173415688490608E+000  1.0159919654944358E+000  1.0146102269052926E+000  1.0131983273115828E+000  1.0117584307445413E+000
  1.0102930220482267E+000  1.0088048107918774E+000  1.0072965143633399E+000  1.0057707350715310E+000  1.0042299914710768E+000
  1.0026770080622778E+000  1.0011148686352269E+000  9.9977462711179010E-001  9.9797675003954689E-001  9.9640707779687288E-001
  9.9484105193656835E-001  9.9328194070225118E-001  9.9173308929312309E-001  9.9019751375378595E-001  9.8867799257116551E-001
  9.8717751200094872E-001  9.8569918808417090E-001  9.8424576330069313E-001  9.8281977481604277E-001  9.8142410852871398E-001
  9.8006165502668008E-001  9.7873488954087473E-001  9.7744661781555264E-001  9.7619987177300871E-001  9.7499674876403597E-001
  9.7383996917206750E-001  9.7273335053598164E-001  9.7167756504880876E-001  9.7067386138020151E-001  9.6972829197758070E-001
  9.6884063499523798E-001  9.6801133304645037E-001  9.6724938790391501E-001  9.6655042417655501E-001  9.6591770817699452E-001
  9.6535135240353820E-001  9.6485348578507479E-001  9.6442535255680428E-001  9.6406694732514786E-001  9.6377920869064548E-001
  9.6356277176503879E-001  9.6341826365375338E-001  9.6334598824326167E-001  9.6334598824324080E-001  9.6341826365368677E-001
  9.6356277176491489E-001  9.6377920869048450E-001  9.6406694732495180E-001  9.6442535255657214E-001  9.6485348578481289E-001
  9.6535135240323022E-001  9.6591770817664557E-001  9.6655042417617143E-001  9.6724938790348869E-001  9.6801133304599818E-001
  9.6884063499474293E-001  9.6972829197707511E-001  9.7067386137964229E-001  9.7167756504818026E-001  9.7273335053534804E-001
  9.7383996917139282E-001  9.7499674876333886E-001  9.7619987177229495E-001  9.7744661781479403E-001  9.7873488954012822E-001
  9.8006165502596321E-001  9.8142410852798412E-001  9.8281977481534388E-001  9.8424576330000879E-001  9.8569918808348578E-001
  9.8717751200028503E-001  9.8867799257051581E-001  9.9019751375316112E-001  9.9173308929250259E-001  9.9328194070164610E-001
  9.9484105193596606E-001  9.9640707779627991E-001  9.9797675003897024E-001  9.9977462711170095E-001
BLOCK 30   3.6481941139861833E+000
  1.0011243981531548E+000  1.0027408631124564E+000  1.0043485166125863E+000  1.0059445096154476E+000  1.0075259831796133E+000
  1.0090900714675237E+000  1.0106339295436393E+000  1.0121547179691808E+000  1.0136495092271398E+000  1.0151153779098918E+000
  1.0165495462868901E+000  1.0179494787528061E+000  1.0193128344097229E+000  1.0206372576172671E+000  1.0219202422748306E+000
  1.0231593505397811E+000  1.0243523963503911E+000  1.0254973498222981E+000  1.0265923577802700E+000  1.0276357697078089E+000
  1.0286260576693163E+000  1.0295618134432614E+000  1.0304417948448463E+000  1.0312649677050776E+000  1.0320305364750282E+000
  1.0327373510834079E+000  1.0333839701545919E+000  1.0339693484313113E+000  1.0344920573667833E+000  1.0349512427954088E+000
  1.0353464369044107E+000  1.0356767231982835E+000  1.0359416756308857E+000  1.0361407120584754E+000  1.0362735902783931E+000
  1.0363401073023271E+000  1.0363401073023526E+000  1.0362735902784537E+000  1.0361407120586046E+000  1.0359416756310436E+000
  1.0356767231985278E+000  1.0353464369046850E+000  1.0349512427957244E+000  1.0344920573671406E+000  1.0339693484317127E+000
  1.0333839701550240E+000  1.0327373510838678E+000  1.0320305364755216E+000  1.0312649677055874E+000  1.0304417948453639E+000
  1.0295618134437887E+000  1.0286260576698525E+000  1.0276357697083540E+000  1.0265923577808207E+000  1.0254973498228555E+000
  1.0243523963509673E+000  1.0231593505403729E+000  1.0219202422754294E+000  1.0206372576178655E+000  1.0193128344103193E+000
  1.0179494787534036E+000  1.0165495462874883E+000  1.0151153779104878E+000  1.0136495092277329E+000  1.0121547179697694E+000
  1.0106339295442337E+000  1.0090900714681195E+000  1.0075259831802179E+000  1.0059445096160542E+000  1.0043485166131940E+000
  1.0027408631130634E+000  1.0011243981537650E+000  9.9975088709765592E-001  9.9787792519333551E-001  9.9625449203480221E-001
  9.9463508305788517E-001  9.9302273715648159E-001  9.9142059322651865E-001  9.8983164386863631E-001  9.8825878438161896E-001
  9.8670512199829741E-001  9.8517375758095649E-001  9.8366754349675789E-001  9.8218970496737590E-001  9.8074370512668529E-001
  9.7933186542825557E-001  9.7795639107150545E-001  9.7662149010828503E-001  9.7533048227608454E-001  9.7408401400159472E-001
  9.7288521659439786E-001  9.7173859483398040E-001  9.7064533117950325E-001  9.6960785344354827E-001  9.6862817350780150E-001
  9.6771037434354312E-001  9.6685666431691386E-001  9.6606860917712134E-001  9.6534723702228042E-001  9.6469344229629328E-001
  9.6410901923118375E-001  9.6359400087053759E-001  9.6315111703723089E-001  9.6278092407319193E-001  9.6248402384759091E-001
  9.6226069801594249E-001  9.6211119764511988E-001  9.6203619865461865E-001  9.6203619865459944E-001  9.6211119764505948E-001
  9.6226069801583680E-001  9.6248402384743836E-001  9.6278092407297489E-001  9.6315111703697576E-001  9.6359400087025115E-001
  9.6410901923086090E-001  9.6469344229591536E-001  9.6534723702186320E-001  9.6606860917667137E-001  9.6685666431640960E-001
  9.6771037434299945E-001  9.6862817350721642E-001  9.6960785344293410E-001  9.7064533117888119E-001  9.7173859483329628E-001
  9.7288521659366967E-001  9.7408401400086775E-001  9.7533048227529862E-001  9.7662149010748933E-001  9.7795639107071952E-001
  9.7933186542747608E-001  9.8074370512591180E-001  9.8218970496659463E-001  9.8366754349598262E-001  9.8517375758017678E-001
  9.8670512199750815E-001  9.8825878438085613E-001  9.8983164386790967E-001  9.9142059322581177E-001  9.9302273715579292E-001
  9.9463508305721904E-001  9.9625449203414573E-001  9.9787792519268725E-001  9.9975088709751259E-001
BLOCK 31   3.7739939110201921E+000
  1.0011364024048182E+000  1.0028103103557873E+000  1.0044760118657070E+000  1.0061304948063960E+000  1.0077705667754346E+000
  1.0093930430533944E+000  1.0109948090082026E+000  1.0125727044724511E+000  1.0141234846286744E+000  1.0156440621630163E+000
  1.0171315267246872E+000  1.0185829980426777E+000  1.0199957128440791E+000  1.0213671987311579E+000  1.0226951922283585E+000
  1.0239775132442044E+000  1.0252120909546634E+000  1.0263970895941510E+000  1.0275309570591900E+000  1.0286121758180509E+000
  1.0296389150712488E+000  1.0306096116484331E+000  1.0315242608674962E+000  1.0323798357460794E+000  1.0331757589566894E+000
  1.0339104777549015E+000  1.0345825266567632E+000  1.0351906886167959E+000  1.0357339139251849E+000  1.0362112426206129E+000
  1.0366218145197361E+000  1.0369651183344453E+000  1.0372404184293749E+000  1.0374473319917936E+000  1.0375854755955196E+000
  1.0376546053212701E+000  1.0376546053212972E+000  1.0375854755956084E+000  1.0374473319919106E+000  1.0372404184295663E+000
  1.0369651183346884E+000  1.0366218145200330E+000  1.0362112426209451E+000  1.0357339139255950E+000  1.0351906886172362E+000
  1.0345825266572288E+000  1.0339104777554096E+000  1.0331757589572204E+000  1.0323798357466505E+000  1.0315242608680926E+000
  1.0306096116490036E+000  1.0296389150718290E+000  1.0286121758186457E+000  1.0275309570597886E+000  1.0263970895947492E+000
  1.0252120909552676E+000  1.0239775132448152E+000  1.0226951922289720E+000  1.0213671987317758E+000  1.0199957128447057E+000
  1.0185829980433161E+000  1.0171315267253396E+000  1.0156440621636786E+000  1.0141234846293388E+000  1.0125727044731154E+000
  1.0109948090088710E+000  1.0093930430540643E+000  1.0077705667761028E+000  1.0061304948070702E+000  1.0044760118663818E+000
  1.0028103103564574E+000  1.0011364024055034E+000  9.9972682123337564E-001  9.9777618097207821E-001  9.9609570631858113E-001
  9.9441899839453585E-001  9.9274932961727280E-001  9.9108975916305098E-001  9.8944294028770075E-001  9.8781214845678844E-001
  9.8620154802708015E-001  9.8461446602484937E-001  9.8305308666789315E-001  9.8152072293421422E-001  9.8002162021687689E-001
  9.7855846889237263E-001  9.7713348676046785E-001  9.7575004636849971E-001  9.7441111886340970E-001  9.7311991469617987E-001
  9.7187982964464781E-001  9.7069237596529256E-001  9.6956013205312386E-001  9.6848538207707824E-001  9.6747502296999000E-001
  9.6652754972284560E-001  9.6564560754912265E-001  9.6483149865911966E-001  9.6408615122601571E-001  9.6341042449491632E-001
  9.6280618883124691E-001  9.6227431483076808E-001  9.6181617925526797E-001  9.6143350738313571E-001  9.6112628631208419E-001
  9.6089530268925760E-001  9.6074076169615741E-001  9.6066311409725658E-001  9.6066311409724603E-001  9.6074076169609846E-001
  9.6089530268913836E-001  9.6112628631191610E-001  9.6143350738292166E-001  9.6181617925499807E-001  9.6227431483044856E-001
  9.6280618883088831E-001  9.6341042449451864E-001  9.6408615122558416E-001  9.6483149865863460E-001  9.6564560754857620E-001
  9.6652754972225996E-001  9.6747502296935728E-001  9.6848538207641055E-001  9.6956013205243163E-001  9.7069237596454938E-001
  9.7187982964390240E-001  9.7311991469542392E-001  9.7441111886253695E-001  9.7575004636764073E-001  9.7713348675962997E-001
  9.7855846889152909E-001  9.8002162021601780E-001  9.8152072293337045E-001  9.8305308666705160E-001  9.8461446602400127E-001
  9.8620154802623061E-001  9.8781214845595422E-001  9.8944294028688218E-001  9.9108975916224518E-001  9.9274932961646289E-001
  9.9441899839375747E-001  9.9609570631780975E-001  9.9777618097132292E-001  9.9972682123315393E-001
BLOCK 32   3.8997937080542009E+000
  1.0011573478608984E+000  1.0028947052059385E+000  1.0046226664197067E+000  1.0063381054129166E+000  1.0080379348401987E+000
  1.0097188218681479E+000  1.0113774842402645E+000  1.0130109051066565E+000  1.0146161299553127E+000  1.0161902454880050E+000
  1.0177304037379977E+000  1.0192337996515162E+000  1.0206977291009964E+000  1.0221195771951714E+000  1.0234967503164683E+000
  1.0248269180925786E+000  1.0261080897623964E+000  1.0273381401876598E+000  1.0285148685093535E+000  1.0296366751855137E+000
  1.0307027995316334E+000  1.0317121224267025E+000  1.0326625506517018E+000  1.0335520335068649E+000  1.0343792430339158E+000
  1.0351431528357145E+000  1.0358420495434182E+000  1.0364745480747077E+000  1.0370396250589446E+000  1.0375360023062479E+000
  1.0379628723118124E+000  1.0383197108274576E+000  1.0386060216416524E+000  1.0388212028889128E+000  1.0389649125929288E+000
  1.0390368379222199E+000  1.0390368379222623E+000  1.0389649125930107E+000  1.0388212028890271E+000  1.0386060216418218E+000
  1.0383197108276911E+000  1.0379628723120964E+000  1.0375360023065863E+000  1.0370396250593261E+000  1.0364745480751427E+000
  1.0358420495439165E+000  1.0351431528362665E+000  1.0343792430345136E+000  1.0335520335074833E+000  1.0326625506523373E+000
  1.0317121224273518E+000  1.0307027995322917E+000  1.0296366751861876E+000  1.0285148685100218E+000  1.0273381401883179E+000
  1.0261080897630499E+000  1.0248269180932323E+000  1.0234967503171335E+000  1.0221195771958482E+000  1.0206977291016839E+000
  1.0192337996522067E+000  1.0177304037386967E+000  1.0161902454887073E+000  1.0146161299560135E+000  1.0130109051073592E+000
  1.0113774842409795E+000  1.0097188218688751E+000  1.0080379348409596E+000  1.0063381054136924E+000  1.0046226664204947E+000
  1.0028947052067017E+000  1.0011573478616875E+000  9.9970372850847822E-001  9.9766939952952194E-001  9.9592529136734687E-001
  9.9418503104418621E-001  9.9245241840073439E-001  9.9073120599670073E-001  9.8902425267404237E-001  9.8733441050543225E-001
  9.8566507371069689E-001  9.8401954533522018E-001  9.8240118288626110E-001  9.8081354302124979E-001  9.7925945210087317E-001
  9.7774164130986863E-001  9.7626395283495770E-001  9.7483020069168491E-001  9.7344349600604230E-001  9.7210651580140361E-001
  9.7082196244573560E-001  9.6959201582138410E-001  9.6841990197308814E-001  9.6731202678208739E-001  9.6626717578837884E-001
  9.6528810801310261E-001  9.6437678505007907E-001  9.6353524792064660E-001  9.6276433263707195E-001  9.6206550228061916E-001
  9.6144050273425041E-001  9.6089059719894387E-001  9.6041713462768707E-001  9.6002144597198114E-001  9.5970390893822299E-001
  9.5946488214671011E-001  9.5930531310332079E-001  9.5922525855075569E-001  9.5922525855072704E-001  9.5930531310323697E-001
  9.5946488214657444E-001  9.5970390893804469E-001  9.6002144597175088E-001  9.6041713462739586E-001  9.6089059719861392E-001
  9.6144050273386439E-001  9.6206550228018195E-001  9.6276433263658823E-001  9.6353524792011735E-001  9.6437678504952651E-001
  9.6528810801249743E-001  9.6626717578771681E-001  9.6731202678139105E-001  9.6841990197234751E-001  9.6959201582059740E-001
  9.7082196244491226E-001  9.7210651580053753E-001  9.7344349600515523E-001  9.7483020069076765E-001  9.7626395283405154E-001
  9.7774164130894070E-001  9.7925945209992471E-001  9.8081354302031187E-001  9.8240118288532607E-001  9.8401954533427682E-001
  9.8566507370975986E-001  9.8733441050452619E-001  9.8902425267313776E-001  9.9073120599581266E-001  9.9245241839986309E-001
  9.9418503104332390E-001  9.9592529136648233E-001  9.9766939952868872E-001  9.9970372850818190E-001
BLOCK 33   4.0255935050882021E+000
  1.0011815596808349E+000  1.0029840121369935E+000  1.0047762214652516E+000  1.0065550357071773E+000  1.0083170758273257E+000
  1.0100587352579631E+000  1.0117768136115644E+000  1.0134685317559531E+000  1.0151308750808725E+000  1.0167607753136096E+000
  1.0183555094965968E+000  1.0199123853993264E+000  1.0214286312133640E+000  1.0229018041157643E+000  1.0243296613274124E+000
  1.0257097428593402E+000  1.0270395377028967E+000  1.0283168542646424E+000  1.0295401893689387E+000  1.0307082464881181E+000
  1.0318189072889297E+000  1.0328702571332693E+000  1.0338595058947775E+000  1.0347848619682987E+000  1.0356453758082835E+000
  1.0364396633839861E+000  1.0371660911915992E+000  1.0378234111480420E+000  1.0384107229764554E+000  1.0389268942305547E+000
  1.0393708536630133E+000  1.0397421565928475E+000  1.0400402540015905E+000  1.0402644330426520E+000  1.0404142302246249E+000
  1.0404893430398565E+000  1.0404893430398765E+000  1.0404142302246930E+000  1.0402644330427802E+000  1.0400402540017739E+000
  1.0397421565930725E+000  1.0393708536632678E+000  1.0389268942308694E+000  1.0384107229768402E+000  1.0378234111484672E+000
  1.0371660911920841E+000  1.0364396633844926E+000  1.0356453758089124E+000  1.0347848619689233E+000  1.0338595058954350E+000
  1.0328702571339565E+000  1.0318189072896335E+000  1.0307082464888504E+000  1.0295401893697045E+000  1.0283168542654157E+000
  1.0270395377036696E+000  1.0257097428601121E+000  1.0243296613281740E+000  1.0229018041165219E+000  1.0214286312141145E+000
  1.0199123854000789E+000  1.0183555094973489E+000  1.0167607753143559E+000  1.0151308750816406E+000  1.0134685317567496E+000
  1.0117768136123722E+000  1.0100587352588049E+000  1.0083170758281685E+000  1.0065550357080486E+000  1.0047762214661160E+000
  1.0029840121378688E+000  1.0011815596817142E+000  9.9938146477249945E-001  9.9756005698361117E-001  9.9574820936395925E-001
  9.9394070923124334E-001  9.9214128363849363E-001  9.9035316109364924E-001  9.8857968354543047E-001  9.8682472784862929E-001
  9.8509206770097713E-001  9.8338509122526385E-001  9.8170708487921154E-001  9.8006115781384362E-001  9.7845036091800308E-001
  9.7687818968727269E-001  9.7534845067848641E-001  9.7386412458633609E-001  9.7242766164362981E-001  9.7104305668451074E-001
  9.6971205896363477E-001  9.6843800600272689E-001  9.6722842452682900E-001  9.6608164338919844E-001  9.6500151773088505E-001
  9.6398926209296820E-001  9.6304722221720485E-001  9.6217672856884251E-001  9.6137918752382290E-001  9.6065637129287018E-001
  9.6000991277978776E-001  9.5944121689182194E-001  9.5895183212728774E-001  9.5854270181547674E-001  9.5821427269321857E-001
  9.5796711404473267E-001  9.5780184456809503E-001  9.5771910047135567E-001  9.5771910047133291E-001  9.5780184456800166E-001
  9.5796711404457491E-001  9.5821427269301207E-001  9.5854270181521628E-001  9.5895183212699053E-001  9.5944121689146600E-001
  9.6000991277937420E-001  9.6065637129240444E-001  9.6137918752330631E-001  9.6217672856827630E-001  9.6304722221659655E-001
  9.6398926209231106E-001  9.6500151773019116E-001  9.6608164338848768E-001  9.6722842452606128E-001  9.6843800600187069E-001
  9.6971205896276225E-001  9.7104305668360791E-001  9.7242766164267314E-001  9.7386412458534788E-001  9.7534845067746678E-001
  9.7687818968624107E-001  9.7845036091698867E-001  9.8006115781280423E-001  9.8170708487816760E-001  9.8338509122424034E-001
  9.8509206769997137E-001  9.8682472784763142E-001  9.8857968354444348E-001  9.9035316109266325E-001  9.9214128363750187E-001
  9.9394070923028033E-001  9.9574820936299713E-001  9.9756005698267891E-001  9.9938146477194190E-001
BLOCK 34   4.1513933021221749E+000
  1.0012003414750901E+000  1.0030708703841262E+000  1.0049303300805057E+000  1.0067752332768867E+000  1.0086023250662648E+000
  1.0104083026900417E+000  1.0121897710640029E+000  1.0139436081408089E+000  1.0156667635210408E+000  1.0173561796796218E+000
  1.0190090584922802E+000  1.0206227461485418E+000  1.0221946600185905E+000  1.0237223848003445E+000  1.0252033557434033E+000
  1.0266349966826183E+000  1.0280149455130179E+000  1.0293417097899364E+000  1.0306140647631366E+000  1.0318294680545830E+000
  1.0329859638820409E+000  1.0340801165769256E+000  1.0351099617033905E+000  1.0360742622714387E+000  1.0369712370517474E+000
  1.0377989914354286E+000  1.0385557855075305E+000  1.0392406097336278E+000  1.0398522574645475E+000  1.0403893499927561E+000
  1.0408510437122254E+000  1.0412369716001870E+000  1.0415465576618896E+000  1.0417790864045373E+000  1.0419343272295454E+000
  1.0420121509755416E+000  1.0420121509755640E+000  1.0419343272296251E+000  1.0417790864046503E+000  1.0415465576620415E+000
  1.0412369716003913E+000  1.0408510437125027E+000  1.0403893499930756E+000  1.0398522574649007E+000  1.0392406097340283E+000
  1.0385557855079555E+000  1.0377989914359596E+000  1.0369712370523179E+000  1.0360742622720718E+000  1.0351099617040478E+000
  1.0340801165776528E+000  1.0329859638827754E+000  1.0318294680553468E+000  1.0306140647639448E+000  1.0293417097907751E+000
  1.0280149455138736E+000  1.0266349966834847E+000  1.0252033557442795E+000  1.0237223848012313E+000  1.0221946600194927E+000
  1.0206227461494675E+000  1.0190090584932019E+000  1.0173561796805324E+000  1.0156667635219543E+000  1.0139436081417093E+000
  1.0121897710649150E+000  1.0104083026909598E+000  1.0086023250671954E+000  1.0067752332778230E+000  1.0049303300814718E+000
  1.0030708703850986E+000  1.0012003414760655E+000  9.9933008461806749E-001  9.9744136418434060E-001  9.9556044662998022E-001
  9.9368360360022967E-001  9.9181443862244867E-001  9.8995664760963509E-001  9.8811428379178334E-001  9.8629143599127389E-001
  9.8449180619616405E-001  9.8271890779280968E-001  9.8097644088584901E-001  9.7926783416229213E-001  9.7759640512588775E-001
  9.7596646839561829E-001  9.7438134405699461E-001  9.7284312529576189E-001  9.7135664909280073E-001  9.6992403750181866E-001
  9.6854520442730652E-001  9.6723136925431807E-001  9.6597971878023969E-001  9.6479536327791848E-001  9.6367790843983103E-001
  9.6263060431358805E-001  9.6165536448056532E-001  9.6075402236495910E-001  9.5992830664348372E-001  9.5918015614748775E-001
  9.5851134262225413E-001  9.5792337365693569E-001  9.5741745162869818E-001  9.5699424989010873E-001  9.5665446788538655E-001
  9.5639874857743568E-001  9.5622768984612250E-001  9.5614196439258636E-001  9.5614196439255794E-001  9.5622768984603423E-001
  9.5639874857728868E-001  9.5665446788517561E-001  9.5699424988984017E-001  9.5741745162836156E-001  9.5792337365654612E-001
  9.5851134262182014E-001  9.5918015614701324E-001  9.5992830664294615E-001  9.6075402236436391E-001  9.6165536447992239E-001
  9.6263060431289382E-001  9.6367790843906853E-001  9.6479536327710957E-001  9.6597971877938216E-001  9.6723136925341657E-001
  9.6854520442639269E-001  9.6992403750088729E-001  9.7135664909178954E-001  9.7284312529469341E-001  9.7438134405592136E-001
  9.7596646839451451E-001  9.7759640512473234E-001  9.7926783416116836E-001  9.8097644088473557E-001  9.8271890779170190E-001
  9.8449180619505283E-001  9.8629143599015612E-001  9.8811428379067201E-001  9.8995664760854951E-001  9.9181443862136720E-001
  9.9368360359916041E-001  9.9556044662893484E-001  9.9744136418330709E-001  9.9933008461734263E-001
BLOCK 35   4.2771930991561478E+000
  1.0012103025962980E+000  1.0031517889251491E+000  1.0050818389243195E+000  1.0069965640285550E+000  1.0088924024156201E+000
  1.0107662206602885E+000  1.0126148395327412E+000  1.0144349095288487E+000  1.0162230500502423E+000  1.0179760466348802E+000
  1.0196911217190707E+000  1.0213659243533069E+000  1.0229978181537176E+000  1.0245837394907995E+000  1.0261211099052336E+000
  1.0276074192113223E+000  1.0290404430825484E+000  1.0304199725541421E+000  1.0317434927915259E+000  1.0330080221343831E+000
  1.0342094221780402E+000  1.0353471839763422E+000  1.0364193436842228E+000  1.0374235602159123E+000  1.0383577312707948E+000
  1.0392197350601553E+000  1.0400084280658357E+000  1.0407223045304959E+000  1.0413598017002830E+000  1.0419197876587618E+000
  1.0424016577539321E+000  1.0428047001707783E+000  1.0431278120817002E+000  1.0433703370684946E+000  1.0435323036904209E+000
  1.0436135090728547E+000  1.0436135090728711E+000  1.0435323036904676E+000  1.0433703370685914E+000  1.0431278120818506E+000
  1.0428047001709924E+000  1.0424016577541815E+000  1.0419197876590673E+000  1.0413598017006298E+000  1.0407223045308622E+000
  1.0400084280662787E+000  1.0392197350606531E+000  1.0383577312713468E+000  1.0374235602165340E+000  1.0364193436848967E+000
  1.0353471839770449E+000  1.0342094221787603E+000  1.0330080221351423E+000  1.0317434927923719E+000  1.0304199725550460E+000
  1.0290404430835016E+000  1.0276074192123181E+000  1.0261211099062502E+000  1.0245837394918209E+000  1.0229978181547585E+000
  1.0213659243543642E+000  1.0196911217201723E+000  1.0179760466360201E+000  1.0162230500513147E+000  1.0144349095299303E+000
  1.0126148395338104E+000  1.0107662206613690E+000  1.0088924024166763E+000  1.0069965640296759E+000  1.0050818389254161E+000
  1.0031517889262096E+000  1.0012103025973680E+000  9.9926722080898256E-001  9.9730880247464038E-001  9.9535636075488620E-001
  9.9340786588501273E-001  9.9146709508178943E-001  9.8953813121202394E-001  9.8762534349144038E-001  9.8573265098212559E-001
  9.8386373039908259E-001  9.8202291337941805E-001  9.8021390358733063E-001  9.7843935056486830E-001  9.7670394783215775E-001
  9.7501263433687957E-001  9.7336718396593058E-001  9.7177180476024594E-001  9.7023122055147248E-001  9.6874614873604958E-001
  9.6732053630823955E-001  9.6596192954565119E-001  9.6466954512600456E-001  9.6344422546889252E-001  9.6228933709868103E-001
  9.6120644527024246E-001  9.6019795065495639E-001  9.5926522635416822E-001  9.5841083966057949E-001  9.5763685128237896E-001
  9.5694460093391776E-001  9.5633562943475658E-001  9.5581132833977855E-001  9.5537277286909827E-001  9.5502081457174715E-001
  9.5475616822030196E-001  9.5457939030017813E-001  9.5449086643015901E-001  9.5449086643012782E-001  9.5457939030010097E-001
  9.5475616822015574E-001  9.5502081457153298E-001  9.5537277286882294E-001  9.5581132833944515E-001  9.5633562943436046E-001
  9.5694460093346023E-001  9.5763685128185216E-001  9.5841083965999174E-001  9.5926522635353106E-001  9.6019795065428104E-001
  9.6120644526950894E-001  9.6228933709788256E-001  9.6344422546804287E-001  9.6466954512511938E-001  9.6596192954469440E-001
  9.6732053630724157E-001  9.6874614873500287E-001  9.7023122055037370E-001  9.7177180475912150E-001  9.7336718396475297E-001
  9.7501263433568841E-001  9.7670394783097125E-001  9.7843935056366582E-001  9.8021390358613714E-001  9.8202291337820002E-001
  9.8386373039784236E-001  9.8573265098090768E-001  9.8762534349022091E-001  9.8953813121079393E-001  9.9146709508059905E-001
  9.9340786588386354E-001  9.9535636075375933E-001  9.9730880247353226E-001  9.9926722080812491E-001
BLOCK 36   4.4029928961901206E+000
  1.0012105228675250E+000  1.0032260452409614E+000  1.0052297539515573E+000  1.0072178145859918E+000  1.0091865250408303E+000
  1.0111325269797966E+000  1.0130524127179872E+000  1.0149426748799133E+000  1.0167999025755732E+000  1.0186208200463429E+000
  1.0204025157940626E+000  1.0221425295560864E+000  1.0238378664296854E+000  1.0254855266473675E+000  1.0270833356424156E+000
  1.0286280773189533E+000  1.0301179278489618E+000  1.0315553998654177E+000  1.0329309160641400E+000  1.0342444684338195E+000
  1.0354949097744164E+000  1.0366786497862321E+000  1.0377939313697111E+000  1.0388382074469236E+000  1.0398096418797169E+000
  1.0407069725445470E+000  1.0415278554554213E+000  1.0422710452166770E+000  1.0429356797928662E+000  1.0435206004729256E+000
  1.0440245806610113E+000  1.0444461990173699E+000  1.0447843305676729E+000  1.0450383678534929E+000  1.0452079563328722E+000
  1.0452928655690850E+000  1.0452928655691007E+000  1.0452079563329120E+000  1.0450383678535842E+000  1.0447843305678324E+000
  1.0444461990175724E+000  1.0440245806612682E+000  1.0435206004732274E+000  1.0429356797931792E+000  1.0422710452170190E+000
  1.0415278554558243E+000  1.0407069725450186E+000  1.0398096418802425E+000  1.0388382074475273E+000  1.0377939313703588E+000
  1.0366786497869636E+000  1.0354949097751960E+000  1.0342444684346643E+000  1.0329309160650055E+000  1.0315553998663409E+000
  1.0301179278500272E+000  1.0286280773200622E+000  1.0270833356435218E+000  1.0254855266485146E+000  1.0238378664308738E+000
  1.0221425295572890E+000  1.0204025157953034E+000  1.0186208200475848E+000  1.0167999025768302E+000  1.0149426748811574E+000
  1.0130524127192384E+000  1.0111325269810234E+000  1.0091865250420684E+000  1.0072178145872175E+000  1.0052297539527935E+000
  1.0032260452421968E+000  1.0012105228687380E+000  9.9919130328504902E-001  9.9716020340990408E-001  9.9513375838124585E-001
  9.9311137200274158E-001  9.9109666766165272E-001  9.8909434472546820E-001  9.8710890043990451E-001  9.8514387122226532E-001
  9.8320368640567002E-001  9.8129318940162957E-001  9.7941519252244291E-001  9.7757289930147417E-001  9.7577191058337043E-001
  9.7401638448155503E-001  9.7230893801512852E-001  9.7065406840859159E-001  9.6905563805200035E-001  9.6751570934217379E-001
  9.6604262987990330E-001  9.6463507888601108E-001  9.6329617770303433E-001  9.6202732278330705E-001  9.6083149279657598E-001
  9.5971050497206833E-001  9.5866645399006112E-001  9.5770250653022304E-001  9.5681999754881997E-001  9.5602018104400344E-001
  9.5530448602087925E-001  9.5467449422566764E-001  9.5413172957403658E-001  9.5367723682638395E-001  9.5331223225948492E-001
  9.5303786760028875E-001  9.5285473954373989E-001  9.5276310182216717E-001  9.5276310182213508E-001  9.5285473954363364E-001
  9.5303786760011899E-001  9.5331223225924544E-001  9.5367723682608785E-001  9.5413172957369019E-001  9.5467449422526074E-001
  9.5530448602040985E-001  9.5602018104347231E-001  9.5681999754822100E-001  9.5770250652955602E-001  9.5866645398932226E-001
  9.5971050497127264E-001  9.6083149279571634E-001  9.6202732278239689E-001  9.6329617770208253E-001  9.6463507888502364E-001
  9.6604262987885525E-001  9.6751570934107012E-001  9.6905563805090689E-001  9.7065406840738577E-001  9.7230893801389184E-001
  9.7401638448023886E-001  9.7577191058206059E-001  9.7757289930013269E-001  9.7941519252111209E-001  9.8129318940030508E-001
  9.8320368640432620E-001  9.8514387122093783E-001  9.8710890043863864E-001  9.8909434472420865E-001  9.9109666766037696E-001
  9.9311137200147548E-001  9.9513375837998808E-001  9.9716020340863476E-001  9.9919130328398709E-001
BLOCK 37   4.5287926932240934E+000
  1.0012011836373729E+000  1.0032944063237927E+000  1.0053754036583993E+000  1.0074405508745072E+000  1.0094859031256298E+000
  1.0115077562168640E+000  1.0135026862441876E+000  1.0154671725135513E+000  1.0173975319704207E+000  1.0192902041078096E+000
  1.0211424254813748E+000  1.0229517653090070E+000  1.0247147281710360E+000  1.0264283268270056E+000  1.0280905262620881E+000
  1.0296982143399889E+000  1.0312497527569260E+000  1.0327433236556296E+000  1.0341757932020472E+000  1.0355434248279358E+000
  1.0368443650065955E+000  1.0380760375127969E+000  1.0392358597738873E+000  1.0403228261553898E+000  1.0413342231107485E+000
  1.0422676305215615E+000  1.0431223440667980E+000  1.0438969211876421E+000  1.0445898711782375E+000  1.0451995872443212E+000
  1.0457242455808549E+000  1.0461630727418163E+000  1.0465154040386266E+000  1.0467801302208559E+000  1.0469565097941433E+000
  1.0470445157510817E+000  1.0470445157510777E+000  1.0469565097941749E+000  1.0467801302209379E+000  1.0465154040387472E+000
  1.0461630727419875E+000  1.0457242455810847E+000  1.0451995872445878E+000  1.0445898711785351E+000  1.0438969211879918E+000
  1.0431223440672153E+000  1.0422676305220469E+000  1.0413342231112774E+000  1.0403228261559867E+000  1.0392358597745659E+000
  1.0380760375135261E+000  1.0368443650074015E+000  1.0355434248288442E+000  1.0341757932030027E+000  1.0327433236566339E+000
  1.0312497527579905E+000  1.0296982143411382E+000  1.0280905262633024E+000  1.0264283268282739E+000  1.0247147281723170E+000
  1.0229517653103415E+000  1.0211424254827535E+000  1.0192902041092151E+000  1.0173975319718247E+000  1.0154671725149440E+000
  1.0135026862456091E+000  1.0115077562183052E+000  1.0094859031270671E+000  1.0074405508759348E+000  1.0053754036598035E+000
  1.0032944063251756E+000  1.0012011836387595E+000  9.9910224763050126E-001  9.9699514446418191E-001  9.9489126293174723E-001
  9.9279155879531189E-001  9.9070015244693421E-001  9.8862198819619729E-001  9.8656120248709656E-001  9.8452161801104665E-001
  9.8250806564035165E-001  9.8052524099010407E-001  9.7857669657676383E-001  9.7666601015827059E-001  9.7479730514061058E-001
  9.7297539413314360E-001  9.7120493727897628E-001  9.6948816171162278E-001  9.6783044486192737E-001  9.6623710347464642E-001
  9.6471013076960077E-001  9.6325079819318460E-001  9.6186210042579501E-001  9.6054621801232609E-001  9.5930592830462558E-001
  9.5814446172917167E-001  9.5706349772226662E-001  9.5606491328652954E-001  9.5515071520031070E-001  9.5432244957214074E-001
  9.5358205416236819E-001  9.5293082744641222E-001  9.5236989925006943E-001  9.5190081242268254E-001  9.5152475541007731E-001
  9.5124233164853600E-001  9.5105375289645211E-001  9.5095927121856216E-001  9.5095927121853008E-001  9.5105375289635830E-001
  9.5124233164837602E-001  9.5152475540984849E-001  9.5190081242237379E-001  9.5236989924968973E-001  9.5293082744595770E-001
  9.5358205416184094E-001  9.5432244957155565E-001  9.5515071519967132E-001  9.5606491328582643E-001  9.5706349772149490E-001
  9.5814446172832002E-001  9.5930592830369554E-001  9.6054621801133266E-001  9.6186210042474940E-001  9.6325079819208792E-001
  9.6471013076845413E-001  9.6623710347344394E-001  9.6783044486071546E-001  9.6948816171038354E-001  9.7120493727777557E-001
  9.7297539413182699E-001  9.7479730513929153E-001  9.7666601015689303E-001  9.7857669657538304E-001  9.8052524098870242E-001
  9.8250806563894377E-001  9.8452161800962834E-001  9.8656120248567425E-001  9.8862198819477964E-001  9.9070015244551324E-001
  9.9279155879389192E-001  9.9489126293034136E-001  9.9699514446277637E-001  9.9910224762921851E-001
BLOCK 38   4.6545924902580662E+000
  1.0011822938694617E+000  1.0033571162530599E+000  1.0055192989485919E+000  1.0076652468534697E+000  1.0097911147153624E+000
  1.0118927853709598E+000  1.0139666653202852E+000  1.0160094389103631E+000  1.0180171653655474E+000  1.0199857490634621E+000
  1.0219119618509482E+000  1.0237935339190771E+000  1.0256278853668537E+000  1.0274112615712292E+000  1.0291411434774123E+000
  1.0308155405278279E+000  1.0324330481939141E+000  1.0339894129686300E+000  1.0354813579884115E+000  1.0369055728353771E+000
  1.0382605334805979E+000  1.0395431392534318E+000  1.0407504867030162E+000  1.0418812667832402E+000  1.0429343832738269E+000
  1.0439072995753911E+000  1.0447976018573677E+000  1.0456037018871198E+000  1.0463236929890152E+000  1.0469565244216694E+000
  1.0475016327244073E+000  1.0479574088881547E+000  1.0483227881451396E+000  1.0485976270550577E+000  1.0487815097327307E+000
  1.0488737546586091E+000  1.0488737546586184E+000  1.0487815097327762E+000  1.0485976270551511E+000  1.0483227881452699E+000
  1.0479574088883117E+000  1.0475016327246183E+000  1.0469565244219352E+000  1.0463236929893101E+000  1.0456037018874667E+000
  1.0447976018577994E+000  1.0439072995758976E+000  1.0429343832744087E+000  1.0418812667838662E+000  1.0407504867037285E+000
  1.0395431392541952E+000  1.0382605334814490E+000  1.0369055728363179E+000  1.0354813579894253E+000  1.0339894129696927E+000
  1.0324330481950497E+000  1.0308155405290129E+000  1.0291411434786875E+000  1.0274112615725732E+000  1.0256278853682657E+000
  1.0237935339205324E+000  1.0219119618524415E+000  1.0199857490649791E+000  1.0180171653670953E+000  1.0160094389119438E+000
  1.0139666653218786E+000  1.0118927853725630E+000  1.0097911147169791E+000  1.0076652468550999E+000  1.0055192989502082E+000
  1.0033571162546631E+000  1.0011822938710564E+000  9.9900016422462812E-001  9.9681296525186969E-001  9.9462779744053764E-001
  9.9244769748322625E-001  9.9027676924343333E-001  9.8811943591758900E-001  9.8598033346843217E-001  9.8386402683763463E-001
  9.8177470818064683E-001  9.7971691647447789E-001  9.7769557739460589E-001  9.7571447013789636E-001  9.7377729253909129E-001
  9.7188803308830241E-001  9.7005050537532422E-001  9.6827201257866280E-001  9.6655508560178260E-001  9.6490410284408612E-001
  9.6331966186608109E-001  9.6180551264934366E-001  9.6036493424908176E-001  9.5900060749374738E-001  9.5771458126357267E-001
  9.5650952800291611E-001  9.5538792611010248E-001  9.5435194533911127E-001  9.5340391856489315E-001  9.5254564809911180E-001
  9.5177874873924295E-001  9.5110508420388973E-001  9.5052577649354530E-001  9.5004142096323019E-001  9.4965274351357565E-001
  9.4936043955161287E-001  9.4916525688574094E-001  9.4906767357290867E-001  9.4906767357286870E-001  9.4916525688562370E-001
  9.4936043955142480E-001  9.4965274351331808E-001  9.5004142096290178E-001  9.5052577649314307E-001  9.5110508420340900E-001
  9.5177874873868062E-001  9.5254564809846887E-001  9.5340391856418050E-001  9.5435194533832224E-001  9.5538792610923740E-001
  9.5650952800198386E-001  9.5771458126259157E-001  9.5900060749273031E-001  9.6036493424801994E-001  9.6180551264823233E-001
  9.6331966186493090E-001  9.6490410284287309E-001  9.6655508560050885E-001  9.6827201257736506E-001  9.7005050537395676E-001
  9.7188803308691185E-001  9.7377729253762879E-001  9.7571447013647705E-001  9.7769557739315394E-001  9.7971691647301395E-001
  9.8177470817915891E-001  9.8386402683612784E-001  9.8598033346691338E-001  9.8811943591604867E-001  9.9027676924187047E-001
  9.9244769748163997E-001  9.9462779743893392E-001  9.9681296525026486E-001  9.9900016422309923E-001
BLOCK 39   4.7803922872920390E+000
  1.0011536583794358E+000  1.0034140306015373E+000  1.0056618462670111E+000  1.0078926941917479E+000  1.0101026289155666E+000
  1.0122880055604397E+000  1.0144449797733903E+000  1.0165695882552632E+000  1.0186579630042147E+000  1.0207064784452080E+000
  1.0227114622189339E+000  1.0246693228530959E+000  1.0265776719017068E+000  1.0284354244807885E+000  1.0302384565273341E+000
  1.0319860635759113E+000  1.0336722181666864E+000  1.0352949974579844E+000  1.0368488317158426E+000  1.0383320901527433E+000
  1.0397431993997719E+000  1.0410796987927191E+000  1.0423383990840200E+000  1.0435169024583477E+000  1.0446131675426931E+000
  1.0456249300735936E+000  1.0465505826090200E+000  1.0473887321163999E+000  1.0481373913526288E+000  1.0487946764992471E+000
  1.0493600696253731E+000  1.0498334503634499E+000  1.0502136295944078E+000  1.0504993910084413E+000  1.0506901634017269E+000
  1.0507855569948359E+000  1.0507855569948468E+000  1.0506901634017756E+000  1.0504993910085469E+000  1.0502136295945637E+000
  1.0498334503636397E+000  1.0493600696256125E+000  1.0487946764995484E+000  1.0481373913529881E+000  1.0473887321168047E+000
  1.0465505826094865E+000  1.0456249300741074E+000  1.0446131675432651E+000  1.0435169024590167E+000  1.0423383990847288E+000
  1.0410796987935269E+000  1.0397431994006729E+000  1.0383320901537403E+000  1.0368488317169211E+000  1.0352949974590966E+000
  1.0336722181679039E+000  1.0319860635771700E+000  1.0302384565286782E+000  1.0284354244822222E+000  1.0265776719032325E+000
  1.0246693228546642E+000  1.0227114622205331E+000  1.0207064784468443E+000  1.0186579630059007E+000  1.0165695882570014E+000
  1.0144449797751651E+000  1.0122880055622374E+000  1.0101026289173820E+000  1.0078926941935666E+000  1.0056618462688280E+000
  1.0034140306033499E+000  1.0011536583812337E+000  9.9888536292677532E-001  9.9661373745219706E-001  9.9434357275682927E-001
  9.9207958356746395E-001  9.8982603047346551E-001  9.8758695781032213E-001  9.8536670094524492E-001  9.8317002604237835E-001
  9.8100214042442513E-001  9.7886761520513288E-001  9.7677028175604352E-001  9.7471533255150578E-001  9.7270692988732488E-001
  9.7074825421384081E-001  9.6884509672768326E-001  9.6699987585264058E-001  9.6522159595898305E-001  9.6350985883441298E-001
  9.6186795634937972E-001  9.6029805165588522E-001  9.5880381115125179E-001  9.5738819819605658E-001  9.5605400181758959E-001
  9.5480388978718045E-001  9.5364029153146479E-001  9.5256557096177241E-001  9.5158217158643321E-001  9.5069212997214259E-001
  9.4989681067804588E-001  9.4919750067086495E-001  9.4859563830301985E-001  9.4809236844756961E-001  9.4768858533024491E-001
  9.4738502382719914E-001  9.4718217689458795E-001  9.4708053092809819E-001  9.4708053092805133E-001  9.4718217689445172E-001
  9.4738502382697753E-001  9.4768858532993994E-001  9.4809236844718137E-001  9.4859563830254845E-001  9.4919750067031317E-001
  9.4989681067742326E-001  9.5069212997145347E-001  9.5158217158568525E-001  9.5256557096096584E-001  9.5364029153061314E-001
  9.5480388978625985E-001  9.5605400181660594E-001  9.5738819819501375E-001  9.5880381115013680E-001  9.6029805165470794E-001
  9.6186795634815569E-001  9.6350985883313489E-001  9.6522159595767609E-001  9.6699987585132274E-001  9.6884509672632058E-001
  9.7074825421235156E-001  9.7270692988585405E-001  9.7471533254990361E-001  9.7677028175447855E-001  9.7886761520347276E-001
  9.8100214042272171E-001  9.8317002604071146E-001  9.8536670094356660E-001  9.8758695780862604E-001  9.8982603047175799E-001
  9.9207958356573156E-001  9.9434357275507812E-001  9.9661373745041848E-001  9.9888536292499397E-001
BLOCK 40   4.9061920843260118E+000
  1.0011159229747246E+000  1.0034652740457555E+000  1.0058021149195295E+000  1.0081217982067165E+000  1.0104198855153910E+000
  1.0126925840803682E+000  1.0149362549473389E+000  1.0171469573596867E+000  1.0193204262616875E+000  1.0214529476651337E+000
  1.0235414757200751E+000  1.0255822290312269E+000  1.0275719855434791E+000  1.0295072012983151E+000  1.0313887746427233E+000
  1.0332086087128236E+000  1.0349664974792625E+000  1.0366571535817313E+000  1.0382776631782242E+000  1.0398246638804227E+000
  1.0412961045759854E+000  1.0426884921321167E+000  1.0439988760176764E+000  1.0452257428431964E+000  1.0463667322691224E+000
  1.0474192472430124E+000  1.0483817311035570E+000  1.0492533822901020E+000  1.0500329025480692E+000  1.0507181766662317E+000
  1.0513073801996604E+000  1.0517995799252693E+000  1.0521939701007428E+000  1.0524899054304513E+000  1.0526876037094424E+000
  1.0527869599220985E+000  1.0527869599221285E+000  1.0526876037095321E+000  1.0524899054305872E+000  1.0521939701009209E+000
  1.0517995799254944E+000  1.0513073801999488E+000  1.0507181766665581E+000  1.0500329025484518E+000  1.0492533822905665E+000
  1.0483817311040822E+000  1.0474192472436048E+000  1.0463667322697454E+000  1.0452257428438634E+000  1.0439988760184475E+000
  1.0426884921329620E+000  1.0412961045769047E+000  1.0398246638814590E+000  1.0382776631793378E+000  1.0366571535829638E+000
  1.0349664974805568E+000  1.0332086087141890E+000  1.0313887746441341E+000  1.0295072012998669E+000  1.0275719855451075E+000
  1.0255822290329035E+000  1.0235414757218042E+000  1.0214529476669254E+000  1.0193204262635349E+000  1.0171469573615879E+000
  1.0149362549492891E+000  1.0126925840823364E+000  1.0104198855173538E+000  1.0081217982086748E+000  1.0058021149214795E+000
  1.0034652740477092E+000  1.0011159229766466E+000  9.9875888593181028E-001  9.9639893044367644E-001  9.9404053560931682E-001
  9.9168844375187992E-001  9.8934770874754230E-001  9.8702293342713543E-001  9.8471851659145737E-001  9.8243952692308756E-001
  9.8019031602309803E-001  9.7797475434603853E-001  9.7579892613086294E-001  9.7366750914515066E-001  9.7158319703709417E-001
  9.6955286636529470E-001  9.6757891125536322E-001  9.6567055627354326E-001  9.6382781234848280E-001  9.6205403415024782E-001
  9.6035163296385140E-001  9.5872392536221662E-001  9.5717395697072349E-001  9.5570565010005382E-001  9.5432185886603538E-001
  9.5302525758063050E-001  9.5181832773281394E-001  9.5070314750004603E-001  9.4968182318240513E-001  9.4875647620980141E-001
  9.4792902533190238E-001  9.4720120487747672E-001  9.4657459452424764E-001  9.4605049779573513E-001  9.4563004673434681E-001
  9.4531422170745683E-001  9.4510355765056397E-001  9.4499819517260586E-001  9.4499819517255768E-001  9.4510355765042064E-001
  9.4531422170721691E-001  9.4563004673402107E-001  9.4605049779532846E-001  9.4657459452376580E-001  9.4720120487692061E-001
  9.4792902533127243E-001  9.4875647620909875E-001  9.4968182318162642E-001  9.5070314749920681E-001  9.5181832773190622E-001
  9.5302525757966761E-001  9.5432185886502474E-001  9.5570565009899089E-001  9.5717395696959473E-001  9.5872392536102558E-001
  9.6035163296261816E-001  9.6205403414893276E-001  9.6382781234710424E-001  9.6567055627211340E-001  9.6757891125385054E-001
  9.6955286636373450E-001  9.7158319703545104E-001  9.7366750914346900E-001  9.7579892612911889E-001  9.7797475434429093E-001
  9.8019031602130602E-001  9.8243952692123826E-001  9.8471851658958998E-001  9.8702293342521330E-001  9.8934770874559763E-001
  9.9168844374993903E-001  9.9404053560733896E-001  9.9639893044167238E-001  9.9875888592982165E-001
BLOCK 41   5.0319918813599847E+000
  1.0010681009758591E+000  1.0035096108252470E+000  1.0059388564110581E+000  1.0083516736572913E+000  1.0107435222184984E+000
  1.0131094686884465E+000  1.0154447612107655E+000  1.0177452453873030E+000  1.0200077028535417E+000  1.0222293330779149E+000
  1.0244054164482834E+000  1.0265319274613061E+000  1.0286067317878111E+000  1.0306255413040506E+000  1.0325883042356148E+000
  1.0344873537906687E+000  1.0363202629602135E+000  1.0380823862514190E+000  1.0397704253979241E+000  1.0413829177285394E+000
  1.0429151286914549E+000  1.0443641990371200E+000  1.0457290593845621E+000  1.0470075204838420E+000  1.0481969435972560E+000
  1.0492943526076750E+000  1.0502976739100451E+000  1.0512059012101778E+000  1.0520171914076839E+000  1.0527296423546948E+000
  1.0533425862981864E+000  1.0538553287487544E+000  1.0542665767704540E+000  1.0545755121557538E+000  1.0547819804504550E+000
  1.0548855810815876E+000  1.0548855810816264E+000  1.0547819804505603E+000  1.0545755121559093E+000  1.0542665767706660E+000
  1.0538553287490073E+000  1.0533425862984807E+000  1.0527296423550629E+000  1.0520171914081091E+000  1.0512059012106629E+000
  1.0502976739106200E+000  1.0492943526083129E+000  1.0481969435979763E+000  1.0470075204846541E+000  1.0457290593854258E+000
  1.0443641990380121E+000  1.0429151286924017E+000  1.0413829177296101E+000  1.0397704253991029E+000  1.0380823862526656E+000
  1.0363202629615920E+000  1.0344873537921315E+000  1.0325883042371797E+000  1.0306255413057257E+000  1.0286067317895597E+000
  1.0265319274631111E+000  1.0244054164501475E+000  1.0222293330798453E+000  1.0200077028555241E+000  1.0177452453893390E+000
  1.0154447612128432E+000  1.0131094686905475E+000  1.0107435222206078E+000  1.0083516736594293E+000  1.0059388564132254E+000
  1.0035096108274186E+000  1.0010681009779330E+000  9.9861958045476396E-001  9.9616783583567758E-001  9.9371775647026250E-001
  9.9127462633338814E-001  9.8884307262018212E-001  9.8642768694052441E-001  9.8403438065516668E-001  9.8166840913536224E-001
  9.7933372407206198E-001  9.7703585553694972E-001  9.7477974776228427E-001  9.7256802410732579E-001  9.7040590643549907E-001
  9.6830120364171079E-001  9.6625808271711644E-001  9.6428084761804356E-001  9.6237009624107217E-001  9.6053121001703945E-001
  9.5876669703948025E-001  9.5707934666342709E-001  9.5547285133658211E-001  9.5395004688591123E-001  9.5251397945992911E-001
  9.5116750288351615E-001  9.4991341940455343E-001  9.4875426758164128E-001  9.4769240211666583E-001  9.4673029480788162E-001
  9.4587011677544763E-001  9.4511352943974436E-001  9.4446191180698880E-001  9.4391654776291634E-001  9.4347862879526434E-001
  9.4314919069959602E-001  9.4292908800167574E-001  9.4281890485780950E-001  9.4281890485776965E-001  9.4292908800155462E-001
  9.4314919069938907E-001  9.4347862879497080E-001  9.4391654776253708E-001  9.4446191180652084E-001  9.4511352943919902E-001
  9.4587011677482602E-001  9.4673029480718085E-001  9.4769240211588834E-001  9.4875426758079762E-001  9.4991341940364438E-001
  9.5116750288253438E-001  9.5251397945888361E-001  9.5395004688480478E-001  9.5547285133539572E-001  9.5707934666218020E-001
  9.5876669703816764E-001  9.6053121001563824E-001  9.6237009623961367E-001  9.6428084761655097E-001  9.6625808271556313E-001
  9.6830120363999694E-001  9.7040590643373914E-001  9.7256802410551091E-001  9.7477974776036824E-001  9.7703585553496330E-001
  9.7933372407006325E-001  9.8166840913325981E-001  9.8403438065303217E-001  9.8642768693843241E-001  9.8884307261808413E-001
  9.9127462633126728E-001  9.9371775646812932E-001  9.9616783583351953E-001  9.9861958045258026E-001
BLOCK 42   5.1577916783939575E+000
  1.0010112240089557E+000  1.0035509151111579E+000  1.0060781688074962E+000  1.0085884669765564E+000  1.0110767318503504E+000
  1.0135389506050168E+000  1.0159707884361062E+000  1.0183674680929355E+000  1.0207249823636828E+000  1.0230391601221955E+000
  1.0253051359122780E+000  1.0275202893815341E+000  1.0296836251908250E+000  1.0317919889969565E+000  1.0338391006008445E+000
  1.0358180710023073E+000  1.0377262860115541E+000  1.0395626671881351E+000  1.0413232801925150E+000  1.0430040142155650E+000
  1.0446021913624426E+000  1.0461141378999963E+000  1.0475373007339186E+000  1.0488699576717881E+000  1.0501090103153436E+000
  1.0512524452910093E+000  1.0522990086640926E+000  1.0532460188439599E+000  1.0540911424067747E+000  1.0548335640373814E+000
  1.0554729348467031E+000  1.0560082604721912E+000  1.0564377035769894E+000  1.0567600291695429E+000  1.0569751772241731E+000
  1.0570830109716307E+000  1.0570830109716454E+000  1.0569751772242482E+000  1.0567600291696833E+000  1.0564377035771884E+000
  1.0560082604724785E+000  1.0554729348470795E+000  1.0548335640378153E+000  1.0540911424072579E+000  1.0532460188444976E+000
  1.0522990086646999E+000  1.0512524452916820E+000  1.0501090103160842E+000  1.0488699576726179E+000  1.0475373007348523E+000
  1.0461141379010219E+000  1.0446021913635801E+000  1.0430040142167867E+000  1.0413232801938341E+000  1.0395626671894953E+000
  1.0377262860130045E+000  1.0358180710038942E+000  1.0338391006025089E+000  1.0317919889986789E+000  1.0296836251926524E+000
  1.0275202893834539E+000  1.0253051359142691E+000  1.0230391601242488E+000  1.0207249823658031E+000  1.0183674680951202E+000
  1.0159707884383409E+000  1.0135389506072772E+000  1.0110767318526381E+000  1.0085884669788769E+000  1.0060781688098102E+000
  1.0035509151135094E+000  1.0010112240111715E+000  9.9846547275403374E-001  9.9591655587595906E-001  9.9337059692444629E-001
  9.9083249836888598E-001  9.8830660736134535E-001  9.8579856752060069E-001  9.8331428976925284E-001  9.8085815712533220E-001
  9.7843482196771780E-001  9.7605030402767889E-001  9.7370913275891802E-001  9.7141551563026751E-001  9.6917566436059499E-001
  9.6699321308864761E-001  9.6487753068865523E-001  9.6282811834800375E-001  9.6084846276400016E-001  9.5894119831770730E-001
  9.5711039781818752E-001  9.5535929134255371E-001  9.5369166609001166E-001  9.5211071350663012E-001  9.5061929141423329E-001
  9.4922100904579665E-001  9.4791880439273257E-001  9.4671499880886578E-001  9.4561201437279796E-001  9.4461223713489240E-001
  9.4371788026526016E-001  9.4293091130733886E-001  9.4225309535069623E-001  9.4168600196989782E-001  9.4123083433940047E-001
  9.4088849670200225E-001  9.4065977453917549E-001  9.4054526945834538E-001  9.4054526945830830E-001  9.4065977453905869E-001
  9.4088849670180641E-001  9.4123083433912635E-001  9.4168600196954355E-001  9.4225309535025970E-001  9.4293091130682793E-001
  9.4371788026467673E-001  9.4461223713422926E-001  9.4561201437205178E-001  9.4671499880803456E-001  9.4791880439181131E-001
  9.4922100904479090E-001  9.5061929141316459E-001  9.5211071350549692E-001  9.5369166608879130E-001  9.5535929134123954E-001
  9.5711039781679319E-001  9.5894119831623037E-001  9.6084846276242619E-001  9.6282811834635817E-001  9.6487753068689386E-001
  9.6699321308679886E-001  9.6917566435865521E-001  9.7141551562827033E-001  9.7370913275682969E-001  9.7605030402553150E-001
  9.7843482196551601E-001  9.8085815712310109E-001  9.8331428976696023E-001  9.8579856751828454E-001  9.8830660735903519E-001
  9.9083249836653509E-001  9.9337059692206275E-001  9.9591655587360761E-001  9.9846547275166009E-001
BLOCK 43   5.2835914754279303E+000
  1.0009461565289761E+000  1.0035899290442842E+000  1.0062200964911681E+000  1.0088324142318266E+000  1.0114215456270581E+000
  1.0139839756712550E+000  1.0165159725168962E+000  1.0190120348935214E+000  1.0214676687504260E+000  1.0238791979388020E+000
  1.0262415816758739E+000  1.0285512678654041E+000  1.0308050674441824E+000  1.0330021052956517E+000  1.0351349533857703E+000
  1.0371994730741407E+000  1.0391910036589909E+000  1.0411067568588916E+000  1.0429427120394457E+000  1.0446951123617334E+000
  1.0463615569765417E+000  1.0479386376442261E+000  1.0494224911550467E+000  1.0508112009530102E+000  1.0521037572463174E+000
  1.0532975383179435E+000  1.0543897381340266E+000  1.0553783483145411E+000  1.0562611450885131E+000  1.0570366841821364E+000
  1.0577043049130403E+000  1.0582624656827198E+000  1.0587095478143658E+000  1.0590451367079361E+000  1.0592691838758725E+000
  1.0593813488299020E+000  1.0593813488299300E+000  1.0592691838759554E+000  1.0590451367080909E+000  1.0587095478146038E+000
  1.0582624656830184E+000  1.0577043049134147E+000  1.0570366841825789E+000  1.0562611450890245E+000  1.0553783483151478E+000
  1.0543897381347285E+000  1.0532975383187255E+000  1.0521037572471714E+000  1.0508112009539439E+000  1.0494224911560810E+000
  1.0479386376453288E+000  1.0463615569777285E+000  1.0446951123630330E+000  1.0429427120408108E+000  1.0411067568603851E+000
  1.0391910036605823E+000  1.0371994730758449E+000  1.0351349533875773E+000  1.0330021052975289E+000  1.0308050674461338E+000
  1.0285512678674440E+000  1.0262415816779753E+000  1.0238791979409809E+000  1.0214676687526907E+000  1.0190120348958600E+000
  1.0165159725192736E+000  1.0139839756736817E+000  1.0114215456295308E+000  1.0088324142343132E+000  1.0062200964936785E+000
  1.0035899290468189E+000  1.0009461565312676E+000  9.9829785893177270E-001  9.9564679077445206E-001  9.9299991526816822E-001
  9.9036221682976167E-001  9.8773870552364607E-001  9.8513519900149127E-001  9.8255693750013162E-001  9.8000813786519247E-001
  9.7749334446428426E-001  9.7501806159210525E-001  9.7258908228528718E-001  9.7021059024057099E-001  9.6788722297806595E-001
  9.6562860919224791E-001  9.6343471337889885E-001  9.6130857073751219E-001  9.5925345407402030E-001  9.5727320332003529E-001
  9.5537249085496667E-001  9.5355534751421744E-001  9.5182462271486279E-001  9.5018358283277704E-001  9.4863558599597242E-001
  9.4718373826419755E-001  9.4583119785627212E-001  9.4458075646723672E-001  9.4343504734144301E-001  9.4239665219791746E-001
  9.4146773199071720E-001  9.4065030627501478E-001  9.3994640969029852E-001  9.3935765152944273E-001  9.3888512813411684E-001
  9.3852975445773479E-001  9.3829234350399859E-001  9.3817348747550622E-001  9.3817348747547258E-001  9.3829234350389612E-001
  9.3852975445755860E-001  9.3888512813386038E-001  9.3935765152910300E-001  9.3994640968988197E-001  9.4065030627452817E-001
  9.4146773199016121E-001  9.4239665219728053E-001  9.4343504734072103E-001  9.4458075646642714E-001  9.4583119785537773E-001
  9.4718373826320912E-001  9.4863558599488407E-001  9.5018358283157345E-001  9.5182462271355694E-001  9.5355534751289905E-001
  9.5537249085347931E-001  9.5727320331845966E-001  9.5925345407229101E-001  9.6130857073569309E-001  9.6343471337701281E-001
  9.6562860919029880E-001  9.6788722297596408E-001  9.7021059023838863E-001  9.7258908228306551E-001  9.7501806158973203E-001
  9.7749334446189906E-001  9.8000813786276053E-001  9.8255693749757522E-001  9.8513519899892921E-001  9.8773870552110754E-001
  9.9036221682723746E-001  9.9299991526561471E-001  9.9564679077189355E-001  9.9829785892921252E-001
BLOCK 44   5.4093912724619031E+000
  1.0008734745792716E+000  1.0036231876093353E+000  1.0063595275340669E+000  1.0090793133051374E+000  1.0117767514246543E+000
  1.0144465294326883E+000  1.0170837508647042E+000  1.0196829986668965E+000  1.0222389708327104E+000  1.0247484108115523E+000
  1.0272098624218338E+000  1.0296178954845521E+000  1.0319715555495439E+000  1.0342628561597553E+000  1.0364881060196542E+000
  1.0386387549147373E+000  1.0407134419506336E+000  1.0427102059622804E+000  1.0446250281733624E+000  1.0464537625599355E+000
  1.0481926729019158E+000  1.0498388164922052E+000  1.0513891862020099E+000  1.0528408366224640E+000  1.0541911006820395E+000
  1.0554370444823473E+000  1.0565760963799729E+000  1.0576068883986718E+000  1.0585281442476828E+000  1.0593376409404887E+000
  1.0600336428172881E+000  1.0606158871878288E+000  1.0610837600501810E+000  1.0614356007161347E+000  1.0616704227804115E+000
  1.0617880204759413E+000  1.0617880204759851E+000  1.0616704227805411E+000  1.0614356007163415E+000  1.0610837600504586E+000
  1.0606158871881706E+000  1.0600336428177084E+000  1.0593376409409854E+000  1.0585281442482570E+000  1.0576068883993273E+000
  1.0565760963807231E+000  1.0554370444831902E+000  1.0541911006829827E+000  1.0528408366235058E+000  1.0513891862031308E+000
  1.0498388164934280E+000  1.0481926729032007E+000  1.0464537625612951E+000  1.0446250281748828E+000  1.0427102059639057E+000
  1.0407134419523196E+000  1.0386387549165506E+000  1.0364881060215410E+000  1.0342628561617935E+000  1.0319715555516087E+000
  1.0296178954867483E+000  1.0272098624241528E+000  1.0247484108139426E+000  1.0222389708351434E+000  1.0196829986693654E+000
  1.0170837508672228E+000  1.0144465294352651E+000  1.0117767514272551E+000  1.0090793133077736E+000  1.0063595275367663E+000
  1.0036231876120867E+000  1.0008734745816752E+000  9.9812079180643043E-001  9.9536477228327536E-001  9.9261316753270012E-001
  9.8987176565541801E-001  9.8714544080541322E-001  9.8443930095647991E-001  9.8175977923077651E-001  9.7911260871282257E-001
  9.7650259486456648E-001  9.7393571592454176E-001  9.7141630110978516E-001  9.6894867694688713E-001  9.6653864126624822E-001
  9.6419537153651791E-001  9.6191946162652386E-001  9.5971302068773834E-001  9.5758058504109289E-001  9.5552635421154741E-001
  9.5355399430586707E-001  9.5166736459261014E-001  9.4987000715944703E-001  9.4816552724921244E-001  9.4655759885420898E-001
  9.4504963670009667E-001  9.4364499383885903E-001  9.4234697283570745E-001  9.4115826974377970E-001  9.4008106991956031E-001
  9.3911759633320979E-001  9.3827010415934486E-001  9.3752095652585477E-001  9.3721138743076760E-001  9.3643752848500905E-001
  9.3606753058813752E-001  9.3582036380637990E-001  9.3569670739002142E-001  9.3569670738999045E-001  9.3582036380628086E-001
  9.3606753058797065E-001  9.3643752848478035E-001  9.3721138743058074E-001  9.3752095652562784E-001  9.3827010415887468E-001
  9.3911759633265512E-001  9.4008106991896179E-001  9.4115826974311600E-001  9.4234697283490232E-001  9.4364499383794109E-001
  9.4504963669907505E-001  9.4655759885307933E-001  9.4816552724798020E-001  9.4987000715810510E-001  9.5166736459117685E-001
  9.5355399430430621E-001  9.5552635420988130E-001  9.5758058503932086E-001  9.5971302068586273E-001  9.6191946162450903E-001
  9.6419537153436230E-001  9.6653864126399425E-001  9.6894867694453946E-001  9.7141630110730259E-001  9.7393571592198147E-001
  9.7650259486194368E-001  9.7911260871016059E-001  9.8175977922809554E-001  9.8443930095375154E-001  9.8714544080268241E-001
  9.8987176565269186E-001  9.9261316752993145E-001  9.9536477228052189E-001  9.9812079180367907E-001
BLOCK 45   5.5351910694958759E+000
  1.0007976469041056E+000  1.0036590592472467E+000  1.0065054008705696E+000  1.0093343343919106E+000  1.0121407712604706E+000
  1.0149190569792679E+000  1.0176640169017137E+000  1.0203712827943985E+000  1.0230355353966758E+000  1.0256524803317861E+000
  1.0282181050182952E+000  1.0307282224900507E+000  1.0331817055907930E+000  1.0355705065602030E+000  1.0378893335659296E+000
  1.0401343518947606E+000  1.0423007886060189E+000  1.0443854129923804E+000  1.0463835024209218E+000  1.0482909632473922E+000
  1.0501057645469956E+000  1.0518240199435074E+000  1.0534411864551341E+000  1.0549549968512253E+000  1.0563641061910021E+000
  1.0576663386839884E+000  1.0588586575341394E+000  1.0599378068115772E+000  1.0609007813054412E+000  1.0617455348731275E+000
  1.0624849423131857E+000  1.0627922200706033E+000  1.0635642707712496E+000  1.0639296578006137E+000  1.0641735871195872E+000
  1.0642956228839422E+000  1.0642956228839819E+000  1.0641735871197082E+000  1.0639296578008237E+000  1.0635642707715360E+000
  1.0627922200708255E+000  1.0624849423134506E+000  1.0617455348737006E+000  1.0609007813061189E+000  1.0599378068123140E+000
  1.0588586575349566E+000  1.0576663386849228E+000  1.0563641061920177E+000  1.0549549968523135E+000  1.0534411864563311E+000
  1.0518240199448115E+000  1.0501057645484073E+000  1.0482909632489126E+000  1.0463835024225372E+000  1.0443854129941215E+000
  1.0423007886078770E+000  1.0401343518967026E+000  1.0378893335679795E+000  1.0355705065624004E+000  1.0331817055930517E+000
  1.0307282224923846E+000  1.0282181050207049E+000  1.0256524803342824E+000  1.0230355353992686E+000  1.0203712827970683E+000
  1.0176640169044526E+000  1.0149190569820730E+000  1.0121407712633084E+000  1.0093343343947374E+000  1.0065054008734344E+000
  1.0036590592501367E+000  1.0007976469064792E+000  9.9793419154087293E-001  9.9506729335342703E-001  9.9220606424900681E-001
  9.8935634393097860E-001  9.8652331667479731E-001  9.8371231908686874E-001  9.8092839652231933E-001  9.7817759527749393E-001
  9.7546675188344478E-001  9.7279969240972630E-001  9.7018252884751910E-001  9.6762122771928327E-001  9.6512339673271752E-001
  9.6269216540984848E-001  9.6032960678601742E-001  9.5803957873022905E-001  9.5582581512948317E-001  9.5369258851174765E-001
  9.5164450747085350E-001  9.4968576665127369E-001  9.4782031676915657E-001  9.4605187999040719E-001  9.4438445079172673E-001
  9.4282160849626861E-001  9.4136590527924191E-001  9.4001972185041160E-001  9.3878570002349204E-001  9.3758531583452565E-001
  9.3666357214591145E-001  9.3578107862088911E-001  9.3502135686960186E-001  9.3438628847873229E-001  9.3387700948015684E-001
  9.3349433751054200E-001  9.3323903040741185E-001  9.3311142615673237E-001  9.3311142615671738E-001  9.3323903040734979E-001
  9.3349433751038058E-001  9.3387700947990282E-001  9.3438628847841554E-001  9.3502135686922117E-001  9.3578107862043369E-001
  9.3666357214538609E-001  9.3758531583417404E-001  9.3878570002279593E-001  9.4001972184961458E-001  9.4136590527830932E-001
  9.4282160849523922E-001  9.4438445079054167E-001  9.4605187998913431E-001  9.4782031676772716E-001  9.4968576664973836E-001
  9.5164450746916274E-001  9.5369258850993499E-001  9.5582581512755549E-001  9.5803957872817547E-001  9.6032960678381052E-001
  9.6269216540753677E-001  9.6512339673032599E-001  9.6762122771683956E-001  9.7018252884493694E-001  9.7279969240699748E-001
  9.7546675188071486E-001  9.7817759527465353E-001  9.8092839651932184E-001  9.8371231908395163E-001  9.8652331667186877E-001
  9.8935634392802829E-001  9.9220606424605640E-001  9.9506729335049560E-001  9.9793419153794949E-001
BLOCK 46   5.6609908665298487E+000
  1.0007137421317438E+000  1.0036916089968504E+000  1.0066536684051550E+000  1.0095976234889272E+000  1.0125182764338427E+000
  1.0154103095056071E+000  1.0182683791069322E+000  1.0210863901678295E+000  1.0238591791760032E+000  1.0265849269387906E+000
  1.0292603665608528E+000  1.0318818690051377E+000  1.0344419408107064E+000  1.0369333065091508E+000  1.0393496488388094E+000
  1.0416896673240374E+000  1.0439502165871761E+000  1.0461258907892514E+000  1.0482124264959964E+000  1.0502061524188018E+000
  1.0521027794705935E+000  1.0538985487988692E+000  1.0555897165340098E+000  1.0571724577557480E+000  1.0586438442867487E+000
  1.0600011561169029E+000  1.0612413605876860E+000  1.0624293357507484E+000  1.0633656475189082E+000  1.0642473950984981E+000
  1.0650060772977894E+000  1.0656408325250744E+000  1.0661509176519959E+000  1.0665349319822131E+000  1.0667914171732797E+000
  1.0669196582731557E+000  1.0669196582732046E+000  1.0667914171734185E+000  1.0665349319824633E+000  1.0661509176523529E+000
  1.0656408325255164E+000  1.0650060772983065E+000  1.0642473950991098E+000  1.0633656475195996E+000  1.0624293357511794E+000
  1.0612413605885629E+000  1.0600011561178793E+000  1.0586438442878585E+000  1.0571724577569761E+000  1.0555897165353276E+000
  1.0538985488002754E+000  1.0521027794721016E+000  1.0502061524204300E+000  1.0482124264977228E+000  1.0461258907910775E+000
  1.0439502165891625E+000  1.0416896673261289E+000  1.0393496488410103E+000  1.0369333065114590E+000  1.0344419408131169E+000
  1.0318818690076679E+000  1.0292603665634639E+000  1.0265849269414991E+000  1.0238591791788159E+000  1.0210863901706888E+000
  1.0182683791098222E+000  1.0154103095085527E+000  1.0125182764368046E+000  1.0095976234919490E+000  1.0066536684082010E+000
  1.0036916089999774E+000  1.0007137421343033E+000  9.9773605108004959E-001  9.9475546897802047E-001  9.9178031198090100E-001
  9.8881660079057310E-001  9.8587096173917066E-001  9.8294866743300402E-001  9.8005530954203735E-001  9.7719727589380423E-001
  9.7437955818077870E-001  9.7160869714628229E-001  9.6889091441964070E-001  9.6623015360584119E-001  9.6363813859396552E-001
  9.6111312848899277E-001  9.5865981093716668E-001  9.5628210379420853E-001  9.5398488031716278E-001  9.5177248630140177E-001
  9.4964864556613826E-001  9.4761748303105187E-001  9.4568279998942029E-001  9.4384824850574001E-001  9.4211722508747531E-001
  9.4049305071961753E-001  9.3897914730091414E-001  9.3754259905943305E-001  9.3629563363360790E-001  9.3513321202006472E-001
  9.3409411228229311E-001  9.3318004231436535E-001  9.3239289826369187E-001  9.3173440717491840E-001  9.3120572036539029E-001
  9.3080788793486990E-001  9.3054223604633990E-001  9.3040935517463563E-001  9.3040935517460233E-001  9.3054223604623953E-001
  9.3080788793467817E-001  9.3120572036512317E-001  9.3173440717457046E-001  9.3239289826327310E-001  9.3318004231385787E-001
  9.3409411228173089E-001  9.3513321201938737E-001  9.3629563363283819E-001  9.3754259905892512E-001  9.3897914729993981E-001
  9.4049305071850808E-001  9.4211722508624074E-001  9.4384824850436444E-001  9.4568279998789395E-001  9.4761748302938353E-001
  9.4964864556436157E-001  9.5177248629948907E-001  9.5398488031510165E-001  9.5628210379202461E-001  9.5865981093488395E-001
  9.6111312848657748E-001  9.6363813859141378E-001  9.6623015360316977E-001  9.6889091441687358E-001  9.7160869714340747E-001
  9.7437955817778843E-001  9.7719727589078242E-001  9.8005530953901221E-001  9.8294866742989284E-001  9.8587096173606703E-001
  9.8881660078742140E-001  9.9178031197772798E-001  9.9475546897485667E-001  9.9773605107688168E-001
BLOCK 47   5.7867906635638215E+000
  1.0006236367842649E+000  1.0037203704207411E+000  1.0068016547911380E+000  1.0098653777506503E+000  1.0129056153688221E+000
  1.0159161453007159E+000  1.0188919785689872E+000  1.0218281620323235E+000  1.0247187914565004E+000  1.0275593679472561E+000
  1.0303454549903150E+000  1.0330775289096283E+000  1.0357464404320420E+000  1.0383469078914178E+000  1.0408724778755798E+000
  1.0433184128854642E+000  1.0456802956202984E+000  1.0479522449969647E+000  1.0501302874802827E+000  1.0522109246744871E+000
  1.0541890503970246E+000  1.0560602372608876E+000  1.0578222046023817E+000  1.0594728061060663E+000  1.0610079854617938E+000
  1.0624590297847611E+000  1.0637201440546888E+000  1.0648934782591069E+000  1.0659419172126900E+000  1.0668637488149484E+000
  1.0676569423038853E+000  1.0683197978998038E+000  1.0688512841781508E+000  1.0692506256855647E+000  1.0695172682760157E+000
  1.0696508108063219E+000  1.0696508108063729E+000  1.0695172682761704E+000  1.0692506256858223E+000  1.0688512841785116E+000
  1.0683197979002899E+000  1.0676569423044788E+000  1.0668637488156294E+000  1.0659419172134590E+000  1.0648934782599722E+000
  1.0637201440556550E+000  1.0624590297853369E+000  1.0610079854629526E+000  1.0594728061073531E+000  1.0578222046037697E+000
  1.0560602372623769E+000  1.0541890503986477E+000  1.0522109246762421E+000  1.0501302874821736E+000  1.0479522449989751E+000
  1.0456802956224116E+000  1.0433184128877171E+000  1.0408724778778893E+000  1.0383469078938006E+000  1.0357464404347001E+000
  1.0330775289123433E+000  1.0303454549930735E+000  1.0275593679500963E+000  1.0247187914594567E+000  1.0218281620353806E+000
  1.0188919785721193E+000  1.0159161453039116E+000  1.0129056153720795E+000  1.0098653777539399E+000  1.0068016547944647E+000
  1.0037203704240849E+000  1.0006236367868122E+000  9.9752676025926057E-001  9.9442592729155654E-001  9.9133134885829721E-001
  9.8824952568550073E-001  9.8518559455499610E-001  9.8214563315751680E-001  9.7913711725087083E-001  9.7616588452390396E-001
  9.7323703781113380E-001  9.7035855750906008E-001  9.6753477584360470E-001  9.6477725936659409E-001  9.6208630371059201E-001
  9.5946533427605640E-001  9.5691799111824483E-001  9.5444937994479329E-001  9.5206358253457291E-001  9.4976574211546239E-001
  9.4756021597633899E-001  9.4545057818504030E-001  9.4344075469944333E-001  9.4153467011581249E-001  9.3973609933826840E-001
  9.3778190376464443E-001  9.3647587549275046E-001  9.3502226948155520E-001  9.3369156628445282E-001  9.3248622835289707E-001
  9.3140888238583464E-001  9.3046134197061958E-001  9.2964554420785961E-001  9.2896316386091993E-001  9.2841569119707112E-001
  9.2800427207063496E-001  9.2772972507379114E-001  9.2759243888836562E-001  9.2759243888831733E-001  9.2772972507365614E-001
  9.2800427207042357E-001  9.2841569119678202E-001  9.2896316386052857E-001  9.2964554420736867E-001  9.3046134196999486E-001
  9.3140888238507902E-001  9.3248622835205053E-001  9.3369156628354677E-001  9.3502226948050637E-001  9.3647587549161382E-001
  9.3778190376394988E-001  9.3973609933694702E-001  9.4153467011432512E-001  9.4344075469788602E-001  9.4545057818329115E-001
  9.4756021597445361E-001  9.4976574211349896E-001  9.5206358253243484E-001  9.5444937994249468E-001  9.5691799111585030E-001
  9.5946533427348080E-001  9.6208630370795201E-001  9.6477725936377190E-001  9.6753477584068737E-001  9.7035855750607469E-001
  9.7323703780805670E-001  9.7616588452069120E-001  9.7913711724762564E-001  9.8214563315424530E-001  9.8518559455169086E-001
  9.8824952568219082E-001  9.9133134885498608E-001  9.9442592728821100E-001  9.9752676025593168E-001
BLOCK 48   5.9125904605977944E+000
  1.0005210576963592E+000  1.0037459287164383E+000  1.0069546142670580E+000  1.0101442301719248E+000  1.0133082944881635E+000
  1.0164420694307057E+000  1.0195408654955000E+000  1.0225991066747695E+000  1.0256112244363063E+000  1.0285710015660363E+000
  1.0314857265032393E+000  1.0343333019714624E+000  1.0371169098487230E+000  1.0398290020950292E+000  1.0424633417897560E+000
  1.0450146676940701E+000  1.0474778415342318E+000  1.0498482584907731E+000  1.0521211347817470E+000  1.0542921852236675E+000
  1.0563570271013762E+000  1.0583111587740357E+000  1.0601508052616402E+000  1.0618727644034520E+000  1.0634737631488771E+000
  1.0649520624300164E+000  1.0663051266326355E+000  1.0675304932090988E+000  1.0686252232329458E+000  1.0695874222258406E+000
  1.0704161095173836E+000  1.0711096739682993E+000  1.0716659385141845E+000  1.0720835828010338E+000  1.0723620673204219E+000
  1.0725012455091676E+000  1.0725012455092249E+000  1.0723620673205863E+000  1.0720835828013076E+000  1.0716659385145832E+000
  1.0711096739688217E+000  1.0704161095180205E+000  1.0695874222265738E+000  1.0686252232337887E+000  1.0675304932100558E+000
  1.0663051266337107E+000  1.0649520624311970E+000  1.0634737631501598E+000  1.0618727644048400E+000  1.0601508052631414E+000
  1.0583111587756040E+000  1.0563570271030538E+000  1.0542921852255143E+000  1.0521211347837036E+000  1.0498482584928388E+000
  1.0474778415364683E+000  1.0450146676964187E+000  1.0424633417922542E+000  1.0398290020977048E+000  1.0371169098515187E+000
  1.0343333019743575E+000  1.0314857265062098E+000  1.0285710015691620E+000  1.0256112244395104E+000  1.0225991066780213E+000
  1.0195408654988436E+000  1.0164420694341283E+000  1.0133082944915983E+000  1.0101442301753762E+000  1.0069546142705361E+000
  1.0037459287199324E+000  1.0005210576989478E+000  9.9729710697735985E-001  9.9406994968957130E-001  9.9085042182931993E-001
  9.8764457197214406E-001  9.8445856425805933E-001  9.8129983020979650E-001  9.7817440616078932E-001  9.7508732608429538E-001
  9.7204560901369563E-001  9.6905536494728284E-001  9.6612314463213234E-001  9.6326048581240109E-001  9.6046614619356563E-001
  9.5774380246838187E-001  9.5509813190064330E-001  9.5253341411415637E-001  9.5005448532359460E-001  9.4766586583980184E-001
  9.4537230118495819E-001  9.4317809571841016E-001  9.4108753844165727E-001  9.3910532828127313E-001  9.3736110532771533E-001
  9.3548331033691579E-001  9.3385273059355478E-001  9.3234717379494114E-001  9.3096894853605683E-001  9.2972060289270331E-001
  9.2860468633938964E-001  9.2762302339848701E-001  9.2677783695985350E-001  9.2607072575390459E-001  9.2550330865526964E-001
  9.2507681889758986E-001  9.2479204862671505E-001  9.2464954978097669E-001  9.2464954978089875E-001  9.2479204862650366E-001
  9.2507681889726334E-001  9.2550330865481378E-001  9.2607072575335381E-001  9.2677783695921956E-001  9.2762302339774727E-001
  9.2860468633855064E-001  9.2972060289174185E-001  9.3096894853498324E-001  9.3234717379379040E-001  9.3385273059233287E-001
  9.3548331033553267E-001  9.3736110532874128E-001  9.3910532827967796E-001  9.4108753843996351E-001  9.4317809571658318E-001
  9.4537230118299487E-001  9.4766586583765833E-001  9.5005448532134062E-001  9.5253341411179571E-001  9.5509813189816417E-001
  9.5774380246577029E-001  9.6046614619076598E-001  9.6326048580947821E-001  9.6612314462909799E-001  9.6905536494413635E-001
  9.7204560901046755E-001  9.7508732608091186E-001  9.7817440615736329E-001  9.8129983020634415E-001  9.8445856425450695E-001
  9.8764457196858935E-001  9.9085042182576399E-001  9.9406994968596030E-001  9.9729710697375118E-001
BLOCK 49   6.0383902576317672E+000
  1.0004037302929845E+000  1.0037595015732559E+000  1.0070991795244499E+000  1.0104204756755100E+000  1.0137183792590798E+000
  1.0169866183113614E+000  1.0202180111779593E+000  1.0234072927870468E+000  1.0265490726580520E+000  1.0296379246725669E+000
  1.0326747165600663E+000  1.0356474870305485E+000  1.0385509079543402E+000  1.0413793407415115E+000  1.0441257339563246E+000
  1.0467862294664163E+000  1.0493553651234904E+000  1.0518259444211147E+000  1.0541939978851649E+000  1.0564570214597657E+000
  1.0586106281257786E+000  1.0606494500530921E+000  1.0625404262742941E+000  1.0643674105367100E+000  1.0660409160893987E+000
  1.0675861200687153E+000  1.0689999036788578E+000  1.0702797615915902E+000  1.0714232811815736E+000  1.0724284116857150E+000
  1.0732936197744489E+000  1.0740172355275099E+000  1.0745974776322844E+000  1.0750333102046739E+000  1.0753242480391592E+000
  1.0754698476427904E+000  1.0754698476428519E+000  1.0753242480393450E+000  1.0750333102049865E+000  1.0745974776327343E+000
  1.0740172355280964E+000  1.0732936197751610E+000  1.0724284116865332E+000  1.0714232811824940E+000  1.0702797615926327E+000
  1.0689999036800166E+000  1.0675861200699723E+000  1.0660409160907736E+000  1.0643674105381915E+000  1.0625404262728249E+000
  1.0606494500548576E+000  1.0586106281276360E+000  1.0564570214617415E+000  1.0541939978872750E+000  1.0518259444233538E+000
  1.0493553651258558E+000  1.0467862294689416E+000  1.0441257339589880E+000  1.0413793407442975E+000  1.0385509079571824E+000
  1.0356474870337351E+000  1.0326747165632517E+000  1.0296379246758425E+000  1.0265490726614146E+000  1.0234072927905189E+000
  1.0202180111815458E+000  1.0169866183150107E+000  1.0137183792627802E+000  1.0104204756792678E+000  1.0070991795282174E+000
  1.0037595015769925E+000  1.0004037302955497E+000  9.9704888528322966E-001  9.9369276657642414E-001  9.9034529377180580E-001
  9.8701241433154008E-001  9.8370012140015450E-001  9.8041510191515313E-001  9.7716556200474280E-001  9.7395801600428566E-001
  9.7079735693825620E-001  9.6769277042203361E-001  9.6465168041859339E-001  9.6167804656388278E-001  9.5877329257397059E-001
  9.5594205476208682E-001  9.5318915746247923E-001  9.5052062316493069E-001  9.4794222504486692E-001  9.4545889035893760E-001
  9.4307495921648721E-001  9.4079478275865169E-001  9.3862291325180702E-001  9.3656399541739332E-001  9.3462333944731069E-001
  9.3280554015187211E-001  9.3111391337211857E-001  9.2955183686850662E-001  9.2812233516284148E-001  9.2682782112926376E-001
  9.2567095810411892E-001  9.2465412654728318E-001  9.2377905233007418E-001  9.2304738916955120E-001  9.2246057770090506E-001
  9.2201932659021058E-001  9.2172455709340417E-001  9.2157692837695693E-001  9.2157692837688954E-001  9.2172455709318435E-001
  9.2201932658985986E-001  9.2246057770044099E-001  9.2304738916894835E-001  9.2377905232932056E-001  9.2465412654643253E-001
  9.2567095810313793E-001  9.2682782112812545E-001  9.2812233516160647E-001  9.2955183686717191E-001  9.3111391337066340E-001
  9.3280554015032857E-001  9.3462333944568854E-001  9.3656399541599744E-001  9.3862291324996727E-001  9.4079478275669259E-001
  9.4307495921439000E-001  9.4545889035672559E-001  9.4794222504251768E-001  9.5052062316243069E-001  9.5318915745984079E-001
  9.5594205475933391E-001  9.5877329257115018E-001  9.6167804656084077E-001  9.6465168041548111E-001  9.6769277041874835E-001
  9.7079735693482216E-001  9.7395801600075504E-001  9.7716556200113869E-001  9.8041510191150616E-001  9.8370012139650032E-001
  9.8701241432783238E-001  9.9034529376806135E-001  9.9369276657267391E-001  9.9704888527945457E-001
BLOCK 50   6.1641900546657400E+000
  1.0001643927838004E+000  1.0037720380919215E+000  1.0072524646906929E+000  1.0107142173391068E+000  1.0141507107733232E+000
  1.0175556348886450E+000  1.0209233351159799E+000  1.0242482706610121E+000  1.0275241104170791E+000  1.0307465975256771E+000
  1.0339135349375821E+000  1.0370148249838249E+000  1.0400433233394537E+000  1.0429925590742339E+000  1.0458569257723063E+000
  1.0486308175047589E+000  1.0513093361675725E+000  1.0538871119908255E+000  1.0563583657499027E+000  1.0587186277059184E+000
  1.0609636491927645E+000  1.0628047784407650E+000  1.0650909299715725E+000  1.0669674583766939E+000  1.0687138571591663E+000
  1.0703260968690682E+000  1.0718018911398925E+000  1.0731390768770717E+000  1.0743346408042960E+000  1.0753854538235945E+000
  1.0762892074145016E+000  1.0770445225024003E+000  1.0776503773682249E+000  1.0781057358901791E+000  1.0784097556834098E+000
  1.0785619122298284E+000  1.0785619122298928E+000  1.0784097556836136E+000  1.0781057358905282E+000  1.0776503773687056E+000
  1.0770445225030132E+000  1.0762892074152433E+000  1.0753854538244654E+000  1.0743346408053129E+000  1.0731390768782136E+000
  1.0718018911411364E+000  1.0703260968704524E+000  1.0687138571606813E+000  1.0669674583783240E+000  1.0650909299733453E+000
  1.0628047784407226E+000  1.0609636491947034E+000  1.0587186277080021E+000  1.0563583657521345E+000  1.0538871119932165E+000
  1.0513093361700678E+000  1.0486308175074279E+000  1.0458569257751467E+000  1.0429925590771745E+000  1.0400433233425723E+000
  1.0370148249870690E+000  1.0339135349409718E+000  1.0307465975291576E+000  1.0275241104206845E+000  1.0242482706647187E+000
  1.0209233351197540E+000  1.0175556348925272E+000  1.0141507107772507E+000  1.0107142173430230E+000  1.0072524646946190E+000
  1.0037720380958861E+000  1.0001643927852197E+000  9.9678506510589149E-001  9.9329243326337735E-001  9.8980964225614176E-001
  9.8634368860850286E-001  9.8290115296134917E-001  9.7948873288580884E-001  9.7611185329196593E-001  9.7277684205880688E-001
  9.6949193109019649E-001  9.6626328986936971E-001  9.6310335880520448E-001  9.6001112047752224E-001  9.5699140991782528E-001
  9.5404841937990736E-001  9.5118773385339905E-001  9.4841465133786140E-001  9.4573426373832226E-001  9.4315166169325071E-001
  9.4067199749405994E-001  9.3830009000509806E-001  9.3604246289795423E-001  9.3390408444038131E-001  9.3189026204178516E-001
  9.3000484850251131E-001  9.2825121538701849E-001  9.2663202473620210E-001  9.2514998594884057E-001  9.2380776211299609E-001
  9.2260805864602113E-001  9.2155351271288577E-001  9.2064612425725878E-001  9.1988735165345703E-001  9.1927857047552919E-001
  9.1882097799701856E-001  9.1851528504716584E-001  9.1836224700905922E-001  9.1836224700898395E-001  9.1851528504693625E-001
  9.1882097799663653E-001  9.1927857047500727E-001  9.1988735165276980E-001  9.2064612425644698E-001  9.2155351271192631E-001
  9.2260805864490880E-001  9.2380776211174653E-001  9.2514998594748221E-001  9.2663202473472472E-001  9.2825121538540267E-001
  9.3000484850077370E-001  9.3189026203992475E-001  9.3390408443840967E-001  9.3604246289584958E-001  9.3830009000303194E-001
  9.4067199749182817E-001  9.4315166169087594E-001  9.4573426373583114E-001  9.4841465133524316E-001  9.5118773385062205E-001
  9.5404841937699902E-001  9.5699140991477405E-001  9.6001112047435977E-001  9.6310335880195519E-001  9.6626328986604848E-001
  9.6949193108671106E-001  9.7277684205514070E-001  9.7611185328825401E-001  9.7948873288197014E-001  9.8290115295737857E-001
  9.8634368860457866E-001  9.8980964225221046E-001  9.9329243325940442E-001  9.9678506510191422E-001
BLOCK 51   6.2899898516997128E+000
  1.0001050060008787E+000  1.0037913068212152E+000  1.0074155772598492E+000  1.0110213528549605E+000  1.0146012152099870E+000
  1.0181477769046074E+000  1.0216548776095955E+000  1.0251191909941149E+000  1.0285358684551997E+000  1.0319019358721842E+000
  1.0352063641557456E+000  1.0384405187393668E+000  1.0415952826721893E+000  1.0446686489559829E+000  1.0476560392717664E+000
  1.0505504471565121E+000  1.0533450957600070E+000  1.0560340013665823E+000  1.0586120204549752E+000  1.0610738054217519E+000
  1.0634141889838666E+000  1.0656328894788409E+000  1.0677226195458969E+000  1.0696800730435905E+000  1.0715017032855361E+000
  1.0731837747930428E+000  1.0747231861003566E+000  1.0761173829392829E+000  1.0773634417750801E+000  1.0784589783526655E+000
  1.0794023292841752E+000  1.0801915507606556E+000  1.0808250082782516E+000  1.0813018287457101E+000  1.0816210799871098E+000
  1.0817813291877958E+000  1.0817813291878762E+000  1.0816210799873425E+000  1.0813018287460736E+000  1.0808250082787538E+000
  1.0801915507613087E+000  1.0794023292849835E+000  1.0784589783536369E+000  1.0773634417761981E+000  1.0761173829405213E+000
  1.0747231861017381E+000  1.0731837747945647E+000  1.0715017032871810E+000  1.0696800730453584E+000  1.0677226195478060E+000
  1.0656328894808600E+000  1.0634141889850648E+000  1.0610738054240274E+000  1.0586120204573792E+000  1.0560340013691381E+000
  1.0533450957627173E+000  1.0505504471593790E+000  1.0476560392747887E+000  1.0446686489591677E+000  1.0415952826755186E+000
  1.0384405187428303E+000  1.0352063641593021E+000  1.0319019358758588E+000  1.0285358684589980E+000  1.0251191909980282E+000
  1.0216548776135554E+000  1.0181477769086067E+000  1.0146012152140416E+000  1.0110213528590912E+000  1.0074155772640454E+000
  1.0037913068254012E+000  1.0001050060022318E+000  9.9651593771114311E-001  9.9287996062644779E-001  9.8925438283417932E-001
  9.8564634227914549E-001  9.8206339197024284E-001  9.7851141774026218E-001  9.7499627997029470E-001  9.7152820101733040E-001
  9.6811361336788238E-001  9.6476245223743640E-001  9.6147880981996725E-001  9.5826345846387184E-001  9.5512187014470018E-001
  9.5206080026031215E-001  9.4908560098291672E-001  9.4620207071426865E-001  9.4341561013423791E-001  9.4073096641819698E-001
  9.3815406595689688E-001  9.3569137069577524E-001  9.3334823111170451E-001  9.3112978689570935E-001  9.2904035070994928E-001
  9.2708346539885689E-001  9.2526263255999575E-001  9.2358119417301743E-001  9.2204257515803234E-001  9.2064958097270122E-001
  9.1940475750419282E-001  9.1831064599595591E-001  9.1736947778386835E-001  9.1658274506352511E-001  9.1595135411590134E-001
  9.1547644686536711E-001  9.1515903697002132E-001  9.1499990902866224E-001  9.1499990902856077E-001  9.1515903696976353E-001
  9.1547644686495022E-001  9.1595135411530704E-001  9.1658274506277482E-001  9.1736947778297029E-001  9.1831064599487766E-001
  9.1940475750295025E-001  9.2064958097132443E-001  9.2204257515654175E-001  9.2358119417138906E-001  9.2526263255824104E-001
  9.2708346539699882E-001  9.2904035070793023E-001  9.3112978689355264E-001  9.3334823110935894E-001  9.3569137069338104E-001
  9.3815406595439566E-001  9.4073096641564291E-001  9.4341561013154251E-001  9.4620207071146889E-001  9.4908560098000294E-001
  9.5206080025727113E-001  9.5512187014155348E-001  9.5826345846059535E-001  9.6147880981655731E-001  9.6476245223388490E-001
  9.6811361336418789E-001  9.7152820101351045E-001  9.7499627996635641E-001  9.7851141773627992E-001  9.8206339196623593E-001
  9.8564634227503101E-001  9.8925438283002909E-001  9.9287996062227424E-001  9.9651593770694269E-001
BLOCK 52   6.4157896487336856E+000
  1.0000234398033272E+000  1.0038104583650092E+000  1.0075852615925347E+000  1.0113397895066381E+000  1.0150685658049543E+000
  1.0187649254534163E+000  1.0224217372044391E+000  1.0260331045787228E+000  1.0295928950095676E+000  1.0331014425639382E+000
  1.0365456420089278E+000  1.0399185185670696E+000  1.0432124660957696E+000  1.0464206978020063E+000  1.0495375090364158E+000
  1.0525553670471790E+000  1.0554682351553188E+000  1.0582715236454685E+000  1.0609589612366477E+000  1.0635237860823372E+000
  1.0659662186627687E+000  1.0682801945906708E+000  1.0704615760188949E+000  1.0725049062752459E+000  1.0744055719474233E+000
  1.0761602676076487E+000  1.0777661340930089E+000  1.0792203916460243E+000  1.0805203349298336E+000  1.0816631163526196E+000
  1.0826464247989109E+000  1.0834684475102097E+000  1.0841277339773967E+000  1.0846233770130036E+000  1.0849543544131366E+000
  1.0851198612195361E+000  1.0851198612196300E+000  1.0849543544134015E+000  1.0846233770134286E+000  1.0841277339779882E+000
  1.0834684475109451E+000  1.0826464247997949E+000  1.0816631163536650E+000  1.0805203349310319E+000  1.0792203916473668E+000
  1.0777661340945015E+000  1.0761602676092861E+000  1.0744055719492083E+000  1.0725049062771910E+000  1.0704615760209888E+000
  1.0682801945929254E+000  1.0659662186651702E+000  1.0635237860840272E+000  1.0609589612393047E+000  1.0582715236482321E+000
  1.0554682351581597E+000  1.0525553670501571E+000  1.0495375090395787E+000  1.0464206978053006E+000  1.0432124660991990E+000
  1.0399185185706956E+000  1.0365456420126462E+000  1.0331014425678433E+000  1.0295928950135680E+000  1.0260331045828255E+000
  1.0224217372086795E+000  1.0187649254576976E+000  1.0150685658092660E+000  1.0113397895109701E+000  1.0075852615968655E+000
  1.0038104583693532E+000  1.0000234398054348E+000  9.9623377112948419E-001  9.9244787166814941E-001  9.8867174741425712E-001
  9.8491364664308167E-001  9.8118166726484257E-001  9.7748298006078349E-001  9.7382637573544162E-001  9.7021793048321170E-001
  9.6666529914286092E-001  9.6318176963644953E-001  9.5976664316681071E-001  9.5642377595656380E-001  9.5315875909900527E-001
  9.4997696150017319E-001  9.4688443346006246E-001  9.4388658558209793E-001  9.4098903902115616E-001  9.3819843393975766E-001
  9.3552075257132783E-001  9.3296324095241667E-001  9.3053093232096851E-001  9.2822866132954140E-001  9.2606008205492041E-001
  9.2402919456459398E-001  9.2213931197071042E-001  9.2039398475736367E-001  9.1879665841339142E-001  9.1735020527633715E-001
  9.1605749516511781E-001  9.1492129109627340E-001  9.1394382570942090E-001  9.1312649016978920E-001  9.1247067536413529E-001
  9.1197763704107271E-001  9.1164823440383169E-001  9.1148322266072490E-001  9.1148322266060877E-001  9.1164823440351750E-001
  9.1197763704060164E-001  9.1247067536348658E-001  9.1312649016897718E-001  9.1394382570847077E-001  9.1492129109515230E-001
  9.1605749516378898E-001  9.1735020527481803E-001  9.1879665841170322E-001  9.2039398475552714E-001  9.2213931196870835E-001
  9.2402919456251409E-001  9.2606008205270873E-001  9.2822866132722082E-001  9.3053093231849537E-001  9.3296324094980243E-001
  9.3552075256866296E-001  9.3819843393699520E-001  9.4098903901828213E-001  9.4388658557907346E-001  9.4688443345688222E-001
  9.4997696149687916E-001  9.5315875909558823E-001  9.5642377595305306E-001  9.5976664316317017E-001  9.6318176963268176E-001
  9.6666529913898835E-001  9.7021793047923366E-001  9.7382637573133390E-001  9.7748298005664347E-001  9.8118166726064937E-001
  9.8491364663883607E-001  9.8867174740998676E-001  9.9244787166383908E-001  9.9623377112516487E-001
BLOCK 53   6.5415894457676584E+000
  9.9990472336557290E-001  1.0038257596391589E+000  1.0077601689017597E+000  1.0116746058752575E+000  1.0155616632086266E+000
  1.0194144912360228E+000  1.0232258197282362E+000  1.0269890015719376E+000  1.0306995075100640E+000  1.0343552301288037E+000
  1.0379448352910334E+000  1.0414599575166927E+000  1.0448936751069411E+000  1.0482389997023194E+000  1.0514886824460403E+000
  1.0546361879445936E+000  1.0576749896859978E+000  1.0605987102275531E+000  1.0634000790550999E+000  1.0660810449063900E+000
  1.0686299864516622E+000  1.0710440573063393E+000  1.0733182826292889E+000  1.0754476436971729E+000  1.0774286372897826E+000
  1.0792578828345978E+000  1.0809315287368215E+000  1.0824468668424776E+000  1.0838017566646128E+000  1.0849933791012027E+000
  1.0860185829229880E+000  1.0868751510500427E+000  1.0875618326977796E+000  1.0880778791339023E+000  1.0884225183756637E+000
  1.0885949443116247E+000  1.0885949443117189E+000  1.0884225183759317E+000  1.0880778791343417E+000  1.0875618326983962E+000
  1.0868751510508337E+000  1.0860185829239510E+000  1.0849933791023525E+000  1.0838017566659521E+000  1.0824468668440121E+000
  1.0809315287385384E+000  1.0792578828364767E+000  1.0774286372917943E+000  1.0754476436993026E+000  1.0733182826315719E+000
  1.0710440573087650E+000  1.0686299864542006E+000  1.0660810449090570E+000  1.0634000790562850E+000  1.0605987102304952E+000
  1.0576749896890834E+000  1.0546361879478638E+000  1.0514886824494232E+000  1.0482389997058981E+000  1.0448936751106570E+000
  1.0414599575205392E+000  1.0379448352950260E+000  1.0343552301328862E+000  1.0306995075142267E+000  1.0269890015761756E+000
  1.0232258197325523E+000  1.0194144912404106E+000  1.0155616632130582E+000  1.0116746058797352E+000  1.0077601689062428E+000
  1.0038257596436264E+000  9.9990472336674785E-001  9.9593039228115354E-001  9.9198538715659135E-001  9.8805300591644074E-001
  9.8414090445420155E-001  9.8025689446527242E-001  9.7640896153498935E-001  9.7260386037976188E-001  9.6884897424328897E-001
  9.6515226856382297E-001  9.6152730418305199E-001  9.5797297235343348E-001  9.5449397360938038E-001  9.5109692925914469E-001
  9.4778791520301553E-001  9.4457216285614609E-001  9.4145559873375317E-001  9.3844461742358054E-001  9.3554613201412262E-001
  9.3276677013466047E-001  9.3011223683220723E-001  9.2758729472621859E-001  9.2519640299240002E-001  9.2294396291434877E-001
  9.2083443302508405E-001  9.1887167712715845E-001  9.1705948875348775E-001  9.1540099051878465E-001  9.1389955393094757E-001
  9.1255789792486597E-001  9.1137846513679510E-001  9.1036313615837416E-001  9.0951365682890217E-001  9.0883191836489141E-001
  9.0831944615030036E-001  9.0797713789871159E-001  9.0780569139392964E-001  9.0780569139382450E-001  9.0797713789839862E-001
  9.0831944614980831E-001  9.0883191836418142E-001  9.0951365682793106E-001  9.1036313615730824E-001  9.1137846513544318E-001
  9.1255789792327180E-001  9.1389955392922784E-001  9.1540099051698076E-001  9.1705948875151289E-001  9.1887167712507956E-001
  9.2083443302284773E-001  9.2294396291197622E-001  9.2519640298985650E-001  9.2758729472355128E-001  9.3011223682938515E-001
  9.3276677013168541E-001  9.3554613201105208E-001  9.3844461742045315E-001  9.4145559873051443E-001  9.4457216285274403E-001
  9.4778791519946903E-001  9.5109692925547928E-001  9.5449397360559529E-001  9.5797297234957668E-001  9.6152730417915067E-001
  9.6515226855977121E-001  9.6884897423908389E-001  9.7260386037555857E-001  9.7640896153056134E-001  9.8025689446090714E-001
  9.8414090444972380E-001  9.8805300591185852E-001  9.9198538715206930E-001  9.9593039227666347E-001
BLOCK 54   6.6673892428016313E+000
  9.9972114337101670E-001  1.0038419411426742E+000  1.0079407249421284E+000  1.0120193280819745E+000  1.0160688892910159E+000
  1.0200812011056326E+000  1.0240522306797768E+000  1.0279780109653016E+000  1.0318547824465849E+000  1.0356701569983002E+000
  1.0394121293108076E+000  1.0430731030764253E+000  1.0466502381914391E+000  1.0501367419575396E+000  1.0535243049751013E+000
  1.0568054053051821E+000  1.0599731156082133E+000  1.0630177096262883E+000  1.0659453853843375E+000  1.0687399011881829E+000
  1.0713988483223529E+000  1.0739165038813754E+000  1.0762878820546244E+000  1.0785085074091818E+000  1.0805740700343900E+000
  1.0824809420742589E+000  1.0842255356003054E+000  1.0858046398620940E+000  1.0872156284394761E+000  1.0884556816124040E+000
  1.0895227767666089E+000  1.0904154531654628E+000  1.0911319986975330E+000  1.0916710417649151E+000  1.0920316643811367E+000
  1.0922125906163356E+000  1.0922125906164375E+000  1.0920316643814514E+000  1.0916710417654383E+000  1.0911319986982726E+000
  1.0904154531664010E+000  1.0895227767677296E+000  1.0884556816137130E+000  1.0872156284409740E+000  1.0858046398637666E+000
  1.0842255356021628E+000  1.0824809420762795E+000  1.0805740700365649E+000  1.0785085074115326E+000  1.0762878820571291E+000
  1.0739165038840308E+000  1.0713988483251844E+000  1.0687399011911474E+000  1.0659453853874132E+000  1.0630177096263072E+000
  1.0599731156115653E+000  1.0568054053086804E+000  1.0535243049787477E+000  1.0501367419613266E+000  1.0466502381953673E+000
  1.0430731030804496E+000  1.0394121293148157E+000  1.0356701570026805E+000  1.0318547824509117E+000  1.0279780109697063E+000
  1.0240522306842470E+000  1.0200812011101785E+000  1.0160688892956202E+000  1.0120193280865732E+000  1.0079407249467525E+000
  1.0038419411473278E+000  9.9972114337363271E-001  9.9561614547560306E-001  9.9150493773172466E-001  9.8740643067746703E-001
  9.8333022944534165E-001  9.7928406519564393E-001  9.7527560304650318E-001  9.7131413787651388E-001  9.6740597621089952E-001
  9.6356728615653686E-001  9.5979692542977846E-001  9.5609964233437361E-001  9.5248006395060703E-001  9.4894471768998112E-001
  9.4549976249174894E-001  9.4215197294934960E-001  9.3890842003074015E-001  9.3577694322727889E-001  9.3276526332336152E-001
  9.2987894773208535E-001  9.2712314253491046E-001  9.2450235367725053E-001  9.2202098551120026E-001  9.1968327422024665E-001
  9.1749356673942539E-001  9.1545595872963725E-001  9.1357404070452120E-001  9.1185182630441142E-001  9.1029279225248894E-001
  9.0890034205961368E-001  9.0767774606633400E-001  9.0662580632479972E-001  9.0573403932650121E-001  9.0502036641529204E-001
  9.0448994707960739E-001  9.0413476406946103E-001  9.0395767442837016E-001  9.0395767442826092E-001  9.0413476406913640E-001
  9.0448994707903951E-001  9.0502036641446748E-001  9.0573403932554242E-001  9.0662580632353307E-001  9.0767774606489093E-001
  9.0890034205801862E-001  9.1029279225067283E-001  9.1185182630235428E-001  9.1357404070217907E-001  9.1545595872720509E-001
  9.1749356673684490E-001  9.1968327421753171E-001  9.2202098550834066E-001  9.2450235367430933E-001  9.2712314253187178E-001
  9.2987894772892221E-001  9.3276526332006393E-001  9.3577694322383020E-001  9.3890842002729857E-001  9.4215197294570041E-001
  9.4549976248798273E-001  9.4894471768610500E-001  9.5248006394662343E-001  9.5609964233028644E-001  9.5979692542557671E-001
  9.6356728615221265E-001  9.6740597620645297E-001  9.7131413787194076E-001  9.7527560304189065E-001  9.7928406519097622E-001
  9.8333022944067117E-001  9.8740643067281142E-001  9.9150493772700110E-001  9.9561614547093946E-001
BLOCK 55   6.7931890398356041E+000
  9.9954807347474661E-001  1.0038445734484944E+000  1.0081173185461918E+000  1.0123695389353944E+000  1.0165929792636170E+000
  1.0207794309382585E+000  1.0249215314772466E+000  1.0290125170608797E+000  1.0330531455517398E+000  1.0370299347685581E+000
  1.0409342475293339E+000  1.0447566883485586E+000  1.0484899223476041E+000  1.0521264310943110E+000  1.0556572767180037E+000
  1.0590758008478449E+000  1.0624189325293396E+000  1.0655519627256378E+000  1.0685972023818049E+000  1.0715070785401670E+000
  1.0742770449530628E+000  1.0769009961224685E+000  1.0793726849327736E+000  1.0816871621318416E+000  1.0838404188000923E+000
  1.0858287446788641E+000  1.0876487453985577E+000  1.0892969726420560E+000  1.0907704825235875E+000  1.0920674837587161E+000
  1.0931855336310135E+000  1.0941083244760552E+000  1.0948421879296959E+000  1.0953983057256298E+000  1.0957682730462124E+000
  1.0959538373787996E+000  1.0959538373789450E+000  1.0957682730466247E+000  1.0953983057263053E+000  1.0948421879306487E+000
  1.0941083244772101E+000  1.0931855336322600E+000  1.0920674837601478E+000  1.0907704825252298E+000  1.0892969726439032E+000
  1.0876487454005701E+000  1.0858287446811099E+000  1.0838404188024953E+000  1.0816871621344395E+000  1.0793726849355509E+000
  1.0769009961254332E+000  1.0742770449561989E+000  1.0715070785434500E+000  1.0685972023851553E+000  1.0655519627290675E+000
  1.0624189325312297E+000  1.0590758008514853E+000  1.0556572767217298E+000  1.0521264310982208E+000  1.0484899223516027E+000
  1.0447566883526667E+000  1.0409342475336505E+000  1.0370299347729561E+000  1.0330531455562511E+000  1.0290125170654663E+000
  1.0249215314819125E+000  1.0207794309430023E+000  1.0165929792684028E+000  1.0123695389402556E+000  1.0081173185510710E+000
  1.0038445734533390E+000  9.9954807347796670E-001  9.9527261205710293E-001  9.9099213903790406E-001  9.8672654443773544E-001
  9.8248260553260214E-001  9.7826916272389663E-001  9.7409576423664690E-001  9.6997036721796259E-001  9.6590294413208477E-001
  9.6190704756151812E-001  9.5798264367998076E-001  9.5413357653515063E-001  9.5036652725409976E-001  9.4668781299164706E-001
  9.4310420106967507E-001  9.3962220977202227E-001  9.3624713391227166E-001  9.3299449618411001E-001  9.2986422496283749E-001
  9.2686365465426290E-001  9.2399849154035729E-001  9.2127447491332803E-001  9.1869830578099798E-001  9.1627621461882103E-001
  9.1401058429403115E-001  9.1189933396021849E-001  9.0994207059240295E-001  9.0814763581620928E-001  9.0652396956835213E-001
  9.0506642716272034E-001  9.0379021191302411E-001  9.0269323223761067E-001  9.0176938393469830E-001  9.0103223477316419E-001
  9.0047324178049204E-001  9.0010149349149526E-001  8.9991502930081735E-001  8.9991502930070055E-001  9.0010149349118251E-001
  9.0047324177989940E-001  9.0103223477231742E-001  9.0176938393361183E-001  9.0269323223630471E-001  9.0379021191147157E-001
  9.0506642716094765E-001  9.0652396956638381E-001  9.0814763581401048E-001  9.0994207058992771E-001  9.1189933395749767E-001
  9.1401058429105086E-001  9.1627621461569342E-001  9.1869830577777456E-001  9.2127447491000425E-001  9.2399849153693780E-001
  9.2686365465073439E-001  9.2986422495921961E-001  9.3299449618040853E-001  9.3624713390980285E-001  9.3962220976811439E-001
  9.4310420106567161E-001  9.4668781298753257E-001  9.5036652724987891E-001  9.5413357653077902E-001  9.5798264367548991E-001
  9.6190704755693823E-001  9.6590294412737521E-001  9.6997036721318064E-001  9.7409576423180289E-001  9.7826916271905606E-001
  9.8248260552777156E-001  9.8672654443290597E-001  9.9099213903306960E-001  9.9527261205225492E-001
BLOCK 56   6.9189888368695769E+000
  9.9936935056013254E-001  1.0038478022878812E+000  1.0083010645424146E+000  1.0127334915803186E+000  1.0171365402051873E+000
  1.0215017725211109E+000  1.0258214902076466E+000  1.0300894164483030E+000  1.0343042998806855E+000  1.0384525042964590E+000
  1.0425237761504000E+000  1.0465095875317578E+000  1.0504017068237248E+000  1.0541921984295903E+000  1.0578733841778152E+000
  1.0614379310709188E+000  1.0648778527300204E+000  1.0681900046915016E+000  1.0713664481309613E+000  1.0744003871492580E+000
  1.0772868625082506E+000  1.0800207680758471E+000  1.0825986359272779E+000  1.0850171532484552E+000  1.0872678799213040E+000
  1.0893392837253051E+000  1.0912268291616769E+000  1.0929325758343131E+000  1.0944461357207071E+000  1.0957869458714828E+000
  1.0969414871431507E+000  1.0979039651885081E+000  1.0986806397973072E+000  1.0992644258858484E+000  1.0996541286059960E+000
  1.0998492416428411E+000  1.0998492416429730E+000  1.0996541286064059E+000  1.0992644258865045E+000  1.0986806397982676E+000
  1.0979039651897757E+000  1.0969414871446219E+000  1.0957869458732057E+000  1.0944461357227115E+000  1.0929325758364670E+000
  1.0912268291640306E+000  1.0893392837278328E+000  1.0872678799239748E+000  1.0850171532512807E+000  1.0825986359302702E+000
  1.0800207680789760E+000  1.0772868625115437E+000  1.0744003871526746E+000  1.0713664481345087E+000  1.0681900046951784E+000
  1.0648778527337845E+000  1.0614379310748125E+000  1.0578733841818357E+000  1.0541921984337252E+000  1.0504017068279865E+000
  1.0465095875361494E+000  1.0425237761548822E+000  1.0384525043010859E+000  1.0343042998853667E+000  1.0300894164530654E+000
  1.0258214902124689E+000  1.0215017725259732E+000  1.0171365402101005E+000  1.0127334915852859E+000  1.0083010645474244E+000
  1.0038478022929147E+000  9.9936935056391607E-001  9.9491492965150297E-001  9.9045423876737515E-001  9.8600937794725063E-001
  9.8158942689911888E-001  9.7720326862871831E-001  9.7285881190255252E-001  9.6856278416500818E-001  9.6433320679454226E-001
  9.6017393707622822E-001  9.5608814790634955E-001  9.5207958168851625E-001  9.4815503859931272E-001  9.4432235341855753E-001
  9.4059024617442899E-001  9.3696089932499727E-001  9.3346709691143503E-001  9.3009209661145653E-001  9.2684564248203061E-001
  9.2373138976469926E-001  9.2075689150504103E-001  9.1792788624995902E-001  9.1524606859917990E-001  9.1271492367300078E-001
  9.1034346134587707E-001  9.0813633822841533E-001  9.0609417624748578E-001  9.0422525136454035E-001  9.0253964004029419E-001
  9.0103487831326801E-001  8.9971386668366626E-001  8.9857414588084406E-001  8.9762182927432843E-001  8.9686002014244570E-001
  8.9628920264391299E-001  8.9590679984901533E-001  8.9571820864032625E-001  8.9571820864020368E-001  8.9590679984863608E-001
  8.9628920264331469E-001  8.9686002014155441E-001  8.9762182927309775E-001  8.9857414587939366E-001  8.9971386668201447E-001
  9.0103487831138818E-001  9.0253964003813147E-001  9.0422525136205600E-001  9.0609417624485533E-001  9.0813633822556794E-001
  9.1034346134284883E-001  9.1271492366955542E-001  9.1524606859558688E-001  9.1792788624627009E-001  9.2075689150118500E-001
  9.2373138976071301E-001  9.2684564247794909E-001  9.3009209660728209E-001  9.3346709690714758E-001  9.3696089932428661E-001
  9.4059024617002474E-001  9.4432235341409143E-001  9.4815503859476491E-001  9.5207958168389195E-001  9.5608814790170360E-001
  9.6017393707152965E-001  9.6433320678976964E-001  9.6856278416023123E-001  9.7285881189750467E-001  9.7720326862365703E-001
  9.8158942689382656E-001  9.8600937794199706E-001  9.9045423876223615E-001  9.9491492964639638E-001
BLOCK 57   7.0447886339035497E+000
  9.9918463861178985E-001  1.0038540012594326E+000  1.0084967808579273E+000  1.0131167236687779E+000  1.0177056903264299E+000
  1.0222556896130399E+000  1.0267585517128479E+000  1.0312090842878052E+000  1.0356040497055150E+000  1.0399295155192712E+000
  1.0441748620558629E+000  1.0483305171168105E+000  1.0523880392894860E+000  1.0563393502797345E+000  1.0601771408836571E+000
  1.0638934584972866E+000  1.0674895751891071E+000  1.0709520586049881E+000  1.0742728792742957E+000  1.0774424441643318E+000
  1.0804534693954346E+000  1.0833004494135108E+000  1.0859769839995534E+000  1.0884780887989693E+000  1.0908008899536603E+000
  1.0929407892763818E+000  1.0948937685897784E+000  1.0966693990123229E+000  1.0982583648434983E+000  1.0996555501257275E+000
  1.1008573596420110E+000  1.1018636791828218E+000  1.1026722247480421E+000  1.1032810061130800E+000  1.1036873362405937E+000
  1.1038914827470123E+000  1.1038914827471762E+000  1.1036873362410773E+000  1.1032810061138201E+000  1.1026722247490779E+000
  1.1018636791841947E+000  1.1008573596436131E+000  1.0996555501275729E+000  1.0982583648457229E+000  1.0966693990147651E+000
  1.0948937685924574E+000  1.0929407892791942E+000  1.0908008899566126E+000  1.0884780888020646E+000  1.0859769840027673E+000
  1.0833004494168981E+000  1.0804534693989456E+000  1.0774424441680033E+000  1.0742728792780925E+000  1.0709520586088874E+000
  1.0674895751931408E+000  1.0638934585004176E+000  1.0601771408879166E+000  1.0563393502841281E+000  1.0523880392939835E+000
  1.0483305171214243E+000  1.0441748620605693E+000  1.0399295155239598E+000  1.0356040497105616E+000  1.0312090842927717E+000
  1.0267585517178586E+000  1.0222556896181323E+000  1.0177056903316291E+000  1.0131167236740066E+000  1.0084967808631238E+000
  1.0038540012646842E+000  9.9918463861610241E-001  9.9454079747026036E-001  9.8989134040541482E-001  9.8525869658881660E-001
  9.8065257389300065E-001  9.7608178894323150E-001  9.7155413777958033E-001  9.6708172707199103E-001  9.6267979775790447E-001
  9.5835360437925698E-001  9.5410416285098165E-001  9.4993619159139253E-001  9.4585746430522466E-001  9.4187612221483352E-001
  9.3800351682398542E-001  9.3423122403628733E-001  9.3058456071965645E-001  9.2706646511762769E-001  9.2368153888622251E-001
  9.2043328206524810E-001  9.1732935626012979E-001  9.1437729817759439E-001  9.1158044996408516E-001  9.0894169892341314E-001
  9.0647287254001407E-001  9.0417685958259142E-001  9.0206197445747138E-001  9.0013193831290683E-001  8.9838643188316825E-001
  8.9682819186186979E-001  8.9545925853546249E-001  8.9428202930890843E-001  8.9329759963296473E-001  8.9250830511113266E-001
  8.9191423138893056E-001  8.9151896828345778E-001  8.9132282315064248E-001  8.9132282315052147E-001  8.9151896828307609E-001
  8.9191423138821135E-001  8.9250830511008994E-001  8.9329759963169053E-001  8.9428202930741540E-001  8.9545925853371322E-001
  8.9682819185982954E-001  8.9838643188084633E-001  9.0013193831034299E-001  9.0206197445465652E-001  9.0417685957955285E-001
  9.0647287253659303E-001  9.0894169891988374E-001  9.1158044996016174E-001  9.1437729817357227E-001  9.1732935625589851E-001
  9.2043328206074582E-001  9.2368153888159588E-001  9.2706646511300383E-001  9.3058456071492446E-001  9.3423122403155778E-001
  9.3800351681934835E-001  9.4187612221008676E-001  9.4585746430035977E-001  9.4993619158650056E-001  9.5410416284596067E-001
  9.5835360437415207E-001  9.6267979775273105E-001  9.6708172706672557E-001  9.7155413777429345E-001  9.7608178893789177E-001
  9.8065257388763571E-001  9.8525869658351251E-001  9.8989134040010240E-001  9.9454079746495305E-001
BLOCK 58   7.1705884309375225E+000
  9.9898242048275776E-001  1.0038482919081120E+000  1.0086883182315305E+000  1.0135063409798013E+000  1.0182913427466844E+000
  1.0230338643948875E+000  1.0277279109384001E+000  1.0323741883647366E+000  1.0369580120022455E+000  1.0414694702332292E+000
  1.0458993288814424E+000  1.0502397439939399E+000  1.0544787138646401E+000  1.0586051363126230E+000  1.0625849083469179E+000
  1.0664934558006380E+000  1.0702400287458107E+000  1.0738419767755405E+000  1.0772913547808725E+000  1.0805811402405539E+000
  1.0837057325462240E+000  1.0866591492588065E+000  1.0894354332230474E+000  1.0920333510061619E+000  1.0944437785957419E+000
  1.0966770980929650E+000  1.0987208257852015E+000  1.1005736208598367E+000  1.1022294266941020E+000  1.1036856446969607E+000
  1.1049399310645431E+000  1.1059890287980834E+000  1.1068277743011399E+000  1.1074577533178478E+000  1.1078798513372474E+000
  1.1080919925915362E+000  1.1080919925917410E+000  1.1078798513377495E+000  1.1074577533185972E+000  1.1068277743021915E+000
  1.1059890287994854E+000  1.1049399310662364E+000  1.1036856446989274E+000  1.1022294266963482E+000  1.1005736208623473E+000
  1.0987208257880339E+000  1.0966770980960261E+000  1.0944437785990218E+000  1.0920333510096076E+000  1.0894354332266647E+000
  1.0866591492625601E+000  1.0837057325501360E+000  1.0805811402445915E+000  1.0772913547850049E+000  1.0738419767796994E+000
  1.0702400287499922E+000  1.0664934558049315E+000  1.0625849083469743E+000  1.0586051363171178E+000  1.0544787138692790E+000
  1.0502397439987208E+000  1.0458993288863074E+000  1.0414694702382843E+000  1.0369580120074087E+000  1.0323741883700102E+000
  1.0277279109437751E+000  1.0230338644002877E+000  1.0182913427520919E+000  1.0135063409852589E+000  1.0086883182370339E+000
  1.0038482919135436E+000  9.9898242048745212E-001  9.9414145675551069E-001  9.8929486412434242E-001  9.8446763499574286E-001
  9.7966972764351812E-001  9.7491111514462403E-001  9.7020251741872943E-001  9.6555386102753127E-001  9.6097973810017689E-001
  9.5647824631611389E-001  9.5205492138954884E-001  9.4771487367371532E-001  9.4346468470943479E-001  9.3931236245768512E-001
  9.3526855206992432E-001  9.3134108843031504E-001  9.2753853664807329E-001  9.2386832694928156E-001  9.2033551582694617E-001
  9.1694620641700419E-001  9.1371081109393948E-001  9.1063589503783215E-001  9.0771981670334712E-001  9.0498112691975596E-001
  9.0242577743197483E-001  9.0005214211740958E-001  8.9786419623990399E-001  8.9586479607267888E-001  8.9405544289601613E-001
  8.9243994042453767E-001  8.9102018545876638E-001  8.8979704560894901E-001  8.8877444636818281E-001  8.8795436408892281E-001
  8.8733839146743143E-001  8.8692670133431417E-001  8.8672034889028528E-001  8.8672034889013429E-001  8.8692670133386697E-001
  8.8733839146671534E-001  8.8795436408793749E-001  8.8877444636689895E-001  8.8979704560735318E-001  8.9102018545686601E-001
  8.9243994042237795E-001  8.9405544289357108E-001  8.9586479606994895E-001  8.9786419623692271E-001  9.0005214211408990E-001
  9.0242577742837049E-001  9.0498112691577937E-001  9.0771981669925772E-001  9.1063589503358022E-001  9.1371081108928376E-001
  9.1694620641227320E-001  9.2033551582211404E-001  9.2386832694433951E-001  9.2753853664298125E-001  9.3134108842509755E-001
  9.3526855206459736E-001  9.3931236245248173E-001  9.4346468470401446E-001  9.4771487366821383E-001  9.5205492138409009E-001
  9.5647824631063061E-001  9.6097973809465198E-001  9.6555386102200846E-001  9.7020251741316332E-001  9.7491111513902828E-001
  9.7966972763802362E-001  9.8446763499021706E-001  9.8929486411888912E-001  9.9414145675006171E-001
BLOCK 59   7.2963882279714953E+000
  9.9876478834873283E-001  1.0038291366198373E+000  1.0088693892152192E+000  1.0138904291200761E+000  1.0188823561433944E+000
  1.0238352554283847E+000  1.0287413124892431E+000  1.0335993974497533E+000  1.0383922413287954E+000  1.0431070575562289E+000
  1.0477323599618786E+000  1.0522584091962768E+000  1.0566759266438075E+000  1.0609749081426649E+000  1.0651453435200227E+000
  1.0691810797346772E+000  1.0730727273380869E+000  1.0768117404267459E+000  1.0803920247373766E+000  1.0838079575121782E+000
  1.0870540001282587E+000  1.0901228181449025E+000  1.0930122820838304E+000  1.0957195427464002E+000  1.0982417367715100E+000
  1.1005708595321217E+000  1.1027045317611845E+000  1.1046360128463806E+000  1.1063622533009465E+000  1.1078786467553392E+000
  1.1091841048562725E+000  1.1102768448362932E+000  1.1111546836691086E+000  1.1118136786032813E+000  1.1122527980421855E+000
  1.1124716601946301E+000  1.1124716601947782E+000  1.1122527980426191E+000  1.1118136786040373E+000  1.1111546836701989E+000
  1.1102768448376608E+000  1.1091841048579199E+000  1.1078786467573047E+000  1.1063622533032937E+000  1.1046360128489945E+000
  1.1027045317641313E+000  1.1005708595352870E+000  1.0982417367751536E+000  1.0957195427500788E+000  1.0930122820877466E+000
  1.0901228181489637E+000  1.0870540001324396E+000  1.0838079575164925E+000  1.0803920247418071E+000  1.0768117404312612E+000
  1.0730727273427059E+000  1.0691810797393633E+000  1.0651453435247911E+000  1.0609749081475375E+000  1.0566759266487353E+000
  1.0522584092012819E+000  1.0477323599669885E+000  1.0431070575614325E+000  1.0383922413341176E+000  1.0335993974551547E+000
  1.0287413124947211E+000  1.0238352554339227E+000  1.0188823561489704E+000  1.0138904291256925E+000  1.0088693892208815E+000
  1.0038291366255199E+000  9.9876478835390692E-001  9.9372699123494590E-001  9.8868512799732922E-001  9.8366372918530209E-001
  9.7867235208532599E-001  9.7372006706215775E-001  9.6881747705538512E-001  9.6397563736104619E-001  9.5920921535099513E-001
  9.5451452327243524E-001  9.4989754723679332E-001  9.4536524375717967E-001  9.4092671460006161E-001  9.3657946133914882E-001
  9.3237249701523139E-001  9.2827545331926631E-001  9.2431152719376830E-001  9.2048921315824461E-001  9.1681034721708399E-001
  9.1328208640675546E-001  9.0991900814609894E-001  9.0672309680345320E-001  9.0369846213197746E-001  9.0086647885246107E-001
  8.9821606976478230E-001  8.9575404331084540E-001  8.9348067080808091E-001  8.9140253632116262E-001  8.8952403066820207E-001
  8.8784583757980939E-001  8.8637115361905683E-001  8.8510211126944272E-001  8.8404094575828396E-001  8.8319033734925645E-001
  8.8255126069750334E-001  8.8212474912626559E-001  8.8191126543645437E-001  8.8191126543631082E-001  8.8212474912582595E-001
  8.8255126069675982E-001  8.8319033734822061E-001  8.8404094575693815E-001  8.8510211126772198E-001  8.8637115361700647E-001
  8.8784583757743296E-001  8.8952403066557628E-001  8.9140253631830990E-001  8.9348067080487814E-001  8.9575404330736152E-001
  8.9821606976102919E-001  9.0086647884844639E-001  9.0369846212776905E-001  9.0672309679898500E-001  9.0991900814117543E-001
  9.1328208640172304E-001  9.1681034721170229E-001  9.2048921315273780E-001  9.2431152718819676E-001  9.2827545331361427E-001
  9.3237249700947633E-001  9.3657946133634906E-001  9.4092671459417732E-001  9.4536524375129083E-001  9.4989754723090691E-001
  9.5451452326657327E-001  9.5920921534509462E-001  9.6397563735517955E-001  9.6881747704948529E-001  9.7372006705617531E-001
  9.7867235207936254E-001  9.8366372917940048E-001  9.8868512799146147E-001  9.9372699122914354E-001
BLOCK 60   7.4221880250054681E+000
  9.9856369078536233E-001  1.0038450819492470E+000  1.0091040336185864E+000  1.0143414054852402E+000  1.0195474181751809E+000
  1.0247121431124184E+000  1.0298278256325757E+000  1.0348913606044636E+000  1.0398860689476601E+000  1.0447987034721296E+000
  1.0496174183207945E+000  1.0543309805728347E+000  1.0589292199630078E+000  1.0633983268255560E+000  1.0677418361775064E+000
  1.0719394322009275E+000  1.0759874363418003E+000  1.0798781150191366E+000  1.0836024026302431E+000  1.0871546283613096E+000
  1.0905307994011908E+000  1.0937254704089376E+000  1.0967367110592161E+000  1.0995588423560885E+000  1.1021879083561619E+000
  1.1046172292792937E+000  1.1068416066942537E+000  1.1088573438085236E+000  1.1106585623063838E+000  1.1122426664477691E+000
  1.1136073468451486E+000  1.1147474511710402E+000  1.1156619469504951E+000  1.1163490239610694E+000  1.1168075056151741E+000
  1.1170371409283186E+000  1.1170371409284738E+000  1.1168075056156710E+000  1.1163490239618734E+000  1.1156619469516125E+000
  1.1147474511724875E+000  1.1136073468469236E+000  1.1122426664498193E+000  1.1106585623087515E+000  1.1088573438111884E+000
  1.1068416066971309E+000  1.1046172292825815E+000  1.1021879083596675E+000  1.0995588423599199E+000  1.0967367110632638E+000
  1.0937254704133197E+000  1.0905307994057347E+000  1.0871546283660132E+000  1.0836024026350541E+000  1.0798781150240995E+000
  1.0759874363468434E+000  1.0719394322060247E+000  1.0677418361826569E+000  1.0633983268280174E+000  1.0589292199682816E+000
  1.0543309805781742E+000  1.0496174183262024E+000  1.0447987034776174E+000  1.0398860689532272E+000  1.0348913606100609E+000
  1.0298278256382263E+000  1.0247121431181279E+000  1.0195474181809521E+000  1.0143414054910689E+000  1.0091040336244497E+000
  1.0038450819552183E+000  9.9856369079116347E-001  9.9330825622152008E-001  9.8805352765941923E-001  9.8282038197273369E-001
  9.7761855215949178E-001  9.7245755520618371E-001  9.6734676393887331E-001  9.6230526049760956E-001  9.5733036323878495E-001
  9.5242911543758746E-001  9.4760829235025001E-001  9.4287476578969454E-001  9.3824986466343696E-001  9.3371990526827886E-001
  9.2932164474625545E-001  9.2505304549243172E-001  9.2092326153124615E-001  9.1694088775792082E-001  9.1311413449909040E-001
  9.0945011259236685E-001  9.0595445827711885E-001  9.0263876548265609E-001  8.9950976109579572E-001  8.9656883433333379E-001
  8.9381810913906157E-001  8.9126025103531947E-001  8.8890058200947575E-001  8.8674074813473380E-001  8.8478638397590292E-001
  8.8304258519078527E-001  8.8151032025112364E-001  8.8019204509447591E-001  8.7908927183710850E-001  8.7820400082323824E-001
  8.7753923785327825E-001  8.7709636093082399E-001  8.7687502957460151E-001  8.7687502957442276E-001  8.7709636093029553E-001
  8.7753923785241095E-001  8.7820400082200711E-001  8.7908927183547647E-001  8.8019204509257876E-001  8.8151032024917630E-001
  8.8304258518831624E-001  8.8478638397313025E-001  8.8674074813168502E-001  8.8890058200610034E-001  8.9126025103162521E-001
  8.9381810913504223E-001  8.9656883432903944E-001  8.9950976109127034E-001  9.0263876547791289E-001  9.0595445827207055E-001
  9.0945011258692299E-001  9.1311413449350065E-001  9.1694088775205818E-001  9.2092326152513859E-001  9.2505304548639222E-001
  9.2932164474016421E-001  9.3371990526208659E-001  9.3824986465728921E-001  9.4287476578335261E-001  9.4760829234386756E-001
  9.5242911543131281E-001  9.5733036323250553E-001  9.6230526049115139E-001  9.6734676393248886E-001  9.7245755519972399E-001
  9.7761855215305782E-001  9.8282038196641786E-001  9.8805352765322896E-001  9.9330825621526919E-001
BLOCK 61   7.5479878220394410E+000
  9.9839208263324120E-001  1.0039044541554840E+000  1.0093925451405408E+000  1.0148539590009185E+000  1.0202779924825218E+000
  1.0256547664727702E+000  1.0309778182907681E+000  1.0362437976252603E+000  1.0414369055114712E+000  1.0465445861941265E+000
  1.0515547951524007E+000  1.0564557756404851E+000  1.0612380176142140E+000  1.0658908050393943E+000  1.0704078664597152E+000
  1.0747778799737941E+000  1.0789912610040033E+000  1.0830404388837866E+000  1.0869188958286926E+000  1.0906197815792280E+000
  1.0941374530252155E+000  1.0974711218913322E+000  1.1006146767976908E+000  1.1035609816604390E+000  1.1063035496518676E+000
  1.1088365869255308E+000  1.1111556786008188E+000  1.1132563331396232E+000  1.1151347597832693E+000  1.1167861974100730E+000
  1.1182071394764017E+000  1.1193963439655639E+000  1.1203509190661483E+000  1.1210691080254960E+000  1.1215497245009354E+000
  1.1217901365350220E+000  1.1217901365351914E+000  1.1215497245014237E+000  1.1210691080262738E+000  1.1203509190673002E+000
  1.1193963439670336E+000  1.1182071394781803E+000  1.1167861974122106E+000  1.1151347597856385E+000  1.1132563331423084E+000
  1.1111556786038588E+000  1.1088365869288450E+000  1.1063035496555009E+000  1.1035609816644152E+000  1.1006146768019107E+000
  1.0974711218958086E+000  1.0941374530299266E+000  1.0906197815841838E+000  1.0869188958338365E+000  1.0830404388890864E+000
  1.0789912610093819E+000  1.0747778799792713E+000  1.0704078664652859E+000  1.0658908050449949E+000  1.0612380176197713E+000
  1.0564557756460191E+000  1.0515547951580901E+000  1.0465445861999478E+000  1.0414369055173298E+000  1.0362437976313061E+000
  1.0309778182968359E+000  1.0256547664788884E+000  1.0202779924887921E+000  1.0148539590071795E+000  1.0093925451467956E+000
  1.0039044541618156E+000  9.9839208263940638E-001  9.9289833204738764E-001  9.8740495946400186E-001  9.8193394006881618E-001
  9.7649542311595094E-001  9.7110104896678173E-001  9.6576556435507643E-001  9.6050452678425902E-001  9.5531580462088950E-001
  9.5020486859639053E-001  9.4517890450236919E-001  9.4024645504803639E-001  9.3541050081555277E-001  9.3070643416756693E-001
  9.2612289663866898E-001  9.2167771269822663E-001  9.1737905992966085E-001  9.1323444764877748E-001  9.0925196871254066E-001
  9.0543945481981158E-001  9.0181737836960540E-001  8.9837898739488420E-001  8.9513009886452422E-001  8.9207548443904772E-001
  8.8921776519696960E-001  8.8656055936590628E-001  8.8410857895596984E-001  8.8186541157737253E-001  8.7983474917118609E-001
  8.7802133205776278E-001  8.7642893475771977E-001  8.7503169483916909E-001  8.7390843952465280E-001  8.7298519718225376E-001
  8.7229123581634194E-001  8.7182727903093138E-001  8.7159526538555121E-001  8.7159526538535448E-001  8.7182727903046686E-001
  8.7229123581559587E-001  8.7298519718112144E-001  8.7390843952305097E-001  8.7503169483814502E-001  8.7642893475547123E-001
  8.7802133205515720E-001  8.7983474916828353E-001  8.8186541157411558E-001  8.8410857895240280E-001  8.8656055936199096E-001
  8.8921776519280371E-001  8.9207548443453710E-001  8.9513009885967021E-001  8.9837898738986610E-001  9.0181737836436582E-001
  9.0543945481411259E-001  9.0925196870664093E-001  9.1323444764264217E-001  9.1737905992348534E-001  9.2167771269172982E-001
  9.2612289663213676E-001  9.3070643416100407E-001  9.3541050080981314E-001  9.4024645504130877E-001  9.4517890449555708E-001
  9.5020486858948128E-001  9.5531580461396670E-001  9.6050452677737663E-001  9.6576556434817162E-001  9.7110104895990768E-001
  9.7649542310905157E-001  9.8193394006204426E-001  9.8740495945734896E-001  9.9289833204086264E-001
BLOCK 62   7.6737876190734138E+000
  9.9820374558366431E-001  1.0039505295286051E+000  1.0096709779674822E+000  1.0153651706906437E+000  1.0210194698751582E+000
  1.0266217317851887E+000  1.0321752055917521E+000  1.0376591554546049E+000  1.0430623575763451E+000  1.0483729138439473E+000
  1.0535773508086095E+000  1.0586665018522352E+000  1.0636302351756106E+000  1.0684692274051324E+000  1.0731639086656533E+000
  1.0777069201480658E+000  1.0820900104147799E+000  1.0863052853308051E+000  1.0903451300910625E+000  1.0942038260104974E+000
  1.0978791629983045E+000  1.1013631185975274E+000  1.1046471130438111E+000  1.1077239673475980E+000  1.1105874188324605E+000
  1.1132320039656591E+000  1.1156526092045274E+000  1.1178444123806692E+000  1.1198028950923833E+000  1.1215243389780467E+000
  1.1230051471308045E+000  1.1242416726926603E+000  1.1251177101224810E+000  1.1259757312687606E+000  1.1264734488944028E+000
  1.1267229819748681E+000  1.1267229819749909E+000  1.1264734488948691E+000  1.1259757312695693E+000  1.1251177101218712E+000
  1.1242416726941604E+000  1.1230051471326432E+000  1.1215243389801428E+000  1.1198028950947692E+000  1.1178444123834219E+000
  1.1156526092076524E+000  1.1132320039690953E+000  1.1105874188362181E+000  1.1077239673517032E+000  1.1046471130481694E+000
  1.1013631186021733E+000  1.0978791630032254E+000  1.0942038260155735E+000  1.0903451300962452E+000  1.0863052853361912E+000
  1.0820900104203761E+000  1.0777069201537754E+000  1.0731639086714864E+000  1.0684692274110539E+000  1.0636302351791986E+000
  1.0586665018583066E+000  1.0535773508147737E+000  1.0483729138502131E+000  1.0430623575827134E+000  1.0376591554610735E+000
  1.0321752055983104E+000  1.0266217317918265E+000  1.0210194698818900E+000  1.0153651706974247E+000  1.0096709779743100E+000
  1.0039505295354803E+000  9.9820374559042491E-001  9.9246877518709875E-001  9.8673201239955755E-001  9.8101629661002032E-001
  9.7533353529819133E-001  9.6969514386008160E-001  9.6411612696137583E-001  9.5861651039913109E-001  9.5319406556960640E-001
  9.4785416435698966E-001  9.4260507890164691E-001  9.3745674874489038E-001  9.3242542780270754E-001  9.2752240327101643E-001
  9.2275661820682719E-001  9.1813541716116998E-001  9.1366758647826296E-001  9.0936017954445236E-001  9.0522114039912105E-001
  9.0127288558734031E-001  8.9750880153183665E-001  8.9393570993070737E-001  8.9055899116486203E-001  8.8738468911334911E-001
  8.8441576892386808E-001  8.8165460830018383E-001  8.7910480795636137E-001  8.7676917932807530E-001  8.7481681856226967E-001
  8.7275763891574520E-001  8.7109493154194728E-001  8.6966546685540269E-001  8.6847117160727116E-001  8.6751348141141538E-001
  8.6679336067861201E-001  8.6631224999360923E-001  8.6607107289691698E-001  8.6607107289675334E-001  8.6631224999309109E-001
  8.6679336067764856E-001  8.6751348141009477E-001  8.6847117160558940E-001  8.6966546685331392E-001  8.7109493153949791E-001
  8.7275763891303937E-001  8.7481681856237969E-001  8.7676917932485299E-001  8.7910480795275625E-001  8.8165460829613207E-001
  8.8441576891946849E-001  8.8738468910863744E-001  8.9055899115982351E-001  8.9393570992541893E-001  8.9750880152641621E-001
  9.0127288558169649E-001  9.0522114039293300E-001  9.0936017953800929E-001  9.1366758647158997E-001  9.1813541715437585E-001
  9.2275661819971611E-001  9.2752240326387769E-001  9.3242542779557680E-001  9.3745674873983054E-001  9.4260507889439327E-001
  9.4785416434974290E-001  9.5319406556226949E-001  9.5861651039183404E-001  9.6411612695415094E-001  9.6969514385287925E-001
  9.7533353529091826E-001  9.8101629660275791E-001  9.8673201239240482E-001  9.9246877518006926E-001
BLOCK 63   7.7995874161073866E+000
  9.9797241888143950E-001  1.0039682969096311E+000  1.0099377558799389E+000  1.0158744854488826E+000  1.0217657896032502E+000
  1.0276027450080867E+000  1.0333866688046496E+000  1.0390989408191336E+000  1.0447254573048457E+000  1.0502544517023527E+000
  1.0556742444295701E+000  1.0609735602951944E+000  1.0661408888974253E+000  1.0711695249381230E+000  1.0760488450482188E+000
  1.0807702588632697E+000  1.0853263664972532E+000  1.0897087906933196E+000  1.0939122167327844E+000  1.0979343537668256E+000
  1.1017691325912471E+000  1.1054060259079557E+000  1.1088363674052706E+000  1.1120519465924170E+000  1.1150442940596077E+000
  1.1178062849735011E+000  1.1203323212969258E+000  1.1226168781247357E+000  1.1248193727608371E+000  1.1264449136456482E+000
  1.1279853446948618E+000  1.1292730211591582E+000  1.1303055777969100E+000  1.1310814176667388E+000  1.1315992198809062E+000
  1.1318585202894773E+000  1.1318585202896483E+000  1.1315992198813827E+000  1.1310814176675479E+000  1.1303055777980990E+000
  1.1292730211607163E+000  1.1279853446967589E+000  1.1264449136478401E+000  1.1248193727621583E+000  1.1226168781275141E+000
  1.1203323213000393E+000  1.1178062849769139E+000  1.1150442940633327E+000  1.1120519465965046E+000  1.1088363674096153E+000
  1.1054060259126022E+000  1.1017691325961789E+000  1.0979343537720891E+000  1.0939122167381683E+000  1.0897087906989364E+000
  1.0853263665030479E+000  1.0807702588692387E+000  1.0760488450543457E+000  1.0711695249443784E+000  1.0661408889037693E+000
  1.0609735603016617E+000  1.0556742444362073E+000  1.0502544517091481E+000  1.0447254573117890E+000  1.0390989408262239E+000
  1.0333866688118380E+000  1.0276027450153846E+000  1.0217657896106154E+000  1.0158744854562487E+000  1.0099377558873015E+000
  1.0039682969170345E+000  9.9797241888881771E-001  9.9198751633351534E-001  9.8600302978494803E-001  9.8003729617303059E-001
  9.7410226401667155E-001  9.6821881502194651E-001  9.6240205649002408E-001  9.5666001100099640E-001  9.5099177693259473E-001
  9.4540859951528877E-001  9.3992021153104266E-001  9.3454625907178179E-001  9.2929558104618992E-001  9.2418282253379946E-001
  9.1921684376462420E-001  9.1440756870150330E-001  9.0976207829961730E-001  9.0528908036884026E-001  9.0101260187961074E-001
  8.9692018411648156E-001  8.9301968100159534E-001  8.8931170049947050E-001  8.8580154876046624E-001  8.8249451287445035E-001
  8.7939445835159336E-001  8.7650769046145149E-001  8.7384007211715509E-001  8.7140111346344351E-001  8.6919678450520466E-001
  8.6723023484433748E-001  8.6550426163761041E-001  8.6402109199212140E-001  8.6278216514402561E-001  8.6178903637522986E-001
  8.6104249894518969E-001  8.6054386155482609E-001  8.6029404630759843E-001  8.6029404630743767E-001  8.6054386155425999E-001
  8.6104249894414087E-001  8.6178903637378323E-001  8.6278216514223538E-001  8.6402109198993238E-001  8.6550426163500416E-001
  8.6723023484138062E-001  8.6919678450200588E-001  8.7140111345996552E-001  8.7384007211392301E-001  8.7650769045736165E-001
  8.7939445834718966E-001  8.8249451286975422E-001  8.8580154875543526E-001  8.8931170049403385E-001  8.9301968099587092E-001
  8.9692018411045604E-001  9.0101260187331200E-001  9.0528908036222566E-001  9.0976207829254196E-001  9.1440756869427542E-001
  9.1921684375712720E-001  9.2418282252626416E-001  9.2929558103867171E-001  9.3454625906410582E-001  9.3992021152349425E-001
  9.4540859950758460E-001  9.5099177692489190E-001  9.5666001099320563E-001  9.6240205648222354E-001  9.6821881501419926E-001
  9.7410226400890654E-001  9.8003729616534940E-001  9.8600302977731302E-001  9.9198751632590754E-001
BLOCK 64   7.9253872131413594E+000
  9.9769919952551578E-001  1.0039500332499649E+000  1.0101741602247851E+000  1.0163638035684444E+000  1.0225064074052819E+000
  1.0285901449100516E+000  1.0346158441348665E+000  1.0405658932604953E+000  1.0464271153071543E+000  1.0521865216084643E+000
  1.0578317399938340E+000  1.0633470448706195E+000  1.0687333105847439E+000  1.0739704738879758E+000  1.0790526818682744E+000
  1.0839711043682043E+000  1.0887177548118008E+000  1.0932859559216828E+000  1.0976705668088775E+000  1.1018656411242793E+000
  1.1058603008598809E+000  1.1096452455435464E+000  1.1132129150596866E+000  1.1165552671032986E+000  1.1196651384312233E+000
  1.1225361070065056E+000  1.1250933816721098E+000  1.1275427697208145E+000  1.1296719229898211E+000  1.1315443993068863E+000
  1.1331558090815077E+000  1.1345032905913670E+000  1.1355844790626486E+000  1.1363974041798812E+000  1.1369404051869829E+000
  1.1372122111709242E+000  1.1372122111711103E+000  1.1369404051875369E+000  1.1363974041807940E+000  1.1355844790639089E+000
  1.1345032905929511E+000  1.1331558090834151E+000  1.1315443993091150E+000  1.1296719229923229E+000  1.1275427697235660E+000
  1.1250933816715181E+000  1.1225361070098459E+000  1.1196651384349048E+000  1.1165552671072785E+000  1.1132129150640226E+000
  1.1096452455481309E+000  1.1058603008647905E+000  1.1018656411295531E+000  1.0976705668144411E+000  1.0932859559275010E+000
  1.0887177548178695E+000  1.0839711043744706E+000  1.0790526818747808E+000  1.0739704738947151E+000  1.0687333105916423E+000
  1.0633470448745099E+000  1.0578317400010113E+000  1.0521865216158013E+000  1.0464271153146671E+000  1.0405658932682327E+000
  1.0346158441426845E+000  1.0285901449179113E+000  1.0225064074132135E+000  1.0163638035764322E+000  1.0101741602328089E+000
  1.0039500332580371E+000  9.9769919953360664E-001  9.9145475924649218E-001  9.8521027661239347E-001  9.7898611140152525E-001
  9.7279756877157142E-001  9.6665866124113098E-001  9.6059242872679684E-001  9.5459856772402296E-001  9.4868364331090627E-001
  9.4285612034991417E-001  9.3713321909144287E-001  9.3152565085499239E-001  9.2605439777969301E-001  9.2072691831372611E-001
  9.1555496744677534E-001  9.1054628176221264E-001  9.0570624703094005E-001  9.0106305762960526E-001  8.9660912474175802E-001
  8.9235073816177790E-001  8.8828758776402905E-001  8.8442560261997683E-001  8.8076861089042102E-001  8.7732299582925355E-001
  8.7409300408384483E-001  8.7109190164198580E-001  8.6832372022777160E-001  8.6579414574149383E-001  8.6350560524216924E-001
  8.6146234951566614E-001  8.5966743091282005E-001  8.5812383004325987E-001  8.5683336393997400E-001  8.5579822835149910E-001
  8.5502076533545934E-001  8.5450221759601497E-001  8.5424294486680352E-001  8.5424294486657293E-001  8.5450221759533185E-001
  8.5502076533439542E-001  8.5579822835003438E-001  8.5683336393812104E-001  8.5812383004104065E-001  8.5966743091025222E-001
  8.6146234951269729E-001  8.6350560523877207E-001  8.6579414573769498E-001  8.6832372022374327E-001  8.7109190163763150E-001
  8.7409300408148027E-001  8.7732299582429141E-001  8.8076861088517855E-001  8.8442560261446634E-001  8.8828758775814332E-001
  8.9235073815556121E-001  8.9660912473524468E-001  9.0106305762272543E-001  9.0570624702391933E-001  9.1054628175501062E-001
  9.1555496743887432E-001  9.2072691830593179E-001  9.2605439777179710E-001  9.3152565084697370E-001  9.3713321908426916E-001
  9.4285612034172583E-001  9.4868364330267185E-001  9.5459856771575635E-001  9.6059242871861983E-001  9.6665866123298883E-001
  9.7279756876325896E-001  9.7898611139330927E-001  9.8521027660396165E-001  9.9145475923809578E-001
BLOCK 65   8.0511870101753615E+000
  9.9737467422411863E-001  1.0038886624692294E+000  1.0103761308582382E+000  1.0168274428377608E+000  1.0232287851381734E+000
  1.0295705666773003E+000  1.0358526204236984E+000  1.0420561647664508E+000  1.0481668293314694E+000  1.0541715809153596E+000
  1.0600577777117015E+000  1.0658127167771734E+000  1.0714268260897641E+000  1.0768885771975534E+000  1.0821876548294249E+000
  1.0873150686670727E+000  1.0922632038413425E+000  1.0970273934674142E+000  1.1016005412794645E+000  1.1059712058056743E+000
  1.1101301683867886E+000  1.1140685113659219E+000  1.1177777364130714E+000  1.1212512217114634E+000  1.1244824575995449E+000
  1.1274651511733478E+000  1.1301985631613987E+000  1.1326758676304469E+000  1.1348919177741723E+000  1.1368423726944246E+000
  1.1385229315126539E+000  1.1399297352233901E+000  1.1410595290544694E+000  1.1419099023544867E+000  1.1424787944281170E+000
  1.1427640340085381E+000  1.1427640340087040E+000  1.1424787944286054E+000  1.1419099023553332E+000  1.1410595290556331E+000
  1.1399297352248869E+000  1.1385229315145013E+000  1.1368423726966221E+000  1.1348919177766921E+000  1.1326758676332811E+000
  1.1301985631644806E+000  1.1274651511766658E+000  1.1244824576032051E+000  1.1212512217154329E+000  1.1177777364173489E+000
  1.1140685113705613E+000  1.1101301683917613E+000  1.1059712058109969E+000  1.1016005412852028E+000  1.0970273934734522E+000
  1.0922632038476634E+000  1.0873150686736996E+000  1.0821876548363225E+000  1.0768885772047292E+000  1.0714268260971489E+000
  1.0658127167847093E+000  1.0600577777193774E+000  1.0541715809231138E+000  1.0481668293393600E+000  1.0420561647748308E+000
  1.0358526204322591E+000  1.0295705666861006E+000  1.0232287851468587E+000  1.0168274428464756E+000  1.0103761308670163E+000
  1.0038886624780388E+000  9.9737467423296389E-001  9.9086138542282143E-001  9.8435068931135272E-001  9.7786123219189469E-001
  9.7140859118192702E-001  9.6500991614294018E-001  9.5868821141183069E-001  9.5244253786250588E-001  9.4627604256488451E-001
  9.4019853978476708E-001  9.3423624059135990E-001  9.2839405362199490E-001  9.2269239161091521E-001  9.1714058542390242E-001
  9.1175024648136060E-001  9.0652867213824173E-001  9.0149026250704223E-001  8.9665009477955049E-001  8.9200412434784537E-001
  8.8755577112494466E-001  8.8331243674722126E-001  8.7927747403652823E-001  8.7546094824070542E-001  8.7186945507177604E-001
  8.6851477127074916E-001  8.6540015305137841E-001  8.6253184740614830E-001  8.5991053094002212E-001  8.5753991785189954E-001
  8.5542188993314172E-001  8.5355894061859805E-001  8.5195507510924684E-001  8.5061346935625548E-001  8.4953746130358188E-001
  8.4872918078846427E-001  8.4818956823310365E-001  8.4791938537108258E-001  8.4791938537085110E-001  8.4818956823241376E-001
  8.4872918078733228E-001  8.4953746130207142E-001  8.5061346935438475E-001  8.5195507510697766E-001  8.5355894061590099E-001
  8.5542188993000312E-001  8.5753991784841443E-001  8.5991053093608771E-001  8.6253184740188960E-001  8.6540015304671758E-001
  8.6851477126571508E-001  8.7186945506655222E-001  8.7546094823528908E-001  8.7927747403083645E-001  8.8331243674114879E-001
  8.8755577111855255E-001  8.9200412434121401E-001  8.9665009477260216E-001  9.0149026249980668E-001  9.0652867213067234E-001
  9.1175024647357239E-001  9.1714058541599297E-001  9.2269239160287075E-001  9.2839405361376603E-001  9.3423624058289390E-001
  9.4019853977629142E-001  9.4627604255613973E-001  9.5244253785359290E-001  9.5868821140288840E-001  9.6500991613396048E-001
  9.7140859117290568E-001  9.7786123218279775E-001  9.8435068930232339E-001  9.9086138541385549E-001
BLOCK 66   8.1769868072094063E+000
  9.9699352017560339E-001  1.0037771607036765E+000  1.0105372561052575E+000  1.0172617147520826E+000  1.0239361600641166E+000
  1.0305513774042712E+000  1.0371056686324511E+000  1.0435793651547121E+000  1.0499558295355833E+000  1.0562210531114486E+000
  1.0623615536053861E+000  1.0683659514336110E+000  1.0742225788634616E+000  1.0799188300168701E+000  1.0854441774737784E+000
  1.0907893334689895E+000  1.0959496946211713E+000  1.1009199069754281E+000  1.1056873666217863E+000  1.1102416100131249E+000
  1.1145727505806937E+000  1.1186725848109351E+000  1.1225335403247458E+000  1.1261475916788841E+000  1.1295138107238312E+000
  1.1326221278867772E+000  1.1354671220405008E+000  1.1380433300859534E+000  1.1403459059773648E+000  1.1423700299422095E+000
  1.1441118478489780E+000  1.1455681625111986E+000  1.1467365351443914E+000  1.1476148107786555E+000  1.1482011935304031E+000
  1.1484946350125405E+000  1.1484946350127241E+000  1.1482011935309446E+000  1.1476148107794673E+000  1.1467365351455279E+000
  1.1455681625126497E+000  1.1441118478507579E+000  1.1423700299442985E+000  1.1403459059797998E+000  1.1380433300887369E+000
  1.1354671220436343E+000  1.1326221278902562E+000  1.1295138107275460E+000  1.1261475916811861E+000  1.1225335403291408E+000
  1.1186725848157566E+000  1.1145727505858749E+000  1.1102416100187180E+000  1.1056873666277327E+000  1.1009199069816606E+000
  1.0959496946276732E+000  1.0907893334757619E+000  1.0854441774809522E+000  1.0799188300243903E+000  1.0742225788711965E+000
  1.0683659514415720E+000  1.0623615536114501E+000  1.0562210531198906E+000  1.0499558295442730E+000  1.0435793651636562E+000
  1.0371056686416620E+000  1.0305513774135746E+000  1.0239361600735226E+000  1.0172617147615346E+000  1.0105372561148172E+000
  1.0037771607133459E+000  9.9699352018532472E-001  9.9020594128109318E-001  9.8342344648147328E-001  9.7666477513910388E-001
  9.6994604178228550E-001  9.6328268579101894E-001  9.5669928786005620E-001  9.5019055495386850E-001  9.4376223296562223E-001
  9.3742792614873016E-001  9.3120790757645078E-001  9.2512045603895643E-001  9.1917652344687506E-001  9.1338780601842195E-001
  9.0776627365341211E-001  9.0232385449520480E-001  8.9708130794043317E-001  8.9203151867446662E-001  8.8717998855982083E-001
  8.8253451415414386E-001  8.7810198237165227E-001  8.7388446201380166E-001  8.6990863928697626E-001  8.6616956789187649E-001
  8.6267845699774626E-001  8.5943813147463222E-001  8.5645191370837070E-001  8.5372613532251462E-001  8.5126371112912846E-001
  8.4906707014159299E-001  8.4714011986813231E-001  8.4548463039477184E-001  8.4410415217748103E-001  8.4298866792621707E-001
  8.4215024782863368E-001  8.4159584048859148E-001  8.4131763483281208E-001  8.4131763483257382E-001  8.4159584048791736E-001
  8.4215024782753556E-001  8.4298866792469140E-001  8.4410415217537094E-001  8.4548463039229593E-001  8.4714011986495608E-001
  8.4906707013821414E-001  8.5126371112515409E-001  8.5372613531819797E-001  8.5645191370379248E-001  8.5943813146982229E-001
  8.6267845699266632E-001  8.6616956788641863E-001  8.6990863928119355E-001  8.7388446201006731E-001  8.7810198236533754E-001
  8.8253451414767570E-001  8.8717998855316038E-001  8.9203151866741470E-001  8.9708130793304530E-001  9.0232385448755825E-001
  9.0776627364546791E-001  9.1338780601015424E-001  9.1917652343841949E-001  9.2512045603027082E-001  9.3120790756776128E-001
  9.3742792614184567E-001  9.4376223295638784E-001  9.5019055494451710E-001  9.5669928785066460E-001  9.6328268578153819E-001
  9.6994604177264676E-001  9.7666477512935035E-001  9.8342344647168600E-001  9.9020594127129524E-001
BLOCK 67   8.3027866042434511E+000
  9.9657129626768048E-001  1.0036373141975423E+000  1.0106819900026527E+000  1.0176888367493384E+000  1.0246449590501885E+000
  1.0315578488861068E+000  1.0383938073230561E+000  1.0451435373913245E+000  1.0517940482506645E+000  1.0583295918508417E+000
  1.0647340402325431E+000  1.0709982709833790E+000  1.0771067818653020E+000  1.0830480342165387E+000  1.0888101320391799E+000
  1.0943878966027920E+000  1.0997751456041445E+000  1.1049619182895172E+000  1.1099358250506142E+000  1.1146860604351274E+000
  1.1192027110874994E+000  1.1234760865385758E+000  1.1274981986748198E+000  1.1312644074265570E+000  1.1347672686917312E+000
  1.1379996743034042E+000  1.1409554340262471E+000  1.1436291688365889E+000  1.1460166069455000E+000  1.1481141909527732E+000
  1.1499183657693501E+000  1.1514260462101242E+000  1.1526346045429605E+000  1.1535423448077478E+000  1.1541481951535717E+000
  1.1544513947148283E+000  1.1544513947149928E+000  1.1541481951540675E+000  1.1535423448086026E+000  1.1526346045441469E+000
  1.1514260462116046E+000  1.1499183657710779E+000  1.1481141909548560E+000  1.1460166069480295E+000  1.1436291688394657E+000
  1.1409554340295573E+000  1.1379996743069907E+000  1.1347672686956287E+000  1.1312644074307887E+000  1.1274981986793553E+000
  1.1234760865434408E+000  1.1192027110926879E+000  1.1146860604407365E+000  1.1099358250567228E+000  1.1049619182959660E+000
  1.0997751456110374E+000  1.0943878966099621E+000  1.0888101320468202E+000  1.0830480342245434E+000  1.0771067818735141E+000
  1.0709982709917931E+000  1.0647340402402417E+000  1.0583295918598614E+000  1.0517940482599977E+000  1.0451435374009521E+000
  1.0383938073329597E+000  1.0315578488961343E+000  1.0246449590603568E+000  1.0176888367595747E+000  1.0106819900129398E+000
  1.0036373142078512E+000  9.9657129627808616E-001  9.8949984335777974E-001  9.8243636069123208E-001  9.7539548398829812E-001
  9.6839436103622822E-001  9.6146225538180807E-001  9.5459917911351533E-001  9.4781247348007336E-001  9.4111077722950864E-001
  9.3448568024323431E-001  9.2802278691207363E-001  9.2167621484267359E-001  9.1548115603875790E-001  9.0944985787482946E-001
  9.0359202082637957E-001  8.9793322275369269E-001  8.9246643355976574E-001  8.8719740768035549E-001  8.8213117845767497E-001
  8.7727656316114011E-001  8.7264517414079412E-001  8.6825499015112551E-001  8.6411238290126857E-001  8.6022462202194439E-001
  8.5659844800715590E-001  8.5323840007879204E-001  8.5013844191736698E-001  8.4729154473403723E-001  8.4470933370663104E-001
  8.4241391909465280E-001  8.4040681937787143E-001  8.3867409496950640E-001  8.3723992590619989E-001  8.3608404108291412E-001
  8.3521997024652794E-001  8.3464432476047967E-001  8.3435578697331492E-001  8.3435578697309964E-001  8.3464432475980876E-001
  8.3521997024537731E-001  8.3608404108115941E-001  8.3723992590402618E-001  8.3867409496684497E-001  8.4040681937466832E-001
  8.4241391909095065E-001  8.4470933370261458E-001  8.4729154472947921E-001  8.5013844191232735E-001  8.5323840007336815E-001
  8.5659844800141549E-001  8.6022462201594896E-001  8.6411238289513925E-001  8.6825499014472818E-001  8.7264517413423026E-001
  8.7727656315437152E-001  8.8213117845070044E-001  8.8719740767305866E-001  8.9246643355222788E-001  8.9793322274601861E-001
  9.0359202081819312E-001  9.0944985786624732E-001  9.1548115603000602E-001  9.2167621483368500E-001  9.2802278690269291E-001
  9.3448568023484857E-001  9.4111077721994241E-001  9.4781247347029973E-001  9.5459917910357395E-001  9.6146225537166907E-001
  9.6839436102593179E-001  9.7539548397794440E-001  9.8243636068082585E-001  9.8949984334732355E-001
BLOCK 68   8.4285864012774958E+000
  9.9610154037937848E-001  1.0034715495276580E+000  1.0108196967623087E+000  1.0181291205915102E+000  1.0253864086713727E+000
  1.0325914207231759E+000  1.0397218196229945E+000  1.0467609983837534E+000  1.0536946469767052E+000  1.0605080040658503E+000
  1.0671860104910280E+000  1.0737166909063725E+000  1.0800873229185859E+000  1.0862837828358420E+000  1.0922961568129266E+000
  1.0981210319624111E+000  1.1037493935435136E+000  1.1091661199527707E+000  1.1143579181920100E+000  1.1193126610368014E+000
  1.1240205644062005E+000  1.1284707932454476E+000  1.1326607613469875E+000  1.1365811475815666E+000  1.1402250360522694E+000
  1.1435863179139540E+000  1.1466593593726542E+000  1.1494396233051081E+000  1.1519247908033889E+000  1.1541117853553122E+000
  1.1559794339721221E+000  1.1575154362844313E+000  1.1587635602527147E+000  1.1596962392615038E+000  1.1603220771734202E+000
  1.1606342011193480E+000  1.1606342011195503E+000  1.1603220771740244E+000  1.1596962392625252E+000  1.1587635602541300E+000
  1.1575154362862545E+000  1.1559794339742060E+000  1.1541117853576255E+000  1.1519247908060466E+000  1.1494396233080726E+000
  1.1466593593759855E+000  1.1435863179177035E+000  1.1402250360563257E+000  1.1365811475859704E+000  1.1326607613517461E+000
  1.1284707932505689E+000  1.1240205644117340E+000  1.1193126610427013E+000  1.1143579181983068E+000  1.1091661199594898E+000
  1.1037493935505469E+000  1.0981210319702310E+000  1.0922961568209848E+000  1.0862837828442551E+000  1.0800873229273364E+000
  1.0737166909154152E+000  1.0671860105003412E+000  1.0605080040754273E+000  1.0536946469866137E+000  1.0467609983939994E+000
  1.0397218196335163E+000  1.0325914207337672E+000  1.0253864086821085E+000  1.0181291206023917E+000  1.0108196967732761E+000
  1.0034715495385593E+000  9.9610154039039034E-001  9.8872748759895346E-001  9.8136184130445525E-001  9.7402375237151662E-001
  9.6673459588904342E-001  9.5951583593542011E-001  9.5236551780270862E-001  9.4529197595547987E-001  9.3834937208468472E-001
  9.3142574291136981E-001  9.2467332319012063E-001  9.1806530049460533E-001  9.1160623269405960E-001  9.0531404287418027E-001
  8.9922176756580563E-001  8.9331766768677090E-001  8.8761723682372673E-001  8.8212919181466531E-001  8.7685757801036279E-001
  8.7181024599061230E-001  8.6699190863461051E-001  8.6241841997286939E-001  8.5809863573950462E-001  8.5403571515289500E-001
  8.5023127653797503E-001  8.4669782085207090E-001  8.4344590838464462E-001  8.4047932255438629E-001  8.3780901939212904E-001
  8.3543431894443465E-001  8.3334724508729974E-001  8.3155259562531902E-001  8.3005343758312367E-001  8.2885659819184010E-001
  8.2795375160715101E-001  8.2735304869083059E-001  8.2705188430867183E-001  8.2705188430830290E-001  8.2735304868991599E-001
  8.2795375160575158E-001  8.2885659818985313E-001  8.3005343758069994E-001  8.3155259562251449E-001  8.3334724508402169E-001
  8.3543431894059561E-001  8.3780901938792396E-001  8.4047932254983082E-001  8.4344590837951849E-001  8.4669782084638290E-001
  8.5023127653210118E-001  8.5403571514643306E-001  8.5809863573286960E-001  8.6241841996597224E-001  8.6699190862743425E-001
  8.7181024598307788E-001  8.7685757800296338E-001  8.8212919180683835E-001  8.8761723681569715E-001  8.9331766767853660E-001
  8.9922176755726357E-001  9.0531404286515504E-001  9.1160623268501262E-001  9.1806530048515556E-001  9.2467332318055739E-001
  9.3142574290149782E-001  9.3834937207510916E-001  9.4529197594516690E-001  9.5236551779217926E-001  9.5951583592474610E-001
  9.6673459587825661E-001  9.7402375236050354E-001  9.8136184129335025E-001  9.8872748758787976E-001
BLOCK 69   8.5543861983115406E+000
  9.9559097728314983E-001  1.0032796929453101E+000  1.0109405804022460E+000  1.0185630309597209E+000  1.0261297269580978E+000
  1.0336422803792367E+000  1.0410802508441426E+000  1.0484244731558967E+000  1.0556584344778874E+000  1.0627662075223743E+000
  1.0697333796461319E+000  1.0765474149446652E+000  1.0831937489223307E+000  1.0896583484361679E+000  1.0959337889184575E+000
  1.1020147049242983E+000  1.1078859830437686E+000  1.1135327650047933E+000  1.1189423305679977E+000  1.1241048344374849E+000
  1.1290095860186697E+000  1.1336559716527375E+000  1.1380355690358364E+000  1.1421356000910379E+000  1.1459382887259733E+000
  1.1494311164383657E+000  1.1526135282249788E+000  1.1554779461788849E+000  1.1580249035130339E+000  1.1602739047513715E+000
  1.1622132391805762E+000  1.1638327007082747E+000  1.1651274623202563E+000  1.1661067757019490E+000  1.1667572928822569E+000
  1.1670823034635787E+000  1.1670823034637654E+000  1.1667572928828247E+000  1.1661067757029471E+000  1.1651274623217014E+000
  1.1638327007102256E+000  1.1622132391828481E+000  1.1602739047541468E+000  1.1580249035161490E+000  1.1554779461823081E+000
  1.1526135282286427E+000  1.1494311164423558E+000  1.1459382887302474E+000  1.1421356000956369E+000  1.1380355690408506E+000
  1.1336559716582031E+000  1.1290095860245046E+000  1.1241048344437630E+000  1.1189423305747099E+000  1.1135327650119538E+000
  1.1078859830513916E+000  1.1020147049323303E+000  1.0959337889269276E+000  1.0896583484450095E+000  1.0831937489315497E+000
  1.0765474149542087E+000  1.0697333796560069E+000  1.0627662075307793E+000  1.0556584344883770E+000  1.0484244731666357E+000
  1.0410802508551664E+000  1.0336422803904379E+000  1.0261297269694076E+000  1.0185630309711271E+000  1.0109405804138119E+000
  1.0032796929568890E+000  9.9559097729497203E-001  9.8789979395551986E-001  9.8022113838939218E-001  9.7257240557651758E-001
  9.6497162299937533E-001  9.5744473802315055E-001  9.4998650489473269E-001  9.4260579210398776E-001  9.3523626691126338E-001
  9.2814619116213004E-001  9.2111968073289829E-001  9.1424727911591741E-001  9.0753775567467798E-001  9.0100733710653136E-001
  8.9467627381965098E-001  8.8854034991962072E-001  8.8259646711961981E-001  8.7685788044268775E-001  8.7133949856921067E-001
  8.6605618631261416E-001  8.6101940912564967E-001  8.5623880685594522E-001  8.5172115942052062E-001  8.4747562521841524E-001
  8.4351258086250225E-001  8.3983814264341661E-001  8.3646474780565150E-001  8.3338752582443032E-001  8.3061097955143026E-001
  8.2813339704300004E-001  8.2595882961514622E-001  8.2409128538021981E-001  8.2253363341344554E-001  8.2128459709881751E-001
  8.2034461105904322E-001  8.1971751149108951E-001  8.1940653313569434E-001  8.1940653313539924E-001  8.1971751149028382E-001
  8.2034461105783729E-001  8.2128459709711576E-001  8.2253363341110231E-001  8.2409128537731935E-001  8.2595882961176381E-001
  8.2813339703922451E-001  8.3061097954719854E-001  8.3338752581959474E-001  8.3646474780034452E-001  8.3983814263778545E-001
  8.4351258085648251E-001  8.4747562521197928E-001  8.5172115941337811E-001  8.5623880684836706E-001  8.6101940911792074E-001
  8.6605618630436343E-001  8.7133949856077642E-001  8.7685788043442625E-001  8.8259646711102102E-001  8.8854034991057151E-001
  8.9467627381037673E-001  9.0100733709702430E-001  9.0753775566487549E-001  9.1424727910592773E-001  9.2111968072272088E-001
  9.2814619115171182E-001  9.3523626690336670E-001  9.4260579209324202E-001  9.4998650488372038E-001  9.5744473801203867E-001
  9.6497162298798600E-001  9.7257240556501234E-001  9.8022113837772007E-001  9.8789979394391469E-001
BLOCK 70   8.6801859953455853E+000
  9.9503169710259232E-001  1.0030569567517884E+000  1.0110449312610350E+000  1.0189943877766268E+000  1.0268855467929296E+000
  1.0347204273647372E+000  1.0424799546734618E+000  1.0501440061945739E+000  1.0576935722313647E+000  1.0651114109995561E+000
  1.0723809840680540E+000  1.0794879219670759E+000  1.0864164406236867E+000  1.0931556874970003E+000  1.0997062533604449E+000
  1.1060592893285603E+000  1.1121965112301180E+000  1.1180983841721954E+000  1.1237487186223196E+000  1.1291346632830306E+000
  1.1342486692521290E+000  1.1390782286996317E+000  1.1436137589972977E+000  1.1478496282695745E+000  1.1517787065225300E+000
  1.1553905401175506E+000  1.1586924765403301E+000  1.1616826567138350E+000  1.1643595507958591E+000  1.1667124964920412E+000
  1.1687352569680958E+000  1.1704231610614890E+000  1.1717778588455552E+000  1.1727985030467334E+000  1.1734793023190206E+000
  1.1738139870135569E+000  1.1738139870138136E+000  1.1734793023196619E+000  1.1727985030477561E+000  1.1717778588470487E+000
  1.1704231610634408E+000  1.1687352569704146E+000  1.1667124964947710E+000  1.1643595507991522E+000  1.1616826567176437E+000
  1.1586924765445747E+000  1.1553905401222151E+000  1.1517787065275489E+000  1.1478496282749422E+000  1.1436137590029885E+000
  1.1390782287056473E+000  1.1342486692584772E+000  1.1291346632896475E+000  1.1237487186292552E+000  1.1180983841796626E+000
  1.1121965112381607E+000  1.1060592893369936E+000  1.0997062533694304E+000  1.0931556875063049E+000  1.0864164406334733E+000
  1.0794879219771414E+000  1.0723809840783212E+000  1.0651114110092756E+000  1.0576935722424059E+000  1.0501440062059435E+000
  1.0424799546850694E+000  1.0347204273765360E+000  1.0268855468048916E+000  1.0189943877886474E+000  1.0110449312731726E+000
  1.0030569567635264E+000  9.9503169711469153E-001  9.8700546382159160E-001  9.7899202237104599E-001  9.7101154356826336E-001
  9.6308301232489313E-001  9.5523611890034021E-001  9.4747053364430489E-001  9.3980413518716288E-001  9.3219844096354199E-001
  9.2473777535119761E-001  9.1742531573895370E-001  9.1025907796947103E-001  9.0326671174444007E-001  8.9647173396414415E-001
  8.8986820833990310E-001  8.8345582759645147E-001  8.7724395868298410E-001  8.7124891391126935E-001  8.6548573347386826E-001
  8.5997378974042993E-001  8.5472233181890822E-001  8.4973481918688276E-001  8.4502830194354517E-001  8.4061426610553702E-001
  8.3650151518617577E-001  8.3269278836439309E-001  8.2918290184747623E-001  8.2597941658436769E-001  8.2308541141906577E-001
  8.2050497096745945E-001  8.1823944408334370E-001  8.1629089626790363E-001  8.1466267869351905E-001  8.1335572277922541E-001
  8.1243559393899833E-001  8.1171778922511761E-001  8.1138986220303677E-001  8.1138986220283948E-001  8.1171778922445881E-001
  8.1243559394014697E-001  8.1335572277741297E-001  8.1466267869125009E-001  8.1629089626523255E-001  8.1823944408023153E-001
  8.2050497096379238E-001  8.2308541141479397E-001  8.2597941657959728E-001  8.2918290184218757E-001  8.3269278835862626E-001
  8.3650151517984406E-001  8.4061426609854739E-001  8.4502830193615697E-001  8.4973481917897387E-001  8.5472233181061952E-001
  8.5997378973186867E-001  8.6548573346473689E-001  8.7124891390184933E-001  8.7724395867376115E-001  8.8345582758670627E-001
  8.8986820832968716E-001  8.9647173395384305E-001  9.0326671173417061E-001  9.1025907795901262E-001  9.1742531572758812E-001
  9.2473777533969836E-001  9.3219844095234272E-001  9.3980413517590733E-001  9.4747053363282274E-001  9.5523611888864024E-001
  9.6308301231295357E-001  9.7101154355622321E-001  9.7899202235886040E-001  9.8700546380950538E-001
BLOCK 71   8.8059857923796301E+000
  9.9440749101271464E-001  1.0027801214499443E+000  1.0111077895212366E+000  1.0194080960110661E+000  1.0276509076943197E+000
  1.0358324997610471E+000  1.0439295882040633E+000  1.0519236787852748E+000  1.0597982385451348E+000  1.0675381317898662E+000
  1.0751280042237539E+000  1.0825517925904138E+000  1.0897937817541921E+000  1.0968435685083251E+000  1.1036908739091895E+000
  1.1103164916009809E+000  1.1167029443545105E+000  1.1228355695367351E+000  1.1287015211490854E+000  1.1342937212700539E+000
  1.1396016513813010E+000  1.1446133893606101E+000  1.1493225113530077E+000  1.1537241637167439E+000  1.1578003483813240E+000
  1.1615785869971000E+000  1.1650338519880925E+000  1.1681612293990704E+000  1.1709532267646352E+000  1.1734106610507795E+000
  1.1755292640203348E+000  1.1772978729959749E+000  1.1787169890536227E+000  1.1797828753673945E+000  1.1804953698622018E+000
  1.1808520032456649E+000  1.1808520032459522E+000  1.1804953698629579E+000  1.1797828753685056E+000  1.1787169890551543E+000
  1.1772978729980315E+000  1.1755292640229509E+000  1.1734106610538739E+000  1.1709532267682263E+000  1.1681612294031065E+000
  1.1650338519925749E+000  1.1615785870021349E+000  1.1578003483869004E+000  1.1537241637227329E+000  1.1493225113593915E+000
  1.1446133893673969E+000  1.1396016513884768E+000  1.1342937212775472E+000  1.1287015211568725E+000  1.1228355695447989E+000
  1.1167029443630081E+000  1.1103164916099353E+000  1.1036908739185498E+000  1.0968435685180380E+000  1.0897937817642931E+000
  1.0825517926009223E+000  1.0751280042346250E+000  1.0675381318010311E+000  1.0597982385564384E+000  1.0519236787968065E+000
  1.0439295882161594E+000  1.0358324997732979E+000  1.0276509077068623E+000  1.0194080960235306E+000  1.0111077895335843E+000
  1.0027801214617469E+000  9.9440749102520498E-001  9.8604219485027911E-001  9.7769309920653014E-001  9.6938066981920579E-001
  9.6112331492791181E-001  9.5294956178575430E-001  9.4484728910453630E-001  9.3684962661449245E-001  9.2891490795548393E-001
  9.2113509423805018E-001  9.1349790657975072E-001  9.0602418625092418E-001  8.9873304125535058E-001  8.9163749728588559E-001
  8.8473418234093582E-001  8.7803226503100440E-001  8.7154649457217181E-001  8.6529575305886475E-001  8.5929616877959425E-001
  8.5356429573455250E-001  8.4810481620514644E-001  8.4292023263905835E-001  8.3804552774085095E-001  8.3346819105067205E-001
  8.2919967124829608E-001  8.2523627453587245E-001  8.2158810567550977E-001  8.1825517734849473E-001  8.1523603620050200E-001
  8.1252911862864785E-001  8.1015787486134427E-001  8.0811371766034257E-001  8.0640782097173447E-001  8.0504147072203380E-001
  8.0401582646972536E-001  8.0333239415623736E-001  8.0299034882722475E-001  8.0299034882695441E-001  8.0333239415548008E-001
  8.0401582646851677E-001  8.0504147072032650E-001  8.0640782096965724E-001  8.0811371765758011E-001  8.1015787485805801E-001
  8.1252911862667432E-001  8.1523603619642782E-001  8.1825517734393438E-001  8.2158810567037122E-001  8.2523627453001513E-001
  8.2919967124177962E-001  8.3346819104370684E-001  8.3804552773317231E-001  8.4292023263083138E-001  8.4810481619664757E-001
  8.5356429572510906E-001  8.5929616877008741E-001  8.6529575304895479E-001  8.7154649456185318E-001  8.7803226502036569E-001
  8.8473418232992751E-001  8.9163749727460007E-001  8.9873304124391107E-001  9.0602418623911396E-001  9.1349790656776331E-001
  9.2113509422595852E-001  9.2891490794330178E-001  9.3684962660401749E-001  9.4484728909202442E-001  9.5294956177316503E-001
  9.6112331491533320E-001  9.6938066980645521E-001  9.7769309919373137E-001  9.8604219483760480E-001
BLOCK 72   8.9317855894136748E+000
  9.9376543284108221E-001  1.0025022721634993E+000  1.0111777933753900E+000  1.0198277647529650E+000  1.0284210484687082E+000
  1.0369580275255645E+000  1.0454177363961992E+000  1.0537755738248744E+000  1.0620085560757833E+000  1.0700974390442426E+000
  1.0780259118221309E+000  1.0857735327177398E+000  1.0933236690234363E+000  1.1006683751307020E+000  1.1077930348542022E+000
  1.1146811152732743E+000  1.1213172590770983E+000  1.1276871091221210E+000  1.1337830435482761E+000  1.1395970358602561E+000
  1.1451158363559035E+000  1.1503259196717039E+000  1.1552276064697051E+000  1.1598127442252955E+000  1.1640834643649767E+000
  1.1680264503235791E+000  1.1716416953410704E+000  1.1749147319941753E+000  1.1778364532981767E+000  1.1804042734121134E+000
  1.1826139882484246E+000  1.1844628838470819E+000  1.1859474874408107E+000  1.1872770564521489E+000  1.1876518110750403E+000
  1.1881697796926096E+000  1.1881697796928532E+000  1.1876518110754388E+000  1.1872770564528343E+000  1.1859474874426403E+000
  1.1844628838494304E+000  1.1826139882512476E+000  1.1804042734153821E+000  1.1778364533019763E+000  1.1749147319986557E+000
  1.1716416953460216E+000  1.1680264503290856E+000  1.1640834643710090E+000  1.1598127442318169E+000  1.1552276064766860E+000
  1.1503259196791991E+000  1.1451158363637408E+000  1.1395970358684100E+000  1.1337830435568919E+000  1.1276871091306495E+000
  1.1213172590864022E+000  1.1146811152828549E+000  1.1077930348641885E+000  1.1006683751410948E+000  1.0933236690340966E+000
  1.0857735327286435E+000  1.0780259118332887E+000  1.0700974390555649E+000  1.0620085560852517E+000  1.0537755738366508E+000
  1.0454177364083084E+000  1.0369580275380490E+000  1.0284210484813501E+000  1.0198277647657994E+000  1.0111777933883590E+000
  1.0025022721758170E+000  9.9376543285427488E-001  9.8504473446577834E-001  9.7633752653682737E-001  9.6766374968944890E-001
  9.5905689798153937E-001  9.5051734834726620E-001  9.4204890322253843E-001  9.3360349832189637E-001  9.2539089482602799E-001
  9.1726462728887970E-001  9.0929418902197412E-001  9.0149817851516700E-001  8.9390474976633050E-001  8.8650071549824883E-001
  8.7929108834889746E-001  8.7227312650861288E-001  8.6553610078732768E-001  8.5903140690744950E-001  8.5278955392209321E-001
  8.4682989203671066E-001  8.4116786617198436E-001  8.3581859136548564E-001  8.3077157704428040E-001  8.2602074011421733E-001
  8.2157472992284863E-001  8.1744203661672832E-001  8.1362392521263149E-001  8.1012974430586027E-001  8.0697065435739568E-001
  8.0415044551314585E-001  8.0167555220040443E-001  7.9954881953490597E-001  7.9777214483274106E-001  7.9634929236894847E-001
  7.9528078587335593E-001  7.9456609903979492E-001  7.9420903717754432E-001  7.9420903717733204E-001  7.9456609903894870E-001
  7.9528078587204720E-001  7.9634929236723861E-001  7.9777214483047876E-001  7.9954881953206813E-001  8.0167555219709941E-001
  8.0415044550927439E-001  8.0697065435295223E-001  8.1012974430096729E-001  8.1362392520750770E-001  8.1744203661098902E-001
  8.2157472991646974E-001  8.2602074010718085E-001  8.3077157703661386E-001  8.3581859135738445E-001  8.4116786616329908E-001
  8.4682989202714365E-001  8.5278955391199296E-001  8.5903140689658031E-001  8.6553610077616727E-001  8.7227312649863153E-001
  8.7929108833713265E-001  8.8650071548609344E-001  8.9390474975397094E-001  9.0149817850247060E-001  9.0929418900895309E-001
  9.1726462727579994E-001  9.2539089481275238E-001  9.3360349831012723E-001  9.4204890320909140E-001  9.5051734833400514E-001
  9.5905689796820037E-001  9.6766374967595714E-001  9.7633752652334094E-001  9.8504473445248775E-001
BLOCK 73   9.0575853864477196E+000
  9.9305888433935241E-001  1.0022047081822965E+000  1.0112718137782069E+000  1.0203152358305645E+000  1.0292944876727756E+000
  1.0382081951710960E+000  1.0470326086744282E+000  1.0557433879120572E+000  1.0643233600089532E+000  1.0727414466473386E+000
  1.0809900844974201E+000  1.0890482389090579E+000  1.0969066234615543E+000  1.1045567025995786E+000  1.1119753978879963E+000
  1.1191470003980271E+000  1.1260546395977904E+000  1.1326936864720498E+000  1.1390424657562508E+000  1.1450937081359605E+000
  1.1508390303843139E+000  1.1562679393866089E+000  1.1613816780440784E+000  1.1661759838285601E+000  1.1706421868304067E+000
  1.1747691404408362E+000  1.1785448397619795E+000  1.1819609433090914E+000  1.1850114690269520E+000  1.1876056185079655E+000
  1.1899872979593666E+000  1.1919117900411653E+000  1.1934544429074156E+000  1.1946153042947094E+000  1.1953924127952140E+000
  1.1957813157512514E+000  1.1957813157515524E+000  1.1953924127960935E+000  1.1946153042961498E+000  1.1934544429094176E+000
  1.1919117900436849E+000  1.1899872979623636E+000  1.1876056185077222E+000  1.1850114690311606E+000  1.1819609433138722E+000
  1.1785448397674152E+000  1.1747691404468306E+000  1.1706421868368990E+000  1.1661759838355941E+000  1.1613816780517019E+000
  1.1562679393948043E+000  1.1508390303928591E+000  1.1450937081448855E+000  1.1390424657656131E+000  1.1326936864817685E+000
  1.1260546396045441E+000  1.1191470004083022E+000  1.1119753978986511E+000  1.1045567026105783E+000  1.0969066234727662E+000
  1.0890482389204890E+000  1.0809900845090412E+000  1.0727414466591614E+000  1.0643233600187938E+000  1.0557433879242504E+000
  1.0470326086868835E+000  1.0382081951838777E+000  1.0292944876856722E+000  1.0203152358436252E+000  1.0112718137915140E+000
  1.0022047081949199E+000  9.9305888435328449E-001  9.8393454933549185E-001  9.7483309797566919E-001  9.6577687739721096E-001
  9.5679241517370017E-001  9.4787544606725382E-001  9.3911540924670489E-001  9.3027972310397133E-001  9.2165123749052025E-001
  9.1316199731781278E-001  9.0483753284901680E-001  8.9671413765687991E-001  8.8878116456408274E-001  8.8104760741714450E-001
  8.7347322699359953E-001  8.6624954391669573E-001  8.5922700321905920E-001  8.5247549224083119E-001  8.4600211988536078E-001
  8.3981709279044026E-001  8.3394759921799710E-001  8.2837533844519773E-001  8.2310820229919879E-001  8.1814849921910060E-001
  8.1350130772422324E-001  8.0918586379117508E-001  8.0521052855680741E-001  8.0158181931209460E-001  7.9830346230254179E-001
  7.9537847247020954E-001  7.9280783611429384E-001  7.9059805309151021E-001  7.8875542485067385E-001  7.8727835804318202E-001
  7.8616713532230520E-001  7.8542424618156015E-001  7.8505102201438159E-001  7.8505102201410770E-001  7.8542424618063411E-001
  7.8616713532076010E-001  7.8727835804112289E-001  7.8875542484827799E-001  7.9059805308852438E-001  7.9280783611066685E-001
  7.9537847246609905E-001  7.9830346229802573E-001  8.0158181930704042E-001  8.0521052855119502E-001  8.0918586378492863E-001
  8.1350130771777784E-001  8.1814849921194510E-001  8.2310820229138182E-001  8.2837533843681477E-001  8.3394759920902783E-001
  8.3981709278085226E-001  8.4600211987501084E-001  8.5247549222981345E-001  8.5922700320753564E-001  8.6624954390445619E-001
  8.7347322698445296E-001  8.8104760740431409E-001  8.8878116455100442E-001  8.9671413764319463E-001  9.0483753283509527E-001
  9.1316199730352599E-001  9.2165123747620270E-001  9.3027972308978524E-001  9.3911540923296344E-001  9.4787544605291851E-001
  9.5679241515923286E-001  9.6577687738282358E-001  9.7483309796154349E-001  9.8393454932145819E-001
BLOCK 74   9.1833851834817644E+000
  9.9230944237716112E-001  1.0018784358982249E+000  1.0113488864035605E+000  1.0207995987599130E+000  1.0301797142385454E+000
  1.0394849370553856E+000  1.0486903677780961E+000  1.0577705637956898E+000  1.0667031694902773E+000  1.0754677469744416E+000
  1.0840476126524456E+000  1.0924267634377614E+000  1.1006026396304680E+000  1.1085616221093368E+000  1.1162818410354214E+000
  1.1237457378514317E+000  1.1309391074496686E+000  1.1378536114892071E+000  1.1444765231716787E+000  1.1507954870857868E+000
  1.1567968695233626E+000  1.1624810110377291E+000  1.1678357209392118E+000  1.1728472558525651E+000  1.1775063871695512E+000
  1.1818030406667845E+000  1.1857290193598806E+000  1.1892808514820301E+000  1.1924550369549700E+000  1.1952450524158327E+000
  1.1976448884138180E+000  1.1996509447633432E+000  1.2012612043562190E+000  1.2024727119732990E+000  1.2032831338541501E+000
  1.2036901789150976E+000  1.2036901789154448E+000  1.2032831338551624E+000  1.2024727119749528E+000  1.2012612043584303E+000
  1.1996509447661245E+000  1.1976448884172624E+000  1.1952450524198952E+000  1.1924550369596500E+000  1.1892808514872626E+000
  1.1857290193656835E+000  1.1818030406731035E+000  1.1775063871764488E+000  1.1728472558601282E+000  1.1678357209474064E+000
  1.1624810110464303E+000  1.1567968695325939E+000  1.1507954870954176E+000  1.1444765231815381E+000  1.1378536114993798E+000
  1.1309391074602415E+000  1.1237457378622189E+000  1.1162818410465742E+000  1.1085616221208461E+000  1.1006026396422657E+000
  1.0924267634497855E+000  1.0840476126646366E+000  1.0754677469869056E+000  1.0667031695029636E+000  1.0577705638087149E+000
  1.0486903677912245E+000  1.0394849370687966E+000  1.0301797142522082E+000  1.0207995987737872E+000  1.0113488864175710E+000
  1.0018784359111028E+000  9.9230944239159669E-001  9.8276662498695411E-001  9.7323965637298693E-001  9.6375530867025072E-001
  9.5434910871716405E-001  9.4501342912247410E-001  9.3570394161252468E-001  9.2661989127432298E-001  9.1762197247299726E-001
  9.0877978987647334E-001  9.0012039802182220E-001  8.9167053068358049E-001  8.8341268756033697E-001  8.7534828995269243E-001
  8.6751985601226067E-001  8.5993730732629670E-001  8.5261937806578003E-001  8.4558424891354778E-001  8.3883653120869284E-001
  8.3240938199642212E-001  8.2629086769800886E-001  8.2048603695894007E-001  8.1499473317168003E-001  8.0982364961346709E-001
  8.0499629616995094E-001  8.0051807854515566E-001  7.9639622777549213E-001  7.9263236429275274E-001  7.8923104828418689E-001
  7.8620162077036404E-001  7.8354748786151429E-001  7.8126037595805031E-001  7.7931722538160231E-001  7.7778931054122791E-001
  7.7663749042451902E-001  7.7587008612588382E-001  7.7548527984417048E-001  7.7548527984386695E-001  7.7587008612499619E-001
  7.7663749042306562E-001  7.7778931053924227E-001  7.7931722537890735E-001  7.8126037595498621E-001  7.8354748785739436E-001
  7.8620162076592570E-001  7.8923104827871360E-001  7.9263236428666595E-001  7.9639622776919861E-001  8.0051807853852097E-001
  8.0499629616299528E-001  8.0982364960580233E-001  8.1499473316352555E-001  8.2048603695009026E-001  8.2629086768879445E-001
  8.3240938198676862E-001  8.3883653119808932E-001  8.4558424890211514E-001  8.5261937805377797E-001  8.5993730731391582E-001
  8.6751985599901482E-001  8.7534828994132363E-001  8.8341268754668123E-001  8.9167053066964541E-001  9.0012039800728882E-001
  9.0877978986152064E-001  9.1762197245756083E-001  9.2661989125909794E-001  9.3570394159243309E-001  9.4501342910706809E-001
  9.5434910870196099E-001  9.6375530865526648E-001  9.7323965635799470E-001  9.8276662497224387E-001
BLOCK 75   9.3091849805158091E+000
  9.9146299680039407E-001  1.0014730793260125E+000  1.0113609659349028E+000  1.0212331430966615E+000  1.0310262245922071E+000
  1.0407361590005348E+000  1.0503365623236385E+000  1.0597974570105813E+000  1.0691061968277722E+000  1.0782368856407478E+000
  1.0871745528790662E+000  1.0959110442656927E+000  1.1044383223485952E+000  1.1127367687589103E+000  1.1207833398876992E+000
  1.1285605645426808E+000  1.1360578749144929E+000  1.1432629363846589E+000  1.1501628197137705E+000  1.1567453034346660E+000
  1.1630081837857369E+000  1.1689400246530564E+000  1.1745264710105130E+000  1.1797545374173706E+000  1.1846127078546949E+000
  1.1890914402830102E+000  1.1931897562800227E+000  1.1969000985671523E+000  1.2002134342096338E+000  1.2031220931799849E+000
  1.2056210469220077E+000  1.2077081497176743E+000  1.2093815534845564E+000  1.2106387297926799E+000  1.2114778929532093E+000
  1.2118986290494316E+000  1.2118986290497775E+000  1.2114778929543217E+000  1.2106387297945218E+000  1.2093815534870127E+000
  1.2077081497208304E+000  1.2056210469258530E+000  1.2031220931845361E+000  1.2002134342148332E+000  1.1969000985729905E+000
  1.1931897562863734E+000  1.1890914402885240E+000  1.1846127078619897E+000  1.1797545374252241E+000  1.1745264710190346E+000
  1.1689400246620507E+000  1.1630081837953115E+000  1.1567453034445458E+000  1.1501628197241858E+000  1.1432629363954343E+000
  1.1360578749256065E+000  1.1285605645539403E+000  1.1207833398994769E+000  1.1127367687710528E+000  1.1044383223611032E+000
  1.0959110442784530E+000  1.0871745528920735E+000  1.0782368856539846E+000  1.0691061968412436E+000  1.0597974570243125E+000
  1.0503365623378378E+000  1.0407361590150852E+000  1.0310262246068593E+000  1.0212331431114965E+000  1.0113609659501264E+000
  1.0014730793396089E+000  9.9146299681590466E-001  9.8148632900529520E-001  9.7152605103042511E-001  9.6161319579729954E-001
  9.5177950497697494E-001  9.4201428766834272E-001  9.3233902982649397E-001  9.2278403881089555E-001  9.1338375076330114E-001
  9.0416104464030533E-001  8.9514145659025435E-001  8.8631395915832989E-001  8.7770258235558096E-001  8.6928433896467894E-001
  8.6113261842486832E-001  8.5323395385001111E-001  8.4562112968258252E-001  8.3830612706297480E-001  8.3131125034924347E-001
  8.2462120800332217E-001  8.1824221446836121E-001  8.1218621368079280E-001  8.0647248348020728E-001  8.0111845857296271E-001
  7.9611803565567341E-001  7.9146394525338504E-001  7.8716848067860834E-001  7.8324825535851783E-001  7.7970511886445093E-001
  7.7655896999193941E-001  7.7379606277249369E-001  7.7142634973875468E-001  7.6944438728983056E-001  7.6785250922676307E-001
  7.6666013745596540E-001  7.6585751581553063E-001  7.6545870615612410E-001  7.6545870615571665E-001  7.6585751581438433E-001
  7.6666013745412620E-001  7.6785250922420345E-001  7.6944438728690656E-001  7.7142634973513002E-001  7.7379606276822011E-001
  7.7655896998710905E-001  7.7970511885892391E-001  7.8324825535227771E-001  7.8716848067204681E-001  7.9146394524621722E-001
  7.9611803564749328E-001  8.0111845856419994E-001  8.0647248347095346E-001  8.1218621367250621E-001  8.1824221445809042E-001
  8.2462120799291017E-001  8.3131125033862541E-001  8.3830612705156970E-001  8.4562112967039371E-001  8.5323395383722123E-001
  8.6113261841142086E-001  8.6928433895037915E-001  8.7770258234145759E-001  8.8631395914376898E-001  8.9514145657517041E-001
  9.0416104462493740E-001  9.1338375074778400E-001  9.2278403879534854E-001  9.3233902981157268E-001  9.4201428765237816E-001
  9.5177950496113395E-001  9.6161319578158921E-001  9.7152605101467449E-001  9.8148632898949673E-001
BLOCK 76   9.4349847775498539E+000
  9.9049413167059219E-001  1.0008837009452340E+000  1.0112614772285164E+000  1.0215652919023304E+000  1.0317919589229461E+000
  1.0419247139515453E+000  1.0519449791613689E+000  1.0618254553900408E+000  1.0715390610265214E+000  1.0810705009584276E+000
  1.0904036245497699E+000  1.0995298247838230E+000  1.1084343658752371E+000  1.1170916784000433E+000  1.1254821283794560E+000
  1.1335917868071841E+000  1.1414088677161496E+000  1.1489179680737125E+000  1.1561078625591907E+000  1.1629701885281309E+000
  1.1694993342140994E+000  1.1756790341896577E+000  1.1814949200842277E+000  1.1869367736728558E+000  1.1919932808777545E+000
  1.1966632929295404E+000  1.2009372752028140E+000  1.2048042067798335E+000  1.2082565479158622E+000  1.2112891640495826E+000
  1.2138978690165734E+000  1.2160781752626892E+000  1.2178297719367046E+000  1.2191487946058004E+000  1.2200058222276202E+000
  1.2204363417643014E+000  1.2204363417648010E+000  1.2200058222290351E+000  1.2191487946078587E+000  1.2178297719394231E+000
  1.2160781752661216E+000  1.2138978690207314E+000  1.2112891640544468E+000  1.2082565479213994E+000  1.2048042067859761E+000
  1.2009372752095158E+000  1.1966632929367667E+000  1.1919932808855183E+000  1.1869367736810377E+000  1.1814949200929448E+000
  1.1756790341990764E+000  1.1694993342239814E+000  1.1629701885385673E+000  1.1561078625699681E+000  1.1489179680851027E+000
  1.1414088677278094E+000  1.1335917868190339E+000  1.1254821283901597E+000  1.1170916784129856E+000  1.1084343658884976E+000
  1.0995298247976466E+000  1.0904036245638324E+000  1.0810705009729611E+000  1.0715390610412290E+000  1.0618254554030295E+000
  1.0519449791766751E+000  1.0419247139671752E+000  1.0317919589387328E+000  1.0215652919184286E+000  1.0112614772447437E+000
  1.0008837009596667E+000  9.9049413168695344E-001  9.8008599407661101E-001  9.6969260508341804E-001  9.5934191439206395E-001
  9.4906417741763605E-001  9.3884699068673627E-001  9.2874234188494686E-001  9.1876566410182603E-001  9.0894388508353907E-001
  8.9930855155043821E-001  8.8988054551090978E-001  8.8064944210399243E-001  8.7155782058208064E-001  8.6283787326371031E-001
  8.5433343179642929E-001  8.4612757858976639E-001  8.3823323756152579E-001  8.3066706473561602E-001  8.2340214657026689E-001
  8.1643813741448956E-001  8.0978264248861676E-001  8.0348101985843812E-001  7.9751864679591877E-001  7.9191854855747090E-001
  7.8669523365457583E-001  7.8184863140372540E-001  7.7739148472266240E-001  7.7334772464816948E-001  7.6970197498862714E-001
  7.6645008664040348E-001  7.6359498571249040E-001  7.6114780565899554E-001  7.5910848799551567E-001  7.5747515798380993E-001
  7.5624993089494941E-001  7.5543991820508427E-001  7.5503059009433116E-001  7.5503059009403106E-001  7.5543991820404077E-001
  7.5624993089321546E-001  7.5747515798159459E-001  7.5910848799269126E-001  7.6114780565535112E-001  7.6359498570791084E-001
  7.6645008663514480E-001  7.6970197498271231E-001  7.7334772464141999E-001  7.7739148471511865E-001  7.8184863139566319E-001
  7.8669523364581040E-001  7.9191854854811972E-001  7.9751864678590023E-001  8.0348101984778897E-001  8.0978264247839138E-001
  8.1643813740272875E-001  8.2340214655814925E-001  8.3066706472315066E-001  8.3823323754862011E-001  8.4612757857601362E-001
  8.5433343178268695E-001  8.6283787324946981E-001  8.7155782056941278E-001  8.8064944208915774E-001  8.8988054549619688E-001
  8.9930855153510503E-001  9.0894388506770663E-001  9.1876566408580340E-001  9.2874234186879079E-001  9.3884699067021160E-001
  9.4906417740112281E-001  9.5934191437573979E-001  9.6969260506695942E-001  9.8008599406005104E-001
BLOCK 77   9.5607845745838986E+000
  9.8939515625669350E-001  1.0002495590054550E+000  1.0110737125695459E+000  1.0218260897185432E+000  1.0325011295351139E+000
  1.0430847002419514E+000  1.0535509355040342E+000  1.0638843427143179E+000  1.0740234392379016E+000  1.0839856706700512E+000
  1.0937379496793271E+000  1.1032728509948748E+000  1.1125707665915916E+000  1.1216071310527176E+000  1.1303638840115353E+000
  1.1388270884016676E+000  1.1469801347067328E+000  1.1548105734296852E+000  1.1623104931062482E+000  1.1694738724375189E+000
  1.1762808924266803E+000  1.1827181563607270E+000  1.1887719517013393E+000  1.1944416339135826E+000  1.1997178799730204E+000
  1.2045939227232951E+000  1.2090561051190374E+000  1.2130818336328026E+000  1.2166527104880820E+000  1.2197676172627079E+000
  1.2224684281810847E+000  1.2247206675821913E+000  1.2265379685825626E+000  1.2279085730743315E+000  1.2288244291435200E+000
  1.2292834311739145E+000  1.2292834311743583E+000  1.2288244291448569E+000  1.2279085730764705E+000  1.2265379685855338E+000
  1.2247206675859481E+000  1.2224684281855778E+000  1.2197676172679555E+000  1.2166527104938658E+000  1.2130818336391849E+000
  1.2090561051259483E+000  1.2045939227308857E+000  1.1997178799811996E+000  1.1944416339223096E+000  1.1887719517076811E+000
  1.1827181563702820E+000  1.1762808924368913E+000  1.1694738724484421E+000  1.1623104931175827E+000  1.1548105734417085E+000
  1.1469801347192159E+000  1.1388270884145062E+000  1.1303638840248114E+000  1.1216071310664772E+000  1.1125707666058318E+000
  1.1032728510096934E+000  1.0937379496946353E+000  1.0839856706856688E+000  1.0740234392537165E+000  1.0638843427276725E+000
  1.0535509355204322E+000  1.0430847002586634E+000  1.0325011295519180E+000  1.0218260897356242E+000  1.0110737125867115E+000
  1.0002495590208302E+000  9.8939515627394292E-001  9.7853116898432624E-001  9.6768766902389358E-001  9.5690200854165164E-001
  9.4616578637705917E-001  9.3543526986832171E-001  9.2489859238692451E-001  9.1446665603766863E-001  9.0421428121600211E-001
  8.9416722324892828E-001  8.8432178145739326E-001  8.7467430522184630E-001  8.6526029614937117E-001  8.5612051964376235E-001
  8.4726178600022017E-001  8.3869918286058975E-001  8.3047366027995184E-001  8.2254833786995873E-001  8.1493075485754252E-001
  8.0764904835325990E-001  8.0071586486391766E-001  7.9415412487639647E-001  7.8796984395315339E-001  7.8217190541081716E-001
  7.7677574394574977E-001  7.7178872846915048E-001  7.6720891960042870E-001  7.6303214503661465E-001  7.5926382898148426E-001
  7.5590910685192070E-001  7.5297475001725978E-001  7.5023838589488057E-001  7.4833416043198231E-001  7.4663276887725749E-001
  7.4535405875978622E-001  7.4450047145160381E-001  7.4407380563484915E-001  7.4407380563452075E-001  7.4450047145056175E-001
  7.4535405875788341E-001  7.4663276887464325E-001  7.4833416042872836E-001  7.5023838589293190E-001  7.5297475001283198E-001
  7.5590910684662571E-001  7.5926382897525591E-001  7.6303214502947980E-001  7.6720891959248061E-001  7.7178872846049495E-001
  7.7677574393623472E-001  7.8217190540045867E-001  7.8796984394203051E-001  7.9415412486477610E-001  8.0071586485147916E-001
  8.0764904834018614E-001  8.1493075484479138E-001  8.2254833785643267E-001  8.3047366026593894E-001  8.3869918284658984E-001
  8.4726178598593682E-001  8.5612051962867131E-001  8.6526029613401478E-001  8.7467430520842249E-001  8.8432178144197582E-001
  8.9416722323305753E-001  9.0421428119971925E-001  9.1446665602133359E-001  9.2489859237050087E-001  9.3543526984751679E-001
  9.4616578636020443E-001  9.5690200852473384E-001  9.6768766900684855E-001  9.7853116896701420E-001
BLOCK 78   9.6865843716179434E+000
  9.8812919638658792E-001  9.9948762636863819E-001  1.0107973890478934E+000  1.0220404611129126E+000  1.0331984623089288E+000
  1.0442562277239245E+000  1.0551885553384275E+000  1.0659752395090814E+000  1.0765718997551643E+000  1.0869754080474319E+000
  1.0971626886977677E+000  1.1071248339657882E+000  1.1168377639195155E+000  1.1262761769740752E+000  1.1354201654528260E+000
  1.1442545993914126E+000  1.1527631217068406E+000  1.1609392347661678E+000  1.1687853415221481E+000  1.1762809459815344E+000
  1.1834004101387399E+000  1.1901239457437724E+000  1.1964439920398444E+000  1.2023458193379577E+000  1.2078175844906078E+000
  1.2128532810266854E+000  1.2174425446386326E+000  1.2215826153804641E+000  1.2252934302377718E+000  1.2285612801494532E+000
  1.2313718202760571E+000  1.2337155952098406E+000  1.2355951369317240E+000  1.2370109907869258E+000  1.2379565755721027E+000
  1.2384204315421969E+000  1.2384204315426075E+000  1.2379565755732833E+000  1.2370109907889553E+000  1.2355951369345999E+000
  1.2337155952134911E+000  1.2313718202804653E+000  1.2285612801547086E+000  1.2252934302437666E+000  1.2215826153872464E+000
  1.2174425446460559E+000  1.2128532810346089E+000  1.2078175844991172E+000  1.2023458193470624E+000  1.1964439920495442E+000
  1.1901239457532278E+000  1.1834004101495637E+000  1.1762809459929111E+000  1.1687853415341569E+000  1.1609392347792677E+000
  1.1527631217203589E+000  1.1442545994053632E+000  1.1354201654672580E+000  1.1262761769857208E+000  1.1168377639347935E+000
  1.1071248339815691E+000  1.0971626887140729E+000  1.0869754080641019E+000  1.0765718997720806E+000  1.0659752395253217E+000
  1.0551885553558797E+000  1.0442562277416183E+000  1.0331984623267094E+000  1.0220404611307545E+000  1.0107973890656297E+000
  9.9948762638457644E-001  9.8812919640437280E-001  9.7677185929619392E-001  9.6544515651520535E-001  9.5418276175840500E-001
  9.4297786774721759E-001  9.3184892568462008E-001  9.2083782818213211E-001  9.0997057889043953E-001  8.9927377418249044E-001
  8.8877605415687877E-001  8.7849098494568201E-001  8.6839579313751591E-001  8.5855297469265435E-001  8.4897528809152922E-001
  8.3970786611381731E-001  8.3077830066056813E-001  8.2215752905184258E-001  8.1387703225275976E-001  8.0589613973225915E-001
  7.9831566012577371E-001  7.9111308607682884E-001  7.8430353982173950E-001  7.7792014063386139E-001  7.7197442862768817E-001
  7.6644236044031155E-001  7.6131504408745621E-001  7.5659126193359694E-001  7.5227017313511602E-001  7.4836038498821966E-001
  7.4487760003019599E-001  7.4182295422439837E-001  7.3919611136773722E-001  7.3700324155649399E-001  7.3524916345921942E-001
  7.3393203615224534E-001  7.3305248896214592E-001  7.3261041869558763E-001  7.3261041869519050E-001  7.3305248896103770E-001
  7.3393203615031433E-001  7.3524916345650648E-001  7.3700324155300134E-001  7.3919611136322794E-001  7.4182295421911704E-001
  7.4487760002431924E-001  7.4836038498226520E-001  7.5227017312794509E-001  7.5659126192555759E-001  7.6131504407844752E-001
  7.6644236043045166E-001  7.7197442861685972E-001  7.7792014062261594E-001  7.8430353980962098E-001  7.9111308606375008E-001
  7.9831566011168331E-001  8.0589613971827956E-001  8.1387703223864838E-001  8.2215752903705941E-001  8.3077830064533031E-001
  8.3970786609825088E-001  8.4897528807578060E-001  8.5855297467668013E-001  8.6839579312073178E-001  8.7849098493019384E-001
  8.8877605414021055E-001  8.9927377416574228E-001  9.0997057887380983E-001  9.2083782816490389E-001  9.3184892566770161E-001
  9.4297786772952408E-001  9.5418276174094208E-001  9.6544515649756313E-001  9.7677185927836974E-001
BLOCK 79   9.8123841686519881E+000
  9.8674737220897146E-001  9.9860460214884716E-001  1.0104043834774978E+000  1.0221479214224236E+000  1.0338157257301936E+000
  1.0453854635740416E+000  1.0568242766880400E+000  1.0680994189645303E+000  1.0791821542852327E+000  1.0900496644264921E+000
  1.1006937276254332E+000  1.1111019405587281E+000  1.1212520964630224E+000  1.1311224696069020E+000  1.1406931901232575E+000
  1.1499399941200086E+000  1.1588452464810253E+000  1.1674020417581343E+000  1.1755936095136184E+000  1.1833967738317712E+000
  1.1907950464640753E+000  1.1977786517534814E+000  1.2043369110487527E+000  1.2104612412408118E+000  1.2161389875297854E+000
  1.2213532820999087E+000  1.2261366434752441E+000  1.2304628986708308E+000  1.2343228599998859E+000  1.2377148099417321E+000
  1.2406326833708436E+000  1.2430693579829253E+000  1.2450249715749850E+000  1.2464964341926137E+000  1.2474737177507351E+000
  1.2479609495276232E+000  1.2479609495279835E+000  1.2474737177518225E+000  1.2464964341945168E+000  1.2450249715776456E+000
  1.2430693579863934E+000  1.2406326833752064E+000  1.2377148099468605E+000  1.2343228600058598E+000  1.2304628986776511E+000
  1.2261366434828371E+000  1.2213532821083117E+000  1.2161389875389943E+000  1.2104612412507501E+000  1.2043369110593611E+000
  1.1977786517647713E+000  1.1907950464756090E+000  1.1833967738443198E+000  1.1755936095267174E+000  1.1674020417718336E+000
  1.1588452464952568E+000  1.1499399941348518E+000  1.1406931901386779E+000  1.1311224696227118E+000  1.1212520964793937E+000
  1.1111019405756262E+000  1.1006937276428395E+000  1.0900496644440878E+000  1.0791821543029776E+000  1.0680994189823980E+000
  1.0568242767061682E+000  1.0453854635923838E+000  1.0338157257485903E+000  1.0221479214409537E+000  1.0104043834959371E+000
  9.9860460216655356E-001  9.8674737222752229E-001  9.7489281000766781E-001  9.6306957883564404E-001  9.5130760988133523E-001
  9.3968443209152086E-001  9.2797106628047255E-001  9.1646381428854518E-001  9.0510688158407426E-001  8.9394985861377341E-001
  8.8297159065880371E-001  8.7200967438655785E-001  8.6161812120081782E-001  8.5132473612414461E-001  8.4132947435980665E-001
  8.3166703318264323E-001  8.2233923141265430E-001  8.1333259364929922E-001  8.0468583248498693E-001  7.9643051506872986E-001
  7.8856842337360489E-001  7.8110836029222863E-001  7.7408800112343013E-001  7.6751022217539266E-001  7.6134415196546956E-001
  7.5558490690811331E-001  7.5023815194782351E-001  7.4532526849583802E-001  7.4085020624076559E-001  7.3681972877181978E-001
  7.3323502054877832E-001  7.3009535668155456E-001  7.2739786585065569E-001  7.2514837836160817E-001  7.2335031539260286E-001
  7.2200298145449049E-001  7.2110575999671778E-001  7.2066046557187091E-001  7.2066046557153396E-001  7.2110575999548121E-001
  7.2200298145227559E-001  7.2335031538952332E-001  7.2514837835722368E-001  7.2739786584541644E-001  7.3009535667559577E-001
  7.3323502054228140E-001  7.3681972876472268E-001  7.4085020623277897E-001  7.4532526848702596E-001  7.5023815194056687E-001
  7.5558490689802082E-001  7.6134415195476535E-001  7.6751022216397502E-001  7.7408800111110787E-001  7.8110836027915231E-001
  7.8856842335972532E-001  7.9643051505414153E-001  8.0468583246981340E-001  8.1333259363434562E-001  8.2233923139629539E-001
  8.3166703316636714E-001  8.4132947434325722E-001  8.5132473610702364E-001  8.6161812118352488E-001  8.7200967437254495E-001
  8.8297159064103592E-001  8.9394985859590359E-001  9.0510688156593033E-001  9.1646381427032919E-001  9.2797106626211956E-001
  9.3968443207441399E-001  9.5130760986324669E-001  9.6306957881726674E-001  9.7489280998899330E-001
BLOCK 80   9.9381839656860329E+000
  9.8525319507435949E-001  9.9758914600821869E-001  1.0099871393028679E+000  1.0222513618349167E+000  1.0344268425156717E+000
  1.0464997155807745E+000  1.0584408220124777E+000  1.0702287467919960E+000  1.0818239173882775E+000  1.0932056411824846E+000
  1.1043614571078386E+000  1.1152695782525477E+000  1.1258975110437701E+000  1.1362203364912258E+000  1.1462166205136268E+000
  1.1558659350265668E+000  1.1651559611245852E+000  1.1740736684269393E+000  1.1825946110470416E+000  1.1907061932702456E+000
  1.1983987361615185E+000  1.2056561295803974E+000  1.2124721551724094E+000  1.2188403117087447E+000  1.2247485228727095E+000
  1.2302041434385358E+000  1.2351956973829243E+000  1.2397081189518386E+000  1.2437402558165169E+000  1.2472746619553652E+000
  1.2501690703704142E+000  1.2528368792903015E+000  1.2548638297086856E+000  1.2563880782701773E+000  1.2574066141615621E+000
  1.2579170108020854E+000  1.2579170108025155E+000  1.2574066141627709E+000  1.2563880782721155E+000  1.2548638297113510E+000
  1.2528368792937683E+000  1.2501690703707034E+000  1.2472746619605548E+000  1.2437402558227069E+000  1.2397081189589689E+000
  1.2351956973908218E+000  1.2302041434474855E+000  1.2247485228825159E+000  1.2188403117194400E+000  1.2124721551836932E+000
  1.2056561295924915E+000  1.1983987361743658E+000  1.1907061932829088E+000  1.1825946110612420E+000  1.1740736684418165E+000
  1.1651559611401634E+000  1.1558659350425380E+000  1.1462166205300413E+000  1.1362203365079662E+000  1.1258975110596681E+000
  1.1152695782701267E+000  1.1043614571257754E+000  1.0932056412006617E+000  1.0818239174066846E+000  1.0702287468106604E+000
  1.0584408220312926E+000  1.0464997155998312E+000  1.0344268425347667E+000  1.0222513618541340E+000  1.0099871393221065E+000
  9.9758914602661330E-001  9.8525319509422082E-001  9.7285664171092756E-001  9.6048589195610867E-001  9.4817203823525775E-001
  9.3594147005245265E-001  9.2371196906510655E-001  9.1165233515966693E-001  8.9977286303314186E-001  8.8809378278021067E-001
  8.7659051794960097E-001  8.6534767327882545E-001  8.5434691293692266E-001  8.4365449184365504E-001  8.3325005625577808E-001
  8.2319287488097215E-001  8.1345833861751748E-001  8.0409873653047881E-001  7.9511884810303834E-001  7.8653752047935377E-001
  7.7836719885628758E-001  7.7065824534568950E-001  7.6337614514313690E-001  7.5650882483313564E-001  7.5006780074036072E-001
  7.4408305240295258E-001  7.3855141044012551E-001  7.3348032117599959E-001  7.2887733735007210E-001  7.2474863413287960E-001
  7.2107660259396145E-001  7.1781055834628804E-001  7.1499691407094190E-001  7.1270622371185977E-001  7.1085685733332338E-001
  7.0947902056549561E-001  7.0856112665964555E-001  7.0810521650849312E-001  7.0810521650801639E-001  7.0856112665823134E-001
  7.0947902056292100E-001  7.1085685732965376E-001  7.1270622370730530E-001  7.1499691406523724E-001  7.1781055834011398E-001
  7.2107660258638917E-001  7.2474863412471513E-001  7.2887733734088833E-001  7.3348032116579531E-001  7.3855141042933625E-001
  7.4408305239228778E-001  7.5006780073127755E-001  7.5650882482130999E-001  7.6337614513055596E-001  7.7065824533244154E-001
  7.7836719884218009E-001  7.8653752046437875E-001  7.9511884808744804E-001  8.0409873651473840E-001  8.1345833860256200E-001
  8.2319287486426784E-001  8.3325005623826631E-001  8.4365449182516439E-001  8.5434691291860598E-001  8.6534767325976159E-001
  8.7659051793100229E-001  8.8809378276090944E-001  8.9977286301394088E-001  9.1165233514023791E-001  9.2371196904562669E-001
  9.3594147003419992E-001  9.4817203821593166E-001  9.6048589193680112E-001  9.7285664169186781E-001
BLOCK 81   1.0063983762720078E+001
  9.8348971889804104E-001  9.9644539443780922E-001  1.0094202475775371E+000  1.0222833284992860E+000  1.0350477347775824E+000
  1.0476964441895866E+000  1.0601903088364144E+000  1.0725315866984741E+000  1.0846587816496562E+000  1.0965584395317283E+000
  1.1082165446266883E+000  1.1196023017678280E+000  1.1306873692034682E+000  1.1414482370304315E+000  1.1518627325718669E+000
  1.1619161674219607E+000  1.1716043034310579E+000  1.1808986191903570E+000  1.1897790833239543E+000  1.1982386790309070E+000
  1.2062635420853407E+000  1.2138365442848595E+000  1.2209338512882644E+000  1.2275832655887988E+000  1.2337604216150997E+000
  1.2394477721766894E+000  1.2446405941873977E+000  1.2493341470468442E+000  1.2535207560349289E+000  1.2572028124095931E+000
  1.2603713481816785E+000  1.2630142568824401E+000  1.2651314508378517E+000  1.2667216027271839E+000  1.2677838101963370E+000
  1.2683166298003790E+000  1.2683166298008639E+000  1.2677838101977386E+000  1.2667216027294346E+000  1.2651314508410154E+000
  1.2630142568864537E+000  1.2603713481864589E+000  1.2572028124152639E+000  1.2535207560413830E+000  1.2493341470541537E+000
  1.2446405941957717E+000  1.2394477721859851E+000  1.2337604216253879E+000  1.2275832656000856E+000  1.2209338513004400E+000
  1.2138365442978165E+000  1.2062635420992047E+000  1.1982386790453921E+000  1.1897790833367026E+000  1.1808986192058741E+000
  1.1716043034475045E+000  1.1619161674388576E+000  1.1518627325894193E+000  1.1414482370482153E+000  1.1306873692214312E+000
  1.1196023017861267E+000  1.1082165446453960E+000  1.0965584395507610E+000  1.0846587816689846E+000  1.0725315867179763E+000
  1.0601903088557409E+000  1.0476964442094798E+000  1.0350477347976643E+000  1.0222833285193738E+000  1.0094202475978924E+000
  9.9644539445783531E-001  9.8348971891900694E-001  9.7050134970418622E-001  9.5754044636936664E-001  9.4464160637279160E-001
  9.3177287939892728E-001  9.1905654987881569E-001  9.0645893990127069E-001  8.9404693166369997E-001  8.8184936510474377E-001
  8.6971983062607894E-001  8.5807555260419199E-001  8.4661281994063931E-001  8.3546235281783021E-001  8.2467075445516025E-001
  8.1424569166447824E-001  8.0407182100361563E-001  7.9434492952401092E-001  7.8500715754228356E-001  7.7608978383262384E-001
  7.6764910417381493E-001  7.5965621629808300E-001  7.5209640727025528E-001  7.4497733464746718E-001  7.3829402285782908E-001
  7.3207678623916073E-001  7.2632588757865146E-001  7.2105276903808546E-001  7.1624430520685090E-001  7.1196618120886712E-001
  7.0817014398989664E-001  7.0485444905279837E-001  7.0202616655906191E-001  6.9965082112723931E-001  6.9775785656020151E-001
  6.9633390617601920E-001  6.9538624142664140E-001  6.9491638038388803E-001  6.9491638038332737E-001  6.9538624142487548E-001
  6.9633390617317903E-001  6.9775785655625733E-001  6.9965082112204668E-001  7.0202616655328154E-001  7.0485444904622951E-001
  7.0817014398218470E-001  7.1196618120010158E-001  7.1624430519729154E-001  7.2105276902715731E-001  7.2632588756686789E-001
  7.3207678622679140E-001  7.3829402284524126E-001  7.4497733463421545E-001  7.5209640725706151E-001  7.5965621628399815E-001
  7.6764910415898147E-001  7.7608978381763849E-001  7.8500715752701899E-001  7.9434492950683899E-001  8.0407182098665364E-001
  8.1424569164732241E-001  8.2467075443735705E-001  8.3546235279979886E-001  8.4661281992154014E-001  8.5807555258489165E-001
  8.6971983060822899E-001  8.8184936508471312E-001  8.9404693164357618E-001  9.0645893988072990E-001  9.1905654985806140E-001
  9.3177287937906905E-001  9.4464160635187011E-001  9.5754044634846747E-001  9.7050134968327229E-001
BLOCK 82   1.0189783559754122E+001
  9.8147866204290357E-001  9.9508960599116791E-001  1.0086847907367860E+000  1.0221890085659613E+000  1.0355907201356505E+000
  1.0488695500392631E+000  1.0619885153152415E+000  1.0749061812989147E+000  1.0875941173919197E+000  1.1000326019796824E+000
  1.1122039644136832E+000  1.1240754637414168E+000  1.1356242244756447E+000  1.1468368806704321E+000  1.1576852221995120E+000
  1.1681728633411259E+000  1.1782719257382177E+000  1.1879605489298120E+000  1.1972248597200013E+000  1.2060481439683717E+000
  1.2144076611524293E+000  1.2222973219230073E+000  1.2297224902306823E+000  1.2366693434595830E+000  1.2431184032262141E+000
  1.2490568087157718E+000  1.2544743064118007E+000  1.2593734072128080E+000  1.2637437002675764E+000  1.2675779082236891E+000
  1.2708737653717457E+000  1.2736282432755970E+000  1.2758351013259674E+000  1.2774949508254334E+000  1.2786032557853060E+000
  1.2791580058022585E+000  1.2791580058027492E+000  1.2786032557867009E+000  1.2774949508278475E+000  1.2758351013294209E+000
  1.2736282432800889E+000  1.2708737653772189E+000  1.2675779082301017E+000  1.2637437002748855E+000  1.2593734072211114E+000
  1.2544743064209660E+000  1.2490568087256453E+000  1.2431184032370137E+000  1.2366693434713496E+000  1.2297224902434312E+000
  1.2222973219365640E+000  1.2144076611667425E+000  1.2060481439833231E+000  1.1972248597356507E+000  1.1879605489446179E+000
  1.1782719257552539E+000  1.1681728633587278E+000  1.1576852222175935E+000  1.1468368806888867E+000  1.1356242244945649E+000
  1.1240754637587025E+000  1.1122039644333186E+000  1.1000326019997471E+000  1.0875941174122867E+000  1.0749061813193632E+000
  1.0619885153344060E+000  1.0488695500605432E+000  1.0355907201572578E+000  1.0221890085876724E+000  1.0086847907583403E+000
  9.9508960601252183E-001  9.8147866206492684E-001  9.6786371637070323E-001  9.5428955522053505E-001  9.4080635144931379E-001
  9.2731733919742898E-001  9.1400095604884202E-001  9.0085270238439286E-001  8.8791778213426087E-001  8.7514093156790829E-001
  8.6261668730046936E-001  8.5035139517101921E-001  8.3839916051054808E-001  8.2678406935807780E-001  8.1555784832393774E-001
  8.0462867824774764E-001  7.9411308563391303E-001  7.8399210209151338E-001  7.7432734265953584E-001  7.6513342365236992E-001
  7.5636577217806089E-001  7.4797599669440196E-001  7.4010343056792538E-001  7.3267041945188605E-001  7.2572279588086375E-001
  7.1926603806822276E-001  7.1334196686925466E-001  7.0794351325215987E-001  7.0306100659324278E-001  6.9866723484163551E-001
  6.9476054830851086E-001  6.9135117494577392E-001  6.8843238969764364E-001  6.8598785713567767E-001  6.8402756646511742E-001
  6.8256002623165868E-001  6.8158835763276426E-001  6.8109467029275872E-001  6.8109467029217574E-001  6.8158835763124626E-001
  6.8256002622923961E-001  6.8402756646140650E-001  6.8598785713077925E-001  6.8843238969187825E-001  6.9135117493889897E-001
  6.9476054830052036E-001  6.9866723483260373E-001  7.0306100658337978E-001  7.0794351324145421E-001  7.1334196685750229E-001
  7.1926603805543776E-001  7.2572279586716193E-001  7.3267041943734279E-001  7.4010343055237371E-001  7.4797599668132797E-001
  7.5636577216176137E-001  7.6513342363592995E-001  7.7432734264301628E-001  7.8399210207454151E-001  7.9411308561630300E-001
  8.0462867822896289E-001  8.1555784830572331E-001  8.2678406933891957E-001  8.3839916049095020E-001  8.5035139515098812E-001
  8.6261668728046170E-001  8.7514093154879846E-001  8.8791778211316075E-001  9.0085270236305826E-001  9.1400095602691123E-001
  9.2731733917557158E-001  9.4080635142826408E-001  9.5428955519818859E-001  9.6786371634846446E-001
BLOCK 83   1.0315583356788167E+001
  9.7930142632661477E-001  9.9357545824123761E-001  1.0078142474685663E+000  1.0219665693660314E+000  1.0360081642210668E+000
  1.0499195597538280E+000  1.0636538337459192E+000  1.0771861903820659E+000  1.0904667872712732E+000  1.1034849157825932E+000
  1.1162208478693811E+000  1.1286461113278539E+000  1.1407198679907748E+000  1.1524345558627038E+000  1.1637697422886137E+000
  1.1747153385101692E+000  1.1852441569055663E+000  1.1953414411034347E+000  1.2049878193098884E+000  1.2141693733711307E+000
  1.2228773926204579E+000  1.2311167986000484E+000  1.2388701979133458E+000  1.2461194673962983E+000  1.2528449037327039E+000
  1.2590443219281637E+000  1.2647107054626732E+000  1.2698394626643856E+000  1.2744223025674326E+000  1.2784368965471773E+000
  1.2818380588939728E+000  1.2846861927877053E+000  1.2869735425684898E+000  1.2886906786630632E+000  1.2898369665334253E+000
  1.2904099341487798E+000  1.2904099341493742E+000  1.2898369665352534E+000  1.2886906786660763E+000  1.2869735425726985E+000
  1.2846861927929729E+000  1.2818380589002163E+000  1.2784368965542190E+000  1.2744223025754060E+000  1.2698394626733542E+000
  1.2647107054725837E+000  1.2590443219389049E+000  1.2528449037438014E+000  1.2461194674087819E+000  1.2388701979267291E+000
  1.2311167986140787E+000  1.2228773926354608E+000  1.2141693733865384E+000  1.2049878193258912E+000  1.1953414411202254E+000
  1.1852441569218108E+000  1.1747153385282452E+000  1.1637697423073894E+000  1.1524345558819740E+000  1.1407198680106694E+000
  1.1286461113470236E+000  1.1162208478902362E+000  1.1034849158038189E+000  1.0904667872927638E+000  1.0771861904038735E+000
  1.0636538337666845E+000  1.0499195597763442E+000  1.0360081642439083E+000  1.0219665693888771E+000  1.0078142474913616E+000
  9.9357545826403748E-001  9.7930142634977424E-001  9.6502924741860174E-001  9.5079977284682526E-001  9.3662520734816301E-001
  9.2251435921165492E-001  9.0856608330718314E-001  8.9480989320654636E-001  8.8126722891428955E-001  8.6793441946755456E-001
  8.5486396539501508E-001  8.4210521239893277E-001  8.2970254824350753E-001  8.1759954133307688E-001  8.0584518393647153E-001
  7.9445435579448986E-001  7.8349012265994844E-001  7.7296702192688982E-001  7.6290607920699072E-001  7.5328575211445314E-001
  7.4412371531283761E-001  7.3543724232567087E-001  7.2726108275809020E-001  7.1960975131925042E-001  7.1251549129896796E-001
  7.0597663383774278E-001  6.9995039612612053E-001  6.9440733505084562E-001  6.8934265227655167E-001  6.8476765729144962E-001
  6.8070839359825985E-001  6.7716786417842667E-001  6.7413412685614649E-001  6.7160925834227314E-001  6.6960261574862312E-001
  6.6810536557347311E-001  6.6710488759009212E-001  6.6659928309241168E-001  6.6659928309176508E-001  6.6710488758839348E-001
  6.6810536557079747E-001  6.6960261574483670E-001  6.7160925833743856E-001  6.7413412684998697E-001  6.7716786417159114E-001
  6.8070839359060553E-001  6.8476765728269995E-001  6.8934265226700964E-001  6.9440733503998897E-001  6.9995039611417675E-001
  7.0597663382494713E-001  7.1251549128542968E-001  7.1960975130419402E-001  7.2726108274240875E-001  7.3543724230887497E-001
  7.4412371529479726E-001  7.5328575209679416E-001  7.6290607918859377E-001  7.7296702190816224E-001  7.8349012264057460E-001
  7.9445435577510914E-001  8.0584518391677662E-001  8.1759954131173718E-001  8.2970254822244183E-001  8.4210521237781089E-001
  8.5486396537376319E-001  8.6793441944724270E-001  8.8126722889193410E-001  8.9480989318468773E-001  9.0856608328464061E-001
  9.2251435918877045E-001  9.3662520732714749E-001  9.5079977282378514E-001  9.6502924739536688E-001
BLOCK 84   1.0441383153822212E+001
  9.7687660144731492E-001  9.9184260758215925E-001  1.0067654235154608E+000  1.0215922113096969E+000  1.0363022226266336E+000
  1.0508682735751540E+000  1.0652721255829640E+000  1.0794025476576397E+000  1.0933028371844200E+000  1.1069326548204679E+000
  1.1202662415986673E+000  1.1332714042458738E+000  1.1459123578210602E+000  1.1581650625283788E+000  1.1700281813146862E+000
  1.1814761402889373E+000  1.1924825382295685E+000  1.2030274698111103E+000  1.2130956528406571E+000  1.2226805502762879E+000
  1.2317918996092081E+000  1.2404162835485812E+000  1.2485239592520392E+000  1.2560854144959988E+000  1.2630898960644079E+000
  1.2695305288290206E+000  1.2754018004429448E+000  1.2806891699939045E+000  1.2854111318976997E+000  1.2895648743230215E+000
  1.2931510583254873E+000  1.2961499505160026E+000  1.2985467035766582E+000  1.3003433143723806E+000  1.3015497293183993E+000
  1.3021494866758947E+000  1.3021494866764693E+000  1.3015497293203029E+000  1.3003433143755232E+000  1.2985467035809184E+000
  1.2961499505215492E+000  1.2931510583323329E+000  1.2895648743309818E+000  1.2854111319067765E+000  1.2806891700037968E+000
  1.2754018004536338E+000  1.2695305288404779E+000  1.2630898960765886E+000  1.2560854145089375E+000  1.2485239592657069E+000
  1.2404162835631607E+000  1.2317918996245421E+000  1.2226805502926643E+000  1.2130956528576331E+000  1.2030274698286925E+000
  1.1924825382474948E+000  1.1814761403077407E+000  1.1700281813343707E+000  1.1581650625487128E+000  1.1459123578419299E+000
  1.1332714042672456E+000  1.1202662416206690E+000  1.1069326548430620E+000  1.0933028372073703E+000  1.0794025476808886E+000
  1.0652721256047499E+000  1.0508682735988983E+000  1.0363022226506211E+000  1.0215922113336058E+000  1.0067654235391286E+000
  9.9184260760613807E-001  9.7687660147143363E-001  9.6192141247607632E-001  9.4701480105850255E-001  9.3210420171058261E-001
  9.1740472942171625E-001  9.0281289517753804E-001  8.8842478713477468E-001  8.7424179415272840E-001  8.6025658670488503E-001
  8.4658312688945714E-001  8.3323102841839858E-001  8.2023015175960390E-001  8.0743352383954625E-001  7.9526232667817121E-001
  7.8341746781450883E-001  7.7200579411431525E-001  7.6109597085190916E-001  7.5064512370071168E-001  7.4069198570777106E-001
  7.3124522479446352E-001  7.2229140207473586E-001  7.1389382008198987E-001  7.0607456920990197E-001  6.9878669920048686E-001
  6.9199807942855429E-001  6.8571122673354046E-001  6.7997142584109183E-001  6.7476493813225680E-001  6.7008470845177193E-001
  6.6593246265569139E-001  6.6231472055272922E-001  6.5922114701513057E-001  6.5664059128067531E-001  6.5454925448030621E-001
  6.5297199829299768E-001  6.5192798673157881E-001  6.5140913048654936E-001  6.5140913048617544E-001  6.5192798673018226E-001
  6.5297199829027475E-001  6.5454925447637380E-001  6.5664059127536245E-001  6.5922114700878320E-001  6.6231472054539253E-001
  6.6593246264677131E-001  6.7008470844239876E-001  6.7476493812233596E-001  6.7997142583040804E-001  6.8571122672395979E-001
  6.9199807941583535E-001  6.9878669918691805E-001  7.0607456919552958E-001  7.1389382006691215E-001  7.2229140205887221E-001
  7.3124522477588372E-001  7.4069198568829486E-001  7.5064512368292258E-001  7.6109597083166258E-001  7.7200579409345826E-001
  7.8341746779287569E-001  7.9526232665627317E-001  8.0743352381936717E-001  8.2023015173688396E-001  8.3323102839598551E-001
  8.4658312686691173E-001  8.6025658668175276E-001  8.7424179413110126E-001  8.8842478711145001E-001  9.0281289515397667E-001
  9.1740472939807838E-001  9.3210420168809927E-001  9.4701480103508295E-001  9.6192141245239471E-001
BLOCK 85   1.0567182950856257E+001
  9.7423651062646566E-001  9.8989466010509919E-001  1.0055229161899448E+000  1.0210372259155129E+000  1.0364397730945221E+000
  1.0516928763587454E+000  1.0667694218226635E+000  1.0815816728129755E+000  1.0961467877164943E+000  1.1104273440094816E+000
  1.1243855569980090E+000  1.1379843963590459E+000  1.1511991648471041E+000  1.1640206644146005E+000  1.1764462256641521E+000
  1.1884463401053180E+000  1.1999929735530963E+000  1.2110565117876813E+000  1.2216082590339747E+000  1.2316606194853374E+000
  1.2411866331976582E+000  1.2501586034987944E+000  1.2585686905704976E+000  1.2664126822724540E+000  1.2736790985416053E+000
  1.2803581364269525E+000  1.2864602882473486E+000  1.2919778624847698E+000  1.2969119949112584E+000  1.3012495483438951E+000
  1.3049753933238124E+000  1.3080874861508498E+000  1.3105885726590860E+000  1.3124791170514694E+000  1.3137206821378928E+000
  1.3143487558439451E+000  1.3143487558445863E+000  1.3137206821397804E+000  1.3124791170531358E+000  1.3105885726635607E+000
  1.3080874861564757E+000  1.3049753933306125E+000  1.3012495483519395E+000  1.2969119949204371E+000  1.2919778624949354E+000
  1.2864602882587794E+000  1.2803581364393277E+000  1.2736790985547544E+000  1.2664126822862887E+000  1.2585686905851345E+000
  1.2501586035124781E+000  1.2411866332139199E+000  1.2316606195023581E+000  1.2216082590516784E+000  1.2110565118061618E+000
  1.1999929735723782E+000  1.1884463401238956E+000  1.1764462256849493E+000  1.1640206644362365E+000  1.1511991648692270E+000
  1.1379843963815812E+000  1.1243855570195933E+000  1.1104273440332182E+000  1.0961467877405242E+000  1.0815816728372483E+000
  1.0667694218460675E+000  1.0516928763833673E+000  1.0364397731194297E+000  1.0210372259403830E+000  1.0055229162143067E+000
  9.8989466013006400E-001  9.7423651065146633E-001  9.5858321806562663E-001  9.4297647605873958E-001  9.2739070088045650E-001
  9.1191375458777268E-001  8.9657557334893268E-001  8.8143257474598391E-001  8.6655263923270676E-001  8.5186633258703426E-001
  8.3752036463323787E-001  8.2357284426063004E-001  8.0995640749321174E-001  7.9670458635872643E-001  7.8392758564652165E-001
  7.7164324562526887E-001  7.5984659919434772E-001  7.4850084817685480E-001  7.3768025876937882E-001  7.2736833000054879E-001
  7.1761276992402567E-001  7.0843151666290671E-001  6.9980317019064187E-001  6.9173124272883291E-001  6.8418173181365716E-001
  6.7722046230347788E-001  6.7079749004247557E-001  6.6488350005508023E-001  6.5946687159624917E-001  6.5459832981809762E-001
  6.5035087356932098E-001  6.4662779269462056E-001  6.4346397416098344E-001  6.4082168775529347E-001  6.3873538789149342E-001
  6.3716763289537259E-001  6.3612538921697737E-001  6.3560527876687689E-001  6.3560527876649087E-001  6.3612538921556150E-001
  6.3716763289276612E-001  6.3873538788778295E-001  6.4082168775018888E-001  6.4346397415454670E-001  6.4662779268701187E-001
  6.5035087356032129E-001  6.5459832980869248E-001  6.5946687158572392E-001  6.6488350004285879E-001  6.7079749002916733E-001
  6.7722046228924881E-001  6.8418173179949149E-001  6.9173124271342046E-001  6.9980317017518490E-001  7.0843151664637571E-001
  7.1761276990625378E-001  7.2736832998158607E-001  7.3768025874962884E-001  7.4850084815416551E-001  7.5984659917245612E-001
  7.7164324560317132E-001  7.8392758562406428E-001  7.9670458633486230E-001  8.0995640746475694E-001  8.2357284423574417E-001
  8.3752036460868085E-001  8.5186633256216193E-001  8.6655263920762204E-001  8.8143257472136360E-001  8.9657557332340898E-001
  9.1191375456241297E-001  9.2739070085531328E-001  9.4297647603463042E-001  9.5858321804092483E-001
BLOCK 86   1.0692982747890301E+001
  9.7124031344241513E-001  9.8769155966340383E-001  1.0041232719250193E+000  1.0203853780411238E+000  1.0365230622062940E+000
  1.0524799663512474E+000  1.0682321632616387E+000  1.0837215917162970E+000  1.0989536905594355E+000  1.1139123629554974E+000
  1.1285587200690310E+000  1.1428259535490786E+000  1.1567057568765717E+000  1.1701709004644190E+000  1.1831936925596271E+000
  1.1957492478699792E+000  1.2078127171525617E+000  1.2193594827757759E+000  1.2303838810305436E+000  1.2408706337121973E+000
  1.2507959917316327E+000  1.2601495275590904E+000  1.2689269036187385E+000  1.2771095483701744E+000  1.2846808068318347E+000
  1.2916837088930131E+000  1.2980796386372591E+000  1.3038469157939641E+000  1.3089848264478221E+000  1.3134794138135519E+000
  1.3173387004336481E+000  1.3205635660527260E+000  1.3231483450354840E+000  1.3250911644056713E+000  1.3263865888142661E+000
  1.3270337445773746E+000  1.3270337445779443E+000  1.3263865888160427E+000  1.3250911644087904E+000  1.3231483450398247E+000
  1.3205635660582362E+000  1.3173387004402834E+000  1.3134794138186812E+000  1.3089848264569934E+000  1.3038469158043418E+000
  1.2980796386487619E+000  1.2916837089057442E+000  1.2846808068456477E+000  1.2771095483850328E+000  1.2689269036344692E+000
  1.2601495275757661E+000  1.2507959917451421E+000  1.2408706337304938E+000  1.2303838810499061E+000  1.2193594827955450E+000
  1.2078127171732358E+000  1.1957492478912695E+000  1.1831936925824713E+000  1.1701709004869743E+000  1.1567057568994861E+000
  1.1428259535722332E+000  1.1285587200913234E+000  1.1139123629798522E+000  1.0989536905841588E+000  1.0837215917412792E+000
  1.0682321632863854E+000  1.0524799663769591E+000  1.0365230622325299E+000  1.0203853780674774E+000  1.0041232719506701E+000
  9.8769155969014710E-001  9.7124031346881834E-001  9.5478421792806711E-001  9.3833234317501324E-001  9.2197931376730957E-001
  9.0574224678181769E-001  8.8967954033845920E-001  8.7381090449498533E-001  8.5813790887152253E-001  8.4281777513027067E-001
  8.2785667884598590E-001  8.1319610237929874E-001  7.9899941200261138E-001  7.8519944069311576E-001  7.7192142841656375E-001
  7.5912410393935226E-001  7.4667069133338304E-001  7.3500496538709648E-001  7.2385080968717175E-001  7.1326123299796351E-001
  7.0327002833753949E-001  6.9378812012381441E-001  6.8478280258778690E-001  6.7641159741608370E-001  6.6860075868494950E-001
  6.6135511762485111E-001  6.5469919936391963E-001  6.4868003946918562E-001  6.4324017149484825E-001  6.3839103381351747E-001
  6.3409341207066583E-001  6.3033904948060460E-001  6.2713130796947802E-001  6.2446181151064306E-001  6.2230203880497525E-001
  6.2068207828177957E-001  6.1961065355552158E-001  6.1907444345069851E-001  6.1907444344998142E-001  6.1961065355358103E-001
  6.2068207827873134E-001  6.2230203880071466E-001  6.2446181150865232E-001  6.2713130796351013E-001  6.3033904947326536E-001
  6.3409341206201286E-001  6.3839103380411000E-001  6.4324017148436841E-001  6.4868003945677499E-001  6.5469919935025422E-001
  6.6135511761012411E-001  6.6860075866850122E-001  6.7641159739913725E-001  6.8478280257239943E-001  6.9378812010535140E-001
  7.0327002831843544E-001  7.1326123297823429E-001  7.2385080966696302E-001  7.3500496536548787E-001  7.4667069131442232E-001
  7.5912410391701279E-001  7.7192142839281153E-001  7.8519944066968295E-001  7.9899941197692481E-001  8.1319610235636119E-001
  8.2785667882024438E-001  8.4281777510405809E-001  8.5813790884474828E-001  8.7381090446939880E-001  8.8967954031160079E-001
  9.0574224675429116E-001  9.2197931373982334E-001  9.3833234314966951E-001  9.5478421790118262E-001
BLOCK 87   1.0818782544924346E+001
  9.6774598481800878E-001  9.8501321091774330E-001  1.0022123620428702E+000  1.0193361749393126E+000  1.0362898169138426E+000
  1.0530770898844897E+000  1.0696535706603947E+000  1.0859620501657858E+000  1.1019764798047991E+000  1.1176751169127057E+000
  1.1330084021652163E+000  1.1479358581533390E+000  1.1624306539789171E+000  1.1764938142751253E+000  1.1900967021884392E+000
  1.2032021681157334E+000  1.2158039449354039E+000  1.2278706413030718E+000  1.2394034649554884E+000  1.2503733080589567E+000
  1.2607547762768014E+000  1.2705363367647318E+000  1.2797104741449536E+000  1.2882580706843170E+000  1.2961948080785526E+000
  1.3034943769310783E+000  1.3101518037057118E+000  1.3161639811881387E+000  1.3215189246339394E+000  1.3262108516730262E+000
  1.3302394421552326E+000  1.3336008493064322E+000  1.3362956432842017E+000  1.3383173094720786E+000  1.3396633060198992E+000
  1.3403345831581703E+000  1.3403345831588174E+000  1.3396633060218586E+000  1.3383173094751464E+000  1.3362956432884199E+000
  1.3336008493119007E+000  1.3302394421620602E+000  1.3262108516810642E+000  1.3215189246431358E+000  1.3161639811986030E+000
  1.3101518037173292E+000  1.3034943769439753E+000  1.2961948080929020E+000  1.2882580706998110E+000  1.2797104741616936E+000
  1.2705363367825435E+000  1.2607547762955724E+000  1.2503733080755979E+000  1.2394034649760870E+000  1.2278706413244556E+000
  1.2158039449572053E+000  1.2032021681379048E+000  1.1900967022089644E+000  1.1764938142985650E+000  1.1624306540026990E+000
  1.1479358581777943E+000  1.1330084021902045E+000  1.1176751169381915E+000  1.1019764798305460E+000  1.0859620501917346E+000
  1.0696535706865744E+000  1.0530770899116486E+000  1.0362898169416852E+000  1.0193361749674139E+000  1.0022123620699201E+000
  9.8501321094676764E-001  9.6774598484707552E-001  9.5047698948476489E-001  9.3312700407454241E-001  9.1602812713348925E-001
  8.9898289169111845E-001  8.8212913872680487E-001  8.6550818855930445E-001  8.4911062213360322E-001  8.3301668049542255E-001
  8.1738437688559162E-001  8.0211384396748220E-001  7.8730176367531812E-001  7.7293329448096126E-001  7.5912545642564955E-001
  7.4563436083325252E-001  7.3294437223480735E-001  7.2071387365697270E-001  7.0905546082138393E-001  6.9802690208764384E-001
  6.8757095004976199E-001  6.7769838243658498E-001  6.6845924707715032E-001  6.5984286477156295E-001  6.5191490792662221E-001
  6.4470244694958767E-001  6.3807230514949165E-001  6.3198818071888418E-001  6.2645036473615967E-001  6.2147752930235800E-001
  6.1708015052006338E-001  6.1325496028319171E-001  6.0998314572272261E-001  6.0727168869826542E-001  6.0510694664348463E-001
  6.0348956243230067E-001  6.0241384270311860E-001  6.0188075472605684E-001  6.0188075472543434E-001  6.0241384270136955E-001
  6.0348956242957574E-001  6.0510694663935982E-001  6.0727168869307502E-001  6.0998314571621959E-001  6.1325496027574489E-001
  6.1708015051149856E-001  6.2147752929248801E-001  6.2645036472564541E-001  6.3198818070704443E-001  6.3807230513634416E-001
  6.4470244693519552E-001  6.5191490791130835E-001  6.5984286475501708E-001  6.6845924705781512E-001  6.7769838241663360E-001
  6.8757095003052182E-001  6.9802690206599682E-001  7.0905546079966797E-001  7.2071387363392847E-001  7.3294437221157382E-001
  7.4563436081159595E-001  7.5912545640069040E-001  7.7293329445611292E-001  7.8730176365030324E-001  8.0211384394054619E-001
  8.1738437686062992E-001  8.3301668046877386E-001  8.4911062210595534E-001  8.6550818853092826E-001  8.8212913869930842E-001
  8.9898289166214795E-001  9.1602812710428172E-001  9.3312700404713866E-001  9.5047698945591030E-001
BLOCK 88   1.0944582341958391E+001
  9.6372503034273260E-001  9.8189733450999195E-001  1.0000144304733412E+000  1.0180269984961812E+000  1.0358808247264839E+000
  1.0535506216484554E+000  1.0709811315790414E+000  1.0881219010619114E+000  1.1049402749218953E+000  1.1214000556144357E+000
  1.1374831289067797E+000  1.1531314374867530E+000  1.1683328381523657E+000  1.1830624944579105E+000  1.1972945624710569E+000
  1.2110020681218896E+000  1.2241620021043891E+000  1.2367708419045613E+000  1.2487961034884181E+000  1.2602341904954648E+000
  1.2710721197488648E+000  1.2812868716563861E+000  1.2908715913206097E+000  1.2998239767953412E+000  1.3081243271893275E+000
  1.3157591703387697E+000  1.3227216944385600E+000  1.3290113179100602E+000  1.3346275082626298E+000  1.3395537874380048E+000
  1.3437436893035208E+000  1.3472141693228603E+000  1.3500206728134696E+000  1.3521202779713559E+000  1.3535283528298589E+000
  1.3542324096814709E+000  1.3542324096821470E+000  1.3535283528319180E+000  1.3521202779747790E+000  1.3500206728182709E+000
  1.3472141693289983E+000  1.3437436893108470E+000  1.3395537874465073E+000  1.3346275082725150E+000  1.3290113179211340E+000
  1.3227216944508435E+000  1.3157591703518992E+000  1.3081243272042518E+000  1.2998239768113324E+000  1.2908715913377975E+000
  1.2812868716746297E+000  1.2710721197681127E+000  1.2602341905156011E+000  1.2487961035089432E+000  1.2367708419264916E+000
  1.2241620021275164E+000  1.2110020681455063E+000  1.1972945624950726E+000  1.1830624944825621E+000  1.1683328381778983E+000
  1.1531314375128330E+000  1.1374831289332890E+000  1.1214000556412127E+000  1.1049402749495696E+000  1.0881219010899938E+000
  1.0709811316074160E+000  1.0535506216774819E+000  1.0358808247560303E+000  1.0180269985256989E+000  1.0000144305017979E+000
  9.8189733454029027E-001  9.6372503037309576E-001  9.4556142945587363E-001  9.2744332468171597E-001  9.0944444158508286E-001
  8.9160889588494818E-001  8.7395584980186225E-001  8.5651178645852444E-001  8.3938760512183874E-001  8.2262612988630368E-001
  8.0603947534785048E-001  7.9013352046670404E-001  7.7459417271525255E-001  7.5962086299107789E-001  7.4490821350330572E-001
  7.3107497207817973E-001  7.1772581557719417E-001  7.0506207183460157E-001  6.9302307109349182E-001  6.8157006800443765E-001
  6.7080396280671162E-001  6.6073111307695809E-001  6.5135133793974065E-001  6.4270660193938578E-001  6.3465823132248589E-001
  6.2721095959533657E-001  6.2038127767251139E-001  6.1418748047240301E-001  6.0860727569576689E-001  6.0361716122472020E-001
  5.9921669446480808E-001  5.9541006087253534E-001  5.9211682501471086E-001  5.8935125808352573E-001  5.8718677092477212E-001
  5.8556695910922485E-001  5.8449466998488497E-001  5.8396087070460256E-001  5.8396087070396396E-001  5.8449466998313104E-001
  5.8556695910617607E-001  5.8718677092050642E-001  5.8935125807776112E-001  5.9211682500787954E-001  5.9541006086433201E-001
  5.9921669445626036E-001  6.0361716121310749E-001  6.0860727568362216E-001  6.1418748045983684E-001  6.2038127765916395E-001
  6.2721095958151474E-001  6.3465823130722610E-001  6.4270660192279483E-001  6.5135133792211508E-001  6.6073111305833576E-001
  6.7080396278490428E-001  6.8157006798273645E-001  6.9302307107019467E-001  7.0506207181033786E-001  7.1772581555208104E-001
  7.3107497205229333E-001  7.4490821348073155E-001  7.5962086296347042E-001  7.7459417268779507E-001  7.9013352043899998E-001
  8.0603947532164866E-001  8.2262612985784522E-001  8.3938760509275923E-001  8.5651178642901860E-001  8.7395584977389551E-001
  8.9160889585560388E-001  9.0944444155558013E-001  9.2744332465134338E-001  9.4556142942589150E-001
BLOCK 89   1.1070382138992436E+001
  9.5938592452384297E-001  9.7846762576373525E-001  9.9752312319752223E-001  1.0164340920094648E+000  1.0351897115304673E+000
  1.0537592290956419E+000  1.0720853742070939E+000  1.0901114304419848E+000  1.1077977879649630E+000  1.1251047662197433E+000
  1.1419855948764472E+000  1.1584016729861775E+000  1.1743522183363977E+000  1.1898141350066662E+000  1.2047284980011908E+000
  1.2190881039071293E+000  1.2328681686622405E+000  1.2460542790829969E+000  1.2586264646158907E+000  1.2705714657723417E+000
  1.2818803440541089E+000  1.2925603413774396E+000  1.3026014583675620E+000  1.3119641656178496E+000  1.3206308697440838E+000
  1.3285924735231072E+000  1.3358450618087057E+000  1.3423758945776620E+000  1.3481936091703848E+000  1.3533092697340547E+000
  1.3577149570727880E+000  1.3613932342752946E+000  1.3643308558231075E+000  1.3665384671136489E+000  1.3680174613349749E+000
  1.3687523889791635E+000  1.3687523889798823E+000  1.3680174613372174E+000  1.3665384671173040E+000  1.3643308558283200E+000
  1.3613932342820294E+000  1.3577149570809031E+000  1.3533092697435678E+000  1.3481936091814113E+000  1.3423758945897009E+000
  1.3358450618217306E+000  1.3285924735373162E+000  1.3206308697594482E+000  1.3119641656321599E+000  1.3026014583849304E+000
  1.2925603413959263E+000  1.2818803440737734E+000  1.2705714657928935E+000  1.2586264646376613E+000  1.2460542791058380E+000
  1.2328681686860632E+000  1.2190881039318919E+000  1.2047284980268562E+000  1.1898141350303415E+000  1.1743522183639896E+000
  1.1584016730143130E+000  1.1419855949050821E+000  1.1251047662477651E+000  1.1077977879948973E+000  1.0901114304724355E+000
  1.0720853742376988E+000  1.0537592291264459E+000  1.0351897115609727E+000  1.0164340920401307E+000  9.9752312322708214E-001
  9.7846762579485691E-001  9.5938592455490623E-001  9.4026554560895392E-001  9.2122590451710373E-001  9.0227544606785837E-001
  8.8350028300504801E-001  8.6493461817972461E-001  8.4657321539890851E-001  8.2853621313241643E-001  8.1087513209590378E-001
  7.9360595833301595E-001  7.7685330882799641E-001  7.6066365254571311E-001  7.4471741424818583E-001  7.2976058220425943E-001
  7.1526708632935332E-001  7.0149760041860920E-001  6.8836087491423914E-001  6.7591438743706689E-001  6.6417122197895084E-001
  6.5311372600693407E-001  6.4288875045784011E-001  6.3336217898436475E-001  6.2450196415519366E-001  6.1630691110848146E-001
  6.0872345145281881E-001  6.0173273533560168E-001  5.9539123854695475E-001  5.8974051048650955E-001  5.8477214473764672E-001
  5.8036189557709517E-001  5.7656495276267405E-001  5.7331599709375158E-001  5.7064058721617672E-001  5.6852228867770827E-001
  5.6694062205094808E-001  5.6589124396028567E-001  5.6536331602295564E-001  5.6536331602265144E-001  5.6589124395900714E-001
  5.6694062204845797E-001  5.6852228867388055E-001  5.7064058721096256E-001  5.7331599708698677E-001  5.7656495275479902E-001
  5.8036189556757267E-001  5.8477214472650496E-001  5.8974051047469345E-001  5.9539123853324205E-001  6.0173273532014571E-001
  6.0872345143535234E-001  6.1630691109032343E-001  6.2450196413864234E-001  6.3336217896585512E-001  6.4288875043835558E-001
  6.5311372598658179E-001  6.6417122195718481E-001  6.7591438741486454E-001  6.8836087489483966E-001  7.0149760039351206E-001
  7.1526708630372238E-001  7.2976058217707374E-001  7.4471741422212812E-001  7.6066365251623380E-001  7.7685330879786685E-001
  7.9360595830242397E-001  8.1087513206310347E-001  8.2853621310188630E-001  8.4657321536856822E-001  8.6493461814743788E-001
  8.8350028297336292E-001  9.0227544603640064E-001  9.2122590448569808E-001  9.4026554557916953E-001
BLOCK 90   1.1196181936026480E+001
  9.5447273740979788E-001  9.7460749204292996E-001  9.9463226404935312E-001  1.0146184485822172E+000  1.0343487777868743E+000
  1.0538668113670462E+000  1.0731162736498261E+000  1.0920341440887602E+000  1.1105917485970109E+000  1.1287782254474270E+000
  1.1464773364704921E+000  1.1637176988266678E+000  1.1804651088550748E+000  1.1966774012893568E+000  1.2123286366290715E+000
  1.2273933875884875E+000  1.2418682506546233E+000  1.2557141223953594E+000  1.2689109152752929E+000  1.2814445097035290E+000
  1.2932917408850884E+000  1.3044517136290976E+000  1.3149009897595219E+000  1.3246304877348432E+000  1.3336366139256604E+000
  1.3419005079199748E+000  1.3494408219927951E+000  1.3562662393473619E+000  1.3623704252258333E+000  1.3677332968028446E+000
  1.3723351079011259E+000  1.3761693488656577E+000  1.3792483344229616E+000  1.3815699863106223E+000  1.3831177222021809E+000
  1.3838934491083914E+000  1.3838934491091843E+000  1.3831177222045477E+000  1.3815699863144204E+000  1.3792483344283706E+000
  1.3761693488709155E+000  1.3723351079094812E+000  1.3677332968126621E+000  1.3623704252370858E+000  1.3562662393597806E+000
  1.3494408220067140E+000  1.3419005079348694E+000  1.3336366139417424E+000  1.3246304877519681E+000  1.3149009897749240E+000
  1.3044517136485076E+000  1.2932917409056282E+000  1.2814445097252560E+000  1.2689109152981768E+000  1.2557141224186092E+000
  1.2418682506794390E+000  1.2273933876146714E+000  1.2123286366562172E+000  1.1966774013174202E+000  1.1804651088840770E+000
  1.1637176988566076E+000  1.1464773365010246E+000  1.1287782254764087E+000  1.1105917486286769E+000  1.0920341441207084E+000
  1.0731162736817759E+000  1.0538668113993399E+000  1.0343487778194980E+000  1.0146184486150189E+000  9.9463226408117311E-001
  9.7460749207587805E-001  9.5447273744279482E-001  9.3433493738071005E-001  9.1418141300468059E-001  8.9417896663111707E-001
  8.7431449037089504E-001  8.5466466310751654E-001  8.3535866917733848E-001  8.1645401858234845E-001  7.9791614214552631E-001
  7.7988721009454332E-001  7.6238760743010436E-001  7.4517726543881313E-001  7.2890298911433460E-001  7.1326524349206366E-001
  6.9837291966237502E-001  6.8394127636864932E-001  6.7055753519885142E-001  6.5773211739622406E-001  6.4566766967831257E-001
  6.3437108418880805E-001  6.2374822549660647E-001  6.1389443042641645E-001  6.0476391839678023E-001  5.9634835936784225E-001
  5.8869729310342600E-001  5.8183974177764386E-001  5.7566210527208383E-001  5.7013796836209929E-001  5.6524287825230513E-001
  5.6089570195532479E-001  5.5711799869805989E-001  5.5390251257730694E-001  5.5125122017075068E-001  5.4913071969290528E-001
  5.4755505147903138E-001  5.4650371001523135E-001  5.4597628575906054E-001  5.4597628575835022E-001  5.4650371001279230E-001
  5.4755505147565720E-001  5.4913071968835758E-001  5.5125122016491990E-001  5.5390251257051915E-001  5.5711799868989276E-001
  5.6089570194743199E-001  5.6524287824266217E-001  5.7013796835084574E-001  5.7566210525850070E-001  5.8183974176228082E-001
  5.8869729308716712E-001  5.9634835934992958E-001  6.0476391837652632E-001  6.1389443040543812E-001  6.2374822547229636E-001
  6.3437108416609567E-001  6.4566766965497990E-001  6.5773211737193116E-001  6.7055753517455252E-001  6.8394127634419311E-001
  6.9837291963527004E-001  7.1326524346476372E-001  7.2890298908651763E-001  7.4517726540144202E-001  7.6238760740015765E-001
  7.7988721006300188E-001  7.9791614211330653E-001  8.1645401854921473E-001  8.3535866914416468E-001  8.5466466307365263E-001
  8.7431449033752140E-001  8.9417896659745111E-001  9.1418141297127253E-001  9.3433493734881445E-001
BLOCK 91   1.1321981733060525E+001
  9.4867569980599953E-001  9.6994720898842401E-001  9.9116200602758764E-001  1.0122583119624728E+000  1.0331228804155850E+000
  1.0537178932345255E+000  1.0739984463604655E+000  1.0939032221052183E+000  1.1134188565452126E+000  1.1325087007833941E+000
  1.1511091432219795E+000  1.1692113738925443E+000  1.1868007360325890E+000  1.2038323008678709E+000  1.2202463291252443E+000
  1.2360591604641591E+000  1.2512239975580388E+000  1.2657208541211968E+000  1.2795311910738276E+000  1.2926360463052593E+000
  1.3050325387098014E+000  1.3166935148551362E+000  1.3276238466692774E+000  1.3378104045203216E+000  1.3472091355744966E+000
  1.3558939825843808E+000  1.3638116033955434E+000  1.3709435461462787E+000  1.3772909204159220E+000  1.3828544945789458E+000
  1.3876352342105978E+000  1.3916241240661655E+000  1.3948153594603421E+000  1.3972117942642093E+000  1.3988162022135509E+000
  1.3996214086195842E+000  1.3996214086203602E+000  1.3988162022157786E+000  1.3972117942679632E+000  1.3948153594656065E+000
  1.3916241240729050E+000  1.3876352342187597E+000  1.3828544945885055E+000  1.3772909204259343E+000  1.3709435461588888E+000
  1.3638116034097283E+000  1.3558939826001004E+000  1.3472091355915505E+000  1.3378104045386299E+000  1.3276238466889918E+000
  1.3166935148767078E+000  1.3050325387318464E+000  1.2926360463285664E+000  1.2795311910983185E+000  1.2657208541465996E+000
  1.2512239975871162E+000  1.2360591604916968E+000  1.2202463291535255E+000  1.2038323008968095E+000  1.1868007360610513E+000
  1.1692113739233820E+000  1.1511091432535436E+000  1.1325087008152035E+000  1.1134188565781831E+000  1.0939032221388474E+000
  1.0739984463947936E+000  1.0537178932694344E+000  1.0331228804508652E+000  1.0122583119985786E+000  9.9116200606409000E-001
  9.6994720902455478E-001  9.4867569984189226E-001  9.2737554213667328E-001  9.0613381872461485E-001  8.8500478312193565E-001
  8.6405713750769086E-001  8.4334914534242622E-001  8.2302838253740018E-001  8.0308797611604910E-001  7.8368235079448523E-001
  7.6482784767692480E-001  7.4654987503664294E-001  7.2879448082162723E-001  7.1182181716096182E-001  6.9556689978106834E-001
  6.7982202035095607E-001  6.6496601748606288E-001  6.5088996080040074E-001  6.3768340500253784E-001  6.2526877146290949E-001
  6.1369040507651418E-001  6.0295058301591431E-001  5.9304529481330037E-001  5.8401400576352258E-001  5.7577458701548656E-001
  5.6823569724416190E-001  5.6132846895255484E-001  5.5513921102731778E-001  5.4959988238300206E-001  5.4471238993031801E-001
  5.4043288929479394E-001  5.3672174265502182E-001  5.3359811837716664E-001  5.3103068473515791E-001  5.2896205017634323E-001
  5.2742668065023524E-001  5.2643387107457351E-001  5.2593393197635518E-001  5.2593393197553184E-001  5.2643387107267070E-001
  5.2742668064704101E-001  5.2896205017171416E-001  5.3103068472880610E-001  5.3359811836962778E-001  5.3672174264588535E-001
  5.4043288928264610E-001  5.4471238991821569E-001  5.4959988237076773E-001  5.5513921101441122E-001  5.6132846894199828E-001
  5.6823569722934941E-001  5.7577458699995154E-001  5.8401400574639672E-001  5.9304529479311252E-001  6.0295058299363502E-001
  6.1369040505242645E-001  6.2526877143938697E-001  6.3768340497676235E-001  6.5088996077392003E-001  6.6496601745633066E-001
  6.7982202032376049E-001  6.9556689975071118E-001  7.1182181712955961E-001  7.2879448078998066E-001  7.4654987500432679E-001
  7.6482784764537637E-001  7.8368235076267356E-001  8.0308797608372084E-001  8.2302838250460775E-001  8.4334914530867777E-001
  8.6405713747342416E-001  8.8500478308740060E-001  9.0613381868918419E-001  9.2737554210067330E-001
BLOCK 92   1.1447781530094570E+001
  9.4198655518704044E-001  9.6450020653656388E-001  9.8690974153574629E-001  1.0091818861702109E+000  1.0312138421838146E+000
  1.0529848240419077E+000  1.0744326719340391E+000  1.0954808081139944E+000  1.1161120765482875E+000  1.1362774595784155E+000
  1.1559189179652800E+000  1.1749939924739849E+000  1.1934818724876672E+000  1.2113231442780905E+000  1.2285202964878881E+000
  1.2450659276212639E+000  1.2609315688353515E+000  1.2760855299776830E+000  1.2905205195507017E+000  1.3042469451407102E+000
  1.3172279522636137E+000  1.3294466814728381E+000  1.3408975936278817E+000  1.3515588224706820E+000  1.3614392155605850E+000
  1.3705109795313093E+000  1.3787799170406130E+000  1.3862415730982116E+000  1.3928797693025112E+000  1.3987000196947148E+000
  1.4036931036173528E+000  1.4078111726548383E+000  1.4110988652306728E+000  1.4135789764434930E+000  1.4152240910273763E+000
  1.4160442049692250E+000  1.4160442049700352E+000  1.4152240910297587E+000  1.4135789764473936E+000  1.4110988652362375E+000
  1.4078111726617768E+000  1.4036931036257227E+000  1.3987000197046855E+000  1.3928797693139487E+000  1.3862415731112674E+000
  1.3787799170550303E+000  1.3705109795475929E+000  1.3614392155786079E+000  1.3515588224900903E+000  1.3408975936488039E+000
  1.3294466814950068E+000  1.3172279522857335E+000  1.3042469451652086E+000  1.2905205195767373E+000  1.2760855300043836E+000
  1.2609315688629599E+000  1.2450659276499638E+000  1.2285202965174105E+000  1.2113231443083072E+000  1.1934818725178649E+000
  1.1749939925065764E+000  1.1559189179990419E+000  1.1362774596129062E+000  1.1161120765846404E+000  1.0954808081499023E+000
  1.0744326719707489E+000  1.0529848240792803E+000  1.0312138422213215E+000  1.0091818862075026E+000  9.8690974157379852E-001
  9.6450020657447455E-001  9.4198655522447328E-001  9.1951331560600269E-001  8.9710508340714634E-001  8.7482157250432602E-001
  8.5275053010341806E-001  8.3097168755333983E-001  8.0955410817946194E-001  7.8851955973813626E-001  7.6804509928699449E-001
  7.4814876283114695E-001  7.2883942568624271E-001  7.1024414247591616E-001  6.9243733469499358E-001  6.7547732305552732E-001
  6.5922860142179285E-001  6.4396280096546887E-001  6.2964297783857037E-001  6.1621573981365863E-001  6.0361764253691708E-001
  5.9196031022643036E-001  5.8121098947430860E-001  5.7132487361547246E-001  5.6223348033273635E-001  5.5399178547720429E-001
  5.4649638352133434E-001  5.3968414469003201E-001  5.3349977224843026E-001  5.2792731273717286E-001  5.2314809874055457E-001
  5.1899463696051229E-001  5.1545729082005909E-001  5.1246855997842433E-001  5.1002194884809560E-001  5.0808084396394448E-001
  5.0664559884450944E-001  5.0568641017068050E-001  5.0520059691691999E-001  5.0520059691612618E-001  5.0568641016845328E-001
  5.0664559884114513E-001  5.0808084395922792E-001  5.1002194884219609E-001  5.1246855997140761E-001  5.1545729081180802E-001
  5.1899463695156500E-001  5.2314809872935775E-001  5.2792731272435889E-001  5.3349977223239575E-001  5.3968414467264714E-001
  5.4649638350240215E-001  5.5399178545756800E-001  5.6223348031482623E-001  5.7132487359529449E-001  5.8121098945392868E-001
  5.9196031020444484E-001  6.0361764251318795E-001  6.1621573978837652E-001  6.2964297781437661E-001  6.4396280093623925E-001
  6.5922860139260619E-001  6.7547732302293895E-001  6.9243733466151214E-001  7.1024414244226197E-001  7.2883942565211579E-001
  7.4814876279906528E-001  7.6804509925225140E-001  7.8851955970289811E-001  8.0955410814583217E-001  8.3097168751722994E-001
  8.5275053006649471E-001  8.7482157246868952E-001  8.9710508337091244E-001  9.1951331556892557E-001
BLOCK 93   1.1573581327128615E+001
  9.3450881632371008E-001  9.5831209587264332E-001  9.8202240171979016E-001  1.0055919412932681E+000  1.0288921250407448E+000
  1.0519028188834827E+000  1.0745679156629313E+000  1.0968020774453495E+000  1.1185803687095319E+000  1.1398600294641286E+000
  1.1605574137905079E+000  1.1806618218593039E+000  1.2001399304569838E+000  1.2189462866298986E+000  1.2370574260813070E+000
  1.2544620787556682E+000  1.2711240134195252E+000  1.2870337755381864E+000  1.3021722523061185E+000  1.3165244634895159E+000
  1.3300868416069092E+000  1.3428523095417557E+000  1.3548185280106231E+000  1.3659854385790866E+000  1.3763198008717741E+000
  1.3857985508012101E+000  1.3944197231960596E+000  1.4021865230328967E+000  1.4090635908881031E+000  1.4151191906141904E+000
  1.4203197616625125E+000  1.4246495956877558E+000  1.4281172133054514E+000  1.4307288581056974E+000  1.4324642258022524E+000
  1.4333350363385902E+000  1.4333350363393202E+000  1.4324642258046718E+000  1.4307288581099245E+000  1.4281172133113240E+000
  1.4246495956954153E+000  1.4203197616718815E+000  1.4151191906251519E+000  1.4090635909009215E+000  1.4021865230469572E+000
  1.3944197232116231E+000  1.3857985508183039E+000  1.3763198008862962E+000  1.3659854385988883E+000  1.3548185280319420E+000
  1.3428523095643359E+000  1.3300868416308145E+000  1.3165244635131450E+000  1.3021722523325698E+000  1.2870337755667651E+000
  1.2711240134489679E+000  1.2544620787846654E+000  1.2370574261132676E+000  1.2189462866630705E+000  1.2001399304910414E+000
  1.1806618218937286E+000  1.1605574138267583E+000  1.1398600295005632E+000  1.1185803687470055E+000  1.0968020774826066E+000
  1.0745679157003298E+000  1.0519028189215922E+000  1.0288921250794154E+000  1.0055919413344150E+000  9.8202240175927191E-001
  9.5831209591215860E-001  9.3450881636263938E-001  9.1065099107259229E-001  8.8689320850949027E-001  8.6324327315283811E-001
  8.3979094624021011E-001  8.1663849152302492E-001  7.9398937032324490E-001  7.7182648337373061E-001  7.5021000942256844E-001
  7.2923501439581406E-001  7.0904306975528053E-001  6.8971050272290702E-001  6.7120200004250496E-001  6.5365125095234045E-001
  6.3705633367238013E-001  6.2122218387696171E-001  6.0678841033511888E-001  5.9321139364642905E-001  5.8053883291383757E-001
  5.6877230014930846E-001  5.5778366129851964E-001  5.4778925893004282E-001  5.3868372470879289E-001  5.3041366387175115E-001
  5.2301980877569765E-001  5.1647570671073140E-001  5.1067268862877624E-001  5.0552666942266067E-001  5.0101968757383841E-001
  4.9708545538186055E-001  4.9370094415896276E-001  4.9084424136333227E-001  4.8848774207335177E-001  4.8661955580891114E-001
  4.8522932547932252E-001  4.8430213260080984E-001  4.8384501981311406E-001  4.8384501981286754E-001  4.8430213259972638E-001
  4.8522932547685754E-001  4.8661955580498728E-001  4.8848774206793200E-001  4.9084424135660243E-001  4.9370094415086219E-001
  4.9708545537225646E-001  5.0101968756408333E-001  5.0552666941068669E-001  5.1067268861457704E-001  5.1647570669526255E-001
  5.2301980875831089E-001  5.3041366385105471E-001  5.3868372468610626E-001  5.4778925890494734E-001  5.5778366127453904E-001
  5.6877230012343960E-001  5.8053883288690189E-001  5.9321139361806696E-001  6.0678841030923547E-001  6.2122218383998729E-001
  6.3705633364311376E-001  6.5365125092137377E-001  6.7120200001112484E-001  6.8971050269205025E-001  7.0904306972192965E-001
  7.2923501435974614E-001  7.5021000938652493E-001  7.7182648333579285E-001  7.9398937028466521E-001  8.1663849148521672E-001
  8.3979094619994032E-001  8.6324327311337834E-001  8.8689320846938968E-001  9.1065099103239899E-001
BLOCK 94   1.1699381124162660E+001
  9.2555633218647504E-001  9.5093448873258601E-001  9.7616053044070794E-001  1.0012021105363056E+000  1.0259972840175071E+000
  1.0504207407600739E+000  1.0744312614240636E+000  1.0979443551590544E+000  1.1209508404373616E+000  1.1433774697643009E+000
  1.1651913754416365E+000  1.1863813016445048E+000  1.2068922242205624E+000  1.2266821339375737E+000  1.2457633420727818E+000
  1.2641044777234949E+000  1.2816656024518360E+000  1.2984205857280793E+000  1.3143520374313828E+000  1.3294425567764336E+000
  1.3436733508589414E+000  1.3570360068790892E+000  1.3695318938426071E+000  1.3811459135094841E+000  1.3918798100046808E+000
  1.4017202972379319E+000  1.4106563432299932E+000  1.4187613218930726E+000  1.4259939017976038E+000  1.4323297545938307E+000
  1.4377588482580441E+000  1.4422941631765882E+000  1.4459398658186713E+000  1.4486849256996217E+000  1.4505212173645845E+000
  1.4514356999956701E+000  1.4514356999966411E+000  1.4505212173673598E+000  1.4486849257042558E+000  1.4459398658251648E+000
  1.4422941631849173E+000  1.4377588482634376E+000  1.4323297546054916E+000  1.4259939018108343E+000  1.4187613219078328E+000
  1.4106563432463946E+000  1.4017202972556728E+000  1.3918798100241538E+000  1.3811459135300459E+000  1.3695318938644347E+000
  1.3570360069029994E+000  1.3436733508842964E+000  1.3294425568032855E+000  1.3143520374587303E+000  1.2984205857580775E+000
  1.2816656024832456E+000  1.2641044777559278E+000  1.2457633421059426E+000  1.2266821339721699E+000  1.2068922242558211E+000
  1.1863813016797329E+000  1.1651913754785088E+000  1.1433774698015577E+000  1.1209508404740181E+000  1.0979443551983743E+000
  1.0744312614638971E+000  1.0504207408006487E+000  1.0259972840586979E+000  1.0012021105770805E+000  9.7616053048305862E-001
  9.5093448877518016E-001  9.2555633222952671E-001  9.0015858828296469E-001  8.7482025679872299E-001  8.4968572527657382E-001
  8.2483474004418822E-001  8.0033672172974035E-001  7.7636975508578365E-001  7.5298246708462635E-001  7.3033137515733626E-001
  7.0849170925708194E-001  6.8742641086184986E-001  6.6725992367989095E-001  6.4807324208166905E-001  6.2991615462256190E-001
  6.1269331374418123E-001  5.9641351589237801E-001  5.8144879324048704E-001  5.6758107535405977E-001  5.5469706197216839E-001
  5.4288044366210231E-001  5.3213443306943908E-001  5.2252359521184588E-001  5.1393696552255141E-001  5.0617809517663859E-001
  4.9908956219577810E-001  4.9281222450781287E-001  4.8721824805636965E-001  4.8231671612280175E-001  4.7804314188328989E-001
  4.7434457341516645E-001  4.7117201643223511E-001  4.6849644144596975E-001  4.6629763307846317E-001  4.6457838105421706E-001
  4.6331972501799545E-001  4.6250648823330043E-001  4.6210541387615445E-001  4.6210541387544640E-001  4.6250648823134305E-001
  4.6331972501492624E-001  4.6457838104982097E-001  4.6629763307293498E-001  4.6849644143914876E-001  4.7117201642355877E-001
  4.7434457340512148E-001  4.7804314186945251E-001  4.8231671610891408E-001  4.8721824804188280E-001  4.9281222449236495E-001
  4.9908956218087119E-001  5.0617809515941636E-001  5.1393696550334744E-001  5.2252359519046510E-001  5.3213443304569730E-001
  5.4288044363497245E-001  5.5469706194565405E-001  5.6758107532456281E-001  5.8144879320731169E-001  5.9641351586088753E-001
  6.1269331370821101E-001  6.2991615458871208E-001  6.4807324204679473E-001  6.6725992364375819E-001  6.8742641082784905E-001
  7.0849170922022398E-001  7.3033137512022461E-001  7.5298246704704563E-001  7.7636975504727113E-001  8.0033672169073811E-001
  8.2483474000299395E-001  8.4968572523375885E-001  8.7482025675589781E-001  9.0015858823946049E-001
BLOCK 95   1.1825180921196704E+001
  9.1496338345197248E-001  9.4195246608479499E-001  9.6889302135763467E-001  9.9563814766656500E-001  1.0220452362982377E+000
  1.0480488106123236E+000  1.0735830740112480E+000  1.0985550177298864E+000  1.1229739520926396E+000  1.1467670182320215E+000
  1.1698830074921565E+000  1.1923261038269586E+000  1.2139882502870774E+000  1.2348884943596490E+000  1.2549984305195085E+000
  1.2742547162136748E+000  1.2926657285101339E+000  1.3102353248219223E+000  1.3269287533062744E+000  1.3427377855242428E+000
  1.3576525925971477E+000  1.3716711276534468E+000  1.3847680041792865E+000  1.3969515851675047E+000  1.4081833695917096E+000
  1.4185041895585742E+000  1.4279011266207711E+000  1.4363696143246296E+000  1.4438948827635045E+000  1.4504876060890894E+000
  1.4561457904902015E+000  1.4608610296639082E+000  1.4646261721186482E+000  1.4674522281525251E+000  1.4693432811650027E+000
  1.4702737054355492E+000  1.4702737054364905E+000  1.4693432811677005E+000  1.4674522281570082E+000  1.4646261721250970E+000
  1.4608610296722049E+000  1.4561457905001567E+000  1.4504876061008170E+000  1.4438948827771627E+000  1.4363696143400710E+000
  1.4279011266378507E+000  1.4185041895777626E+000  1.4081833696127282E+000  1.3969515851902392E+000  1.3847680042036861E+000
  1.3716711276797531E+000  1.3576525926244596E+000  1.3427377855527236E+000  1.3269287533355816E+000  1.3102353248508596E+000
  1.2926657285419962E+000  1.2742547162466951E+000  1.2549984305522977E+000  1.2348884943948382E+000  1.2139882503231565E+000
  1.1923261038668855E+000  1.1698830075304660E+000  1.1467670182719059E+000  1.1229739521323954E+000  1.0985550177717989E+000
  1.0735830740538583E+000  1.0480488106563333E+000  1.0220452363424311E+000  9.9563814770995562E-001  9.6889302140186362E-001
  9.4195246612789196E-001  9.1496338349562534E-001  8.8798072488268298E-001  8.6111174906208932E-001  8.3443059552613286E-001
  8.0804893990714688E-001  7.8203952887345118E-001  7.5669036497162145E-001  7.3194915881410150E-001  7.0798586867270508E-001
  6.8477894501809644E-001  6.6257962881984822E-001  6.4151314480708910E-001  6.2153250591563092E-001  6.0268331225119154E-001
  5.8517043319705153E-001  5.6894024609927640E-001  5.5371962700583099E-001  5.3985307228330637E-001  5.2727027414378058E-001
  5.1599636802142090E-001  5.0566742983313995E-001  4.9627158655448750E-001  4.8797925782321511E-001  4.8053970560351356E-001
  4.7380154601123559E-001  4.6773976647391935E-001  4.6241709849019647E-001  4.5796973940330221E-001  4.5409735713573274E-001
  4.5083219980278688E-001  4.4803663349116346E-001  4.4570446075363246E-001  4.4380133479071215E-001  4.4231400274177662E-001
  4.4121729745126015E-001  4.4049345310798077E-001  4.4013260449239683E-001  4.4013260449170516E-001  4.4049345310610949E-001
  4.4121729744831584E-001  4.4231400273757426E-001  4.4380133478516720E-001  4.4570446074690734E-001  4.4803663348331796E-001
  4.5083219979340866E-001  4.5409735712481530E-001  4.5796973939029478E-001  4.6241709847521140E-001  4.6773976645603804E-001
  4.7380154599161428E-001  4.8053970557998266E-001  4.8797925779895662E-001  4.9627158653237435E-001  5.0566742980970125E-001
  5.1599636799739135E-001  5.2727027411658378E-001  5.3985307225545254E-001  5.5371962697902311E-001  5.6894024606613658E-001
  5.8517043316335360E-001  6.0268331221136173E-001  6.2153250588195363E-001  6.4151314476947752E-001  6.6257962877760723E-001
  6.8477894497935654E-001  7.0798586863148760E-001  7.3194915877002720E-001  7.5669036493125441E-001  7.8203952883079386E-001
  8.0804893986415249E-001  8.3443059548224552E-001  8.6111174901861443E-001  8.8798072483949131E-001
BLOCK 96   1.1950980718230749E+001
  9.0288664025878318E-001  9.3176028304004599E-001  9.6042942812377685E-001  9.8884140859058356E-001  1.0169659107538187E+000
  1.0448159717523731E+000  1.0718283916964912E+000  1.0984328325396417E+000  1.1244681500509601E+000  1.1498352901832289E+000
  1.1744446170757010E+000  1.1982537336742090E+000  1.2211955790488800E+000  1.2432950447311177E+000  1.2645151828532348E+000
  1.2847981249683500E+000  1.3041857529318368E+000  1.3226482166335443E+000  1.3401579329590425E+000  1.3567198762063974E+000
  1.3723520391612840E+000  1.3870286916772860E+000  1.4007368027191194E+000  1.4134772770208064E+000  1.4252757406954621E+000
  1.4361293176889600E+000  1.4460120539586130E+000  1.4548992471106590E+000  1.4627587848155295E+000  1.4695801677115738E+000
  1.4754409980131282E+000  1.4803107770106079E+000  1.4842245449353075E+000  1.4871518380418991E+000  1.4891075938704452E+000
  1.4900821065225915E+000  1.4900821065236314E+000  1.4891075938734133E+000  1.4871518380467179E+000  1.4842245449420555E+000
  1.4803107770194526E+000  1.4754409980241119E+000  1.4695801677246449E+000  1.4627587848303860E+000  1.4548992471271367E+000
  1.4460120539769477E+000  1.4361293177092185E+000  1.4252757407173500E+000  1.4134772770444091E+000  1.4007368027446767E+000
  1.3870286917037993E+000  1.3723520391898929E+000  1.3567198762354555E+000  1.3401579329894155E+000  1.3226482166654865E+000
  1.3041857529649472E+000  1.2847981250025406E+000  1.2645151828898709E+000  1.2432950447694393E+000  1.2211955790880675E+000
  1.1982537337141206E+000  1.1744446171169780E+000  1.1498352902249587E+000  1.1244681500926168E+000  1.0984328325826338E+000
  1.0718283917391098E+000  1.0448159717882519E+000  1.0169659107983422E+000  9.8884140863574099E-001  9.6042942816959309E-001
  9.3176028308545633E-001  9.0288664030650800E-001  8.7398234136582953E-001  8.4516400342310560E-001  8.1651805996372484E-001
  7.8827010253617247E-001  7.6051604863302458E-001  7.3345510764017241E-001  7.0712210594172664E-001  6.8176076237334238E-001
  6.5746577474017964E-001  6.3439013937560385E-001  6.1250975449081924E-001  5.9199319358496960E-001  5.7302056710721250E-001
  5.5505309561862004E-001  5.3892488249388404E-001  5.2400097549281399E-001  5.1043658353059329E-001  4.9780055073857016E-001
  4.8658527126428586E-001  4.7648930630381497E-001  4.6751484382980302E-001  4.5967523503850222E-001  4.5289045729868888E-001
  4.4700808464647901E-001  4.4187538044004743E-001  4.3737397863405020E-001  4.3342252605649534E-001  4.3006204827175309E-001
  4.2722214008044612E-001  4.2482585298738706E-001  4.2283588270392297E-001  4.2122256926827650E-001  4.1996455987493864E-001
  4.1904112940678384E-001  4.1844431504460516E-001  4.1815196832262802E-001  4.1815196832207741E-001  4.1844431504307439E-001
  4.1904112940411709E-001  4.1996455987086218E-001  4.2122256926284674E-001  4.2283588269725203E-001  4.2482585297925074E-001
  4.2722214007068227E-001  4.3006204826106020E-001  4.3342252604436360E-001  4.3737397862428384E-001  4.4187538042550656E-001
  4.4700808462826336E-001  4.5289045727814836E-001  4.5967523501684254E-001  4.6751484380479319E-001  4.7648930627657671E-001
  4.8658527123158080E-001  4.9780055071543905E-001  5.1043658349860532E-001  5.2400097545824409E-001  5.3892488245984638E-001
  5.5505309558791749E-001  5.7302056707372406E-001  5.9199319354620816E-001  6.1250975445330680E-001  6.3439013933551436E-001
  6.5746577469861411E-001  6.8176076232778926E-001  7.0712210589655455E-001  7.3345510759340049E-001  7.6051604858556954E-001
  7.8827010248698892E-001  8.1651805991676729E-001  8.4516400337586250E-001  8.7398234131811270E-001
BLOCK 97   1.2076780515264794E+001
  8.8798401448563524E-001  9.1911822396787002E-001  9.4995874449646189E-001  9.8086647118102432E-001  1.0108063544222350E+000
  1.0404948394881888E+000  1.0695592079558853E+000  1.0980024219099085E+000  1.1256885023737613E+000  1.1526148614095255E+000
  1.1786926887255287E+000  1.2038747474791924E+000  1.2282167168693707E+000  1.2516241982682395E+000  1.2740989704569134E+000
  1.2955850472928896E+000  1.3160900234825816E+000  1.3355793752229788E+000  1.3540529671163397E+000  1.3715246553026088E+000
  1.3879811250260694E+000  1.4034059837394020E+000  1.4177782100811778E+000  1.4311213730827415E+000  1.4434155959118913E+000
  1.4546679160899247E+000  1.4648899170341094E+000  1.4740699491664941E+000  1.4822614771107874E+000  1.4894577922877148E+000
  1.4956326040995453E+000  1.5007744220837880E+000  1.5048953105104146E+000  1.5079963809311547E+000  1.5100602427615186E+000
  1.5110821735161273E+000  1.5110821735173277E+000  1.5100602427650174E+000  1.5079963809367478E+000  1.5048953105180645E+000
  1.5007744220901484E+000  1.4956326041115628E+000  1.4894577923017451E+000  1.4822614771265179E+000  1.4740699491840403E+000
  1.4648899170529832E+000  1.4546679161106195E+000  1.4434155959338508E+000  1.4311213731060830E+000  1.4177782101064609E+000
  1.4034059837666077E+000  1.3879811250554255E+000  1.3715246553329778E+000  1.3540529671490793E+000  1.3355793752569540E+000
  1.3160900235152320E+000  1.2955850473295862E+000  1.2740989704950831E+000  1.2516241983060006E+000  1.2282167169085392E+000
  1.2038747475116403E+000  1.1786926887671936E+000  1.1526148614517777E+000  1.1256885024164283E+000  1.0980024219538591E+000
  1.0695592080013963E+000  1.0404948395351470E+000  1.0108063544697516E+000  9.8086647122231185E-001  9.4995874454573270E-001
  9.1911822400937970E-001  8.8798401453601716E-001  8.5686651816346227E-001  8.2580323854109539E-001  7.9509101283989614E-001
  7.6484884384986940E-001  7.3523933094390093E-001  7.0615250914464966E-001  6.7867219682132129E-001  6.5212171661786800E-001
  6.2675255939424313E-001  6.0265773002130874E-001  5.8004953478719679E-001  5.5882402492427041E-001  5.3916768872082232E-001
  5.2129585580939253E-001  5.0496972807440155E-001  4.9007440819761106E-001  4.7681543032728546E-001  4.6517581426344590E-001
  4.5501489389296557E-001  4.4599978289227765E-001  4.3810692232530135E-001  4.3121024006745817E-001  4.2518121236541867E-001
  4.2001063137829397E-001  4.1555369341098619E-001  4.1176539821410874E-001  4.0854024869262207E-001  4.0580193534684933E-001
  4.0345496203580056E-001  4.0154215085891376E-001  3.9999289104627922E-001  3.9874409219289902E-001  3.9776339607115896E-001
  3.9704569591026279E-001  3.9658316855796616E-001  3.9634986034008646E-001  3.9634986033938757E-001  3.9658316855605608E-001
  3.9704569590746669E-001  3.9776339606737843E-001  3.9874409218802376E-001  3.9999289103993335E-001  4.0154215085070361E-001
  4.0345496202586700E-001  4.0580193533490838E-001  4.0854024867844402E-001  4.1176539819833990E-001  4.1555369339239251E-001
  4.2001063135797612E-001  4.2518121234730261E-001  4.3121024004748060E-001  4.3810692230622866E-001  4.4599978287218711E-001
  4.5501489386859140E-001  4.6517581423449705E-001  4.7681543029610862E-001  4.9007440816341818E-001  5.0496972803345164E-001
  5.2129585576961468E-001  5.3916768867643494E-001  5.5882402488140892E-001  5.8004953474449517E-001  6.0265772997447298E-001
  6.2675255934929341E-001  6.5212171657078011E-001  6.7867219676903168E-001  7.0615250910325422E-001  7.3523933089515559E-001
  7.6484884379928064E-001  7.9509101278923799E-001  8.2580323849028403E-001  8.5686651812188086E-001
BLOCK 98   1.2202580312298839E+001
  8.7003658047225318E-001  9.0355986811078037E-001  9.3688214925893321E-001  9.6993453459515677E-001  1.0025141670766031E+000
  1.0345733067306804E+000  1.0658916721056069E+000  1.0964679268423625E+000  1.1261682310743031E+000  1.1549796862774726E+000
  1.1828237051699118E+000  1.2096708608087088E+000  1.2355028023130046E+000  1.2603282413473988E+000  1.2840758857542776E+000
  1.3068169513444212E+000  1.3284952519935993E+000  1.3490630195144981E+000  1.3685567736892754E+000  1.3869654054589129E+000
  1.4042619591454315E+000  1.4204477867354117E+000  1.4355337169302946E+000  1.4495249199510050E+000  1.4624151134031622E+000
  1.4741784780579614E+000  1.4849042897163216E+000  1.4945537233595489E+000  1.5031174627386803E+000  1.5106091280564464E+000
  1.5170414005544244E+000  1.5224096792646120E+000  1.5266969826855248E+000  1.5299152104577520E+000  1.5320641033891185E+000
  1.5331171246006863E+000  1.5331171246018092E+000  1.5320641033924598E+000  1.5299152104634974E+000  1.5266969826933976E+000
  1.5224096792741768E+000  1.5170414005657764E+000  1.5106091280700127E+000  1.5031174627530228E+000  1.4945537233772128E+000
  1.4849042897358722E+000  1.4741784780799807E+000  1.4624151134270984E+000  1.4495249199764562E+000  1.4355337169589821E+000
  1.4204477867645859E+000  1.4042619591757519E+000  1.3869654054898768E+000  1.3685567737219850E+000  1.3490630195497006E+000
  1.3284952520289819E+000  1.3068169513825678E+000  1.2840758857924310E+000  1.2603282413862229E+000  1.2355028023538019E+000
  1.2096708608507507E+000  1.1828237052124619E+000  1.1549796863228381E+000  1.1261682311207355E+000  1.0964679268903734E+000
  1.0658916721549647E+000  1.0345733067805154E+000  1.0025141671270859E+000  9.6993453464512913E-001  9.3688214930908198E-001
  9.0355986816285050E-001  8.7003658052444655E-001  8.3652620822459878E-001  8.0320902418297868E-001  7.6987102157784115E-001
  7.3748774719000409E-001  7.0572487708035181E-001  6.7468373020470607E-001  6.4462113436398827E-001  6.1672940511517060E-001
  5.8992191454978926E-001  5.6485892843005803E-001  5.4166381947224540E-001  5.2026293180630423E-001  5.0084309652991632E-001
  4.8349737480922639E-001  4.6781660505628336E-001  4.5408867586641188E-001  4.4209137028342338E-001  4.3147300600057559E-001
  4.2228163240140065E-001  4.1427511666199074E-001  4.0721612310618033E-001  4.0108488914327400E-001  3.9616061267767294E-001
  3.9206320972184761E-001  3.8864996875230706E-001  3.8581406301899906E-001  3.8348092499805392E-001  3.8156423296811426E-001
  3.7998758433043633E-001  3.7870441819989870E-001  3.7767491302158734E-001  3.7686306901118760E-001  3.7624467397893541E-001
  3.7579589917077444E-001  3.7525240210816951E-001  3.7517789466415602E-001  3.7517789466383911E-001  3.7525240210726990E-001
  3.7579589916783407E-001  3.7624467397481826E-001  3.7686306900579070E-001  3.7767491301508360E-001  3.7870441819255973E-001
  3.7998758432177948E-001  3.8156423295824926E-001  3.8348092498710751E-001  3.8581406300685245E-001  3.8864996873833885E-001
  3.9206320970614195E-001  3.9616061265959157E-001  4.0108488912280660E-001  4.0721612307977434E-001  4.1427511663326549E-001
  4.2228163236897431E-001  4.3147300596838561E-001  4.4209137024798312E-001  4.5408867583357965E-001  4.6781660502249572E-001
  4.8349737477191224E-001  5.0084309649100900E-001  5.2026293176196392E-001  5.4166381942477104E-001  5.6485892838668894E-001
  5.8992191449683173E-001  6.1672940505593310E-001  6.4462113431220425E-001  6.7468373014663330E-001  7.0572487703529529E-001
  7.3748774712938636E-001  7.6987102152893994E-001  8.0320902412874218E-001  8.3652620817131784E-001
BLOCK 99   1.2328380109332883E+001
  8.4815995602526506E-001  8.8474134871015808E-001  9.2107198719624495E-001  9.5698283583275412E-001  9.9233960159871915E-001
  1.0269229898314949E+000  1.0606744349298673E+000  1.0935419154378907E+000  1.1254619124346339E+000  1.1564106912944552E+000
  1.1863228085732265E+000  1.2151443964440081E+000  1.2428001542821374E+000  1.2692950205187938E+000  1.2945725778764399E+000
  1.3186831816892313E+000  1.3415736088481398E+000  1.3632752578055445E+000  1.3837948570127574E+000  1.4031199540785926E+000
  1.4212729714510233E+000  1.4382673254310312E+000  1.4541251358283951E+000  1.4688427164960665E+000  1.4824078584820677E+000
  1.4948570639924472E+000  1.5061745705746825E+000  1.5163371770176768E+000  1.5253144536814149E+000  1.5330851896355513E+000
  1.5397591279220610E+000  1.5452904869951394E+000  1.5497279341276986E+000  1.5530494524753906E+000  1.5552696748886083E+000
  1.5563757489509078E+000  1.5563757489518781E+000  1.5552696748915606E+000  1.5530494524804708E+000  1.5497279341348071E+000
  1.5452904870048012E+000  1.5397591279340945E+000  1.5330851896497668E+000  1.5253144536979788E+000  1.5163371770366720E+000
  1.5061745705949081E+000  1.4948570640159651E+000  1.4824078585064981E+000  1.4688427165221898E+000  1.4541251358558489E+000
  1.4382673254596776E+000  1.4212729714810810E+000  1.4031199541103474E+000  1.3837948570458518E+000  1.3632752578406520E+000
  1.3415736088838284E+000  1.3186831817253526E+000  1.2945725779160018E+000  1.2692950205605129E+000  1.2428001543250573E+000
  1.2151443964887871E+000  1.1863228086176971E+000  1.1564106913402172E+000  1.1254619124807932E+000  1.0935419154852586E+000
  1.0606744349787252E+000  1.0269229898841865E+000  9.9233960165286816E-001  9.5698283588925792E-001  9.2107198725391282E-001
  8.8474134877038424E-001  8.4815995608659733E-001  8.1144228780802397E-001  7.7495845465698066E-001  7.3882828387358701E-001
  7.0337043944872335E-001  6.6895170452234975E-001  6.3584975111912012E-001  6.0493300852064014E-001  5.7476625260304925E-001
  5.4709785394724020E-001  5.2170030631917796E-001  4.9859230307318880E-001  4.7756978984819071E-001  4.5864957314199473E-001
  4.4195304441814842E-001  4.2711601532960658E-001  4.1429437899323357E-001  4.0339909149928316E-001  3.9429786774270925E-001
  3.8683782722964438E-001  3.8066781129525523E-001  3.7546871911619983E-001  3.7114702528360699E-001  3.6766630022270652E-001
  3.6485822980686455E-001  3.6261152866516400E-001  3.6082927409907289E-001  3.5942634852619409E-001  3.5833320108402295E-001
  3.5749431483470212E-001  3.5686069577060958E-001  3.5638807138419965E-001  3.5603430207772252E-001  3.5577233518628110E-001
  3.5558778076037384E-001  3.5546795093452588E-001  3.5540691252600842E-001  3.5540691252540829E-001  3.5546795093261663E-001
  3.5558778075716074E-001  3.5577233518198936E-001  3.5603430207211462E-001  3.5638807137790851E-001  3.5686069576378182E-001
  3.5749431482733823E-001  3.5833320107593813E-001  3.5942634851712685E-001  3.6082927408893478E-001  3.6261152865353496E-001
  3.6485822979296295E-001  3.6766630020619656E-001  3.7114702526545262E-001  3.7546871909729845E-001  3.8066781127155641E-001
  3.8683782720193827E-001  3.9429786771336156E-001  4.0339909146576552E-001  4.1429437895473104E-001  4.2711601528831467E-001
  4.4195304437236482E-001  4.5864957309423576E-001  4.7756978979592496E-001  4.9859230302159102E-001  5.2170030626004704E-001
  5.4709785389296628E-001  5.7476625254564728E-001  6.0493300846853160E-001  6.3584975106213260E-001  6.6895170445616536E-001
  7.0337043938081012E-001  7.3882828381151577E-001  7.7495845459206614E-001  8.1144228774664107E-001
BLOCK 100   1.2454179906366928E+001
  8.1994461012940900E-001  8.6026381494390214E-001  8.9984073168939027E-001  9.3979535662643177E-001  9.7883787102375963E-001
  1.0166807591366707E+000  1.0535713162001408E+000  1.0893194768608221E+000  1.1239135982276753E+000  1.1573095942860347E+000
  1.1894451484991899E+000  1.2203120096543434E+000  1.2498755344700070E+000  1.2781215407857267E+000  1.3050329775215963E+000
  1.3302572699965329E+000  1.3549778232721026E+000  1.3780360887835790E+000  1.3998095434932589E+000  1.4202981656083140E+000
  1.4395425692733694E+000  1.4575155492004965E+000  1.4741713609367393E+000  1.4896119096625287E+000  1.5038141949637593E+000
  1.5167701375132030E+000  1.5284947798531099E+000  1.5390205638885825E+000  1.5484053888680649E+000  1.5566450151240141E+000
  1.5636948888831079E+000  1.5695551900453091E+000  1.5742427624202147E+000  1.5777631436151125E+000  1.5801154054597133E+000
  1.5812826469663257E+000  1.5812826469677812E+000  1.5801154054634856E+000  1.5777631436208346E+000  1.5742427624282891E+000
  1.5695551900558369E+000  1.5636948888921414E+000  1.5566450151379796E+000  1.5484053888842877E+000  1.5390205639069614E+000
  1.5284947798728863E+000  1.5167701375351721E+000  1.5038141949845967E+000  1.4896119096877831E+000  1.4741713609643765E+000
  1.4575155492296965E+000  1.4395425693044883E+000  1.4202981656407554E+000  1.3998095435283329E+000  1.3780360888190706E+000
  1.3549778233085639E+000  1.3302572700271920E+000  1.3050329775600020E+000  1.2781215408249325E+000  1.2498755345102290E+000
  1.2203120096972753E+000  1.1894451485447710E+000  1.1573095943343994E+000  1.1239135982783364E+000  1.0893194769139942E+000
  1.0535713162547975E+000  1.0166807591950142E+000  9.7883787107773523E-001  9.3979535669325576E-001  8.9984073175441981E-001
  8.6026381501050064E-001  8.1994461019769638E-001  7.7968876834373679E-001  7.3952246867351246E-001  7.0003110936731272E-001
  6.6178048594474814E-001  6.2455989495394892E-001  5.8920540682320766E-001  5.5567716166634584E-001  5.2444278463896699E-001
  4.9586104479591581E-001  4.7005774836538761E-001  4.4722127859847766E-001  4.2686167043541728E-001  4.0976178473694436E-001
  3.9519407316414973E-001  3.8304667645383939E-001  3.7270908259169860E-001  3.6442155440358648E-001  3.5757879995485903E-001
  3.5214152994483960E-001  3.4785822030413360E-001  3.4454318245731880E-001  3.4196544522822958E-001  3.4003150026468115E-001
  3.3865658500625551E-001  3.3771516591318429E-001  3.3709862674347008E-001  3.3671633169490278E-001  3.3651327330479563E-001
  3.3643858684325484E-001  3.3645263346389609E-001  3.3651378478455257E-001  3.3659395639636097E-001  3.3667983497079795E-001
  3.3675570443785019E-001  3.3680985809745401E-001  3.3683562448608173E-001  3.3683562448602772E-001  3.3680985809713099E-001
  3.3675570443714320E-001  3.3667983496958415E-001  3.3659395639464273E-001  3.3651378478201172E-001  3.3645263346015070E-001
  3.3643858683795108E-001  3.3651327329777392E-001  3.3671633168594434E-001  3.3709862673240243E-001  3.3771516590012901E-001
  3.3865658499165058E-001  3.4003150024837425E-001  3.4196544520879502E-001  3.4454318243454668E-001  3.4785822027924546E-001
  3.5214152991902797E-001  3.5757879992183927E-001  3.6442155437188434E-001  3.7270908256717128E-001  3.8304667642656476E-001
  3.9519407313067711E-001  4.0976178468725044E-001  4.2686167039327416E-001  4.4722127854216931E-001  4.7005774830610275E-001
  4.9586104472567621E-001  5.2444278456603888E-001  5.5567716158865232E-001  5.8920540674244049E-001  6.2455989487478925E-001
  6.6178048586845606E-001  7.0003110929195922E-001  7.3952246860256199E-001  7.7968876827448952E-001
BLOCK 101   1.2579979703400973E+001
  7.8444655448188871E-001  8.2928136035466804E-001  8.7384965923939906E-001  9.1767733975351606E-001  9.6043930614079820E-001
  1.0023926496696960E+000  1.0430627067090348E+000  1.0823516660944668E+000  1.1202265264505442E+000  1.1566469714210204E+000
  1.1915558249613689E+000  1.2249561729695797E+000  1.2567558453384902E+000  1.2870541652207350E+000  1.3158991278287395E+000
  1.3433091872927836E+000  1.3692426149455001E+000  1.3937512538416288E+000  1.4168075647668001E+000  1.4384716197005296E+000
  1.4587411835709332E+000  1.4776420401885411E+000  1.4952260662952099E+000  1.5114861000037034E+000  1.5264168348354941E+000
  1.5400372857508786E+000  1.5523953107563011E+000  1.5634976418977888E+000  1.5733489069396813E+000  1.5819568938141957E+000
  1.5893465441531953E+000  1.5954790420399316E+000  1.6003243417066864E+000  1.6039822848265246E+000  1.6064101020293613E+000
  1.6076201653804574E+000  1.6076201653816236E+000  1.6064101020326806E+000  1.6039822848318530E+000  1.6003243417144375E+000
  1.5954790420495839E+000  1.5893465441646946E+000  1.5819568938278767E+000  1.5733489069555213E+000  1.5634976419257569E+000
  1.5523953107770101E+000  1.5400372857735949E+000  1.5264168348594325E+000  1.5114861000283992E+000  1.4952260663228338E+000
  1.4776420402160073E+000  1.4587411835994804E+000  1.4384716197300633E+000  1.4168075647979961E+000  1.3937512538764407E+000
  1.3692426149816277E+000  1.3433091873289458E+000  1.3158991278675052E+000  1.2870541652625329E+000  1.2567558453792671E+000
  1.2249561730161995E+000  1.1915558250115763E+000  1.1566469714758891E+000  1.1202265265109430E+000  1.0823516661521311E+000
  1.0430627067695470E+000  1.0023926497356725E+000  9.6043930620090934E-001  9.1767733982411392E-001  8.7384965931800784E-001
  8.2928136044151879E-001  7.8444655457361034E-001  7.3872399082684925E-001  6.9401980773200911E-001  6.4983531988748344E-001
  6.0708797778592893E-001  5.6654488473259690E-001  5.2887989515824418E-001  4.9390578164369175E-001  4.6249212166696119E-001
  4.3476988582474974E-001  4.1070195883293842E-001  3.9015834980633485E-001  3.7285867830440866E-001  3.5832881969866115E-001
  3.4621495516458539E-001  3.3671354184429170E-001  3.2971786690785210E-001  3.2444486896218694E-001  3.2062925405982678E-001
  3.1796189094973537E-001  3.1620669149826258E-001  3.1516465401754101E-001  3.1466895974455550E-001  3.1458082977447632E-001
  3.1478479586158437E-001  3.1519212110526879E-001  3.1573342209930422E-001  3.1634811816277414E-001  3.1698800860875875E-001
  3.1761786365421957E-001  3.1820987147231528E-001  3.1874320488457142E-001  3.1920218554940355E-001  3.1957544518417441E-001
  3.1985772637031290E-001  3.2004771287246370E-001  3.2014386616261309E-001  3.2014386616272589E-001  3.2004771287283856E-001
  3.1985772637074766E-001  3.1957544518433556E-001  3.1920218554894692E-001  3.1874320488333119E-001  3.1820987147025659E-001
  3.1761786365118683E-001  3.1698800860433768E-001  3.1634811815658875E-001  3.1573342209121580E-001  3.1519212109519185E-001
  3.1478479584940783E-001  3.1458082976036417E-001  3.1466895972913733E-001  3.1516465400150317E-001  3.1620669148179148E-001
  3.1796189093217148E-001  3.2062925403981563E-001  3.2444486893764696E-001  3.2971786687799154E-001  3.3671354180601032E-001
  3.4621495511939471E-001  3.5832881964801955E-001  3.7285867824881352E-001  3.9015834975492675E-001  4.1070195876336207E-001
  4.3476988575029163E-001  4.6249212159361713E-001  4.9390578156551612E-001  5.2887989507465361E-001  5.6654488463768660E-001
  6.0708797769043887E-001  6.4983531979873788E-001  6.9401980763776128E-001  7.3872399073416128E-001
BLOCK 102   1.2705779500435018E+001
  7.3427564846438387E-001  7.8620805529271287E-001  8.3730028475281149E-001  8.8740976924546289E-001  9.3620202768214233E-001
  9.8344284485312083E-001  1.0285979628228323E+000  1.0724035652592592E+000  1.1141580001006972E+000  1.1540163320996273E+000
  1.1920557149820472E+000  1.2287191553990708E+000  1.2629837472642036E+000  1.2958167320646563E+000  1.3269549870456447E+000
  1.3566521572143129E+000  1.3841745389121776E+000  1.4102921386813758E+000  1.4348285691536464E+000  1.4577817767040928E+000
  1.4791926884881608E+000  1.4991622699929672E+000  1.5177394126066690E+000  1.5348950337794893E+000  1.5507022797735772E+000
  1.5650913746488773E+000  1.5780939572953983E+000  1.5897328814567728E+000  1.6000089377270625E+000  1.6090071599268452E+000
  1.6167153461129957E+000  1.6231083102524233E+000  1.6281926236139850E+000  1.6320019773422354E+000  1.6345340377457565E+000
  1.6358066564169707E+000  1.6358066564180760E+000  1.6345340377492907E+000  1.6320019773480783E+000  1.6281926236217799E+000
  1.6231083102623907E+000  1.6167153461246919E+000  1.6090071599404863E+000  1.6000089377426059E+000  1.5897328814738594E+000
  1.5780939573137946E+000  1.5650913746814592E+000  1.5507022797939625E+000  1.5348950338023208E+000  1.5177394126300503E+000
  1.4991622700176022E+000  1.4791926885166162E+000  1.4577817767332173E+000  1.4348285691838356E+000  1.4102921387152665E+000
  1.3841745389469680E+000  1.3566521572465442E+000  1.3269549870859101E+000  1.2958167321074539E+000  1.2629837473092138E+000
  1.2287191554408028E+000  1.1920557150327284E+000  1.1540163321549615E+000  1.1141580001616289E+000  1.0724035653277015E+000
  1.0285979629000856E+000  9.8344284493173140E-001  9.3620202776709727E-001  8.8740976933654481E-001  8.3730028484600705E-001
  7.8620805537821226E-001  7.3427564857372429E-001  6.8268632468403823E-001  6.3237859163008359E-001  5.8314795822171128E-001
  5.3619585067496411E-001  4.9235778669809860E-001  4.5288360385224458E-001  4.1760541739638618E-001  3.8724024554779585E-001
  3.6185316212632407E-001  3.4163878035170681E-001  3.2572663921326289E-001  3.1348248567560871E-001  3.0419022629749265E-001
  2.9750636238893341E-001  2.9292329286648033E-001  2.8999911945791101E-001  2.8837735228006484E-001  2.8776764689616713E-001
  2.8791904602224316E-001  2.8863084998740246E-001  2.8974445175694358E-001  2.9112360637572576E-001  2.9265721002148648E-001
  2.9426114782151336E-001  2.9586756428650418E-001  2.9742394875151357E-001  2.9889262324221422E-001  3.0024676854030513E-001
  3.0146754976044865E-001  3.0254232811476189E-001  3.0346436523746123E-001  3.0423104820531055E-001  3.0484122375132938E-001
  3.0529463914935889E-001  3.0559284813901838E-001  3.0573994481944622E-001  3.0573994481937145E-001  3.0559284813882331E-001
  3.0529463914881283E-001  3.0484122375034961E-001  3.0423104820380603E-001  3.0346436523521325E-001  3.0254232811140908E-001
  3.0146754975582041E-001  3.0024676853445598E-001  2.9889262323545518E-001  2.9742394874432093E-001  2.9586756428024219E-001
  2.9426114781637042E-001  2.9265721001608974E-001  2.9112360636932477E-001  2.8974445174819852E-001  2.8863084997585625E-001
  2.8791904600764162E-001  2.8776764687825573E-001  2.8837735225866312E-001  2.8999911943362677E-001  2.9292329283688023E-001
  2.9750636235641698E-001  3.0419022626972431E-001  3.1348248563944320E-001  3.2572663914793454E-001  3.4163878028474265E-001
  3.6185316205194551E-001  3.8724024546887736E-001  4.1760541734890588E-001  4.5288360371945924E-001  4.9235778660748220E-001
  5.3619585056685781E-001  5.8314795808944475E-001  6.3237859151674436E-001  6.8268632457577083E-001
BLOCK 103   1.2831579297469062E+001
  6.6381431699705817E-001  7.2519234582399084E-001  7.8566400497882405E-001  8.4449401506821753E-001  9.0100822423012317E-001
  9.5522279346381234E-001  1.0071211714533381E+000  1.0566944368521325E+000  1.1038703323036985E+000  1.1485100771430088E+000
  1.1909925664191372E+000  1.2310387368107627E+000  1.2688436638985114E+000  1.3044759321473995E+000  1.3380440146339267E+000
  1.3696541957288022E+000  1.3994311667808050E+000  1.4274210860608783E+000  1.4537036773453185E+000  1.4783019455423085E+000
  1.5012403918336403E+000  1.5225312480169104E+000  1.5422027828725389E+000  1.5603179123572539E+000  1.5769008831281026E+000
  1.5919666752232533E+000  1.6055723992159974E+000  1.6177653785895729E+000  1.6285760548813688E+000  1.6380196962952251E+000
  1.6461107552225895E+000  1.6528574273144430E+000  1.6582472498160727E+000  1.6622265242575531E+000  1.6648901029848902E+000
  1.6662196423519777E+000  1.6662196423528941E+000  1.6648901029878074E+000  1.6622265242624321E+000  1.6582472498223437E+000
  1.6528574273221377E+000  1.6461107552324123E+000  1.6380196963065317E+000  1.6285760548909225E+000  1.6177653786037456E+000
  1.6055723992312059E+000  1.5919666752402879E+000  1.5769008831473714E+000  1.5603179123766480E+000  1.5422027828959082E+000
  1.5225312480415190E+000  1.5012403918611306E+000  1.4783019455698501E+000  1.4537036773744187E+000  1.4274210860939154E+000
  1.3994311668157478E+000  1.3696541957655635E+000  1.3380440146751897E+000  1.3044759321915489E+000  1.2688436639467189E+000
  1.2310387368642788E+000  1.1909925664801861E+000  1.1485100772006984E+000  1.1038703323742356E+000  1.0566944369285010E+000
  1.0071211715385608E+000  9.5522279355514439E-001  9.0100822432857097E-001  8.4449401518253886E-001  7.8566400510181855E-001
  7.2519234595946824E-001  6.6381431715722694E-001  6.0261251264890070E-001  5.4304326834910033E-001  4.8693876371513223E-001
  4.3640234724381427E-001  3.9254037658327923E-001  3.5499501804062261E-001  3.2548495965805585E-001  3.0166256562363136E-001
  2.8378072498024448E-001  2.7090666488152870E-001  2.6294578361957716E-001  2.5802959793849523E-001  2.5554075315873870E-001
  2.5483083214893315E-001  2.5539458973776152E-001  2.5685108319567240E-001  2.5890225089404434E-001  2.6132990065863304E-001
  2.6397149376899254E-001  2.6672008862228275E-001  2.6949855356386032E-001  2.7225326709916259E-001  2.7495242925871038E-001
  2.7756316143821574E-001  2.8011571919519618E-001  2.8247241759059238E-001  2.8459458063638615E-001  2.8650943171951204E-001
  2.8820421944121388E-001  2.8967251184287141E-001  2.9091456329467313E-001  2.9193403181880118E-001  2.9273657738489878E-001
  2.9332929665265561E-001  2.9371940538353514E-001  2.9391259205114417E-001  2.9391259205031850E-001  2.9371940538118657E-001
  2.9332929664905760E-001  2.9273657738103898E-001  2.9193403181496802E-001  2.9091456329126786E-001  2.8967251183998183E-001
  2.8820421943935065E-001  2.8650943171849674E-001  2.8459458063597320E-001  2.8247241759028591E-001  2.8011571919462513E-001
  2.7756316143725096E-001  2.7495242925687441E-001  2.7225326709589209E-001  2.6949855355884655E-001  2.6672008861597651E-001
  2.6397149376259554E-001  2.6132990065274897E-001  2.5890225088729585E-001  2.5685108318584449E-001  2.5539458972376006E-001
  2.5483083213016633E-001  2.5554075313328389E-001  2.5802959790038477E-001  2.6294578357211296E-001  2.7090666481650105E-001
  2.8378072493564549E-001  3.0166256555094056E-001  3.2548495957834322E-001  3.5499501794575866E-001  3.9254037644357126E-001
  4.3640234707681447E-001  4.8693876362238259E-001  5.4304326813857784E-001  6.0261251250792547E-001
BLOCK 104   1.2957379094503107E+001
  5.5124483114833200E-001  6.2827396117341683E-001  7.0400033256849559E-001  7.7707392986030099E-001  8.4682464831431858E-001
  9.1279644890625988E-001  9.7492391185515392E-001  1.0331603642175411E+000  1.0875442440916778E+000  1.1383966555280127E+000
  1.1860029074033904E+000  1.2306753821155032E+000  1.2724907861018231E+000  1.3120714389804997E+000  1.3490469677530104E+000
  1.3836550956542988E+000  1.4165766157983914E+000  1.4462723667321065E+000  1.4744002117763513E+000  1.5005996816955778E+000
  1.5249176503090001E+000  1.5474207811491421E+000  1.5682455389850498E+000  1.5874153585380870E+000  1.6049925998418459E+000
  1.6210508953011520E+000  1.6355436002033605E+000  1.6484482926669546E+000  1.6597927269798955E+000  1.6696806534950732E+000
  1.6781124202748701E+000  1.6851201936979154E+000  1.6907090881725175E+000  1.6948708933757519E+000  1.6976405442021960E+000
  1.6990167517159411E+000  1.6990167517164090E+000  1.6976405442036888E+000  1.6948708933784078E+000  1.6907090881757314E+000
  1.6851201937025346E+000  1.6781124202816533E+000  1.6696806535036786E+000  1.6597927269904322E+000  1.6484482926793103E+000
  1.6355436002168706E+000  1.6210508953137450E+000  1.6049925998588264E+000  1.5874153585570419E+000  1.5682455390024097E+000
  1.5474207811711209E+000  1.5249176503313504E+000  1.5005996817187117E+000  1.4744002118076547E+000  1.4462723667638810E+000
  1.4165766158300099E+000  1.3836550956939595E+000  1.3490469677970434E+000  1.3120714390309793E+000  1.2724907861462333E+000
  1.2306753821678897E+000  1.1860029074651968E+000  1.1383966555981939E+000  1.0875442441739775E+000  1.0331603643039717E+000
  9.7492391196292338E-001  9.1279644902535473E-001  8.4682464845525929E-001  7.7707393000395131E-001  7.0400033270555051E-001
  6.2827396128672719E-001  5.5124483113127931E-001  4.7570255510911352E-001  4.0605611676949527E-001  3.4626173370426033E-001
  3.0037222468897590E-001  2.6703699726891039E-001  2.4347959465002073E-001  2.2825153205779855E-001  2.1918916483820175E-001
  2.1454755027967393E-001  2.1347878971621981E-001  2.1464383326938996E-001  2.1722413906079241E-001  2.2075931461859011E-001
  2.2493604991295246E-001  2.2947087446245593E-001  2.3414789707135883E-001  2.3880020869322990E-001  2.4332179336375967E-001
  2.4765174266732728E-001  2.5169412677074293E-001  2.5540508818527496E-001  2.5886217430898090E-001  2.6212116572228211E-001
  2.6517971487573860E-001  2.6803665771436258E-001  2.7069532306471933E-001  2.7316016673834748E-001  2.7544704062402298E-001
  2.7752309843019196E-001  2.7943192019554369E-001  2.8121718578041405E-001  2.8253754042715740E-001  2.8348898908611031E-001
  2.8417372600781743E-001  2.8463001480537037E-001  2.8486015289099881E-001  2.8486015289093747E-001  2.8463001480500622E-001
  2.8417372600721436E-001  2.8348898908534975E-001  2.8253754042621010E-001  2.8121718577914412E-001  2.7943192019444330E-001
  2.7752309842948097E-001  2.7544704062367581E-001  2.7316016673795779E-001  2.7069532306396193E-001  2.6803665771343999E-001
  2.6517971487522030E-001  2.6212116572273242E-001  2.5886217431052466E-001  2.5540508818676955E-001  2.5169412677047354E-001
  2.4765174266622375E-001  2.4332179336383131E-001  2.3880020869622276E-001  2.3414789707471009E-001  2.2947087445879832E-001
  2.2493604989981481E-001  2.2075931459751424E-001  2.1722413903830540E-001  2.1464383325529152E-001  2.1347878969936215E-001
  2.1454755023292571E-001  2.1918916471738106E-001  2.2825153195176867E-001  2.4347959440341857E-001  2.6703699700214600E-001
  3.0037222384091111E-001  3.4626173335164512E-001  4.0605611642504508E-001  4.7570255503423442E-001
BLOCK 105   1.3083178891537152E+001
  3.3517952654300531E-001  4.4052259069276878E-001  5.5149634208040044E-001  6.5649744813214272E-001  7.5352233425624349E-001
  8.4168987267454998E-001  9.2140892107491845E-001  9.9339044064882731E-001  1.0590493521044679E+000  1.1194119767705282E+000
  1.1751888220835407E+000  1.2267791337136509E+000  1.2744290717992417E+000  1.3187180287195821E+000  1.3596505615670036E+000
  1.3972358868787502E+000  1.4328941081100819E+000  1.4657031516667351E+000  1.4962033031054349E+000  1.5245401323766377E+000
  1.5507509514923394E+000  1.5749553314134095E+000  1.5971729955340488E+000  1.6175521865753901E+000  1.6361244923979525E+000
  1.6529427052740213E+000  1.6680723736521959E+000  1.6816089049520901E+000  1.6935832003797624E+000  1.7040173771929898E+000
  1.7129358275971918E+000  1.7203658728304312E+000  1.7262357762824334E+000  1.7306598463675604E+000  1.7335922347929400E+000
  1.7350647660598937E+000  1.7350647660604444E+000  1.7335922347948107E+000  1.7306598463701117E+000  1.7262357762852869E+000
  1.7203658728344662E+000  1.7129358276023312E+000  1.7040173771970366E+000  1.6935832003854479E+000  1.6816089049580321E+000
  1.6680723736606973E+000  1.6529427052850119E+000  1.6361244924100524E+000  1.6175521865907505E+000  1.5971729955505594E+000
  1.5749553314316607E+000  1.5507509515161544E+000  1.5245401323996726E+000  1.4962033031290440E+000  1.4657031516937693E+000
  1.4328941081391848E+000  1.3972358869089878E+000  1.3596505616162078E+000  1.3187180287670968E+000  1.2744290718591000E+000
  1.2267791337629961E+000  1.1751888221653344E+000  1.1194119768574826E+000  1.0590493521956819E+000  9.9339044071728799E-001
  9.2140892106278749E-001  8.4168987262738781E-001  7.5352233428368665E-001  6.5649744838578095E-001  5.5149634256043789E-001
  4.4052259161430840E-001  3.3517952778892973E-001  2.5513793926781014E-001  2.0534682879094152E-001  1.7877283918474840E-001
  1.6519135111647260E-001  1.6033957648418373E-001  1.6081746766535737E-001  1.6447134597779034E-001  1.6995295193647808E-001
  1.7640285308283582E-001  1.8323327494021593E-001  1.8998583323368431E-001  1.9655154053161700E-001  2.0288414729571447E-001
  2.0901424851098030E-001  2.1504757723338469E-001  2.2120264588320826E-001  2.2717380817838373E-001  2.3272400696453729E-001
  2.3781107172897947E-001  2.4247122143137453E-001  2.4674744863739162E-001  2.5065812892400630E-001  2.5416899915090119E-001
  2.5729693092023131E-001  2.6010387502028059E-001  2.6266120542663413E-001  2.6503263909307251E-001  2.6726940126214638E-001
  2.6938297800051031E-001  2.7134029286157957E-001  2.7312695840175855E-001  2.7472953694777186E-001  2.7617417713724279E-001
  2.7744859608509720E-001  2.7841393723619262E-001  2.7900591559181742E-001  2.7900591559223153E-001  2.7841393723758051E-001
  2.7744859608707889E-001  2.7617417713941217E-001  2.7472953694951585E-001  2.7312695840276696E-001  2.7134029286187600E-001
  2.6938297800048255E-001  2.6726940126212673E-001  2.6503263909273206E-001  2.6266120542500043E-001  2.6010387501710808E-001
  2.5729693091719369E-001  2.5416899915092289E-001  2.5065812892851336E-001  2.4674744864582801E-001  2.4247122143939853E-001
  2.3781107173408925E-001  2.3272400696316067E-001  2.2717380817403510E-001  2.2120264587957617E-001  2.1504757723390303E-001
  2.0901424851631206E-001  2.0288414730787710E-001  1.9655154055494606E-001  1.8998583326712254E-001  1.8323327498696618E-001
  1.7640285316191448E-001  1.6995295204860730E-001  1.6447134607069272E-001  1.6081746764184462E-001  1.6033957622895145E-001
  1.6519135129139051E-001  1.7877283815683676E-001  2.0534682918869682E-001  2.5513793862291356E-001
BLOCK 106   1.3208978688571197E+001
  8.7233999250452332E-002  9.1521573677574838E-002  1.1576359459275010E-001  2.4860860239282201E-001  5.1910050512404382E-001
  6.8741654991803647E-001  8.1507583770884784E-001  9.1969722579537561E-001  1.0077020988976964E+000  1.0849096282535422E+000
  1.1535476855551250E+000  1.2153352448186037E+000  1.2711737120312869E+000  1.3219480970931101E+000  1.3683764142866823E+000
  1.4114734452715343E+000  1.4504425963037268E+000  1.4867311259820797E+000  1.5198216030867786E+000  1.5508723316368695E+000
  1.5790956183013636E+000  1.6049673214146882E+000  1.6287432795812442E+000  1.6504968489423755E+000  1.6702983822882647E+000
  1.6882197078060381E+000  1.7043171686391765E+000  1.7186203673269360E+000  1.7312334398224536E+000  1.7422129916419760E+000
  1.7515733939595088E+000  1.7593049434009325E+000  1.7654494280994411E+000  1.7700331730094290E+000  1.7730781765295216E+000
  1.7746076312644326E+000  1.7746076312641159E+000  1.7730781765289574E+000  1.7700331730092325E+000  1.7654494281003612E+000
  1.7593049434026233E+000  1.7515733939606060E+000  1.7422129916451452E+000  1.7312334398273357E+000  1.7186203673327227E+000
  1.7043171686463339E+000  1.6882197078112973E+000  1.6702983822944104E+000  1.6504968489483314E+000  1.6287432795899537E+000
  1.6049673214274791E+000  1.5790956183167428E+000  1.5508723316569877E+000  1.5198216031095626E+000  1.4867311260247822E+000
  1.4504425963467269E+000  1.4114734453284847E+000  1.3683764143432395E+000  1.3219480971569022E+000  1.2711737120490296E+000
  1.2153352448095860E+000  1.1535476855188838E+000  1.0849096282227306E+000  1.0077020988761869E+000  9.1969722595101056E-001
  8.1507583831699837E-001  6.8741655121852385E-001  5.1910050697878740E-001  2.4860860679406094E-001  1.1576356787449227E-001
  9.1521577671317106E-002  8.7234000033003384E-002  9.2490858424994382E-002  1.0053945128765342E-001  1.1057158356388652E-001
  1.2091035168849565E-001  1.3070399729841070E-001  1.3962283691707533E-001  1.4820722124541075E-001  1.5724723445961408E-001
  1.6649282264434645E-001  1.7540141374424356E-001  1.8359729713435050E-001  1.9103537593944603E-001  1.9765998358221670E-001
  2.0367462866127917E-001  2.0928026942966943E-001  2.1470206327256561E-001  2.2030043088144705E-001  2.2601049192066350E-001
  2.3162801471110858E-001  2.3695442742405637E-001  2.4180421744624495E-001  2.4609104030509502E-001  2.4980878394325862E-001
  2.5298212164745454E-001  2.5570438123856903E-001  2.5813377122084641E-001  2.6041295564820482E-001  2.6260939657036730E-001
  2.6470947874816919E-001  2.6663729038001510E-001  2.6833511818051820E-001  2.6982565698680649E-001  2.7111874833674882E-001
  2.7214896882299028E-001  2.7286133492437792E-001  2.7325265641584495E-001  2.7325265641577950E-001  2.7286133492454773E-001
  2.7214896882393824E-001  2.7111874833832456E-001  2.6982565698801270E-001  2.6833511818033812E-001  2.6663729037867906E-001
  2.6470947874710427E-001  2.6260939657112348E-001  2.6041295565134848E-001  2.5813377122569342E-001  2.5570438124329592E-001
  2.5298212165007938E-001  2.4980878394128814E-001  2.4609104030307855E-001  2.4180421744283964E-001  2.3695442741902040E-001
  2.3162801470453301E-001  2.2601049191165792E-001  2.2030043086883386E-001  2.1470206325480251E-001  2.0928026941216629E-001
  2.0367462865921965E-001  1.9765998360888862E-001  1.9103537599777742E-001  1.8359729722128673E-001  1.7540141386050068E-001
  1.6649282280102587E-001  1.5724723465367182E-001  1.4820722139951412E-001  1.3962283682046198E-001  1.3070399694768653E-001
  1.2091035146196251E-001  1.1057158371151989E-001  1.0053945137914469E-001  9.2490858150275579E-002
BLOCK 107   1.3334778485605241E+001
  7.7439743168930125E-002  7.1648012215477147E-002  6.6802262543696159E-002  6.0725493208611564E-002  5.0231784029840285E-002
  3.8255763989079032E-002 -1.0000000000000000E+000  2.9633807895086295E-001  5.5187981473543958E-002  1.0118540181261424E+000
  1.1072792097059667E+000  1.1875051882648533E+000  1.2572186660803528E+000  1.3186112914124466E+000  1.3733910741018593E+000
  1.4227549244337814E+000  1.4675250832817217E+000  1.5082867315113553E+000  1.5454051142300840E+000  1.5792437142934386E+000
  1.6100827754876352E+000  1.6383088794646088E+000  1.6640197396149505E+000  1.6874680129339990E+000  1.7086691528100948E+000
  1.7277088123956206E+000  1.7448144027474646E+000  1.7600168309549822E+000  1.7733667497480503E+000  1.7848562031754358E+000
  1.7946329968377703E+000  1.8027517568103335E+000  1.8092193376534205E+000  1.8140673070034221E+000  1.8173034265305295E+000
  1.8189191009712191E+000  1.8189190565803777E+000  1.8173032911594982E+000  1.8140670767522071E+000  1.8092190088724029E+000
  1.8027513235788186E+000  1.7946324559746161E+000  1.7848555549109171E+000  1.7733660065210315E+000  1.7600159594896221E+000
  1.7448134030199953E+000  1.7277076621954541E+000  1.7086678430679290E+000  1.6874665123906438E+000  1.6640180449926474E+000
  1.6383069641777981E+000  1.6100805920802497E+000  1.5792412479111486E+000  1.5454022382401191E+000  1.5082834266831049E+000
  1.4675212309797199E+000  1.4227503074365646E+000  1.3733855174715559E+000  1.3186044104804373E+000  1.2572099428142651E+000
  1.1874938573016780E+000  1.1072636092552965E+000  1.0118297433912347E+000  5.2957109354255238E-002  2.9482338514311091E-001
 -1.0000000000000000E+000  3.8951412829345763E-002  5.0434842826004155E-002  6.0910411979125320E-002  6.6796654740085157E-002
  7.1785735508445969E-002  7.7438110137979119E-002  8.5876466865781931E-002  9.8891032424504172E-002  1.1376399015449432E-001
  1.2651637257979764E-001  1.3679492067994498E-001  1.4420366540442031E-001  1.5073875376878093E-001  1.5780182356862540E-001
  1.6589067907347840E-001  1.7440176651984446E-001  1.8280667638213993E-001  1.9078964286561023E-001  1.9779581655426731E-001
  2.0388254828312788E-001  2.0913919822746568E-001  2.1382795065600380E-001  2.1826129657891147E-001  2.2296885148758908E-001
  2.2783642200612189E-001  2.3279814801682280E-001  2.3769949498232534E-001  2.4241761210600443E-001  2.4684321545805696E-001
  2.5091894572005202E-001  2.5440820527705121E-001  2.5741327527317842E-001  2.5989452047849476E-001  2.6188933320423047E-001
  2.6349350994207676E-001  2.6481034254096314E-001  2.6589774758095697E-001  2.6680350976865586E-001  2.6755491609462795E-001
  2.6813078398541129E-001  2.6852740107505396E-001  2.6872490356026263E-001  2.6872490354376954E-001  2.6852740102047357E-001
  2.6813078389581285E-001  2.6755491597008108E-001  2.6680350959942589E-001  2.6589774727727050E-001  2.6481034189931185E-001
  2.6349350879289252E-001  2.6188933166312911E-001  2.5989451903276750E-001  2.5741327459268920E-001  2.5440820548304377E-001
  2.5091894744950627E-001  2.4684321630277051E-001  2.4241761276864529E-001  2.3769949497792872E-001  2.3279814734294224E-001
  2.2783642056150019E-001  2.2296884893082999E-001  2.1826129244211043E-001  2.1382794409044797E-001  2.0913918953639693E-001
  2.0388253989496619E-001  1.9779581273829028E-001  1.9078964034766865E-001  1.8280667578074730E-001  1.7440175848488029E-001
  1.6589064952668653E-001  1.5780175746623576E-001  1.5073861682130443E-001  1.4420349231313620E-001  1.3679472715047289E-001
  1.2651652114626938E-001  1.1377182967520327E-001  9.8925004065762462E-002  8.5945659578563149E-002
BLOCK 108   1.3460578282639286E+001
  8.5265449385990399E-002 -1.0000000000000000E+000 -1.0000000000000000E+000 -1.0000000000000000E+000 -1.0000000000000000E+000
 -1.0000000000000000E+000 -1.0000000000000000E+000 -1.0000000000000000E+000 -1.0000000000000000E+000 -1.0000000000000000E+000
  9.7366758889671345E-001  1.1140498890335060E+000  1.2153239367043362E+000  1.2967866547231508E+000  1.3658071450316669E+000
  1.4261159532856731E+000  1.4795345707540268E+000  1.5268730921857274E+000  1.5698094759448626E+000  1.6081251935700511E+000
  1.6427530396568604E+000  1.6740501340871174E+000  1.7023728834951872E+000  1.7278629384093183E+000  1.7508284916914818E+000
  1.7713697304339084E+000  1.7896000817770186E+000  1.8058145115266480E+000  1.8200450382088178E+000  1.8323952527933169E+000
  1.8428999475491135E+000  1.8514737010746438E+000  1.8582521870338429E+000  1.8633030201739886E+000  1.8666486217539575E+000
  1.8683084091395272E+000  1.8683082381294778E+000  1.8666481035031561E+000  1.8633021471710309E+000  1.8582509536292779E+000
  1.8514721024580767E+000  1.8428979806357897E+000  1.8323928853170410E+000  1.8200422388807307E+000  1.8058112619897488E+000
  1.7895963448506200E+000  1.7713654468217148E+000  1.7508236288862011E+000  1.7278574157809556E+000  1.7023665766247758E+000
  1.6740428942974033E+000  1.6427447056957045E+000  1.6081155356488059E+000  1.5697982062837206E+000  1.5268599752875160E+000
  1.4795186045797173E+000  1.4260965784971411E+000  1.3657833407429918E+000  1.2967579565999920E+000  1.2152844875404951E+000
  1.1139524208705283E+000  9.7329277418061799E-001 -1.0000000000000000E+000 -1.0000000000000000E+000 -1.0000000000000000E+000
 -1.0000000000000000E+000 -1.0000000000000000E+000 -1.0000000000000000E+000 -1.0000000000000000E+000 -1.0000000000000000E+000
 -1.0000000000000000E+000  8.3198104990857724E-002  1.0428462842632114E-001  1.0386706792244219E-001  1.1321362140667779E-001
  1.2679960434871618E-001  1.4030192976755548E-001  1.5002413581813590E-001  1.6032098419737797E-001  1.6878097521641230E-001
  1.7563720699408714E-001  1.8189328097842197E-001  1.8773500524929509E-001  1.9325927965226608E-001  1.9843382824963188E-001
  2.0370522628393045E-001  2.0895194844725390E-001  2.1391996399357141E-001  2.1862965252292274E-001  2.2346427536598765E-001
  2.2821363556195604E-001  2.3284342286443657E-001  2.3736767688138910E-001  2.4178688968940251E-001  2.4608909933249026E-001
  2.5017143116546642E-001  2.5403474157608769E-001  2.5743982693553341E-001  2.6031644134523074E-001  2.6259672747966795E-001
  2.6428936326772706E-001  2.6544685374233212E-001  2.6613189014964866E-001  2.6642523565183485E-001  2.6642646839862083E-001
  2.6625983497615513E-001  2.6605308422845886E-001  2.6591880541497648E-001  2.6591880521772659E-001  2.6605308362468183E-001
  2.6625983399756453E-001  2.6642646725299346E-001  2.6642523455665407E-001  2.6613188897056206E-001  2.6544685220667152E-001
  2.6428936239238893E-001  2.6259673031945785E-001  2.6031644828216716E-001  2.5743983040778762E-001  2.5403474060878944E-001
  2.5017143321398622E-001  2.4608909508539861E-001  2.4178688825767333E-001  2.3736768069040992E-001  2.3284342806286748E-001
  2.2821364414217912E-001  2.2346430289477590E-001  2.1862973749341333E-001  2.1392017029304036E-001  2.0895247166353378E-001
  2.0370629261561121E-001  1.9843475031850069E-001  1.9325657317085343E-001  1.8772460698935745E-001  1.8187107663848717E-001
  1.7561694611978598E-001  1.6877813324558918E-001  1.6033512786596343E-001  1.5003149305458588E-001  1.4030805587058170E-001
  1.2692118143331044E-001  1.1454479461747386E-001  1.0738479071128516E-001  1.0723660409373220E-001
BLOCK 109   1.3586378079673331E+001
 -1.0000000000000000E+000 -1.0000000000000000E+000 -1.0000000000000000E+000 -1.0000000000000000E+000 -1.0000000000000000E+000
 -1.0000000000000000E+000 -1.0000000000000000E+000 -1.0000000000000000E+000 -1.0000000000000000E+000 -1.0000000000000000E+000
 -1.0000000000000000E+000 -1.0000000000000000E+000  1.0126338266121424E+000  1.2089245602571288E+000  1.3232174264894241E+000
  1.4092563824057980E+000  1.4782994038758970E+000  1.5370915646760452E+000  1.5882058329211550E+000  1.6335054253568349E+000
  1.6735936384824388E+000  1.7089916945694412E+000  1.7415935949507866E+000  1.7703335852666371E+000  1.7960528718875572E+000
  1.8186619656421794E+000  1.8387166411221707E+000  1.8562962352126928E+000  1.8716807602762677E+000  1.8849320643549234E+000
  1.8961493659426352E+000  1.9054467217994657E+000  1.9127274950946946E+000  1.9181242583525084E+000  1.9216990425339613E+000
  1.9234799340072044E+000  1.9234795518917447E+000  1.9216979003135350E+000  1.9181223525853182E+000  1.9127248309488336E+000
  1.9054433138175240E+000  1.8961451347606961E+000  1.8849269650873870E+000  1.8716747089821173E+000  1.8562891902855534E+000
  1.8387085578713891E+000  1.8186526038131712E+000  1.7960444845321810E+000  1.7703211507098640E+000  1.7415791576842981E+000
  1.7089772947876862E+000  1.6735757547420540E+000  1.6334879237691604E+000  1.5881909437134458E+000  1.5370717132233329E+000
  1.4782557635712534E+000  1.4091440506552209E+000  1.3230014598999575E+000  1.2085600569890660E+000  1.0121765906310962E+000
 -1.0000000000000000E+000 -1.0000000000000000E+000 -1.0000000000000000E+000 -1.0000000000000000E+000 -1.0000000000000000E+000
 -1.0000000000000000E+000 -1.0000000000000000E+000 -1.0000000000000000E+000 -1.0000000000000000E+000 -1.0000000000000000E+000
 -1.0000000000000000E+000 -1.0000000000000000E+000 -1.0000000000000000E+000 -1.0000000000000000E+000 -1.0000000000000000E+000
 -1.0000000000000000E+000 -1.0000000000000000E+000 -1.0000000000000000E+000  1.0029470147453982E-001  1.9069828964732499E-001
  2.3404051499784767E-001  2.4504762448501774E-001  2.3596489805681636E-001  2.2179971400094453E-001  2.1231196738425759E-001
  2.1187916036947996E-001  2.1306362183368210E-001  2.1500271522174513E-001  2.1845214113440270E-001  2.2315512086225509E-001
  2.2861290974800752E-001  2.3434257557810320E-001  2.3994553032423593E-001  2.4509766836658439E-001  2.4954536419636134E-001
  2.5341481253423481E-001  2.5662386043338303E-001  2.5931224051799739E-001  2.6155765613350579E-001  2.6340486102121430E-001
  2.6487507266782323E-001  2.6598588399508744E-001  2.6675197859644384E-001  2.6720715677184947E-001  2.6741315235987440E-001
  2.6744346221035215E-001  2.6738784536302829E-001  2.6733457174874792E-001  2.6733457128311905E-001  2.6738784579287528E-001
  2.6744346623361925E-001  2.6741315944687116E-001  2.6720716579702047E-001  2.6675199306058078E-001  2.6598590586371840E-001
  2.6487510008382570E-001  2.6340488982842386E-001  2.6155766016397647E-001  2.5931217719707061E-001  2.5662364688240008E-001
  2.5341438594017729E-001  2.4954498946363904E-001  2.4509826508950444E-001  2.3994854557415604E-001  2.3434899735917039E-001
  2.2862143283625422E-001  2.2316092153091652E-001  2.1844720357170702E-001  2.1497433125040719E-001  2.1296295748810820E-001
  2.1165169424752694E-001  2.1273875101188050E-001  2.2357753898631333E-001  2.3876315425024205E-001  2.4657500390026138E-001
  2.3327961165788091E-001  1.8696396712469815E-001  9.4652060463575841E-002 -1.0000000000000000E+000 -1.0000000000000000E+000
 -1.0000000000000000E+000 -1.0000000000000000E+000 -1.0000000000000000E+000 -1.0000000000000000E+000
BLOCK 110   1.3712177876707376E+001
 -1.0000000000000000E+000 -1.0000000000000000E+000 -1.0000000000000000E+000 -1.0000000000000000E+000 -1.0000000000000000E+000
 -1.0000000000000000E+000 -1.0000000000000000E+000 -1.0000000000000000E+000 -1.0000000000000000E+000 -1.0000000000000000E+000
 -1.0000000000000000E+000 -1.0000000000000000E+000 -1.0000000000000000E+000  7.4068144260816826E-001  1.0971719502603354E+000
  1.2889775542113295E+000  1.4184780493515818E+000  1.5133516057685856E+000  1.5877536537177526E+000  1.6482937530640447E+000
  1.6990652568966731E+000  1.7423301858183693E+000  1.7798949704994198E+000  1.8129118140066367E+000  1.8421137780066263E+000
  1.8679507448702724E+000  1.8905846948394194E+000  1.9104788139870845E+000  1.9277817734346794E+000  1.9425820870137098E+000
  1.9550269765540471E+000  1.9652429454170530E+000  1.9732770369272354E+000  1.9791346124014828E+000  1.9830066816569676E+000
  1.9849217947934377E+000  1.9849212098786748E+000  1.9830049321410785E+000  1.9791316970723194E+000  1.9732729186087046E+000
  1.9652374378587234E+000  1.9550198591845440E+000  1.9425730715210603E+000  1.9277709778158005E+000  1.9104669403447212E+000
  1.8905761488011847E+000  1.8679426570339417E+000  1.8421105302156990E+000  1.8129101733614064E+000  1.7798843518152463E+000
  1.7422985639382227E+000  1.6989970492153230E+000  1.6481801380081997E+000  1.5875805651826591E+000  1.5131246844367792E+000
  1.4181889909968053E+000  1.2887183844528429E+000  1.0970361575165559E+000  7.4352191258300360E-001 -1.0000000000000000E+000
 -1.0000000000000000E+000 -1.0000000000000000E+000 -1.0000000000000000E+000 -1.0000000000000000E+000 -1.0000000000000000E+000
 -1.0000000000000000E+000 -1.0000000000000000E+000 -1.0000000000000000E+000 -1.0000000000000000E+000 -1.0000000000000000E+000
 -1.0000000000000000E+000 -1.0000000000000000E+000 -1.0000000000000000E+000 -1.0000000000000000E+000 -1.0000000000000000E+000
 -1.0000000000000000E+000 -1.0000000000000000E+000 -1.0000000000000000E+000 -1.0000000000000000E+000 -1.0000000000000000E+000
 -1.0000000000000000E+000 -1.0000000000000000E+000 -1.0000000000000000E+000  1.0556646077397619E-001  2.0225260913771137E-001
  2.6186733862593969E-001  2.9849539344754944E-001  3.1549832842398329E-001  3.1684407949392929E-001  3.0436575119885317E-001
  2.7783573217267354E-001  2.4391253410733194E-001  2.3365010356003335E-001  2.3874258274047466E-001  2.4660142818644221E-001
  2.5350383076628824E-001  2.5888244146430223E-001  2.6280460518189031E-001  2.6549347929018963E-001  2.6719435358457566E-001
  2.6817636720141436E-001  2.6872803298816939E-001  2.6912764811726525E-001  2.6957171444873251E-001  2.7011623047502653E-001
  2.7069060184983179E-001  2.7117300035359593E-001  2.7145043347295783E-001  2.7145047231315167E-001  2.7117312642580116E-001
  2.7069082872122230E-001  2.7011651621292482E-001  2.6957185427860475E-001  2.6912721080260815E-001  2.6872662751961274E-001
  2.6817452350546250E-001  2.6719473851574554E-001  2.6550118492159147E-001  2.6282330793083808E-001  2.5889487370530240E-001
  2.5342600937284498E-001  2.4628688655187472E-001  2.3819646947742373E-001  2.3351926619114632E-001  2.4591879993363253E-001
  2.8120563000588988E-001  3.0633095001708155E-001  3.1788375548066461E-001  3.1548648991600547E-001  2.9754401152171661E-001
  2.5979437063750016E-001  1.9912398946070950E-001  9.9018643333540907E-002 -1.0000000000000000E+000 -1.0000000000000000E+000
 -1.0000000000000000E+000 -1.0000000000000000E+000 -1.0000000000000000E+000 -1.0000000000000000E+000 -1.0000000000000000E+000
 -1.0000000000000000E+000 -1.0000000000000000E+000 -1.0000000000000000E+000 -1.0000000000000000E+000
BLOCK 111   1.3837977673741420E+001
 -1.0000000000000000E+000 -1.0000000000000000E+000 -1.0000000000000000E+000 -1.0000000000000000E+000 -1.0000000000000000E+000
 -1.0000000000000000E+000 -1.0000000000000000E+000 -1.0000000000000000E+000 -1.0000000000000000E+000 -1.0000000000000000E+000
 -1.0000000000000000E+000 -1.0000000000000000E+000 -1.0000000000000000E+000 -1.0000000000000000E+000  6.8707963854893106E-001
  1.0122282378366507E+000  1.2320207555586247E+000  1.3917141520207228E+000  1.5126905725284832E+000  1.6081581176927617E+000
  1.6860528248754292E+000  1.7505287024224729E+000  1.8041974867087731E+000  1.8495539464669324E+000  1.8869590764407298E+000
  1.9191931881430244E+000  1.9461436205740372E+000  1.9690310800734199E+000  1.9885567181007062E+000  2.0051613070997187E+000
  2.0191686395300246E+000  2.0307970050076722E+000  2.0399140770203026E+000  2.0467154653656108E+000  2.0512818676718778E+000
  2.0535544240839649E+000  2.0535525099697272E+000  2.0512769484882853E+000  2.0467098285891883E+000  2.0399109024977480E+000
  2.0307992936312185E+000  2.0191763775163478E+000  2.0051714392824822E+000  1.9885636359283199E+000  1.9690269456107432E+000
  1.9461226340678193E+000  1.9191555356627332E+000  1.8868806484531093E+000  1.8494438314360433E+000  1.8040481911333339E+000
  1.7503437878087280E+000  1.6858522272065011E+000  1.6079647781521005E+000  1.5124482278450992E+000  1.3915415608453920E+000
  1.2322083707634102E+000  1.0132311132520304E+000  6.8927784046583052E-001 -1.0000000000000000E+000 -1.0000000000000000E+000
 -1.0000000000000000E+000 -1.0000000000000000E+000 -1.0000000000000000E+000 -1.0000000000000000E+000 -1.0000000000000000E+000
 -1.0000000000000000E+000 -1.0000000000000000E+000 -1.0000000000000000E+000 -1.0000000000000000E+000 -1.0000000000000000E+000
 -1.0000000000000000E+000 -1.0000000000000000E+000 -1.0000000000000000E+000 -1.0000000000000000E+000 -1.0000000000000000E+000
 -1.0000000000000000E+000 -1.0000000000000000E+000 -1.0000000000000000E+000 -1.0000000000000000E+000 -1.0000000000000000E+000
 -1.0000000000000000E+000 -1.0000000000000000E+000 -1.0000000000000000E+000 -1.0000000000000000E+000 -1.0000000000000000E+000
 -1.0000000000000000E+000 -1.0000000000000000E+000 -1.0000000000000000E+000  1.6576771924749201E-001  2.6016087796572412E-001
  3.1819774508413434E-001  3.5262295773796704E-001  3.6998041531352543E-001  3.7388351381743534E-001  3.6573466933189858E-001
  3.4516795029829350E-001  3.1181540846192468E-001  2.6257459147675327E-001  2.3702352977422805E-001  2.4376817662836769E-001
  2.6143236436068545E-001  2.7345818618013779E-001  2.7800844758003451E-001  2.7882133068797132E-001  2.7822565854087128E-001
  2.7725853232685865E-001  2.7638186036082507E-001  2.7586790725130972E-001  2.7586708188045961E-001  2.7638396889498978E-001
  2.7727995668992750E-001  2.7829373891060183E-001  2.7894251612647697E-001  2.7808625501836542E-001  2.7321394137114280E-001
  2.6052745237711261E-001  2.4286179849032660E-001  2.3731903382826280E-001  2.6542488343195636E-001  3.1430815471592372E-001
  3.4703349888665669E-001  3.6705883951756080E-001  3.7478595649202145E-001  3.7014040660364494E-001  3.5195978816005141E-001
  3.1643168860461812E-001  2.5699667596910181E-001  1.6017170800585478E-001 -1.0000000000000000E+000 -1.0000000000000000E+000
 -1.0000000000000000E+000 -1.0000000000000000E+000 -1.0000000000000000E+000 -1.0000000000000000E+000 -1.0000000000000000E+000
 -1.0000000000000000E+000 -1.0000000000000000E+000 -1.0000000000000000E+000 -1.0000000000000000E+000 -1.0000000000000000E+000
 -1.0000000000000000E+000 -1.0000000000000000E+000 -1.0000000000000000E+000 -1.0000000000000000E+000
BLOCK 112   1.3963777470775465E+001
 -1.0000000000000000E+000 -1.0000000000000000E+000 -1.0000000000000000E+000 -1.0000000000000000E+000 -1.0000000000000000E+000
 -1.0000000000000000E+000 -1.0000000000000000E+000 -1.0000000000000000E+000 -1.0000000000000000E+000 -1.0000000000000000E+000
 -1.0000000000000000E+000 -1.0000000000000000E+000 -1.0000000000000000E+000 -1.0000000000000000E+000  1.9519689200999998E-001
  7.4531846914641398E-001  1.0190183167611717E+000  1.2208717732841250E+000  1.3803491277915605E+000  1.5106180903121282E+000
  1.6183112913202304E+000  1.7083718483318082E+000  1.7841387934308330E+000  1.8483565030683635E+000  1.9029174766469048E+000
  1.9494627234941411E+000  1.9890856149337508E+000  2.0220392684275512E+000  2.0497153465530249E+000  2.0724008601842216E+000
  2.0906356542621145E+000  2.1046330776562887E+000  2.1151729701556574E+000  2.1226666263530496E+000  2.1274347034815762E+000
  2.1297505367069869E+000  2.1297556260648398E+000  2.1274481270329040E+000  2.1226829338625390E+000  2.1151838133782976E+000
  2.1046293844042903E+000  2.0906093002129951E+000  2.0723475222368757E+000  2.0496360087314103E+000  2.0212836217957117E+000
  1.9889598148383933E+000  1.9493267122808393E+000  1.9027623175628365E+000  1.8481675033340876E+000  1.7839359265465022E+000
  1.7081802467262699E+000  1.6181730365046505E+000  1.5106355720512239E+000  1.3805964676826590E+000  1.2213833050163390E+000
  1.0199540428209450E+000  7.4683932412065190E-001  2.0034211492106951E-001 -1.0000000000000000E+000 -1.0000000000000000E+000
 -1.0000000000000000E+000 -1.0000000000000000E+000 -1.0000000000000000E+000 -1.0000000000000000E+000 -1.0000000000000000E+000
 -1.0000000000000000E+000 -1.0000000000000000E+000 -1.0000000000000000E+000 -1.0000000000000000E+000 -1.0000000000000000E+000
 -1.0000000000000000E+000 -1.0000000000000000E+000 -1.0000000000000000E+000 -1.0000000000000000E+000 -1.0000000000000000E+000
 -1.0000000000000000E+000 -1.0000000000000000E+000 -1.0000000000000000E+000 -1.0000000000000000E+000 -1.0000000000000000E+000
 -1.0000000000000000E+000 -1.0000000000000000E+000 -1.0000000000000000E+000 -1.0000000000000000E+000 -1.0000000000000000E+000
 -1.0000000000000000E+000 -1.0000000000000000E+000 -1.0000000000000000E+000 -1.0000000000000000E+000 -1.0000000000000000E+000
 -1.0000000000000000E+000 -1.0000000000000000E+000  1.7924212902983616E-001  2.7825929860392074E-001  3.3618433726670066E-001
  3.7476070436988762E-001  3.9799646704155700E-001  4.1023948587156950E-001  4.1154112692713052E-001  4.0163222945182159E-001
  3.7990884336627523E-001  3.4534801791352460E-001  2.9605109211334257E-001  2.4795545682666054E-001  2.4067900092265232E-001
  2.5973684351632342E-001  2.8977965813018952E-001  3.0760084717077185E-001  3.0692196443834852E-001  2.8803408135328867E-001
  2.5791185140036371E-001  2.3997055761623404E-001  2.4980703196051074E-001  2.9936830094043221E-001  3.4787372752885753E-001
  3.8169709910347527E-001  4.0271580742937108E-001  4.1195401409411553E-001  4.1006762845808586E-001  3.9734098931507406E-001
  3.7354449662307365E-001  3.3438767288597293E-001  2.7539234487607306E-001  1.7435740085891080E-001 -1.0000000000000000E+000
 -1.0000000000000000E+000 -1.0000000000000000E+000 -1.0000000000000000E+000 -1.0000000000000000E+000 -1.0000000000000000E+000
 -1.0000000000000000E+000 -1.0000000000000000E+000 -1.0000000000000000E+000 -1.0000000000000000E+000 -1.0000000000000000E+000
 -1.0000000000000000E+000 -1.0000000000000000E+000 -1.0000000000000000E+000 -1.0000000000000000E+000 -1.0000000000000000E+000
 -1.0000000000000000E+000 -1.0000000000000000E+000 -1.0000000000000000E+000 -1.0000000000000000E+000
BLOCK 113   1.4089577267809510E+001
 -1.0000000000000000E+000 -1.0000000000000000E+000 -1.0000000000000000E+000 -1.0000000000000000E+000 -1.0000000000000000E+000
 -1.0000000000000000E+000 -1.0000000000000000E+000 -1.0000000000000000E+000 -1.0000000000000000E+000 -1.0000000000000000E+000
 -1.0000000000000000E+000 -1.0000000000000000E+000 -1.0000000000000000E+000 -1.0000000000000000E+000 -1.0000000000000000E+000
  4.8519615798374488E-001  8.3948000077059248E-001  1.0718461409564006E+000  1.2536670239248746E+000  1.4043592882207954E+000
  1.5318067110708107E+000  1.6413038941251623E+000  1.7356334505950075E+000  1.8179524017766664E+000  1.8892539318579322E+000
  1.9509533799233580E+000  2.0040775751926083E+000  2.0498727712281859E+000  2.0891815657027339E+000  2.1226883249115103E+000
  2.1506173878004740E+000  2.1735240105736140E+000  2.1918939658434877E+000  2.2057270823748518E+000  2.2150105880528690E+000
  2.2197220876999886E+000  2.2197046393478699E+000  2.2149613322791106E+000  2.2056525719239954E+000  2.1917989586358506E+000
  2.1734149304540149E+000  2.1504950810605084E+000  2.1225515912764297E+000  2.0890321432757921E+000  2.0497112594048614E+000
  2.0039040078408217E+000  1.9507850138457130E+000  1.8891093710755085E+000  1.8178535592410729E+000  1.7356143458288071E+000
  1.6413857369908660E+000  1.5320020133317243E+000  1.4047223703116525E+000  1.2542031593910465E+000  1.0726183719176214E+000
  8.4056446092861559E-001  4.8693284270749937E-001 -1.0000000000000000E+000 -1.0000000000000000E+000 -1.0000000000000000E+000
 -1.0000000000000000E+000 -1.0000000000000000E+000 -1.0000000000000000E+000 -1.0000000000000000E+000 -1.0000000000000000E+000
 -1.0000000000000000E+000 -1.0000000000000000E+000 -1.0000000000000000E+000 -1.0000000000000000E+000 -1.0000000000000000E+000
 -1.0000000000000000E+000 -1.0000000000000000E+000 -1.0000000000000000E+000 -1.0000000000000000E+000 -1.0000000000000000E+000
 -1.0000000000000000E+000 -1.0000000000000000E+000 -1.0000000000000000E+000 -1.0000000000000000E+000 -1.0000000000000000E+000
 -1.0000000000000000E+000 -1.0000000000000000E+000 -1.0000000000000000E+000 -1.0000000000000000E+000 -1.0000000000000000E+000
 -1.0000000000000000E+000 -1.0000000000000000E+000 -1.0000000000000000E+000 -1.0000000000000000E+000 -1.0000000000000000E+000
 -1.0000000000000000E+000 -1.0000000000000000E+000 -1.0000000000000000E+000 -1.0000000000000000E+000 -1.0000000000000000E+000
  3.2006932199260658E-002  2.2865640262283102E-001  3.0830127229640925E-001  3.6095767644303123E-001  3.9393020461289141E-001
  4.1886612813441637E-001  4.3645070629037941E-001  4.4495185951202787E-001  4.4324826644748860E-001  4.2699015628962744E-001
  3.9043215021591265E-001  3.3085588214800332E-001  2.8578592586129048E-001  2.8306167620399503E-001  3.4842742784965297E-001
  3.9990689821334885E-001  4.3122023869077564E-001  4.4525397711317111E-001  4.4587190271706556E-001  4.3678189803277429E-001
  4.1880077003064725E-001  3.9358582708125800E-001  3.6000948592429816E-001  3.0663334545651871E-001  2.2567134938438363E-001
 -1.0000000000000000E+000 -1.0000000000000000E+000 -1.0000000000000000E+000 -1.0000000000000000E+000 -1.0000000000000000E+000
 -1.0000000000000000E+000 -1.0000000000000000E+000 -1.0000000000000000E+000 -1.0000000000000000E+000 -1.0000000000000000E+000
 -1.0000000000000000E+000 -1.0000000000000000E+000 -1.0000000000000000E+000 -1.0000000000000000E+000 -1.0000000000000000E+000
 -1.0000000000000000E+000 -1.0000000000000000E+000 -1.0000000000000000E+000 -1.0000000000000000E+000 -1.0000000000000000E+000
 -1.0000000000000000E+000 -1.0000000000000000E+000 -1.0000000000000000E+000 -1.0000000000000000E+000
BLOCK 114   1.4215377064843555E+001
 -1.0000000000000000E+000 -1.0000000000000000E+000 -1.0000000000000000E+000 -1.0000000000000000E+000 -1.0000000000000000E+000
 -1.0000000000000000E+000 -1.0000000000000000E+000 -1.0000000000000000E+000 -1.0000000000000000E+000 -1.0000000000000000E+000
 -1.0000000000000000E+000 -1.0000000000000000E+000 -1.0000000000000000E+000 -1.0000000000000000E+000 -1.0000000000000000E+000
 -1.0000000000000000E+000  6.7031152818510364E-001  9.4791635359082504E-001  1.1498303078323440E+000  1.3152030994039134E+000
  1.4561256353133138E+000  1.5789585849894805E+000  1.6859652904087874E+000  1.7806058483148655E+000  1.8638264480752469E+000
  1.9379198308113810E+000  2.0039565713639300E+000  2.0629225541079563E+000  2.1151070171932598E+000  2.1609673597303587E+000
  2.1990921986394825E+000  2.2315208560778581E+000  2.2562663975996076E+000  2.2751640042998824E+000  2.2875437830828353E+000
  2.2937880955181416E+000  2.2937692853670120E+000  2.2874833346763088E+000  2.2750648578971817E+000  2.2561335217093004E+000
  2.2313891083378325E+000  2.1989098147201775E+000  2.1607792397436127E+000  2.1149290488088863E+000  2.0627716679653583E+000
  2.0038513367750879E+000  1.9378729849240668E+000  1.8638540439151114E+000  1.7807122395207449E+000  1.6861451429219678E+000
  1.5792316088843938E+000  1.4565019676320239E+000  1.3157056937578875E+000  1.1504676664541718E+000  9.4869415510451982E-001
  6.7141531694825973E-001 -1.0000000000000000E+000 -1.0000000000000000E+000 -1.0000000000000000E+000 -1.0000000000000000E+000
 -1.0000000000000000E+000 -1.0000000000000000E+000 -1.0000000000000000E+000 -1.0000000000000000E+000 -1.0000000000000000E+000
 -1.0000000000000000E+000 -1.0000000000000000E+000 -1.0000000000000000E+000 -1.0000000000000000E+000 -1.0000000000000000E+000
 -1.0000000000000000E+000 -1.0000000000000000E+000 -1.0000000000000000E+000 -1.0000000000000000E+000 -1.0000000000000000E+000
 -1.0000000000000000E+000 -1.0000000000000000E+000 -1.0000000000000000E+000 -1.0000000000000000E+000 -1.0000000000000000E+000
 -1.0000000000000000E+000 -1.0000000000000000E+000 -1.0000000000000000E+000 -1.0000000000000000E+000 -1.0000000000000000E+000
 -1.0000000000000000E+000 -1.0000000000000000E+000 -1.0000000000000000E+000 -1.0000000000000000E+000 -1.0000000000000000E+000
 -1.0000000000000000E+000 -1.0000000000000000E+000 -1.0000000000000000E+000 -1.0000000000000000E+000 -1.0000000000000000E+000
 -1.0000000000000000E+000 -1.0000000000000000E+000 -1.0000000000000000E+000 -1.0000000000000000E+000  1.4919063101025931E-001
  2.8583886773786166E-001  3.4841726035868714E-001  3.8446688490312281E-001  4.1550149753484555E-001  4.5682016795467106E-001
  5.0829755624014672E-001  5.5600775486903575E-001  5.7966831751693970E-001  5.8459105007344458E-001  5.7356261914972062E-001
  5.4394270869331474E-001  4.9486502953470268E-001  4.4902820703109092E-001  4.0469240512461102E-001  3.5915425130462925E-001
  2.8828233382598262E-001  1.5297453330678218E-001 -1.0000000000000000E+000 -1.0000000000000000E+000 -1.0000000000000000E+000
 -1.0000000000000000E+000 -1.0000000000000000E+000 -1.0000000000000000E+000 -1.0000000000000000E+000 -1.0000000000000000E+000
 -1.0000000000000000E+000 -1.0000000000000000E+000 -1.0000000000000000E+000 -1.0000000000000000E+000 -1.0000000000000000E+000
 -1.0000000000000000E+000 -1.0000000000000000E+000 -1.0000000000000000E+000 -1.0000000000000000E+000 -1.0000000000000000E+000
 -1.0000000000000000E+000 -1.0000000000000000E+000 -1.0000000000000000E+000 -1.0000000000000000E+000 -1.0000000000000000E+000
 -1.0000000000000000E+000 -1.0000000000000000E+000 -1.0000000000000000E+000 -1.0000000000000000E+000
BLOCK 115   1.4341176861877599E+001
 -1.0000000000000000E+000 -1.0000000000000000E+000 -1.0000000000000000E+000 -1.0000000000000000E+000 -1.0000000000000000E+000
 -1.0000000000000000E+000 -1.0000000000000000E+000 -1.0000000000000000E+000 -1.0000000000000000E+000 -1.0000000000000000E+000
 -1.0000000000000000E+000 -1.0000000000000000E+000 -1.0000000000000000E+000 -1.0000000000000000E+000 -1.0000000000000000E+000
 -1.0000000000000000E+000  5.0361540485273149E-001  8.3398725747793301E-001  1.0610845121752785E+000  1.2445043426830353E+000
  1.3972856073338069E+000  1.5291676802795207E+000  1.6454072268118278E+000  1.7502473611317544E+000  1.8465177956338252E+000
  1.9347009317893171E+000  2.0138473533949726E+000  2.0831244680535219E+000  2.1431443195582793E+000  2.1938643514185108E+000
  2.2359129391013468E+000  2.2694466131742921E+000  2.2962712207706040E+000  2.3155252814140854E+000  2.3282216831416878E+000
  2.3344655165546184E+000  2.3344568172075233E+000  2.3281972435823044E+000  2.3154869291499947E+000  2.2962153031007460E+000
  2.2693890008521302E+000  2.2358333840268116E+000  2.1937777234382985E+000  2.1430683085212632E+000  2.0830629726412351E+000
  2.0138249080330106E+000  1.9347354091390059E+000  1.8466233426025955E+000  1.7504513437131093E+000  1.6457095724580588E+000
  1.5295764286311897E+000  1.3977420994446981E+000  1.2450410588769971E+000  1.0617166119520185E+000  8.3476238488595766E-001
  5.0469630655251885E-001 -1.0000000000000000E+000 -1.0000000000000000E+000 -1.0000000000000000E+000 -1.0000000000000000E+000
 -1.0000000000000000E+000 -1.0000000000000000E+000 -1.0000000000000000E+000 -1.0000000000000000E+000 -1.0000000000000000E+000
 -1.0000000000000000E+000 -1.0000000000000000E+000 -1.0000000000000000E+000 -1.0000000000000000E+000 -1.0000000000000000E+000
 -1.0000000000000000E+000 -1.0000000000000000E+000 -1.0000000000000000E+000 -1.0000000000000000E+000 -1.0000000000000000E+000
 -1.0000000000000000E+000 -1.0000000000000000E+000 -1.0000000000000000E+000 -1.0000000000000000E+000 -1.0000000000000000E+000
 -1.0000000000000000E+000 -1.0000000000000000E+000 -1.0000000000000000E+000 -1.0000000000000000E+000 -1.0000000000000000E+000
 -1.0000000000000000E+000 -1.0000000000000000E+000 -1.0000000000000000E+000 -1.0000000000000000E+000 -1.0000000000000000E+000
 -1.0000000000000000E+000 -1.0000000000000000E+000 -1.0000000000000000E+000 -1.0000000000000000E+000 -1.0000000000000000E+000
 -1.0000000000000000E+000 -1.0000000000000000E+000 -1.0000000000000000E+000 -1.0000000000000000E+000 -1.0000000000000000E+000
 -1.0000000000000000E+000 -1.0000000000000000E+000 -1.0000000000000000E+000  1.9221196505963986E-001  5.0995925689954935E-001
  6.0896400733065148E-001  6.5820369491052555E-001  6.8165140956196779E-001  6.8894944226007682E-001  6.7815318594232876E-001
  6.4717088049827187E-001  5.8599616844003299E-001  4.6059277014210692E-001 -1.0000000000000000E+000 -1.0000000000000000E+000
 -1.0000000000000000E+000 -1.0000000000000000E+000 -1.0000000000000000E+000 -1.0000000000000000E+000 -1.0000000000000000E+000
 -1.0000000000000000E+000 -1.0000000000000000E+000 -1.0000000000000000E+000 -1.0000000000000000E+000 -1.0000000000000000E+000
 -1.0000000000000000E+000 -1.0000000000000000E+000 -1.0000000000000000E+000 -1.0000000000000000E+000 -1.0000000000000000E+000
 -1.0000000000000000E+000 -1.0000000000000000E+000 -1.0000000000000000E+000 -1.0000000000000000E+000 -1.0000000000000000E+000
 -1.0000000000000000E+000 -1.0000000000000000E+000 -1.0000000000000000E+000 -1.0000000000000000E+000 -1.0000000000000000E+000
 -1.0000000000000000E+000 -1.0000000000000000E+000 -1.0000000000000000E+000 -1.0000000000000000E+000
BLOCK 116   1.4466976658911644E+001
 -1.0000000000000000E+000 -1.0000000000000000E+000 -1.0000000000000000E+000 -1.0000000000000000E+000 -1.0000000000000000E+000
 -1.0000000000000000E+000 -1.0000000000000000E+000 -1.0000000000000000E+000 -1.0000000000000000E+000 -1.0000000000000000E+000
 -1.0000000000000000E+000 -1.0000000000000000E+000 -1.0000000000000000E+000 -1.0000000000000000E+000 -1.0000000000000000E+000
 -1.0000000000000000E+000  3.0234575156216803E-001  7.2939853699829027E-001  9.8685120123705805E-001  1.1837577146306515E+000
  1.3472965499138954E+000  1.4919286594077070E+000  1.6257992279516373E+000  1.7493898867864714E+000  1.8614717248113903E+000
  1.9563570021064276E+000  2.0396456409537045E+000  2.1090558571049303E+000  2.1670848986701938E+000  2.2144932273922797E+000
  2.2539976282310481E+000  2.2853686169772924E+000  2.3096384892043753E+000  2.3274636858711535E+000  2.3394273089714384E+000
  2.3455526771313111E+000  2.3455595712356980E+000  2.3394489951775075E+000  2.3274985523706091E+000  2.3096787574304898E+000
  2.2854264456557196E+000  2.2540653217664288E+000  2.2145697056497906E+000  2.1671676466928300E+000  2.1091424851994365E+000
  2.0397392700804757E+000  1.9564752849841041E+000  1.8616263727928848E+000  1.7496045356787626E+000  1.6261096348439226E+000
  1.4923300705542970E+000  1.3477873539638079E+000  1.1843238077072713E+000  9.8745521988864149E-001  7.3003985637456026E-001
  3.0384704682020208E-001 -1.0000000000000000E+000 -1.0000000000000000E+000 -1.0000000000000000E+000 -1.0000000000000000E+000
 -1.0000000000000000E+000 -1.0000000000000000E+000 -1.0000000000000000E+000 -1.0000000000000000E+000 -1.0000000000000000E+000
 -1.0000000000000000E+000 -1.0000000000000000E+000 -1.0000000000000000E+000 -1.0000000000000000E+000 -1.0000000000000000E+000
 -1.0000000000000000E+000 -1.0000000000000000E+000 -1.0000000000000000E+000 -1.0000000000000000E+000 -1.0000000000000000E+000
 -1.0000000000000000E+000 -1.0000000000000000E+000 -1.0000000000000000E+000 -1.0000000000000000E+000 -1.0000000000000000E+000
 -1.0000000000000000E+000 -1.0000000000000000E+000 -1.0000000000000000E+000 -1.0000000000000000E+000 -1.0000000000000000E+000
 -1.0000000000000000E+000 -1.0000000000000000E+000 -1.0000000000000000E+000 -1.0000000000000000E+000 -1.0000000000000000E+000
 -1.0000000000000000E+000 -1.0000000000000000E+000 -1.0000000000000000E+000 -1.0000000000000000E+000 -1.0000000000000000E+000
 -1.0000000000000000E+000 -1.0000000000000000E+000 -1.0000000000000000E+000 -1.0000000000000000E+000 -1.0000000000000000E+000
 -1.0000000000000000E+000 -1.0000000000000000E+000 -1.0000000000000000E+000 -1.0000000000000000E+000  5.3064363255376112E-001
  6.1026658322454741E-001  6.5126064902850445E-001  6.7204815007783436E-001  6.7763762116210746E-001  6.6944804090535570E-001
  6.4506335515403312E-001  5.9919661623734055E-001  5.1150369467518020E-001 -1.0000000000000000E+000 -1.0000000000000000E+000
 -1.0000000000000000E+000 -1.0000000000000000E+000 -1.0000000000000000E+000 -1.0000000000000000E+000 -1.0000000000000000E+000
 -1.0000000000000000E+000 -1.0000000000000000E+000 -1.0000000000000000E+000 -1.0000000000000000E+000 -1.0000000000000000E+000
 -1.0000000000000000E+000 -1.0000000000000000E+000 -1.0000000000000000E+000 -1.0000000000000000E+000 -1.0000000000000000E+000
 -1.0000000000000000E+000 -1.0000000000000000E+000 -1.0000000000000000E+000 -1.0000000000000000E+000 -1.0000000000000000E+000
 -1.0000000000000000E+000 -1.0000000000000000E+000 -1.0000000000000000E+000 -1.0000000000000000E+000 -1.0000000000000000E+000
 -1.0000000000000000E+000 -1.0000000000000000E+000 -1.0000000000000000E+000 -1.0000000000000000E+000
BLOCK 117   1.4592776455945689E+001
 -1.0000000000000000E+000 -1.0000000000000000E+000 -1.0000000000000000E+000 -1.0000000000000000E+000 -1.0000000000000000E+000
 -1.0000000000000000E+000 -1.0000000000000000E+000 -1.0000000000000000E+000 -1.0000000000000000E+000 -1.0000000000000000E+000
 -1.0000000000000000E+000 -1.0000000000000000E+000 -1.0000000000000000E+000 -1.0000000000000000E+000 -1.0000000000000000E+000
 -1.0000000000000000E+000 -1.0000000000000000E+000  6.3234252652529610E-001  9.1846632844127440E-001  1.1292506136129494E+000
  1.3168109566988568E+000  1.4932315049961362E+000  1.6538571966102595E+000  1.7893956396176061E+000  1.8995091037102361E+000
  1.9897268818406988E+000  2.0633800087947090E+000  2.1248736907260253E+000  2.1761722311710168E+000  2.2187187801689241E+000
  2.2528704482229522E+000  2.2814994974246909E+000  2.3031479878682091E+000  2.3190130852260480E+000  2.3294676644819394E+000
  2.3346563325236764E+000  2.3346710496492542E+000  2.3295104659173771E+000  2.3190832804094930E+000  2.3032499250042808E+000
  2.2816382806209461E+000  2.2530131649977787E+000  2.2189166290929689E+000  2.1763818613716288E+000  2.1251082686294485E+000
  2.0636325131072679E+000  1.9899853415760942E+000  1.8997767197402666E+000  1.7896470972485521E+000  1.6541265924942561E+000
  1.4935890761324866E+000  1.3172658062706946E+000  1.1297749455421864E+000  9.1906218607678614E-001  6.3308566506059438E-001
 -1.0000000000000000E+000 -1.0000000000000000E+000 -1.0000000000000000E+000 -1.0000000000000000E+000 -1.0000000000000000E+000
 -1.0000000000000000E+000 -1.0000000000000000E+000 -1.0000000000000000E+000 -1.0000000000000000E+000 -1.0000000000000000E+000
 -1.0000000000000000E+000 -1.0000000000000000E+000 -1.0000000000000000E+000 -1.0000000000000000E+000 -1.0000000000000000E+000
 -1.0000000000000000E+000 -1.0000000000000000E+000 -1.0000000000000000E+000 -1.0000000000000000E+000 -1.0000000000000000E+000
 -1.0000000000000000E+000 -1.0000000000000000E+000 -1.0000000000000000E+000 -1.0000000000000000E+000 -1.0000000000000000E+000
 -1.0000000000000000E+000 -1.0000000000000000E+000 -1.0000000000000000E+000 -1.0000000000000000E+000 -1.0000000000000000E+000
 -1.0000000000000000E+000 -1.0000000000000000E+000 -1.0000000000000000E+000 -1.0000000000000000E+000 -1.0000000000000000E+000
 -1.0000000000000000E+000 -1.0000000000000000E+000 -1.0000000000000000E+000 -1.0000000000000000E+000 -1.0000000000000000E+000
 -1.0000000000000000E+000 -1.0000000000000000E+000 -1.0000000000000000E+000 -1.0000000000000000E+000 -1.0000000000000000E+000
  1.1356781247923520E-001  2.4627150520092028E-001  3.3650274899044885E-001  4.0893643010776315E-001  4.7161879179666083E-001
  5.2097983215493460E-001  5.5584731292458367E-001  5.7751953280201918E-001  5.8689607574520497E-001  5.8269068704979987E-001
  5.6600653445233018E-001  5.3804455564436215E-001  4.9512617270472120E-001  4.3708443357001331E-001  3.6686807727605930E-001
  2.8625741975469932E-001  1.7005288397178292E-001 -1.0000000000000000E+000 -1.0000000000000000E+000 -1.0000000000000000E+000
 -1.0000000000000000E+000 -1.0000000000000000E+000 -1.0000000000000000E+000 -1.0000000000000000E+000 -1.0000000000000000E+000
 -1.0000000000000000E+000 -1.0000000000000000E+000 -1.0000000000000000E+000 -1.0000000000000000E+000 -1.0000000000000000E+000
 -1.0000000000000000E+000 -1.0000000000000000E+000 -1.0000000000000000E+000 -1.0000000000000000E+000 -1.0000000000000000E+000
 -1.0000000000000000E+000 -1.0000000000000000E+000 -1.0000000000000000E+000 -1.0000000000000000E+000 -1.0000000000000000E+000
 -1.0000000000000000E+000 -1.0000000000000000E+000 -1.0000000000000000E+000 -1.0000000000000000E+000
BLOCK 118   1.4718576252979734E+001
 -1.0000000000000000E+000 -1.0000000000000000E+000 -1.0000000000000000E+000 -1.0000000000000000E+000 -1.0000000000000000E+000
 -1.0000000000000000E+000 -1.0000000000000000E+000 -1.0000000000000000E+000 -1.0000000000000000E+000 -1.0000000000000000E+000
 -1.0000000000000000E+000 -1.0000000000000000E+000 -1.0000000000000000E+000 -1.0000000000000000E+000 -1.0000000000000000E+000
 -1.0000000000000000E+000 -1.0000000000000000E+000  5.2566587514097718E-001  8.4638275282428177E-001  1.1054728614522231E+000
  1.3560103915985509E+000  1.5653028002396914E+000  1.7216466040260887E+000  1.8395947997272013E+000  1.9336210776059228E+000
  2.0097426562125547E+000  2.0731753499841088E+000  2.1261602523199037E+000  2.1706305409620672E+000  2.2071887835794013E+000
  2.2379460117953842E+000  2.2625101463169268E+000  2.2818606263233003E+000  2.2961386577337173E+000  2.3055126460372537E+000
  2.3101772420438733E+000  2.3102001357331017E+000  2.3055713729393301E+000  2.2962282796331834E+000  2.2819917554661839E+000
  2.2626800390137678E+000  2.2381613417328712E+000  2.2073888688316736E+000  2.1709275583018401E+000  2.1264705040864742E+000
  2.0735185890074712E+000  2.0101088704844572E+000  1.9340081656921484E+000  1.8400078580331507E+000  1.7220134098855173E+000
  1.5656259472745930E+000  1.3562955004848529E+000  1.1059584604177033E+000  8.4702241998450700E-001  5.2665535969031141E-001
 -1.0000000000000000E+000 -1.0000000000000000E+000 -1.0000000000000000E+000 -1.0000000000000000E+000 -1.0000000000000000E+000
 -1.0000000000000000E+000 -1.0000000000000000E+000 -1.0000000000000000E+000 -1.0000000000000000E+000 -1.0000000000000000E+000
 -1.0000000000000000E+000 -1.0000000000000000E+000 -1.0000000000000000E+000 -1.0000000000000000E+000 -1.0000000000000000E+000
 -1.0000000000000000E+000 -1.0000000000000000E+000 -1.0000000000000000E+000 -1.0000000000000000E+000 -1.0000000000000000E+000
 -1.0000000000000000E+000 -1.0000000000000000E+000 -1.0000000000000000E+000 -1.0000000000000000E+000 -1.0000000000000000E+000
 -1.0000000000000000E+000 -1.0000000000000000E+000 -1.0000000000000000E+000 -1.0000000000000000E+000 -1.0000000000000000E+000
 -1.0000000000000000E+000 -1.0000000000000000E+000 -1.0000000000000000E+000 -1.0000000000000000E+000 -1.0000000000000000E+000
 -1.0000000000000000E+000 -1.0000000000000000E+000 -1.0000000000000000E+000 -1.0000000000000000E+000 -1.0000000000000000E+000
 -1.0000000000000000E+000 -1.0000000000000000E+000  4.2119395346231561E-002  2.1467499876055829E-001  2.8942934913381663E-001
  3.3893368117725342E-001  3.7435021119417239E-001  3.9950694513329604E-001  4.1885903783883693E-001  4.3387438317738442E-001
  4.4525740686190196E-001  4.5338602724317606E-001  4.5899372409440437E-001  4.6254023659059001E-001  4.6390310601672918E-001
  4.6252142942442975E-001  4.5858259052349748E-001  4.5167657369004660E-001  4.4095728652426575E-001  4.2480237067210613E-001
  4.0257521499864879E-001  3.7238128379744750E-001  3.3043811964512410E-001  2.6715103139709484E-001  1.5917384565848811E-001
 -1.0000000000000000E+000 -1.0000000000000000E+000 -1.0000000000000000E+000 -1.0000000000000000E+000 -1.0000000000000000E+000
 -1.0000000000000000E+000 -1.0000000000000000E+000 -1.0000000000000000E+000 -1.0000000000000000E+000 -1.0000000000000000E+000
 -1.0000000000000000E+000 -1.0000000000000000E+000 -1.0000000000000000E+000 -1.0000000000000000E+000 -1.0000000000000000E+000
 -1.0000000000000000E+000 -1.0000000000000000E+000 -1.0000000000000000E+000 -1.0000000000000000E+000 -1.0000000000000000E+000
 -1.0000000000000000E+000 -1.0000000000000000E+000 -1.0000000000000000E+000 -1.0000000000000000E+000
BLOCK 119   1.4844376050013778E+001
 -1.0000000000000000E+000 -1.0000000000000000E+000 -1.0000000000000000E+000 -1.0000000000000000E+000 -1.0000000000000000E+000
 -1.0000000000000000E+000 -1.0000000000000000E+000 -1.0000000000000000E+000 -1.0000000000000000E+000 -1.0000000000000000E+000
 -1.0000000000000000E+000 -1.0000000000000000E+000 -1.0000000000000000E+000 -1.0000000000000000E+000 -1.0000000000000000E+000
 -1.0000000000000000E+000 -1.0000000000000000E+000  3.7459003305117644E-001  7.9355958524568904E-001  1.2147351345344894E+000
  1.4876974089200492E+000  1.6566427683650018E+000  1.7774454129455015E+000  1.8716521446774308E+000  1.9487531914475451E+000
  2.0130201718950924E+000  2.0672318180003972E+000  2.1133019879735402E+000  2.1520777321084612E+000  2.1848372611444433E+000
  2.2119836410352995E+000  2.2340078576501892E+000  2.2512666187458445E+000  2.2639969419812531E+000  2.2723446239380869E+000
  2.2765871072467450E+000  2.2766116101105678E+000  2.2724072956815626E+000  2.2640938014023693E+000  2.2514041686166153E+000
  2.2341825597178246E+000  2.2121910130289888E+000  2.1850817929151773E+000  2.1523611876725757E+000  2.1136081677216865E+000
  2.0675897208980856E+000  2.0134134830327826E+000  1.9491786754958342E+000  1.8721068636140483E+000  1.7779450264135268E+000
  1.6571176055602617E+000  1.4881391919595539E+000  1.2150322152901274E+000  7.9435113695251758E-001  3.7575602653519613E-001
 -1.0000000000000000E+000 -1.0000000000000000E+000 -1.0000000000000000E+000 -1.0000000000000000E+000 -1.0000000000000000E+000
 -1.0000000000000000E+000 -1.0000000000000000E+000 -1.0000000000000000E+000 -1.0000000000000000E+000 -1.0000000000000000E+000
 -1.0000000000000000E+000 -1.0000000000000000E+000 -1.0000000000000000E+000 -1.0000000000000000E+000 -1.0000000000000000E+000
 -1.0000000000000000E+000 -1.0000000000000000E+000 -1.0000000000000000E+000 -1.0000000000000000E+000 -1.0000000000000000E+000
 -1.0000000000000000E+000 -1.0000000000000000E+000 -1.0000000000000000E+000 -1.0000000000000000E+000 -1.0000000000000000E+000
 -1.0000000000000000E+000 -1.0000000000000000E+000 -1.0000000000000000E+000 -1.0000000000000000E+000 -1.0000000000000000E+000
 -1.0000000000000000E+000 -1.0000000000000000E+000 -1.0000000000000000E+000 -1.0000000000000000E+000 -1.0000000000000000E+000
 -1.0000000000000000E+000 -1.0000000000000000E+000 -1.0000000000000000E+000 -1.0000000000000000E+000 -1.0000000000000000E+000
 -1.0000000000000000E+000  1.7035673974763318E-001  2.5106088174499719E-001  3.0201468593341529E-001  3.3739211174703621E-001
  3.6281206007881694E-001  3.8093905248381471E-001  3.9235613929759033E-001  3.9906470114419801E-001  4.0267764856647492E-001
  4.0514355882950764E-001  4.0703475976226033E-001  4.0810846997743255E-001  4.0874851352597724E-001  4.0944790503193329E-001
  4.1038510348986934E-001  4.1095141834893051E-001  4.1034431340096578E-001  4.0788702716874597E-001  4.0362052751020361E-001
  3.9690465971846428E-001  3.8521234798093679E-001  3.6695937638178416E-001  3.4176957474094682E-001  3.0689521148409249E-001
  2.5746914615388417E-001  1.8003160980199209E-001 -1.0000000000000000E+000 -1.0000000000000000E+000 -1.0000000000000000E+000
 -1.0000000000000000E+000 -1.0000000000000000E+000 -1.0000000000000000E+000 -1.0000000000000000E+000 -1.0000000000000000E+000
 -1.0000000000000000E+000 -1.0000000000000000E+000 -1.0000000000000000E+000 -1.0000000000000000E+000 -1.0000000000000000E+000
 -1.0000000000000000E+000 -1.0000000000000000E+000 -1.0000000000000000E+000 -1.0000000000000000E+000 -1.0000000000000000E+000
 -1.0000000000000000E+000 -1.0000000000000000E+000 -1.0000000000000000E+000 -1.0000000000000000E+000
BLOCK 120   1.4970175847047823E+001
 -1.0000000000000000E+000 -1.0000000000000000E+000 -1.0000000000000000E+000 -1.0000000000000000E+000 -1.0000000000000000E+000
 -1.0000000000000000E+000 -1.0000000000000000E+000 -1.0000000000000000E+000 -1.0000000000000000E+000 -1.0000000000000000E+000
 -1.0000000000000000E+000 -1.0000000000000000E+000 -1.0000000000000000E+000 -1.0000000000000000E+000 -1.0000000000000000E+000
 -1.0000000000000000E+000 -1.0000000000000000E+000 -1.0000000000000000E+000  1.0600737906968278E+000  1.4190097915759834E+000
  1.5921348809097333E+000  1.7116488936105034E+000  1.8051258288309227E+000  1.8823164099174694E+000  1.9472666969618979E+000
  2.0025058221709768E+000  2.0498193409310543E+000  2.0903101714265402E+000  2.1249525002948708E+000  2.1542750443065408E+000
  2.1787054686047940E+000  2.1986027281315117E+000  2.2142477921432255E+000  2.2258287549352356E+000  2.2334858132734978E+000
  2.2372971679785083E+000  2.2373133615239120E+000  2.2335369837509420E+000  2.2259117487947209E+000  2.2143662885144750E+000
  2.1987585742050544E+000  2.1788972371581896E+000  2.1545030725031813E+000  2.1252169855386551E+000  2.0906123476534502E+000
  2.0501403264333957E+000  2.0028750472726542E+000  1.9476722456384612E+000  1.8827600972302831E+000  1.8056052960944571E+000
  1.7121921923006527E+000  1.5927478894647917E+000  1.4196103692100153E+000  1.0605688384549701E+000 -1.0000000000000000E+000
 -1.0000000000000000E+000 -1.0000000000000000E+000 -1.0000000000000000E+000 -1.0000000000000000E+000 -1.0000000000000000E+000
 -1.0000000000000000E+000 -1.0000000000000000E+000 -1.0000000000000000E+000 -1.0000000000000000E+000 -1.0000000000000000E+000
 -1.0000000000000000E+000 -1.0000000000000000E+000 -1.0000000000000000E+000 -1.0000000000000000E+000 -1.0000000000000000E+000
 -1.0000000000000000E+000 -1.0000000000000000E+000 -1.0000000000000000E+000 -1.0000000000000000E+000 -1.0000000000000000E+000
 -1.0000000000000000E+000 -1.0000000000000000E+000 -1.0000000000000000E+000 -1.0000000000000000E+000 -1.0000000000000000E+000
 -1.0000000000000000E+000 -1.0000000000000000E+000 -1.0000000000000000E+000 -1.0000000000000000E+000 -1.0000000000000000E+000
 -1.0000000000000000E+000 -1.0000000000000000E+000 -1.0000000000000000E+000 -1.0000000000000000E+000 -1.0000000000000000E+000
 -1.0000000000000000E+000 -1.0000000000000000E+000 -1.0000000000000000E+000 -1.0000000000000000E+000 -1.0000000000000000E+000
 -1.0000000000000000E+000  1.7884049740725755E-001  2.5536659096457637E-001  3.0356071931234213E-001  3.3706742493862341E-001
  3.6099685530378522E-001  3.7727159678264344E-001  3.8918989271247456E-001  3.9623460519395087E-001  4.0055620903267392E-001
  4.0291168588927317E-001  4.0365674918383515E-001  4.0327926532331709E-001  4.0254135826594484E-001  4.0187745965781113E-001
  4.0118765318581362E-001  4.0053199423669222E-001  3.9973884191268527E-001  3.9798034864180970E-001  3.9482181327709426E-001
  3.8959729434112350E-001  3.8109242370047630E-001  3.6783811956688323E-001  3.4899466547871216E-001  3.2217945181701868E-001
  2.8682385118551579E-001  2.3427939680904963E-001  1.4184888481575703E-001 -1.0000000000000000E+000 -1.0000000000000000E+000
 -1.0000000000000000E+000 -1.0000000000000000E+000 -1.0000000000000000E+000 -1.0000000000000000E+000 -1.0000000000000000E+000
 -1.0000000000000000E+000 -1.0000000000000000E+000 -1.0000000000000000E+000 -1.0000000000000000E+000 -1.0000000000000000E+000
 -1.0000000000000000E+000 -1.0000000000000000E+000 -1.0000000000000000E+000 -1.0000000000000000E+000 -1.0000000000000000E+000
 -1.0000000000000000E+000 -1.0000000000000000E+000 -1.0000000000000000E+000 -1.0000000000000000E+000
BLOCK 121   1.5095975641553085E+001
 -1.0000000000000000E+000 -1.0000000000000000E+000 -1.0000000000000000E+000 -1.0000000000000000E+000 -1.0000000000000000E+000
 -1.0000000000000000E+000 -1.0000000000000000E+000 -1.0000000000000000E+000 -1.0000000000000000E+000 -1.0000000000000000E+000
 -1.0000000000000000E+000 -1.0000000000000000E+000 -1.0000000000000000E+000 -1.0000000000000000E+000 -1.0000000000000000E+000
 -1.0000000000000000E+000 -1.0000000000000000E+000 -1.0000000000000000E+000  1.3552513493679017E+000  1.5243516010313154E+000
  1.6415027753175149E+000  1.7348966181760375E+000  1.8125444401009716E+000  1.8781148149105000E+000  1.9341263831637583E+000
  1.9824547194168090E+000  2.0238406354794973E+000  2.0604960529319829E+000  2.0917057154685281E+000  2.1182344438530385E+000
  2.1403958814903392E+000  2.1586868569433517E+000  2.1730455546546743E+000  2.1837099427407107E+000  2.1907342546530408E+000
  2.1942624097049448E+000  2.1942770741351922E+000  2.1907772553234568E+000  2.1837826142377321E+000  2.1731459137609406E+000
  2.1588153411191651E+000  2.1406383304279979E+000  2.1184238946461864E+000  2.0919274012550417E+000  2.0607503561731897E+000
  2.0241092017310947E+000  1.9827835996136152E+000  1.9344917792953107E+000  1.8785224342848386E+000  1.8129977798836359E+000
  1.7353897461922141E+000  1.6420671481442106E+000  1.5250195731775555E+000  1.3560076295610606E+000 -1.0000000000000000E+000
 -1.0000000000000000E+000 -1.0000000000000000E+000 -1.0000000000000000E+000 -1.0000000000000000E+000 -1.0000000000000000E+000
 -1.0000000000000000E+000 -1.0000000000000000E+000 -1.0000000000000000E+000 -1.0000000000000000E+000 -1.0000000000000000E+000
 -1.0000000000000000E+000 -1.0000000000000000E+000 -1.0000000000000000E+000 -1.0000000000000000E+000 -1.0000000000000000E+000
 -1.0000000000000000E+000 -1.0000000000000000E+000 -1.0000000000000000E+000 -1.0000000000000000E+000 -1.0000000000000000E+000
 -1.0000000000000000E+000 -1.0000000000000000E+000 -1.0000000000000000E+000 -1.0000000000000000E+000 -1.0000000000000000E+000
 -1.0000000000000000E+000 -1.0000000000000000E+000 -1.0000000000000000E+000 -1.0000000000000000E+000 -1.0000000000000000E+000
 -1.0000000000000000E+000 -1.0000000000000000E+000 -1.0000000000000000E+000 -1.0000000000000000E+000 -1.0000000000000000E+000
 -1.0000000000000000E+000 -1.0000000000000000E+000 -1.0000000000000000E+000 -1.0000000000000000E+000 -1.0000000000000000E+000
 -1.0000000000000000E+000 -1.0000000000000000E+000  1.0780789986406780E-001  2.3366600481325228E-001  2.9999566082770440E-001
  3.4514005805867121E-001  3.7546372808500589E-001  3.9679866938354785E-001  4.1176089352631512E-001  4.2182975315255455E-001
  4.2754192256858975E-001  4.3048792330915414E-001  4.3152012640572407E-001  4.3113494040463701E-001  4.2993134609243072E-001
  4.2800484943900513E-001  4.2540971693480600E-001  4.2205760404018822E-001  4.1761362135561270E-001  4.1178928071019261E-001
  4.0238062149671844E-001  3.9009912315860940E-001  3.7099766082825525E-001  3.4220834598319855E-001  3.0133116298834739E-001
  2.4310342537613350E-001  1.5018923925312444E-001 -1.0000000000000000E+000 -1.0000000000000000E+000 -1.0000000000000000E+000
 -1.0000000000000000E+000 -1.0000000000000000E+000 -1.0000000000000000E+000 -1.0000000000000000E+000 -1.0000000000000000E+000
 -1.0000000000000000E+000 -1.0000000000000000E+000 -1.0000000000000000E+000 -1.0000000000000000E+000 -1.0000000000000000E+000
 -1.0000000000000000E+000 -1.0000000000000000E+000 -1.0000000000000000E+000 -1.0000000000000000E+000 -1.0000000000000000E+000
 -1.0000000000000000E+000 -1.0000000000000000E+000 -1.0000000000000000E+000 -1.0000000000000000E+000
BLOCK 122   1.5095975641553100E+001
 -1.0000000000000000E+000 -1.0000000000000000E+000 -1.0000000000000000E+000 -1.0000000000000000E+000 -1.0000000000000000E+000
 -1.0000000000000000E+000 -1.0000000000000000E+000 -1.0000000000000000E+000 -1.0000000000000000E+000 -1.0000000000000000E+000
 -1.0000000000000000E+000 -1.0000000000000000E+000 -1.0000000000000000E+000 -1.0000000000000000E+000 -1.0000000000000000E+000
 -1.0000000000000000E+000 -1.0000000000000000E+000 -1.0000000000000000E+000  1.3552513493679017E+000  1.5243516010313154E+000
  1.6415027753175149E+000  1.7348966181760375E+000  1.8125444401009716E+000  1.8781148149105000E+000  1.9341263831637583E+000
  1.9824547194168090E+000  2.0238406354794973E+000  2.0604960529319829E+000  2.0917057154685281E+000  2.1182344438530385E+000
  2.1403958814903392E+000  2.1586868569433517E+000  2.1730455546546743E+000  2.1837099427407107E+000  2.1907342546530408E+000
  2.1942624097049448E+000  2.1942770741351922E+000  2.1907772553234568E+000  2.1837826142377321E+000  2.1731459137609406E+000
  2.1588153411191651E+000  2.1406383304279979E+000  2.1184238946461864E+000  2.0919274012550417E+000  2.0607503561731897E+000
  2.0241092017310947E+000  1.9827835996136152E+000  1.9344917792953107E+000  1.8785224342848386E+000  1.8129977798836359E+000
  1.7353897461922141E+000  1.6420671481442106E+000  1.5250195731775555E+000  1.3560076295610606E+000 -1.0000000000000000E+000
 -1.0000000000000000E+000 -1.0000000000000000E+000 -1.0000000000000000E+000 -1.0000000000000000E+000 -1.0000000000000000E+000
 -1.0000000000000000E+000 -1.0000000000000000E+000 -1.0000000000000000E+000 -1.0000000000000000E+000 -1.0000000000000000E+000
 -1.0000000000000000E+000 -1.0000000000000000E+000 -1.0000000000000000E+000 -1.0000000000000000E+000 -1.0000000000000000E+000
 -1.0000000000000000E+000 -1.0000000000000000E+000 -1.0000000000000000E+000 -1.0000000000000000E+000 -1.0000000000000000E+000
 -1.0000000000000000E+000 -1.0000000000000000E+000 -1.0000000000000000E+000 -1.0000000000000000E+000 -1.0000000000000000E+000
 -1.0000000000000000E+000 -1.0000000000000000E+000 -1.0000000000000000E+000 -1.0000000000000000E+000 -1.0000000000000000E+000
 -1.0000000000000000E+000 -1.0000000000000000E+000 -1.0000000000000000E+000 -1.0000000000000000E+000 -1.0000000000000000E+000
 -1.0000000000000000E+000 -1.0000000000000000E+000 -1.0000000000000000E+000 -1.0000000000000000E+000 -1.0000000000000000E+000
 -1.0000000000000000E+000 -1.0000000000000000E+000  1.0780789986406780E-001  2.3366600481325228E-001  2.9999566082770440E-001
  3.4514005805867121E-001  3.7546372808500589E-001  3.9679866938354785E-001  4.1176089352631512E-001  4.2182975315255455E-001
  4.2754192256858975E-001  4.3048792330915414E-001  4.3152012640572407E-001  4.3113494040463701E-001  4.2993134609243072E-001
  4.2800484943900513E-001  4.2540971693480600E-001  4.2205760404018822E-001  4.1761362135561270E-001  4.1178928071019261E-001
  4.0238062149671844E-001  3.9009912315860940E-001  3.7099766082825525E-001  3.4220834598319855E-001  3.0133116298834739E-001
  2.4310342537613350E-001  1.5018923925312444E-001 -1.0000000000000000E+000 -1.0000000000000000E+000 -1.0000000000000000E+000
 -1.0000000000000000E+000 -1.0000000000000000E+000 -1.0000000000000000E+000 -1.0000000000000000E+000 -1.0000000000000000E+000
 -1.0000000000000000E+000 -1.0000000000000000E+000 -1.0000000000000000E+000 -1.0000000000000000E+000 -1.0000000000000000E+000
 -1.0000000000000000E+000 -1.0000000000000000E+000 -1.0000000000000000E+000 -1.0000000000000000E+000 -1.0000000000000000E+000
 -1.0000000000000000E+000 -1.0000000000000000E+000 -1.0000000000000000E+000 -1.0000000000000000E+000
END
