# LSA profile bundle v1
WAVELENGTH   1.0471975510000000E+001
NZ 88
NBLOCKS 124
Z
  5.9499860852272726E-002  1.7849958255681819E-001  2.9749930426136362E-001  4.1649902596590915E-001  5.3549874767045447E-001
  6.5449846937500000E-001  7.7349819107954543E-001  8.9249791278409096E-001  1.0114976344886364E+000  1.1304973561931819E+000
  1.2494970778977272E+000  1.3684967996022728E+000  1.4874965213068181E+000  1.6064962430113636E+000  1.7254959647159092E+000
  1.8444956864204547E+000  1.9634954081250000E+000  2.0824951298295455E+000  2.2014948515340911E+000  2.3204945732386366E+000
  2.4394942949431817E+000  2.5584940166477272E+000  2.6774937383522728E+000  2.7964934600568183E+000  2.9154931817613634E+000
  3.0344929034659089E+000  3.1534926251704545E+000  3.2724923468749996E+000  3.3914920685795455E+000  3.5104917902840911E+000
  3.6294915119886366E+000  3.7484912336931817E+000  3.8674909553977272E+000  3.9864906771022728E+000  4.1054903988068183E+000
  4.2244901205113630E+000  4.3434898422159094E+000  4.4624895639204549E+000  4.5814892856250005E+000  4.7004890073295451E+000
  4.8194887290340906E+000  4.9384884507386362E+000  5.0574881724431817E+000  5.1764878941477273E+000  5.2954876158522728E+000
  5.4144873375568183E+000  5.5334870592613639E+000  5.6524867809659094E+000  5.7714865026704549E+000  5.8904862243749996E+000
  6.0094859460795451E+000  6.1284856677840907E+000  6.2474853894886362E+000  6.3664851111931817E+000  6.4854848328977264E+000
  6.6044845546022719E+000  6.7234842763068192E+000  6.8424839980113639E+000  6.9614837197159094E+000  7.0804834414204549E+000
  7.1994831631250005E+000  7.3184828848295460E+000  7.4374826065340907E+000  7.5564823282386362E+000  7.6754820499431817E+000
  7.7944817716477273E+000  7.9134814933522728E+000  8.0324812150568174E+000  8.1514809367613630E+000  8.2704806584659085E+000
  8.3894803801704541E+000  8.5084801018749996E+000  8.6274798235795469E+000  8.7464795452840907E+000  8.8654792669886362E+000
  8.9844789886931817E+000  9.1034787103977273E+000  9.2224784321022728E+000  9.3414781538068183E+000  9.4604778755113639E+000
  9.5794775972159094E+000  9.6984773189204549E+000  9.8174770406250005E+000  9.9364767623295460E+000  1.0055476484034090E+001
  1.0174476205738635E+001  1.0293475927443181E+001  1.0412475649147726E+001
BLOCK 1   0.0000000000000000E+000
  1.0003611142443449E+000  1.0021373066314134E+000  1.0035500741826158E+000  1.0049447513687972E+000  1.0063142312347768E+000
  1.0076515352251654E+000  1.0089498487453386E+000  1.0102025558876015E+000  1.0114032731435312E+000  1.0125458819333848E+000
  1.0136245597848541E+000  1.0146338100030443E+000  1.0155684896803678E+000  1.0164238359036191E+000  1.0171954900246845E+000
  1.0178795198712101E+000  1.0184724397840470E+000  1.0189712283793693E+000  1.0193733439449493E+000  1.0196767373921383E+000
  1.0198798626975509E+000  1.0199816847813639E+000  1.0199816847813636E+000  1.0198798626975505E+000  1.0196767373921380E+000
  1.0193733439449488E+000  1.0189712283793686E+000  1.0184724397840459E+000  1.0178795198712087E+000  1.0171954900246831E+000
  1.0164238359036175E+000  1.0155684896803663E+000  1.0146338100030423E+000  1.0136245597848523E+000  1.0125458819333826E+000
  1.0114032731435290E+000  1.0102025558875996E+000  1.0089498487453363E+000  1.0076515352251629E+000  1.0063142312347744E+000
  1.0049447513687948E+000  1.0035500741826133E+000  1.0021373066314108E+000  1.0003611142444129E+000  9.9963888592074446E-001
  9.9786269371135539E-001  9.9644992615348471E-001  9.9505524895747088E-001  9.9368576907869322E-001  9.9234846507280039E-001
  9.9105015153458942E-001  9.8979744437238859E-001  9.8859672709490354E-001  9.8745411828231588E-001  9.8637544040739800E-001
  9.8536619016552296E-001  9.8443151046476085E-001  9.8357616421879535E-001  9.8280451007620229E-001  9.8212048020977361E-001
  9.8152756027906307E-001  9.8102877166825952E-001  9.8062665608990562E-001  9.8032326263276426E-001  9.8012013732068337E-001
  9.8001831523362248E-001  9.8001831523362248E-001  9.8012013732068315E-001  9.8032326263276370E-001  9.8062665608990485E-001
  9.8102877166825886E-001  9.8152756027906207E-001  9.8212048020977238E-001  9.8280451007620084E-001  9.8357616421879357E-001
  9.8443151046475907E-001  9.8536619016552107E-001  9.8637544040739600E-001  9.8745411828231378E-001  9.8859672709490143E-001
  9.8979744437238659E-001  9.9105015153458720E-001  9.9234846507279806E-001  9.9368576907869066E-001  9.9505524895746855E-001
  9.9644992615348238E-001  9.9786269371135317E-001  9.9963888592068340E-001
BLOCK 2   1.2699789706700004E-001
  1.0003620071308030E+000  1.0021403305976939E+000  1.0035542795617691E+000  1.0049500586179099E+000  1.0063205941669369E+000
  1.0076589113637524E+000  1.0089581894225397E+000  1.0102118077677549E+000  1.0114133797689056E+000  1.0125567849644930E+000
  1.0136362003958670E+000  1.0146461294767781E+000  1.0155814272403321E+000  1.0164373294033215E+000  1.0172094771648255E+000
  1.0178939386456989E+000  1.0184872282811495E+000  1.0189863247428657E+000  1.0193886864109745E+000  1.0196922643092146E+000
  1.0198955125189688E+000  1.0199973960380182E+000  1.0199973960380182E+000  1.0198955125189704E+000  1.0196922643092168E+000
  1.0193886864109767E+000  1.0189863247428697E+000  1.0184872282811532E+000  1.0178939386457031E+000  1.0172094771648315E+000
  1.0164373294033278E+000  1.0155814272403372E+000  1.0146461294767823E+000  1.0136362003958703E+000  1.0125567849644954E+000
  1.0114133797689073E+000  1.0102118077677562E+000  1.0089581894225406E+000  1.0076589113637522E+000  1.0063205941669362E+000
  1.0049500586179081E+000  1.0035542795617676E+000  1.0021403305976890E+000  1.0003620071308734E+000  9.9963912205689698E-001
  9.9786191161233329E-001  9.9644788870245227E-001  9.9505194652681805E-001  9.9368118989468079E-001  9.9234261607954488E-001
  9.9104304949597732E-001  9.8978911298103356E-001  9.8858719806423145E-001  9.8744343192752915E-001  9.8636364568122148E-001
  9.8535334450182899E-001  9.8441767951718795E-001  9.8356142150122550E-001  9.8278893650498844E-001  9.8210416355053576E-001
  9.8151059450336908E-001  9.8101125622840013E-001  9.8060869512292270E-001  9.8030496409937740E-001  9.8010161209462843E-001
  9.7999967615694128E-001  9.7999967615693939E-001  9.8010161209462543E-001  9.8030496409937307E-001  9.8060869512291915E-001
  9.8101125622839669E-001  9.8151059450335965E-001  9.8210416355052710E-001  9.8278893650497967E-001  9.8356142150121573E-001
  9.8441767951717818E-001  9.8535334450182033E-001  9.8636364568121804E-001  9.8744343192752970E-001  9.8858719806422946E-001
  9.8978911298102279E-001  9.9104304949595645E-001  9.9234261607952623E-001  9.9368118989467158E-001  9.9505194652682072E-001
  9.9644788870245893E-001  9.9786191161233606E-001  9.9963912205683381E-001
BLOCK 3   2.5399579413399975E-001
  1.0003647218347846E+000  1.0021494077008011E+000  1.0035669928130502E+000  1.0049662676855857E+000  1.0063401210514320E+000
  1.0076815533079579E+000  1.0089837653989384E+000  1.0102401605067683E+000  1.0114443493834868E+000  1.0125901995454107E+000
  1.0136718795914885E+000  1.0146838891578323E+000  1.0156210804390999E+000  1.0164786879278798E+000  1.0172523518601910E+000
  1.0179381392648310E+000  1.0185325640976168E+000  1.0190326055463426E+000  1.0194357226369748E+000  1.0197398667977819E+000
  1.0199434923766835E+000  1.0200455645500563E+000  1.0200455645500563E+000  1.0199434923766868E+000  1.0197398667977875E+000
  1.0194357226369819E+000  1.0190326055463517E+000  1.0185325640976266E+000  1.0179381392648410E+000  1.0172523518602017E+000
  1.0164786879278926E+000  1.0156210804391099E+000  1.0146838891578409E+000  1.0136718795914976E+000  1.0125901995454178E+000
  1.0114443493834953E+000  1.0102401605067752E+000  1.0089837653989433E+000  1.0076815533079631E+000  1.0063401210514362E+000
  1.0049662676855893E+000  1.0035669928130486E+000  1.0021494077007902E+000  1.0003647218348488E+000  9.9963988534789738E-001
  9.9785958496762117E-001  9.9644164341552233E-001  9.9504176997468652E-001  9.9366710088096366E-001  9.9232465608061993E-001
  9.9102126017402736E-001  9.8976355694652585E-001  9.8855797336701945E-001  9.8741066535103761E-001  9.8632748849610918E-001
  9.8531397284804900E-001  9.8437529453518624E-001  9.8351624838006058E-001  9.8274122301499567E-001  9.8205417830965258E-001
  9.8145862500159387E-001  9.8095760661366116E-001  9.8055368377274377E-001  9.8024892101067940E-001  9.8004487613905622E-001
  9.7994259222263602E-001  9.7994259222264923E-001  9.8004487613910818E-001  9.8024892101068817E-001  9.8055368377274110E-001
  9.8095760661366549E-001  9.8145862500162484E-001  9.8205417830964292E-001  9.8274122301497324E-001  9.8351624838003970E-001
  9.8437529453517891E-001  9.8531397284805000E-001  9.8632748849611840E-001  9.8741066535104327E-001  9.8855797336700746E-001
  9.8976355694649465E-001  9.9102126017398429E-001  9.9232465608057996E-001  9.9366710088093846E-001  9.9504176997468363E-001
  9.9644164341553521E-001  9.9785958496763727E-001  9.9963988534784332E-001
BLOCK 4   3.8099369120099946E-001
  1.0003692397128019E+000  1.0021645038501799E+000  1.0035881225918397E+000  1.0049932135189246E+000  1.0063726350008295E+000
  1.0077193673831653E+000  1.0090265889533108E+000  1.0102876732615960E+000  1.0114962253596802E+000  1.0126461386274441E+000
  1.0137315962672013E+000  1.0147470891553898E+000  1.0156874555112638E+000  1.0165479226013374E+000  1.0173241281909280E+000
  1.0180121387784573E+000  1.0186084684491541E+000  1.0191100964046065E+000  1.0195144815305002E+000  1.0198195757372195E+000
  1.0200238342534726E+000  1.0201262228290553E+000  1.0201262228290582E+000  1.0200238342534780E+000  1.0198195757372259E+000
  1.0195144815305108E+000  1.0191100964046198E+000  1.0186084684491703E+000  1.0180121387784746E+000  1.0173241281909462E+000
  1.0165479226013543E+000  1.0156874555112796E+000  1.0147470891554045E+000  1.0137315962672167E+000  1.0126461386274548E+000
  1.0114962253596935E+000  1.0102876732616093E+000  1.0090265889533228E+000  1.0077193673831790E+000  1.0063726350008364E+000
  1.0049932135189203E+000  1.0035881225918226E+000  1.0021645038501528E+000  1.0003692397128574E+000  9.9964115499184980E-001
  9.9785568226277532E-001  9.9643119870624397E-001  9.9502474607745295E-001  9.9364349996329593E-001  9.9229452516134187E-001
  9.9098469550565926E-001  9.8972070517462252E-001  9.8850901248014067E-001  9.8735579495063752E-001  9.8626695176824697E-001
  9.8524806570787238E-001  9.8430435689636897E-001  9.8344065783381995E-001  9.8266139338374892E-001  9.8197055802430733E-001
  9.8137169401838464E-001  9.8086787260519315E-001  9.8046167803003448E-001  9.8015519411777230E-001  9.7994999342348721E-001
  9.7984712902236704E-001  9.7984712902232907E-001  9.7994999342347988E-001  9.8015519411776697E-001  9.8046167803004936E-001
  9.8086787260518327E-001  9.8137169401838376E-001  9.8197055802427824E-001  9.8266139338376002E-001  9.8344065783384416E-001
  9.8430435689637463E-001  9.8524806570786461E-001  9.8626695176823986E-001  9.8735579495062142E-001  9.8850901248011314E-001
  9.8972070517457922E-001  9.9098469550560764E-001  9.9229452516129180E-001  9.9364349996325974E-001  9.9502474607743430E-001
  9.9643119870624108E-001  9.9785568226278620E-001  9.9964115499180495E-001
BLOCK 5   5.0799158826799917E-001
  1.0003755325628585E+000  1.0021855684486960E+000  1.0036176230903739E+000  1.0050308574644886E+000  1.0064180886080463E+000
  1.0077722681264385E+000  1.0090865435560246E+000  1.0103542665519105E+000  1.0115690291141612E+000  1.0127247093035783E+000
  1.0138154737039553E+000  1.0148358214642830E+000  1.0157806160592839E+000  1.0166450914853598E+000  1.0174248729876889E+000
  1.0181160145344810E+000  1.0187150258048985E+000  1.0192188862935632E+000  1.0196250562438260E+000  1.0199314886640205E+000
  1.0201366391596400E+000  1.0202394736205278E+000  1.0202394736205296E+000  1.0201366391596463E+000  1.0199314886640334E+000
  1.0196250562438438E+000  1.0192188862935794E+000  1.0187150258049191E+000  1.0181160145345036E+000  1.0174248729877104E+000
  1.0166450914853808E+000  1.0157806160593053E+000  1.0148358214643030E+000  1.0138154737039782E+000  1.0127247093035991E+000
  1.0115690291141857E+000  1.0103542665519316E+000  1.0090865435560381E+000  1.0077722681264423E+000  1.0064180886080396E+000
  1.0050308574644704E+000  1.0036176230903464E+000  1.0021855684486618E+000  1.0003755325629144E+000  9.9964290346933882E-001
  9.9785014020412777E-001  9.9641649167435786E-001  9.9500081361144355E-001  9.9361034218812461E-001  9.9225220229846189E-001
  9.9093333554759488E-001  9.8966049613507701E-001  9.8844020341920291E-001  9.8727869895536358E-001  9.8618194496120037E-001
  9.8515556620750500E-001  9.8420482372263796E-001  9.8333461028753133E-001  9.8254941322217648E-001  9.8185327684600576E-001
  9.8124978434267862E-001  9.8074204405204168E-001  9.8033267322366591E-001  9.8002378289263714E-001  9.7981696625838999E-001
  9.7971329031884580E-001  9.7971329031881316E-001  9.7981696625839232E-001  9.8002378289261183E-001  9.8033267322363427E-001
  9.8074204405200271E-001  9.8124978434269516E-001  9.8185327684601287E-001  9.8254941322220246E-001  9.8333461028753744E-001
  9.8420482372263285E-001  9.8515556620751410E-001  9.8618194496119638E-001  9.8727869895532228E-001  9.8844020341914784E-001
  9.8966049613502116E-001  9.9093333554754237E-001  9.9225220229841382E-001  9.9361034218808242E-001  9.9500081361141890E-001
  9.9641649167434820E-001  9.9785014020413365E-001  9.9964290346929752E-001
BLOCK 6   6.3498948533499888E-001
  1.0003835661269309E+000  1.0022125438376763E+000  1.0036554512198423E+000  1.0050791685764064E+000  1.0064764602071685E+000
  1.0078402413527292E+000  1.0091636233304393E+000  1.0104399322190527E+000  1.0116627377068068E+000  1.0128258972793502E+000
  1.0139235653151786E+000  1.0149502361534846E+000  1.0159007652448804E+000  1.0167703839282907E+000  1.0175547363180870E+000
  1.0182498956935417E+000  1.0188523694760618E+000  1.0193591225528928E+000  1.0197676056981584E+000  1.0200757707438837E+000
  1.0202820751212902E+000  1.0203854862246871E+000  1.0203854862246913E+000  1.0202820751213011E+000  1.0200757707438974E+000
  1.0197676056981770E+000  1.0193591225529115E+000  1.0188523694760858E+000  1.0182498956935664E+000  1.0175547363181117E+000
  1.0167703839283209E+000  1.0159007652449130E+000  1.0149502361535183E+000  1.0139235653152225E+000  1.0128258972793978E+000
  1.0116627377068113E+000  1.0104399322189184E+000  1.0091636233303889E+000  1.0078402413527192E+000  1.0064764602070977E+000
  1.0050791685762237E+000  1.0036554512197864E+000  1.0022125438376654E+000  1.0003835661269993E+000  9.9964509419671099E-001
  9.9784287184771792E-001  9.9639743117591606E-001  9.9496987972106721E-001  9.9356753511637974E-001  9.9219759660298956E-001
  9.9086709221031943E-001  9.8958285288524261E-001  9.8835148073256784E-001  9.8717929824639483E-001  9.8607234409225164E-001
  9.8503631442977235E-001  9.8407654530012756E-001  9.8319799700247257E-001  9.8240520461192904E-001  9.8170226390506587E-001
  9.8109282319146784E-001  9.8058005002823501E-001  9.8016660399464317E-001  9.7985462712842708E-001  9.7964573747674011E-001
  9.7954102020470779E-001  9.7954102020468170E-001  9.7964573747673678E-001  9.7985462712840299E-001  9.8016660399462630E-001
  9.8058005002822757E-001  9.8109282319147939E-001  9.8170226390504312E-001  9.8240520461193193E-001  9.8319799700248223E-001
  9.8407654530012245E-001  9.8503631442976058E-001  9.8607234409220912E-001  9.8717929824634532E-001  9.8835148073253298E-001
  9.8958285288519543E-001  9.9086709221025748E-001  9.9219759660293583E-001  9.9356753511634055E-001  9.9496987972104523E-001
  9.9639743117590629E-001  9.9784287184771436E-001  9.9964509419666769E-001
BLOCK 7   7.6198738240199859E-001
  1.0003933017454072E+000  1.0022453667523998E+000  1.0037015622791574E+000  1.0051381198672351E+000  1.0065477424926308E+000
  1.0079232989989122E+000  1.0092578576742508E+000  1.0105447123649085E+000  1.0117774055046944E+000  1.0129497708398634E+000
  1.0140559475702167E+000  1.0150904173539033E+000  1.0160480253523561E+000  1.0169240012691185E+000  1.0177139923764469E+000
  1.0184140706638267E+000  1.0190207514762208E+000  1.0195310194089160E+000  1.0199423341864848E+000  1.0202526372014802E+000
  1.0204603713581013E+000  1.0205644976238322E+000  1.0205644976240282E+000  1.0204603713579419E+000  1.0202526372014629E+000
  1.0199423341865115E+000  1.0195310194089409E+000  1.0190207514762506E+000  1.0184140706638580E+000  1.0177139923764880E+000
  1.0169240012691774E+000  1.0160480253524284E+000  1.0150904173539506E+000  1.0140559475701709E+000  1.0129497708397990E+000
  1.0117774055047244E+000  1.0105447123648477E+000  1.0092578576742375E+000  1.0079232989988576E+000  1.0065477424926055E+000
  1.0051381198671412E+000  1.0037015622791510E+000  1.0022453667522981E+000  1.0003933017454225E+000  9.9964768480836619E-001
  9.9783377073152524E-001  9.9637389928148579E-001  9.9493182035816141E-001  9.9351495037870441E-001  9.9213057847618014E-001
  9.9078583520728958E-001  9.8948764695540503E-001  9.8824271662639640E-001  9.8705746561946017E-001  9.8593802642429218E-001
  9.8489018826691244E-001  9.8391937669280516E-001  9.8303063267836566E-001  9.8222856479735265E-001  9.8151734374286470E-001
  9.8090067871262154E-001  9.8038178086308225E-001  9.7996335836687753E-001  9.7964760761241709E-001  9.7943618688802536E-001
  9.7933020080515143E-001  9.7933020080514399E-001  9.7943618688804546E-001  9.7964760761242653E-001  9.7996335836688053E-001
  9.8038178086308159E-001  9.8090067871261499E-001  9.8151734374283572E-001  9.8222856479733811E-001  9.8303063267833701E-001
  9.8391937669275165E-001  9.8489018826688168E-001  9.8593802642425465E-001  9.8705746561942431E-001  9.8824271662635865E-001
  9.8948764695534797E-001  9.9078583520724495E-001  9.9213057847615760E-001  9.9351495037867465E-001  9.9493182035812033E-001
  9.9637389928143782E-001  9.9783377073148005E-001  9.9964768480833355E-001
BLOCK 8   8.8898527946899830E-001
  1.0004046964060154E+000  1.0022839689405438E+000  1.0037559129589519E+000  1.0052076918647181E+000  1.0066319399950132E+000
  1.0080214693131508E+000  1.0093692990836822E+000  1.0106686829527662E+000  1.0119131311077618E+000  1.0130964492375727E+000
  1.0142127574183273E+000  1.0152565206417776E+000  1.0162225728610330E+000  1.0171061386355991E+000  1.0179028615481329E+000
  1.0186088120266301E+000  1.0192205122250459E+000  1.0197349528425490E+000  1.0201495966105476E+000  1.0204623952285039E+000
  1.0206718016109957E+000  1.0207767708180093E+000  1.0207767708180955E+000  1.0206718016108980E+000  1.0204623952286607E+000
  1.0201495966105467E+000  1.0197349528424815E+000  1.0192205122250793E+000  1.0186088120267229E+000  1.0179028615482215E+000
  1.0171061386356182E+000  1.0162225728610006E+000  1.0152565206417992E+000  1.0142127574183359E+000  1.0130964492375309E+000
  1.0119131311077774E+000  1.0106686829527141E+000  1.0093692990836811E+000  1.0080214693130938E+000  1.0066319399950086E+000
  1.0052076918646471E+000  1.0037559129589377E+000  1.0022839689404799E+000  1.0004046964060676E+000  9.9965062718471553E-001
  9.9782271256033550E-001  9.9634575658273872E-001  9.9488648480978326E-001  9.9345242671583944E-001  9.9205098005413650E-001
  9.9068939249675791E-001  9.8937470515469772E-001  9.8811373706437489E-001  9.8691302677750670E-001  9.8577881796675315E-001
  9.8471701178577076E-001  9.8373313838990539E-001  9.8283233632551459E-001  9.8201930591518027E-001  9.8129830319651190E-001
  9.8067310841008337E-001  9.8014699614832246E-001  9.7972273406523447E-001  9.7940255869996162E-001  9.7918815550312255E-001
  9.7908066300362417E-001  9.7908066300362617E-001  9.7918815550313787E-001  9.7940255869998116E-001  9.7972273406524413E-001
  9.8014699614833090E-001  9.8067310841006949E-001  9.8129830319647948E-001  9.8201930591513786E-001  9.8283233632545475E-001
  9.8373313838983645E-001  9.8471701178572979E-001  9.8577881796669142E-001  9.8691302677745263E-001  9.8811373706434735E-001
  9.8937470515467330E-001  9.9068939249673305E-001  9.9205098005408732E-001  9.9345242671575440E-001  9.9488648480974140E-001
  9.9634575658279523E-001  9.9782271256039690E-001  9.9965062718468511E-001
BLOCK 9   1.0159831765359983E+000
  1.0004177031401853E+000  1.0023282798910758E+000  1.0038184600362179E+000  1.0052878697745089E+000  1.0067290674604770E+000
  1.0081347971398129E+000  1.0094980224248449E+000  1.0108119485872065E+000  1.0120700480776912E+000  1.0132660936906934E+000
  1.0143941822300937E+000  1.0154487586658196E+000  1.0164246433312463E+000  1.0173170522219934E+000  1.0181216231724988E+000
  1.0188344252784896E+000  1.0194519824688375E+000  1.0199712838006105E+000  1.0203897921755982E+000  1.0207054663240989E+000
  1.0209167705166953E+000  1.0210226788004177E+000  1.0210226788004797E+000  1.0209167705166320E+000  1.0207054663242154E+000
  1.0203897921755909E+000  1.0199712838007196E+000  1.0194519824689583E+000  1.0188344252784300E+000  1.0181216231724504E+000
  1.0173170522220301E+000  1.0164246433312552E+000  1.0154487586658394E+000  1.0143941822301026E+000  1.0132660936906677E+000
  1.0120700480777016E+000  1.0108119485871685E+000  1.0094980224248467E+000  1.0081347971397645E+000  1.0067290674604732E+000
  1.0052878697744678E+000  1.0038184600362154E+000  1.0023282798910438E+000  1.0004177031402355E+000  9.9965386698268621E-001
  9.9780955546174210E-001  9.9631284191353697E-001  9.9483369677355338E-001  9.9337977467881433E-001  9.9195860110406375E-001
  9.9057755480026188E-001  9.8924381132870531E-001  9.8796432145467872E-001  9.8674575895284289E-001  9.8559449512439690E-001
  9.8451655961936624E-001  9.8351760309184355E-001  9.8260287849873773E-001  9.8177719358820981E-001  9.8104490061147731E-001
  9.8040986327257529E-001  9.7987543260325916E-001  9.7944444501635919E-001  9.7911918928670083E-001  9.7890138782784697E-001
  9.7879219666029904E-001  9.7879219666030037E-001  9.7890138782783886E-001  9.7911918928670538E-001  9.7944444501634753E-001
  9.7987543260325216E-001  9.8040986327254842E-001  9.8104490061144334E-001  9.8177719358816473E-001  9.8260287849867789E-001
  9.8351760309177094E-001  9.8451655961931150E-001  9.8559449512433062E-001  9.8674575895279426E-001  9.8796432145462676E-001
  9.8924381132860695E-001  9.9057755480018850E-001  9.9195860110407907E-001  9.9337977467886063E-001  9.9483369677355848E-001
  9.9631284191355651E-001  9.9780955546178185E-001  9.9965386698267567E-001
BLOCK 10   1.1429810736030015E+000
  1.0004322718944954E+000  1.0023782255178519E+000  1.0038891613651382E+000  1.0053786451474980E+000  1.0068391505895837E+000
  1.0082633433015264E+000  1.0096441235927502E+000  1.0109746405429749E+000  1.0122483226710786E+000  1.0134589044349627E+000
  1.0146004543981582E+000  1.0156673942753056E+000  1.0166545287494559E+000  1.0175570627410384E+000  1.0183706241338060E+000
  1.0190912735561739E+000  1.0197155289820015E+000  1.0202403810015870E+000  1.0206633080235852E+000  1.0209822874206758E+000
  1.0211957915789738E+000  1.0213027978515981E+000  1.0213027978516760E+000  1.0211957915789951E+000  1.0209822874208070E+000
  1.0206633080235576E+000  1.0202403810016458E+000  1.0197155289820534E+000  1.0190912735561499E+000  1.0183706241338615E+000
  1.0175570627410790E+000  1.0166545287493871E+000  1.0156673942752765E+000  1.0146004543981773E+000  1.0134589044349740E+000
  1.0122483226710932E+000  1.0109746405429496E+000  1.0096441235927571E+000  1.0082633433015111E+000  1.0068391505895871E+000
  1.0053786451474682E+000  1.0038891613651182E+000  1.0023782255178377E+000  1.0004322718945524E+000  9.9965734663210015E-001
  9.9779414194160754E-001  9.9627497496424200E-001  9.9477325476683065E-001  9.9329677465271360E-001  9.9185320683376799E-001
  9.9045007578174427E-001  9.8909470929765064E-001  9.8779420572412269E-001  9.8655539147488180E-001  9.8538478301260624E-001
  9.8428855460440978E-001  9.8327249260083738E-001  9.8234197720499195E-001  9.8150193700633181E-001  9.8075683734723484E-001
  9.8011064726267916E-001  9.7956680616905667E-001  9.7912821279738327E-001  9.7879720076732479E-001  9.7857553758924509E-001
  9.7846441188750055E-001  9.7846441188750122E-001  9.7857553758921656E-001  9.7879720076731025E-001  9.7912821279739182E-001
  9.7956680616902714E-001  9.8011064726268826E-001  9.8075683734719465E-001  9.8150193700628119E-001  9.8234197720494976E-001
  9.8327249260078986E-001  9.8428855460434916E-001  9.8538478301248389E-001  9.8655539147476323E-001  9.8779420572406795E-001
  9.8909470929762977E-001  9.9045007578172328E-001  9.9185320683376887E-001  9.9329677465274835E-001  9.9477325476684619E-001
  9.9627497496427486E-001  9.9779414194165539E-001  9.9965734663210759E-001
BLOCK 11   1.2699789706700046E+000
  1.0004483483101667E+000  1.0024337297934796E+000  1.0039679768710863E+000  1.0054800160723683E+000  1.0069622262567344E+000
  1.0084071849562670E+000  1.0098077201781888E+000  1.0111569168054719E+000  1.0124481525658604E+000  1.0136751190059161E+000
  1.0148318522634721E+000  1.0159127458363626E+000  1.0169125801869141E+000  1.0178265391971393E+000  1.0186502369852688E+000
  1.0193797342131850E+000  1.0200115585361500E+000  1.0205427095449660E+000  1.0209706699057313E+000  1.0212934195378038E+000
  1.0215094358709202E+000  1.0216176995685953E+000  1.0216176995686141E+000  1.0215094358708590E+000  1.0212934195378778E+000
  1.0209706699057408E+000  1.0205427095450283E+000  1.0200115585361738E+000  1.0193797342131943E+000  1.0186502369853172E+000
  1.0178265391971353E+000  1.0169125801869048E+000  1.0159127458364057E+000  1.0148318522634514E+000  1.0136751190058624E+000
  1.0124481525658620E+000  1.0111569168054986E+000  1.0098077201782201E+000  1.0084071849562668E+000  1.0069622262567361E+000
  1.0054800160723607E+000  1.0039679768710588E+000  1.0024337297934554E+000  1.0004483483102178E+000  9.9966099954250986E-001
  9.9777629931429968E-001  9.9623195638714523E-001  9.9470493460820864E-001  9.9320318121252094E-001  9.9173453192440919E-001
  9.9030667325955379E-001  9.8892710259330086E-001  9.8760308366271043E-001  9.8634161064940795E-001  9.8514935969464668E-001
  9.8403266271905776E-001  9.8299746115751863E-001  9.8204928581920303E-001  9.8119320564924339E-001  9.8043380250220546E-001
  9.7977514526563336E-001  9.7922076637026090E-001  9.7877364761715446E-001  9.7843618521353626E-001  9.7821019305374068E-001
  9.7809689411589829E-001  9.7809689411593281E-001  9.7821019305374668E-001  9.7843618521348785E-001  9.7877364761711472E-001
  9.7922076637019750E-001  9.7977514526560183E-001  9.8043380250214385E-001  9.8119320564922141E-001  9.8204928581914475E-001
  9.8299746115739739E-001  9.8403266271897061E-001  9.8514935969459405E-001  9.8634161064935022E-001  9.8760308366265581E-001
  9.8892710259328076E-001  9.9030667325954014E-001  9.9173453192439620E-001  9.9320318121254136E-001  9.9470493460822895E-001
  9.9623195638718187E-001  9.9777629931433587E-001  9.9966099954253929E-001
BLOCK 12   1.3969768677370078E+000
  1.0004658762503680E+000  1.0024947142643139E+000  1.0040548690151865E+000  1.0055919879980477E+000  1.0070983434133278E+000
  1.0085664153895564E+000  1.0099889509549091E+000  1.0113589644811918E+000  1.0126697754190415E+000  1.0139150244604669E+000
  1.0150886991899637E+000  1.0161851561602362E+000  1.0171991510605443E+000  1.0181258578049228E+000  1.0189608877263332E+000
  1.0197002993533366E+000  1.0203406183709012E+000  1.0208788465005234E+000  1.0213124692658364E+000  1.0216394653105911E+000
  1.0218583120749563E+000  1.0219679919537255E+000  1.0219679919537685E+000  1.0218583120749261E+000  1.0216394653106031E+000
  1.0213124692657967E+000  1.0208788465005505E+000  1.0203406183709209E+000  1.0197002993533786E+000  1.0189608877263778E+000
  1.0181258578049166E+000  1.0171991510605645E+000  1.0161851561602677E+000  1.0150886991899459E+000  1.0139150244604855E+000
  1.0126697754190694E+000  1.0113589644811787E+000  1.0099889509548907E+000  1.0085664153895666E+000  1.0070983434133494E+000
  1.0055919879980575E+000  1.0040548690151543E+000  1.0024947142642826E+000  1.0004658762504193E+000  9.9966475845734659E-001
  9.9775583905558762E-001  9.9618356636016170E-001  9.9462848701700524E-001  9.9309871973446284E-001  9.9160227972002291E-001
  9.9014703281495120E-001  9.8874065904543185E-001  9.8739060230459119E-001  9.8610404095928306E-001  9.8488783683714154E-001
  9.8374850290923610E-001  9.8269214754973833E-001  9.8172445015135223E-001  9.8085062384894894E-001  9.8007538583002207E-001
  9.7940292466400525E-001  9.7883687376770145E-001  9.7838030488046290E-001  9.7803569005208912E-001  9.7780489743988186E-001
  9.7768918721809861E-001  9.7768918721809672E-001  9.7780489743982868E-001  9.7803569005202518E-001  9.7838030488044725E-001
  9.7883687376765227E-001  9.7940292466393464E-001  9.8007538582987408E-001  9.8085062384885158E-001  9.8172445015127641E-001
  9.8269214754965462E-001  9.8374850290919125E-001  9.8488783683712378E-001  9.8610404095924731E-001  9.8739060230453912E-001
  9.8874065904541197E-001  9.9014703281493965E-001  9.9160227972000670E-001  9.9309871973447195E-001  9.9462848701701456E-001
  9.9618356636019001E-001  9.9775583905561682E-001  9.9966475845740066E-001
BLOCK 13   1.5239747648040110E+000
  1.0004847954374847E+000  1.0025610994812606E+000  1.0041498029655069E+000  1.0057145728764303E+000  1.0072475646172212E+000
  1.0087411527702845E+000  1.0101879919558008E+000  1.0115810117357864E+000  1.0129134567913951E+000  1.0141789063675264E+000
  1.0153713044679615E+000  1.0164849776339970E+000  1.0175146588183732E+000  1.0184555050686184E+000  1.0193031171790892E+000
  1.0200535482782234E+000  1.0207033185418111E+000  1.0212494255149844E+000  1.0216893537617591E+000  1.0220210805080838E+000
  1.0222430815697878E+000  1.0223543390607297E+000  1.0223543390607632E+000  1.0222430815697572E+000  1.0220210805080874E+000
  1.0216893537617437E+000  1.0212494255149960E+000  1.0207033185417782E+000  1.0200535482782218E+000  1.0193031171791216E+000
  1.0184555050686497E+000  1.0175146588184318E+000  1.0164849776340277E+000  1.0153713044679693E+000  1.0141789063675777E+000
  1.0129134567914087E+000  1.0115810117357811E+000  1.0101879919558154E+000  1.0087411527702925E+000  1.0072475646171815E+000
  1.0057145728763963E+000  1.0041498029654810E+000  1.0025610994812575E+000  1.0004847954375522E+000  9.9966854249089998E-001
  9.9773255827665142E-001  9.9612956784459916E-001  9.9454364490191227E-001  9.9298309478168578E-001  9.9145612288391061E-001
  9.8997079184079406E-001  9.8853498662386896E-001  9.8715635955649317E-001  9.8584228947495256E-001  9.8459982905805721E-001
  9.8343567523466846E-001  9.8235611974785697E-001  9.8136701095511947E-001  9.8047371823522222E-001  9.7968110320552593E-001
  9.7899348898442362E-001  9.7841462422163483E-001  9.7794767860098331E-001  9.7759520837214686E-001  9.7735914377397426E-001
  9.7724078589771834E-001  9.7724078589773355E-001  9.7735914377396682E-001  9.7759520837210800E-001  9.7794767860088450E-001
  9.7841462422147540E-001  9.7899348898433125E-001  9.7968110320541868E-001  9.8047371823512486E-001  9.8136701095502787E-001
  9.8235611974778447E-001  9.8343567523461195E-001  9.8459982905800825E-001  9.8584228947492880E-001  9.8715635955648773E-001
  9.8853498662387296E-001  9.8997079184077741E-001  9.9145612288389295E-001  9.9298309478169333E-001  9.9454364490192149E-001
  9.9612956784462603E-001  9.9773255827667662E-001  9.9966854249097048E-001
BLOCK 14   1.6509726618710141E+000
  1.0005050430547704E+000  1.0026328013766450E+000  1.0042527511156665E+000  1.0058478055561422E+000  1.0074099867420969E+000
  1.0089315450496981E+000  1.0104050258219872E+000  1.0118232671791014E+000  1.0131794414125541E+000  1.0144670685032067E+000
  1.0156800433707849E+000  1.0168126546661516E+000  1.0178596077548216E+000  1.0188160380892768E+000  1.0196775282842880E+000
  1.0204401197396800E+000  1.0211003248709682E+000  1.0216551346001446E+000  1.0221020290436436E+000  1.0224389829590381E+000
  1.0226644700793657E+000  1.0227774709732547E+000  1.0227774709732778E+000  1.0226644700793424E+000  1.0224389829590430E+000
  1.0221020290436191E+000  1.0216551346001388E+000  1.0211003248709503E+000  1.0204401197396915E+000  1.0196775282842954E+000
  1.0188160380892777E+000  1.0178596077548723E+000  1.0168126546662046E+000  1.0156800433708388E+000  1.0144670685032722E+000
  1.0131794414125650E+000  1.0118232671791154E+000  1.0104050258219988E+000  1.0089315450496759E+000  1.0074099867420605E+000
  1.0058478055561335E+000  1.0042527511156287E+000  1.0026328013765939E+000  1.0005050430548335E+000  9.9967227518503821E-001
  9.9770624561299193E-001  9.9606970702593278E-001  9.9445010596929162E-001  9.9285595709772556E-001  9.9129568218492914E-001
  9.8977756344244927E-001  9.8830969877395569E-001  9.8689995507561445E-001  9.8555592503701694E-001  9.8428487268099818E-001
  9.8309369281122183E-001  9.8198887127009948E-001  9.8097644150102381E-001  9.8006194596344420E-001  9.7925040280521036E-001
  9.7854628081304607E-001  9.7795345691660207E-001  9.7747520753485007E-001  9.7711417922700194E-001  9.7687237061948407E-001
  9.7675112836556177E-001  9.7675112836551947E-001  9.7687237061937437E-001  9.7711417922692212E-001  9.7747520753476624E-001
  9.7795345691643321E-001  9.7854628081290829E-001  9.7925040280504749E-001  9.8006194596331886E-001  9.8097644150092533E-001
  9.8198887127003842E-001  9.8309369281116399E-001  9.8428487268093889E-001  9.8555592503698530E-001  9.8689995507559669E-001
  9.8830969877394426E-001  9.8977756344245338E-001  9.9129568218495956E-001  9.9285595709775265E-001  9.9445010596929762E-001
  9.9606970702593489E-001  9.9770624561297949E-001  9.9967227518511481E-001
BLOCK 15   1.7779705589380173E+000
  1.0005265620319139E+000  1.0027097677409131E+000  1.0043637167308572E+000  1.0059917319482576E+000  1.0075856885633054E+000
  1.0091377060680089E+000  1.0106402172354005E+000  1.0120859629787629E+000  1.0134680347642131E+000  1.0147798865202418E+000
  1.0160153583477864E+000  1.0171686932927841E+000  1.0182345602682719E+000  1.0192080669295900E+000  1.0200847734288865E+000
  1.0208607041916009E+000  1.0215323594487415E+000  1.0220967211309586E+000  1.0225512630076108E+000  1.0228939561543420E+000
  1.0231232715223142E+000  1.0232381871191663E+000  1.0232381871191745E+000  1.0231232715222887E+000  1.0228939561543484E+000
  1.0225512630075935E+000  1.0220967211309593E+000  1.0215323594487344E+000  1.0208607041916116E+000  1.0200847734288996E+000
  1.0192080669296080E+000  1.0182345602683163E+000  1.0171686932928103E+000  1.0160153583478218E+000  1.0147798865202979E+000
  1.0134680347642440E+000  1.0120859629788046E+000  1.0106402172354148E+000  1.0091377060679856E+000  1.0075856885632832E+000
  1.0059917319482421E+000  1.0043637167308075E+000  1.0027097677408703E+000  1.0005265620319921E+000  9.9967585938690073E-001
  9.9767664872083417E-001  9.9600368120293969E-001  9.9434754149869931E-001  9.9271696502888773E-001  9.9112059684230869E-001
  9.8956695260079897E-001  9.8806436230648853E-001  9.8662092299237436E-001  9.8524445247686776E-001  9.8394244162641298E-001
  9.8272200186959580E-001  9.8158982748281898E-001  9.8055215077963986E-001  9.7961470254185179E-001  9.7878267148548825E-001
  9.7806068197871854E-001  9.7745274967883966E-001  9.7696226682809806E-001  9.7659197687015942E-001  9.7634395220743853E-001
  9.7621958893282534E-001  9.7621958893282590E-001  9.7634395220735848E-001  9.7659197687003252E-001  9.7696226682798804E-001
  9.7745274967868101E-001  9.7806068197859797E-001  9.7878267148536180E-001  9.7961470254176153E-001  9.8055215077949742E-001
  9.8158982748269363E-001  9.8272200186951264E-001  9.8394244162636058E-001  9.8524445247684356E-001  9.8662092299235549E-001
  9.8806436230647965E-001  9.8956695260081351E-001  9.9112059684232845E-001  9.9271696502887929E-001  9.9434754149870552E-001
  9.9600368120297800E-001  9.9767664872086503E-001  9.9967585938699821E-001
BLOCK 16   1.9049684560050204E+000
  1.0005492880137616E+000  1.0027919164294263E+000  1.0044826690482813E+000  1.0061463716236008E+000  1.0077747453856705E+000
  1.0093597744929967E+000  1.0108937742986934E+000  1.0123693807977043E+000  1.0137795938466385E+000  1.0151177896159660E+000
  1.0163777441698301E+000  1.0175536480054961E+000  1.0186401262523110E+000  1.0196322517900653E+000  1.0205255573627694E+000
  1.0213160458841992E+000  1.0220002013890781E+000  1.0225749944060183E+000  1.0230378900180215E+000  1.0233868531450483E+000
  1.0236203508297808E+000  1.0237373582523006E+000  1.0237373582523113E+000  1.0236203508297723E+000  1.0233868531450576E+000
  1.0230378900180104E+000  1.0225749944060309E+000  1.0220002013890879E+000  1.0213160458842179E+000  1.0205255573627945E+000
  1.0196322517900915E+000  1.0186401262523446E+000  1.0175536480055141E+000  1.0163777441698587E+000  1.0151177896160009E+000
  1.0137795938466490E+000  1.0123693807977345E+000  1.0108937742987179E+000  1.0093597744930083E+000  1.0077747453856778E+000
  1.0061463716235923E+000  1.0044826690482513E+000  1.0027919164293910E+000  1.0005492880138243E+000  9.9967921158614959E-001
  9.9764353631102254E-001  9.9593121389159223E-001  9.9423562683584765E-001  9.9256574807047604E-001  9.9093045836689286E-001
  9.8933851466189360E-001  9.8779849303247869E-001  9.8631873911419843E-001  9.8490731336662141E-001  9.8357194801430348E-001
  9.8231998877229565E-001  9.8115835415973773E-001  9.8009348923506079E-001  9.7913132599439345E-001  9.7827723732113248E-001
  9.7753601347202701E-001  9.7691181851072884E-001  9.7640816926656748E-001  9.7602791229856711E-001  9.7577319834730092E-001
  9.7564547653723377E-001  9.7564547653727407E-001  9.7577319834727461E-001  9.7602791229845476E-001  9.7640816926648399E-001
  9.7691181851061570E-001  9.7753601347190444E-001  9.7827723732096195E-001  9.7913132599427344E-001  9.8009348923492789E-001
  9.8115835415964259E-001  9.8231998877221038E-001  9.8357194801420600E-001  9.8490731336655879E-001  9.8631873911417300E-001
  9.8779849303246103E-001  9.8933851466188283E-001  9.9093045836690186E-001  9.9256574807048725E-001  9.9423562683588129E-001
  9.9593121389162198E-001  9.9764353631106029E-001  9.9967921158628925E-001
BLOCK 17   2.0319663530720233E+000
  1.0005731462219698E+000  1.0028791313848300E+000  1.0046095419140848E+000  1.0063117301181732E+000  1.0079772504028754E+000
  1.0095979330042706E+000  1.0111659596475773E+000  1.0126738532034789E+000  1.0141145186628493E+000  1.0154812457751126E+000
  1.0167677361310901E+000  1.0179681171630923E+000  1.0190769620196143E+000  1.0200893021855324E+000  1.0210006378920413E+000
  1.0218069462147308E+000  1.0225046908200348E+000  1.0230908273407295E+000  1.0235628095276208E+000  1.0239185941898314E+000
  1.0241566432154647E+000  1.0242759276480209E+000  1.0242759276480311E+000  1.0241566432154681E+000  1.0239185941898528E+000
  1.0235628095276312E+000  1.0230908273407633E+000  1.0225046908200588E+000  1.0218069462147561E+000  1.0210006378920717E+000
  1.0200893021855559E+000  1.0190769620196427E+000  1.0179681171631110E+000  1.0167677361311114E+000  1.0154812457751308E+000
  1.0141145186628568E+000  1.0126738532035036E+000  1.0111659596475968E+000  1.0095979330042923E+000  1.0079772504029005E+000
  1.0063117301181721E+000  1.0046095419140670E+000  1.0028791313847960E+000  1.0005731462220255E+000  9.9968222821806896E-001
  9.9760669162130622E-001  9.9585204416270678E-001  9.9411404374781964E-001  9.9240192029244478E-001  9.9072481580837091E-001
  9.8909174651702669E-001  9.8751154725782930E-001  9.8599282409400568E-001  9.8454389582810631E-001  9.8317275065181065E-001
  9.8188698582134371E-001  9.8069376060609659E-001  9.7959974767849378E-001  9.7861109245078337E-001  9.7773336459603000E-001
  9.7697153059649755E-001  9.7632991181010509E-001  9.7581215768383323E-001  9.7542122411618593E-001  9.7515934505753710E-001
  9.7502802604531547E-001  9.7502802604532701E-001  9.7515934505749591E-001  9.7542122411613008E-001  9.7581215768380325E-001
  9.7632991180999684E-001  9.7697153059637054E-001  9.7773336459588045E-001  9.7861109245067002E-001  9.7959974767834268E-001
  9.8069376060597468E-001  9.8188698582124934E-001  9.8317275065171073E-001  9.8454389582802970E-001  9.8599282409394218E-001
  9.8751154725776813E-001  9.8909174651699494E-001  9.9072481580837923E-001  9.9240192029247731E-001  9.9411404374788337E-001
  9.9585204416274409E-001  9.9760669162134874E-001  9.9968222821823738E-001
BLOCK 18   2.1589642501390265E+000
  1.0005980624441952E+000  1.0029713177920876E+000  1.0047443075934062E+000  1.0064878482808681E+000  1.0081933130135952E+000
  1.0098523672797031E+000  1.0114570481197747E+000  1.0129997481284085E+000  1.0144732588397902E+000  1.0158707735422576E+000
  1.0171859140452644E+000  1.0184127408113590E+000  1.0195457684983475E+000  1.0205799781464464E+000  1.0215108290663502E+000
  1.0223342668328612E+000  1.0230467309226736E+000  1.0236451588530546E+000  1.0241269902400589E+000  1.0244901709796634E+000
  1.0247331553264372E+000  1.0248549089123469E+000  1.0248549089123553E+000  1.0247331553264514E+000  1.0244901709797032E+000
  1.0241269902400900E+000  1.0236451588530973E+000  1.0230467309227060E+000  1.0223342668328987E+000  1.0215108290663879E+000
  1.0205799781464691E+000  1.0195457684983702E+000  1.0184127408113743E+000  1.0171859140452784E+000  1.0158707735422747E+000
  1.0144732588398131E+000  1.0129997481284405E+000  1.0114570481197878E+000  1.0098523672797104E+000  1.0081933130136047E+000
  1.0064878482808506E+000  1.0047443075934108E+000  1.0029713177921367E+000  1.0005980624442812E+000  9.9968481268933218E-001
  9.9756585071207027E-001  9.9576585877317758E-001  9.9398243448129364E-001  9.9222507707188690E-001  9.9050320664802527E-001
  9.8882611981927371E-001  9.8720293414226001E-001  9.8564253693845538E-001  9.8415352281073609E-001  9.8274414681694289E-001
  9.8142226853398862E-001  9.8019530105147867E-001  9.7907016004683978E-001  9.7805321826727132E-001  9.7715025502860853E-001
  9.7636642348813574E-001  9.7570621073325470E-001  9.7517340635916239E-001  9.7477108149769021E-001  9.7450155816186246E-001
  9.7436640159797894E-001  9.7436640159797760E-001  9.7450155816182704E-001  9.7477108149765457E-001  9.7517340635911076E-001
  9.7570621073314667E-001  9.7636642348806491E-001  9.7715025502852038E-001  9.7805321826716396E-001  9.7907016004668213E-001
  9.8019530105133557E-001  9.8142226853386261E-001  9.8274414681681133E-001  9.8415352281062951E-001  9.8564253693837478E-001
  9.8720293414220261E-001  9.8882611981926782E-001  9.9050320664801927E-001  9.9222507707187602E-001  9.9398243448134682E-001
  9.9576585877325219E-001  9.9756585071214676E-001  9.9968481268951559E-001
BLOCK 19   2.2859621472060296E+000
  1.0006239627442017E+000  1.0030684035738711E+000  1.0048869691892697E+000  1.0066748035126074E+000  1.0084230864046679E+000
  1.0101233066519402E+000  1.0117673424484623E+000  1.0133474421174546E+000  1.0148562723544656E+000  1.0162869181851111E+000
  1.0176329070921539E+000  1.0188882193736339E+000  1.0200473048829981E+000  1.0211050923710512E+000  1.0220569970322733E+000
  1.0228989264343245E+000  1.0236272880915371E+000  1.0242389950370321E+000  1.0247314691711464E+000  1.0251026435267561E+000
  1.0253509629609672E+000  1.0254753861080332E+000  1.0254753861080435E+000  1.0253509629609880E+000  1.0251026435267971E+000
  1.0247314691711824E+000  1.0242389950370843E+000  1.0236272880915853E+000  1.0228989264343678E+000  1.0220569970323123E+000
  1.0211050923710763E+000  1.0200473048830285E+000  1.0188882193736621E+000  1.0176329070921839E+000  1.0162869181851362E+000
  1.0148562723544816E+000  1.0133474421174664E+000  1.0117673424484590E+000  1.0101233066519548E+000  1.0084230864047108E+000
  1.0066748035125912E+000  1.0048869691892468E+000  1.0030684035738187E+000  1.0006239627442646E+000  9.9968683224022947E-001
  9.9752072252518242E-001  9.9567230303116816E-001  9.9384038581141321E-001  9.9203475359837079E-001  9.9026512021783986E-001
  9.8854108031658228E-001  9.8687205193441840E-001  9.8526722139296108E-001  9.8373548081544104E-001  9.8228537412707073E-001
  9.8092504066679909E-001  9.7966215836678405E-001  9.7850389395021742E-001  9.7745685599179266E-001  9.7652704464241269E-001
  9.7571981210111902E-001  9.7503982179786497E-001  9.7449101195310495E-001  9.7407657444542495E-001  9.7379892345346530E-001
  9.7365968682452075E-001  9.7365968682451420E-001  9.7379892345342223E-001  9.7407657444538676E-001  9.7449101195305154E-001
  9.7503982179780035E-001  9.7571981210106673E-001  9.7652704464229556E-001  9.7745685599166743E-001  9.7850389395011339E-001
  9.7966215836666326E-001  9.8092504066664166E-001  9.8228537412691286E-001  9.8373548081533480E-001  9.8526722139287182E-001
  9.8687205193432437E-001  9.8854108031655674E-001  9.9026512021784951E-001  9.9203475359839355E-001  9.9384038581146705E-001
  9.9567230303117660E-001  9.9752072252516344E-001  9.9968683224043264E-001
BLOCK 20   2.4129600442730328E+000
  1.0006507763462471E+000  1.0031703256575131E+000  1.0050375486223770E+000  1.0068727010740208E+000  1.0086667573821462E+000
  1.0104110161824800E+000  1.0120971837255883E+000  1.0137173531440891E+000  1.0152640546940759E+000  1.0167302512532199E+000
  1.0181093637877776E+000  1.0193952826898942E+000  1.0205823825153795E+000  1.0216655280276967E+000  1.0226400819485786E+000
  1.0235019110892682E+000  1.0242473901691853E+000  1.0248734040155425E+000  1.0253773502937504E+000  1.0257571431447021E+000
  1.0260112148157332E+000  1.0261385161687868E+000  1.0261385161687955E+000  1.0260112148157507E+000  1.0257571431447372E+000
  1.0253773502937897E+000  1.0248734040155956E+000  1.0242473901692311E+000  1.0235019110893138E+000  1.0226400819486323E+000
  1.0216655280277507E+000  1.0205823825154319E+000  1.0193952826899293E+000  1.0181093637878036E+000  1.0167302512532364E+000
  1.0152640546940919E+000  1.0137173531441306E+000  1.0120971837256088E+000  1.0104110161824682E+000  1.0086667573821286E+000
  1.0068727010739580E+000  1.0050375486223400E+000  1.0031703256574598E+000  1.0006507763463253E+000  9.9968817794796394E-001
  9.9747099277293294E-001  9.9557098799057475E-001  9.9368743987637309E-001  9.9183043125879566E-001  9.9000998484335823E-001
  9.8823600908710918E-001  9.8651823883567968E-001  9.8486617670462251E-001  9.8328902989716116E-001  9.8179564871174041E-001
  9.8039446965052368E-001  9.7909345411447746E-001  9.7790003683783344E-001  9.7682107379779615E-001  9.7586279186120706E-001
  9.7503074698149161E-001  9.7432978524454206E-001  9.7376400269999552E-001  9.7333672062628229E-001  9.7305045163936199E-001
  9.7290688923197610E-001  9.7290688923198365E-001  9.7305045163935078E-001  9.7333672062626575E-001  9.7376400269992713E-001
  9.7432978524446012E-001  9.7503074698142322E-001  9.7586279186109848E-001  9.7682107379768479E-001  9.7790003683772386E-001
  9.7909345411434112E-001  9.8039446965039512E-001  9.8179564871161917E-001  9.8328902989705591E-001  9.8486617670452359E-001
  9.8651823883559386E-001  9.8823600908708364E-001  9.9000998484331648E-001  9.9183043125873360E-001  9.9368743987637664E-001
  9.9557098799059951E-001  9.9747099277295348E-001  9.9968817794818998E-001
BLOCK 21   2.5399579413400359E+000
  1.0013340993419908E+000  1.0032770275450620E+000  1.0051960781867122E+000  1.0070816641262428E+000  1.0089245378327913E+000
  1.0107157935820243E+000  1.0124469532532943E+000  1.0141099438537942E+000  1.0156971462562530E+000  1.0172013898603605E+000
  1.0186159790209446E+000  1.0199347028435837E+000  1.0211518479695498E+000  1.0222622050084291E+000  1.0232610761402778E+000
  1.0241442783146824E+000  1.0249081450348498E+000  1.0255495291121173E+000  1.0260658041346242E+000  1.0264548646805134E+000
  1.0267151263682723E+000  1.0268455267924428E+000  1.0268455267924526E+000  1.0267151263682888E+000  1.0264548646805385E+000
  1.0260658041346546E+000  1.0255495291121604E+000  1.0249081450349036E+000  1.0241442783147525E+000  1.0232610761403484E+000
  1.0222622050084866E+000  1.0211518479696000E+000  1.0199347028436279E+000  1.0186159790210061E+000  1.0172013898604175E+000
  1.0156971462562752E+000  1.0141099438538030E+000  1.0124469532532707E+000  1.0107157935819855E+000  1.0089245378327643E+000
  1.0070816641261926E+000  1.0051960781866620E+000  1.0032770275449816E+000  1.0013340993419300E+000  9.9968870346359096E-001
  9.9741633706008370E-001  9.9546150702048275E-001  9.9352311375502633E-001  9.9161155743540619E-001  9.8973718522864618E-001
  9.8791023551722923E-001  9.8614077599619876E-001  9.8443864169478534E-001  9.8281336975474054E-001  9.8127413296205002E-001
  9.7982968135100190E-001  9.7848827624545365E-001  9.7725763522281772E-001  9.7614487631274993E-001  9.7515646701010272E-001
  9.7429817829579413E-001  9.7357504392717742E-001  9.7299131926043991E-001  9.7255045678819430E-001  9.7225507285941426E-001
  9.7210693363101608E-001  9.7210693363099954E-001  9.7225507285936785E-001  9.7255045678816421E-001  9.7299131926039129E-001
  9.7357504392710414E-001  9.7429817829570242E-001  9.7515646700998282E-001  9.7614487631263946E-001  9.7725763522270048E-001
  9.7848827624531942E-001  9.7982968135091730E-001  9.8127413296196464E-001  9.8281336975465217E-001  9.8443864169469830E-001
  9.8614077599609218E-001  9.8791023551714185E-001  9.8973718522856402E-001  9.9161155743533436E-001  9.9352311375501567E-001
  9.9546150702048097E-001  9.9741633706009414E-001  9.9968870346383598E-001
BLOCK 22   2.6669558384070391E+000
  1.0013892936844260E+000  1.0033884784752691E+000  1.0053625847611931E+000  1.0073018110365797E+000  1.0091966410792184E+000
  1.0110379492053045E+000  1.0128170579554374E+000  1.0145257130368692E+000  1.0161561331848152E+000  1.0177010037333636E+000
  1.0191535020895195E+000  1.0205073049093698E+000  1.0217566004319696E+000  1.0228960953188080E+000  1.0239210203970148E+000
  1.0248271325234994E+000  1.0256107167893596E+000  1.0262685878754070E+000  1.0267980884969847E+000  1.0271970885315362E+000
  1.0274639860177501E+000  1.0275977074374325E+000  1.0275977074374358E+000  1.0274639860177563E+000  1.0271970885315611E+000
  1.0267980884970280E+000  1.0262685878754627E+000  1.0256107167894162E+000  1.0248271325235603E+000  1.0239210203970761E+000
  1.0228960953188879E+000  1.0217566004320675E+000  1.0205073049094480E+000  1.0191535020895757E+000  1.0177010037333978E+000
  1.0161561331848195E+000  1.0145257130368710E+000  1.0128170579554183E+000  1.0110379492052646E+000  1.0091966410791637E+000
  1.0073018110365095E+000  1.0053625847611269E+000  1.0033884784751963E+000  1.0013892936843638E+000  9.9968832418721409E-001
  9.9735646428751901E-001  9.9534342782851837E-001  9.9334685315470572E-001  9.9137750307061578E-001  9.8944603948135967E-001
  9.8756302597576928E-001  9.8573887865847265E-001  9.8398378415183418E-001  9.8230762596149657E-001  9.8071991542506498E-001
  9.7922973051078654E-001  9.7784564667855212E-001  9.7657567849719440E-001  9.7542722059428599E-001  9.7440699368669814E-001
  9.7352099502391487E-001  9.7277445631216375E-001  9.7217180203932396E-001  9.7171662174205620E-001  9.7141163540372377E-001
  9.7125867751652994E-001  9.7125867751653094E-001  9.7141163540369191E-001  9.7171662174199802E-001  9.7217180203923792E-001
  9.7277445631207438E-001  9.7352099502381872E-001  9.7440699368658512E-001  9.7542722059418718E-001  9.7657567849710092E-001
  9.7784564667844931E-001  9.7922973051071394E-001  9.8071991542494863E-001  9.8230762596137977E-001  9.8398378415175669E-001
  9.8573887865836729E-001  9.8756302597566614E-001  9.8944603948128196E-001  9.9137750307055084E-001  9.9334685315466398E-001
  9.9534342782847696E-001  9.9735646428753022E-001  9.9968832418747933E-001
BLOCK 23   2.7939537354740422E+000
  1.0014457524878544E+000  1.0035046416329958E+000  1.0055371973314173E+000  1.0075333488563232E+000  1.0094833304947195E+000
  1.0113778188367561E+000  1.0132079267037739E+000  1.0149651890042031E+000  1.0166416419252120E+000  1.0182298128448071E+000
  1.0197227396286621E+000  1.0211139756949570E+000  1.0223976018742478E+000  1.0235682314222736E+000  1.0246210137975988E+000
  1.0255516365982564E+000  1.0263563270681697E+000  1.0270318514346144E+000  1.0275755140114333E+000  1.0279851573326158E+000
  1.0282591611907934E+000  1.0283964396505128E+000  1.0283964396505261E+000  1.0282591611908238E+000  1.0279851573326531E+000
  1.0275755140114697E+000  1.0270318514346568E+000  1.0263563270682285E+000  1.0255516365983466E+000  1.0246210137976968E+000
  1.0235682314223660E+000  1.0223976018743306E+000  1.0211139756950196E+000  1.0197227396287123E+000  1.0182298128448528E+000
  1.0166416419252244E+000  1.0149651890041949E+000  1.0132079267037393E+000  1.0113778188367106E+000  1.0094833304946600E+000
  1.0075333488562555E+000  1.0055371973313392E+000  1.0035046416329265E+000  1.0014457524878095E+000  9.9968682780338558E-001
  9.9729099204471161E-001  9.9521635861691538E-001  9.9315822606398418E-001  9.9112771161830948E-001  9.8913584307267599E-001
  9.8719357246739525E-001  9.8531168710673989E-001  9.8350070835364700E-001  9.8177086241009481E-001  9.8013201700973951E-001
  9.7859359775313370E-001  9.7716451007437810E-001  9.7585307864425319E-001  9.7466698720647460E-001  9.7361322201705214E-001
  9.7269801985652882E-001  9.7192682206906467E-001  9.7130422983179754E-001  9.7083397264222171E-001  9.7051887557951400E-001
  9.7036084374810649E-001  9.7036084374809639E-001  9.7051887557946692E-001  9.7083397264215077E-001  9.7130422983169951E-001
  9.7192682206897008E-001  9.7269801985643067E-001  9.7361322201695710E-001  9.7466698720639455E-001  9.7585307864416215E-001
  9.7716451007425664E-001  9.7859359775304400E-001  9.8013201700961494E-001  9.8177086240996814E-001  9.8350070835355374E-001
  9.8531168710662553E-001  9.8719357246730266E-001  9.8913584307260760E-001  9.9112771161824165E-001  9.9315822606393944E-001
  9.9521635861688362E-001  9.9729099204472771E-001  9.9968682780365548E-001
BLOCK 24   2.9209516325410454E+000
  1.0015032926973044E+000  1.0036254007751044E+000  1.0057198967715375E+000  1.0077764193184711E+000  1.0097849316062990E+000
  1.0117358578050051E+000  1.0136200811386384E+000  1.0154289483043641E+000  1.0171543284262552E+000  1.0187885707541309E+000
  1.0203245440680513E+000  1.0217556604218427E+000  1.0230758819674624E+000  1.0242797183489376E+000  1.0253622281215069E+000
  1.0263190205468382E+000  1.0271462564935290E+000  1.0278406474982595E+000  1.0283994549159634E+000  1.0288204875097045E+000
  1.0291020988493049E+000  1.0292431855363058E+000  1.0292431855363071E+000  1.0291020988493147E+000  1.0288204875097384E+000
  1.0283994549160245E+000  1.0278406474983424E+000  1.0271462564936158E+000  1.0263190205469275E+000  1.0253622281215928E+000
  1.0242797183490198E+000  1.0230758819675443E+000  1.0217556604219133E+000  1.0203245440680986E+000  1.0187885707541631E+000
  1.0171543284262641E+000  1.0154289483043595E+000  1.0136200811386102E+000  1.0117358578049567E+000  1.0097849316062366E+000
  1.0077764193184267E+000  1.0057198967714840E+000  1.0036254007750420E+000  1.0015032926972502E+000  9.9968408794705321E-001
  9.9721954029290083E-001  9.9507980423063491E-001  9.9295665238718500E-001  9.9086156581994445E-001  9.8880595826512729E-001
  9.8680116345696167E-001  9.8485835187064463E-001  9.8298843204589093E-001  9.8120202540086376E-001  9.7950935838320397E-001
  9.7792018203232722E-001  9.7644373271415419E-001  9.7508866670232097E-001  9.7386297819192691E-001  9.7277393244612165E-001
  9.7182801350525372E-001  9.7103087713423153E-001  9.7038730693038644E-001  9.6990118128236458E-001  9.6957544035258814E-001
  9.6941206671025748E-001  9.6941206671023683E-001  9.6957544035253018E-001  9.6990118128231040E-001  9.7038730693031738E-001
  9.7103087713415370E-001  9.7182801350515691E-001  9.7277393244601218E-001  9.7386297819181711E-001  9.7508866670220617E-001
  9.7644373271401708E-001  9.7792018203222153E-001  9.7950935838308595E-001  9.8120202540074120E-001  9.8298843204578401E-001
  9.8485835187051940E-001  9.8680116345687252E-001  9.8880595826505657E-001  9.9086156581988238E-001  9.9295665238715825E-001
  9.9507980423062070E-001  9.9721954029291138E-001  9.9968408794733998E-001
BLOCK 25   3.0479495296080485E+000
  1.0015617558961982E+000  1.0037507054383821E+000  1.0059107332143671E+000  1.0080311642255713E+000  1.0101016761965045E+000
  1.0121124249093236E+000  1.0140540512337319E+000  1.0159176820986682E+000  1.0176949807764202E+000  1.0193781161949467E+000
  1.0209598123552004E+000  1.0224333409623272E+000  1.0237925163238930E+000  1.0250317167196066E+000  1.0261458968100519E+000
  1.0271305819171224E+000  1.0279818613871787E+000  1.0286963853332520E+000  1.0292713636626989E+000  1.0297045631621877E+000
  1.0299943051421518E+000  1.0301394637158252E+000  1.0301394637158394E+000  1.0299943051421954E+000  1.0297045631622477E+000
  1.0292713636627673E+000  1.0286963853333344E+000  1.0279818613872682E+000  1.0271305819172172E+000  1.0261458968101465E+000
  1.0250317167196883E+000  1.0237925163239605E+000  1.0224333409623865E+000  1.0209598123552430E+000  1.0193781161949738E+000
  1.0176949807764244E+000  1.0159176820986580E+000  1.0140540512337191E+000  1.0121124249093092E+000  1.0101016761964661E+000
  1.0080311642255357E+000  1.0059107332143260E+000  1.0037507054383321E+000  1.0015617558961378E+000  9.9967992025805130E-001
  9.9714173621222768E-001  9.9493328396606917E-001  9.9274154516442370E-001  9.9057838072510951E-001  9.8845561100289725E-001
  9.8638496266562992E-001  9.8437800666676811E-001  9.8244605174088151E-001  9.8060011464088903E-001  9.7885080214139975E-001
  9.7720824504923964E-001  9.7568204651845047E-001  9.7428117887253896E-001  9.7301392148225863E-001  9.7188782139077623E-001
  9.7090963089758175E-001  9.7008523953832304E-001  9.6941962566045725E-001  9.6891682429864967E-001  9.6857989646486387E-001
  9.6841090756708903E-001  9.6841090756709336E-001  9.6857989646486009E-001  9.6891682429862280E-001  9.6941962566038298E-001
  9.7008523953823378E-001  9.7090963089748672E-001  9.7188782139065266E-001  9.7301392148211774E-001  9.7428117887240873E-001
  9.7568204651830359E-001  9.7720824504910475E-001  9.7885080214125819E-001  9.8060011464076180E-001  9.8244605174078281E-001
  9.8437800666666309E-001  9.8638496266555353E-001  9.8845561100282409E-001  9.9057838072505056E-001  9.9274154516440305E-001
  9.9493328396606440E-001  9.9714173621224722E-001  9.9967992025836694E-001
BLOCK 26   3.1749474266750517E+000
  1.0016209740827855E+000  1.0038805055948865E+000  1.0061097710898590E+000  1.0082977635807093E+000  1.0104338567861972E+000
  1.0125079232246403E+000  1.0145103448040702E+000  1.0164320101703810E+000  1.0182643620419798E+000  1.0199993729858807E+000
  1.0216295896347858E+000  1.0231481195961618E+000  1.0245486423488450E+000  1.0258254243893059E+000  1.0269733042328568E+000
  1.0279876920749325E+000  1.0288645837555777E+000  1.0296005591059365E+000  1.0301927716245920E+000  1.0306389411072354E+000
  1.0309373522857148E+000  1.0310868532849635E+000  1.0310868532849800E+000  1.0309373522857612E+000  1.0306389411073078E+000
  1.0301927716246764E+000  1.0296005591060289E+000  1.0288645837556682E+000  1.0279876920750202E+000  1.0269733042329472E+000
  1.0258254243893923E+000  1.0245486423489136E+000  1.0231481195962093E+000  1.0216295896348124E+000  1.0199993729859054E+000
  1.0182643620420031E+000  1.0164320101703905E+000  1.0145103448040707E+000  1.0125079232246439E+000  1.0104338567861835E+000
  1.0082977635806851E+000  1.0061097710898215E+000  1.0038805055948383E+000  1.0016209740827251E+000  9.9967419205546193E-001
  9.9705718574674607E-001  9.9477629747177443E-001  9.9251229822158760E-001  9.9027744893024772E-001  9.8808399270580693E-001
  9.8594406838991833E-001  9.8386966606703286E-001  9.8187251240145790E-001  9.7996403159671275E-001  9.7815522895570428E-001
  9.7645662385215104E-001  9.7487818591952524E-001  9.7342922720131586E-001  9.7211835797424995E-001  9.7095342227047321E-001
  9.6994141667757250E-001  9.6908844930266069E-001  9.6839970766670458E-001  9.6787940657949068E-001  9.6753074061305067E-001
  9.6735586094093406E-001  9.6735586094092008E-001  9.6753074061301536E-001  9.6787940657945926E-001  9.6839970766665362E-001
  9.6908844930258098E-001  9.6994141667746880E-001  9.7095342227034032E-001  9.7211835797409651E-001  9.7342922720116576E-001
  9.7487818591935993E-001  9.7645662385199361E-001  9.7815522895555496E-001  9.7996403159658119E-001  9.8187251240134477E-001
  9.8386966606692239E-001  9.8594406838985049E-001  9.8808399270575498E-001  9.9027744893021663E-001  9.9251229822157983E-001
  9.9477629747177254E-001  9.9705718574676605E-001  9.9967419205579955E-001
BLOCK 27   3.3019453237420548E+000
  1.0016807826450187E+000  1.0040147578148280E+000  1.0063170877601355E+000  1.0085764179934160E+000  1.0107817971870765E+000
  1.0129227992477590E+000  1.0149895269665357E+000  1.0169726128279262E+000  1.0188632622260032E+000  1.0206532354064008E+000
  1.0223348850018381E+000  1.0239011439745840E+000  1.0253455403372049E+000  1.0266622016893097E+000  1.0278458425961063E+000
  1.0288917747455615E+000  1.0297959031188884E+000  1.0305547125887864E+000  1.0311652738509991E+000  1.0316252486676469E+000
  1.0319328842451396E+000  1.0320870044186046E+000  1.0320870044186168E+000  1.0319328842451736E+000  1.0316252486677073E+000
  1.0311652738510810E+000  1.0305547125888816E+000  1.0297959031189927E+000  1.0288917747456603E+000  1.0278458425961892E+000
  1.0266622016893749E+000  1.0253455403372644E+000  1.0239011439746442E+000  1.0223348850018874E+000  1.0206532354064364E+000
  1.0188632622260367E+000  1.0169726128279544E+000  1.0149895269665525E+000  1.0129227992477690E+000  1.0107817971870718E+000
  1.0085764179934007E+000  1.0063170877601035E+000  1.0040147578147873E+000  1.0016807826449703E+000  9.9966670005061975E-001
  9.9696549084986508E-001  9.9460833360837630E-001  9.9226828667711431E-001  9.8995803610610900E-001  9.8769026422641759E-001
  9.8547754668558818E-001  9.8333230989560905E-001  9.8126671514056663E-001  9.7929260605343038E-001  9.7742140095570818E-001
  9.7566401698111371E-001  9.7403080122668817E-001  9.7253142368348722E-001  9.7117483505920732E-001  9.6996918296713230E-001
  9.6892173855182584E-001  9.6803886185119481E-001  9.6732594243919734E-001  9.6678734481303685E-001  9.6642638975282225E-001
  9.6624533402880730E-001  9.6624533402879642E-001  9.6642638975278639E-001  9.6678734481297879E-001  9.6732594243911862E-001
  9.6803886185108590E-001  9.6892173855171215E-001  9.6996918296700685E-001  9.7117483505905755E-001  9.7253142368332079E-001
  9.7403080122651564E-001  9.7566401698092975E-001  9.7742140095556063E-001  9.7929260605327650E-001  9.8126671514043950E-001
  9.8333230989550457E-001  9.8547754668552623E-001  9.8769026422636830E-001  9.8995803610608513E-001  9.9226828667712208E-001
  9.9460833360839984E-001  9.9696549084989927E-001  9.9966670005097280E-001
BLOCK 28   3.4289432208090580E+000
  1.0017410105127371E+000  1.0041534202327236E+000  1.0065327715805710E+000  1.0088673469683018E+000  1.0111458470150314E+000
  1.0133575288713867E+000  1.0154921959325163E+000  1.0175402081653768E+000  1.0194925179991419E+000  1.0213406571927601E+000
  1.0230767680313173E+000  1.0246935943211344E+000  1.0261844950381716E+000  1.0275434428495342E+000  1.0287650173157861E+000
  1.0298444130305420E+000  1.0307774270801029E+000  1.0315604562238188E+000  1.0321905024488129E+000  1.0326651616584102E+000
  1.0329826201055192E+000  1.0331416609355308E+000  1.0331416609355466E+000  1.0329826201055530E+000  1.0326651616584623E+000
  1.0321905024488840E+000  1.0315604562238960E+000  1.0307774270801844E+000  1.0298444130306299E+000  1.0287650173158809E+000
  1.0275434428496253E+000  1.0261844950382444E+000  1.0246935943211992E+000  1.0230767680313808E+000  1.0213406571928176E+000
  1.0194925179991938E+000  1.0175402081654183E+000  1.0154921959325409E+000  1.0133575288713981E+000  1.0111458470150343E+000
  1.0088673469683018E+000  1.0065327715805497E+000  1.0041534202326792E+000  1.0017410105126772E+000  9.9965730358947935E-001
  9.9686622446576278E-001  9.9442884171715884E-001  9.9200884279766988E-001  9.8961936670682427E-001  9.8727355049785315E-001
  9.8498442716758428E-001  9.8276487291731129E-001  9.8062750008455135E-001  9.7858458758751887E-001  9.7664798308360234E-001
  9.7482901492930019E-001  9.7313842269422801E-001  9.7158624967729823E-001  9.7018179490967382E-001  9.6893352045510761E-001
  9.6784898687910481E-001  9.6693481086220612E-001  9.6619659305040118E-001  9.6563887799341452E-001  9.6526512609547910E-001
  9.6507766386232507E-001  9.6507766386231386E-001  9.6526512609543114E-001  9.6563887799332715E-001  9.6619659305030026E-001
  9.6693481086207766E-001  9.6784898687896626E-001  9.6893352045495695E-001  9.7018179490950673E-001  9.7158624967712581E-001
  9.7313842269407180E-001  9.7482901492912311E-001  9.7664798308343748E-001  9.7858458758735589E-001  9.8062750008443023E-001
  9.8276487291721060E-001  9.8498442716750922E-001  9.8727355049780419E-001  9.8961936670680961E-001  9.9200884279768431E-001
  9.9442884171718271E-001  9.9686622446580131E-001  9.9965730358985305E-001
BLOCK 29   3.5559411178760612E+000
  1.0018014879660191E+000  1.0042964631560014E+000  1.0067569317684488E+000  1.0091707930205169E+000  1.0115263793631879E+000
  1.0138126148632676E+000  1.0160189854933317E+000  1.0181355608051870E+000  1.0201530219850303E+000  1.0220626543211573E+000
  1.0238563726158436E+000  1.0255267145637073E+000  1.0270668523050364E+000  1.0284705888340868E+000  1.0297323546991501E+000
  1.0308472115778995E+000  1.0318108404569233E+000  1.0326195438241579E+000  1.0332702409669401E+000  1.0337604566314504E+000
  1.0340883243515222E+000  1.0342525853511240E+000  1.0342525853511364E+000  1.0340883243515497E+000  1.0337604566314902E+000
  1.0332702409669938E+000  1.0326195438242181E+000  1.0318108404570006E+000  1.0308472115779803E+000  1.0297323546992370E+000
  1.0284705888341898E+000  1.0270668523051389E+000  1.0255267145638050E+000  1.0238563726159300E+000  1.0220626543212277E+000
  1.0201530219850869E+000  1.0181355608052365E+000  1.0160189854933774E+000  1.0138126148632991E+000  1.0115263793631963E+000
  1.0091707930205069E+000  1.0067569317684137E+000  1.0042964631559514E+000  1.0018014879659574E+000  9.9964577872462057E-001
  9.9675894971011569E-001  9.9423726342899588E-001  9.9173329374943642E-001  9.8926065381479078E-001  9.8683295081726408E-001
  9.8446369532143363E-001  9.8216623091849387E-001  9.7995363875762409E-001  9.7783865089935562E-001  9.7583356120517051E-001
  9.7395012538801129E-001  9.7219949014105600E-001  9.7059208461196000E-001  9.6913756623741998E-001  9.6784472692938761E-001
  9.6672143097085439E-001  9.6577455787237121E-001  9.6500992076092618E-001  9.6443223393004651E-001  9.6404508365601937E-001
  9.6385089012156533E-001  9.6385089012154401E-001  9.6404508365596331E-001  9.6443223392994870E-001  9.6500992076081549E-001
  9.6577455787221922E-001  9.6672143097067731E-001  9.6784472692920165E-001  9.6913756623718994E-001  9.7059208461174873E-001
  9.7219949014088514E-001  9.7395012538782266E-001  9.7583356120497267E-001  9.7783865089920619E-001  9.7995363875750396E-001
  9.8216623091838540E-001  9.8446369532135136E-001  9.8683295081722211E-001  9.8926065381477102E-001  9.9173329374944041E-001
  9.9423726342901764E-001  9.9675894971016243E-001  9.9964577872500893E-001
BLOCK 30   3.6829390149430643E+000
  1.0018620379784660E+000  1.0044438454685245E+000  1.0069896692511402E+000  1.0094870028619332E+000  1.0119237882769758E+000
  1.0142885954151244E+000  1.0165705740740991E+000  1.0187594854276039E+000  1.0208457213011890E+000  1.0228203010266981E+000
  1.0246748928765994E+000  1.0264018099860754E+000  1.0279940202058901E+000  1.0294451423488851E+000  1.0307494447530010E+000
  1.0319018441461316E+000  1.0328978948384557E+000  1.0337337887477271E+000  1.0344063456889248E+000  1.0349130133764006E+000
  1.0352518751961075E+000  1.0354216414534789E+000  1.0354216414534816E+000  1.0352518751961195E+000  1.0349130133764288E+000
  1.0344063456889654E+000  1.0337337887477769E+000  1.0328978948385281E+000  1.0319018441462224E+000  1.0307494447531009E+000
  1.0294451423489972E+000  1.0279940202060038E+000  1.0264018099861867E+000  1.0246748928767067E+000  1.0228203010268033E+000
  1.0208457213012829E+000  1.0187594854276740E+000  1.0165705740741471E+000  1.0142885954151528E+000  1.0119237882769823E+000
  1.0094870028619274E+000  1.0069896692511040E+000  1.0044438454684650E+000  1.0018620379783940E+000  9.9963198158436306E-001
  9.9664322229216706E-001  9.9403301963059809E-001  9.9144092772430048E-001  9.8888105481238164E-001  9.8636749772812815E-001
  9.8391426322489461E-001  9.8153518226465808E-001  9.7924382325336112E-001  9.7705339065788288E-001  9.7497663993663941E-001
  9.7302577001319113E-001  9.7121235140623596E-001  9.6954721828799095E-001  9.6804040360245192E-001  9.6670103709066235E-001
  9.6553727642413822E-001  9.6455625206566586E-001  9.6376400286633901E-001  9.6316544079926514E-001  9.6276429243565642E-001
  9.6256307018161746E-001  9.6256307018159881E-001  9.6276429243560224E-001  9.6316544079915911E-001  9.6376400286620290E-001
  9.6455625206546680E-001  9.6553727642390941E-001  9.6670103709046729E-001  9.6804040360222277E-001  9.6954721828777368E-001
  9.7121235140603535E-001  9.7302577001300494E-001  9.7497663993645889E-001  9.7705339065775454E-001  9.7924382325321824E-001
  9.8153518226453662E-001  9.8391426322481990E-001  9.8636749772808630E-001  9.8888105481234856E-001  9.9144092772429615E-001
  9.9403301963062007E-001  9.9664322229221036E-001  9.9963198158475985E-001
BLOCK 31   3.8099369120100675E+000
  1.0019224974638961E+000  1.0045955462744243E+000  1.0072311069890756E+000  1.0098162455421471E+000  1.0123384930260064E+000
  1.0147860418008572E+000  1.0171476844754008E+000  1.0194128500072239E+000  1.0215716194379125E+000  1.0236147269823554E+000
  1.0255335770060146E+000  1.0273202415620488E+000  1.0289674687280665E+000  1.0304686780629568E+000  1.0318179581415623E+000
  1.0330100611158008E+000  1.0340403960241868E+000  1.0349050331776308E+000  1.0356006978348846E+000  1.0361247672570373E+000
  1.0364752651676410E+000  1.0366508587709433E+000  1.0366508587709498E+000  1.0364752651676548E+000  1.0361247672570606E+000
  1.0356006978349219E+000  1.0349050331776868E+000  1.0340403960242586E+000  1.0330100611158941E+000  1.0318179581416711E+000
  1.0304686780630758E+000  1.0289674687281940E+000  1.0273202415621829E+000  1.0255335770061447E+000  1.0236147269824762E+000
  1.0215716194380238E+000  1.0194128500073136E+000  1.0171476844754666E+000  1.0147860418008943E+000  1.0123384930260082E+000
  1.0098162455421344E+000  1.0072311069890381E+000  1.0045955462743670E+000  1.0019224974638214E+000  9.9961568521687671E-001
  9.9651859503025852E-001  9.9381551927352052E-001  9.9113101040873253E-001  9.8847969299944161E-001  9.8587617835471830E-001
  9.8333498942923836E-001  9.8087046515888276E-001  9.7849667713248412E-001  9.7622732231105447E-001  9.7407563948586739E-001
  9.7205429590523873E-001  9.7017530256080220E-001  9.6844989917739044E-001  9.6688848522369231E-001  9.6550053262334012E-001
  9.6429451699547408E-001  9.6327784487975976E-001  9.6245678465402817E-001  9.6183643976995770E-001  9.6142068601593944E-001
  9.6121213626427549E-001  9.6121213626424640E-001  9.6142068601585540E-001  9.6183643976980382E-001  9.6245678465386419E-001
  9.6327784487957435E-001  9.6429451699524082E-001  9.6550053262311608E-001  9.6688848522344562E-001  9.6844989917716762E-001
  9.7017530256057827E-001  9.7205429590504189E-001  9.7407563948568154E-001  9.7622732231091813E-001  9.7849667713234012E-001
  9.8087046515878307E-001  9.8333498942916719E-001  9.8587617835464825E-001  9.8847969299939564E-001  9.9113101040873863E-001
  9.9381551927354916E-001  9.9651859503029694E-001  9.9961568521727806E-001
BLOCK 32   3.9369348090770706E+000
  1.0019826943099204E+000  1.0047515531256277E+000  1.0074813904786737E+000  1.0101588221541939E+000  1.0127709480578555E+000
  1.0153055606295043E+000  1.0177510715166798E+000  1.0200965547372243E+000  1.0223317592239662E+000  1.0244471134249691E+000
  1.0264337391482665E+000  1.0282834493927375E+000  1.0299887526078935E+000  1.0315428463111467E+000  1.0329396185824964E+000
  1.0341736476561940E+000  1.0352401973762821E+000  1.0361352122287797E+000  1.0368553092871335E+000  1.0373977806931443E+000
  1.0377605857736425E+000  1.0379423464830977E+000  1.0379423464831088E+000  1.0377605857736654E+000  1.0373977806931824E+000
  1.0368553092871864E+000  1.0361352122288494E+000  1.0352401973763605E+000  1.0341736476562913E+000  1.0329396185826156E+000
  1.0315428463112832E+000  1.0299887526080396E+000  1.0282834493928863E+000  1.0264337391484137E+000  1.0244471134251045E+000
  1.0223317592240888E+000  1.0200965547373217E+000  1.0177510715167537E+000  1.0153055606295569E+000  1.0127709480578748E+000
  1.0101588221541880E+000  1.0074813904786410E+000  1.0047515531255737E+000  1.0019826943098376E+000  9.9959674101958140E-001
  9.9638457741219844E-001  9.9358411877040775E-001  9.9080275055141509E-001  9.8805563300387289E-001  9.8535791447629761E-001
  9.8272465428510325E-001  9.8017072755935308E-001  9.7771073780922735E-001  9.7535890096095823E-001  9.7312894837981534E-001
  9.7103401250929966E-001  9.6908654563831242E-001  9.6729821347897704E-001  9.6567981044506734E-001  9.6424116428280626E-001
  9.6299106935838141E-001  9.6193721735796023E-001  9.6108611826696144E-001  9.6044306638577359E-001  9.6001208723813691E-001
  9.5979590047509644E-001  9.5979590047505980E-001  9.6001208723806308E-001  9.6044306638562371E-001  9.6108611826676738E-001
  9.6193721735774973E-001  9.6299106935814105E-001  9.6424116428256967E-001  9.6567981044481077E-001  9.6729821347874090E-001
  9.6908654563806818E-001  9.7103401250908661E-001  9.7312894837961350E-001  9.7535890096080091E-001  9.7771073780907369E-001
  9.8017072755924384E-001  9.8272465428502698E-001  9.8535791447623744E-001  9.8805563300385124E-001  9.9080275055141942E-001
  9.9358411877041142E-001  9.9638457741222863E-001  9.9959674101999141E-001
BLOCK 33   4.0639327061440733E+000
  1.0020424631374687E+000  1.0049118704703859E+000  1.0077406935538888E+000  1.0105150722640572E+000  1.0132216521022168E+000
  1.0158478029809548E+000  1.0183815350892031E+000  1.0208115476883499E+000  1.0231272376488691E+000  1.0253187044642311E+000
  1.0273767605576303E+000  1.0292929317613742E+000  1.0310594653105722E+000  1.0326693273276168E+000  1.0341162013458822E+000
  1.0353944810615863E+000  1.0364992675034885E+000  1.0374263658537803E+000  1.0381722766862442E+000  1.0387341952548934E+000
  1.0391100074888959E+000  1.0392982871595631E+000  1.0392982871595764E+000  1.0391100074889308E+000  1.0387341952549529E+000
  1.0381722766863131E+000  1.0374263658538680E+000  1.0364992675035962E+000  1.0353944810617139E+000  1.0341162013460188E+000
  1.0326693273277663E+000  1.0310594653107310E+000  1.0292929317615300E+000  1.0273767605577842E+000  1.0253187044643723E+000
  1.0231272376490017E+000  1.0208115476884581E+000  1.0183815350892869E+000  1.0158478029810187E+000  1.0132216521022550E+000
  1.0105150722640641E+000  1.0077406935538615E+000  1.0049118704703461E+000  1.0020424631374074E+000  9.9957490845741992E-001
  9.9624067064492738E-001  9.9333815307933937E-001  9.9045531601844083E-001  9.8760788108648756E-001  9.8481156711158824E-001
  9.8208200020154357E-001  9.7943461334421500E-001  9.7688454713996331E-001  9.7444654130472763E-001  9.7213483742367335E-001
  9.6996306213271655E-001  9.6794412932172280E-001  9.6609013780600839E-001  9.6441228690974257E-001  9.6292077651432129E-001
  9.6162472829003698E-001  9.6053212167608448E-001  9.5964971644024732E-001  9.5898300470168185E-001  9.5853616260521479E-001
  9.5831201851467229E-001  9.5831201851461523E-001  9.5853616260513730E-001  9.5898300470156006E-001  9.5964971644006614E-001
  9.6053212167586555E-001  9.6162472828978418E-001  9.6292077651406816E-001  9.6441228690944858E-001  9.6609013780570363E-001
  9.6794412932146834E-001  9.6996306213246686E-001  9.7213483742345574E-001  9.7444654130449193E-001  9.7688454713977946E-001
  9.7943461334410220E-001  9.8208200020145964E-001  9.8481156711152595E-001  9.8760788108646769E-001  9.9045531601844761E-001
  9.9333815307935924E-001  9.9624067064498012E-001  9.9957490845782659E-001
BLOCK 34   4.1909306032110765E+000
  1.0021016286235727E+000  1.0050765048413521E+000  1.0080091966105151E+000  1.0108853470622829E+000  1.0136911258900942E+000
  1.0164134592564960E+000  1.0190399337134248E+000  1.0215588483844693E+000  1.0239592195921159E+000  1.0262307905265657E+000
  1.0283640447134901E+000  1.0303502082922522E+000  1.0321812537380324E+000  1.0338498964113505E+000  1.0353495954754681E+000
  1.0366745460948605E+000  1.0378196739903487E+000  1.0387806312491905E+000  1.0395537912446122E+000  1.0401362440285711E+000
  1.0405257934420897E+000  1.0407209582327128E+000  1.0407209582327281E+000  1.0405257934421275E+000  1.0401362440286439E+000
  1.0395537912447115E+000  1.0387806312493126E+000  1.0378196739904859E+000  1.0366745460950151E+000  1.0353495954756331E+000
  1.0338498964115215E+000  1.0321812537382005E+000  1.0303502082924147E+000  1.0283640447136497E+000  1.0262307905267114E+000
  1.0239592195922540E+000  1.0215588483845923E+000  1.0190399337135216E+000  1.0164134592565666E+000  1.0136911258901438E+000
  1.0108853470623171E+000  1.0080091966105094E+000  1.0050765048413133E+000  1.0021016286235129E+000  9.9955002979528773E-001
  9.9608631533965031E-001  9.9307688154635010E-001  9.9008780931773344E-001  9.8713540983031012E-001  9.8423598684048064E-001
  9.8140574089590893E-001  9.7866067954731417E-001  9.7601650771827542E-001  9.7348851449006368E-001  9.7109146684420466E-001
  9.6883950015487597E-001  9.6674601063662013E-001  9.6482354624276911E-001  9.6308371846373997E-001  9.6153710815658799E-001
  9.6019317582565988E-001  9.5906019382831553E-001  9.5814517579478242E-001  9.5745381975970678E-001  9.5699045667260885E-001
  9.5675802447923353E-001  9.5675802447918801E-001  9.5699045667254401E-001  9.5745381975958410E-001  9.5814517579460656E-001
  9.5906019382810181E-001  9.6019317582537234E-001  9.6153710815629811E-001  9.6308371846345175E-001  9.6482354624244560E-001
  9.6674601063631616E-001  9.6883950015462816E-001  9.7109146684396586E-001  9.7348851448983287E-001  9.7601650771809922E-001
  9.7866067954716585E-001  9.8140574089576937E-001  9.8423598684040292E-001  9.8713540983030212E-001  9.9008780931774998E-001
  9.9307688154638141E-001  9.9608631533970748E-001  9.9955002979568497E-001
BLOCK 35   4.3179285002780796E+000
  1.0021599854949470E+000  1.0052454492187342E+000  1.0082870937097768E+000  1.0112700363080451E+000  1.0141799468520554E+000
  1.0170032831879943E+000  1.0197271807324484E+000  1.0223395125316563E+000  1.0248288947660311E+000  1.0271846985140567E+000
  1.0293970600843341E+000  1.0314568846386263E+000  1.0333558508225875E+000  1.0350864061723448E+000  1.0366417660494545E+000
  1.0380159081008051E+000  1.0392035679192457E+000  1.0402002312563339E+000  1.0410021315211768E+000  1.0416062453762647E+000
  1.0420102886680511E+000  1.0422127183110019E+000  1.0422127183110279E+000  1.0420102886681131E+000  1.0416062453763593E+000
  1.0410021315212965E+000  1.0402002312564838E+000  1.0392035679194163E+000  1.0380159081009892E+000  1.0366417660496468E+000
  1.0350864061725378E+000  1.0333558508227765E+000  1.0314568846388068E+000  1.0293970600845062E+000  1.0271846985142137E+000
  1.0248288947661712E+000  1.0223395125317827E+000  1.0197271807325656E+000  1.0170032831880882E+000  1.0141799468521162E+000
  1.0112700363080860E+000  1.0082870937097812E+000  1.0052454492186964E+000  1.0021599854948831E+000  9.9952184031044122E-001
  9.9592096518352324E-001  9.9279960916895826E-001  9.8969937552403531E-001  9.8663718570645131E-001  9.8362995639752393E-001
  9.8069449093673033E-001  9.7784739092650941E-001  9.7510494378964818E-001  9.7248301091678546E-001  9.6999690659821558E-001
  9.6766128840202414E-001  9.6549004822134243E-001  9.6349619997752467E-001  9.6169178014318635E-001  9.6008775819729442E-001
  9.5869394400567343E-001  9.5751891150876056E-001  9.5656993164207471E-001  9.5585291381428972E-001  9.5537234897408563E-001
  9.5513128652358104E-001  9.5513128652356716E-001  9.5537234897405143E-001  9.5585291381409621E-001  9.5656993164181814E-001
  9.5751891150855917E-001  9.5869394400539565E-001  9.6008775819697623E-001  9.6169178014289713E-001  9.6349619997721558E-001
  9.6549004822102702E-001  9.6766128840172783E-001  9.6999690659794058E-001  9.7248301091653622E-001  9.7510494378945667E-001
  9.7784739092634232E-001  9.8069449093660144E-001  9.8362995639745399E-001  9.8663718570640779E-001  9.8969937552400589E-001
  9.9279960916897869E-001  9.9592096518358764E-001  9.9952184031083013E-001
BLOCK 36   4.4449263973450828E+000
  1.0022173460763604E+000  1.0054186937722012E+000  1.0085745677356650E+000  1.0116695266513860E+000  1.0146886983585615E+000
  1.0176180367415866E+000  1.0204442032212813E+000  1.0231546288757887E+000  1.0257375122822960E+000  1.0281818323431167E+000
  1.0304773580696969E+000  1.0326146528558482E+000  1.0345850798024379E+000  1.0363807990608185E+000  1.0379947648976566E+000
  1.0394207193333123E+000  1.0406531900410294E+000  1.0416874821605804E+000  1.0425196758235069E+000  1.0431466231313644E+000
  1.0435659452406605E+000  1.0437760329196619E+000  1.0437760329196846E+000  1.0435659452407275E+000  1.0431466231314812E+000
  1.0425196758236597E+000  1.0416874821607565E+000  1.0406531900412235E+000  1.0394207193335250E+000  1.0379947648978780E+000
  1.0363807990610423E+000  1.0345850798026550E+000  1.0326146528560496E+000  1.0304773580698834E+000  1.0281818323432963E+000
  1.0257375122824619E+000  1.0231546288759295E+000  1.0204442032214052E+000  1.0176180367416889E+000  1.0146886983586261E+000
  1.0116695266514255E+000  1.0085745677356650E+000  1.0054186937721534E+000  1.0022173460762978E+000  9.9949019025067909E-001
  9.9574406657992143E-001  9.9250558571481529E-001  9.8928907219707185E-001  9.8611208407378703E-001  9.8299217401626549E-001
  9.7994677679659503E-001  9.7699311530426014E-001  9.7414808021732868E-001  9.7142812144479418E-001  9.6884912053599226E-001
  9.6642627510623680E-001  9.6417398563024048E-001  9.6210574496678380E-001  9.6023402898953802E-001  9.5857020537541771E-001
  9.5712444234477978E-001  9.5590562551838187E-001  9.5492128937236453E-001  9.5417755980723540E-001  9.5367909235814619E-001
  9.5342904851490473E-001  9.5342904851485366E-001  9.5367909235804360E-001  9.5417755980708041E-001  9.5492128937212517E-001
  9.5590562551807101E-001  9.5712444234430982E-001  9.5857020537505455E-001  9.6023402898923549E-001  9.6210574496646140E-001
  9.6417398562991397E-001  9.6642627510592671E-001  9.6884912053569772E-001  9.7142812144452262E-001  9.7414808021710964E-001
  9.7699311530407251E-001  9.7994677679646136E-001  9.8299217401617822E-001  9.8611208407372364E-001  9.8928907219704310E-001
  9.9250558571482816E-001  9.9574406657994730E-001  9.9949019025103281E-001
BLOCK 37   4.5719242944120859E+000
  1.0022735705660699E+000  1.0055963006432347E+000  1.0088718583382166E+000  1.0120842177448179E+000  1.0152179461660844E+000
  1.0182584718753305E+000  1.0211919524178190E+000  1.0240053431550760E+000  1.0266863965233575E+000  1.0292236781625503E+000
  1.0316065729907511E+000  1.0338252861739043E+000  1.0358708456208545E+000  1.0377351019643932E+000  1.0394107283791458E+000
  1.0408912138974360E+000  1.0421708609093894E+000  1.0432447788066630E+000  1.0441088814955799E+000  1.0447598850144779E+000
  1.0451953072050919E+000  1.0454134660288625E+000  1.0454134660288925E+000  1.0451953072051736E+000  1.0447598850146049E+000
  1.0441088814957447E+000  1.0432447788068604E+000  1.0421708609096174E+000  1.0408912138976820E+000  1.0394107283793970E+000
  1.0377351019646439E+000  1.0358708456211039E+000  1.0338252861741475E+000  1.0316065729909740E+000  1.0292236781627568E+000
  1.0266863965235451E+000  1.0240053431552341E+000  1.0211919524179469E+000  1.0182584718754257E+000  1.0152179461661341E+000
  1.0120842177448464E+000  1.0088718583382337E+000  1.0055963006432160E+000  1.0022735705660175E+000  9.9945484213572078E-001
  9.9555505233240227E-001  9.9219403527914862E-001  9.8885592213945517E-001  9.8555893793247407E-001  9.8232129438963511E-001
  9.7916108011627778E-001  9.7609616432946367E-001  9.7314406707863654E-001  9.7032184653897791E-001  9.6764596971442129E-001
  9.6513219212599533E-001  9.6279543722616867E-001  9.6064968827429520E-001  9.5870787439546934E-001  9.5698177315469790E-001
  9.5548191999079679E-001  9.5421752198238052E-001  9.5319638402893714E-001  9.5242485324971715E-001  9.5190775459151922E-001
  9.5164836409465181E-001  9.5164836409460585E-001  9.5190775459138766E-001  9.5242485324958970E-001  9.5319638402867646E-001
  9.5421752198198018E-001  9.5548191999049548E-001  9.5698177315412580E-001  9.5870787439483729E-001  9.6064968827378439E-001
  9.6279543722582583E-001  9.6513219212570467E-001  9.6764596971413419E-001  9.7032184653870956E-001  9.7314406707840317E-001
  9.7609616432924995E-001  9.7916108011611047E-001  9.8232129438951232E-001  9.8555893793238847E-001  9.8885592213941798E-001
  9.9219403527914340E-001  9.9555505233240760E-001  9.9945484213605074E-001
BLOCK 38   4.6989221914790891E+000
  1.0023284967796247E+000  1.0057782869100675E+000  1.0091791895870541E+000  1.0125145380362637E+000  1.0157683137502285E+000
  1.0189253943264616E+000  1.0219714097688732E+000  1.0248928180478447E+000  1.0276769007982538E+000  1.0303117795179371E+000
  1.0327864229213231E+000  1.0350906535782889E+000  1.0372151488982471E+000  1.0391514358497900E+000  1.0408918887017782E+000
  1.0424297247167886E+000  1.0437590032231836E+000  1.0448746221366720E+000  1.0457723155648122E+000  1.0464486506776907E+000
  1.0469010303484088E+000  1.0471276916932215E+000  1.0471276916932521E+000  1.0469010303484922E+000  1.0464486506778257E+000
  1.0457723155649956E+000  1.0448746221368925E+000  1.0437590032234332E+000  1.0424297247170582E+000  1.0408918887020711E+000
  1.0391514358500917E+000  1.0372151488985379E+000  1.0350906535785689E+000  1.0327864229215891E+000  1.0303117795181780E+000
  1.0276769007984610E+000  1.0248928180480097E+000  1.0219714097689980E+000  1.0189253943265657E+000  1.0157683137503029E+000
  1.0125145380363023E+000  1.0091791895870688E+000  1.0057782869100578E+000  1.0023284967795805E+000  9.9886840532363919E-001
  9.9535328644513155E-001  9.9186413328133416E-001  9.8839889165063655E-001  9.8497650411483861E-001  9.8161587758544311E-001
  9.7833578016820999E-001  9.7515474720402318E-001  9.7209094981927391E-001  9.6916207546752031E-001  9.6638519589263916E-001
  9.6377664350324388E-001  9.6135188261286708E-001  9.5912539987026324E-001  9.5711058954755523E-001  9.5531965012020958E-001
  9.5376349260747439E-001  9.5245165367960538E-001  9.5139221650738304E-001  9.5059175473821689E-001  9.5005526835158771E-001
  9.4978615184391779E-001  9.4978615184392734E-001  9.5005526835144583E-001  9.5059175473802948E-001  9.5139221650713490E-001
  9.5245165367911899E-001  9.5376349260712667E-001  9.5531965011971154E-001  9.5711058954680039E-001  9.5912539986962708E-001
  9.6135188261225146E-001  9.6377664350267933E-001  9.6638519589225824E-001  9.6916207546728383E-001  9.7209094981906685E-001
  9.7515474720382644E-001  9.7833578016803424E-001  9.8161587758529500E-001  9.8497650411471382E-001  9.8839889165057071E-001
  9.9186413328130074E-001  9.9535328644512455E-001  9.9886840532452226E-001
BLOCK 39   4.8259200885460922E+000
  1.0023822049978770E+000  1.0059649286595773E+000  1.0094968772363744E+000  1.0129609078060946E+000  1.0163404277452734E+000
  1.0196196551842971E+000  1.0227836332196576E+000  1.0258182997679315E+000  1.0287104437579400E+000  1.0314477209859159E+000
  1.0340186625013044E+000  1.0364126810326273E+000  1.0386200729704318E+000  1.0406320173345331E+000  1.0424405742949185E+000
  1.0440386786030054E+000  1.0454201337753701E+000  1.0465796089308121E+000  1.0475126404622950E+000  1.0482156319780678E+000
  1.0486858593598567E+000  1.0489214709352230E+000  1.0489214709352541E+000  1.0486858593599455E+000  1.0482156319782152E+000
  1.0475126404624884E+000  1.0465796089310464E+000  1.0454201337756504E+000  1.0440386786033169E+000  1.0424405742952516E+000
  1.0406320173348771E+000  1.0386200729707760E+000  1.0364126810329550E+000  1.0340186625016010E+000  1.0314477209861714E+000
  1.0287104437581689E+000  1.0258182997681320E+000  1.0227836332198139E+000  1.0196196551844177E+000  1.0163404277453645E+000
  1.0129609078061430E+000  1.0094968772363868E+000  1.0059649286595695E+000  1.0023822049978435E+000  9.9878568350768782E-001
  9.9513812831889381E-001  9.9151481121703788E-001  9.8791669318578612E-001  9.8436342534237964E-001  9.8087444602386542E-001
  9.7746921076092752E-001  9.7416699932986817E-001  9.7098667985946940E-001  9.6794659187297316E-001  9.6506442750850308E-001
  9.6235711151858416E-001  9.5984066717922589E-001  9.5753010033099817E-001  9.5543928332452255E-001  9.5358084755981110E-001
  9.5196608829722285E-001  9.5060487929624671E-001  9.4950558987430012E-001  9.4867502625356692E-001  9.4811836868168931E-001
  9.4783913363473538E-001  9.4783913363478145E-001  9.4811836868150501E-001  9.4867502625327405E-001  9.4950558987412159E-001
  9.5060487929574766E-001  9.5196608829668083E-001  9.5358084755924055E-001  9.5543928332397177E-001  9.5753010033014152E-001
  9.5984066717842054E-001  9.6235711151787162E-001  9.6506442750792820E-001  9.6794659187247345E-001  9.7098667985907816E-001
  9.7416699932966022E-001  9.7746921076081961E-001  9.8087444602377016E-001  9.8436342534226451E-001  9.8791669318570174E-001
  9.9151481121696927E-001  9.9513812831886073E-001  9.9878568350849917E-001
BLOCK 40   4.9529179856130954E+000
  1.0024340270976366E+000  1.0061559439666050E+000  1.0098252777201235E+000  1.0134241334691656E+000  1.0169351995967468E+000
  1.0203421763836442E+000  1.0236296701223626E+000  1.0267830512212901E+000  1.0297885061781316E+000  1.0326331728984470E+000
  1.0353051266731754E+000  1.0377933545115590E+000  1.0400877536962885E+000  1.0421791342770750E+000  1.0440592166233413E+000
  1.0457206278228226E+000  1.0471568987532462E+000  1.0483624594007734E+000  1.0493326375694154E+000  1.0500636598241826E+000
  1.0505526605587221E+000  1.0507976885293879E+000  1.0507976885294181E+000  1.0505526605588185E+000  1.0500636598243400E+000
  1.0493326375696306E+000  1.0483624594010379E+000  1.0471568987535571E+000  1.0457206278231725E+000  1.0440592166237159E+000
  1.0421791342774589E+000  1.0400877536966657E+000  1.0377933545119267E+000  1.0353051266734976E+000  1.0326331728987543E+000
  1.0297885061784016E+000  1.0267830512215228E+000  1.0236296701225505E+000  1.0203421763837834E+000  1.0169351995968519E+000
  1.0134241334692318E+000  1.0098252777201546E+000  1.0061559439666199E+000  1.0024340270976329E+000  9.9869477683949270E-001
  9.9490903390776964E-001  9.9114560691400388E-001  9.8740856489400031E-001  9.8371831589386560E-001  9.8009515725259910E-001
  9.7655939089674104E-001  9.7313090341458608E-001  9.6982911997256149E-001  9.6667307259223645E-001  9.6368115858565417E-001
  9.6087093372695076E-001  9.5825899187144714E-001  9.5586086636431378E-001  9.5369091845205967E-001  9.5176222601267224E-001
  9.5008648149184571E-001  9.4867390499668514E-001  9.4753315932366999E-001  9.4667128743544315E-001  9.4609365245115873E-001
  9.4580389507669771E-001  9.4580389507675222E-001  9.4609365245104160E-001  9.4667128743506224E-001  9.4753315932335314E-001
  9.4867390499624060E-001  9.5008648149133323E-001  9.5176222601192639E-001  9.5369091845132270E-001  9.5586086636353518E-001
  9.5825899187052521E-001  9.6087093372610821E-001  9.6368115858482195E-001  9.6667307259152324E-001  9.6982911997201537E-001
  9.7313090341418707E-001  9.7655939089642685E-001  9.8009515725242036E-001  9.8371831589382075E-001  9.8740856489402662E-001
  9.9114560691399722E-001  9.9490903390774532E-001  9.9869477684021091E-001
BLOCK 41   5.0799158826800985E+000
  1.0024838879465081E+000  1.0063513690553929E+000  1.0101644015457039E+000  1.0139043525825411E+000  1.0175532492667219E+000
  1.0210941589389146E+000  1.0245110094587300E+000  1.0277885686549417E+000  1.0309126009025258E+000  1.0338698009078744E+000
  1.0366476932892184E+000  1.0392347449169410E+000  1.0416204209601452E+000  1.0437951519994146E+000  1.0457503063814009E+000
  1.0474781863277047E+000  1.0489720279786097E+000  1.0502259993815208E+000  1.0512352024350127E+000  1.0519956765762966E+000
  1.0525044067528724E+000  1.0527593331569314E+000  1.0527593331569696E+000  1.0525044067529865E+000  1.0519956765764740E+000
  1.0512352024352585E+000  1.0502259993818246E+000  1.0489720279789576E+000  1.0474781863280873E+000  1.0457503063818108E+000
  1.0437951519998339E+000  1.0416204209605580E+000  1.0392347449173527E+000  1.0366476932895947E+000  1.0338698009082390E+000
  1.0309126009028355E+000  1.0277885686552042E+000  1.0245110094589536E+000  1.0210941589390889E+000  1.0175532492668635E+000
  1.0139043525826572E+000  1.0101644015457849E+000  1.0063513690554282E+000  1.0024838879464604E+000  9.9859530841329136E-001
  9.9466524197711315E-001  9.9075540521391658E-001  9.8687327294534399E-001  9.8304005133653249E-001  9.7927684259916703E-001
  9.7560467968552045E-001  9.7204420922710288E-001  9.6861570344837145E-001  9.6533892376068742E-001  9.6223277690440556E-001
  9.5931536305301934E-001  9.5660392272512040E-001  9.5411459798136677E-001  9.5186226466727886E-001  9.4986044938517211E-001
  9.4812124615703930E-001  9.4665522982999450E-001  9.4547136614750282E-001  9.4457694065047626E-001  9.4397750011197978E-001
  9.4367680755030603E-001  9.4367680755017480E-001  9.4397750011182568E-001  9.4457694065025566E-001  9.4547136614709759E-001
  9.4665522982937267E-001  9.4812124615648985E-001  9.4986044938450676E-001  9.5186226466644464E-001  9.5411459798038700E-001
  9.5660392272414541E-001  9.5931536305206566E-001  9.6223277690338005E-001  9.6533892375978481E-001  9.6861570344766013E-001
  9.7204420922650703E-001  9.7560467968503495E-001  9.7927684259887393E-001  9.8304005133635874E-001  9.8687327294526317E-001
  9.9075540521392458E-001  9.9466524197721362E-001  9.9859530841404842E-001
BLOCK 42   5.2069137797471017E+000
  1.0025315736251597E+000  1.0065512534006935E+000  1.0105145679976038E+000  1.0144021205184015E+000  1.0181952406629020E+000
  1.0218763218957796E+000  1.0254286351313060E+000  1.0288363577035931E+000  1.0320846668012988E+000  1.0351596495864412E+000
  1.0380483680507180E+000  1.0407389227164479E+000  1.0432203251858523E+000  1.0454825135870047E+000  1.0475164403152146E+000
  1.0493140704840864E+000  1.0508683418063052E+000  1.0521731493655613E+000  1.0532233501505321E+000  1.0540147735662411E+000
  1.0545442372707636E+000  1.0548095651318130E+000  1.0548095651318536E+000  1.0545442372708951E+000  1.0540147735664502E+000
  1.0532233501508088E+000  1.0521731493658926E+000  1.0508683418066875E+000  1.0493140704845036E+000  1.0475164403156589E+000
  1.0454825135874712E+000  1.0432203251863137E+000  1.0407389227169035E+000  1.0380483680511403E+000  1.0351596495868440E+000
  1.0320846668016552E+000  1.0288363577039170E+000  1.0254286351316002E+000  1.0218763218960321E+000  1.0181952406631114E+000
  1.0144021205185312E+000  1.0105145679976093E+000  1.0065512534006007E+000  1.0025315736250413E+000  9.9848700321184769E-001
  9.9440599637979099E-001  9.9034319376815894E-001  9.8630953323755655E-001  9.8232703869815241E-001  9.7841764781005747E-001
  9.7460317394308804E-001  9.7090506995833259E-001  9.6734437110544480E-001  9.6394152694187940E-001  9.6071617038983403E-001
  9.5768715817421557E-001  9.5487227868014868E-001  9.5228809180906848E-001  9.4994998021002841E-001  9.4787202144048355E-001
  9.4606677601837830E-001  9.4454518235311125E-001  9.4331650206675610E-001  9.4238825876310273E-001  9.4176617756218373E-001
  9.4145413587316429E-001  9.4145413587297666E-001  9.4176617756200065E-001  9.4238825876283661E-001  9.4331650206636397E-001
  9.4454518235257956E-001  9.4606677601761913E-001  9.4787202143959437E-001  9.4994998020916077E-001  9.5228809180821850E-001
  9.5487227867908631E-001  9.5768715817301209E-001  9.6071617038853041E-001  9.6394152694085355E-001  9.6734437110449978E-001
  9.7090506995748105E-001  9.7460317394242524E-001  9.7841764780961937E-001  9.8232703869782534E-001  9.8630953323736503E-001
  9.9034319376810920E-001  9.9440599637983884E-001  9.9848700321249884E-001
BLOCK 43   5.3339116768141048E+000
  1.0025768688901984E+000  1.0067556537708253E+000  1.0108760972595690E+000  1.0149180107411375E+000  1.0188619864823469E+000
  1.0226897152821928E+000  1.0263837927133388E+000  1.0299277667488027E+000  1.0333061913734536E+000  1.0365045747574875E+000
  1.0395094632703916E+000  1.0423084114114369E+000  1.0448899490258146E+000  1.0472436754003411E+000  1.0493601880763830E+000
  1.0512310261638020E+000  1.0528487386409884E+000  1.0542069208509408E+000  1.0553001856423070E+000  1.0561241456993027E+000
  1.0566754298939416E+000  1.0569517150665193E+000  1.0569517150665666E+000  1.0566754298940895E+000  1.0561241456995276E+000
  1.0553001856426090E+000  1.0542069208513056E+000  1.0528487386414089E+000  1.0512310261642688E+000  1.0493601880768799E+000
  1.0472436754008552E+000  1.0448899490263224E+000  1.0423084114119376E+000  1.0395094632708699E+000  1.0365045747579527E+000
  1.0333061913739041E+000  1.0299277667492310E+000  1.0263837927137052E+000  1.0226897152824430E+000  1.0188619864824788E+000
  1.0149180107411901E+000  1.0108760972595539E+000  1.0067556537707389E+000  1.0025768688900900E+000  9.9836939936410529E-001
  9.9413054362020725E-001  9.8990795340478366E-001  9.8571605412814911E-001  9.8157772017916611E-001  9.7751575939845825E-001
  9.7355280397218391E-001  9.6971113706079914E-001  9.6601257261387452E-001  9.6247830571355197E-001  9.5912871214380790E-001
  9.5598331488005650E-001  9.5306049583061825E-001  9.5037747892693913E-001  9.4795022688236563E-001  9.4579318384034483E-001
  9.4391926491063827E-001  9.4233985016670130E-001  9.4106460737390485E-001  9.4010133147135744E-001  9.3945588418370551E-001
  9.3913217103370339E-001  9.3913217103368229E-001  9.3945588418368442E-001  9.4010133147092456E-001  9.4106460737329201E-001
  9.4233985016615429E-001  9.4391926490995615E-001  9.4579318383953959E-001  9.4795022688134700E-001  9.5037747892577173E-001
  9.5306049582934227E-001  9.5598331487879118E-001  9.5912871214250606E-001  9.6247830571238024E-001  9.6601257261262197E-001
  9.6971113705973588E-001  9.7355280397136490E-001  9.7751575939779356E-001  9.8157772017863265E-001  9.8571605412783270E-001
  9.8990795340463789E-001  9.9413054362015640E-001  9.9836939936461244E-001
BLOCK 44   5.4609095738811080E+000
  1.0026195213501674E+000  1.0069645992547873E+000  1.0112493009505918E+000  1.0154525911982399E+000  1.0195543212597176E+000
  1.0235354270976587E+000  1.0273778028406781E+000  1.0310643326195930E+000  1.0345789225375999E+000  1.0379064823729711E+000
  1.0410329900263651E+000  1.0439454475303980E+000  1.0466319159381432E+000  1.0490815333070769E+000  1.0512844456283741E+000
  1.0532318721709431E+000  1.0549160913531170E+000  1.0563303615886224E+000  1.0574689485932249E+000  1.0583271834122723E+000
  1.0589014738958145E+000  1.0591893212599963E+000  1.0591893212600458E+000  1.0589014738959646E+000  1.0583271834125094E+000
  1.0574689485935553E+000  1.0563303615890216E+000  1.0549160913535829E+000  1.0532318721714551E+000  1.0512844456289205E+000
  1.0490815333076384E+000  1.0466319159387145E+000  1.0439454475309786E+000  1.0410329900269526E+000  1.0379064823735469E+000
  1.0345789225381143E+000  1.0310643326199993E+000  1.0273778028409870E+000  1.0235354270978838E+000  1.0195543212598408E+000
  1.0154525911982843E+000  1.0112493009506009E+000  1.0069645992547571E+000  1.0026195213501099E+000  9.9824216687460887E-001
  9.9383805235579514E-001  9.8944856785737145E-001  9.8509143129773635E-001  9.8079041012127433E-001  9.7656921436316835E-001
  9.7245133416040153E-001  9.6845990820514161E-001  9.6461755898955959E-001  9.6094625917930809E-001  9.5746713403688466E-001
  9.5420038822902986E-001  9.5116505846173094E-001  9.4837900283183119E-001  9.4585869924860300E-001  9.4361912560367145E-001
  9.4167378875559982E-001  9.4003455165206939E-001  9.3871166193182909E-001  9.3771416921910200E-001  9.3704426340523461E-001
  9.3670650960429147E-001  9.3670650960413571E-001  9.3704426340497893E-001  9.3771416921878536E-001  9.3871166193147604E-001
  9.4003455165143157E-001  9.4167378875461694E-001  9.4361912560269778E-001  9.4585869924753063E-001  9.4837900283071430E-001
  9.5116505846044386E-001  9.5420038822751296E-001  9.5746713403542316E-001  9.6094625917784726E-001  9.6461755898799895E-001
  9.6845990820394001E-001  9.7245133415937102E-001  9.7656921436222821E-001  9.8079041012055701E-001  9.8509143129726862E-001
  9.8944856785703872E-001  9.9383805235558764E-001  9.9824216687494705E-001
BLOCK 45   5.5879074709481111E+000
  1.0026593510937365E+000  1.0071781897990775E+000  1.0116345398707920E+000  1.0160065101364957E+000  1.0202731429486436E+000
  1.0244146096460214E+000  1.0284120676721340E+000  1.0322476927587205E+000  1.0359047126738028E+000  1.0393674106507524E+000
  1.0426211622718922E+000  1.0456524068758568E+000  1.0484486977176553E+000  1.0509986770689175E+000  1.0532920754162689E+000
  1.0553197469702931E+000  1.0570735980159656E+000  1.0585466055736072E+000  1.0597328230831118E+000  1.0606272966225241E+000
  1.0612260633489814E+000  1.0615262692969702E+000  1.0615262692970244E+000  1.0612260633491486E+000  1.0606272966227923E+000
  1.0597328230834631E+000  1.0585466055740340E+000  1.0570735980164698E+000  1.0553197469708446E+000  1.0532920754168764E+000
  1.0509986770695776E+000  1.0484486977183580E+000  1.0456524068765518E+000  1.0426211622725381E+000  1.0393674106513167E+000
  1.0359047126742948E+000  1.0322476927591151E+000  1.0284120676724262E+000  1.0244146096462394E+000  1.0202731429487892E+000
  1.0160065101365683E+000  1.0116345398708428E+000  1.0071781897991527E+000  1.0026593510938202E+000  9.9810487843691731E-001
  9.9352777922203794E-001  9.8896401856643146E-001  9.8443437965804625E-001  9.7996357133588052E-001  9.7557624163832846E-001
  9.7129678513515105E-001  9.6714923022131793E-001  9.6315704923651635E-001  9.5934303282130418E-001  9.5572909505240056E-001
  9.5233619060105179E-001  9.4918412730261248E-001  9.4629161927466199E-001  9.4367632526936873E-001  9.4135533417584272E-001
  9.3934444519076576E-001  9.3764686208182457E-001  9.3623547703694321E-001  9.3520184352907987E-001  9.3450936518356142E-001
  9.3416352648555367E-001  9.3416352648562295E-001  9.3450936518350936E-001  9.3520184352877378E-001  9.3623547703636878E-001
  9.3764686208103420E-001  9.3934444518991389E-001  9.4135533417490791E-001  9.4367632526802292E-001  9.4629161927321426E-001
  9.4918412730121771E-001  9.5233619059940611E-001  9.5572909505096582E-001  9.5934303281944266E-001  9.6315704923488610E-001
  9.6714923021994570E-001  9.7129678513377227E-001  9.7557624163712231E-001  9.7996357133503054E-001  9.8443437965735081E-001
  9.8896401856586591E-001  9.9352777922168678E-001  9.9810487843703732E-001
BLOCK 46   5.7149053680151143E+000
  1.0026961426989127E+000  1.0073965100319981E+000  1.0120322163547801E+000  1.0165804662686180E+000  1.0210194539868571E+000
  1.0253285481952319E+000  1.0294881304973755E+000  1.0334796445168895E+000  1.0372856170501328E+000  1.0408896654598085E+000
  1.0442765281142818E+000  1.0474320663771655E+000  1.0503433015740427E+000  1.0529983857929133E+000  1.0553866405017569E+000
  1.0574985562428529E+000  1.0593258056555046E+000  1.0608614398704335E+000  1.0621036999843145E+000  1.0630366807155063E+000
  1.0636448018720914E+000  1.0639504676947122E+000  1.0639504676948193E+000  1.0636448018723959E+000  1.0630366807158524E+000
  1.0621036999846414E+000  1.0608614398708851E+000  1.0593258056560528E+000  1.0574985562434966E+000  1.0553866405024972E+000
  1.0529983857936782E+000  1.0503433015747912E+000  1.0474320663778853E+000  1.0442765281149262E+000  1.0408896654603825E+000
  1.0372856170506222E+000  1.0334796445172933E+000  1.0294881304976760E+000  1.0253285481954582E+000  1.0210194539870565E+000
  1.0165804662687890E+000  1.0120322163549196E+000  1.0073965100321831E+000  1.0026961426991847E+000  9.9795720446903047E-001
  9.9319893609286447E-001  9.8845323277983610E-001  9.8374354918722728E-001  9.7909559847292271E-001  9.7453501130370490E-001
  9.7008713415607439E-001  9.6577692547661431E-001  9.6162876587816648E-001  9.5766637616102124E-001  9.5391278978902294E-001
  9.5039071790614238E-001  9.4712310917323828E-001  9.4413236589012406E-001  9.4143219619784402E-001  9.3901374911535174E-001
  9.3686519103496069E-001  9.3507532754728828E-001  9.3365416210891550E-001  9.3258020824336874E-001  9.3186405255480809E-001
  9.3150662143444951E-001  9.3150662143434171E-001  9.3186405255444849E-001  9.3258020824302601E-001  9.3365416210847862E-001
  9.3507532754656797E-001  9.3686519103396715E-001  9.3901374911412749E-001  9.4143219619646989E-001  9.4413236588865990E-001
  9.4712310917182030E-001  9.5039071790422092E-001  9.5391278978725691E-001  9.5766637615916428E-001  9.6162876587635726E-001
  9.6577692547480209E-001  9.7008713415441550E-001  9.7453501130238707E-001  9.7909559847185046E-001  9.8374354918621609E-001
  9.8845323277903996E-001  9.9319893609235965E-001  9.9795720446885472E-001
BLOCK 47   5.8419032650821174E+000
  1.0027296865948512E+000  1.0076197268254590E+000  1.0124428673823733E+000  1.0171753689485483E+000  1.0217945412847091E+000
  1.0262789190957273E+000  1.0306080819059202E+000  1.0347627161961894E+000  1.0387246252361961E+000  1.0424767547049856E+000
  1.0460032242623543E+000  1.0492893445523250E+000  1.0523216588223443E+000  1.0550880235088651E+000  1.0575780177686058E+000
  1.0597836296298908E+000  1.0616939803961909E+000  1.0632849324056115E+000  1.0645536931078821E+000  1.0655164214151129E+000
  1.0661592138102125E+000  1.0664823037695554E+000  1.0664823037696454E+000  1.0661592138104723E+000  1.0655164214155255E+000
  1.0645536931084751E+000  1.0632849324062941E+000  1.0616939803968948E+000  1.0597836296305998E+000  1.0575780177693739E+000
  1.0550880235096451E+000  1.0523216588231121E+000  1.0492893445530524E+000  1.0460032242630042E+000  1.0424767547055678E+000
  1.0387246252366817E+000  1.0347627161966111E+000  1.0306080819062904E+000  1.0262789190960235E+000  1.0217945412849798E+000
  1.0171753689488503E+000  1.0124428673826689E+000  1.0076197268257716E+000  1.0027296865953126E+000  9.9779856489110974E-001
  9.9285055185341287E-001  9.8791485106685117E-001  9.8301717968325919E-001  9.7818426056609131E-001  9.7344267633495574E-001
  9.6881871459546631E-001  9.6433846957869207E-001  9.6002827146293468E-001  9.5591552158001514E-001  9.5202802663094743E-001
  9.4838790139987184E-001  9.4500076817142264E-001  9.4186190085213972E-001  9.3899854553831075E-001  9.3647165147905065E-001
  9.3429859605080190E-001  9.3244286628663164E-001  9.3097629425646811E-001  9.2984920774312740E-001  9.2910564476266100E-001
  9.2873162876433579E-001  9.2873162876431103E-001  9.2910564476245161E-001  9.2984920774261060E-001  9.3097629425562900E-001
  9.3244286628565598E-001  9.3429859604979459E-001  9.3647165147795830E-001  9.3899854553713358E-001  9.4186190085042287E-001
  9.4500076816969991E-001  9.4838790139788298E-001  9.5202802662896213E-001  9.5591552157805026E-001  9.6002827146081138E-001
  9.6433846957683123E-001  9.6881871459377100E-001  9.7344267633334314E-001  9.7818426056457874E-001  9.8301717968198288E-001
  9.8791485106592281E-001  9.9285055185268689E-001  9.9779856489056662E-001
BLOCK 48   5.9689011621491206E+000
  1.0027597283029188E+000  1.0078479529164615E+000  1.0128669812421882E+000  1.0177920819132185E+000  1.0225996483375339E+000
  1.0272673544269579E+000  1.0317739606267042E+000  1.0360993884080705E+000  1.0402247275362200E+000  1.0441323003380525E+000
  1.0478057854514582E+000  1.0512305787624416E+000  1.0543942107667414E+000  1.0572839253158060E+000  1.0598765980726250E+000
  1.0621470381557216E+000  1.0641193747494679E+000  1.0657741105950638E+000  1.0671078161463674E+000  1.0681198547232436E+000
  1.0687955248258070E+000  1.0691349048336818E+000  1.0691349048337933E+000  1.0687955248261332E+000  1.0681198547237440E+000
  1.0671078161470471E+000  1.0657741105958214E+000  1.0641193747502726E+000  1.0621470381566072E+000  1.0598765980734925E+000
  1.0572839253165827E+000  1.0543942107674864E+000  1.0512305787631466E+000  1.0478057854521083E+000  1.0441323003386647E+000
  1.0402247275367611E+000  1.0360993884085399E+000  1.0317739606271521E+000  1.0272673544273729E+000  1.0225996483379201E+000
  1.0177920819136741E+000  1.0128669812427218E+000  1.0078479529169722E+000  1.0027597283034981E+000  9.9762839375858325E-001
  9.9248153365898328E-001  9.8734710352003130E-001  9.8225236023903795E-001  9.7722500085900732E-001  9.7229353939101237E-001
  9.6748839206460979E-001  9.6284164673873696E-001  9.5838194529498977E-001  9.5412518435604521E-001  9.5007446854385569E-001
  9.4624454892425103E-001  9.4268244786993172E-001  9.3942564991632138E-001  9.3645383476470423E-001  9.3385328880638818E-001
  9.3160636729965984E-001  9.2971225973076033E-001  9.2818983230329244E-001  9.2701916745310564E-001  9.2624590841223786E-001
  9.2584733986418022E-001  9.2584733986396428E-001  9.2624590841173460E-001  9.2701916745244395E-001  9.2818983230250163E-001
  9.2971225972983418E-001  9.3160636729854163E-001  9.3385328880501561E-001  9.3645383476335908E-001  9.3942564991455524E-001
  9.4268244786824018E-001  9.4624454892253174E-001  9.5007446854174149E-001  9.5412518435370608E-001  9.5838194529273402E-001
  9.6284164673651251E-001  9.6748839206231507E-001  9.7229353938906171E-001  9.7722500085741570E-001  9.8225236023765283E-001
  9.8734710351875876E-001  9.9248153365785086E-001  9.9762839375774948E-001
BLOCK 49   6.0958990592161237E+000
  1.0027859229101026E+000  1.0080814258754704E+000  1.0133051154100570E+000  1.0184314622668080E+000  1.0234359628241338E+000
  1.0282953982862515E+000  1.0329876992602074E+000  1.0374921364873784E+000  1.0417896484735552E+000  1.0458634074087865E+000
  1.0496980182359321E+000  1.0532740532569818E+000  1.0565621460850114E+000  1.0595394097671615E+000  1.0622185578365466E+000
  1.0645956720309881E+000  1.0666538225598652E+000  1.0683830033456954E+000  1.0697819543149274E+000  1.0708402603957012E+000
  1.0715473722155004E+000  1.0719044167696963E+000  1.0719044167698206E+000  1.0715473722158726E+000  1.0708402603962484E+000
  1.0697819543156311E+000  1.0683830033464898E+000  1.0666538225606645E+000  1.0645956720318637E+000  1.0622185578374019E+000
  1.0595394097680921E+000  1.0565621460858614E+000  1.0532740532577138E+000  1.0496980182365867E+000  1.0458634074094069E+000
  1.0417896484741627E+000  1.0374921364879470E+000  1.0329876992607658E+000  1.0282953982868523E+000  1.0234359628247061E+000
  1.0184314622673751E+000  1.0133051154107893E+000  1.0080814258763537E+000  1.0027859229110268E+000  9.9744492118655526E-001
  9.9208763690184387E-001  9.8674273335121565E-001  9.8144210337874627E-001  9.7622065390399837E-001  9.7111191804987318E-001
  9.6613941138465553E-001  9.6131400570499204E-001  9.5664908669760185E-001  9.5217999115307106E-001  9.4794960655821414E-001
  9.4397174849819387E-001  9.4025823393531205E-001  9.3686617555098661E-001  9.3382709851052581E-001  9.3112702586376672E-001
  9.2880287427405839E-001  9.2685009043200384E-001  9.2526710612379914E-001  9.2407515812246166E-001  9.2328206743597896E-001
  9.2287518507948052E-001  9.2287518507935606E-001  9.2328206743564234E-001  9.2407515812184948E-001  9.2526710612292073E-001
  9.2685009043088917E-001  9.2880287427283870E-001  9.3112702586224205E-001  9.3382709850894763E-001  9.3686617554933072E-001
  9.4025823393341867E-001  9.4397174849615051E-001  9.4794960655601745E-001  9.5217999115068508E-001  9.5664908669518678E-001
  9.6131400570253556E-001  9.6613941138227144E-001  9.7111191804777242E-001  9.7622065390194201E-001  9.8144210337683380E-001
  9.8674273334967166E-001  9.9208763690064039E-001  9.9744492118554073E-001
BLOCK 50   6.2228969562831269E+000
  1.0028000947438529E+000  1.0083170965567221E+000  1.0137573466443117E+000  1.0190946127784237E+000  1.0243046873571406E+000
  1.0293646189263477E+000  1.0342530917407409E+000  1.0389509261665526E+000  1.0434384672208163E+000  1.0476895315620667E+000
  1.0516716692162862E+000  1.0553631004981423E+000  1.0587598759593360E+000  1.0618620841804709E+000  1.0646678642328107E+000
  1.0671554870460134E+000  1.0693049291790264E+000  1.0711175272638651E+000  1.0725823491118427E+000  1.0736839892927765E+000
  1.0744206288163620E+000  1.0747925875918789E+000  1.0747925875919715E+000  1.0744206288166716E+000  1.0736839892932490E+000
  1.0725823491124571E+000  1.0711175272646558E+000  1.0693049291798626E+000  1.0671554870468465E+000  1.0646678642336711E+000
  1.0618620841813720E+000  1.0587598759602874E+000  1.0553631004990451E+000  1.0516716692171215E+000  1.0476895315627861E+000
  1.0434384672215009E+000  1.0389509261672487E+000  1.0342530917413943E+000  1.0293646189270886E+000  1.0243046873580253E+000
  1.0190946127793392E+000  1.0137573466452197E+000  1.0083170965576811E+000  1.0028000947450029E+000  9.9723667279735251E-001
  9.9166473282346945E-001  9.8612034017405503E-001  9.8063246737261001E-001  9.7521830467590975E-001  9.6989340359869647E-001
  9.6468776166369263E-001  9.5964195422920673E-001  9.5478265599860035E-001  9.5012400176045630E-001  9.4570278242146066E-001
  9.4156481170148321E-001  9.3772535756549358E-001  9.3421059828456499E-001  9.3107565033300288E-001  9.2830355881967563E-001
  9.2589632211241679E-001  9.2386496568079635E-001  9.2223218672676244E-001  9.2101500469436226E-001  9.2019499983310016E-001
  9.1979046016093902E-001  9.1979046016084964E-001  9.2019499983280562E-001  9.2101500469377773E-001  9.2223218672591067E-001
  9.2386496567957244E-001  9.2589632211103856E-001  9.2830355881811533E-001  9.3107565033117523E-001  9.3421059828276154E-001
  9.3772535756334330E-001  9.4156481169913409E-001  9.4570278241923922E-001  9.5012400175833445E-001  9.5478265599611734E-001
  9.5964195422648491E-001  9.6468776166081893E-001  9.6989340359624798E-001  9.7521830467361148E-001  9.8063246737055698E-001
  9.8612034017225414E-001  9.9166473282177581E-001  9.9723667279584949E-001
BLOCK 51   6.3498948533501300E+000
  1.0028115980465837E+000  1.0085422754645452E+000  1.0142082963677101E+000  1.0197739384696545E+000  1.0252090605122159E+000
  1.0304907187780989E+000  1.0355958685094580E+000  1.0404943010591940E+000  1.0451529899529413E+000  1.0495496596195542E+000
  1.0536723684440767E+000  1.0575047077249804E+000  1.0610388900139778E+000  1.0643021268171728E+000  1.0672268517739298E+000
  1.0698212945524954E+000  1.0720758478229526E+000  1.0739771852026503E+000  1.0755045092316105E+000  1.0766541745925093E+000
  1.0774264728242577E+000  1.0778130456156105E+000  1.0778130456156674E+000  1.0774264728245022E+000  1.0766541745929299E+000
  1.0755045092321311E+000  1.0739771852033020E+000  1.0720758478237469E+000  1.0698212945533709E+000  1.0672268517747712E+000
  1.0643021268179798E+000  1.0610388900149885E+000  1.0575047077260002E+000  1.0536723684451028E+000  1.0495496596205256E+000
  1.0451529899538421E+000  1.0404943010601273E+000  1.0355958685104014E+000  1.0304907187790115E+000  1.0252090605131567E+000
  1.0197739384707383E+000  1.0142082963690127E+000  1.0085422754659696E+000  1.0028115980480556E+000  9.9704705046755437E-001
  9.9127266639560796E-001  9.8550589289071933E-001  9.7977506807166548E-001  9.7411793426783655E-001  9.6856531485787423E-001
  9.6313714049644039E-001  9.5786368601733096E-001  9.5279045614890523E-001  9.4794867971406394E-001  9.4335471877253363E-001
  9.3904396853314509E-001  9.3507112006955595E-001  9.3146194090085321E-001  9.2821699770471933E-001  9.2534205174115680E-001
  9.2285884060855550E-001  9.2078079981598204E-001  9.1910466641454214E-001  9.1783751911316724E-001  9.1697736542316954E-001
  9.1655958092484202E-001  9.1655958092468670E-001  9.1697736542271790E-001  9.1783751911245282E-001  9.1910466641371835E-001
  9.2078079981487315E-001  9.2285884060711976E-001  9.2534205173953676E-001  9.2821699770270993E-001  9.3146194089871814E-001
  9.3507112006743098E-001  9.3904396853104033E-001  9.4335471876999799E-001  9.4794867971129548E-001  9.5279045614615143E-001
  9.5786368601452032E-001  9.6313714049365695E-001  9.6856531485530772E-001  9.7411793426509685E-001  9.7977506806912162E-001
  9.8550589288853241E-001  9.9127266639365386E-001  9.9704705046587261E-001
BLOCK 52   6.4768927504171332E+000
  1.0028654085853970E+000  1.0088190703014726E+000  1.0146983123330306E+000  1.0204868717969984E+000  1.0261587162056984E+000
  1.0316716224563007E+000  1.0369822976263048E+000  1.0420622144056546E+000  1.0468924451790251E+000  1.0514540018189482E+000
  1.0557365223027597E+000  1.0597259338720757E+000  1.0634407018843002E+000  1.0668297051750228E+000  1.0698934481367210E+000
  1.0726171555859751E+000  1.0749755100582954E+000  1.0769544408643001E+000  1.0785491672550687E+000  1.0797594657884850E+000
  1.0805718358517036E+000  1.0809728789134065E+000  1.0809728789134452E+000  1.0805718358518468E+000  1.0797594657888834E+000
  1.0785491672555985E+000  1.0769544408648541E+000  1.0749755100589584E+000  1.0726171555867254E+000  1.0698934481375919E+000
  1.0668297051759554E+000  1.0634407018852496E+000  1.0597259338731913E+000  1.0557365223039139E+000  1.0514540018202250E+000
  1.0468924451802883E+000  1.0420622144068310E+000  1.0369822976274765E+000  1.0316716224575513E+000  1.0261587162070311E+000
  1.0204868717983728E+000  1.0146983123345206E+000  1.0088190703031372E+000  1.0028654085872082E+000  9.9685883444615386E-001
  9.9083471959309222E-001  9.8482291157510338E-001  9.7884702591991157E-001  9.7293636133376826E-001  9.6713298991898422E-001
  9.6147432120469256E-001  9.5598367468728773E-001  9.5069204766511417E-001  9.4564818404549777E-001  9.4088792126110954E-001
  9.3640893618896548E-001  9.3232041740229599E-001  9.2859187770885654E-001  9.2524245098320790E-001  9.2228422338551985E-001
  9.1972348560389028E-001  9.1756652701744656E-001  9.1582411575573552E-001  9.1452023344508904E-001  9.1364126794246303E-001
  9.1319904360980231E-001  9.1319904360968518E-001  9.1364126794211653E-001  9.1452023344438105E-001  9.1582411575471523E-001
  9.1756652701620756E-001  9.1972348560231953E-001  9.2228422338381677E-001  9.2524245098139779E-001  9.2859187770679075E-001
  9.3232041739983862E-001  9.3640893618645382E-001  9.4088792125834153E-001  9.4564818404258588E-001  9.5069204766224247E-001
  9.5598367468419587E-001  9.6147432120163745E-001  9.6713298991617358E-001  9.7293636133097994E-001  9.7884702591734341E-001
  9.8482291157264967E-001  9.9083471959063274E-001  9.9685883444396262E-001
BLOCK 53   6.6038906474841363E+000
  1.0029114170420059E+000  1.0091313611946249E+000  1.0152725446922213E+000  1.0212971652037246E+000  1.0271689299900650E+000
  1.0328645638068994E+000  1.0383647523260773E+000  1.0436428711367260E+000  1.0486696605968200E+000  1.0534172602248861E+000
  1.0578785067495315E+000  1.0620553809720461E+000  1.0659289099750378E+000  1.0694848557796997E+000  1.0726900608826431E+000
  1.0755264780538967E+000  1.0779875812843938E+000  1.0800661994181675E+000  1.0817436686637676E+000  1.0830062507656206E+000
  1.0838510485599253E+000  1.0842734999230195E+000  1.0842734999231061E+000  1.0838510485600972E+000  1.0830062507658555E+000
  1.0817436686639281E+000  1.0800661994189329E+000  1.0779875812851938E+000  1.0755264780546199E+000  1.0726900608834196E+000
  1.0694848557805572E+000  1.0659289099761082E+000  1.0620553809732138E+000  1.0578785067508836E+000  1.0534172602263148E+000
  1.0486696605983219E+000  1.0436428711383305E+000  1.0383647523277182E+000  1.0328645638085248E+000  1.0271689299917433E+000
  1.0212971652054974E+000  1.0152725446941804E+000  1.0091313611967798E+000  1.0029114170441091E+000  9.9663884982789619E-001
  9.9034499731116077E-001  9.8406404515676527E-001  9.7782989736129888E-001  9.7166863141562665E-001  9.6561125941039705E-001
  9.5970296550284084E-001  9.5398533432464805E-001  9.4848099980213407E-001  9.4322609349017139E-001  9.3829175290553335E-001
  9.3368858608581895E-001  9.2946555505144024E-001  9.2562236299863443E-001  9.2216303170268077E-001  9.1909952102103176E-001
  9.1644558396929854E-001  9.1421781587962969E-001  9.1241835402048510E-001  9.1106528650618879E-001  9.1016121555068608E-001
  9.0970596268339488E-001  9.0970596268318638E-001  9.1016121555022489E-001  9.1106528650546015E-001  9.1241835401938798E-001
  9.1421781587836948E-001  9.1644558396783082E-001  9.1909952101925929E-001  9.2216303170062452E-001  9.2562236299642020E-001
  9.2946555504894068E-001  9.3368858608314620E-001  9.3829175290267031E-001  9.4322609348736031E-001  9.4848099979909661E-001
  9.5398533432113419E-001  9.5970296549958778E-001  9.6561125940712167E-001  9.7166863141210547E-001  9.7782989735826076E-001
  9.8406404515409795E-001  9.9034499730863446E-001  9.9663884982559492E-001
BLOCK 54   6.7308885445511395E+000
  1.0029640359175056E+000  1.0094604435853038E+000  1.0158569940814488E+000  1.0221153698859644E+000  1.0282093344138423E+000
  1.0341175270117695E+000  1.0398135064536342E+000  1.0452734864065019E+000  1.0504874097726520E+000  1.0554306768064703E+000
  1.0600851492919352E+000  1.0644987464371198E+000  1.0685408847476130E+000  1.0722413497032208E+000  1.0755909297667596E+000
  1.0785690023926269E+000  1.0811523917353121E+000  1.0833233646197737E+000  1.0850707709849599E+000  1.0863878573420112E+000
  1.0872758564376550E+000  1.0877266600797553E+000  1.0877266600797160E+000  1.0872758564376770E+000  1.0863878573422665E+000
  1.0850707709851124E+000  1.0833233646202911E+000  1.0811523917357577E+000  1.0785690023935579E+000  1.0755909297679251E+000
  1.0722413497042407E+000  1.0685408847486626E+000  1.0644987464381666E+000  1.0600851492934704E+000  1.0554306768081738E+000
  1.0504874097744608E+000  1.0452734864084237E+000  1.0398135064556606E+000  1.0341175270139253E+000  1.0282093344161727E+000
  1.0221153698883234E+000  1.0158569940837527E+000  1.0094604435876315E+000  1.0029640359197542E+000  9.9640296404844408E-001
  9.8981716733024450E-001  9.8324194053338909E-001  9.7672108951637682E-001  9.7029321491316112E-001  9.6398325064601920E-001
  9.5782206952627347E-001  9.5186613427679345E-001  9.4616150252598097E-001  9.4071365565738452E-001  9.3558842605687853E-001
  9.3086983039445492E-001  9.2650017719881117E-001  9.2252839752666982E-001  9.1894983865335966E-001  9.1578132313851524E-001
  9.1303554506488072E-001  9.1073366807614220E-001  9.0887734297120149E-001  9.0747282845343380E-001  9.0653495682549878E-001
  9.0606509675511515E-001  9.0606509675489821E-001  9.0653495682499119E-001  9.0747282845272526E-001  9.0887734297019207E-001
  9.1073366807482925E-001  9.1303554506328610E-001  9.1578132313665128E-001  9.1894983865117075E-001  9.2252839752429994E-001
  9.2650017719641808E-001  9.3086983039188520E-001  9.3558842605382730E-001  9.4071365565413767E-001  9.4616150252261089E-001
  9.5186613427302580E-001  9.5782206952266080E-001  9.6398325064239621E-001  9.7029321490959197E-001  9.7672108951321424E-001
  9.8324194053019365E-001  9.8981716732712877E-001  9.9640296404579709E-001
BLOCK 55   6.8578864416181426E+000
  1.0029876499301957E+000  1.0097603291095025E+000  1.0164180160865048E+000  1.0229292998585053E+000  1.0292686912305506E+000
  1.0354069735702407E+000  1.0413187219588025E+000  1.0469829460106934E+000  1.0523942300097793E+000  1.0575451928311348E+000
  1.0623974654326642E+000  1.0669846640500651E+000  1.0712330582829497E+000  1.0751372569901423E+000  1.0786504598407678E+000
  1.0817531289238702E+000  1.0844416280945690E+000  1.0867094584787724E+000  1.0885490168468761E+000  1.0899376638989240E+000
  1.0908593033350493E+000  1.0913159662848144E+000  1.0913159662847789E+000  1.0908593033350797E+000  1.0899376638991436E+000
  1.0885490168468941E+000  1.0867094584790971E+000  1.0844416280951736E+000  1.0817531289246503E+000  1.0786504598416939E+000
  1.0751372569912392E+000  1.0712330582844916E+000  1.0669846640515164E+000  1.0623974654342565E+000  1.0575451928328741E+000
  1.0523942300119051E+000  1.0469829460131215E+000  1.0413187219614175E+000  1.0354069735728999E+000  1.0292686912332170E+000
  1.0229292998611688E+000  1.0164180160892724E+000  1.0097603291125359E+000  1.0029876499330801E+000  9.9613523361123590E-001
  9.8925434577041316E-001  9.8237854129412450E-001  9.7554712453166192E-001  9.6881539360389157E-001  9.6223502452303800E-001
  9.5582992456656612E-001  9.4963292689305834E-001  9.4371553362519334E-001  9.3810415759255839E-001  9.3280513468157522E-001
  9.2793296863651720E-001  9.2342093916112544E-001  9.1930950605877271E-001  9.1560089429490010E-001  9.1232860430090779E-001
  9.0949238521235320E-001  9.0710479209457451E-001  9.0518288975403982E-001  9.0373276564166982E-001  9.0276266649571490E-001
  9.0227373982122394E-001  9.0227373982115955E-001  9.0276266649537296E-001  9.0373276564093019E-001  9.0518288975297134E-001
  9.0710479209316885E-001  9.0949238521061104E-001  9.1232860429902385E-001  9.1560089429291669E-001  9.1930950605647421E-001
  9.2342093915839918E-001  9.2793296863362107E-001  9.3280513467833948E-001  9.3810415758906041E-001  9.4371553362152971E-001
  9.4963292688916690E-001  9.5582992456289884E-001  9.6223502451890353E-001  9.6881539360011182E-001  9.7554712452821257E-001
  9.8237854129068380E-001  9.8925434576718219E-001  9.9613523360826439E-001
BLOCK 56   6.9848843386851458E+000
  1.0029593878318062E+000  1.0100164099639868E+000  1.0169538096730060E+000  1.0237388919537325E+000  1.0303357208783011E+000
  1.0367157680982182E+000  1.0428718609509409E+000  1.0487787559133233E+000  1.0543924897218813E+000  1.0597485849064112E+000
  1.0648556990570832E+000  1.0696365863191604E+000  1.0740432044900587E+000  1.0781065992319028E+000  1.0817854771801219E+000
  1.0850591632744473E+000  1.0879014816348800E+000  1.0902755976498941E+000  1.0921782414016927E+000  1.0936167002771799E+000
  1.0945900263363109E+000  1.0950845294190630E+000  1.0950845294190268E+000  1.0945900263362929E+000  1.0936167002773998E+000
  1.0921782414018664E+000  1.0902755976500871E+000  1.0879014816351367E+000  1.0850591632751754E+000  1.0817854771810389E+000
  1.0781065992332202E+000  1.0740432044916621E+000  1.0696365863206914E+000  1.0648556990590525E+000  1.0597485849088482E+000
  1.0543924897245549E+000  1.0487787559159440E+000  1.0428718609537422E+000  1.0367157681012489E+000  1.0303357208815920E+000
  1.0237388919571595E+000  1.0169538096763335E+000  1.0100164099673858E+000  1.0029593878350485E+000  9.9580637924762727E-001
  9.8861869710915462E-001  9.8144274523940012E-001  9.7431630756267185E-001  9.6728200388376229E-001  9.6040690027329934E-001
  9.5374652814120442E-001  9.4731716098829966E-001  9.4115762277563353E-001  9.3534887079530948E-001  9.2992390283454207E-001
  9.2486779302779487E-001  9.2019901640476631E-001  9.1595704969323199E-001  9.1212559771833390E-001  9.0873506861915843E-001
  9.0579590733087345E-001  9.0332534131871600E-001  9.0133797859566089E-001  8.9983692151746753E-001  8.9883291324047332E-001
  8.9832874286763031E-001  8.9832874286747744E-001  8.9883291323993963E-001  8.9983692151659667E-001  9.0133797859460818E-001
  9.0332534131748798E-001  9.0579590732937265E-001  9.0873506861726305E-001  9.1212559771605273E-001  9.1595704969070590E-001
  9.2019901640191748E-001  9.2486779302459188E-001  9.2992390283114468E-001  9.3534887079180140E-001  9.4115762277217996E-001
  9.4731716098433660E-001  9.5374652813698746E-001  9.6040690026905884E-001  9.6728200387966279E-001  9.7431630755837395E-001
  9.8144274523532837E-001  9.8861869710553951E-001  9.9580637924422710E-001
BLOCK 57   7.1118822357521490E+000
  1.0028635054610044E+000  1.0102178881674426E+000  1.0174537366068297E+000  1.0245281218429785E+000  1.0314088182825598E+000
  1.0380623691992530E+000  1.0444658383913605E+000  1.0506232975739342E+000  1.0565022064306959E+000  1.0620896194462719E+000
  1.0674018541973598E+000  1.0723819489804551E+000  1.0770038042350794E+000  1.0812641702581733E+000  1.0850934183423591E+000
  1.0884867968270342E+000  1.0914465798516160E+000  1.0939503149519372E+000  1.0959779128071079E+000  1.0974998243475667E+000
  1.0985020990414034E+000  1.0989961269319179E+000  1.0989961269319930E+000  1.0985020990414105E+000  1.0974998243475265E+000
  1.0959779128072613E+000  1.0939503149523366E+000  1.0914465798519279E+000  1.0884867968275178E+000  1.0850934183432446E+000
  1.0812641702593142E+000  1.0770038042369001E+000  1.0723819489825837E+000  1.0674018541998005E+000  1.0620896194489027E+000
  1.0565022064335108E+000  1.0506232975771408E+000  1.0444658383949077E+000  1.0380623692027859E+000  1.0314088182861620E+000
  1.0245281218468185E+000  1.0174537366106353E+000  1.0102178881713169E+000  1.0028635054648878E+000  9.9540488652271808E-001
  9.8790642542706808E-001  9.8042106560725040E-001  9.7300621900014483E-001  9.6569447376420481E-001  9.5852457847202599E-001
  9.5156936799639047E-001  9.4488938612044915E-001  9.3850926780827360E-001  9.3248624978536088E-001  9.2688884656758863E-001
  9.2167928221708906E-001  9.1686747728600915E-001  9.1246587718951100E-001  9.0849267874567274E-001  9.0498637727112774E-001
  9.0195023900400262E-001  8.9939573689850005E-001  8.9733582802131706E-001  8.9577909963014135E-001  8.9473989908035945E-001
  8.9421999589858225E-001  8.9421999589841672E-001  8.9473989907990981E-001  8.9577909962948121E-001  8.9733582802033685E-001
  8.9939573689711183E-001  9.0195023900235993E-001  9.0498637726920705E-001  9.0849267874328177E-001  9.1246587718671923E-001
  9.1686747728298612E-001  9.2167928221392292E-001  9.2688884656435422E-001  9.3248624978161410E-001  9.3850926780430199E-001
  9.4488938611640994E-001  9.5156936799201908E-001  9.5852457846754135E-001  9.6569447375979267E-001  9.7300621899565576E-001
  9.8042106560297004E-001  9.8790642542278306E-001  9.9540488651835013E-001
BLOCK 58   7.2388801328191521E+000
  1.0026911828970106E+000  1.0103622363904361E+000  1.0179191940011949E+000  1.0252931788333366E+000  1.0324667572961153E+000
  1.0394287844202814E+000  1.0461267278410142E+000  1.0525258800138053E+000  1.0586529744921775E+000  1.0645625414970132E+000
  1.0701037655500387E+000  1.0752800652051198E+000  1.0800988739056514E+000  1.0845304083319389E+000  1.0885314561939232E+000
  1.0921008792308360E+000  1.0951997916695566E+000  1.0977925567099565E+000  1.0998881294402303E+000  1.1014866540388870E+000
  1.1025753570243031E+000  1.1031322148000589E+000  1.1031322148002067E+000  1.1025753570244632E+000  1.1014866540388439E+000
  1.0998881294402452E+000  1.0977925567102074E+000  1.0951997916699503E+000  1.0921008792315154E+000  1.0885314561949651E+000
  1.0845304083330787E+000  1.0800988739078641E+000  1.0752800652073968E+000  1.0701037655525043E+000  1.0645625414998259E+000
  1.0586529744957762E+000  1.0525258800176227E+000  1.0461267278448643E+000  1.0394287844243033E+000  1.0324667573002628E+000
  1.0252931788377577E+000  1.0179191940057946E+000  1.0103622363950455E+000  1.0026911829012237E+000  9.9492359351030091E-001
  9.8713095774792436E-001  9.7933469273270801E-001  9.7159874592229434E-001  9.6398970928770533E-001  9.5655069192165554E-001
  9.4932806636141609E-001  9.4238241523938504E-001  9.3576211473326776E-001  9.2956444065887367E-001  9.2374504526653856E-001
  9.1833172227632698E-001  9.1335481164053967E-001  9.0881358341751628E-001  9.0472235686252500E-001  9.0109447277261867E-001
  8.9794115327960733E-001  8.9529346471855775E-001  8.9316583057083176E-001  8.9155949093502118E-001  8.9048159116388403E-001
  8.8993785733817177E-001  8.8993785733807218E-001  8.9048159116354364E-001  8.9155949093440023E-001  8.9316583056985777E-001
  8.9529346471713322E-001  8.9794115327773849E-001  9.0109447277037913E-001  9.0472235686006597E-001  9.0881358341493812E-001
  9.1335481163769483E-001  9.1833172227296711E-001  9.2374504526293744E-001  9.2956444065498645E-001  9.3576211472908499E-001
  9.4238241523511246E-001  9.4932806635681599E-001  9.5655069191695830E-001  9.6398970928303207E-001  9.7159874591749629E-001
  9.7933469272797202E-001  9.8713095774311355E-001  9.9492359350549342E-001
BLOCK 59   7.3658780298861553E+000
  1.0024793566252996E+000  1.0104604038607161E+000  1.0183310019826162E+000  1.0260370224904309E+000  1.0335331065715496E+000
  1.0407813435025057E+000  1.0477790242448457E+000  1.0545089711696547E+000  1.0609320369426012E+000  1.0670906344630888E+000
  1.0728906802376181E+000  1.0783334195391114E+000  1.0833848435071731E+000  1.0879923865937924E+000  1.0921459203405655E+000
  1.0958524053818894E+000  1.0990793164972439E+000  1.1018087947242481E+000  1.1040308166975590E+000  1.1057033217946757E+000
  1.1068079954184020E+000  1.1073573763567495E+000  1.1073573763566265E+000  1.1068079954182679E+000  1.1057033217947518E+000
  1.1040308166978552E+000  1.1018087947245510E+000  1.0990793164976211E+000  1.0958524053827092E+000  1.0921459203419117E+000
  1.0879923865952035E+000  1.0833848435091649E+000  1.0783334195413643E+000  1.0728906802405938E+000  1.0670906344664344E+000
  1.0609320369463482E+000  1.0545089711736388E+000  1.0477790242493179E+000  1.0407813435075044E+000  1.0335331065765612E+000
  1.0260370224954556E+000  1.0183310019878327E+000  1.0104604038659597E+000  1.0024793566297756E+000  9.9436758741550191E-001
  9.8624547839792709E-001  9.7814318738951944E-001  9.7010958021278193E-001  9.6219891872945407E-001  9.5446841313508812E-001
  9.4697921427431087E-001  9.3979011582224781E-001  9.3293949022420408E-001  9.2651895228183900E-001  9.2049420954567562E-001
  9.1488899575143867E-001  9.0971629017128230E-001  9.0499356941432441E-001  9.0075585581614881E-001  8.9701251057890130E-001
  8.9376888588688286E-001  8.9103767052940097E-001  8.8882654683741147E-001  8.8715516126267724E-001  8.8604224744863613E-001
  8.8548670628862991E-001  8.8548670628850723E-001  8.8604224744817017E-001  8.8715516126178806E-001  8.8882654683617812E-001
  8.9103767052792493E-001  8.9376888588517356E-001  8.9701251057688369E-001  9.0075585581372875E-001  9.0499356941147502E-001
  9.0971629016816935E-001  9.1488899574801630E-001  9.2049420954195194E-001  9.2651895227787096E-001  9.3293949021996958E-001
  9.3979011581793026E-001  9.4697921426999565E-001  9.5446841312995401E-001  9.6219891872424268E-001  9.7010958020691618E-001
  9.7814318738403427E-001  9.8624547839271093E-001  9.9436758741036746E-001
BLOCK 60   7.4928759269531584E+000
  1.0022011319907085E+000  1.0105073485941034E+000  1.0187075252921003E+000  1.0267423474055628E+000  1.0345797484867658E+000
  1.0421738960398512E+000  1.0494979386664609E+000  1.0565214717146407E+000  1.0632947204188250E+000  1.0697113682583204E+000
  1.0757958757728512E+000  1.0814964572741892E+000  1.0867687642853330E+000  1.0915925076385398E+000  1.0959623750278533E+000
  1.0998453148234366E+000  1.1031992595238909E+000  1.1060217055011705E+000  1.1083102085086216E+000  1.1100384170583544E+000
  1.1112030203895613E+000  1.1117992023962358E+000  1.1117992023962522E+000  1.1112030203897263E+000  1.1100384170585047E+000
  1.1083102085088417E+000  1.1060217055016746E+000  1.1031992595246913E+000  1.0998453148243730E+000  1.0959623750289373E+000
  1.0915925076398671E+000  1.0867687642876867E+000  1.0814964572767429E+000  1.0757958757763464E+000  1.0697113682618777E+000
  1.0632947204228158E+000  1.0565214717194436E+000  1.0494979386715479E+000  1.0421738960451832E+000  1.0345797484924477E+000
  1.0267423474114232E+000  1.0187075252978948E+000  1.0105073485997860E+000  1.0022011319956727E+000  9.9373489086080269E-001
  9.8527892975699372E-001  9.7685525534481210E-001  9.6851180805222936E-001  9.6030647930724267E-001  9.5229936224448453E-001
  9.4454482592650613E-001  9.3709707489790095E-001  9.3001966884710974E-001  9.2335753556324163E-001  9.1711066359927296E-001
  9.1129809374864090E-001  9.0593498512294435E-001  9.0104415532225268E-001  8.9664553302663230E-001  8.9275056966072597E-001
  8.8938558130077250E-001  8.8656931409254236E-001  8.8430089767245346E-001  8.8258538501883288E-001  8.8143036625940585E-001
  8.8084462628813687E-001  8.8084462628787508E-001  8.8143036625870319E-001  8.8258538501786232E-001  8.8430089767128572E-001
  8.8656931409107753E-001  8.8938558129892820E-001  8.9275056965858302E-001  8.9664553302421823E-001  9.0104415531938686E-001
  9.0593498511969139E-001  9.1129809374510418E-001  9.1711066359549576E-001  9.2335753555940447E-001  9.3001966884294140E-001
  9.3709707489320138E-001  9.4454482592156996E-001  9.5229936223900413E-001  9.6030647930150559E-001  9.6851180804625903E-001
  9.7685525533910633E-001  9.8527892975098608E-001  9.9373489085462063E-001
BLOCK 61   7.6198738240201616E+000
  1.0018384790857469E+000  1.0104773560073892E+000  1.0190533936889956E+000  1.0274524607324236E+000  1.0356255232627976E+000
  1.0435411128890129E+000  1.0511954939426966E+000  1.0585958617415681E+000  1.0657030037736754E+000  1.0724835348682920E+000
  1.0788524760556100E+000  1.0847871195462981E+000  1.0903040348057136E+000  1.0953744125635976E+000  1.0999500389609216E+000
  1.1039924459726773E+000  1.1074899376989367E+000  1.1104396170802298E+000  1.1128168257480298E+000  1.1145964201684604E+000
  1.1157867726470958E+000  1.1163919347992870E+000  1.1163919347993305E+000  1.1157867726474229E+000  1.1145964201688774E+000
  1.1128168257484790E+000  1.1104396170808035E+000  1.1074899376996081E+000  1.1039924459736683E+000  1.0999500389624577E+000
  1.0953744125655083E+000  1.0903040348082358E+000  1.0847871195490044E+000  1.0788524760590685E+000  1.0724835348720174E+000
  1.0657030037783186E+000  1.0585958617468101E+000  1.0511954939484660E+000  1.0435411128950278E+000  1.0356255232689877E+000
  1.0274524607388156E+000  1.0190533936957233E+000  1.0104773560141644E+000  1.0018384790910833E+000  9.9302234869413053E-001
  9.8424199307861449E-001  9.7548816054384058E-001  9.6682383979873510E-001  9.5831504901765563E-001  9.5001032304273747E-001
  9.4197215185635252E-001  9.3427809981523724E-001  9.2698534654107934E-001  9.2009876778520638E-001  9.1361589938909316E-001
  9.0757175429256409E-001  9.0199986775925145E-001  8.9692438498754479E-001  8.9236274650562453E-001  8.8832967801775842E-001
  8.8484242066195318E-001  8.8191281921673725E-001  8.7955414148903532E-001  8.7778758727052786E-001  8.7661650026800897E-001
  8.7551994179934856E-001  8.7551994179927861E-001  8.7661650026761606E-001  8.7778758726970341E-001  8.7955414148775590E-001
  8.8191281921509102E-001  8.8484242065996754E-001  8.8832967801542173E-001  8.9236274650299252E-001  8.9692438498463489E-001
  9.0199986775618113E-001  9.0757175428930892E-001  9.1361589938532628E-001  9.2009876778092714E-001  9.2698534653648745E-001
  9.3427809981013954E-001  9.4197215185100236E-001  9.5001032303707655E-001  9.5831504901167330E-001  9.6682383979249087E-001
  9.7548816053763066E-001  9.8424199307213911E-001  9.9302234868751815E-001
BLOCK 62   7.7468717210871647E+000
  1.0014524391319501E+000  1.0104226863627659E+000  1.0193411018274052E+000  1.0280841985443316E+000  1.0366358012114798E+000
  1.0449597356925864E+000  1.0529824198912394E+000  1.0607198089947090E+000  1.0681660871802070E+000  1.0752763044109863E+000
  1.0819765584319527E+000  1.0882530405779594E+000  1.0940607787774110E+000  1.0993394803111323E+000  1.1040847449549056E+000
  1.1083024458251163E+000  1.1119692475026095E+000  1.1150465768702760E+000  1.1175127219984102E+000  1.1193639740575538E+000
  1.1205979604933280E+000  1.1212138620065730E+000  1.1212138620065140E+000  1.1205979604934524E+000  1.1193639740578765E+000
  1.1175127219989749E+000  1.1150465768712106E+000  1.1119692475037164E+000  1.1083024458265629E+000  1.1040847449566191E+000
  1.0993394803128023E+000  1.0940607787797370E+000  1.0882530405811548E+000  1.0819765584358481E+000  1.0752763044154880E+000
  1.0681660871853960E+000  1.0607198090001779E+000  1.0529824198972395E+000  1.0449597356992855E+000  1.0366358012186641E+000
  1.0280841985516047E+000  1.0193411018348175E+000  1.0104226863701558E+000  1.0014524391373674E+000  9.9224017572127954E-001
  9.8310010719682150E-001  9.7400902349456242E-001  9.6502587231117032E-001  9.5620909049249614E-001  9.4761100317538893E-001
  9.3929632533232532E-001  9.3134466288372186E-001  9.2380837000564220E-001  9.1668158033757463E-001  9.0997299191572434E-001
  9.0371706650902528E-001  8.9793587299793787E-001  8.9265503277356206E-001  8.8790589644815421E-001  8.8371498758666045E-001
  8.8010136286775564E-001  8.7707596424017198E-001  8.7481601237638884E-001  8.7280782235160137E-001  8.7157595570177770E-001
  8.7095297446966702E-001  8.7095297446946995E-001  8.7157595570122426E-001  8.7280782235065457E-001  8.7481601237922813E-001
  8.7707596423857415E-001  8.8010136286571616E-001  8.8371498758428313E-001  8.8790589644559481E-001  8.9265503277077363E-001
  8.9793587299474442E-001  9.0371706650544614E-001  9.0997299191176850E-001  9.1668158033313185E-001  9.2380837000081806E-001
  9.3134466287846895E-001  9.3929632532658314E-001  9.4761100316928415E-001  9.5620909048609226E-001  9.6502587230458270E-001
  9.7400902348782126E-001  9.8310010718980001E-001  9.9224017571417988E-001
BLOCK 63   7.8738696181541679E+000
  1.0008843109686347E+000  1.0102837874177613E+000  1.0196008007307613E+000  1.0287519494252002E+000  1.0376838471750511E+000
  1.0463728628729316E+000  1.0547697972302068E+000  1.0629115070959321E+000  1.0707194439357903E+000  1.0781785242799482E+000
  1.0852115972500398E+000  1.0917959340830248E+000  1.0978839233374085E+000  1.1034369891753766E+000  1.1084409986150481E+000
  1.1128585811048590E+000  1.1166549712749529E+000  1.1198265955743296E+000  1.1223914398662351E+000  1.1246683060858989E+000
  1.1253291238309238E+000  1.1256560112027139E+000  1.1256560112027805E+000  1.1253291238311485E+000  1.1246683060862377E+000
  1.1223914398669255E+000  1.1198265955753712E+000  1.1166549712760145E+000  1.1128585811062670E+000  1.1084409986170560E+000
  1.1034369891777605E+000  1.0978839233404156E+000  1.0917959340866115E+000  1.0852115972542089E+000  1.0781785242848281E+000
  1.0707194439413330E+000  1.0629115071019748E+000  1.0547697972371413E+000  1.0463728628801159E+000  1.0376838471826324E+000
  1.0287519494330377E+000  1.0196008007387494E+000  1.0102837874257309E+000  1.0008843109719743E+000  9.9137553345457141E-001
  9.8188618266238947E-001  9.7244580590669183E-001  9.6311769875797293E-001  9.5397996500923843E-001  9.4509833940045740E-001
  9.3649363376897554E-001  9.2829555605445246E-001  9.2048928472235336E-001  9.1311079462932843E-001  9.0616685988472967E-001
  8.9968614947512182E-001  8.9369412015405292E-001  8.8822583578805570E-001  8.8331119282008486E-001  8.7896647192280830E-001
  8.7511140555213118E-001  8.7203476573801930E-001  8.6948528700222005E-001  8.6757174062938158E-001  8.6629136242035665E-001
  8.6565035347878161E-001  8.6565035347853514E-001  8.6629136241964910E-001  8.6757174062828191E-001  8.6948528700093974E-001
  8.7203476573630756E-001  8.7511140555119515E-001  8.7896647192093269E-001  8.8331119281758130E-001  8.8822583578505654E-001
  8.9369412015057870E-001  8.9968614947123615E-001  9.0616685988055357E-001  9.1311079462473288E-001  9.2048928471730251E-001
  9.2829555604915459E-001  9.3649363376361339E-001  9.4509833939444465E-001  9.5397996500184079E-001  9.6311769875068798E-001
  9.7244580589880336E-001  9.8188618265427152E-001  9.9137553344676665E-001
BLOCK 64   8.0008675152211701E+000
  1.0002884084433941E+000  1.0101268443316633E+000  1.0198383211320756E+000  1.0293820428606453E+000  1.0386914179296411E+000
  1.0477522778784507E+000  1.0565934178426419E+000  1.0651756842201470E+000  1.0734143364096802E+000  1.0812173200422512E+000
  1.0885637909922654E+000  1.0954570916744766E+000  1.1018413256586854E+000  1.1076712718178447E+000  1.1129165037307689E+000
  1.1175443093376229E+000  1.1215433559331849E+000  1.1249372092059815E+000  1.1275699516081639E+000  1.1295791624102225E+000
  1.1309179523249058E+000  1.1315874781165651E+000  1.1315874781167223E+000  1.1309179523253856E+000  1.1295791624108082E+000
  1.1275699516087649E+000  1.1249372092066152E+000  1.1215433559345356E+000  1.1175443093394748E+000  1.1129165037331852E+000
  1.1076712718208175E+000  1.1018413256620574E+000  1.0954570916781532E+000  1.0885637909969472E+000  1.0812173200474116E+000
  1.0734143364157192E+000  1.0651756842267539E+000  1.0565934178500704E+000  1.0477522778864241E+000  1.0386914179379347E+000
  1.0293820428689286E+000  1.0198383211404680E+000  1.0101268443404994E+000  1.0002884084478911E+000  9.9041620218335691E-001
  9.8055326291950862E-001  9.7077458667960703E-001  9.6111527201725011E-001  9.5163098149942238E-001  9.4242114238633234E-001
  9.3354293128572552E-001  9.2509845742979913E-001  9.1705156492992135E-001  9.0940479295035070E-001  9.0219728667468102E-001
  8.9548806488259214E-001  8.8930187703133590E-001  8.8365106286503325E-001  8.7854420857357107E-001  8.7447649107142944E-001
  8.7006992192724297E-001  8.6676781650417656E-001  8.6410636876262825E-001  8.6210777320241205E-001  8.6077139322104612E-001
  8.6010674889487471E-001  8.6010674889470851E-001  8.6077139322044649E-001  8.6210777320156051E-001  8.6410636876145808E-001
  8.6676781650246937E-001  8.7006992192554133E-001  8.7447649107301861E-001  8.7854420857116922E-001  8.8365106286228667E-001
  8.8930187702803387E-001  8.9548806487859267E-001  9.0219728667020083E-001  9.0940479294570320E-001  9.1705156492511819E-001
  9.2509845742421981E-001  9.3354293127933885E-001  9.4242114237950914E-001  9.5163098149195324E-001  9.6111527200947600E-001
  9.7077458667119354E-001  9.8055326291085654E-001  9.9041620217468407E-001
BLOCK 65   8.1278654122881733E+000
  9.9970118392503626E-001  1.0099054068172921E+000  1.0199962444451955E+000  1.0299475703088816E+000  1.0397228560230047E+000
  1.0492395108087573E+000  1.0584816119917941E+000  1.0674718215975194E+000  1.0761017513433664E+000  1.0843068845389667E+000
  1.0920632948195801E+000  1.0993064023783623E+000  1.1059716521163545E+000  1.1120635118020263E+000  1.1175647239512887E+000
  1.1224210584732635E+000  1.1266145421228393E+000  1.1301356026586866E+000  1.1329479155533673E+000  1.1350530525257609E+000
  1.1364642242543581E+000  1.1371773786476604E+000  1.1371773786476227E+000  1.1364642242546013E+000  1.1350530525263534E+000
  1.1329479155543383E+000  1.1301356026601970E+000  1.1266145421230025E+000  1.1224210584752230E+000  1.1175647239536493E+000
  1.1120635118050877E+000  1.1059716521201224E+000  1.0993064023825532E+000  1.0920632948247726E+000  1.0843068845449149E+000
  1.0761017513499429E+000  1.0674718216044949E+000  1.0584816119995679E+000  1.0492395108170027E+000  1.0397228560319074E+000
  1.0299475703183592E+000  1.0199962444547290E+000  1.0099054068268338E+000  9.9970118393019469E-001  9.8941146464924001E-001
  9.7913983112041725E-001  9.6896009174659092E-001  9.5894351442316839E-001  9.4915069146954889E-001  9.3964811518818370E-001
  9.3048094149821858E-001  9.2173534598708629E-001  9.1341254196849153E-001  9.0553501582115670E-001  8.9812248072023981E-001
  8.9118572448979527E-001  8.8474333329689892E-001  8.7883616238113926E-001  8.7350044896634571E-001  8.6879324753829290E-001
  8.6471533925174737E-001  8.6128405323589996E-001  8.5851741014828420E-001  8.5643036532041261E-001  8.5502180281966800E-001
  8.5431580935665996E-001  8.5431580935660878E-001  8.5502180281918483E-001  8.5643036531972472E-001  8.5851741014728966E-001
  8.6128405323424917E-001  8.6471533924972233E-001  8.6879324753612008E-001  8.7350044896795331E-001  8.7883616237828843E-001
  8.8474333329375621E-001  8.9118572448639410E-001  8.9812248071635958E-001  9.0553501581629658E-001  9.1341254196286070E-001
  9.2173534598099882E-001  9.3048094149135874E-001  9.3964811518084457E-001  9.4915069146150599E-001  9.5894351441451287E-001
  9.6896009173759312E-001  9.7913983111143743E-001  9.8941146464020069E-001
BLOCK 66   8.2548633093551764E+000
  9.9894094830450908E-001  1.0096026729568461E+000  1.0201802300354075E+000  1.0305840772095960E+000  1.0407824726309280E+000
  1.0507380747375930E+000  1.0604155576929595E+000  1.0698247730392914E+000  1.0788638274973823E+000  1.0874723113119185E+000
  1.0956165122805064E+000  1.1032309714087130E+000  1.1102583468425171E+000  1.1166802071049697E+000  1.1224436258619006E+000
  1.1274989457014593E+000  1.1318638329246800E+000  1.1355496314243687E+000  1.1385351301474422E+000  1.1407968090465190E+000
  1.1423068899995554E+000  1.1430546774823271E+000  1.1430546774824746E+000  1.1423068900003051E+000  1.1407968090476166E+000
  1.1385351301486459E+000  1.1355496314258411E+000  1.1318638329265747E+000  1.1274989457037274E+000  1.1224436258645480E+000
  1.1166802071082396E+000  1.1102583468466845E+000  1.1032309714135720E+000  1.0956165122862356E+000  1.0874723113183151E+000
  1.0788638275044287E+000  1.0698247730469661E+000  1.0604155577014767E+000  1.0507380747465622E+000  1.0407824726404005E+000
  1.0305840772195842E+000  1.0201802300454010E+000  1.0096026729668450E+000  9.9894094831239277E-001  9.8826612829451987E-001
  9.7763755110978734E-001  9.6709144802577085E-001  9.5670262262879180E-001  9.4654317444958136E-001  9.3667952853339154E-001
  9.2725181684877545E-001  9.1824820963931020E-001  9.0967615717493189E-001  9.0152360307796231E-001  8.9382764597555608E-001
  8.8662418730115056E-001  8.7993772001857218E-001  8.7378914036818733E-001  8.6826936171753233E-001  8.6336606999475152E-001
  8.5911568630664392E-001  8.5554772544062696E-001  8.5267653906563057E-001  8.5050880503077464E-001  8.4905010077723797E-001
  8.4832434131912715E-001  8.4832434131915480E-001  8.4905010077667575E-001  8.5050880502978854E-001  8.5267653906451069E-001
  8.5554772543911417E-001  8.5911568630450974E-001  8.6336606999238574E-001  8.6826936171518021E-001  8.7378914037174171E-001
  8.7993772001556136E-001  8.8662418729752668E-001  8.9382764597142483E-001  9.0152360307313095E-001  9.0967615716922468E-001
  9.1824820963285447E-001  9.2725181684137936E-001  9.3667952852525449E-001  9.4654317444077063E-001  9.5670262261962302E-001
  9.6709144801646529E-001  9.7763755110021289E-001  9.8826612828460558E-001
BLOCK 67   8.3818612064221796E+000
  9.9799469731130952E-001  1.0092959750812625E+000  1.0203182417075853E+000  1.0311900859800649E+000  1.0418598066033851E+000
  1.0522679812545792E+000  1.0623827424552790E+000  1.0722257929126218E+000  1.0817100623019773E+000  1.0907533755714647E+000
  1.0992976364012115E+000  1.1072885400096053E+000  1.1146676817122569E+000  1.1213912043393555E+000  1.1274233519112624E+000
  1.1327655270552324E+000  1.1374030526914809E+000  1.1412952609917113E+000  1.1444132215743579E+000  1.1467755554895152E+000
  1.1483784730048980E+000  1.1491889275176272E+000  1.1491889275177283E+000  1.1483784730056232E+000  1.1467755554906736E+000
  1.1444132215759293E+000  1.1412952609936369E+000  1.1374030526937609E+000  1.1327655270579979E+000  1.1274233519131245E+000
  1.1213912043431098E+000  1.1146676817165271E+000  1.1072885400142092E+000  1.0992976364069287E+000  1.0907533755783809E+000
  1.0817100623096476E+000  1.0722257929214025E+000  1.0623827424650063E+000  1.0522679812643119E+000  1.0418598066132552E+000
  1.0311900859902936E+000  1.0203182417180066E+000  1.0092959750917041E+000  9.9799469731800783E-001  9.8706221196915944E-001
  9.7598063607277741E-001  9.6502022708137292E-001  9.5427139782717929E-001  9.4380201785444773E-001  9.3365364258659445E-001
  9.2394743935426304E-001  9.1464212147679591E-001  9.0574739549106253E-001  8.9728975584173998E-001  8.8931197893309299E-001
  8.8182858637032546E-001  8.7487423023867983E-001  8.6851813700715186E-001  8.6278238316751132E-001  8.5769861451325824E-001
  8.5329434604609189E-001  8.4958759313389642E-001  8.4659681470617421E-001  8.4434471135910805E-001  8.4284245549000480E-001
  8.4209976661413799E-001  8.4209976661413144E-001  8.4284245548934478E-001  8.4434471135783828E-001  8.4659681470463088E-001
  8.4958759313235699E-001  8.5329434604440957E-001  8.5769861451123131E-001  8.6278238316492861E-001  8.6851813700445113E-001
  8.7487423024184019E-001  8.8182858636670369E-001  8.8931197892864211E-001  8.9728975583658765E-001  9.0574739548510252E-001
  9.1464212146998314E-001  9.2394743934669210E-001  9.3365364257862993E-001  9.4380201784604345E-001  9.5427139781717574E-001
  9.6502022707080137E-001  9.7598063606139862E-001  9.8706221195821564E-001
BLOCK 68   8.5088591034891827E+000
  9.9718455036250730E-001  1.0089560372624480E+000  1.0204539914871276E+000  1.0317738514607311E+000  1.0428594879650412E+000
  1.0537317890567663E+000  1.0644622019184788E+000  1.0747983700528843E+000  1.0846890031048100E+000  1.0941357280292225E+000
  1.1030755964111247E+000  1.1114396325325804E+000  1.1191770775631045E+000  1.1262349939326970E+000  1.1326174680531813E+000
  1.1382628544363864E+000  1.1431572351342905E+000  1.1472705882758703E+000  1.1505841913894972E+000  1.1530788385095998E+000
  1.1547270229282289E+000  1.1555369898018539E+000  1.1555369898020449E+000  1.1547270229289734E+000  1.1530788385106936E+000
  1.1505841913912929E+000  1.1472705882783973E+000  1.1431572351372814E+000  1.1382628544397295E+000  1.1326174680565819E+000
  1.1262349939303125E+000  1.1191770775677725E+000  1.1114396325379647E+000  1.1030755964176420E+000  1.0941357280369193E+000
  1.0846890031132641E+000  1.0747983700617252E+000  1.0644622019276817E+000  1.0537317890673041E+000  1.0428594879759467E+000
  1.0317738514716042E+000  1.0204539914983095E+000  1.0089560372740731E+000  9.9718455037137077E-001  9.8574679653509145E-001
  9.7423505568644797E-001  9.6288827467831339E-001  9.5175781941585813E-001  9.4092168715034274E-001  9.3046295079650010E-001
  9.2045481117226680E-001  9.1083809584959752E-001  9.0162497773925943E-001  8.9285268895062675E-001  8.8456070180540247E-001
  8.7677377032661452E-001  8.6956114123239792E-001  8.6297032696885145E-001  8.5703530042169107E-001  8.5177720940683088E-001
  8.4722381182297934E-001  8.4338899406826739E-001  8.4029818595717920E-001  8.3796715346324768E-001  8.3639278319629395E-001
  8.3559566769594862E-001  8.3559566769561477E-001  8.3639278319542143E-001  8.3796715346243311E-001  8.4029818595600270E-001
  8.4338899406650403E-001  8.4722381182099837E-001  8.5177720940482127E-001  8.5703530041910614E-001  8.6297032696584364E-001
  8.6956114122867589E-001  8.7677377032296200E-001  8.8456070180067836E-001  8.9285268894507275E-001  9.0162497773310069E-001
  9.1083809584295705E-001  9.2045481116492622E-001  9.3046295078786878E-001  9.4092168714062774E-001  9.5175781940547521E-001
  9.6288827466728200E-001  9.7423505567482471E-001  9.8574679652363117E-001
BLOCK 69   8.6358570005561859E+000
  9.9632107466668351E-001  1.0084821139276754E+000  1.0204277889478446E+000  1.0322764282158976E+000  1.0439447891267017E+000
  1.0553376165994957E+000  1.0665333355221271E+000  1.0773472450808816E+000  1.0877467500560061E+000  1.0976742408442788E+000
  1.1070252031438204E+000  1.1157571300910394E+000  1.1238615916843728E+000  1.1312871215380118E+000  1.1380123409037768E+000
  1.1439808612777667E+000  1.1491486925392520E+000  1.1534815970356362E+000  1.1569665648960952E+000  1.1595919852543877E+000
  1.1613532345537536E+000  1.1622486353878356E+000  1.1622486353881651E+000  1.1613532345548094E+000  1.1595919852560095E+000
  1.1569665648982812E+000  1.1534815970381276E+000  1.1491486925421257E+000  1.1439808612814981E+000  1.1380123409080540E+000
  1.1312871215429938E+000  1.1238615916900820E+000  1.1157571300973437E+000  1.1070252031505998E+000  1.0976742408516136E+000
  1.0877467500643594E+000  1.0773472450902080E+000  1.0665333355318733E+000  1.0553376166102795E+000  1.0439447891384193E+000
  1.0322764282283006E+000  1.0204277889603997E+000  1.0084821139401530E+000  9.9632107467696296E-001  9.8442343114950670E-001
  9.7246616696234445E-001  9.6067911679125961E-001  9.4914002814094367E-001  9.3792527932736269E-001  9.2709767867970827E-001
  9.1672893821347345E-001  9.0678045774130878E-001  8.9724878320834545E-001  8.8815758864761052E-001  8.7955155144896169E-001
  8.7144641845993442E-001  8.6399742995329576E-001  8.5717744118070793E-001  8.5104047333020238E-001  8.4560278484402207E-001
  8.4089573602491086E-001  8.3692998936375307E-001  8.3372577441483553E-001  8.3130768043176373E-001  8.2968851106301489E-001
  8.2887919294574530E-001  8.2887919294569445E-001  8.2968851106271579E-001  8.3130768043119407E-001  8.3372577441316154E-001
  8.3692998936200491E-001  8.4089573602289724E-001  8.4560278484153784E-001  8.5104047332725064E-001  8.5717744117742622E-001
  8.6399742994932671E-001  8.7144641845693183E-001  8.7955155144413466E-001  8.8815758864243355E-001  8.9724878320245338E-001
  9.0678045773412075E-001  9.1672893820525969E-001  9.2709767867049042E-001  9.3792527931707925E-001  9.4914002813000464E-001
  9.6067911677966977E-001  9.7246616695056121E-001  9.8442343113782438E-001
BLOCK 70   8.7628548976231890E+000
  9.9536243458444218E-001  1.0079934598554465E+000  1.0204799862599423E+000  1.0328328676209333E+000  1.0450006034505850E+000
  1.0569226632254622E+000  1.0686286310262787E+000  1.0799533337754652E+000  1.0908506612502047E+000  1.1012458487532288E+000
  1.1110653867275877E+000  1.1202749025526892E+000  1.1288116329812519E+000  1.1366101151475232E+000  1.1436367060017503E+000
  1.1498837085932354E+000  1.1553199845411692E+000  1.1599058532344395E+000  1.1636139785124480E+000  1.1664109834914411E+000
  1.1682791647354793E+000  1.1692203986417751E+000  1.1692203986421708E+000  1.1682791647365540E+000  1.1664109834930765E+000
  1.1636139785147455E+000  1.1599058532373940E+000  1.1553199845448034E+000  1.1498837085978901E+000  1.1436367060070221E+000
  1.1366101151531991E+000  1.1288116329868054E+000  1.1202749025592731E+000  1.1110653867348872E+000  1.1012458487608152E+000
  1.0908506612581290E+000  1.0799533337859468E+000  1.0686286310372251E+000  1.0569226632370465E+000  1.0450006034628743E+000
  1.0328328676337575E+000  1.0204799862727694E+000  1.0079934598684781E+000  9.9536243459653428E-001  9.8296555477653813E-001
  9.7059812627821340E-001  9.5838188638317567E-001  9.4639014133930977E-001  9.3476077501396548E-001  9.2358758397585183E-001
  9.1282825523044320E-001  9.0248105719955141E-001  8.9257477716590905E-001  8.8314402699453631E-001  8.7416640983193561E-001
  8.6590321895207811E-001  8.5820785765528829E-001  8.5114884451828077E-001  8.4478813822419929E-001  8.3915405423002010E-001
  8.3427890766571899E-001  8.3018381701234734E-001  8.2688509926093512E-001  8.2439623185663768E-001  8.2272917456033146E-001
  8.2189552301087665E-001  8.2189552301086977E-001  8.2272917455999017E-001  8.2439623185576372E-001  8.2688509925954223E-001
  8.3018381701101007E-001  8.3427890766279467E-001  8.3915405422617217E-001  8.4478813822046728E-001  8.5114884451445605E-001
  8.5820785765131402E-001  8.6590321894788524E-001  8.7416640983566307E-001  8.8314402698880767E-001  8.9257477715945543E-001
  9.0248105719187932E-001  9.1282825522184485E-001  9.2358758396631679E-001  9.3476077500351662E-001  9.4639014132819210E-001
  9.5838188637124833E-001  9.7059812626581499E-001  9.8296555476372971E-001
BLOCK 71   8.8898527946901922E+000
  9.9442151336961282E-001  1.0075279947759397E+000  1.0205333494354136E+000  1.0334012061331788E+000  1.0460775976062626E+000
  1.0585132833931454E+000  1.0707270052994402E+000  1.0825855567930738E+000  1.0940227505174116E+000  1.1049503408070167E+000
  1.1152802500179764E+000  1.1249478075835873E+000  1.1338992762959796E+000  1.1420951223420870E+000  1.1495088543984089E+000
  1.1560944355295300E+000  1.1617977502648347E+000  1.1666039137809199E+000  1.1705062689112147E+000  1.1734739188539809E+000
  1.1754684382400116E+000  1.1764652155108670E+000  1.1764652155111543E+000  1.1754684382409091E+000  1.1734739188557555E+000
  1.1705062689140291E+000  1.1666039137849029E+000  1.1617977502694732E+000  1.1560944355346381E+000  1.1495088544040386E+000
  1.1420951223483198E+000  1.1338992763022901E+000  1.1249478075856967E+000  1.1152802500255523E+000  1.1049503408158132E+000
  1.0940227505268876E+000  1.0825855568039737E+000  1.0707270053107329E+000  1.0585132834053474E+000  1.0460775976191692E+000
  1.0334012061463822E+000  1.0205333494487014E+000  1.0075279947894178E+000  9.9442151338271068E-001  9.8143163699676883E-001
  9.6853492481514203E-001  9.5586279970793764E-001  9.4348243506093821E-001  9.3144986857098166E-001  9.1987547278611326E-001
  9.0870259483618043E-001  8.9796241942045496E-001  8.8767837740730160E-001  8.7788021125631710E-001  8.6865129486276882E-001
  8.6003068271054006E-001  8.5208711061078080E-001  8.4481882516581464E-001  8.3826861544340237E-001  8.3245360116474310E-001
  8.2740660473491101E-001  8.2316953136288673E-001  8.1976486998379072E-001  8.1720176634231179E-001  8.1548556621648449E-001
  8.1462341492533774E-001  8.1462341492503676E-001  8.1548556621584123E-001  8.1720176634141495E-001  8.1976486998225595E-001
  8.2316953136085713E-001  8.2740660473123684E-001  8.3245360116184131E-001  8.3826861543904663E-001  8.4481882516075413E-001
  8.5208711060560127E-001  8.6003068270539573E-001  8.6865129485699244E-001  8.7788021125040183E-001  8.8767837740021216E-001
  8.9796241941229116E-001  9.0870259482740845E-001  9.1987547277646575E-001  9.3144986856026335E-001  9.4348243504929019E-001
  9.5586279969526122E-001  9.6853492480208458E-001  9.8143163698343316E-001
BLOCK 72   9.0168506917571953E+000
  9.9340005101394047E-001  1.0069932792209657E+000  1.0205433706316134E+000  1.0339658710442976E+000  1.0471810209625259E+000
  1.0601506451805343E+000  1.0729041358186231E+000  1.0853216006128108E+000  1.0973025650568575E+000  1.1087502183243558E+000
  1.1195856944731317E+000  1.1297432648851971E+000  1.1391658729155578E+000  1.1478040902235562E+000  1.1556126690317332E+000
  1.1625385620227362E+000  1.1685543113606442E+000  1.1736363544614972E+000  1.1777288854765799E+000  1.1808115238411472E+000
  1.1828934788714716E+000  1.1839474065189528E+000  1.1839474065195372E+000  1.1828934788731678E+000  1.1808115238439163E+000
  1.1777288854799006E+000  1.1736363544656263E+000  1.1685543113656236E+000  1.1625385620282833E+000  1.1556126690375241E+000
  1.1478040902300732E+000  1.1391658729229091E+000  1.1297432648927854E+000  1.1195856944818190E+000  1.1087502183339808E+000
  1.0973025650670813E+000  1.0853216006240691E+000  1.0729041358305553E+000  1.0601506451931733E+000  1.0471810209755374E+000
  1.0339658710578572E+000  1.0205433706455704E+000  1.0069932792352541E+000  9.9340005102851692E-001  9.7985147271393580E-001
  9.6642851113182104E-001  9.5323756651146629E-001  9.4035586535551707E-001  9.2787007923582654E-001  9.1589400321808134E-001
  9.0433271614186039E-001  8.9319605614499809E-001  8.8252348351446652E-001  8.7225479900197944E-001  8.6278690523362245E-001
  8.5388064573939659E-001  8.4567175913747394E-001  8.3816406370124819E-001  8.3141228691936875E-001  8.2544228685265875E-001
  8.2027039177743122E-001  8.1591573854135113E-001  8.1239421814638235E-001  8.0969223402256751E-001  8.0791581014148861E-001
  8.0703352663919192E-001  8.0703352663894656E-001  8.0791581014075842E-001  8.0969223402112722E-001  8.1239421814393331E-001
  8.1591573853935562E-001  8.2027039177412653E-001  8.2544228684928078E-001  8.3141228691522262E-001  8.3816406369493479E-001
  8.4567175913126580E-001  8.5388064573266254E-001  8.6278690522620982E-001  8.7225479900003233E-001  8.8252348350698451E-001
  8.9319605613698949E-001  9.0433271613290001E-001  9.1589400320817238E-001  9.2787007922508680E-001  9.4035586534392579E-001
  9.5323756649803126E-001  9.6642851111803640E-001  9.7985147269984041E-001
BLOCK 73   9.1438485888241985E+000
  9.9225341686972857E-001  1.0064183290363471E+000  1.0205249234845908E+000  1.0345027247742458E+000  1.0482885266180557E+000
  1.0618571887767123E+000  1.0751966891531699E+000  1.0881710247786145E+000  1.1006900047157153E+000  1.1126702664527159E+000
  1.1240444748052338E+000  1.1346990975790940E+000  1.1446142850500207E+000  1.1537160437298095E+000  1.1619500180677738E+000
  1.1692559756922285E+000  1.1755949644746195E+000  1.1809332078249317E+000  1.1852593498783131E+000  1.1885210596645526E+000
  1.1905773188863575E+000  1.1915968361514990E+000  1.1915968361524163E+000  1.1905773188887863E+000  1.1885210596677096E+000
  1.1852593498822093E+000  1.1809332078293955E+000  1.1755949644795176E+000  1.1692559756981133E+000  1.1619500180745164E+000
  1.1537160437373919E+000  1.1446142850586012E+000  1.1346990975880376E+000  1.1240444748146465E+000  1.1126702664629500E+000
  1.1006900047267154E+000  1.0881710247905005E+000  1.0751966891655989E+000  1.0618571887897910E+000  1.0482885266317445E+000
  1.0345027247887482E+000  1.0205249234990870E+000  1.0064183290504620E+000  9.9225341688439950E-001  9.7814831405872704E-001
  9.6418836086116677E-001  9.5047190018910310E-001  9.3708123589698977E-001  9.2412852111750787E-001  9.1167909670312519E-001
  8.9967040410918575E-001  8.8810656677915734E-001  8.7709250225844348E-001  8.6655335284490309E-001  8.5666879336270219E-001
  8.4744502629831053E-001  8.3896219286499407E-001  8.3123405058699484E-001  8.2430231879453653E-001  8.1817053181733002E-001
  8.1281072982772884E-001  8.0817862619097336E-001  8.0461288927674202E-001  8.0189380743395111E-001  8.0007479658495451E-001
  7.9915025676061591E-001  7.9915025676018492E-001  8.0007479658392078E-001  8.0189380743294347E-001  8.0461288927482399E-001
  8.0817862618914704E-001  8.1281072982421232E-001  8.1817053181232569E-001  8.2430231878917370E-001  8.3123405058134126E-001
  8.3896219285720186E-001  8.4744502629012519E-001  8.5666879335400481E-001  8.6655335283614976E-001  8.7709250224963187E-001
  8.8810656677011068E-001  8.9967040409967203E-001  9.1167909669299063E-001  9.2412852110637544E-001  9.3708123588460546E-001
  9.5047190017521233E-001  9.6418836084693293E-001  9.7814831404424862E-001
BLOCK 74   9.2708464858912016E+000
  9.9098982083610521E-001  1.0057665794483011E+000  1.0204582159384223E+000  1.0350378714029791E+000  1.0493991177135906E+000
  1.0636853786041220E+000  1.0775697207373705E+000  1.0911109441582882E+000  1.1042194814801172E+000  1.1167751454043502E+000
  1.1286682031345556E+000  1.1398687022690048E+000  1.1502858958505398E+000  1.1598655480990712E+000  1.1685421431914040E+000
  1.1762714455534478E+000  1.1830080797036744E+000  1.1885404793773107E+000  1.1929091386233159E+000  1.1962711721362633E+000
  1.1985127471308068E+000  1.1996454716042841E+000  1.1996454716050666E+000  1.1985127471328543E+000  1.1962711721393913E+000
  1.1929091386278590E+000  1.1885404793828642E+000  1.1830080797096512E+000  1.1762714455603405E+000  1.1685421431991885E+000
  1.1598655481074249E+000  1.1502858958598381E+000  1.1398687022789464E+000  1.1286682031420034E+000  1.1167751454154509E+000
  1.1042194814919164E+000  1.0911109441709586E+000  1.0775697207507511E+000  1.0636853786179550E+000  1.0493991177280053E+000
  1.0350378714176733E+000  1.0204582159530897E+000  1.0057665794623245E+000  9.9098982085094867E-001  9.7630023016823031E-001
  9.6176248943578091E-001  9.4750216050202529E-001  9.3362006932553054E-001  9.2022034128947361E-001  9.0726626876149752E-001
  8.9476333040357114E-001  8.8273927417533060E-001  8.7112544606347575E-001  8.6039000332071525E-001  8.5022826761304082E-001
  8.4078107910270805E-001  8.3207063705939543E-001  8.2407189569490624E-001  8.1679839921920594E-001  8.1028509984851771E-001
  8.0479804379004560E-001  8.0021540516816192E-001  7.9653927110165146E-001  7.9377502948946188E-001  7.9195000296578533E-001
  7.9103566971652184E-001  7.9103566971660866E-001  7.9195000296541418E-001  7.9377502948878187E-001  7.9653927109980271E-001
  8.0021540516509770E-001  8.0479804378644315E-001  8.1028509984397468E-001  8.1679839921290232E-001  8.2407189568761974E-001
  8.3207063705134299E-001  8.4078107909282485E-001  8.5022826760358805E-001  8.6039000331092352E-001  8.7112544605770037E-001
  8.8273927416489018E-001  8.9476333039265121E-001  9.0726626874995042E-001  9.2022034127718944E-001  9.3362006931250541E-001
  9.4750216048819480E-001  9.6176248942159859E-001  9.7630023015365319E-001
BLOCK 75   9.3978443829582048E+000
  9.8957457226176126E-001  1.0049964756715708E+000  1.0202700196025756E+000  1.0355114279012005E+000  1.0505714100543568E+000
  1.0654700494129732E+000  1.0800624488909776E+000  1.0942839027127762E+000  1.1079865200379797E+000  1.1210883755333565E+000
  1.1335369378290510E+000  1.1452896318236798E+000  1.1562583551560845E+000  1.1663708128814085E+000  1.1755113081664463E+000
  1.1834998681292745E+000  1.1902898917188351E+000  1.1961399045773775E+000  1.2008444337497108E+000  1.2044351578420860E+000
  1.2068332066217169E+000  1.2080474244420396E+000  1.2080474244426569E+000  1.2068332066236092E+000  1.2044351578457038E+000
  1.2008444337546318E+000  1.1961399045835293E+000  1.1902898917263278E+000  1.1834998681372491E+000  1.1755113081753477E+000
  1.1663708128908630E+000  1.1562583551662116E+000  1.1452896318343586E+000  1.1335369378404658E+000  1.1210883755454064E+000
  1.1079865200502734E+000  1.0942839027254692E+000  1.0800624489054977E+000  1.0654700494277058E+000  1.0505714100693042E+000
  1.0355114279164115E+000  1.0202700196177734E+000  1.0049964756852319E+000  9.8957457227624779E-001  9.7429225813460607E-001
  9.5918144758508872E-001  9.4436035509244243E-001  9.2993830338421257E-001  9.1604134064682186E-001  9.0259855179799997E-001
  8.8959578929479910E-001  8.7719985898151909E-001  8.6523662905355470E-001  8.5403494643111177E-001  8.4350215624104086E-001
  8.3366876318919103E-001  8.2453251759355362E-001  8.1618990334517505E-001  8.0876249611910711E-001  8.0227224498019345E-001
  7.9662383487638733E-001  7.9197017054159757E-001  7.8820975134062643E-001  7.8540567729797750E-001  7.8353015261116776E-001
  7.8257932201450664E-001  7.8257932201451241E-001  7.8353015261024883E-001  7.8540567729648803E-001  7.8820975133890459E-001
  7.9197017053839203E-001  7.9662383487168853E-001  8.0227224497481320E-001  8.0876249611254747E-001  8.1618990333752628E-001
  8.2453251758506518E-001  8.3366876317943772E-001  8.4350215623067260E-001  8.5403494641929278E-001  8.6523662904140830E-001
  8.7719985896965103E-001  8.8959578928236904E-001  9.0259855178472004E-001  9.1604134063314957E-001  9.2993830337036976E-001
  9.4436035507824501E-001  9.5918144757062351E-001  9.7429225812017239E-001
BLOCK 76   9.5248422800252079E+000
  9.8799098270800711E-001  1.0041495503088145E+000  1.0200647416032658E+000  1.0359789407539182E+000  1.0517287753239675E+000
  1.0673264204868453E+000  1.0826150536162287E+000  1.0975006982261821E+000  1.1118739372861792E+000  1.1256461585812889E+000
  1.1387957321165745E+000  1.1511588884322643E+000  1.1626121199661335E+000  1.1730441702712602E+000  1.1824393258458621E+000
  1.1906998137404958E+000  1.1979698061714488E+000  1.2041204120672273E+000  1.2090826168964497E+000  1.2128852618803887E+000
  1.2154348149504377E+000  1.2167227491277928E+000  1.2167227491285670E+000  1.2154348149527567E+000  1.2128852618845953E+000
  1.2090826169016056E+000  1.2041204120743292E+000  1.1979698061797128E+000  1.1906998137498856E+000  1.1824393258555692E+000
  1.1730441702819752E+000  1.1626121199776014E+000  1.1511588884438309E+000  1.1387957321282742E+000  1.1256461585850339E+000
  1.1118739372992534E+000  1.0975006982399826E+000  1.0826150536312462E+000  1.0673264205017752E+000  1.0517287753394007E+000
  1.0359789407693634E+000  1.0200647416184594E+000  1.0041495503219815E+000  9.8799098272274166E-001  9.7208692025530596E-001
  9.5641405396871637E-001  9.4102951709954963E-001  9.2602476869620842E-001  9.1158450640291155E-001  8.9766377321908686E-001
  8.8422752845694408E-001  8.7108375087490253E-001  8.5893405506213716E-001  8.4720563314610597E-001  8.3616414065202849E-001
  8.2592439111405191E-001  8.1649417509017497E-001  8.0791655135785578E-001  8.0046320018820483E-001  7.9388824774094491E-001
  7.8822383432286269E-001  7.8349626026606412E-001  7.7962498283480508E-001  7.7673071292763363E-001  7.7478940200345403E-001
  7.7381850802403829E-001  7.7381850802391372E-001  7.7478940200223378E-001  7.7673071292512252E-001  7.7962498283160775E-001
  7.8349626026228647E-001  7.8822383431834464E-001  7.9388824773560596E-001  8.0046320018167560E-001  8.0791655135130291E-001
  8.1649417508099775E-001  8.2592439110258398E-001  8.3616414064047029E-001  8.4720563313337849E-001  8.5893405504812037E-001
  8.7108375086626866E-001  8.8422752844222541E-001  8.9766377320428326E-001  9.1158450638839028E-001  9.2602476868148598E-001
  9.4102951708458205E-001  9.5641405395357959E-001  9.7208692024040799E-001
BLOCK 77   9.6518401770922111E+000
  9.8633452095203411E-001  1.0032493357397216E+000  1.0197963250612945E+000  1.0364292222374241E+000  1.0528912270968667E+000
  1.0692006453738567E+000  1.0852238034417598E+000  1.1008869554537117E+000  1.1160637716972528E+000  1.1305916091404957E+000
  1.1443270359749664E+000  1.1571501481587008E+000  1.1690213556949218E+000  1.1798687764794966E+000  1.1895768490761609E+000
  1.1983084810852258E+000  1.2059451965131263E+000  1.2124191768385648E+000  1.2176707269322975E+000  1.2216624623392789E+000
  1.2243073845073535E+000  1.2256318659454024E+000  1.2256318659462480E+000  1.2243073845097197E+000  1.2216624623436507E+000
  1.2176707269380771E+000  1.2124191768460042E+000  1.2059451965223331E+000  1.1983084810958387E+000  1.1895768490876661E+000
  1.1798687764909708E+000  1.1690213557069025E+000  1.1571501481714135E+000  1.1443270359881206E+000  1.1305916091527863E+000
  1.1160637717112210E+000  1.1008869554680085E+000  1.0852238034567165E+000  1.0692006453888117E+000  1.0528912271121122E+000
  1.0364292222526270E+000  1.0197963250768984E+000  1.0032493357538028E+000  9.8633452096867458E-001  9.6973505048719499E-001
  9.5337995087601846E-001  9.3741054023614345E-001  9.2195359500102181E-001  9.0703327795090483E-001  8.9252032176902996E-001
  8.7847804422304188E-001  8.6490516107056337E-001  8.5197682407286057E-001  8.3976553962172429E-001  8.2833508817356816E-001
  8.1775292202692329E-001  8.0810687301882378E-001  7.9954437456450156E-001  7.9186950027611402E-001  7.8516138975350569E-001
  7.7942303277713576E-001  7.7461101970596102E-001  7.7071226260182457E-001  7.6778399162176669E-001  7.6578021992505352E-001
  7.6476808779411043E-001  7.6476808779334571E-001  7.6578021992304879E-001  7.6778399161911115E-001  7.7071226259829451E-001
  7.7461101970162671E-001  7.7942303277243485E-001  7.8516138974830829E-001  7.9186950026911773E-001  7.9954437455617555E-001
  8.0810687300946682E-001  8.1775292201659655E-001  8.2833508816100809E-001  8.3976553960695588E-001  8.5197682405661246E-001
  8.6490516105413262E-001  8.7847804420788822E-001  8.9252032175262452E-001  9.0703327793467747E-001  9.2195359498524876E-001
  9.3741054022136505E-001  9.5337995085980642E-001  9.6973505047131880E-001
BLOCK 78   9.7788380741592142E+000
  9.8449862151783740E-001  1.0018878317400091E+000  1.0194471787387003E+000  1.0368437032016113E+000  1.0540812575920260E+000
  1.0712109925071935E+000  1.0881096396551015E+000  1.1045826893710191E+000  1.1204390252722778E+000  1.1355594770946096E+000
  1.1498614085522016E+000  1.1632430555434878E+000  1.1756003157365569E+000  1.1868917263573449E+000  1.1971400388797617E+000
  1.2063028852276849E+000  1.2142904584698890E+000  1.2210584612885751E+000  1.2265325994302816E+000  1.2306783549350535E+000
  1.2334632139842163E+000  1.2348906178847701E+000  1.2348906178857950E+000  1.2334632139868289E+000  1.2306783549396207E+000
  1.2265325994366030E+000  1.2210584612965627E+000  1.2142904584793579E+000  1.2063028852389373E+000  1.1971400388921825E+000
  1.1868917263706114E+000  1.1756003157503017E+000  1.1632430555575912E+000  1.1498614085663263E+000  1.1355594771089392E+000
  1.1204390252866658E+000  1.1045826893855955E+000  1.0881096396700514E+000  1.0712109925223381E+000  1.0540812576080392E+000
  1.0368437032180293E+000  1.0194471787547987E+000  1.0018878317527160E+000  9.8449862153453049E-001  9.6722535128458964E-001
  9.5025645358164412E-001  9.3368296425346720E-001  9.1763020567647158E-001  9.0202022139244387E-001  8.8682380972972752E-001
  8.7175982615974068E-001  8.5792091054254360E-001  8.4448252613453323E-001  8.3186692771153381E-001  8.2011588548803671E-001
  8.0925092478949678E-001  7.9953247940846839E-001  7.9077862841158975E-001  7.8299079331266386E-001  7.7617436683023366E-001
  7.7027313490449589E-001  7.6532566796527379E-001  7.6138291482643061E-001  7.5844365652162582E-001  7.5646766604170035E-001
  7.5549728296175389E-001  7.5549728296116392E-001  7.5646766604009963E-001  7.5844365651937729E-001  7.6138291482321840E-001
  7.6532566796091517E-001  7.7027313489872329E-001  7.7617436682349339E-001  7.8299079330530064E-001  7.9077862840316993E-001
  7.9953247939826033E-001  8.0925092477759675E-001  8.2011588547420344E-001  8.3186692769700143E-001  8.4448252611709029E-001
  8.5792091052548258E-001  8.7175982613092773E-001  8.8682380971190455E-001  9.0202022137543758E-001  9.1763020565913966E-001
  9.3368296423629127E-001  9.5025645356363619E-001  9.6722535126712761E-001
BLOCK 79   9.9058359712262174E+000
  9.8260570221117660E-001  1.0007444539232766E+000  1.0190422062020765E+000  1.0373063007714483E+000  1.0554812578590795E+000
  1.0734908356354851E+000  1.0911391588175920E+000  1.1082941093450143E+000  1.1248183424986737E+000  1.1405883887942823E+000
  1.1555013840920541E+000  1.1694774869009932E+000  1.1824038755105226E+000  1.1942327079249144E+000  1.2050135793359147E+000
  1.2146359948365286E+000  1.2229905269146677E+000  1.2300473915705017E+000  1.2357546165534830E+000  1.2400652554904095E+000
  1.2429482253510229E+000  1.2444095532835195E+000  1.2444095532847081E+000  1.2429482253539748E+000  1.2400652554951153E+000
  1.2357546165600060E+000  1.2300473915788421E+000  1.2229905269244725E+000  1.2146359948479302E+000  1.2050135793498389E+000
  1.1942327079396562E+000  1.1824038755255557E+000  1.1694774869163662E+000  1.1555013841072574E+000  1.1405883888091828E+000
  1.1248183425097418E+000  1.1082941093603405E+000  1.0911391588337485E+000  1.0734908356516308E+000  1.0554812578751875E+000
  1.0373063007878043E+000  1.0190422062188580E+000  1.0007444539367265E+000  9.8260570222905574E-001  9.6460895316213691E-001
  9.4689425191522891E-001  9.2956939094557023E-001  9.1280020742356083E-001  8.9646592373509559E-001  8.8054322359112891E-001
  8.6518078000996401E-001  8.5043105375191574E-001  8.3652460599209921E-001  8.2352773273794677E-001  8.1150562781501434E-001
  8.0054495666374503E-001  7.9062930070948911E-001  7.8169886204731442E-001  7.7374020951700007E-001  7.6675379579355185E-001
  7.6075495735665488E-001  7.5577223253426018E-001  7.5179128520100158E-001  7.4877996481648967E-001  7.4676596549718288E-001
  7.4578582523674086E-001  7.4578582523658543E-001  7.4676596549625629E-001  7.4877996481471032E-001  7.5179128519733296E-001
  7.5577223252978798E-001  7.6075495735119791E-001  7.6675379578652825E-001  7.7374020950837541E-001  7.8169886203722316E-001
  7.9062930069809756E-001  8.0054495665103320E-001  8.1150562780063784E-001  8.2352773272210988E-001  8.3652460597509182E-001
  8.5043105373484496E-001  8.6518077999156662E-001  8.8054322357173365E-001  8.9646592371602796E-001  9.1280020740372769E-001
  9.2956939092605495E-001  9.4689425189632515E-001  9.6460895314359474E-001
BLOCK 80   1.0032833868293221E+001
  9.8053486193509487E-001  9.9965600910021835E-001  1.0188703584664480E+000  1.0380126608111231E+000  1.0569640129757569E+000
  1.0757286831308390E+000  1.0941550623017438E+000  1.1120673968558079E+000  1.1293117138018876E+000  1.1457712094763133E+000
  1.1613226512817592E+000  1.1759118098005905E+000  1.1894323392451107E+000  1.2018949074763550E+000  1.2131964783229827E+000
  1.2232695257189043E+000  1.2320165442821303E+000  1.2393898767674703E+000  1.2453452504480131E+000  1.2498967499202263E+000
  1.2527969135224137E+000  1.2542796005876073E+000  1.2542796005886789E+000  1.2527969135252621E+000  1.2498967499227276E+000
  1.2453452504547049E+000  1.2393898767764244E+000  1.2320165442930677E+000  1.2232695257313237E+000  1.2131964783370717E+000
  1.2018949074913254E+000  1.1894323392609774E+000  1.1759118098167336E+000  1.1613226512982111E+000  1.1457712094928700E+000
  1.1293117138144777E+000  1.1120673968719637E+000  1.0941550623181917E+000  1.0757286831475017E+000  1.0569640129928088E+000
  1.0380126608286451E+000  1.0188703584840979E+000  9.9965600911456776E-001  9.8053486195425310E-001  9.6166303372702655E-001
  9.4311228382085632E-001  9.2492378067918124E-001  9.0734839798634248E-001  8.9029724811956745E-001  8.7369406776717606E-001
  8.5770151034451636E-001  8.4252676816291960E-001  8.2824475613768311E-001  8.1485383480172735E-001  8.0257113476337361E-001
  7.9144193817607822E-001  7.8136310904397333E-001  7.7225233616455702E-001  7.6413959881670779E-001  7.5705663375673216E-001
  7.5052453626433469E-001  7.4586755152697704E-001  7.4178836638535373E-001  7.3870640165357204E-001  7.3664552244158377E-001
  7.3562471154709597E-001  7.3562471154629538E-001  7.3664552243967074E-001  7.3870640165102153E-001  7.4178836638221368E-001
  7.4586755152243545E-001  7.5052453626137150E-001  7.5705663374921051E-001  7.6413959880744053E-001  7.7225233615349909E-001
  7.8136310903102024E-001  7.9144193816202912E-001  8.0257113474915287E-001  8.1485383478668005E-001  8.2824475611999337E-001
  8.4252676814385041E-001  8.5770151032403230E-001  8.7369406775034408E-001  8.9029724809917510E-001  9.0734839796564326E-001
  9.2492378065829861E-001  9.4311228380015266E-001  9.6166303370663919E-001
BLOCK 81   1.0159831765360224E+001
  9.7831427299702500E-001  9.9852501186605114E-001  1.0186714338729042E+000  1.0386978600859891E+000  1.0584876070160518E+000
  1.0780601270465435E+000  1.0972650630122378E+000  1.1159267751943045E+000  1.1339130036270577E+000  1.1511138412683120E+000
  1.1673887677998689E+000  1.1826047346313826E+000  1.1967641202126476E+000  1.2098133333929744E+000  1.2216675726150585E+000
  1.2322411657619115E+000  1.2414112894394655E+000  1.2490868500201706E+000  1.2552459811257437E+000  1.2598998234023795E+000
  1.2630334821179319E+000  1.2646106766645338E+000  1.2646106766654801E+000  1.2630334821210973E+000  1.2598998234077772E+000
  1.2552459811330892E+000  1.2490868500290566E+000  1.2414112894500273E+000  1.2322411657742756E+000  1.2216675726293762E+000
  1.2098133334082763E+000  1.1967641202295689E+000  1.1826047346488946E+000  1.1673887678173374E+000  1.1511138412857376E+000
  1.1339130036444480E+000  1.1159267752118227E+000  1.0972650630300864E+000  1.0780601270644437E+000  1.0584876070341511E+000
  1.0386978601045387E+000  1.0186714338920078E+000  9.9852501188213683E-001  9.7831427301776142E-001  9.5836102275814861E-001
  9.3882058961753578E-001  9.1979494975344755E-001  9.0141668127967312E-001  8.8359350402755277E-001  8.6605536045401643E-001
  8.4969304459608141E-001  8.3407410577333496E-001  8.1940776256259373E-001  8.0577418339913320E-001  7.9343531893801689E-001
  7.8206336110483532E-001  7.7173103751785532E-001  7.6247674142684196E-001  7.5423748065634633E-001  7.4696115567422083E-001
  7.4072188997503319E-001  7.3548305700543248E-001  7.3131730639605141E-001  7.2821326145699750E-001  7.2613422208653733E-001
  7.2508532495925593E-001  7.2508532495879108E-001  7.2613422208519063E-001  7.2821326145423604E-001  7.3131730639197323E-001
  7.3548305699941363E-001  7.4072188996857569E-001  7.4696115566707144E-001  7.5423748064710094E-001  7.6247674141627531E-001
  7.7173103750570393E-001  7.8206336109091790E-001  7.9343531892195529E-001  8.0577418338157325E-001  8.1940776254398040E-001
  8.3407410575341656E-001  8.4969304457528716E-001  8.6605536043698383E-001  8.8359350400559999E-001  9.0141668125724372E-001
  9.1979494973148768E-001  9.3882058959608683E-001  9.5836102273640045E-001
BLOCK 82   1.0286829662427227E+001
  9.7578688397313851E-001  9.9699501447555039E-001  1.0181468689482669E+000  1.0391939407087387E+000  1.0599606569311162E+000
  1.0804481078944268E+000  1.1005138977002336E+000  1.1199958706201349E+000  1.1387497197632261E+000  1.1566552415065765E+000
  1.1736435025779850E+000  1.1895472428404514E+000  1.2044353292836456E+000  1.2181343084230642E+000  1.2305284677293507E+000
  1.2415082545328420E+000  1.2510155184271754E+000  1.2590466283352886E+000  1.2655443060656439E+000  1.2704390252662001E+000
  1.2737060367368178E+000  1.2753314498599411E+000  1.2753314498611323E+000  1.2737060367404931E+000  1.2704390252717936E+000
  1.2655443060728828E+000  1.2590466283443764E+000  1.2510155184300626E+000  1.2415082545452800E+000  1.2305284677436499E+000
  1.2181343084382041E+000  1.2044353293013432E+000  1.1895472428584228E+000  1.1736435025963932E+000  1.1566552415253797E+000
  1.1387497197815653E+000  1.1199958706364179E+000  1.1005138977193076E+000  1.0804481079146158E+000  1.0599606569523456E+000
  1.0391939407294479E+000  1.0181468689688304E+000  9.9699501449512418E-001  9.7578688399638591E-001  9.5480717413967953E-001
  9.3421219154568125E-001  9.1427132551449408E-001  8.9491704231250890E-001  8.7615484924199849E-001  8.5824396050350460E-001
  8.4126989151443199E-001  8.2516059196573854E-001  8.1013222818577590E-001  7.9641282520933321E-001  7.8386338132813349E-001
  7.7235255016449578E-001  7.6185935351754941E-001  7.5231862071639222E-001  7.4374788633182154E-001  7.3628266449165158E-001
  7.2997244733471534E-001  7.2471651281171856E-001  7.2049915909419959E-001  7.1732363424371381E-001  7.1519449830195025E-001
  7.1413447563886046E-001  7.1413447563815713E-001  7.1519449829970483E-001  7.1732363424002954E-001  7.2049915908931217E-001
  7.2471651280468496E-001  7.2997244732701783E-001  7.3628266448285351E-001  7.4374788632167332E-001  7.5231862070600664E-001
  7.6185935350512379E-001  7.7235255015066140E-001  7.8386338131268540E-001  7.9641282519201539E-001  8.1013222816704156E-001
  8.2516059194436520E-001  8.4126989149121867E-001  8.5824396048036367E-001  8.7615484922328868E-001  8.9491704228995617E-001
  9.1427132549167522E-001  9.3421219152283608E-001  9.5480717411837068E-001
BLOCK 83   1.0413827559494230E+001
  9.7277109149684016E-001  9.9480911830458552E-001  1.0173162776648026E+000  1.0394370100645007E+000  1.0612538698824998E+000
  1.0827590533113784E+000  1.1038000120622131E+000  1.1242175663717102E+000  1.1438526153936064E+000  1.1625615730851719E+000
  1.1802555894308779E+000  1.1968903039913132E+000  1.2124011074789640E+000  1.2266735890292855E+000  1.2396227313423420E+000
  1.2511011738922719E+000  1.2610644453733575E+000  1.2694485559188422E+000  1.2762088351706511E+000  1.2813193415909407E+000
  1.2847749637034391E+000  1.2865196398600600E+000  1.2865196398609613E+000  1.2847749637064692E+000  1.2813193415962416E+000
  1.2762088351781666E+000  1.2694485559284805E+000  1.2610644453841817E+000  1.2511011738962967E+000  1.2396227313562846E+000
  1.2266735890448526E+000  1.2124011074965313E+000  1.1968903040095438E+000  1.1802555894497482E+000  1.1625615731046155E+000
  1.1438526154138415E+000  1.1242175663886209E+000  1.1038000120833780E+000  1.0827590533332128E+000  1.0612538699052558E+000
  1.0394370100878314E+000  1.0173162776885785E+000  9.9480911832554886E-001  9.7277109152022168E-001  9.5078848874300537E-001
  9.2925805544197559E-001  9.0841025823478694E-001  8.8815132936247676E-001  8.6812092474556801E-001  8.4975091345704135E-001
  8.3216553811026028E-001  8.1577822794086863E-001  8.0067983653917874E-001  7.8678382699687310E-001  7.7392065442287639E-001
  7.6207329163456972E-001  7.5125931586632411E-001  7.4150527255981469E-001  7.3285298163823542E-001  7.2532501028007201E-001
  7.1886525759372422E-001  7.1345243081784815E-001  7.0916610270370017E-001  7.0598491517647000E-001  7.0385944320577054E-001
  7.0280020435133694E-001  7.0280020435036938E-001  7.0385944320284621E-001  7.0598491517159578E-001  7.0916610269765523E-001
  7.1345243080916221E-001  7.1886525758510733E-001  7.2532501027058927E-001  7.3285298162727908E-001  7.4150527254763321E-001
  7.5125931585412753E-001  7.6207329162096216E-001  7.7392065440753921E-001  7.8678382697911553E-001  8.0067983651961561E-001
  8.1577822791842669E-001  8.3216553808732718E-001  8.4975091343344156E-001  8.6812092470257529E-001  8.8815132933960739E-001
  9.0841025821142241E-001  9.2925805541776363E-001  9.5078848871997501E-001
BLOCK 84   1.0540825456561233E+001
  9.6942145503381583E-001  9.9260583976948391E-001  1.0161069330186758E+000  1.0393335836642370E+000  1.0622913193008148E+000
  1.0849462911743915E+000  1.1070942489897326E+000  1.1285310148390786E+000  1.1491025591529842E+000  1.1687177158630502E+000
  1.1872203524943254E+000  1.2045980324283152E+000  1.2207788047188006E+000  1.2356465397701999E+000  1.2491004216320429E+000
  1.2610421597668009E+000  1.2714398781232625E+000  1.2802360374515389E+000  1.2873400783146520E+000  1.2926957224368154E+000
  1.2962710236358994E+000  1.2980471093673813E+000  1.2980471093685972E+000  1.2962710236393205E+000  1.2926957224421112E+000
  1.2873400783214350E+000  1.2802360374604778E+000  1.2714398781342835E+000  1.2610421597797634E+000  1.2491004216463917E+000
  1.2356465397852217E+000  1.2207788047346435E+000  1.2045980324475001E+000  1.1872203525144140E+000  1.1687177158839130E+000
  1.1491025591749924E+000  1.1285310148577634E+000  1.1070942490136213E+000  1.0849462911990844E+000  1.0622913193255306E+000
  1.0393335836885891E+000  1.0161069330431471E+000  9.9260583979287764E-001  9.6942145505938460E-001  9.4641407034980696E-001
  9.2383966542826335E-001  9.0197021715019488E-001  8.8093728201112098E-001  8.6049844039603018E-001  8.4105280406219185E-001
  8.2283420163762133E-001  8.0599123903174552E-001  7.9067241908216246E-001  7.7643391702398745E-001  7.6330312878673134E-001
  7.5122710131869108E-001  7.4015392342799724E-001  7.3021853163346095E-001  7.2144560894284004E-001  7.1382001661602834E-001
  7.0727294653504758E-001  7.0182939585425907E-001  6.9750103196108992E-001  6.9423095989710604E-001  6.9205001312348080E-001
  6.9097876298093475E-001  6.9097876297998295E-001  6.9205001312089431E-001  6.9423095989215333E-001  6.9750103195466984E-001
  7.0182939584543946E-001  7.0727294652537565E-001  7.1382001660246841E-001  7.2144560892947729E-001  7.3021853162050954E-001
  7.4015392341408870E-001  7.5122710130432524E-001  7.6330312877067130E-001  7.7643391700648301E-001  7.9067241906359198E-001
  8.0599123901011582E-001  8.2283420161367149E-001  8.4105280403880900E-001  8.6049844037111778E-001  8.8093728198581189E-001
  9.0197021712379177E-001  9.2383966540220430E-001  9.4641407032454417E-001
BLOCK 85   1.0667823353628236E+001
  9.6558623644486841E-001  9.9001761809619826E-001  1.0146018681503646E+000  1.0390027681132015E+000  1.0631743223588723E+000
  1.0869737605925023E+000  1.1102610664026362E+000  1.1328299655256853E+000  1.1544698666660325E+000  1.1750270005232966E+000
  1.1943914221787928E+000  1.2126101545580630E+000  1.2295521483343255E+000  1.2450695718516847E+000  1.2590671675613037E+000
  1.2715029356208736E+000  1.2823242357153011E+000  1.2914584009785917E+000  1.2988311302739795E+000  1.3044198215810239E+000
  1.3081778232597829E+000  1.3100696118429727E+000  1.3100696118438993E+000  1.3081778232624590E+000  1.3044198215862741E+000
  1.2988311302814641E+000  1.2914584009879846E+000  1.2823242357257816E+000  1.2715029356322556E+000  1.2590671675746712E+000
  1.2450695718673073E+000  1.2295521483517653E+000  1.2126101545778540E+000  1.1943914221997149E+000  1.1750270005461985E+000
  1.1544698666902287E+000  1.1328299655488281E+000  1.1102610664282648E+000  1.0869737606189798E+000  1.0631743223853134E+000
  1.0390027681396223E+000  1.0146018681764328E+000  9.9001761812256028E-001  9.6558623647350883E-001  9.4144359804513156E-001
  9.1786876735794043E-001  8.9514282487194463E-001  8.7311316328394273E-001  8.5188455067896141E-001  8.3196268388617223E-001
  8.1338687249617303E-001  7.9598981586766882E-001  7.8007781023677736E-001  7.6542216357551340E-001  7.5197078795088013E-001
  7.3961838828264892E-001  7.2842942987144998E-001  7.1844181137524021E-001  7.0959527850901338E-001  7.0183846505189817E-001
  6.9521743216206489E-001  6.8976219876410705E-001  6.8535898387655847E-001  6.8199803883461563E-001  6.7980834010054003E-001
  6.7868997834190281E-001  6.7868997834074463E-001  6.7980834009800029E-001  6.8199803882998156E-001  6.8535898386967775E-001
  6.8976219875511458E-001  6.9521743215228193E-001  7.0183846503793557E-001  7.0959527849576143E-001  7.1844181135757057E-001
  7.2842942985291448E-001  7.3961838826462212E-001  7.5197078793499439E-001  7.6542216355750003E-001  7.8007781021734712E-001
  7.9598981584719752E-001  8.1338687247313379E-001  8.3196268386224304E-001  8.5188455065039248E-001  8.7311316325650357E-001
  8.9514282484543728E-001  9.1786876733087108E-001  9.4144359801692379E-001
BLOCK 86   1.0794821250695239E+001
  9.6132441856941719E-001  9.8687480869940669E-001  1.0126360886805741E+000  1.0383595026090986E+000  1.0638456351821197E+000
  1.0889240242666871E+000  1.1134128147002054E+000  1.1370917027414866E+000  1.1597902490921328E+000  1.1813889588851958E+000
  1.2017915904948773E+000  1.2209453552153988E+000  1.2386891066114263E+000  1.2549025313785906E+000  1.2695381501109293E+000
  1.2825229796715836E+000  1.2937714051018785E+000  1.3032480987511934E+000  1.3109868065840682E+000  1.3166312868827406E+000
  1.3203927120994379E+000  1.3222945226667031E+000  1.3222945226682026E+000  1.3203927121034742E+000  1.3166312868885806E+000
  1.3109868065903829E+000  1.3032480987591653E+000  1.2937714051124070E+000  1.2825229796839555E+000  1.2695381501251755E+000
  1.2549025313912816E+000  1.2386891066295858E+000  1.2209453552362775E+000  1.2017915905177707E+000  1.1813889589092534E+000
  1.1597902491173040E+000  1.1370917027674392E+000  1.1134128147273052E+000  1.0889240242948561E+000  1.0638456352110073E+000
  1.0383595026391652E+000  1.0126360887101580E+000  9.8687480872879774E-001  9.6132441859874485E-001  9.3615910496850352E-001
  9.1165616956370599E-001  8.8798405064796382E-001  8.6457488802584226E-001  8.4285592652097896E-001  8.2221384166213884E-001
  8.0308562180917642E-001  7.8545919968978362E-001  7.6912086273646918E-001  7.5389614845774056E-001  7.3991538630782361E-001
  7.2730143775684220E-001  7.1606422837080252E-001  7.0608487037156076E-001  6.9721534957861431E-001  6.8941532720143983E-001
  6.8251472497202170E-001  6.7694049048520699E-001  6.7257733840809097E-001  6.6933695970576657E-001  6.6721793148980812E-001
  6.6614503420163429E-001  6.6614503420033477E-001  6.6721793148678021E-001  6.6933695970127938E-001  6.7257733840198530E-001
  6.7694049047670191E-001  6.8251472496204990E-001  6.8941532718688547E-001  6.9721534956315578E-001  7.0608487035409118E-001
  7.1606422835046857E-001  7.2730143773506084E-001  7.3991538628567399E-001  7.5389614843696029E-001  7.6912086271548474E-001
  7.8545919966980626E-001  8.0308562178751652E-001  8.2221384163898670E-001  8.4285592649631613E-001  8.6457488800719751E-001
  8.8798405061875541E-001  9.1165616953413131E-001  9.3615910493959986E-001
BLOCK 87   1.0921819147762243E+001
  9.5665496509382275E-001  9.8340577899653125E-001  1.0104844183882398E+000  1.0374763634707156E+000  1.0641942203523451E+000
  1.0905624849802649E+000  1.1163574692729143E+000  1.1413116998074284E+000  1.1652104892427400E+000  1.1879235547636486E+000
  1.2093955150337308E+000  1.2295364805625228E+000  1.2481809096186487E+000  1.2652002748626385E+000  1.2805513545126790E+000
  1.2941731052282115E+000  1.3059363744075647E+000  1.3155169261603672E+000  1.3233048633919553E+000  1.3291803896083008E+000
  1.3331130537237541E+000  1.3350845825013036E+000  1.3350845825020994E+000  1.3331130537262084E+000  1.3291803896136627E+000
  1.3233048633995337E+000  1.3155169261698114E+000  1.3059363744186463E+000  1.2941731052410792E+000  1.2805513545278213E+000
  1.2652002748795803E+000  1.2481809096364476E+000  1.2295364805839439E+000  1.2093955150569740E+000  1.1879235547888813E+000
  1.1652104892695514E+000  1.1413116998351314E+000  1.1163574693022462E+000  1.0905624850114699E+000  1.0641942203838639E+000
  1.0374763635017739E+000  1.0104844184187540E+000  9.8340577902886861E-001  9.5665496512686643E-001  9.3036896026448890E-001
  9.0481286417246598E-001  8.7997662894606088E-001  8.5625460409288856E-001  8.3356624682700831E-001  8.1209203522258577E-001
  7.9230983608482553E-001  7.7412135555753547E-001  7.5731766752900398E-001  7.4164797835734031E-001  7.2753395199018311E-001
  7.1475450704079979E-001  7.0322523892248268E-001  6.9280607518054182E-001  6.8348076994198015E-001  6.7572488988804058E-001
  6.6927546867832355E-001  6.6386452765020409E-001  6.5962565299227083E-001  6.5643217249474894E-001  6.5428486355257809E-001
  6.5321599210856196E-001  6.5321599210807757E-001  6.5428486355047544E-001  6.5643217249030061E-001  6.5962565298604336E-001
  6.6386452764146031E-001  6.6927546866782250E-001  6.7572488987529522E-001  6.8348076992626927E-001  6.9280607516191051E-001
  7.0322523889961785E-001  7.1475450701691357E-001  7.2753395196527670E-001  7.4164797833352947E-001  7.5731766750430785E-001
  7.7412135553379602E-001  7.9230983606102212E-001  8.1209203519813344E-001  8.3356624680202052E-001  8.5625460406548592E-001
  8.7997662892106587E-001  9.0481286414348894E-001  9.3036896023312710E-001
BLOCK 88   1.1048817044829246E+001
  9.5151685580259249E-001  9.7955894624066286E-001  1.0080278712891357E+000  1.0362711994856182E+000  1.0643298334395872E+000
  1.0920454602442942E+000  1.1191491077247924E+000  1.1454158812281146E+000  1.1706000127909406E+000  1.1945582589664741E+000
  1.2172100119375320E+000  1.2384348000411602E+000  1.2580917382849826E+000  1.2760690294493693E+000  1.2921613204683415E+000
  1.3061546040884380E+000  1.3180464211160645E+000  1.3281512818942778E+000  1.3362511678544338E+000  1.3423578351124021E+000
  1.3464748432435554E+000  1.3485424005332902E+000  1.3485424005346027E+000  1.3464748432466638E+000  1.3423578351177265E+000
  1.3362511678614577E+000  1.3281512819047685E+000  1.3180464211287217E+000  1.3061546041024601E+000  1.2921613204846405E+000
  1.2760690294673172E+000  1.2580917383037260E+000  1.2384348000627301E+000  1.2172100119619877E+000  1.1945582589931893E+000
  1.1706000128196308E+000  1.1454158812582274E+000  1.1191491077557016E+000  1.0920454602769594E+000  1.0643298334735605E+000
  1.0362711995216358E+000  1.0080278713228505E+000  9.7955894627392159E-001  9.5151685583417178E-001  9.2411932673029074E-001
  8.9755845534074397E-001  8.7185665249807409E-001  8.4685436884731169E-001  8.2344442755058944E-001  8.0151243942352035E-001
  7.8127126713306083E-001  7.6238613877030736E-001  7.4458132799400634E-001  7.2879328624246897E-001  7.1424728202837695E-001
  7.0086349981920426E-001  6.8881588356611634E-001  6.7839899975632478E-001  6.6958440864973490E-001  6.6190939019077322E-001
  6.5561954334309158E-001  6.5040990632175988E-001  6.4628870926899673E-001  6.4315635873790866E-001  6.4105250119636625E-001
  6.4002186752307666E-001  6.4002186752225887E-001  6.4105250119365120E-001  6.4315635873325128E-001  6.4628870926314352E-001
  6.5040990631347850E-001  6.5561954333178141E-001  6.6190939017683137E-001  6.6958440863223689E-001  6.7839899973742346E-001
  6.8881588354637124E-001  7.0086349979473572E-001  7.1424728200154053E-001  7.2879328621427286E-001  7.4458132797154941E-001
  7.6238613874247996E-001  7.8127126710647565E-001  8.0151243939652417E-001  8.2344442752241986E-001  8.4685436881897669E-001
  8.7185665246668109E-001  8.9755845531092315E-001  9.2411932670055230E-001
BLOCK 89   1.1175814941896249E+001
  9.4613373441397330E-001  9.7540979127910066E-001  1.0049939992845329E+000  1.0346987551201465E+000  1.0642008646403163E+000
  1.0933582996313707E+000  1.1218735386506888E+000  1.1494940156297546E+000  1.1760180161817506E+000  1.2012885694202950E+000
  1.2253160858946206E+000  1.2478041219577409E+000  1.2684451684238316E+000  1.2870895471906878E+000  1.3037257966359765E+000
  1.3181922893697975E+000  1.3308078095973519E+000  1.3413866002550996E+000  1.3498543153835112E+000  1.3562408983231875E+000
  1.3605267220291870E+000  1.3626389531253598E+000  1.3626389531266037E+000  1.3605267220323956E+000  1.3562408983292800E+000
  1.3498543153916769E+000  1.3413866002654837E+000  1.3308078096109370E+000  1.3181922893858222E+000  1.3037257966532103E+000
  1.2870895472098272E+000  1.2684451684452764E+000  1.2478041219822316E+000  1.2253160859208658E+000  1.2012885694480391E+000
  1.1760180162111953E+000  1.1494940156614586E+000  1.1218735386820939E+000  1.0933582996683384E+000  1.0642008646766030E+000
  1.0346987551544762E+000  1.0049939993185668E+000  9.7540979131390859E-001  9.4613373444748872E-001  9.1747122412665061E-001
  8.8970761460514636E-001  8.6221909736579294E-001  8.3682234437328207E-001  8.1270695970700413E-001  7.9028559775668072E-001
  7.6935858020084580E-001  7.4967107650569131E-001  7.3136775694688150E-001  7.1444786327608589E-001  6.9907506892698978E-001
  6.8559838808599738E-001  6.7401785933906899E-001  6.6403253275067775E-001  6.5538880368421715E-001  6.4788731843318859E-001
  6.4165191089301765E-001  6.3648085388363196E-001  6.3244963775877427E-001  6.2949542901840605E-001  6.2753512463303662E-001
  6.2656362224464468E-001  6.2656362224391560E-001  6.2753512463060301E-001  6.2949542901362165E-001  6.3244963775168095E-001
  6.3648085387362130E-001  6.4165191088036000E-001  6.4788731841908698E-001  6.5538880366764529E-001  6.6403253273073681E-001
  6.7401785931792979E-001  6.8559838806327922E-001  6.9907506890055982E-001  7.1444786324776965E-001  7.3136775691673339E-001
  7.4967107647844555E-001  7.6935858016926273E-001  7.9028559772497875E-001  8.1270695967500328E-001  8.3682234434242608E-001
  8.6221909734009639E-001  8.8970761457429060E-001  9.1747122409494619E-001
BLOCK 90   1.1302812838963252E+001
  9.4004067567960936E-001  9.7077249196750681E-001  1.0018549071022576E+000  1.0330357100500034E+000  1.0639165137363651E+000
  1.0944451863088289E+000  1.1244187187793560E+000  1.1536111296022797E+000  1.1817518609853292E+000  1.2084968436099872E+000
  1.2336705889953754E+000  1.2570862502159905E+000  1.2785957408223678E+000  1.2980842477291230E+000  1.3154614248892729E+000
  1.3308265814279785E+000  1.3440966965538583E+000  1.3551920555646335E+000  1.3641142180786958E+000  1.3708411026277367E+000
  1.3751811114060963E+000  1.3775287368045488E+000  1.3775287368058340E+000  1.3751811114039132E+000  1.3708411026344636E+000
  1.3641142180880792E+000  1.3551920555759949E+000  1.3440966965672636E+000  1.3308265814451217E+000  1.3154614249088310E+000
  1.2980842477504526E+000  1.2785957408451272E+000  1.2570862502365330E+000  1.2336705890227899E+000  1.2084968436404522E+000
  1.1817518610194506E+000  1.1536111296371436E+000  1.1244187188112866E+000  1.0944451863444449E+000  1.0639165137725826E+000
  1.0330357100857084E+000  1.0018549071348830E+000  9.7077249200328108E-001  9.4004067571515371E-001  9.1002024679285443E-001
  8.8104851215036950E-001  8.5309495824411230E-001  8.2661583959298901E-001  8.0138331066074309E-001  7.7787270980311463E-001
  7.5574569507890199E-001  7.3509014799388750E-001  7.1596367907503333E-001  6.9888114144826885E-001  6.8367955407496106E-001
  6.7047773549789369E-001  6.5890480431320486E-001  6.4903490352198401E-001  6.4058977317744081E-001  6.3339237450625796E-001
  6.2737302758353386E-001  6.2234161334135885E-001  6.1839249583949174E-001  6.1549473595712567E-001  6.1356313480366431E-001
  6.1261050646627002E-001  6.1261050646481952E-001  6.1356313479948743E-001  6.1549473595042037E-001  6.1839249583101474E-001
  6.2234161333189808E-001  6.2737302757102109E-001  6.3339237449090902E-001  6.4058977316069765E-001  6.4903490350336124E-001
  6.5890480429172904E-001  6.7047773547467238E-001  6.8367955404994984E-001  6.9888114141872248E-001  7.1596367904361169E-001
  7.3509014795995220E-001  7.5574569504608780E-001  7.7787270976930090E-001  8.0138331062755108E-001  8.2661583955886730E-001
  8.5309495820751124E-001  8.8104851211182145E-001  9.1002024675728699E-001
BLOCK 91   1.1429810736030255E+001
  9.3366031844173714E-001  9.6559497136337469E-001  9.9811186984060929E-001  1.0308189299081649E+000  1.0633586706074754E+000
  1.0956225565954401E+000  1.1273044137592554E+000  1.1580644912801095E+000  1.1875378576437432E+000  1.2155414308211105E+000
  1.2419160686147173E+000  1.2664228665279351E+000  1.2889169574641426E+000  1.3093045188055450E+000  1.3276186161568524E+000
  1.3438218396985002E+000  1.3578741289933189E+000  1.3696689932772472E+000  1.3790943264706912E+000  1.3861330277297133E+000
  1.3908678479549390E+000  1.3932328854835703E+000  1.3932328854854354E+000  1.3908678479592080E+000  1.3861330277362056E+000
  1.3790943264797164E+000  1.3696689932898243E+000  1.3578741290088929E+000  1.3438218397164454E+000  1.3276186161773444E+000
  1.3093045188286583E+000  1.2889169574903860E+000  1.2664228665558557E+000  1.2419160686467754E+000  1.2155414308530283E+000
  1.1875378576771400E+000  1.1580644913137963E+000  1.1273044137920758E+000  1.0956225566319764E+000  1.0633586706439271E+000
  1.0308189299448451E+000  9.9811186987510758E-001  9.6559497140244066E-001  9.3366031848128161E-001  9.0257451018618007E-001
  8.7220233735724217E-001  8.4264103108633459E-001  8.1465607234924042E-001  7.8827784405986012E-001  7.6372714579256484E-001
  7.3998064187399071E-001  7.1899732879366307E-001  6.9981259168727028E-001  6.8274057095359231E-001  6.6784798099789056E-001
  6.5479910063695090E-001  6.4361447135717254E-001  6.3389933283045663E-001  6.2527914623969394E-001  6.1825413795491513E-001
  6.1244921786505557E-001  6.0771847645616361E-001  6.0397505418526620E-001  6.0114039630217153E-001  5.9920021178801242E-001
  5.9824503039744414E-001  5.9824503039587906E-001  5.9920021178353211E-001  6.0114039629453653E-001  6.0397505417482800E-001
  6.0771847644398758E-001  6.1244921785219197E-001  6.1825413793956219E-001  6.2527914623186953E-001  6.3389933281308131E-001
  6.4361447133652017E-001  6.5479910061292701E-001  6.6784798097157716E-001  6.8274057092476625E-001  6.9981259165427112E-001
  7.1899732875970268E-001  7.3998064184444257E-001  7.6372714575644562E-001  7.8827784402236611E-001  8.1465607230982229E-001
  8.4264103104694776E-001  8.7220233732022590E-001  9.0257451014720069E-001
BLOCK 92   1.1556808633097258E+001
  9.2663271850629958E-001  9.6016855611070673E-001  9.9431701485665003E-001  1.0286030717116301E+000  1.0628079597341897E+000
  1.0968025522660849E+000  1.1301417680095729E+000  1.1624379965463913E+000  1.1932385522439126E+000  1.2225308419021865E+000
  1.2501245538001975E+000  1.2758257903792269E+000  1.2994755213754785E+000  1.3208893909379535E+000  1.3403070371044481E+000
  1.3574648496114867E+000  1.3722470683642867E+000  1.3846329532414090E+000  1.3946220059573180E+000  1.4021372977399758E+000
  1.4071854191726982E+000  1.4097207327243244E+000  1.4097207327259564E+000  1.4071854191770155E+000  1.4021372977474584E+000
  1.3946220059674428E+000  1.3846329532539112E+000  1.3722470683647254E+000  1.3574648496310053E+000  1.3403070371281185E+000
  1.3208893909646280E+000  1.2994755214039957E+000  1.2758257904095638E+000  1.2501245538365262E+000  1.2225308419359191E+000
  1.1932385522774918E+000  1.1624379965805474E+000  1.1301417680432881E+000  1.0968025523025950E+000  1.0628079597720070E+000
  1.0286030717510568E+000  9.9431701489527846E-001  9.6016855615366237E-001  9.2663271854911089E-001  8.9385273509831853E-001
  8.6125661490266259E-001  8.3047982028255884E-001  8.0100544040913446E-001  7.7352869810250291E-001  7.4774921222363588E-001
  7.2374859075149334E-001  7.0225507761127604E-001  6.8282605095507920E-001  6.6612678567559613E-001  6.5160901220273459E-001
  6.3895639172972840E-001  6.2773368753459380E-001  6.1791878722421612E-001  6.0970940808806207E-001  6.0284523304911541E-001
  5.9709398679546288E-001  5.9243068396071830E-001  5.8886373129622571E-001  5.8629160224193821E-001  5.8459011311250741E-001
  5.8376343916805828E-001  5.8376343916605467E-001  5.8459011310777043E-001  5.8629160223475407E-001  5.8886373128568525E-001
  5.9243068394622234E-001  5.9709398678074443E-001  6.0284523303287851E-001  6.0970940807167695E-001  6.1791878720468285E-001
  6.2773368751604519E-001  6.3895639170818552E-001  6.5160901217710321E-001  6.6612678564795647E-001  6.8282605092721582E-001
  7.0225507757734629E-001  7.2374859071230202E-001  7.4774921218652135E-001  7.7352869806150948E-001  8.0100544036645471E-001
  8.3047982023919420E-001  8.6125661486101457E-001  8.9385273505496943E-001
BLOCK 93   1.1683806530164262E+001
  9.1784195036178995E-001  9.5365738282162060E-001  9.8992119245971277E-001  1.0265683940642423E+000  1.0626100142886865E+000
  1.0981214863219466E+000  1.1329416675137811E+000  1.1665141820062896E+000  1.1987702904779420E+000  1.2295622680070950E+000
  1.2585417213717724E+000  1.2854882361992810E+000  1.3103613129351117E+000  1.3330137057995517E+000  1.3534543379946620E+000
  1.3715404289287096E+000  1.3871520840151472E+000  1.4002798804795438E+000  1.4108671379379987E+000  1.4188541629302198E+000
  1.4242029200753283E+000  1.4268821493079895E+000  1.4268821493095327E+000  1.4242029200796242E+000  1.4188541629382028E+000
  1.4108671379494038E+000  1.4002798804941869E+000  1.3871520840342733E+000  1.3715404289420288E+000  1.3534543380200961E+000
  1.3330137058276192E+000  1.3103613129655443E+000  1.2854882362306630E+000  1.2585417214015642E+000  1.2295622680403797E+000
  1.1987702905132436E+000  1.1665141820420843E+000  1.1329416675474688E+000  1.0981214863608080E+000  1.0626100143289787E+000
  1.0265683941061055E+000  9.8992119250588406E-001  9.5365738286762547E-001  9.1784195040902394E-001  8.8304379196917204E-001
  8.4921322303224855E-001  8.1700457232846013E-001  7.8611150526106588E-001  7.5726102413879948E-001  7.3062972620636812E-001
  7.0604364496159056E-001  6.8455418379437172E-001  6.6581506820525915E-001  6.4932929401301842E-001  6.3473017386956965E-001
  6.2176535521261678E-001  6.1086081383024649E-001  6.0145516354929851E-001  5.9351200131404924E-001  5.8679301144810891E-001
  5.8126566574977789E-001  5.7692456452182739E-001  5.7356953240755915E-001  5.7111453533042078E-001  5.6953635247689527E-001
  5.6878515957787479E-001  5.6878515957653997E-001  5.6953635247298851E-001  5.7111453532332690E-001  5.7356953239770581E-001
  5.7692456450955476E-001  5.8126566573435867E-001  5.8679301143008733E-001  5.9351200128995396E-001  6.0145516352510420E-001
  6.1086081380806123E-001  6.2176535519766341E-001  6.3473017384876185E-001  6.4932929398862815E-001  6.6581506817619374E-001
  6.8455418376006483E-001  7.0604364492589200E-001  7.3062972616300281E-001  7.5726102409626750E-001  7.8611150521525675E-001
  8.1700457227987722E-001  8.4921322298186519E-001  8.8304379191869398E-001
BLOCK 94   1.1810804427231265E+001
  9.0816881459083920E-001  9.4610006324832296E-001  9.8459153636075081E-001  1.0233178688666913E+000  1.0616258629232738E+000
  1.0992382928943909E+000  1.1358719491565565E+000  1.1709909022811558E+000  1.2046014676501346E+000  1.2367331412283913E+000
  1.2671214657013050E+000  1.2954889668004563E+000  1.3216059637284379E+000  1.3455625356718968E+000  1.3671469673747434E+000
  1.3862128315111302E+000  1.4027207479119743E+000  1.4166170652710051E+000  1.4278194572119325E+000  1.4363510260626025E+000
  1.4418728677583021E+000  1.4445570881852734E+000  1.4445570881878211E+000  1.4418728677646346E+000  1.4363510260722065E+000
  1.4278194572254126E+000  1.4166170652878334E+000  1.4027207479321686E+000  1.3862128315348079E+000  1.3671469673984176E+000
  1.3455625357002936E+000  1.3216059637584663E+000  1.2954889668331486E+000  1.2671214657333856E+000  1.2367331412613491E+000
  1.2046014676880057E+000  1.1709909023192795E+000  1.1358719491948310E+000  1.0992382929378948E+000  1.0616258629687003E+000
  1.0233178689123390E+000  9.8459153640964048E-001  9.4610006329894425E-001  9.0816881464236077E-001  8.7096021314817595E-001
  8.3492131689951554E-001  8.0111027155104853E-001  7.6969273990272447E-001  7.3936105438559263E-001  7.1237048528186075E-001
  6.8809510668580587E-001  6.6662025294747751E-001  6.4775478674536013E-001  6.3124727654177237E-001  6.1664024385519201E-001
  6.0411962630441152E-001  5.9339335555716688E-001  5.8421540648013148E-001  5.7660840461473029E-001  5.7034256616436874E-001
  5.6525722332886996E-001  5.6115916525881815E-001  5.5790809001181496E-001  5.5559639343148681E-001  5.5410584769955373E-001
  5.5329817952521232E-001  5.5329817952395943E-001  5.5410584769599858E-001  5.5559639342532607E-001  5.5790809000296260E-001
  5.6115916524667830E-001  5.6525722331292838E-001  5.7034256614479817E-001  5.7660840459268203E-001  5.8421540645862136E-001
  5.9339335552968553E-001  6.0411962627482552E-001  6.1664024382733074E-001  6.3124727651616563E-001  6.4775478672022202E-001
  6.6662025291646310E-001  6.8809510664845175E-001  7.1237048523961055E-001  7.3936105432896693E-001  7.6969273985427455E-001
  8.0111027150027803E-001  8.3492131684808535E-001  8.7096021309781690E-001
BLOCK 95   1.1937802324298268E+001
  8.9651888999866125E-001  9.3687166287184032E-001  9.7797488262668442E-001  1.0191361644186976E+000  1.0597102336671491E+000
  1.0994507406600396E+000  1.1381454946288616E+000  1.1753476715240629E+000  1.2109181867096317E+000  1.2446598437174421E+000
  1.2764200916853894E+000  1.3060444187926916E+000  1.3334184473935327E+000  1.3586042547824368E+000  1.3813558858314803E+000
  1.4015718113471154E+000  1.4191520934192501E+000  1.4338912357094695E+000  1.4453262734995818E+000  1.4541075405054338E+000
  1.4599647036556538E+000  1.4629186211652978E+000  1.4629186211679606E+000  1.4599647036630179E+000  1.4541075405179948E+000
  1.4453262735162375E+000  1.4338912357290359E+000  1.4191520934405355E+000  1.4015718113716416E+000  1.3813558858522710E+000
  1.3586042548104049E+000  1.3334184474224287E+000  1.3060444188265494E+000  1.2764200917189150E+000  1.2446598437535716E+000
  1.2109181867499936E+000  1.1753476715662587E+000  1.1381454946719778E+000  1.0994507407073306E+000  1.0597102337162119E+000
  1.0191361644691326E+000  9.7797488268111377E-001  9.3687166292714352E-001  8.9651889005241503E-001  8.5704503444514146E-001
  8.1944029548085096E-001  7.8400093420785644E-001  7.5116550847080232E-001  7.2101625616279863E-001  6.9361607848008600E-001
  6.6892118130219202E-001  6.4754803142475503E-001  6.2870451071585687E-001  6.1196927898789355E-001  5.9754563483919454E-001
  5.8547256857952334E-001  5.7523854892844084E-001  5.6658793370426330E-001  5.5922671469870311E-001  5.5305740226289346E-001
  5.4842517180439543E-001  5.4479117545611666E-001  5.4199732940658252E-001  5.3992540651408605E-001  5.3856168962476136E-001
  5.3788536885859717E-001  5.3788536885749694E-001  5.3856168962146311E-001  5.3992540650829490E-001  5.4199732939755407E-001
  5.4479117544376543E-001  5.4842517179024630E-001  5.5305740224720823E-001  5.5922671467845930E-001  5.6658793368094451E-001
  5.7523854889977788E-001  5.8547256855240448E-001  5.9754563480657197E-001  6.1196927895149456E-001  6.2870451068046329E-001
  6.4754803139067962E-001  6.6892118126918565E-001  6.9361607843879003E-001  7.2101625611681686E-001  7.5116550842870522E-001
  7.8400093415626271E-001  8.1944029542288987E-001  8.5704503439245228E-001
BLOCK 96   1.2064800221365271E+001
  8.8328586472061676E-001  9.2608244824471753E-001  9.6977750208887847E-001  1.0131811510414779E+000  1.0563359347150958E+000
  1.0987519085728019E+000  1.1399613509532263E+000  1.1794119178606575E+000  1.2170587588435149E+000  1.2527796821673691E+000
  1.2863547986702031E+000  1.3174229117432865E+000  1.3463058292828962E+000  1.3727690032928095E+000  1.3966764528340430E+000
  1.4177829593255336E+000  1.4358285782041003E+000  1.4510241532405153E+000  1.4633123451805297E+000  1.4726655726956905E+000
  1.4788867678294044E+000  1.4820370027153340E+000  1.4820370027184553E+000  1.4788867678376252E+000  1.4726655727088331E+000
  1.4633123451974828E+000  1.4510241532617676E+000  1.4358285782261424E+000  1.4177829593495279E+000  1.3966764528601328E+000
  1.3727690033176407E+000  1.3463058293133912E+000  1.3174229117785203E+000  1.2863547987076585E+000  1.2527796822052373E+000
  1.2170587588865285E+000  1.1794119179067304E+000  1.1399613510016671E+000  1.0987519086249997E+000  1.0563359347690646E+000
  1.0131811510951882E+000  9.6977750213399183E-001  9.2608244830364805E-001  8.8328586477610260E-001  8.4216181379312993E-001
  8.0308955179335872E-001  7.6639343048552810E-001  7.3161665987167046E-001  7.0033143720063906E-001  6.7279898893901569E-001
  6.4890890122779976E-001  6.2703865095903988E-001  6.0806456579501911E-001  5.9159506956806929E-001  5.7780430845100450E-001
  5.6583008553225544E-001  5.5527627710440974E-001  5.4717749939773341E-001  5.4090066792388924E-001  5.3573572082131637E-001
  5.3165188551653852E-001  5.2844302763722018E-001  5.2603651703512033E-001  5.2429204991215550E-001  5.2314639839653576E-001
  5.2259193687720296E-001  5.2259193687576500E-001  5.2314639839205468E-001  5.2429204990516509E-001  5.2603651702670939E-001
  5.2844302762739970E-001  5.3165188550461562E-001  5.3573572080672949E-001  5.4090066790582558E-001  5.4717749937824289E-001
  5.5527627707942795E-001  5.6583008550266678E-001  5.7780430841527708E-001  5.9159506953053653E-001  6.0806456575494339E-001
  6.2703865091857491E-001  6.4890890118192335E-001  6.7279898889405487E-001  7.0033143716251167E-001  7.3161665982080037E-001
  7.6639343043421015E-001  8.0308955174131602E-001  8.4216181373623411E-001
BLOCK 97   1.2191798118432274E+001
  8.6907128867074612E-001  9.1399554531140403E-001  9.5962410166141432E-001  1.0056805658465624E+000  1.0516926652218626E+000
  1.0967700312139663E+000  1.1406811699099453E+000  1.1828610380297979E+000  1.2230780982463800E+000  1.2610835371283002E+000
  1.2966279087358656E+000  1.3296652778000273E+000  1.3602299289454638E+000  1.3879425438286566E+000  1.4127477289034756E+000
  1.4345286080197683E+000  1.4532612466144361E+000  1.4691062590632926E+000  1.4820227374452066E+000  1.4918479458828842E+000
  1.4983854345765901E+000  1.5017100959625362E+000  1.5017100959648422E+000  1.4983854345830008E+000  1.4918479458940090E+000
  1.4820227374603874E+000  1.4691062590827577E+000  1.4532612466377650E+000  1.4345286080456991E+000  1.4127477289327184E+000
  1.3879425438601445E+000  1.3602299289775397E+000  1.3296652778383364E+000  1.2966279087757968E+000  1.2610835371693381E+000
  1.2230780982939007E+000  1.1828610380801441E+000  1.1406811699615751E+000  1.0967700312709909E+000  1.0516926652808600E+000
  1.0056805659028976E+000  9.5962410172051715E-001  9.1399554537121619E-001  8.6907128873070616E-001  8.2559086573931884E-001
  7.8457693044215693E-001  7.4604976963168179E-001  7.1083328519956979E-001  6.7927468608435904E-001  6.5128834285204718E-001
  6.2624726836645117E-001  6.0486385970918366E-001  5.8579092853779569E-001  5.6924819246215108E-001  5.5508762540507794E-001
  5.4402118889681828E-001  5.3532797089458306E-001  5.2830001053322939E-001  5.2269412906559576E-001  5.1828976400140392E-001
  5.1487560829609058E-001  5.1220953096773625E-001  5.1020494708223763E-001  5.0877696279109885E-001  5.0785253543168773E-001
  5.0740063386440792E-001  5.0740063386335787E-001  5.0785253542836351E-001  5.0877696278557316E-001  5.1020494707479114E-001
  5.1220953095827304E-001  5.1487560828478718E-001  5.1828976398844595E-001  5.2269412904937240E-001  5.2830001051349562E-001
  5.3532797087114536E-001  5.4402118887079820E-001  5.5508762537305312E-001  5.6924819242194125E-001  5.8579092849490322E-001
  6.0486385965770284E-001  6.2624726833980093E-001  6.5128834280110692E-001  6.7927468603256247E-001  7.1083328514292166E-001
  7.4604976957984726E-001  7.8457693039053000E-001  8.2559086568785167E-001
BLOCK 98   1.2318796015499277E+001
  8.5252153573287692E-001  8.9997694872195699E-001  9.4830550792073987E-001  9.9728007925166995E-001  1.0460486609093385E+000
  1.0940806894449060E+000  1.1406049232474467E+000  1.1855241485865546E+000  1.2285104909283278E+000  1.2692585852443590E+000
  1.3073447978984403E+000  1.3424902285898359E+000  1.3746373707522130E+000  1.4036545422232858E+000  1.4294817561817272E+000
  1.4521180164148624E+000  1.4718309511916670E+000  1.4884797939258205E+000  1.5018200752981028E+000  1.5117824377333986E+000
  1.5184246197129092E+000  1.5218448789924046E+000  1.5218448789941217E+000  1.5184246197176827E+000  1.5117824377424864E+000
  1.5018200752781135E+000  1.4884797939431995E+000  1.4718309512155545E+000  1.4521180164423033E+000  1.4294817562116195E+000
  1.4036545422597784E+000  1.3746373707875876E+000  1.3424902286312319E+000  1.3073447979415234E+000  1.2692585852920948E+000
  1.2285104909802560E+000  1.1855241486409236E+000  1.1406049233021149E+000  1.0940806894907602E+000  1.0460486609709250E+000
  9.9728007931345319E-001  9.4830550797877988E-001  8.9997694877899148E-001  8.5252153579414613E-001  8.0708288907319281E-001
  7.6427916903307835E-001  7.2453126078523666E-001  6.8804467771363576E-001  6.5576881319940694E-001  6.2661301182642182E-001
  6.0115188198492775E-001  5.7844060526953212E-001  5.5971851325574318E-001  5.4485818855695844E-001  5.3302740672671844E-001
  5.2329296517844992E-001  5.1548836273914145E-001  5.0929723752052980E-001  5.0454097240154838E-001  5.0048332419762698E-001
  4.9815809966716407E-001  4.9606701014451682E-001  4.9454390795131514E-001  4.9346388398968949E-001  4.9274544205066229E-001
  4.9237932462575817E-001  4.9237932462476131E-001  4.9274544204796467E-001  4.9346388398559854E-001  4.9454390794576458E-001
  4.9606701013695514E-001  4.9815809965709068E-001  5.0048332419084496E-001  5.0454097238621876E-001  5.0929723750306644E-001
  5.1548836271696641E-001  5.2329296515043711E-001  5.3302740669437909E-001  5.4485818852027346E-001  5.5971851321425148E-001
  5.7844060522300167E-001  6.0115188192935032E-001  6.2661301177390916E-001  6.5576881314067292E-001  6.8804467764682231E-001
  7.2453126072669505E-001  7.6427916897273640E-001  8.0708288900739455E-001
BLOCK 99   1.2445793912566280E+001
  8.3431432238130676E-001  8.8387507162949630E-001  9.3516526531377309E-001  9.8716360901426847E-001  1.0389641317060423E+000
  1.0908524244511317E+000  1.1400212767015676E+000  1.1880297046774375E+000  1.2339231591516790E+000  1.2772786717888440E+000
  1.3176009759429663E+000  1.3550465980964312E+000  1.3891814907756026E+000  1.4199347677553662E+000  1.4470924540089116E+000
  1.4710945518510883E+000  1.4916304581981927E+000  1.5087058466276491E+000  1.5223558217098794E+000  1.5326349996795825E+000
  1.5394669655675470E+000  1.5428760102337351E+000  1.5428760102355539E+000  1.5394669655724071E+000  1.5326349996889685E+000
  1.5223558217219335E+000  1.5087058466436831E+000  1.4916304582203723E+000  1.4710945518803038E+000  1.4470924540424803E+000
  1.4199347677927470E+000  1.3891814908164435E+000  1.3550465981435662E+000  1.3176009759930911E+000  1.2772786718402012E+000
  1.2339231592060020E+000  1.1880297047351529E+000  1.1400212767589994E+000  1.0908524245000453E+000  1.0389641317664009E+000
  9.8716360908017997E-001  9.3516526537971845E-001  8.8387507169218738E-001  8.3431432244958348E-001  7.8696693181532429E-001
  7.4180401550820496E-001  6.9986766219151908E-001  6.6178716786229541E-001  6.2740345747267967E-001  5.9757125794498167E-001
  5.7156629055332286E-001  5.5068768417079283E-001  5.3447332314742368E-001  5.2099065615231910E-001  5.1051991733564128E-001
  5.0226716166435204E-001  4.9566369985603143E-001  4.9055834634262718E-001  4.8660646973590732E-001  4.8365956259840470E-001
  4.8153120144635986E-001  4.8005512889844798E-001  4.7902147266714223E-001  4.7830663180620325E-001  4.7787171497870373E-001
  4.7767800411053957E-001  4.7767800410967381E-001  4.7787171497651326E-001  4.7830663180187322E-001  4.7902147266088929E-001
  4.8005512889070157E-001  4.8153120143748057E-001  4.8365956258760145E-001  4.8660646972142363E-001  4.9055834632423245E-001
  4.9566369983631536E-001  5.0226716164061824E-001  5.1051991730585833E-001  5.2099065611759476E-001  5.3447332310653839E-001
  5.5068768412618518E-001  5.7156629050096341E-001  5.9757125788636167E-001  6.2740345741288506E-001  6.6178716779548397E-001
  6.9986766212758078E-001  7.4180401543774155E-001  7.8696693174323329E-001
BLOCK 100   1.2572791809633284E+001
  8.1289693071660363E-001  8.6622231259469262E-001  9.2077726232721857E-001  9.7569620156037784E-001  1.0309403399925063E+000
  1.0853395881336099E+000  1.1385305985316720E+000  1.1900190001167286E+000  1.2389657806361247E+000  1.2850791721765695E+000
  1.3279469582822157E+000  1.3675742408760054E+000  1.4037143094069902E+000  1.4363893998432413E+000  1.4653881090048224E+000
  1.4906902761834122E+000  1.5121944542044838E+000  1.5299966863897314E+000  1.5441266383928278E+000  1.5546925493336490E+000
  1.5617436738099488E+000  1.5651558564356294E+000  1.5651558564382437E+000  1.5617436738149659E+000  1.5546925493436177E+000
  1.5441266384082106E+000  1.5299966864084484E+000  1.5121944542258334E+000  1.4906902762131737E+000  1.4653881090380148E+000
  1.4363893998846016E+000  1.4037143094530695E+000  1.3675742409262286E+000  1.3279469583375736E+000  1.2850791722328876E+000
  1.2389657806920074E+000  1.1900190001746080E+000  1.1385305985924212E+000  1.0853395881975059E+000  1.0309403400585666E+000
  9.7569620163115811E-001  9.2077726240174274E-001  8.6622231267246741E-001  8.1289693079685477E-001  7.6191388368846258E-001
  7.1420161862370812E-001  6.6976035551456437E-001  6.2976773577306289E-001  5.9529953029798854E-001  5.6554795254772228E-001
  5.4210266537424601E-001  5.2372634299782694E-001  5.0869604298401083E-001  4.9668765977724655E-001  4.8773544263189805E-001
  4.8070939543992891E-001  4.7545313104552966E-001  4.7164640232250543E-001  4.6885284878734634E-001  4.6681440668269580E-001
  4.6535619316209553E-001  4.6438770593264467E-001  4.6380152651637024E-001  4.6348970050923127E-001  4.6333392867494255E-001
  4.6325818965386073E-001  4.6325818965272969E-001  4.6333392867332812E-001  4.6348970050694288E-001  4.6380152651293860E-001
  4.6438770592666201E-001  4.6535619315269666E-001  4.6681440666968838E-001  4.6885284877121303E-001  4.7164640230216681E-001
  4.7545313102005404E-001  4.8070939541566976E-001  4.8773544260328500E-001  4.9668765975482959E-001  5.0869604295167847E-001
  5.2372634295647047E-001  5.4210266532739138E-001  5.6554795250325540E-001  5.9529953022631787E-001  6.2976773569429900E-001
  6.6976035544345391E-001  7.1420161855073450E-001  7.6191388360342704E-001
BLOCK 101   1.2699789706700287E+001
  7.8526128752271906E-001  8.4339121048797927E-001  9.0269292251928024E-001  9.6323582218923454E-001  1.0222567284023358E+000
  1.0804258011351446E+000  1.1369715808512428E+000  1.1915478905630932E+000  1.2435373059734105E+000  1.2925885309411156E+000
  1.3382178488846002E+000  1.3804479186030068E+000  1.4188499774483734E+000  1.4532438670905268E+000  1.4838428348399406E+000
  1.5105838861993359E+000  1.5334306805641174E+000  1.5524240297894207E+000  1.5672636531976321E+000  1.5780352179195751E+000
  1.5852490885776163E+000  1.5888543858625686E+000  1.5888543858658739E+000  1.5852490885855348E+000  1.5780352179315766E+000
  1.5672636532143700E+000  1.5524240298122303E+000  1.5334306805898268E+000  1.5105838862303744E+000  1.4838428348748995E+000
  1.4532438671322878E+000  1.4188499774941390E+000  1.3804479186513992E+000  1.3382178489388539E+000  1.2925885309983900E+000
  1.2435373060326347E+000  1.1915478906269492E+000  1.1369715809159284E+000  1.0804258012059984E+000  1.0222567284746789E+000
  9.6323582225742244E-001  9.0269292260309808E-001  8.4339121057243893E-001  7.8526128759548008E-001  7.3086816316440073E-001
  6.8049195669519713E-001  6.3474373186007005E-001  5.9501482259100058E-001  5.6110075915225810E-001  5.3421433437413945E-001
  5.1268777710380509E-001  4.9493672501050284E-001  4.8179475503604674E-001  4.7173528446742835E-001  4.6439365266155175E-001
  4.5907787594443761E-001  4.5545893948676858E-001  4.5294636236804664E-001  4.5127245105911934E-001  4.5027762737294069E-001
  4.4971150963585033E-001  4.4938411578373660E-001  4.4920366502691678E-001  4.4914281223686120E-001  4.4914933963586950E-001
  4.4916056295849199E-001  4.4916056295869544E-001  4.4914933963669934E-001  4.4914281223606428E-001  4.4920366502379155E-001
  4.4938411577850540E-001  4.4971150962834022E-001  4.5027762736220900E-001  4.5127245104476765E-001  4.5294636234969732E-001
  4.5545893946425986E-001  4.5907787591780752E-001  4.6439365263127186E-001  4.7173528442999646E-001  4.8179475499263191E-001
  4.9493672498121344E-001  5.1268777706469770E-001  5.3421433431915466E-001  5.6110075908856816E-001  5.9501482252187543E-001
  6.3474373178055243E-001  6.8049195662818740E-001  7.3086816306810698E-001
BLOCK 102   1.2826787603767290E+001
  7.5242852660843251E-001  8.1451145488811882E-001  8.7906652217933823E-001  9.4484729237044451E-001  1.0098113214025983E+000
  1.0735310875318844E+000  1.1347540983046036E+000  1.1932639925840454E+000  1.2485618944250785E+000  1.3005677698793603E+000
  1.3488341710969427E+000  1.3934123178058975E+000  1.4340366389315655E+000  1.4705761622477111E+000  1.5031102490546651E+000
  1.5314634713952060E+000  1.5553457865135929E+000  1.5749378953534114E+000  1.5908126726956120E+000  1.6027149695906122E+000
  1.6106516616522286E+000  1.6146004839069112E+000  1.6146004839100210E+000  1.6106516616608801E+000  1.6027149696057372E+000
  1.5908126727156209E+000  1.5749378953792259E+000  1.5553457865430209E+000  1.5314634714301203E+000  1.5031102490904458E+000
  1.4705761622893225E+000  1.4340366389768349E+000  1.3934123178546032E+000  1.3488341711508063E+000  1.3005677699379972E+000
  1.2485618944894969E+000  1.1932639926556292E+000  1.1347540983829085E+000  1.0735310876131801E+000  1.0098113214881921E+000
  9.4484729245743970E-001  8.7906652227070337E-001  8.1451145497856314E-001  7.5242852671077443E-001  6.9486566445941822E-001
  6.4282183360176370E-001  5.9653972007526179E-001  5.5797789715194268E-001  5.2653048942512026E-001  5.0070024991634143E-001
  4.8055336033346940E-001  4.6524748404403959E-001  4.5427940666341582E-001  4.4637535198233352E-001  4.4106983200334587E-001
  4.3767394786560981E-001  4.3564716443105078E-001  4.3460349950952465E-001  4.3426478015868197E-001  4.3428392745433331E-001
  4.3453057780711768E-001  4.3489765362749411E-001  4.3524846993373212E-001  4.3549125910726294E-001  4.3559626906092541E-001
  4.3562519443057279E-001  4.3562519443004077E-001  4.3559626905999899E-001  4.3549125910603564E-001  4.3524846993205479E-001
  4.3489765362424587E-001  4.3453057780104781E-001  4.3428392744536815E-001  4.3426478014687808E-001  4.3460349949400723E-001
  4.3564716441141860E-001  4.3767394784161479E-001  4.4106983197613203E-001  4.4637535195231032E-001  4.5427940662531263E-001
  4.6524748399732757E-001  4.8055336027322720E-001  5.0070024985726724E-001  5.2653048936592750E-001  5.5797789708864909E-001
  5.9653971999723898E-001  6.4282183350925870E-001  6.9486566436968256E-001
BLOCK 103   1.2953785500834293E+001
  7.1419961905386975E-001  7.8005147115028806E-001  8.4978432991608566E-001  9.2040889108490820E-001  9.9283391990683345E-001
  1.0628851150399652E+000  1.1300165521796928E+000  1.1937828726494593E+000  1.2534857061670053E+000  1.3090855900896048E+000
  1.3603716533559349E+000  1.4067882770282878E+000  1.4500904926937379E+000  1.4886580987009159E+000  1.5227932163422906E+000
  1.5524520675624505E+000  1.5777131006117597E+000  1.5988982285736917E+000  1.6159666389299423E+000  1.6287860494040183E+000
  1.6373715718413011E+000  1.6417140670435835E+000  1.6417140670463701E+000  1.6373715718504542E+000  1.6287860494202699E+000
  1.6159666389530933E+000  1.5988982286012698E+000  1.5777131006441214E+000  1.5524520675984981E+000  1.5227932163799840E+000
  1.4886580987520770E+000  1.4500904927382281E+000  1.4067882770681219E+000  1.3603716534137185E+000  1.3090855901501883E+000
  1.2534857062380873E+000  1.1937828727283957E+000  1.1300165522645274E+000  1.0628851151287912E+000  9.9283392000251991E-001
  9.2040889117991920E-001  8.4978433002600517E-001  7.8005147125169316E-001  7.1419961912583452E-001  6.5424961967605300E-001
  6.0007102590629480E-001  5.5530323876272925E-001  5.1838278761089396E-001  4.8731302605595361E-001  4.6467301404347666E-001
  4.4711641975255267E-001  4.3428205936819936E-001  4.2532710556036740E-001  4.2039070270623791E-001  4.1780732298403078E-001
  4.1673146382370252E-001  4.1668990133776285E-001  4.1728512700162873E-001  4.1823210697529556E-001  4.1932083370239182E-001
  4.2038361716586503E-001  4.2129761868654031E-001  4.2202866053416493E-001  4.2258382805500549E-001  4.2296420200944268E-001
  4.2315384071439349E-001  4.2315384071422968E-001  4.2296420200838869E-001  4.2258382805332534E-001  4.2202866053184129E-001
  4.2129761868324783E-001  4.2038361716137129E-001  4.1932083369603979E-001  4.1823210696618135E-001  4.1728512698980680E-001
  4.1668990132393513E-001  4.1673146380797788E-001  4.1780732296410306E-001  4.2039070267862816E-001  4.2532710552316400E-001
  4.3428205932203739E-001  4.4711641969725052E-001  4.6467301397425281E-001  4.8731302596844039E-001  5.1838278753431055E-001
  5.5530323866654874E-001  6.0007102579557225E-001  6.5424961960051375E-001
BLOCK 104   1.3080783397901296E+001
  6.6982982228131471E-001  7.3934474770087266E-001  8.1485324548923466E-001  8.9203249293248665E-001  9.7033408491327677E-001
  1.0465248972488777E+000  1.1215686872452990E+000  1.1915811622764358E+000  1.2568849877615027E+000  1.3171629901513668E+000
  1.3724474948161161E+000  1.4225463338616682E+000  1.4674614966400625E+000  1.5077248506066254E+000  1.5433952730217801E+000
  1.5744567495579755E+000  1.6016215689364457E+000  1.6243821038667317E+000  1.6425661462024073E+000  1.6561930860676368E+000
  1.6652826111647656E+000  1.6698202236810711E+000  1.6698202236849748E+000  1.6652826111765280E+000  1.6561930860840732E+000
  1.6425661462234444E+000  1.6243821038900479E+000  1.6016215689679221E+000  1.5744567495937367E+000  1.5433952730607352E+000
  1.5077248506451562E+000  1.4674614966880331E+000  1.4225463339144495E+000  1.3724474948763388E+000  1.3171629902177246E+000
  1.2568849878348201E+000  1.1915811623562422E+000  1.1215686873421071E+000  1.0465248973504224E+000  9.7033408502084040E-001
  8.9203249303638343E-001  8.1485324559398842E-001  7.3934474781258641E-001  6.6982982243502698E-001  6.0706274904411606E-001
  5.5341937874656222E-001  5.0869503847247954E-001  4.7214716612275565E-001  4.4412917149069614E-001  4.2351413722638220E-001
  4.1041094959172142E-001  4.0262649982974963E-001  3.9821348144940649E-001  3.9642939027439028E-001  3.9645235014666957E-001
  3.9763575721579797E-001  3.9946119377465972E-001  4.0153775461149788E-001  4.0362758731970189E-001  4.0558541997610659E-001
  4.0731587230343841E-001  4.0877896584971252E-001  4.0995634147670140E-001  4.1082517764733584E-001  4.1138314826979466E-001
  4.1163953075605997E-001  4.1163953075591680E-001  4.1138314826895483E-001  4.1082517764589133E-001  4.0995634147424964E-001
  4.0877896584612616E-001  4.0731587229882510E-001  4.0558541997068565E-001  4.0362758731394066E-001  4.0153775460551400E-001
  3.9946119376691064E-001  3.9763575720386524E-001  3.9645235012925883E-001  3.9642939025141766E-001  3.9821348141973001E-001
  4.0262649979529619E-001  4.1041094955153690E-001  4.2351413715377706E-001  4.4412917141154362E-001  4.7214716603269635E-001
  5.0869503855870857E-001  5.5341937862089641E-001  6.0706274877868671E-001
BLOCK 105   1.3207781294968299E+001
  6.1522469557412629E-001  6.9074992107687350E-001  7.7156999125427173E-001  8.5701097286664119E-001  9.4466507506733077E-001
  1.0280414258407498E+000  1.1089186406422997E+000  1.1858715652039773E+000  1.2576192865137854E+000  1.3235762286466086E+000
  1.3833075623373472E+000  1.4371760133901683E+000  1.4854635936047669E+000  1.5284507620053085E+000  1.5662807812861779E+000
  1.5992665049689654E+000  1.6275335057651112E+000  1.6511148907873996E+000  1.6701854406233945E+000  1.6848046281631650E+000
  1.6944303526039803E+000  1.6990866508585338E+000  1.6990866508610036E+000  1.6944303526129854E+000  1.6848046281784204E+000
  1.6701854406416610E+000  1.6511148908134556E+000  1.6275335057953617E+000  1.5992665050047947E+000  1.5662807813272519E+000
  1.5284507620519074E+000  1.4854635936731229E+000  1.4371760134452074E+000  1.3833075623972224E+000  1.3235762287171176E+000
  1.2576192866444698E+000  1.1858715652967105E+000  1.1089186407370168E+000  1.0280414259469199E+000  9.4466507518253939E-001
  8.5701097300625206E-001  7.7156999141821714E-001  6.9074992118252654E-001  6.1522469576904448E-001  5.4961587278565482E-001
  4.9405030481976414E-001  4.5068021081580728E-001  4.1891497870725869E-001  3.9865996862045583E-001  3.8525702877863321E-001
  3.7766241357390617E-001  3.7454825798280189E-001  3.7348719297208494E-001  3.7490828173766155E-001  3.7734584171670160E-001
  3.8051978910116818E-001  3.8394312947288400E-001  3.8732363803080588E-001  3.9045880993652693E-001  3.9323237779785797E-001
  3.9559903716856948E-001  3.9754702540226455E-001  3.9906607782216924E-001  4.0016520318365334E-001  4.0088187760703498E-001
  4.0123287377953226E-001  4.0123287377914807E-001  4.0088187760580163E-001  4.0016520318170418E-001  3.9906607781931575E-001
  3.9754702539892439E-001  3.9559903716540878E-001  3.9323237779524411E-001  3.9045880993398113E-001  3.8732363802720343E-001
  3.8394312946711107E-001  3.8051978909229645E-001  3.7734584170472024E-001  3.7490828172632684E-001  3.7348719295051680E-001
  3.7454825796814561E-001  3.7766241352919527E-001  3.8525702872265238E-001  3.9865996855278052E-001  4.1891497862116606E-001
  4.5068021071544684E-001  4.9405030463530597E-001  5.4961587268541745E-001
BLOCK 106   1.3334779192035302E+001
  5.4231776771893159E-001  6.2282620786726084E-001  7.1437288202209137E-001  8.1345079685647192E-001  9.0953636890560319E-001
  1.0033640737941720E+000  1.0939350183500962E+000  1.1773116658981113E+000  1.2559540255168380E+000  1.3273228931271199E+000
  1.3924063838608487E+000  1.4512258594962484E+000  1.5038116430086930E+000  1.5501913548386794E+000  1.5907246602958078E+000
  1.6258555058616169E+000  1.6558400849958346E+000  1.6807494250715231E+000  1.7000848330655161E+000  1.7146667381181191E+000
  1.7244054151014123E+000  1.7293498968225050E+000  1.7293498968237302E+000  1.7244054151074677E+000  1.7146667381314169E+000
  1.7000848330840390E+000  1.6807494250947546E+000  1.6558400850243127E+000  1.6258555058972270E+000  1.5907246603388674E+000
  1.5501913548834250E+000  1.5038116430601434E+000  1.4512258595568397E+000  1.3924063839343657E+000  1.3273228932022580E+000
  1.2559540256033350E+000  1.1773116659843836E+000  1.0939350183133887E+000  1.0033640739274601E+000  9.0953636904194046E-001
  8.1345079701384193E-001  7.1437288223565210E-001  6.2282620801566047E-001  5.4231776788221286E-001  4.7535109862880703E-001
  4.2652606113223557E-001  3.9272950386223643E-001  3.6998007857679699E-001  3.5647410915013394E-001  3.4951490816049396E-001
  3.4738077767325742E-001  3.4839097407289127E-001  3.5147755990293666E-001  3.5577149761277144E-001  3.6063573890482586E-001
  3.6564316593876101E-001  3.7050098356673167E-001  3.7496993731884415E-001  3.7892813286470672E-001  3.8239070636481343E-001
  3.8529020477119963E-001  3.8761990691216708E-001  3.8941463628578643E-001  3.9071739245968362E-001  3.9156154685169248E-001
  3.9196912929154815E-001  3.9196912929080319E-001  3.9156154684964023E-001  3.9071739245705439E-001  3.8941463628337886E-001
  3.8761990691066411E-001  3.8529020477043446E-001  3.8239070636422418E-001  3.7892813286364940E-001  3.7496993731201966E-001
  3.7050098355882277E-001  3.6564316593243112E-001  3.6063573890334155E-001  3.5577149760482818E-001  3.5147755988862817E-001
  3.4839097404848596E-001  3.4738077763531749E-001  3.4951490810554581E-001  3.5647410907005200E-001  3.6998007852012188E-001
  3.9272950386848171E-001  4.2652606096762052E-001  4.7535109841026946E-001
BLOCK 107   1.3461777089102306E+001
  4.5555928196196405E-001  5.3537160594371613E-001  6.3385097526030487E-001  7.4512597922884516E-001  8.5931317175601774E-001
  9.7032911546661027E-001  1.0735722053791437E+000  1.1671649636951891E+000  1.2526543310468301E+000  1.3314695125827156E+000
  1.4014022857489197E+000  1.4649595385596184E+000  1.5216070844915626E+000  1.5720029301602392E+000  1.6164148170013268E+000
  1.6543219114116785E+000  1.6858044775473602E+000  1.7115274670067899E+000  1.7318288102445820E+000  1.7468806240230439E+000
  1.7567099860975881E+000  1.7616385763924829E+000  1.7616385763951048E+000  1.7567099861046014E+000  1.7468806240342285E+000
  1.7318288102607411E+000  1.7115274670304814E+000  1.6858044775737830E+000  1.6543219114439602E+000  1.6164148170374333E+000
  1.5720029302012155E+000  1.5216070845524243E+000  1.4649595386079854E+000  1.4014022858026727E+000  1.3314695126473401E+000
  1.2526543311511171E+000  1.1671649638000878E+000  1.0735722054826151E+000  9.7032911564776692E-001  8.5931317197407053E-001
  7.4512597940398928E-001  6.3385097545915536E-001  5.3537160630324865E-001  4.5555928230245929E-001  3.9924884374445230E-001
  3.5983560683895172E-001  3.3565839309885592E-001  3.2265448942970265E-001  3.1754774867214658E-001  3.1752751639765731E-001
  3.2088011030652785E-001  3.2621033745069083E-001  3.3264954477559988E-001  3.3954323822955207E-001  3.4644628255324122E-001
  3.5304857993333716E-001  3.5913150903857816E-001  3.6456164291396431E-001  3.6930279787496356E-001  3.7329003508008329E-001
  3.7652065182505617E-001  3.7908289116247518E-001  3.8108221407482967E-001  3.8253462417300366E-001  3.8346438985840814E-001
  3.8391151253602523E-001  3.8391151253568567E-001  3.8346438985752862E-001  3.8253462417212086E-001  3.8108221407449472E-001
  3.7908289116295590E-001  3.7652065182399697E-001  3.7329003507274910E-001  3.6930279786907444E-001  3.6456164291618792E-001
  3.5913150904767321E-001  3.5304857993914718E-001  3.4644628255757276E-001  3.3954323823008614E-001  3.3264954476784864E-001
  3.2621033742854844E-001  3.2088011026980240E-001  3.1752751636829735E-001  3.1754774866694346E-001  3.2265448939087432E-001
  3.3565839295631289E-001  3.5983560677223358E-001  3.9924884359460278E-001
BLOCK 108   1.3588774986169309E+001
  3.6021756686268813E-001  4.2920859668664468E-001  5.2867371779162897E-001  6.5173266298339083E-001  7.8532745691813766E-001
  9.1693221246328471E-001  1.0388615623335027E+000  1.1488227745361639E+000  1.2467122651641336E+000  1.3332438217696170E+000
  1.4104510922370870E+000  1.4794439909701118E+000  1.5396108009487202E+000  1.5950732120115410E+000  1.6420378086483374E+000
  1.6823573406564725E+000  1.7163026659120646E+000  1.7439782018479888E+000  1.7656203181672743E+000  1.7816081691292061E+000
  1.7920071950619829E+000  1.7971969885613122E+000  1.7971969885644228E+000  1.7920071950690766E+000  1.7816081691390986E+000
  1.7656203181800465E+000  1.7439782018654191E+000  1.7163026659334004E+000  1.6823573406887677E+000  1.6420378086820491E+000
  1.5950732120290814E+000  1.5396108009992138E+000  1.4794439910257262E+000  1.4104510923081410E+000  1.3332438218475284E+000
  1.2467122652388329E+000  1.1488227746918109E+000  1.0388615624762729E+000  9.1693221261001168E-001  7.8532745720150599E-001
  6.5173266336028401E-001  5.2867371822608011E-001  4.2920859705757108E-001  3.6021756716469555E-001  3.1592505536470872E-001
  2.9095010938557370E-001  2.8237193475316347E-001  2.8180686722953829E-001  2.8575414976185753E-001  2.9223562420661792E-001
  3.0001233275477729E-001  3.0862269213947124E-001  3.1769305601537751E-001  3.2663186904220598E-001  3.3515698667556298E-001
  3.4299217807548515E-001  3.5000258531254619E-001  3.5613749716772286E-001  3.6139094106388570E-001  3.6577746922013360E-001
  3.6935913648662932E-001  3.7218017919997304E-001  3.7463295197572527E-001  3.7535661588573921E-001  3.7662578161525406E-001
  3.7710112936553236E-001  3.7710112936665674E-001  3.7662578161837812E-001  3.7535661588713676E-001  3.7463295197281138E-001
  3.7218017919036417E-001  3.6935913648118202E-001  3.6577746922379284E-001  3.6139094107327263E-001  3.5613749717684673E-001
  3.5000258532563949E-001  3.4299217808930904E-001  3.3515698668432037E-001  3.2663186904103975E-001  3.1769305600258252E-001
  3.0862269212670373E-001  3.0001233275685635E-001  2.9223562421776716E-001  2.8575414976058716E-001  2.8180686720538289E-001
  2.8237193469424898E-001  2.9095010935055093E-001  3.1592505515325758E-001
BLOCK 109   1.3715772883236312E+001
  2.5900348478458918E-001  2.9620452753540366E-001  3.7742046254707950E-001  5.1292166012744445E-001  6.7951873843542643E-001
  8.4028197366492596E-001  9.8588583336985125E-001  1.1161936937664683E+000  1.2308744538151564E+000  1.3314052511370877E+000
  1.4188915333146113E+000  1.4954684517205756E+000  1.5617046032924673E+000  1.6193105782326334E+000  1.6692153172034470E+000
  1.7118264718709135E+000  1.7479659708875452E+000  1.7777420125156007E+000  1.8014429194925659E+000  1.8189976788369220E+000
  1.8302964875196304E+000  1.8359874581960944E+000  1.8359874581960840E+000  1.8302964875215322E+000  1.8189976788443847E+000
  1.8014429195031814E+000  1.7777420125373806E+000  1.7479659709039266E+000  1.7118264718854095E+000  1.6692153172318429E+000
  1.6193105782558548E+000  1.5617046033466779E+000  1.4954684517758767E+000  1.4188915333861070E+000  1.3314052512220145E+000
  1.2308744539029037E+000  1.1161936938742365E+000  9.8588583358050785E-001  8.4028197391553083E-001  6.7951873902244664E-001
  5.1292166266269479E-001  3.7742046298916920E-001  2.9620452567428046E-001  2.5900348402570628E-001  2.4368346116123418E-001
  2.4092652004649179E-001  2.4594986567341176E-001  2.5452268830020952E-001  2.6472544367918927E-001  2.7519716576422260E-001
  2.8560755364470480E-001  2.9587449438748359E-001  3.0595105116959403E-001  3.1673963822108431E-001  3.2665226136485209E-001
  3.3548133533526936E-001  3.4321663743022468E-001  3.4984807547868013E-001  3.5541591493836694E-001  3.6000252434757413E-001
  3.6370642952278776E-001  3.6661278044694673E-001  3.6879719894899016E-001  3.7032513304553211E-001  3.7126940928867896E-001
  3.7170941538669577E-001  3.7170941538272217E-001  3.7126940927874336E-001  3.7032513303625314E-001  3.6879719894529189E-001
  3.6661278044979878E-001  3.6370642952951815E-001  3.6000252435573438E-001  3.5541591495335018E-001  3.4984807549498831E-001
  3.4321663744463088E-001  3.3548133534134539E-001  3.2665226135868980E-001  3.1673963821085410E-001  3.0595105116998123E-001
  2.9587449440006020E-001  2.8560755366550600E-001  2.7519716578373038E-001  2.6472544370532558E-001  2.5452268845032061E-001
  2.4594986608772529E-001  2.4092652008507545E-001  2.4368346029961288E-001
BLOCK 110   1.3842770780303315E+001
  1.9206024610466266E-001  1.9575747420014469E-001  2.2389500110784472E-001  2.8760826917274107E-001  4.7738571130052038E-001
  7.0590346357495215E-001  9.0569703989640848E-001  1.0693074340219069E+000  1.2053593659192807E+000  1.3221099782462660E+000
  1.4225280831629290E+000  1.5087044552182816E+000  1.5832855371818300E+000  1.6453458204863014E+000  1.6988149839781683E+000
  1.7444966508557636E+000  1.7829654226771849E+000  1.8144822865094086E+000  1.8393631849352567E+000  1.8583840670014276E+000
  1.8711074751549579E+000  1.8775117022307579E+000  1.8775117022337324E+000  1.8711074751656953E+000  1.8583840670109373E+000
  1.8393631849406678E+000  1.8144822865131620E+000  1.7829654226840896E+000  1.7444966508766240E+000  1.6988149840216720E+000
  1.6453458205046116E+000  1.5832855372377117E+000  1.5087044553064362E+000  1.4225280832293303E+000  1.3221099783508754E+000
  1.2053593661164859E+000  1.0693074341306730E+000  9.0569704120679451E-001  7.0590346734649001E-001  4.7738570920883122E-001
  2.8760826201921191E-001  2.2389500182042152E-001  1.9575747456117124E-001  1.9206024590239423E-001  1.9861101638400269E-001
  2.1049766228535674E-001  2.2466741602836698E-001  2.3916107996356434E-001  2.5284902910835383E-001  2.6525634613675492E-001
  2.7656581921412726E-001  2.8737498765411007E-001  2.9789262999874927E-001  3.0816960083194389E-001  3.1908926011979966E-001
  3.2941008924800252E-001  3.3831768128087114E-001  3.4558884247096006E-001  3.5143285109691486E-001  3.5609830644365525E-001
  3.5975446183336601E-001  3.6255519299972849E-001  3.6467435360721828E-001  3.6624367478594261E-001  3.6728208519128347E-001
  3.6778531758802990E-001  3.6778531758742639E-001  3.6728208518723260E-001  3.6624367477885250E-001  3.6467435360322531E-001
  3.6255519300537709E-001  3.5975446184911331E-001  3.5609830646349888E-001  3.5143285111614092E-001  3.4558884247986071E-001
  3.3831768127847367E-001  3.2941008923937859E-001  3.1908926011196970E-001  3.0816960083015982E-001  2.9789262999951061E-001
  2.8737498763958164E-001  2.7656581918817502E-001  2.6525634621106770E-001  2.5284902938128162E-001  2.3916108022153004E-001
  2.2466741599067891E-001  2.1049766198142511E-001  1.9861101604812068E-001
BLOCK 111   1.3969768677370318E+001
  1.6417415517443498E-001  1.5004652035320182E-001  1.3743152171066214E-001  1.3390958766822980E-001  1.3940421966139616E-001
  3.5065807207426436E-001  7.4239396888521547E-001  9.8711867260173303E-001  1.1651095732557577E+000  1.3058337516402407E+000
  1.4214293498868755E+000  1.5184631030985853E+000  1.6007438235897327E+000  1.6694165279836317E+000  1.7305279721624871E+000
  1.7802362298034089E+000  1.8213223355888233E+000  1.8550490753902469E+000  1.8815460139348703E+000  1.9013055366117564E+000
  1.9144610060735150E+000  1.9210458870269675E+000  1.9210458870219072E+000  1.9144610060682721E+000  1.9013055366158369E+000
  1.8815460139447018E+000  1.8550490754091000E+000  1.8213223356084463E+000  1.7802362298466565E+000  1.7305279721651701E+000
  1.6694165280485775E+000  1.6007438236573710E+000  1.5184631032342621E+000  1.4214293500255586E+000  1.3058337518988898E+000
  1.1651095748566673E+000  9.8711867565150546E-001  7.4239396799789514E-001  3.5065806251514209E-001  1.3940413688658765E-001
  1.3390959279765080E-001  1.3743152377066864E-001  1.5004652127513515E-001  1.6417415547256820E-001  1.7936933899045365E-001
  1.9807798847316557E-001  2.1624575999270737E-001  2.3312848688438606E-001  2.4832403668269068E-001  2.6138123460477980E-001
  2.7251786794335375E-001  2.8262776705638004E-001  2.9247780277068802E-001  3.0236721689270374E-001  3.1266024679175519E-001
  3.2324299164964793E-001  3.3336004880174885E-001  3.4215431013286435E-001  3.4908314442746163E-001  3.5414000707932153E-001
  3.5775220156656334E-001  3.6038662330060756E-001  3.6231163332404454E-001  3.6367720074438348E-001  3.6455959883879913E-001
  3.6499328939077080E-001  3.6499328939174047E-001  3.6455959884352002E-001  3.6367720075505999E-001  3.6231163333873717E-001
  3.6038662331529020E-001  3.5775220157835841E-001  3.5414000708708687E-001  3.4908314443325122E-001  3.4215431013553271E-001
  3.3336004880410602E-001  3.2324299165030584E-001  3.1266024678129051E-001  3.0236721684993029E-001  2.9247780269961304E-001
  2.8262776704574566E-001  2.7251786808745027E-001  2.6138123484638787E-001  2.4832403693645932E-001  2.3312848697743435E-001
  2.1624576000754120E-001  1.9807798851260880E-001  1.7936933900907936E-001
BLOCK 112   1.4096766574437321E+001
  1.5621136877701597E-001  1.4242585505061078E-001  1.2966356384937328E-001  1.1787271277973818E-001  1.1255833439518809E-001
 -1.0000000000000000E+000 -1.0000000000000000E+000  7.8977152585797805E-001  1.0893144468436984E+000  1.2733966316382828E+000
  1.4130625183351029E+000  1.5256523436249607E+000  1.6187962257539892E+000  1.6966809298585699E+000  1.7623304047611625E+000
  1.8173345597324153E+000  1.8628446906949272E+000  1.8994319045319503E+000  1.9277804939776539E+000  1.9483907005314351E+000
  1.9615021531425978E+000  1.9679631486211591E+000  1.9679630363245026E+000  1.9615018138528009E+000  1.9483901349826891E+000
  1.9277796879617559E+000  1.8994308355446827E+000  1.8628432721199772E+000  1.8173327229819385E+000  1.7623281488078912E+000
  1.6966778389572295E+000  1.6187919173431673E+000  1.5256461745041512E+000  1.4130530099153558E+000  1.2733799803285020E+000
  1.0892788051540370E+000  7.8963135576121379E-001 -1.0000000000000000E+000 -1.0000000000000000E+000  1.1256356664350167E-001
  1.1786927555709803E-001  1.2966622247389981E-001  1.4242668088434496E-001  1.5621159408492119E-001  1.7135839711370437E-001
  1.9115762305631309E-001  2.1338355076388477E-001  2.3345677334968404E-001  2.4956738031803855E-001  2.6190155407916704E-001
  2.7202534536046252E-001  2.8107893173254822E-001  2.8980230733785728E-001  2.9863728507398635E-001  3.0793026541696278E-001
  3.1808773941636970E-001  3.2848852430360953E-001  3.3812268731584449E-001  3.4643049091917044E-001  3.5302529856167630E-001
  3.5770505669505237E-001  3.6058888676645118E-001  3.6210809491523605E-001  3.6285180704496223E-001  3.6323975962196631E-001
  3.6342839602547583E-001  3.6342839600397059E-001  3.6323975955264598E-001  3.6285180691504620E-001  3.6210809471017685E-001
  3.6058888648741921E-001  3.5770505634677763E-001  3.5302529813373806E-001  3.4643049040555846E-001  3.3812268677053359E-001
  3.2848852389648919E-001  3.1808773917596339E-001  3.0793026463397044E-001  2.9863728377242715E-001  2.8980230527475853E-001
  2.8107892701660714E-001  2.7202533806969242E-001  2.6190155263718262E-001  2.4956739312414616E-001  2.3345678047148147E-001
  2.1338355038837922E-001  1.9115761122821895E-001  1.7135833954377189E-001
BLOCK 113   1.4223764471504325E+001
  1.5122433863463713E-001  1.4053801734944782E-001  1.3251138951892100E-001  1.2440776663558850E-001  1.0997884829786216E-001
  7.7500420963813307E-002  8.5935781824903912E-002 -1.0000000000000000E+000  5.3205796456671628E-001  1.2031475090611139E+000
  1.3887593315789717E+000  1.5260041860647526E+000  1.6341479641588244E+000  1.7225334259912783E+000  1.7943107709900643E+000
  1.8562229046150309E+000  1.9055456778976758E+000  1.9454305789665434E+000  1.9760643995592884E+000  1.9986040638474305E+000
  2.0132763802766842E+000  2.0205620896074472E+000  2.0205616811256060E+000  2.0132751167329426E+000  1.9986019595331963E+000
  1.9760612316023241E+000  1.9454263268895231E+000  1.9055415914149811E+000  1.8562155735426826E+000  1.7943020142818913E+000
  1.7225199945287910E+000  1.6341286141790099E+000  1.5259723336941906E+000  1.3886924011020443E+000  1.2029888330044747E+000
  5.3025840581649608E-001 -1.0000000000000000E+000  8.5997142112723884E-002  7.7546154696818817E-002  1.0999170100747258E-001
  1.2440725509778057E-001  1.3251178020065352E-001  1.4053881313692454E-001  1.5122508077788355E-001  1.6616179291498834E-001
  1.8389327582299908E-001  2.0872793004736007E-001  2.3307909426318904E-001  2.5217745824235804E-001  2.6671117874575689E-001
  2.7578135910033214E-001  2.8271949843728811E-001  2.8943753234588049E-001  2.9671169476389686E-001  3.0478643265309208E-001
  3.1408889788895761E-001  3.2427661465863178E-001  3.3438549199684953E-001  3.4372338581763084E-001  3.5158509558000528E-001
  3.5754678620388070E-001  3.6156543196436697E-001  3.6378257158110466E-001  3.6451061311302568E-001  3.6429488991802023E-001
  3.6389145688128516E-001  3.6389145671401341E-001  3.6429488947909228E-001  3.6451061248739502E-001  3.6378257080580495E-001
  3.6156543104003852E-001  3.5754678515885235E-001  3.5158509455088910E-001  3.4372338501047378E-001  3.3438549158449599E-001
  3.2427661437605387E-001  3.1408889654923405E-001  3.0478643069225647E-001  2.9671168788694752E-001  2.8943751930380390E-001
  2.8271948536621228E-001  2.7578135934336456E-001  2.6671118696469370E-001  2.5217747404277868E-001  2.3307915954182193E-001
  2.0872805631829514E-001  1.8389344318810347E-001  1.6616181012159292E-001
BLOCK 114   1.4350762368571328E+001
  1.4780726257870949E-001  1.4455058481366972E-001  1.4421139207702921E-001  1.3096004794502242E-001  8.1271597645811253E-002
  6.8723072322425374E-002  6.3811378123788773E-002 -1.0000000000000000E+000 -1.0000000000000000E+000  7.4349918331261244E-001
  1.3274607109732635E+000  1.5079844383007417E+000  1.6411642608413113E+000  1.7452271449218479E+000  1.8291894989759268E+000
  1.8952174304558274E+000  1.9493212466391319E+000  1.9928936240233224E+000  2.0267873431479169E+000  2.0520136676274197E+000
  2.0687581663710786E+000  2.0770093336510569E+000  2.0770085185813465E+000  2.0687557141033488E+000  2.0520094878676227E+000
  2.0267813138616160E+000  1.9928854109784877E+000  1.9493104152701075E+000  1.8952028094971107E+000  1.8291693617134730E+000
  1.7451925590260984E+000  1.6410975264204941E+000  1.5078530307560412E+000  1.3272102226630280E+000  7.4059670180610060E-001
 -1.0000000000000000E+000 -1.0000000000000000E+000  6.3983615397029944E-002  6.8945897627156416E-002  8.1448427216405689E-002
  1.3095086035625092E-001  1.4418924055745586E-001  1.4453688346997814E-001  1.4780349604045648E-001  1.5826960108326521E-001
  1.7556489066024594E-001  2.0181428922585973E-001  2.2999404328381945E-001  2.5310328965831425E-001  2.7185558090864570E-001
  2.8252988821046909E-001  2.8888611911870210E-001  2.9308915893485199E-001  2.9748334520493092E-001  3.0353000720042023E-001
  3.1131698818384484E-001  3.2092951948698423E-001  3.3114932655595397E-001  3.4107371913067208E-001  3.4985801697829222E-001
  3.5697540496102803E-001  3.6217273046881432E-001  3.6548393145531222E-001  3.6735147853785272E-001  3.6835906909544969E-001
  3.6884585366236405E-001  3.6884585340323606E-001  3.6835906819485237E-001  3.6735147694944409E-001  3.6548392941886687E-001
  3.6217272843866788E-001  3.5697540337434125E-001  3.4985801603950040E-001  3.4107371883537768E-001  3.3114932752792087E-001
  3.2092952072891368E-001  3.1131697856841506E-001  3.0352998855024121E-001  2.9748331776285719E-001  2.9308912755318761E-001
  2.8888607862041660E-001  2.8252986737836133E-001  2.7185564073295004E-001  2.5310346091594077E-001  2.2999446223053016E-001
  2.0181452808453684E-001  1.7556469712201739E-001  1.5826959908919927E-001
BLOCK 115   1.4477760265638331E+001
  1.6569338751702251E-001  1.8136573379938881E-001  6.6676150287719435E-002 -1.0000000000000000E+000 -1.0000000000000000E+000
 -1.0000000000000000E+000 -1.0000000000000000E+000 -1.0000000000000000E+000 -1.0000000000000000E+000 -1.0000000000000000E+000
  7.2022758206930521E-002  1.4480799723454276E+000  1.6309720884378973E+000  1.7580736303484132E+000  1.8553736434958932E+000
  1.9324281394365390E+000  1.9941943179493842E+000  2.0432648467295036E+000  2.0807034426660653E+000  2.1081264396178057E+000
  2.1260924345967007E+000  2.1349821064452268E+000  2.1349810273522407E+000  2.1260891840745209E+000  2.1081208889449479E+000
  2.0806953469574636E+000  2.0432541374391704E+000  1.9941768895663241E+000  1.9323966228974900E+000  1.8553147162058587E+000
  1.7579617866635648E+000  1.6307759190746700E+000  1.4477948322509409E+000  7.9761984789088011E-002 -1.0000000000000000E+000
 -1.0000000000000000E+000 -1.0000000000000000E+000 -1.0000000000000000E+000 -1.0000000000000000E+000 -1.0000000000000000E+000
 -1.0000000000000000E+000 -1.0000000000000000E+000  1.8126063485015434E-001  1.6543792594771167E-001  1.5482253236709653E-001
  1.6431347085510389E-001  1.9118380345184843E-001  2.2412239973611431E-001  2.5260729333700249E-001  2.7552443681872141E-001
  2.8898427225195888E-001  2.9716391241943874E-001  3.0141291488409733E-001  3.0377221428504608E-001  3.0644574212913123E-001
  3.1116732370560196E-001  3.1859629327916478E-001  3.2795600198047020E-001  3.3791355121831140E-001  3.4726821946413555E-001
  3.5544991875433007E-001  3.6234733406534902E-001  3.6798711472131146E-001  3.7235233066546297E-001  3.7515545895449687E-001
  3.7679905611467429E-001  3.7679905503879613E-001  3.7515545774478065E-001  3.7235232952985153E-001  3.6798711398443973E-001
  3.6234733461111945E-001  3.5544992233940342E-001  3.4726822672140278E-001  3.3791355753478186E-001  3.2795600000542757E-001
  3.1859628061134104E-001  3.1116729692356704E-001  3.0644569282138723E-001  3.0377213040520701E-001  3.0141282952041654E-001
  2.9716390413487154E-001  2.8898438012766992E-001  2.7552444555346067E-001  2.5260684391100391E-001  2.2412109164988608E-001
  1.9118423514537161E-001  1.6433032537911518E-001  1.5490444688721794E-001
BLOCK 116   1.4604758162705334E+001
  1.1068026760069050E-001 -1.0000000000000000E+000 -1.0000000000000000E+000 -1.0000000000000000E+000 -1.0000000000000000E+000
 -1.0000000000000000E+000 -1.0000000000000000E+000 -1.0000000000000000E+000 -1.0000000000000000E+000 -1.0000000000000000E+000
 -1.0000000000000000E+000  1.2237562246367941E+000  1.5722875912379670E+000  1.7492106641409397E+000  1.8736148385581459E+000
  1.9663815367175650E+000  2.0374124504335573E+000  2.0935349139091288E+000  2.1355983045336639E+000  2.1660925900441397E+000
  2.1858655021832649E+000  2.1954436974533604E+000  2.1954429236800341E+000  2.1858632222341208E+000  2.1660874248461912E+000
  2.1355853342208313E+000  2.0935122555752663E+000  2.0373692891753707E+000  1.9662807720120197E+000  1.8734481638068037E+000
  1.7489837284077070E+000  1.5720683320775555E+000  1.2239390463269435E+000 -1.0000000000000000E+000 -1.0000000000000000E+000
 -1.0000000000000000E+000 -1.0000000000000000E+000 -1.0000000000000000E+000 -1.0000000000000000E+000 -1.0000000000000000E+000
  8.7408682041006686E-002  8.0645114647712582E-002 -1.0000000000000000E+000  1.0561372824262122E-001  1.5883014268898543E-001
  1.7522500811095049E-001  1.9439714530125632E-001  2.1793273519692366E-001  2.4688557498560304E-001  2.7446348176031399E-001
  2.9457016719743939E-001  3.0623726766586723E-001  3.1156339318160486E-001  3.1396653468167129E-001  3.1531343924382477E-001
  3.1747103939784177E-001  3.2016319238266716E-001  3.2544871236612172E-001  3.3341336581621850E-001  3.4305478955516977E-001
  3.5336025926891124E-001  3.6332288721250727E-001  3.7210591610378818E-001  3.7907283730043717E-001  3.8397155330888944E-001
  3.8646946060708626E-001  3.8646939756156129E-001  3.8397145704136770E-001  3.7907291058190484E-001  3.7210589064826932E-001
  3.6332287437130750E-001  3.5336028917210788E-001  3.4305481906513907E-001  3.3341338335226861E-001  3.2544870489332361E-001
  3.2016316480917745E-001  3.1747101733803534E-001  3.1531342243987370E-001  3.1396666293956860E-001  3.1156348809064222E-001
  3.0623691669965142E-001  2.9456836827076194E-001  2.7445379686852528E-001  2.4677214088673163E-001  2.1752101998900927E-001
  1.9348671020287800E-001  1.6951465352630571E-001  1.3689186118700988E-001
BLOCK 117   1.4731756059772337E+001
 -1.0000000000000000E+000 -1.0000000000000000E+000 -1.0000000000000000E+000 -1.0000000000000000E+000 -1.0000000000000000E+000
 -1.0000000000000000E+000  1.3561058384295815E-001  1.2500000000000000E-001 -1.0000000000000000E+000 -1.0000000000000000E+000
 -1.0000000000000000E+000  9.1225294973384052E-001  1.4098202279707821E+000  1.6954760716632400E+000  1.8668006130187722E+000
  1.9873387241693057E+000  2.0767513121460639E+000  2.1416397474698088E+000  2.1903606963708695E+000  2.2245289943613376E+000
  2.2470377757582414E+000  2.2581042558372584E+000  2.2581026232833477E+000  2.2470289401805132E+000  2.2245040256059423E+000
  2.1903061339239382E+000  2.1415415586514444E+000  2.0766131279989075E+000  1.9871497830384603E+000  1.8665919933669022E+000
  1.6952632722497014E+000  1.4098982205959245E+000  9.1391419354876191E-001 -1.0000000000000000E+000 -1.0000000000000000E+000
 -1.0000000000000000E+000 -1.0000000000000000E+000 -1.0000000000000000E+000 -1.0000000000000000E+000 -1.0000000000000000E+000
 -1.0000000000000000E+000 -1.0000000000000000E+000 -1.0000000000000000E+000 -1.0000000000000000E+000 -1.0000000000000000E+000
 -1.0000000000000000E+000  1.7212455148919714E-001  2.6262462107468998E-001  2.8133067090612890E-001  2.8911569922563513E-001
  2.9711074076629823E-001  3.0702273868907620E-001  3.2030205046067722E-001  3.2800486106844212E-001  3.2990676087533805E-001
  3.2980598668397648E-001  3.2858189077435168E-001  3.2901092467576604E-001  3.3298096820916906E-001  3.4061782703677596E-001
  3.5140893647537663E-001  3.6383160088640287E-001  3.7572227643991329E-001  3.8625336988938391E-001  3.9366937772473315E-001
  3.9753366407498886E-001  3.9753364103498756E-001  3.9366942008110051E-001  3.8625386269124257E-001  3.7572459256107682E-001
  3.6383200324563031E-001  3.5140864776361264E-001  3.4061689633256242E-001  3.3297948665544147E-001  3.2900856511957477E-001
  3.2857847304279864E-001  3.2980262507658420E-001  3.2990806467650091E-001  3.2802976772678660E-001  3.2042248114545419E-001
  3.0743254879236309E-001  2.9740764753777127E-001  2.8455476542412395E-001  2.5328987340504394E-001  2.1308474317473938E-001
  1.6194734642598213E-001 -1.0000000000000000E+000 -1.0000000000000000E+000
BLOCK 118   1.4858753956839340E+001
 -1.0000000000000000E+000 -1.0000000000000000E+000 -1.0000000000000000E+000 -1.0000000000000000E+000 -1.0000000000000000E+000
 -1.0000000000000000E+000 -1.0000000000000000E+000 -1.0000000000000000E+000 -1.0000000000000000E+000 -1.0000000000000000E+000
 -1.0000000000000000E+000  1.6560213022610926E-001  7.9185056863752018E-002  1.5878409930526634E+000  1.8215421123188245E+000
  1.9829047467730481E+000  2.0977433193394708E+000  2.1801333532420508E+000  2.2407451127574634E+000  2.2827230264921603E+000
  2.3095246311895616E+000  2.3220295392769930E+000  2.3220070307830905E+000  2.3094569290016533E+000  2.2826115271043750E+000
  2.2406008526216277E+000  2.1799425545776541E+000  2.0975099509249189E+000  1.9826228424838188E+000  1.8212038203408676E+000
  1.5875302692689059E+000  1.2550441897377964E+000  6.6597442574149535E-001 -1.0000000000000000E+000 -1.0000000000000000E+000
 -1.0000000000000000E+000 -1.0000000000000000E+000 -1.0000000000000000E+000 -1.0000000000000000E+000 -1.0000000000000000E+000
 -1.0000000000000000E+000 -1.0000000000000000E+000 -1.0000000000000000E+000 -1.0000000000000000E+000 -1.0000000000000000E+000
 -1.0000000000000000E+000 -1.0000000000000000E+000 -1.0000000000000000E+000 -1.0000000000000000E+000  8.0876778720767623E-002
  3.5732396797059035E-001  3.8243867694478062E-001  3.7472961860204634E-001  3.5355666961038867E-001  3.4458980260171118E-001
  3.4413582749526267E-001  3.4381979401037988E-001  3.4265418399403003E-001  3.4294456942343365E-001  3.4655568966959727E-001
  3.5441334982155548E-001  3.6588324051923876E-001  3.7912140311590875E-001  3.9214140970282702E-001  4.0247239016079206E-001
  4.0820769328362366E-001  4.0820793809418476E-001  4.0247338434634972E-001  3.9214306039911456E-001  3.7912422816507974E-001
  3.6588291865770661E-001  3.5440745778440941E-001  3.4653761947959472E-001  3.4290611315889968E-001  3.4260224227162789E-001
  3.4383422651376117E-001  3.4434088220355308E-001  3.4427725745022475E-001  3.4773187688572871E-001  3.5708353248489488E-001
  3.6580478660299237E-001  3.4623187897761065E-001  1.1299370535763201E-001 -1.0000000000000000E+000 -1.0000000000000000E+000
 -1.0000000000000000E+000 -1.0000000000000000E+000 -1.0000000000000000E+000
BLOCK 119   1.4985751853906343E+001
 -1.0000000000000000E+000 -1.0000000000000000E+000 -1.0000000000000000E+000 -1.0000000000000000E+000 -1.0000000000000000E+000
 -1.0000000000000000E+000 -1.0000000000000000E+000 -1.0000000000000000E+000 -1.0000000000000000E+000 -1.0000000000000000E+000
 -1.0000000000000000E+000  5.5332619962519081E-001  1.1368033641727608E+000  1.5082179909125084E+000  1.7592560022221706E+000
  1.9518546778315460E+000  2.0960689271589250E+000  2.2032092919616102E+000  2.2799347234951823E+000  2.3330789189629333E+000
  2.3676184993455114E+000  2.3843485283295305E+000  2.3843091760957416E+000  2.3675050951318419E+000  2.3329018276586635E+000
  2.2796973892614627E+000  2.2029565167514922E+000  2.0957250832593401E+000  1.9514825477349647E+000  1.7590496050019269E+000
  1.5070138896469283E+000  1.1316001364751960E+000  5.0467838183200064E-001 -1.0000000000000000E+000 -1.0000000000000000E+000
 -1.0000000000000000E+000 -1.0000000000000000E+000 -1.0000000000000000E+000 -1.0000000000000000E+000 -1.0000000000000000E+000
 -1.0000000000000000E+000 -1.0000000000000000E+000 -1.0000000000000000E+000 -1.0000000000000000E+000 -1.0000000000000000E+000
 -1.0000000000000000E+000 -1.0000000000000000E+000 -1.0000000000000000E+000 -1.0000000000000000E+000 -1.0000000000000000E+000
 -1.0000000000000000E+000  1.6656402021775890E-001  3.3363839141137380E-001  4.1404507366520554E-001  4.4558867374071237E-001
  4.3545733468910125E-001  3.9751928591049462E-001  3.6404301366422676E-001  3.5597618441990331E-001  3.6047592173103732E-001
  3.6773324642544253E-001  3.7638867018031857E-001  3.8658948871606047E-001  3.9789076537710089E-001  4.0772275250193962E-001
  4.1345678533219465E-001  4.1345927644401820E-001  4.0773120995044532E-001  3.9790429937406913E-001  3.8660514785510369E-001
  3.7645822592109196E-001  3.6806396625339888E-001  3.6159781439292915E-001  3.5769197680747450E-001  3.6224620176997474E-001
  3.8566562684289740E-001  4.1926846547568669E-001  4.3545546366395527E-001  4.1073629849497451E-001  3.3705152052278864E-001
  1.5877664708891426E-001 -1.0000000000000000E+000 -1.0000000000000000E+000 -1.0000000000000000E+000 -1.0000000000000000E+000
 -1.0000000000000000E+000 -1.0000000000000000E+000 -1.0000000000000000E+000
BLOCK 120   1.5112749750973347E+001
 -1.0000000000000000E+000 -1.0000000000000000E+000 -1.0000000000000000E+000 -1.0000000000000000E+000 -1.0000000000000000E+000
 -1.0000000000000000E+000 -1.0000000000000000E+000 -1.0000000000000000E+000 -1.0000000000000000E+000 -1.0000000000000000E+000
 -1.0000000000000000E+000 -1.0000000000000000E+000  1.1157721651978505E+000  1.4404122415516543E+000  1.7198231035974256E+000
  1.9237999489556632E+000  2.0829787914994835E+000  2.2090554724043390E+000  2.3029085087488279E+000  2.3702410548595885E+000
  2.4128592061434309E+000  2.4336461690788340E+000  2.4336130261849460E+000  2.4127588460044760E+000  2.3700632426757968E+000
  2.3026362160525693E+000  2.2087343433866664E+000  2.0827794141043401E+000  1.9238048487578188E+000  1.7187413858722629E+000
  1.4394892482320651E+000  1.0636266235893659E+000  3.7933152434693723E-001 -1.0000000000000000E+000 -1.0000000000000000E+000
 -1.0000000000000000E+000 -1.0000000000000000E+000 -1.0000000000000000E+000 -1.0000000000000000E+000 -1.0000000000000000E+000
 -1.0000000000000000E+000 -1.0000000000000000E+000 -1.0000000000000000E+000 -1.0000000000000000E+000 -1.0000000000000000E+000
 -1.0000000000000000E+000 -1.0000000000000000E+000 -1.0000000000000000E+000 -1.0000000000000000E+000 -1.0000000000000000E+000
 -1.0000000000000000E+000 -1.0000000000000000E+000 -1.0000000000000000E+000  8.6707792939229936E-002  3.1871695999736005E-001
  4.2421288627585207E-001  4.7941504598642137E-001  4.9768915302185324E-001  4.8478514796737515E-001  4.4448482509143222E-001
  3.9413865949438764E-001  3.8356108010225554E-001  3.9560706636000037E-001  4.0558703390661677E-001  4.1017172645873140E-001
  4.1202143026457844E-001  4.1198458099408586E-001  4.1011054365964950E-001  4.0595663208188815E-001  3.9760055835184843E-001
  3.8681177904350067E-001  3.9114144691337610E-001  4.3079397119477436E-001  4.7184112016256308E-001  4.8780745882952020E-001
  4.7104449537485427E-001  4.1749651003792954E-001  3.2317458508321567E-001  1.4256244447687461E-001 -1.0000000000000000E+000
 -1.0000000000000000E+000 -1.0000000000000000E+000 -1.0000000000000000E+000 -1.0000000000000000E+000 -1.0000000000000000E+000
 -1.0000000000000000E+000 -1.0000000000000000E+000 -1.0000000000000000E+000
BLOCK 121   1.5239747648040350E+001
 -1.0000000000000000E+000 -1.0000000000000000E+000 -1.0000000000000000E+000 -1.0000000000000000E+000 -1.0000000000000000E+000
 -1.0000000000000000E+000 -1.0000000000000000E+000 -1.0000000000000000E+000 -1.0000000000000000E+000 -1.0000000000000000E+000
 -1.0000000000000000E+000 -1.0000000000000000E+000  9.8884766759789244E-001  1.4408568061103373E+000  1.6893381994095067E+000
  1.9117429080731985E+000  2.0823563225513464E+000  2.2149179182118313E+000  2.3159648366956462E+000  2.3871466751341326E+000
  2.4354240778811205E+000  2.4589746751379877E+000  2.4589395457763712E+000  2.4353231694163333E+000  2.3870212373684239E+000
  2.3158885716089626E+000  2.2150021478979851E+000  2.0823336901259824E+000  1.9114501940252753E+000  1.6916125417144419E+000
  1.4096430248370178E+000  1.0121401798006322E+000  1.4685386666178818E-001 -1.0000000000000000E+000 -1.0000000000000000E+000
 -1.0000000000000000E+000 -1.0000000000000000E+000 -1.0000000000000000E+000 -1.0000000000000000E+000 -1.0000000000000000E+000
 -1.0000000000000000E+000 -1.0000000000000000E+000 -1.0000000000000000E+000 -1.0000000000000000E+000 -1.0000000000000000E+000
 -1.0000000000000000E+000 -1.0000000000000000E+000 -1.0000000000000000E+000 -1.0000000000000000E+000 -1.0000000000000000E+000
 -1.0000000000000000E+000 -1.0000000000000000E+000 -1.0000000000000000E+000 -1.0000000000000000E+000 -1.0000000000000000E+000
 -1.0000000000000000E+000  2.9378433007348953E-001  4.4345566377720369E-001  5.1333507466465533E-001  5.4817922099808392E-001
  5.5504675592196906E-001  5.3181605904301033E-001  4.8158520195997351E-001  4.1708637797753417E-001  3.9713176706795428E-001
  4.0610611334814323E-001  4.0770959491720721E-001  4.0115653060019851E-001  4.1521448056450233E-001  4.7193213431571135E-001
  5.2170663636041903E-001  5.4401165684805020E-001  5.3912003433100264E-001  5.0719312090095225E-001  4.4289651813677816E-001
  3.1171727678056088E-001 -1.0000000000000000E+000 -1.0000000000000000E+000 -1.0000000000000000E+000 -1.0000000000000000E+000
 -1.0000000000000000E+000 -1.0000000000000000E+000 -1.0000000000000000E+000 -1.0000000000000000E+000 -1.0000000000000000E+000
 -1.0000000000000000E+000 -1.0000000000000000E+000 -1.0000000000000000E+000
BLOCK 122   1.5366745545107353E+001
 -1.0000000000000000E+000 -1.0000000000000000E+000 -1.0000000000000000E+000 -1.0000000000000000E+000 -1.0000000000000000E+000
 -1.0000000000000000E+000 -1.0000000000000000E+000 -1.0000000000000000E+000 -1.0000000000000000E+000 -1.0000000000000000E+000
 -1.0000000000000000E+000 -1.0000000000000000E+000  8.8939055898091757E-001  1.4347596958481397E+000  1.7131864088794999E+000
  1.9144894886868224E+000  2.0910153130905997E+000  2.2258996651472027E+000  2.3233760674095159E+000  2.3875012008253398E+000
  2.4327280751107492E+000  2.4546571645056683E+000  2.4547010559076878E+000  2.4328645323561524E+000  2.3877463514005943E+000
  2.3235701523516656E+000  2.2260437048236676E+000  2.0923144206599993E+000  1.9167589385200325E+000  1.6914111434517274E+000
  1.3961442186588648E+000  1.0001939190667486E+000 -1.0000000000000000E+000 -1.0000000000000000E+000 -1.0000000000000000E+000
 -1.0000000000000000E+000 -1.0000000000000000E+000 -1.0000000000000000E+000 -1.0000000000000000E+000 -1.0000000000000000E+000
 -1.0000000000000000E+000 -1.0000000000000000E+000 -1.0000000000000000E+000 -1.0000000000000000E+000 -1.0000000000000000E+000
 -1.0000000000000000E+000 -1.0000000000000000E+000 -1.0000000000000000E+000 -1.0000000000000000E+000 -1.0000000000000000E+000
 -1.0000000000000000E+000 -1.0000000000000000E+000 -1.0000000000000000E+000 -1.0000000000000000E+000 -1.0000000000000000E+000
 -1.0000000000000000E+000 -1.0000000000000000E+000 -1.0000000000000000E+000  2.7830621972318714E-001  4.5130209718105468E-001
  5.5150585992445489E-001  6.0163226940765813E-001  6.1274887268362543E-001  5.9140437618333253E-001  5.3064318251385312E-001
  4.6349333686946664E-001  4.5337156534974060E-001  5.1862290390713617E-001  5.7970477830160094E-001  6.0395849598130413E-001
  5.9611347341892562E-001  5.5054263496102041E-001  4.5927430050077178E-001  2.9299594623084801E-001 -1.0000000000000000E+000
 -1.0000000000000000E+000 -1.0000000000000000E+000 -1.0000000000000000E+000 -1.0000000000000000E+000 -1.0000000000000000E+000
 -1.0000000000000000E+000 -1.0000000000000000E+000 -1.0000000000000000E+000 -1.0000000000000000E+000 -1.0000000000000000E+000
 -1.0000000000000000E+000 -1.0000000000000000E+000 -1.0000000000000000E+000
BLOCK 123   1.5493743444096699E+001
 -1.0000000000000000E+000 -1.0000000000000000E+000 -1.0000000000000000E+000 -1.0000000000000000E+000 -1.0000000000000000E+000
 -1.0000000000000000E+000 -1.0000000000000000E+000 -1.0000000000000000E+000 -1.0000000000000000E+000 -1.0000000000000000E+000
 -1.0000000000000000E+000 -1.0000000000000000E+000  9.1467317675931836E-001  1.3979829160514370E+000  1.7518144304727541E+000
  1.9612765597347965E+000  2.1071610151014419E+000  2.2267744340770017E+000  2.3152068298435400E+000  2.3749463014403176E+000
  2.4112715710499466E+000  2.4287590007759623E+000  2.4288081187387660E+000  2.4114008693282694E+000  2.3753602700728096E+000
  2.3164760925316532E+000  2.2294352227030503E+000  2.1085362885999137E+000  1.9472998345999080E+000  1.7206020435219767E+000
  1.4204350573510782E+000  9.8943378349326894E-001 -1.0000000000000000E+000 -1.0000000000000000E+000 -1.0000000000000000E+000
 -1.0000000000000000E+000 -1.0000000000000000E+000 -1.0000000000000000E+000 -1.0000000000000000E+000 -1.0000000000000000E+000
 -1.0000000000000000E+000 -1.0000000000000000E+000 -1.0000000000000000E+000 -1.0000000000000000E+000 -1.0000000000000000E+000
 -1.0000000000000000E+000 -1.0000000000000000E+000 -1.0000000000000000E+000 -1.0000000000000000E+000 -1.0000000000000000E+000
 -1.0000000000000000E+000 -1.0000000000000000E+000 -1.0000000000000000E+000 -1.0000000000000000E+000 -1.0000000000000000E+000
 -1.0000000000000000E+000 -1.0000000000000000E+000 -1.0000000000000000E+000 -1.0000000000000000E+000 -1.0000000000000000E+000
  3.2341436190389611E-001  4.9476065003266145E-001  5.8584125758876404E-001  6.3919506392155145E-001  6.9485293625101341E-001
  7.4431325095601908E-001  7.4802112904027618E-001  7.0059299486575199E-001  6.3915403106457103E-001  5.8506796336571976E-001
  4.9549394993083956E-001  3.2830730042864653E-001 -1.0000000000000000E+000 -1.0000000000000000E+000 -1.0000000000000000E+000
 -1.0000000000000000E+000 -1.0000000000000000E+000 -1.0000000000000000E+000 -1.0000000000000000E+000 -1.0000000000000000E+000
 -1.0000000000000000E+000 -1.0000000000000000E+000 -1.0000000000000000E+000 -1.0000000000000000E+000 -1.0000000000000000E+000
 -1.0000000000000000E+000 -1.0000000000000000E+000 -1.0000000000000000E+000
BLOCK 124   1.5493743444096706E+001
 -1.0000000000000000E+000 -1.0000000000000000E+000 -1.0000000000000000E+000 -1.0000000000000000E+000 -1.0000000000000000E+000
 -1.0000000000000000E+000 -1.0000000000000000E+000 -1.0000000000000000E+000 -1.0000000000000000E+000 -1.0000000000000000E+000
 -1.0000000000000000E+000 -1.0000000000000000E+000  9.1467317675931836E-001  1.3979829160514370E+000  1.7518144304727541E+000
  1.9612765597347965E+000  2.1071610151014419E+000  2.2267744340770017E+000  2.3152068298435400E+000  2.3749463014403176E+000
  2.4112715710499466E+000  2.4287590007759623E+000  2.4288081187387660E+000  2.4114008693282694E+000  2.3753602700728096E+000
  2.3164760925316532E+000  2.2294352227030503E+000  2.1085362885999137E+000  1.9472998345999080E+000  1.7206020435219767E+000
  1.4204350573510782E+000  9.8943378349326894E-001 -1.0000000000000000E+000 -1.0000000000000000E+000 -1.0000000000000000E+000
 -1.0000000000000000E+000 -1.0000000000000000E+000 -1.0000000000000000E+000 -1.0000000000000000E+000 -1.0000000000000000E+000
 -1.0000000000000000E+000 -1.0000000000000000E+000 -1.0000000000000000E+000 -1.0000000000000000E+000 -1.0000000000000000E+000
 -1.0000000000000000E+000 -1.0000000000000000E+000 -1.0000000000000000E+000 -1.0000000000000000E+000 -1.0000000000000000E+000
 -1.0000000000000000E+000 -1.0000000000000000E+000 -1.0000000000000000E+000 -1.0000000000000000E+000 -1.0000000000000000E+000
 -1.0000000000000000E+000 -1.0000000000000000E+000 -1.0000000000000000E+000 -1.0000000000000000E+000 -1.0000000000000000E+000
  3.2341436190389611E-001  4.9476065003266145E-001  5.8584125758876404E-001  6.3919506392155145E-001  6.9485293625101341E-001
  7.4431325095601908E-001  7.4802112904027618E-001  7.0059299486575199E-001  6.3915403106457103E-001  5.8506796336571976E-001
  4.9549394993083956E-001  3.2830730042864653E-001 -1.0000000000000000E+000 -1.0000000000000000E+000 -1.0000000000000000E+000
 -1.0000000000000000E+000 -1.0000000000000000E+000 -1.0000000000000000E+000 -1.0000000000000000E+000 -1.0000000000000000E+000
 -1.0000000000000000E+000 -1.0000000000000000E+000 -1.0000000000000000E+000 -1.0000000000000000E+000 -1.0000000000000000E+000
 -1.0000000000000000E+000 -1.0000000000000000E+000 -1.0000000000000000E+000
END
