# LSA profile bundle v1
WAVELENGTH   8.9759790099999996E+000
NZ 72
NBLOCKS 125
Z
  6.2333187569444441E-002  1.8699956270833332E-001  3.1166593784722224E-001  4.3633231298611108E-001  5.6099868812499998E-001
  6.8566506326388887E-001  8.1033143840277777E-001  9.3499781354166656E-001  1.0596641886805556E+000  1.1843305638194446E+000
  1.3089969389583331E+000  1.4336633140972221E+000  1.5583296892361111E+000  1.6829960643749999E+000  1.8076624395138887E+000
  1.9323288146527777E+000  2.0569951897916665E+000  2.1816615649305557E+000  2.3063279400694445E+000  2.4309943152083333E+000
  2.5556606903472221E+000  2.6803270654861109E+000  2.8049934406249997E+000  2.9296598157638889E+000  3.0543261909027777E+000
  3.1789925660416665E+000  3.3036589411805557E+000  3.4283253163194445E+000  3.5529916914583328E+000  3.6776580665972225E+000
  3.8023244417361113E+000  3.9269908168750001E+000  4.0516571920138880E+000  4.1763235671527772E+000  4.3009899422916664E+000
  4.4256563174305548E+000  4.5503226925694440E+000  4.6749890677083332E+000  4.7996554428472216E+000  4.9243218179861108E+000
  5.0489881931250000E+000  5.1736545682638884E+000  5.2983209434027776E+000  5.4229873185416668E+000  5.5476536936805552E+000
  5.6723200688194444E+000  5.7969864439583336E+000  5.9216528190972220E+000  6.0463191942361103E+000  6.1709855693749995E+000
  6.2956519445138888E+000  6.4203183196527771E+000  6.5449846947916663E+000  6.6696510699305556E+000  6.7943174450694439E+000
  6.9189838202083331E+000  7.0436501953472224E+000  7.1683165704861107E+000  7.2929829456249990E+000  7.4176493207638892E+000
  7.5423156959027766E+000  7.6669820710416667E+000  7.7916484461805551E+000  7.9163148213194443E+000  8.0409811964583326E+000
  8.1656475715972228E+000  8.2903139467361111E+000  8.4149803218749994E+000  8.5396466970138878E+000  8.6643130721527779E+000
  8.7889794472916662E+000  8.9136458224305564E+000
BLOCK 1   0.0000000000000000E+000
  1.0004421206618996E+000  1.0026094371902987E+000  1.0043269901184981E+000  1.0060116120369706E+000  1.0076504819559569E+000
  1.0092311270862628E+000  1.0107415177645873E+000  1.0121701590065078E+000  1.0135061779902317E+000  1.0147394068053157E+000
  1.0158604598365790E+000  1.0168608051942809E+000  1.0177328296469299E+000  1.0184698965625496E+000  1.0190663964174367E+000
  1.0195177894880036E+000  1.0198206404008028E+000  1.0199726442779045E+000  1.0199726442779042E+000  1.0198206404008023E+000
  1.0195177894880030E+000  1.0190663964174356E+000  1.0184698965625485E+000  1.0177328296469281E+000  1.0168608051942789E+000
  1.0158604598365770E+000  1.0147394068053135E+000  1.0135061779902292E+000  1.0121701590065051E+000  1.0107415177645847E+000
  1.0092311270862597E+000  1.0076504819559537E+000  1.0060116120369673E+000  1.0043269901184948E+000  1.0026094371902956E+000
  1.0004421206619754E+000  9.9955787970498455E-001  9.9739056356996370E-001  9.9567301061954150E-001  9.9398838866876471E-001
  9.9234951870825794E-001  9.9076887352847720E-001  9.8925848279422735E-001  9.8782984149163322E-001  9.8649382244433248E-001
  9.8526059356470375E-001  9.8413954046988927E-001  9.8313919505156178E-001  9.8226717054305412E-001  9.8153010357803783E-001
  9.8093360368171589E-001  9.8048221057893137E-001  9.8017935964395575E-001  9.8002735575577993E-001  9.8002735575577971E-001
  9.8017935964395519E-001  9.8048221057893070E-001  9.8093360368171489E-001  9.8153010357803649E-001  9.8226717054305235E-001
  9.8313919505156000E-001  9.8413954046988739E-001  9.8526059356470153E-001  9.8649382244433026E-001  9.8782984149163067E-001
  9.8925848279422468E-001  9.9076887352847431E-001  9.9234951870825550E-001  9.9398838866876194E-001  9.9567301061953861E-001
  9.9739056356996081E-001  9.9955787970491661E-001
BLOCK 2   1.2299797070400000E-001
  1.0004432487423307E+000  1.0026131704001591E+000  1.0043321085969654E+000  1.0060180086470378E+000  1.0076580804880926E+000
  1.0092398492285348E+000  1.0107512783350570E+000  1.0121808691351530E+000  1.0135177483237821E+000  1.0147517489425013E+000
  1.0158734840976629E+000  1.0168744217633876E+000  1.0177469501961782E+000  1.0184844344212385E+000  1.0190812662650568E+000
  1.0195329071741321E+000  1.0198359227402305E+000  1.0199880087705853E+000  1.0199880087705855E+000  1.0198359227402332E+000
  1.0195329071741353E+000  1.0190812662650606E+000  1.0184844344212431E+000  1.0177469501961829E+000  1.0168744217633929E+000
  1.0158734840976682E+000  1.0147517489425060E+000  1.0135177483237856E+000  1.0121808691351559E+000  1.0107512783350594E+000
  1.0092398492285353E+000  1.0076580804880930E+000  1.0060180086470356E+000  1.0043321085969623E+000  1.0026131704001535E+000
  1.0004432487424091E+000  9.9955820615702540E-001  9.9738966756033720E-001  9.9567055639044644E-001  9.9398435241032423E-001
  9.9234389329164630E-001  9.9076167821223993E-001  9.8924975222655298E-001  9.8781962550335589E-001  9.8648218763947693E-001
  9.8524762357583895E-001  9.8412533548492176E-001  9.8312387095766174E-001  9.8225085775452414E-001  9.8151294556869140E-001
  9.8091575524789343E-001  9.8046383586999231E-001  9.8016062999929299E-001  9.8000844739758464E-001  9.8000844739758286E-001
  9.8016062999929032E-001  9.8046383586998775E-001  9.8091575524788421E-001  9.8151294556868063E-001  9.8225085775451304E-001
  9.8312387095765419E-001  9.8412533548491821E-001  9.8524762357583384E-001  9.8648218763946982E-001  9.8781962550334390E-001
  9.8924975222654221E-001  9.9076167821223005E-001  9.9234389329164086E-001  9.9398435241031968E-001  9.9567055639044288E-001
  9.9738966756033409E-001  9.9955820615695556E-001
BLOCK 3   2.4599594140799999E-001
  1.0004466792836768E+000  1.0026244040095227E+000  1.0043476480753806E+000  1.0060376095638683E+000  1.0076814380533512E+000
  1.0092666517257343E+000  1.0107812536498322E+000  1.0122137589161364E+000  1.0135532853918614E+000  1.0147896593214574E+000
  1.0159134921520021E+000  1.0169162542377876E+000  1.0177903368726076E+000  1.0185291079612759E+000  1.0191269631582447E+000
  1.0195793679591683E+000  1.0198828911005366E+000  1.0200352304302718E+000  1.0200352304302724E+000  1.0198828911005406E+000
  1.0195793679591731E+000  1.0191269631582542E+000  1.0185291079612881E+000  1.0177903368726198E+000  1.0169162542378001E+000
  1.0159134921520148E+000  1.0147896593214694E+000  1.0135532853918714E+000  1.0122137589161448E+000  1.0107812536498400E+000
  1.0092666517257385E+000  1.0076814380533539E+000  1.0060376095638668E+000  1.0043476480753757E+000  1.0026244040095140E+000
  1.0004466792837541E+000  9.9955924566587928E-001  9.9738697716078772E-001  9.9566299094463939E-001  9.9397188174441331E-001
  9.9232655687158455E-001  9.9073954230710426E-001  9.8922290872587326E-001  9.8778822514708609E-001  9.8644643980290458E-001
  9.8520778763119454E-001  9.8408171924265164E-001  9.8307682970464916E-001  9.8220079112040448E-001  9.8146029298195347E-001
  9.8086099057105747E-001  9.8040746138629375E-001  9.8010316985905521E-001  9.7995044062667103E-001  9.7995044062667991E-001
  9.8010316985915713E-001  9.8040746138641210E-001  9.8086099057114440E-001  9.8146029298193760E-001  9.8220079112038272E-001
  9.8307682970464327E-001  9.8408171924265386E-001  9.8520778763119754E-001  9.8644643980289970E-001  9.8778822514706599E-001
  9.8922290872584884E-001  9.9073954230708072E-001  9.9232655687156934E-001  9.9397188174440543E-001  9.9566299094463662E-001
  9.9738697716078439E-001  9.9955924566581034E-001
BLOCK 4   3.6899391211200072E-001
  1.0004523639237279E+000  1.0026430448790997E+000  1.0043734480703459E+000  1.0060701792755116E+000  1.0077203491325717E+000
  1.0093114555922866E+000  1.0108314631530426E+000  1.0122688611604840E+000  1.0136127982426992E+000  1.0148531351267203E+000
  1.0159804864053816E+000  1.0169863152310827E+000  1.0178630115161091E+000  1.0186039479627895E+000  1.0192035266774409E+000
  1.0196572183741168E+000  1.0199615962265827E+000  1.0201143618648476E+000  1.0201143618648507E+000  1.0199615962265915E+000
  1.0196572183741264E+000  1.0192035266774551E+000  1.0186039479628044E+000  1.0178630115161267E+000  1.0169863152311029E+000
  1.0159804864054001E+000  1.0148531351267378E+000  1.0136127982427159E+000  1.0122688611604977E+000  1.0108314631530557E+000
  1.0093114555922955E+000  1.0077203491325770E+000  1.0060701792755098E+000  1.0043734480703379E+000  1.0026430448790868E+000
  1.0004523639238032E+000  9.9956094762095649E-001  9.9738241611044043E-001  9.9565030014165878E-001  9.9395099067854953E-001
  9.9229747923473499E-001  9.9070237887088652E-001  9.8917786683913478E-001  9.8773559740368122E-001  9.8638657177392031E-001
  9.8514110050289805E-001  9.8400872778241599E-001  9.8299813141915260E-001  9.8211705413355332E-001  9.8137224955948665E-001
  9.8076942996289729E-001  9.8031322017926048E-001  9.8000712095443276E-001  9.7985348157965491E-001  9.7985348157954788E-001
  9.8000712095437226E-001  9.8031322017930234E-001  9.8076942996288563E-001  9.8137224955948954E-001  9.8211705413366357E-001
  9.8299813141919623E-001  9.8400872778240300E-001  9.8514110050288572E-001  9.8638657177390943E-001  9.8773559740366068E-001
  9.8917786683910791E-001  9.9070237887085699E-001  9.9229747923470835E-001  9.9395099067852644E-001  9.9565030014164257E-001
  9.9738241611042899E-001  9.9956094762089165E-001
BLOCK 5   4.9199188281600148E-001
  1.0004602331491694E+000  1.0026689607073025E+000  1.0044093893148194E+000  1.0061156176658839E+000  1.0077747052229147E+000
  1.0093741094382431E+000  1.0109017590692149E+000  1.0123461322205551E+000  1.0136963678124515E+000  1.0149423058991123E+000
  1.0160745791939021E+000  1.0170846958469983E+000  1.0179650666373652E+000  1.0187090609148650E+000  1.0193110768007549E+000
  1.0197665885649432E+000  1.0200721761626417E+000  1.0202255458862668E+000  1.0202255458862690E+000  1.0200721761626499E+000
  1.0197665885649578E+000  1.0193110768007754E+000  1.0187090609148848E+000  1.0179650666373878E+000  1.0170846958470223E+000
  1.0160745791939259E+000  1.0149423058991369E+000  1.0136963678124735E+000  1.0123461322205722E+000  1.0109017590692284E+000
  1.0093741094382531E+000  1.0077747052229202E+000  1.0061156176658783E+000  1.0044093893148049E+000  1.0026689607072867E+000
  1.0004602331492467E+000  9.9956324449090383E-001  9.9737584762123710E-001  9.9563235585642140E-001  9.9392156850789903E-001
  9.9225659289111334E-001  9.9065016730993349E-001  9.8911459857812445E-001  9.8766165921112214E-001  9.8630247742665511E-001
  9.8504749485686127E-001  9.8390634712652059E-001  9.8288779434804419E-001  9.8199968366043766E-001  9.8124887054404886E-001
  9.8064114728088136E-001  9.8018120109165507E-001  9.7987258193173665E-001  9.7971767366600637E-001  9.7971767366598028E-001
  9.7987258193172333E-001  9.8018120109158435E-001  9.8064114728077345E-001  9.8124887054405463E-001  9.8199968366050339E-001
  9.8288779434805240E-001  9.8390634712660729E-001  9.8504749485694210E-001  9.8630247742664501E-001  9.8766165921107008E-001
  9.8911459857808193E-001  9.9065016730989985E-001  9.9225659289108359E-001  9.9392156850786828E-001  9.9563235585639098E-001
  9.9737584762120801E-001  9.9956324449083933E-001
BLOCK 6   6.1498985352000080E-001
  1.0004702031476114E+000  1.0027019990940496E+000  1.0044553396475608E+000  1.0061738150281392E+000  1.0078444179272552E+000
  1.0094545514307671E+000  1.0109921048286734E+000  1.0124455346705683E+000  1.0138039591719892E+000  1.0150572118189620E+000
  1.0161959364412811E+000  1.0172116391407506E+000  1.0180967411267112E+000  1.0188446542505329E+000  1.0194498101244696E+000
  1.0199076853427682E+000  1.0202148504102662E+000  1.0203690080445562E+000  1.0203690080447214E+000  1.0202148504102393E+000
  1.0199076853427149E+000  1.0194498101244887E+000  1.0188446542505620E+000  1.0180967411267432E+000  1.0172116391407802E+000
  1.0161959364413091E+000  1.0150572118189884E+000  1.0138039591720112E+000  1.0124455346705878E+000  1.0109921048286883E+000
  1.0094545514307756E+000  1.0078444179272545E+000  1.0061738150281321E+000  1.0044553396475506E+000  1.0027019990940425E+000
  1.0004702031476966E+000  9.9956605159403522E-001  9.9736708916706240E-001  9.9560898011091647E-001  9.9388344969935238E-001
  9.9220375145320161E-001  9.9058278158096347E-001  9.8903300696384833E-001  9.8756635784319391E-001  9.8619412616659496E-001
  9.8492690643665193E-001  9.8377447240163240E-001  9.8274573126636344E-001  9.8184865160066526E-001  9.8109017351150762E-001
  9.8047617833694634E-001  9.8001144842592613E-001  9.7969960604234740E-001  9.7954307674092966E-001  9.7954307674092900E-001
  9.7969960604233342E-001  9.8001144842588273E-001  9.8047617833691780E-001  9.8109017351147876E-001  9.8184865160059276E-001
  9.8274573126633591E-001  9.8377447240173355E-001  9.8492690643669900E-001  9.8619412616662760E-001  9.8756635784325442E-001
  9.8903300696384888E-001  9.9058278158089175E-001  9.9220375145312756E-001  9.9388344969930220E-001  9.9560898011087839E-001
  9.9736708916702466E-001  9.9956605159397227E-001
BLOCK 7   7.3798782422400000E-001
  1.0004821772189578E+000  1.0027419870617980E+000  1.0045111534353681E+000  1.0062446568275143E+000  1.0079294068308158E+000
  1.0095527386718741E+000  1.0111024932620725E+000  1.0125670950214127E+000  1.0139356393781997E+000  1.0151979498785006E+000
  1.0163446710380337E+000  1.0173673094430993E+000  1.0182583062476458E+000  1.0190110887741224E+000  1.0196200970788714E+000
  1.0200808377756221E+000  1.0203899143188966E+000  1.0205450337478223E+000  1.0205450337479174E+000  1.0203899143188266E+000
  1.0200808377757047E+000  1.0196200970789342E+000  1.0190110887740838E+000  1.0182583062476469E+000  1.0173673094431359E+000
  1.0163446710380712E+000  1.0151979498785297E+000  1.0139356393782206E+000  1.0125670950214269E+000  1.0111024932620816E+000
  1.0095527386718823E+000  1.0079294068308224E+000  1.0062446568275196E+000  1.0045111534353690E+000  1.0027419870617957E+000
  1.0004821772190466E+000  9.9956927035118359E-001  9.9735592252904193E-001  9.9557995274779654E-001  9.9383641947244405E-001
  9.9213875333963553E-001  9.9050003943854581E-001  9.8893293536917659E-001  9.8744956394364136E-001  9.8606141257874103E-001
  9.8477926068105037E-001  9.8361306055388587E-001  9.8257189180534732E-001  9.8166386569905817E-001  9.8089605642749167E-001
  9.8027446835751864E-001  9.7980396187689645E-001  9.7948821360958560E-001  9.7932970880920722E-001  9.7932970880921733E-001
  9.7948821360956684E-001  9.7980396187687124E-001  9.8027446835750598E-001  9.8089605642745847E-001  9.8166386569903386E-001
  9.8257189180534976E-001  9.8361306055387998E-001  9.8477926068100363E-001  9.8606141257879931E-001  9.8744956394371375E-001
  9.8893293536918048E-001  9.9050003943855702E-001  9.9213875333963919E-001  9.9383641947237555E-001  9.9557995274769329E-001
  9.9735592252896077E-001  9.9956927035112464E-001
BLOCK 8   8.6098579492799920E-001
  1.0004960473593503E+000  1.0027887343696325E+000  1.0045766741993403E+000  1.0063280250034470E+000  1.0080295961378347E+000
  1.0096686410961346E+000  1.0112329417905659E+000  1.0127108799109321E+000  1.0140915210027543E+000  1.0153646764187161E+000
  1.0165209835240818E+000  1.0175519519645442E+000  1.0184500368601976E+000  1.0192086729751506E+000  1.0198223163058537E+000
  1.0202864946663550E+000  1.0205978273045060E+000  1.0207540545327920E+000  1.0207540545328506E+000  1.0205978273044660E+000
  1.0202864946664372E+000  1.0198223163058420E+000  1.0192086729751832E+000  1.0184500368602820E+000  1.0175519519645411E+000
  1.0165209835240596E+000  1.0153646764187299E+000  1.0140915210027817E+000  1.0127108799109537E+000  1.0112329417905821E+000
  1.0096686410961517E+000  1.0080295961378478E+000  1.0063280250034494E+000  1.0045766741993423E+000  1.0027887343696575E+000
  1.0004960473594731E+000  9.9957278905850877E-001  9.9734209667788432E-001  9.9554501707006748E-001  9.9378022284829459E-001
  9.9206135183859012E-001  9.9040170817961581E-001  9.8881417152792039E-001  9.8731109011887819E-001  9.8590417689639331E-001
  9.8460442776066381E-001  9.8342200627250742E-001  9.8236618962525790E-001  9.8144526270135213E-001  9.8066646289688919E-001
  9.8003592890210744E-001  9.7955862599758714E-001  9.7923832106460140E-001  9.7907754129436930E-001  9.7907754129438196E-001
  9.7923832106457631E-001  9.7955862599757382E-001  9.8003592890209945E-001  9.8066646289686332E-001  9.8144526270135835E-001
  9.8236618962526046E-001  9.8342200627249932E-001  9.8460442776065604E-001  9.8590417689641352E-001  9.8731109011883178E-001
  9.8881417152790374E-001  9.9040170817967865E-001  9.9206135183860755E-001  9.9378022284825962E-001  9.9554501707003373E-001
  9.9734209667781781E-001  9.9957278905843361E-001
BLOCK 9   9.8398376563199841E-001
  1.0005116960220859E+000  1.0028420365488069E+000  1.0046517365482519E+000  1.0064237992059848E+000  1.0081449162330611E+000
  1.0098022436259166E+000  1.0113834910340886E+000  1.0128769869331518E+000  1.0142717598256263E+000  1.0155576010888689E+000
  1.0167251360004650E+000  1.0177658732513135E+000  1.0186722707093991E+000  1.0194377713609104E+000  1.0200568612760854E+000
  1.0205251018832804E+000  1.0208391370037386E+000  1.0209967181561339E+000  1.0209967181561657E+000  1.0208391370037200E+000
  1.0205251018833419E+000  1.0200568612760741E+000  1.0194377713609739E+000  1.0186722707094207E+000  1.0177658732513077E+000
  1.0167251360005205E+000  1.0155576010888869E+000  1.0142717598255966E+000  1.0128769869331453E+000  1.0113834910341120E+000
  1.0098022436259440E+000  1.0081449162330893E+000  1.0064237992060343E+000  1.0046517365483270E+000  1.0028420365488639E+000
  1.0005116960221920E+000  9.9957648428631329E-001  9.9732533154261693E-001  9.9550388300527359E-001  9.9371456732513830E-001
  9.9197125898706096E-001  9.9028751082084532E-001  9.8867645534602466E-001  9.8715069742133577E-001  9.8572220534563415E-001
  9.8440222178674530E-001  9.8320114922280200E-001  9.8212848793500807E-001  9.8119272972536864E-001  9.8040130262174241E-001
  9.7976049123526732E-001  9.7927536990339559E-001  9.7894979556692407E-001  9.7878636121333307E-001  9.7878636121335150E-001
  9.7894979556690398E-001  9.7927536990339226E-001  9.7976049123526010E-001  9.8040130262172787E-001  9.8119272972538396E-001
  9.8212848793501084E-001  9.8320114922281432E-001  9.8440222178675474E-001  9.8572220534563226E-001  9.8715069742129702E-001
  9.8867645534602067E-001  9.9028751082082367E-001  9.9197125898699956E-001  9.9371456732514096E-001  9.9550388300529025E-001
  9.9732533154256275E-001  9.9957648428627333E-001
BLOCK 10   1.1069817363360004E+000
  1.0005289971831166E+000  1.0029016779585240E+000  1.0047361708193066E+000  1.0065318612178977E+000  1.0082753050072197E+000
  1.0099535451281028E+000  1.0115542048771551E+000  1.0130655471325576E+000  1.0144765521874566E+000  1.0157769777171550E+000
  1.0169574261729679E+000  1.0180094044693178E+000  1.0189253868388362E+000  1.0196988442771113E+000  1.0203242845434031E+000
  1.0207972728839605E+000  1.0211144647566093E+000  1.0212736255522705E+000  1.0212736255522845E+000  1.0211144647566093E+000
  1.0207972728839996E+000  1.0203242845433917E+000  1.0196988442771597E+000  1.0189253868388302E+000  1.0180094044693446E+000
  1.0169574261730061E+000  1.0157769777171393E+000  1.0144765521874681E+000  1.0130655471325793E+000  1.0115542048771584E+000
  1.0099535451281427E+000  1.0082753050073050E+000  1.0065318612179783E+000  1.0047361708193741E+000  1.0029016779585724E+000
  1.0005289971832041E+000  9.9958022168500926E-001  9.9730532130501304E-001  9.9545623035120823E-001  9.9363912586558567E-001
  9.9186814849283678E-001  9.9015712918362120E-001  9.8851948288547409E-001  9.8696809938747543E-001  9.8551523036315714E-001
  9.8417239761984532E-001  9.8295027722571915E-001  9.8185861959668130E-001  9.8090613294518614E-001  9.8010043410523451E-001
  9.7944797826887786E-001  9.7895399647856618E-001  9.7862245440837414E-001  9.7845601049053799E-001  9.7845601049055630E-001
  9.7862245440835582E-001  9.7895399647857262E-001  9.7944797826887620E-001  9.8010043410523440E-001  9.8090613294520834E-001
  9.8185861959668896E-001  9.8295027722574557E-001  9.8417239761985553E-001  9.8551523036315680E-001  9.8696809938745700E-001
  9.8851948288545954E-001  9.9015712918356868E-001  9.9186814849278471E-001  9.9363912586555769E-001  9.9545623035113195E-001
  9.9730532130493998E-001  9.9958022168502281E-001
BLOCK 11   1.2299797070400027E+000
  1.0005478187609869E+000  1.0029674356824749E+000  1.0048298047003015E+000  1.0066520969404176E+000  1.0084207136903798E+000
  1.0101225672352343E+000  1.0117451752554596E+000  1.0132767142854719E+000  1.0147061011041201E+000  1.0160230583262893E+000
  1.0172181787994135E+000  1.0182829744809769E+000  1.0192099205569469E+000  1.0199924919288268E+000  1.0206252081817158E+000
  1.0211036456535523E+000  1.0214244665167678E+000  1.0215854390310066E+000  1.0215854390310044E+000  1.0214244665167700E+000
  1.0211036456535636E+000  1.0206252081817127E+000  1.0199924919288597E+000  1.0192099205569358E+000  1.0182829744809989E+000
  1.0172181787994021E+000  1.0160230583262797E+000  1.0147061011041758E+000  1.0132767142855259E+000  1.0117451752555218E+000
  1.0101225672353320E+000  1.0084207136904619E+000  1.0066520969404311E+000  1.0048298047002782E+000  1.0029674356825018E+000
  1.0005478187611145E+000  9.9958385714780562E-001  9.9728173622505734E-001  9.9540171098483843E-001  9.9355354104628835E-001
  9.9175166010530569E-001  9.9001020354218294E-001  9.8834289904294115E-001  9.8676295764588251E-001  9.8528295021696444E-001
  9.8391469851668500E-001  9.8266915552427581E-001  9.8155633430188438E-001  9.8058519939739142E-001  9.7976359553729420E-001
  9.7909816381636650E-001  9.7859430075233211E-001  9.7825610154342568E-001  9.7808630573983757E-001  9.7808630573985422E-001
  9.7825610154341003E-001  9.7859430075234688E-001  9.7909816381636838E-001  9.7976359553730763E-001  9.8058519939742395E-001
  9.8155633430190503E-001  9.8266915552431444E-001  9.8391469851669622E-001  9.8528295021696966E-001  9.8676295764586763E-001
  9.8834289904291417E-001  9.9001020354213076E-001  9.9175166010525728E-001  9.9355354104622517E-001  9.9540171098474062E-001
  9.9728173622498639E-001  9.9958385714781117E-001
BLOCK 12   1.3529776777440050E+000
  1.0005680232124812E+000  1.0030390835752263E+000  1.0049324731370597E+000  1.0067844092012892E+000  1.0085811120522599E+000
  1.0103093368636391E+000  1.0119564778155410E+000  1.0135106230657369E+000  1.0149606322397784E+000  1.0162961876288610E+000
  1.0175078506211552E+000  1.0185871169466219E+000  1.0195264577542513E+000  1.0203193488316364E+000  1.0209603095543986E+000
  1.0214449235702774E+000  1.0217698605417580E+000  1.0219328883809928E+000  1.0219328883809824E+000  1.0217698605417656E+000
  1.0214449235702741E+000  1.0209603095543942E+000  1.0203193488316276E+000  1.0195264577542154E+000  1.0185871169466336E+000
  1.0175078506211683E+000  1.0162961876289174E+000  1.0149606322398494E+000  1.0135106230658049E+000  1.0119564778156369E+000
  1.0103093368636875E+000  1.0085811120522674E+000  1.0067844092013412E+000  1.0049324731371034E+000  1.0030390835752405E+000
  1.0005680232125953E+000  9.9958723802352112E-001  9.9725422941684938E-001  9.9533995254630137E-001  9.9345741816305855E-001
  9.9162138659561294E-001  9.8984633648231846E-001  9.8814633919089556E-001  9.8653493859707220E-001  9.8502503121277207E-001
  9.8362876620126749E-001  9.8235741678142752E-001  9.8122128762963268E-001  9.8022961319012836E-001  9.7939048981116505E-001
  9.7871077294654463E-001  9.7819603357896312E-001  9.7785050477446234E-001  9.7767702176936233E-001  9.7767702176937987E-001
  9.7785050477444879E-001  9.7819603357898355E-001  9.7871077294655229E-001  9.7939048981119048E-001  9.8022961319016610E-001
  9.8122128762966176E-001  9.8235741678147548E-001  9.8362876620128359E-001  9.8502503121278862E-001  9.8653493859705654E-001
  9.8814633919086592E-001  9.8984633648226950E-001  9.9162138659555676E-001  9.9345741816297051E-001  9.9533995254618102E-001
  9.9725422941674124E-001  9.9958723802353644E-001
BLOCK 13   1.4759756484480073E+000
  1.0005894763675731E+000  1.0031164113275568E+000  1.0050440204717941E+000  1.0069286877446284E+000  1.0087564344805027E+000
  1.0105138537318601E+000  1.0121882125398640E+000  1.0137674944976445E+000  1.0152404771420154E+000  1.0165967846355224E+000
  1.0178269383484042E+000  1.0189224046712795E+000  1.0198756361323837E+000  1.0206801032503803E+000  1.0213303212693952E+000
  1.0218218741612932E+000  1.0221514359726693E+000  1.0223167754546592E+000  1.0223167754546469E+000  1.0221514359726702E+000
  1.0218218741612584E+000  1.0213303212693670E+000  1.0206801032503592E+000  1.0198756361323882E+000  1.0189224046713183E+000
  1.0178269383484440E+000  1.0165967846356119E+000  1.0152404771420738E+000  1.0137674944976709E+000  1.0121882125399193E+000
  1.0105138537319058E+000  1.0087564344805395E+000  1.0069286877447059E+000  1.0050440204718760E+000  1.0031164113276188E+000
  1.0005894763677050E+000  9.9959020377331986E-001  9.9722242118099846E-001  9.9527054541454441E-001  9.9335034829553126E-001
  9.9147693769186585E-001  9.8966514204531486E-001  9.8792939244183120E-001  9.8628360256747061E-001  9.8474103117585832E-001
  9.8331417477507288E-001  9.8201464849535725E-001  9.8085308216725409E-001  9.7983900397058843E-001  9.7898077491255431E-001
  9.7828548464805853E-001  9.7775889281205874E-001  9.7740537674573269E-001  9.7722787644656217E-001  9.7722787644658271E-001
  9.7740537674572958E-001  9.7775889281209094E-001  9.7828548464807519E-001  9.7898077491259206E-001  9.7983900397062662E-001
  9.8085308216728440E-001  9.8201464849540354E-001  9.8331417477508765E-001  9.8474103117588274E-001  9.8628360256746661E-001
  9.8792939244180511E-001  9.8966514204524370E-001  9.9147693769176248E-001  9.9335034829542701E-001  9.9527054541446736E-001
  9.9722242118093607E-001  9.9959020377335517E-001
BLOCK 14   1.5989736191520096E+000
  1.0006120311577473E+000  1.0031991655406838E+000  1.0051642429645320E+000  1.0070847988964649E+000  1.0089466448050899E+000
  1.0107361922168672E+000  1.0124405575808140E+000  1.0140476020146123E+000  1.0155460044007620E+000  1.0169253103154563E+000
  1.0181759844092861E+000  1.0192894535906449E+000  1.0202581406516693E+000  1.0210754993908324E+000  1.0217360360881003E+000
  1.0222353294914512E+000  1.0225700517281053E+000  1.0227379721245478E+000  1.0227379721245200E+000  1.0225700517280787E+000
  1.0222353294914128E+000  1.0217360360881032E+000  1.0210754993908395E+000  1.0202581406517126E+000  1.0192894535907024E+000
  1.0181759844093132E+000  1.0169253103154923E+000  1.0155460044007945E+000  1.0140476020146540E+000  1.0124405575808622E+000
  1.0107361922169369E+000  1.0089466448051818E+000  1.0070847988965494E+000  1.0051642429646219E+000  1.0031991655407808E+000
  1.0006120311578843E+000  9.9959259156555980E-001  9.9718596504851353E-001  9.9519312517470981E-001  9.9323193123458453E-001
  9.9131786589532456E-001  9.8946614095661012E-001  9.8769157094443616E-001  9.8600845850895080E-001  9.8443045589060707E-001
  9.8297043990687594E-001  9.8164038816203802E-001  9.8045127665016352E-001  9.7941295155602526E-001  9.7853405366940360E-001
  9.7782192041347360E-001  9.7728251456945969E-001  9.7692036542587857E-001  9.7673852279264040E-001  9.7673852279266149E-001
  9.7692036542588245E-001  9.7728251456949933E-001  9.7782192041349958E-001  9.7853405366944879E-001  9.7941295155606145E-001
  9.8045127665019549E-001  9.8164038816208332E-001  9.8297043990689126E-001  9.8443045589061806E-001  9.8600845850890417E-001
  9.8769157094437732E-001  9.8946614095655694E-001  9.9131786589527615E-001  9.9323193123451847E-001  9.9519312517462299E-001
  9.9718596504843005E-001  9.9959259156561819E-001
BLOCK 15   1.7219715898560120E+000
  1.0006355352655507E+000  1.0032870744887961E+000  1.0052929409955587E+000  1.0072526455451829E+000  1.0091517554182856E+000
  1.0109764703335911E+000  1.0127137325742055E+000  1.0143512611455927E+000  1.0158776206769771E+000  1.0172822617595239E+000
  1.0185555733181713E+000  1.0196889275618992E+000  1.0206747073898688E+000  1.0215063380257439E+000  1.0221783078756812E+000
  1.0226861845989388E+000  1.0230266318850387E+000  1.0231974165045881E+000  1.0231974165045892E+000  1.0230266318850658E+000
  1.0226861845989550E+000  1.0221783078757232E+000  1.0215063380257643E+000  1.0206747073898881E+000  1.0196889275619185E+000
  1.0185555733181977E+000  1.0172822617595469E+000  1.0158776206770068E+000  1.0143512611456660E+000  1.0127137325742728E+000
  1.0109764703336770E+000  1.0091517554183995E+000  1.0072526455452770E+000  1.0052929409956586E+000  1.0032870744889046E+000
  1.0006355352656913E+000  9.9959423839701111E-001  9.9714450914072450E-001  9.9510729657952990E-001  9.9310172742362202E-001
  9.9114368858346380E-001  9.8924881084063254E-001  9.8743232957072236E-001  9.8570896044765355E-001  9.8409276751793817E-001
  9.8259703402434739E-001  9.8123412405484456E-001  9.8001537752746293E-001  9.7895097932015818E-001  9.7804986733388544E-001
  9.7731963750628237E-001  9.7676646760516672E-001  9.7639504798301491E-001  9.7620854222056586E-001  9.7620854222058739E-001
  9.7639504798301990E-001  9.7676646760520813E-001  9.7731963750631068E-001  9.7804986733393506E-001  9.7895097932020625E-001
  9.8001537752750012E-001  9.8123412405485788E-001  9.8259703402430998E-001  9.8409276751791808E-001  9.8570896044762624E-001
  9.8743232957070171E-001  9.8924881084059013E-001  9.9114368858341451E-001  9.9310172742357550E-001  9.9510729657945884E-001
  9.9714450914063169E-001  9.9959423839708517E-001
BLOCK 16   1.8449695605600143E+000
  1.0006598459783991E+000  1.0033799428957386E+000  1.0054299991858695E+000  1.0074321817250476E+000  1.0093717971060741E+000
  1.0112348154922051E+000  1.0130079769054723E+000  1.0146788232857480E+000  1.0162357773322963E+000  1.0176681803450538E+000
  1.0189663339070578E+000  1.0201215394670149E+000  1.0211261255579298E+000  1.0219734758769468E+000  1.0226580494513200E+000
  1.0231753950176734E+000  1.0235221616575692E+000  1.0236961086070613E+000  1.0236961086070779E+000  1.0235221616576318E+000
  1.0231753950177269E+000  1.0226580494513717E+000  1.0219734758769781E+000  1.0211261255579502E+000  1.0201215394670089E+000
  1.0189663339070840E+000  1.0176681803450978E+000  1.0162357773323454E+000  1.0146788232858328E+000  1.0130079769055564E+000
  1.0112348154923025E+000  1.0093717971061900E+000  1.0074321817251553E+000  1.0054299991859847E+000  1.0033799428958472E+000
  1.0006598459785401E+000  9.9959495502801432E-001  9.9709762322008655E-001  9.9501258846107388E-001  9.9295924165144001E-001
  9.9095389563439784E-001  9.8901262087684361E-001  9.8715110798949190E-001  9.8538452606294913E-001  9.8372737918390774E-001
  9.8219337702970944E-001  9.8079528907423941E-001  9.7954483378087942E-001  9.7845255022122513E-001  9.7752769083914604E-001
  9.7677812214429660E-001  9.7621024719062044E-001  9.7582892625329143E-001  9.7563744018434329E-001  9.7563744018436083E-001
  9.7582892625329454E-001  9.7621024719066662E-001  9.7677812214433335E-001  9.7752769083918778E-001  9.7845255022122823E-001
  9.7954483378086676E-001  9.8079528907423907E-001  9.8219337702969955E-001  9.8372737918390285E-001  9.8538452606291527E-001
  9.8715110798947570E-001  9.8901262087681630E-001  9.9095389563434710E-001  9.9295924165138783E-001  9.9501258846101104E-001
  9.9709762322000572E-001  9.9959495502810958E-001
BLOCK 17   1.9679675312640166E+000
  1.0013458017935342E+000  1.0034775937525029E+000  1.0055753268806056E+000  1.0076234138452516E+000  1.0096068729082510E+000
  1.0115114146112372E+000  1.0133235555101130E+000  1.0150306465465126E+000  1.0166209452009241E+000  1.0180836506766435E+000
  1.0194089503213555E+000  1.0205880583570583E+000  1.0216132386969055E+000  1.0224778233237872E+000  1.0231762288994055E+000
  1.0237039734777269E+000  1.0240576840446411E+000  1.0242351065964168E+000  1.0242351065964099E+000  1.0240576840446551E+000
  1.0237039734777631E+000  1.0231762288994481E+000  1.0224778233238279E+000  1.0216132386969674E+000  1.0205880583571003E+000
  1.0194089503214026E+000  1.0180836506766964E+000  1.0166209452009836E+000  1.0150306465465975E+000  1.0133235555102138E+000
  1.0115114146113537E+000  1.0096068729083685E+000  1.0076234138453652E+000  1.0055753268807175E+000  1.0034775937525990E+000
  1.0013458017936148E+000  9.9959456098384447E-001  9.9704485928681541E-001  9.9490848752010907E-001  9.9280391368500931E-001
  9.9074790013654612E-001  9.8875698209662899E-001  9.8684732283475884E-001  9.8503456677119761E-001  9.8333368625629980E-001
  9.8175884747458297E-001  9.8032325447155721E-001  9.7903902286114131E-001  9.7791705459133427E-001  9.7696692669792207E-001
  9.7619678652282627E-001  9.7561327194250413E-001  9.7522142251244781E-001  9.7502464092489960E-001  9.7502464092492669E-001
  9.7522142251246091E-001  9.7561327194252589E-001  9.7619678652280351E-001  9.7696692669791740E-001  9.7791705459132916E-001
  9.7903902286113975E-001  9.8032325447155233E-001  9.8175884747457187E-001  9.8333368625630568E-001  9.8503456677116896E-001
  9.8684732283473364E-001  9.8875698209659735E-001  9.9074790013650194E-001  9.9280391368495535E-001  9.9490848752004801E-001
  9.9704485928674447E-001  9.9959456098396215E-001
BLOCK 18   2.0909655019680189E+000
  1.0013953205762347E+000  1.0035798695138698E+000  1.0057288537705424E+000  1.0078263703588513E+000  1.0098571061514712E+000
  1.0118064915703202E+000  1.0136607981411425E+000  1.0154071574976842E+000  1.0170336367794575E+000  1.0185292754369073E+000
  1.0198841284852862E+000  1.0210892962815850E+000  1.0221369497747230E+000  1.0230203522212360E+000  1.0237338706861168E+000
  1.0242729858821382E+000  1.0246342951221303E+000  1.0248155228187410E+000  1.0248155228187414E+000  1.0246342951221254E+000
  1.0242729858821418E+000  1.0237338706861407E+000  1.0230203522212786E+000  1.0221369497747999E+000  1.0210892962816711E+000
  1.0198841284853806E+000  1.0185292754369986E+000  1.0170336367795518E+000  1.0154071574977772E+000  1.0136607981412431E+000
  1.0118064915704350E+000  1.0098571061515853E+000  1.0078263703589665E+000  1.0057288537706495E+000  1.0035798695139548E+000
  1.0013953205763093E+000  9.9959286607707387E-001  9.9698580573549223E-001  9.9479448153629446E-001  9.9263514105673856E-001
  9.9052505241449884E-001  9.8848122837452346E-001  9.8652030443364203E-001  9.8465841940550847E-001  9.8291103806082192E-001
  9.8129280014577491E-001  9.7981736417990350E-001  9.7849726986622598E-001  9.7734380562881229E-001  9.7636688885858891E-001
  9.7557495389346738E-001  9.7497487491255974E-001  9.7457187569645065E-001  9.7436948593409012E-001  9.7436948593407835E-001
  9.7457187569638914E-001  9.7497487491253521E-001  9.7557495389343740E-001  9.7636688885857670E-001  9.7734380562879020E-001
  9.7849726986622110E-001  9.7981736417989607E-001  9.8129280014575337E-001  9.8291103806081614E-001  9.8465841940548704E-001
  9.8652030443361860E-001  9.8848122837448438E-001  9.9052505241445810E-001  9.9263514105668404E-001  9.9479448153623018E-001
  9.9698580573543250E-001  9.9959286607721776E-001
BLOCK 19   2.2139634726720212E+000
  1.0014455248887504E+000  1.0036865949232652E+000  1.0058905620319780E+000  1.0080411405981571E+000  1.0101226752117511E+000
  1.0121203219673414E+000  1.0140200812989608E+000  1.0158088327568808E+000  1.0174744315604940E+000  1.0190057328617521E+000
  1.0203926316570344E+000  1.0216260947641798E+000  1.0226981845094927E+000  1.0236020743287972E+000  1.0243320577725130E+000
  1.0248835611896039E+000  1.0252531473945017E+000  1.0254385192401829E+000  1.0254385192401945E+000  1.0252531473945097E+000
  1.0248835611896177E+000  1.0243320577725481E+000  1.0236020743288439E+000  1.0226981845095573E+000  1.0216260947642757E+000
  1.0203926316571599E+000  1.0190057328618836E+000  1.0174744315606365E+000  1.0158088327570083E+000  1.0140200812990781E+000
  1.0121203219674528E+000  1.0101226752118477E+000  1.0080411405982539E+000  1.0058905620320713E+000  1.0036865949233427E+000
  1.0014455248888192E+000  9.9958965696164748E-001  9.9691999898950689E-001  9.9467007908406924E-001  9.9245240986691508E-001
  9.9028476845168056E-001  9.8818468069877863E-001  9.8616931728356438E-001  9.8425533893676476E-001  9.8245869604691616E-001
  9.8079450558477055E-001  9.7927689955443120E-001  9.7791886135147388E-001  9.7673208087724095E-001  9.7572683403812688E-001
  9.7491186274438801E-001  9.7429429019241354E-001  9.7387952687807033E-001  9.7367122418126650E-001  9.7367122418127539E-001
  9.7387952687803958E-001  9.7429429019237368E-001  9.7491186274431885E-001  9.7572683403808713E-001  9.7673208087719621E-001
  9.7791886135144812E-001  9.7927689955441410E-001  9.8079450558474468E-001  9.8245869604689318E-001  9.8425533893673367E-001
  9.8616931728354040E-001  9.8818468069873666E-001  9.9028476845164581E-001  9.9245240986686922E-001  9.9467007908400884E-001
  9.9691999898945338E-001  9.9958965696181701E-001
BLOCK 20   2.3369614433760235E+000
  1.0014961563779994E+000  1.0037975899685940E+000  1.0060603580528038E+000  1.0082677685477737E+000  1.0104037951631271E+000
  1.0124532600172691E+000  1.0144018534767383E+000  1.0162362114562984E+000  1.0179439656548521E+000  1.0195137538912566E+000
  1.0209352833444045E+000  1.0221993653033767E+000  1.0232979288445199E+000  1.0242240359364405E+000  1.0249718930754614E+000
  1.0255368591898169E+000  1.0259154475096177E+000  1.0261053281615606E+000  1.0261053281615711E+000  1.0259154475096424E+000
  1.0255368591898610E+000  1.0249718930755152E+000  1.0242240359365113E+000  1.0232979288446060E+000  1.0221993653034862E+000
  1.0209352833445329E+000  1.0195137538913965E+000  1.0179439656550153E+000  1.0162362114564565E+000  1.0144018534768868E+000
  1.0124532600173994E+000  1.0104037951632290E+000  1.0082677685478587E+000  1.0060603580528715E+000  1.0037975899686475E+000
  1.0014961563780491E+000  9.9958473580343377E-001  9.9684699194514303E-001  9.9453475136556524E-001  9.9225512559150542E-001
  9.9002641879936748E-001  9.8786669778038727E-001  9.8579368331433748E-001  9.8382456860641920E-001  9.8197583539368416E-001
  9.8026312260751791E-001  9.7870103413571674E-001  9.7730298546132144E-001  9.7608107780301112E-001  9.7504596437492752E-001
  9.7420670824929223E-001  9.7357069043192113E-001  9.7314351884061290E-001  9.7292897755299657E-001  9.7292897755299856E-001
  9.7314351884058248E-001  9.7357069043189570E-001  9.7420670824923772E-001  9.7504596437487723E-001  9.7608107780293607E-001
  9.7730298546125094E-001  9.7870103413566034E-001  9.8026312260748105E-001  9.8197583539365385E-001  9.8382456860637924E-001
  9.8579368331431083E-001  9.8786669778034253E-001  9.9002641879933317E-001  9.9225512559146867E-001  9.9453475136551450E-001
  9.9684699194509396E-001  9.9958473580362828E-001
BLOCK 21   2.4599594140800258E+000
  1.0015469768372931E+000  1.0039127200286129E+000  1.0062382150015019E+000  1.0085063336671194E+000  1.0107006473351441E+000
  1.0128056126110780E+000  1.0148065882910637E+000  1.0166899192596530E+000  1.0184429664805643E+000  1.0200541425807110E+000
  1.0215129675151147E+000  1.0228100712726393E+000  1.0239372189173301E+000  1.0248873407240340E+000  1.0256545391944685E+000
  1.0262340885071808E+000  1.0266224373751986E+000  1.0268172106916393E+000  1.0268172106916473E+000  1.0266224373752331E+000
  1.0262340885072492E+000  1.0256545391945491E+000  1.0248873407241441E+000  1.0239372189174514E+000  1.0228100712727701E+000
  1.0215129675152572E+000  1.0200541425808609E+000  1.0184429664807217E+000  1.0166899192598080E+000  1.0148065882912245E+000
  1.0128056126112259E+000  1.0107006473352702E+000  1.0085063336672182E+000  1.0062382150015694E+000  1.0039127200286511E+000
  1.0015469768373133E+000  9.9957790820051962E-001  9.9676635556301474E-001  9.9438798105321413E-001  9.9204268771356141E-001
  9.8974933510577323E-001  9.8752655757275409E-001  9.8539264137854965E-001  9.8336533157838391E-001  9.8146166314571481E-001
  9.7969780415863272E-001  9.7808885206159013E-001  9.7664869841267232E-001  9.7538986850460463E-001  9.7432337068879371E-001
  9.7345858062677371E-001  9.7280315437724951E-001  9.7236292037809280E-001  9.7214181031679003E-001  9.7214181031678426E-001
  9.7236292037805905E-001  9.7280315437722831E-001  9.7345858062671753E-001  9.7432337068873054E-001  9.7538986850453224E-001
  9.7664869841260027E-001  9.7808885206149665E-001  9.7969780415854757E-001  9.8146166314564454E-001  9.8336533157832795E-001
  9.8539264137852567E-001  9.8752655757271579E-001  9.8974933510573493E-001  9.9204268771351956E-001  9.9438798105317117E-001
  9.9676635556298687E-001  9.9957790820075110E-001
BLOCK 22   2.5829573847840281E+000
  1.0015977675943473E+000  1.0040318753787678E+000  1.0064241365723969E+000  1.0087569571663497E+000  1.0110134732440550E+000
  1.0131777431608857E+000  1.0152347640248223E+000  1.0171705536999158E+000  1.0189721745643456E+000  1.0206277833532482E+000
  1.0221266672101810E+000  1.0234592556006652E+000  1.0246171563840498E+000  1.0255931551568864E+000  1.0263812170750279E+000
  1.0269765053424142E+000  1.0273753907366157E+000  1.0275754463749178E+000  1.0275754463749383E+000  1.0273753907366703E+000
  1.0269765053425011E+000  1.0263812170751343E+000  1.0255931551570243E+000  1.0246171563842001E+000  1.0234592556008273E+000
  1.0221266672103495E+000  1.0206277833534125E+000  1.0189721745645064E+000  1.0171705537000726E+000  1.0152347640249768E+000
  1.0131777431610263E+000  1.0110134732441864E+000  1.0087569571664599E+000  1.0064241365724760E+000  1.0040318753788133E+000
  1.0015977675943608E+000  9.9956898210235567E-001  9.9667766741127528E-001  9.9422925436153087E-001  9.9181449852114489E-001
  9.8945284235403264E-001  9.8716351177485584E-001  9.8496538066657469E-001  9.8287677205728041E-001  9.8091529041978842E-001
  9.7909764210188754E-001  9.7743943538174471E-001  9.7595504477804851E-001  9.7465742342077766E-001  9.7355796872532407E-001
  9.7266640263414417E-001  9.7199064891770426E-001  9.7153673559071008E-001  9.7130874236983411E-001  9.7130874236983844E-001
  9.7153673559067877E-001  9.7199064891766351E-001  9.7266640263407889E-001  9.7355796872525813E-001  9.7465742342069206E-001
  9.7595504477796147E-001  9.7743943538164069E-001  9.7909764210179873E-001  9.8091529041969938E-001  9.8287677205718260E-001
  9.8496538066648465E-001  9.8716351177480732E-001  9.8945284235400577E-001  9.9181449852113335E-001  9.9422925436152265E-001
  9.9667766741127084E-001  9.9956898210261502E-001
BLOCK 23   2.7059553554880305E+000
  1.0016483293493230E+000  1.0041549727096042E+000  1.0066181611166589E+000  1.0090198010961704E+000  1.0113425594092849E+000
  1.0135700631028368E+000  1.0156869131144530E+000  1.0176787650553896E+000  1.0195323545013608E+000  1.0212355506565505E+000
  1.0227773791841939E+000  1.0241480452988461E+000  1.0253389588422563E+000  1.0263427299389005E+000  1.0271531900114677E+000
  1.0277653943738061E+000  1.0281756164844573E+000  1.0283813579273451E+000  1.0283813579273691E+000  1.0281756164845188E+000
  1.0277653943739100E+000  1.0271531900116044E+000  1.0263427299390600E+000  1.0253389588424269E+000  1.0241480452990330E+000
  1.0227773791843833E+000  1.0212355506567361E+000  1.0195323545015413E+000  1.0176787650555561E+000  1.0156869131146051E+000
  1.0135700631029709E+000  1.0113425594094054E+000  1.0090198010962672E+000  1.0066181611167360E+000  1.0041549727096573E+000
  1.0016483293493410E+000  9.9955776867807089E-001  9.9658051445652462E-001  9.9405805882499199E-001  9.9156995166965756E-001
  9.8913624819347423E-001  9.8677679214558145E-001  9.8451106806471211E-001  9.8235799766052712E-001  9.8033576676835599E-001
  9.7846163401338293E-001  9.7675173670709126E-001  9.7522094257798453E-001  9.7388265052663303E-001  9.7274866583412767E-001
  9.7182905710830836E-001  9.7113202587076664E-001  9.7066382059196565E-001  9.7042865599257933E-001  9.7042865599257788E-001
  9.7066382059192391E-001  9.7113202587071412E-001  9.7182905710824019E-001  9.7274866583404962E-001  9.7388265052652878E-001
  9.7522094257789282E-001  9.7675173670698556E-001  9.7846163401326691E-001  9.8033576676823520E-001  9.8235799766042298E-001
  9.8451106806462274E-001  9.8677679214551672E-001  9.8913624819342660E-001  9.9156995166964257E-001  9.9405805882500387E-001
  9.9658051445654028E-001  9.9955776867835244E-001
BLOCK 24   2.8289533261920328E+000
  1.0016984888427123E+000  1.0042819621067041E+000  1.0068203645741705E+000  1.0092950682452950E+000  1.0116882348280138E+000
  1.0139830258942351E+000  1.0161636119916932E+000  1.0182152543272152E+000  1.0201243307468402E+000  1.0218783853608331E+000
  1.0234661490001642E+000  1.0248775716249219E+000  1.0261038357973729E+000  1.0271373599466902E+000  1.0279718178438160E+000
  1.0286021312525222E+000  1.0290244775922124E+000  1.0292362986571901E+000  1.0292362986572179E+000  1.0290244775922823E+000
  1.0286021312526354E+000  1.0279718178439636E+000  1.0271373599468649E+000  1.0261038357975696E+000  1.0248775716251308E+000
  1.0234661490003703E+000  1.0218783853610414E+000  1.0201243307470378E+000  1.0182152543273946E+000  1.0161636119918536E+000
  1.0139830258943732E+000  1.0116882348281300E+000  1.0092950682453803E+000  1.0068203645742289E+000  1.0042819621067292E+000
  1.0016984888427063E+000  9.9954408304160480E-001  9.9647448784318493E-001  9.9387387922152903E-001  9.9130843604579633E-001
  9.8879885380533628E-001  9.8636561616343466E-001  9.8402883724703150E-001  9.8180805703376228E-001  9.7972206224138403E-001
  9.7778868700756272E-001  9.7602461706524857E-001  9.7444522609817452E-001  9.7306437628051046E-001  9.7189428631020813E-001
  9.7094536359740935E-001  9.7022608480975059E-001  9.6974291830558124E-001  9.6950023092046389E-001  9.6950023092045479E-001
  9.6974291830553982E-001  9.7022608480969252E-001  9.7094536359732497E-001  9.7189428631011632E-001  9.7306437628039899E-001
  9.7444522609805706E-001  9.7602461706511523E-001  9.7778868700743016E-001  9.7972206224126834E-001  9.8180805703366503E-001
  9.8402883724694257E-001  9.8636561616337348E-001  9.8879885380529342E-001  9.9130843604576624E-001  9.9387387922150228E-001
  9.9647448784316173E-001  9.9954408304190367E-001
BLOCK 25   2.9519512968960351E+000
  1.0017480968407517E+000  1.0044128242013197E+000  1.0070308578553631E+000  1.0095829987452731E+000  1.0120508700198689E+000
  1.0144171347132496E+000  1.0166654977925855E+000  1.0187807870993544E+000  1.0207489844740909E+000  1.0225572726133354E+000
  1.0241940581731579E+000  1.0256490038876085E+000  1.0269130360306649E+000  1.0279783583008044E+000  1.0288384616041759E+000
  1.0294881230079236E+000  1.0299234230786685E+000  1.0301417395895700E+000  1.0301417395895938E+000  1.0299234230787389E+000
  1.0294881230080410E+000  1.0288384616043338E+000  1.0279783583009912E+000  1.0269130360308747E+000  1.0256490038878359E+000
  1.0241940581733873E+000  1.0225572726135614E+000  1.0207489844743014E+000  1.0187807870995496E+000  1.0166654977927605E+000
  1.0144171347133943E+000  1.0120508700199757E+000  1.0095829987453353E+000  1.0070308578553970E+000  1.0044128242013404E+000
  1.0017480968407597E+000  9.9952774658157417E-001  9.9635919647936777E-001  9.9367621441130771E-001  9.9102934228503370E-001
  9.8843993971200450E-001  9.8592915465634601E-001  9.8351775661182261E-001  9.8122592972817457E-001  9.7907308483779820E-001
  9.7707765427502680E-001  9.7525689042787100E-001  9.7362668221222004E-001  9.7220135345142999E-001  9.7099352709072673E-001
  9.7001396340744661E-001  9.6927144309500557E-001  9.6877265627341846E-001  9.6852211403570387E-001  9.6852211403568522E-001
  9.6877265627337883E-001  9.6927144309494395E-001  9.7001396340734858E-001  9.7099352709061204E-001  9.7220135345129399E-001
  9.7362668221207405E-001  9.7525689042773056E-001  9.7707765427490423E-001  9.7907308483768651E-001  9.8122592972807821E-001
  9.8351775661173924E-001  9.8592915465628239E-001  9.8843993971193911E-001  9.9102934228497408E-001  9.9367621441126452E-001
  9.9635919647933913E-001  9.9952774658188415E-001
BLOCK 26   3.0749492676000374E+000
  1.0017970366453737E+000  1.0045475678483708E+000  1.0072497841844046E+000  1.0098838786069750E+000  1.0124308943393543E+000
  1.0148729548803299E+000  1.0171932620801933E+000  1.0193761744669343E+000  1.0214072403882344E+000  1.0232732439480383E+000
  1.0249622334423019E+000  1.0264635501746762E+000  1.0277678369873424E+000  1.0288670608883954E+000  1.0297545183033612E+000
  1.0304248365901918E+000  1.0308739769085915E+000  1.0310992318047412E+000  1.0310992318047660E+000  1.0308739769086677E+000
  1.0304248365903075E+000  1.0297545183035224E+000  1.0288670608885904E+000  1.0277678369875654E+000  1.0264635501749129E+000
  1.0249622334425461E+000  1.0232732439482832E+000  1.0214072403884671E+000  1.0193761744671435E+000  1.0171932620803612E+000
  1.0148729548804583E+000  1.0124308943394573E+000  1.0098838786070541E+000  1.0072497841844543E+000  1.0045475678483955E+000
  1.0017970366453843E+000  9.9950859564853956E-001  9.9623427335193637E-001  9.9346456285097073E-001  9.9073203301563517E-001
  9.8805874029782759E-001  9.8546652734949391E-001  9.8297684766857973E-001  9.8061055794014673E-001  9.7838771594380014E-001
  9.7632736201154635E-001  9.7444731346507307E-001  9.7276398085933635E-001  9.7129217399652745E-001  9.7004494144061149E-001
  9.6903340053334197E-001  9.6826663034666205E-001  9.6775154892376125E-001  9.6749282029099926E-001  9.6749282029097683E-001
  9.6775154892370940E-001  9.6826663034657423E-001  9.6903340053322173E-001  9.7004494144047992E-001  9.7129217399638546E-001
  9.7276398085919469E-001  9.7444731346493862E-001  9.7632736201142167E-001  9.7838771594367924E-001  9.8061055794004404E-001
  9.8297684766848248E-001  9.8546652734940665E-001  9.8805874029774965E-001  9.9073203301557444E-001  9.9346456285092555E-001
  9.9623427335190029E-001  9.9950859564886152E-001
BLOCK 27   3.1979472383040397E+000
  1.0018452278526322E+000  1.0046862606921607E+000  1.0074773499345295E+000  1.0101980474800758E+000  1.0128287819875366E+000
  1.0153510972138238E+000  1.0177476482128474E+000  1.0200022810573746E+000  1.0221000714210475E+000  1.0240273695565179E+000
  1.0257718303503092E+000  1.0273224453262624E+000  1.0286695577314591E+000  1.0298048768462400E+000  1.0307214765566017E+000
  1.0314138089482832E+000  1.0318777023682077E+000  1.0321103580496900E+000  1.0321103580497113E+000  1.0318777023682861E+000
  1.0314138089484053E+000  1.0307214765567667E+000  1.0298048768464354E+000  1.0286695577316867E+000  1.0273224453265133E+000
  1.0257718303505685E+000  1.0240273695567677E+000  1.0221000714212727E+000  1.0200022810575757E+000  1.0177476482130241E+000
  1.0153510972139750E+000  1.0128287819876551E+000  1.0101980474801653E+000  1.0074773499345955E+000  1.0046862606922060E+000
  1.0018452278526544E+000  9.9948646902390426E-001  9.9609933455710709E-001  9.9323839625363153E-001  9.9041584397722049E-001
  9.8765446791842126E-001  9.8497684182335443E-001  9.8240512998297080E-001  9.7996087272544918E-001  9.7766478070702001E-001
  9.7553652120519496E-001  9.7359450560616134E-001  9.7185568416249879E-001  9.7033535487664668E-001  9.6904699937353367E-001
  9.6800210635545303E-001  9.6721005151082751E-001  9.6667798062869825E-001  9.6641072024298236E-001  9.6641072024295316E-001
  9.6667798062862909E-001  9.6721005151071837E-001  9.6800210635532846E-001  9.6904699937339922E-001  9.7033535487650913E-001
  9.7185568416236034E-001  9.7359450560602157E-001  9.7553652120505718E-001  9.7766478070688068E-001  9.7996087272532373E-001
  9.8240512998285112E-001  9.8497684182325485E-001  9.8765446791834344E-001  9.9041584397715887E-001  9.9323839625358012E-001
  9.9609933455706923E-001  9.9948646902423854E-001
BLOCK 28   3.3209452090080420E+000
  1.0018926037628011E+000  1.0048290007906258E+000  1.0077138129577832E+000  1.0105259122017298E+000  1.0132450753291062E+000
  1.0158522289229250E+000  1.0183294412274422E+000  1.0206600042404517E+000  1.0228284799477185E+000  1.0248207508771139E+000
  1.0266240529472059E+000  1.0282270012704606E+000  1.0296196051752826E+000  1.0307932843594831E+000  1.0317408712199334E+000
  1.0324566204352899E+000  1.0329362092572691E+000  1.0331767408112715E+000  1.0331767408112951E+000  1.0329362092573489E+000
  1.0324566204354135E+000  1.0317408712201033E+000  1.0307932843596921E+000  1.0296196051755189E+000  1.0282270012707022E+000
  1.0266240529474475E+000  1.0248207508773528E+000  1.0228284799479488E+000  1.0206600042406637E+000  1.0183294412276327E+000
  1.0158522289230949E+000  1.0132450753292486E+000  1.0105259122018444E+000  1.0077138129578658E+000  1.0048290007906815E+000
  1.0018926037628353E+000  9.9946120600065846E-001  9.9595398725871087E-001  9.9299717759083816E-001  9.9008011718677780E-001
  9.8722635578598084E-001  9.8445921098735600E-001  9.8180157620391306E-001  9.7927570762156912E-001  9.7690300067151170E-001
  9.7470376604033360E-001  9.7269701945502496E-001  9.7090026800977480E-001  9.6932930941708362E-001  9.6799806049039283E-001
  9.6691838959097132E-001  9.6609997765237565E-001  9.6555019979385071E-001  9.6527404695247809E-001  9.6527404695245400E-001
  9.6555019979379619E-001  9.6609997765227884E-001  9.6691838959085796E-001  9.6799806049025339E-001  9.6932930941693218E-001
  9.7090026800961915E-001  9.7269701945483322E-001  9.7470376604023601E-001  9.7690300067133851E-001  9.7927570762143101E-001
  9.8180157620378639E-001  9.8445921098725253E-001  9.8722635578589180E-001  9.9008011718670885E-001  9.9299717759078410E-001
  9.9595398725866824E-001  9.9946120600099519E-001
BLOCK 29   3.4439431797120443E+000
  1.0019391094349726E+000  1.0049759009214592E+000  1.0079594570056676E+000  1.0108679196557420E+000  1.0136803680057616E+000
  1.0163770697956622E+000  1.0189394701042800E+000  1.0213502785846453E+000  1.0235935157161384E+000  1.0256545602650904E+000
  1.0275201876257567E+000  1.0291785999276439E+000  1.0306194419235781E+000  1.0318338152022184E+000  1.0328142876144861E+000
  1.0335548969859973E+000  1.0340511531731080E+000  1.0343000484928346E+000  1.0343000484928622E+000  1.0340511531731904E+000
  1.0335548969861292E+000  1.0328142876146607E+000  1.0318338152024176E+000  1.0306194419237964E+000  1.0291785999278751E+000
  1.0275201876259989E+000  1.0256545602653264E+000  1.0235935157163698E+000  1.0213502785848712E+000  1.0189394701044918E+000
  1.0163770697958541E+000  1.0136803680059243E+000  1.0108679196558812E+000  1.0079594570057744E+000  1.0049759009215296E+000
  1.0019391094350170E+000  9.9943265933077097E-001  9.9579788452935025E-001  9.9274042089517445E-001  9.8972420900146352E-001
  9.8677359072054449E-001  9.8391266658606513E-001  9.8116508911936839E-001  9.7855384833355297E-001  9.7610104553745025E-001
  9.7382765853359765E-001  9.7175332130109959E-001  9.6989610903121271E-001  9.6827233435955340E-001  9.6689635807906360E-001
  9.6578043067851604E-001  9.6493454679611046E-001  9.6436631755896585E-001  9.6408089722343326E-001  9.6408089722341295E-001
  9.6436631755893087E-001  9.6493454679603252E-001  9.6578043067841290E-001  9.6689635807891561E-001  9.6827233435940063E-001
  9.6989610903106216E-001  9.7175332130088221E-001  9.7382765853345210E-001  9.7610104553726007E-001  9.7855384833341807E-001
  9.8116508911924516E-001  9.8391266658595133E-001  9.8677359072044568E-001  9.8972420900138502E-001  9.9274042089510972E-001
  9.9579788452929463E-001  9.9943265933110570E-001
BLOCK 30   3.5669411504160466E+000
  1.0019848371742335E+000  1.0051271171070053E+000  1.0082145762877988E+000  1.0112245122400800E+000  1.0141352512356314E+000
  1.0169263607349039E+000  1.0195786243900788E+000  1.0220741314894655E+000  1.0243963242945224E+000  1.0265300459757933E+000
  1.0284615786719378E+000  1.0301786753289768E+000  1.0316705827493780E+000  1.0329280546742883E+000  1.0339433651043768E+000
  1.0347103153721287E+000  1.0352242369401892E+000  1.0354819976411134E+000  1.0354819976411440E+000  1.0352242369402720E+000
  1.0347103153722528E+000  1.0339433651045356E+000  1.0329280546744755E+000  1.0316705827495902E+000  1.0301786753292033E+000
  1.0284615786721778E+000  1.0265300459760385E+000  1.0243963242947682E+000  1.0220741314897026E+000  1.0195786243903027E+000
  1.0169263607351153E+000  1.0141352512358153E+000  1.0112245122402379E+000  1.0082145762879251E+000  1.0051271171071023E+000
  1.0019848371743019E+000  9.9883271452922240E-001  9.9563061090129579E-001  9.9246759685131458E-001  9.8934743733323738E-001
  9.8629533451596796E-001  9.8333621609200661E-001  9.8049452730040332E-001  9.7779401760558127E-001  9.7525751258135440E-001
  9.7290667683030529E-001  9.7076178094785626E-001  9.6884147928079356E-001  9.6716261100673939E-001  9.6573999650497333E-001
  9.6458627516159268E-001  9.6371176018667681E-001  9.6312430582387631E-001  9.6282922924314696E-001  9.6282922924312375E-001
  9.6312430582382913E-001  9.6371176018658966E-001  9.6458627516150541E-001  9.6573999650483866E-001  9.6716261100656475E-001
  9.6884147928063868E-001  9.7076178094765120E-001  9.7290667683013554E-001  9.7525751258115434E-001  9.7779401760543128E-001
  9.8049452730024755E-001  9.8333621609188071E-001  9.8629533451587426E-001  9.8934743733315211E-001  9.9246759685123209E-001
  9.9563061090122307E-001  9.9883271453010092E-001
BLOCK 31   3.6899391211200490E+000
  1.0020298758184949E+000  1.0052830947994529E+000  1.0084796500453339E+000  1.0115961729246259E+000  1.0146103187814171E+000
  1.0175008629790658E+000  1.0202478325988922E+000  1.0228326443549003E+000  1.0252381219600548E+000  1.0274485370970003E+000
  1.0294496481002566E+000  1.0312287292717928E+000  1.0327745982786860E+000  1.0340776336632778E+000  1.0351297894158606E+000
  1.0359246055495657E+000  1.0364572169130408E+000  1.0367243564012525E+000  1.0367243564012718E+000  1.0364572169131008E+000
  1.0359246055496716E+000  1.0351297894160068E+000  1.0340776336634585E+000  1.0327745982788941E+000  1.0312287292720232E+000
  1.0294496481005018E+000  1.0274485370972557E+000  1.0252381219603126E+000  1.0228326443551508E+000  1.0202478325991322E+000
  1.0175008629792890E+000  1.0146103187816176E+000  1.0115961729248022E+000  1.0084796500454827E+000  1.0052830947995763E+000
  1.0020298758185910E+000  9.9876472823998719E-001  9.9545196043836315E-001  9.9217803186976072E-001  9.8894890752670994E-001
  9.8579064430259755E-001  9.8272883669421085E-001  9.7978871932822353E-001  9.7699488309637528E-001  9.7437092263926428E-001
  9.7193920647567444E-001  9.6972065997736290E-001  9.6773453364939477E-001  9.6599820201300157E-001  9.6452695691198576E-001
  9.6333383701088271E-001  9.6242948029743491E-001  9.6182199207418417E-001  9.6151685446251511E-001  9.6151685446249757E-001
  9.6182199207414476E-001  9.6242948029732855E-001  9.6333383701075814E-001  9.6452695691185530E-001  9.6599820201283049E-001
  9.6773453364923345E-001  9.6972065997716839E-001  9.7193920647549670E-001  9.7437092263906511E-001  9.7699488309621230E-001
  9.7978871932804878E-001  9.8272883669407241E-001  9.8579064430247632E-001  9.8894890752659659E-001  9.9217803186966891E-001
  9.9545196043828121E-001  9.9876472824083218E-001
BLOCK 32   3.8129370918240513E+000
  1.0020740247150104E+000  1.0054436939608935E+000  1.0087549959994573E+000  1.0119836940812617E+000  1.0151065116610318E+000
  1.0181014861398603E+000  1.0209480428062516E+000  1.0236269008388783E+000  1.0261201506292934E+000  1.0284114149843342E+000
  1.0304858881971766E+000  1.0323303402148636E+000  1.0339331349531846E+000  1.0352842511524252E+000  1.0363753010553840E+000
  1.0371995434696974E+000  1.0377518982953018E+000  1.0380289495846906E+000  1.0380289495847119E+000  1.0377518982953589E+000
  1.0371995434697898E+000  1.0363753010555143E+000  1.0352842511525961E+000  1.0339331349533893E+000  1.0323303402151014E+000
  1.0304858881974308E+000  1.0284114149845984E+000  1.0261201506295556E+000  1.0236269008391432E+000  1.0209480428065085E+000
  1.0181014861400994E+000  1.0151065116612554E+000  1.0119836940814653E+000  1.0087549959996314E+000  1.0054436939610294E+000
  1.0020740247151156E+000  9.9868991145240293E-001  9.9526163638137799E-001  9.9187157114567992E-001  9.8852825752235651E-001
  9.8525861540298765E-001  9.8208922417259326E-001  9.7904626727345201E-001  9.7615502255482389E-001  9.7343974382283516E-001
  9.7092355897595484E-001  9.6862812132314224E-001  9.6657330902286209E-001  9.6477704002660258E-001  9.6325508542950689E-001
  9.6202089273964209E-001  9.6108542974342492E-001  9.6045705872085096E-001  9.6014143367629701E-001  9.6014143367625493E-001
  9.6045705872078480E-001  9.6108542974333244E-001  9.6202089273950353E-001  9.6325508542936156E-001  9.6477704002642350E-001
  9.6657330902268401E-001  9.6862812132295484E-001  9.7092355897577687E-001  9.7343974382263998E-001  9.7615502255465325E-001
  9.7904626727326594E-001  9.8208922417243949E-001  9.8525861540283310E-001  9.8852825752221352E-001  9.9187157114556090E-001
  9.9526163638125797E-001  9.9868991145319574E-001
BLOCK 33   3.9359350625280536E+000
  1.0021174234349435E+000  1.0056092364939966E+000  1.0090409379016316E+000  1.0123873842807016E+000  1.0156244261076939E+000
  1.0187293066470731E+000  1.0216805922788523E+000  1.0244582175661456E+000  1.0270436898287678E+000  1.0294200406239937E+000
  1.0315718002723182E+000  1.0334851339825031E+000  1.0351479081806461E+000  1.0365496845223234E+000  1.0376817197990293E+000
  1.0385369764301546E+000  1.0391101422033828E+000  1.0393976421655240E+000  1.0393976421655424E+000  1.0391101422034403E+000
  1.0385369764302543E+000  1.0376817197991639E+000  1.0365496845224931E+000  1.0351479081808463E+000  1.0334851339827325E+000
  1.0315718002725700E+000  1.0294200406242682E+000  1.0270436898290471E+000  1.0244582175664241E+000  1.0216805922791279E+000
  1.0187293066473369E+000  1.0156244261079386E+000  1.0123873842809137E+000  1.0090409379018215E+000  1.0056092364941642E+000
  1.0021174234350769E+000  9.9860822338062694E-001  9.9505926433968284E-001  9.9154755564452857E-001  9.8808469927625719E-001
  9.8469855247774984E-001  9.8141663975431204E-001  9.7826599150004656E-001  9.7527274398789787E-001  9.7246208395104872E-001
  9.6985785760450960E-001  9.6748225754082040E-001  9.6535577080273416E-001  9.6349694774484973E-001  9.6192209120284144E-001
  9.6064506772129599E-001  9.5967717626353155E-001  9.5902703832251512E-001  9.5870048367811478E-001  9.5870048367808314E-001
  9.5902703832245018E-001  9.5967717626343574E-001  9.6064506772113933E-001  9.6192209120268080E-001  9.6349694774467276E-001
  9.6535577080254764E-001  9.6748225754062245E-001  9.6985785760431609E-001  9.7246208395085310E-001  9.7527274398771457E-001
  9.7826599149982640E-001  9.8141663975416615E-001  9.8469855247757521E-001  9.8808469927608822E-001  9.9154755564437347E-001
  9.9505926433952574E-001  9.9860822338135025E-001
BLOCK 34   4.0589330332320559E+000
  1.0021601638699897E+000  1.0057800174973581E+000  1.0093379734982526E+000  1.0128079417220481E+000  1.0161648643093095E+000
  1.0193851202190696E+000  1.0224464153682002E+000  1.0253279227979104E+000  1.0280103863886303E+000  1.0304760801466053E+000
  1.0327089635623345E+000  1.0346947083057236E+000  1.0364206274232612E+000  1.0378757552822326E+000  1.0390509355872415E+000
  1.0399388250135102E+000  1.0405338811494171E+000  1.0408323699908697E+000  1.0408323699908930E+000  1.0405338811494813E+000
  1.0399388250136172E+000  1.0390509355873838E+000  1.0378757552824072E+000  1.0364206274234664E+000  1.0346947083059574E+000
  1.0327089635625901E+000  1.0304760801468804E+000  1.0280103863889227E+000  1.0253279227982091E+000  1.0224464153684916E+000
  1.0193851202193465E+000  1.0161648643095718E+000  1.0128079417222857E+000  1.0093379734984664E+000  1.0057800174975566E+000
  1.0021601638701614E+000  9.9851965971490120E-001  9.9484451224242831E-001  9.9120543917391701E-001  9.8761746965564812E-001
  9.8410944155436197E-001  9.8070984530885219E-001  9.7744661867081972E-001  9.7434680443547250E-001  9.7143642648306772E-001
  9.6874006566154736E-001  9.6628071491693601E-001  9.6407956646513715E-001  9.6215562551865097E-001  9.6052561505513923E-001
  9.5920388418084646E-001  9.5820214697579253E-001  9.5752930436214345E-001  9.5719135474615757E-001  9.5719135474614558E-001
  9.5752930436206662E-001  9.5820214697568140E-001  9.5920388418070512E-001  9.6052561505497480E-001  9.6215562551845757E-001
  9.6407956646493209E-001  9.6628071491673173E-001  9.6874006566132931E-001  9.7143642648285655E-001  9.7434680443528365E-001
  9.7744661867059335E-001  9.8070984530867999E-001  9.8410944155415214E-001  9.8761746965545727E-001  9.9120543917374448E-001
  9.9484451224224379E-001  9.9851965971552614E-001
BLOCK 35   4.1819310039360582E+000
  1.0022023578159975E+000  1.0059563589730145E+000  1.0096466269579132E+000  1.0132460821683291E+000  1.0167287129045672E+000
  1.0200699818550873E+000  1.0232467079643586E+000  1.0262372462086247E+000  1.0290215261476421E+000  1.0315810998693637E+000
  1.0338992633845527E+000  1.0359610116168343E+000  1.0377531281749370E+000  1.0392642504580190E+000  1.0404848045941084E+000
  1.0414070433897533E+000  1.0420251340870426E+000  1.0423351784537169E+000  1.0423351784537427E+000  1.0420251340871141E+000
  1.0414070433898672E+000  1.0404848045942630E+000  1.0392642504582101E+000  1.0377531281751560E+000  1.0359610116170812E+000
  1.0338992633848274E+000  1.0315810998696493E+000  1.0290215261479383E+000  1.0262372462089255E+000  1.0232467079646617E+000
  1.0200699818553849E+000  1.0167287129048554E+000  1.0132460821686062E+000  1.0096466269581630E+000  1.0059563589732397E+000
  1.0022023578161929E+000  9.9842426830290265E-001  9.9461704824954267E-001  9.9084466365225965E-001  9.8712578388106698E-001
  9.8349027098041564E-001  9.7996761544192990E-001  9.7658671004281938E-001  9.7337553033164559E-001  9.7036095394859301E-001
  9.6756837345326452E-001  9.6502156190080157E-001  9.6274233859714731E-001  9.6075032728805809E-001  9.5906286066796820E-001
  9.5769466589760677E-001  9.5665769611960838E-001  9.5596113380017744E-001  9.5561124963465449E-001  9.5561124963466559E-001
  9.5596113380008008E-001  9.5665769611950036E-001  9.5769466589746488E-001  9.5906286066778623E-001  9.6075032728785004E-001
  9.6274233859694536E-001  9.6502156190065203E-001  9.6756837345300439E-001  9.7036095394841149E-001  9.7337553033144597E-001
  9.7658671004257469E-001  9.7996761544172128E-001  9.8349027098018138E-001  9.8712578388086414E-001  9.9084466365205692E-001
  9.9461704824932318E-001  9.9842426830342146E-001
BLOCK 36   4.3049289746400605E+000
  1.0022441358416401E+000  1.0061386107704064E+000  1.0099674587355276E+000  1.0137025644962649E+000  1.0173169123625150E+000
  1.0207850026164160E+000  1.0240827309462950E+000  1.0271875802957620E+000  1.0300786364215802E+000  1.0327366933158708E+000
  1.0351443099569038E+000  1.0372858249358350E+000  1.0391474648076120E+000  1.0407173160831436E+000  1.0419853696744354E+000
  1.0429435988471418E+000  1.0435859118098378E+000  1.0439081502866905E+000  1.0439081502867142E+000  1.0435859118099158E+000
  1.0429435988472657E+000  1.0419853696746033E+000  1.0407173160833536E+000  1.0391474648078582E+000  1.0372858249361050E+000
  1.0351443099571915E+000  1.0327366933161681E+000  1.0300786364218921E+000  1.0271875802960762E+000  1.0240827309466152E+000
  1.0207850026167429E+000  1.0173169123628281E+000  1.0137025644965629E+000  1.0099674587358103E+000  1.0061386107706694E+000
  1.0022441358418679E+000  9.9832212513361895E-001  9.9437654083809646E-001  9.9046465887749358E-001  9.8660883051239923E-001
  9.8283998876877110E-001  9.7918866595938392E-001  9.7568475267032317E-001  9.7235718871520627E-001  9.6923374265689966E-001
  9.6634065934766145E-001  9.6370248916120316E-001  9.6134172975523235E-001  9.5927866835312670E-001  9.5753115662285826E-001
  9.5611434557813446E-001  9.5504064775242581E-001  9.5431954783772244E-001  9.5395739392510326E-001  9.5395739392508694E-001
  9.5431954783763195E-001  9.5504064775232766E-001  9.5611434557786923E-001  9.5753115662259547E-001  9.5927866835295816E-001
  9.6134172975498600E-001  9.6370248916098122E-001  9.6634065934740498E-001  9.6923374265666229E-001  9.7235718871493482E-001
  9.7568475267008170E-001  9.7918866595918108E-001  9.8283998876851841E-001  9.8660883051216108E-001  9.9046465887724977E-001
  9.9437654083786153E-001  9.9832212513402374E-001
BLOCK 37   4.4279269453440628E+000
  1.0022856462069556E+000  1.0063271498810633E+000  1.0103010640227339E+000  1.0141781890956991E+000  1.0179304550193735E+000
  1.0215313541246338E+000  1.0249558151677562E+000  1.0281803980584645E+000  1.0311833129541315E+000  1.0339445479309319E+000
  1.0364458925484108E+000  1.0386710174130365E+000  1.0406055264511087E+000  1.0422369579043935E+000  1.0435548697768140E+000
  1.0445508185186112E+000  1.0452183840965428E+000  1.0455532660700537E+000  1.0455532660700808E+000  1.0452183840966278E+000
  1.0445508185187504E+000  1.0435548697770045E+000  1.0422369579046251E+000  1.0406055264513714E+000  1.0386710174133256E+000
  1.0364458925487243E+000  1.0339445479312570E+000  1.0311833129544716E+000  1.0281803980588138E+000  1.0249558151680975E+000
  1.0215313541249795E+000  1.0179304550197119E+000  1.0141781890960269E+000  1.0103010640230377E+000  1.0063271498813373E+000
  1.0022856462072214E+000  9.9821330460933899E-001  9.9412265577734138E-001  9.9006483856523975E-001  9.8606576758820719E-001
  9.8215749653573425E-001  9.7837164741292892E-001  9.7473915376069531E-001  9.7128995734426382E-001  9.6805275757699105E-001
  9.6505468049468057E-001  9.6232107065281558E-001  9.5987515027467318E-001  9.5773787767401530E-001  9.5592765803794755E-001
  9.5446016268792777E-001  9.5334817868247490E-001  9.5260135337269058E-001  9.5222622917226185E-001  9.5222622917221866E-001
  9.5260135337258656E-001  9.5334817868240795E-001  9.5446016268762224E-001  9.5592765803769753E-001  9.5773787767365692E-001
  9.5987515027423997E-001  9.6232107065251038E-001  9.6505468049441789E-001  9.6805275757672404E-001  9.7128995734397228E-001
  9.7473915376042630E-001  9.7837164741265148E-001  9.8215749653545070E-001  9.8606576758798148E-001  9.9006483856499383E-001
  9.9412265577707493E-001  9.9821330460958335E-001
BLOCK 38   4.5509249160480651E+000
  1.0023270524338106E+000  1.0065223796834846E+000  1.0106480751772211E+000  1.0146738033856282E+000  1.0185703879273180E+000
  1.0223102646098821E+000  1.0258673486010568E+000  1.0292172315063808E+000  1.0323372139936968E+000  1.0352064355202886E+000
  1.0378058976731164E+000  1.0401185664699384E+000  1.0421293802611855E+000  1.0438253042044774E+000  1.0451953834176910E+000
  1.0462307663091799E+000  1.0469247998786535E+000  1.0472729985014231E+000  1.0472729985014582E+000  1.0469247998787543E+000
  1.0462307663093351E+000  1.0451953834178966E+000  1.0438253042047263E+000  1.0421293802614708E+000  1.0401185664702570E+000
  1.0378058976734628E+000  1.0352064355206552E+000  1.0323372139940685E+000  1.0292172315067614E+000  1.0258673486014378E+000
  1.0223102646102586E+000  1.0185703879276737E+000  1.0146738033859795E+000  1.0106480751775577E+000  1.0065223796837883E+000
  1.0023270524340884E+000  9.9809785586190369E-001  9.9385504939709102E-001  9.8964459142465488E-001  9.8549571406355285E-001
  9.8144164570794024E-001  9.7751514880920665E-001  9.7374824584082043E-001  9.7017191863805985E-001  9.6681583573735486E-001
  9.6370803946943173E-001  9.6087471613834685E-001  9.5833987662166076E-001  9.5612516019881211E-001  9.5424950297428501E-001
  9.5272902231589562E-001  9.5157687117175660E-001  9.5080308398820845E-001  9.5041447691335890E-001  9.5041447691334546E-001
  9.5080308398806812E-001  9.5157687117165068E-001  9.5272902231563694E-001  9.5424950297390765E-001  9.5612516019837124E-001
  9.5833987662119358E-001  9.6087471613784825E-001  9.6370803946893546E-001  9.6681583573696139E-001  9.7017191863775776E-001
  9.7374824584054998E-001  9.7751514880891011E-001  9.8144164570764680E-001  9.8549571406327074E-001  9.8964459142434447E-001
  9.9385504939681690E-001  9.9809785586204958E-001
BLOCK 39   4.6739228867520675E+000
  1.0023685316023658E+000  1.0067247335119571E+000  1.0110091649492070E+000  1.0151902994533952E+000  1.0192378031603395E+000
  1.0231230075664508E+000  1.0268187699828233E+000  1.0302996751849902E+000  1.0335420818378103E+000  1.0365242406348762E+000
  1.0392263278923464E+000  1.0416305380848172E+000  1.0437211102675055E+000  1.0454844357810391E+000  1.0469090786239519E+000
  1.0479858041150760E+000  1.0487076034802305E+000  1.0490697249416416E+000  1.0490697249416734E+000  1.0487076034803327E+000
  1.0479858041152430E+000  1.0469090786241739E+000  1.0454844357813136E+000  1.0437211102678261E+000  1.0416305380851754E+000
  1.0392263278927281E+000  1.0365242406352864E+000  1.0335420818382279E+000  1.0302996751854081E+000  1.0268187699832381E+000
  1.0231230075668649E+000  1.0192378031607470E+000  1.0151902994537731E+000  1.0110091649495430E+000  1.0067247335122544E+000
  1.0023685316026636E+000  9.9797578578209567E-001  9.9357335980284955E-001  9.8920327884229664E-001  9.8489775306900706E-001
  9.8069123775323530E-001  9.7661768351010425E-001  9.7271024998886579E-001  9.6900101400929228E-001  9.6552068475071440E-001
  9.6229828440659859E-001  9.5936085562136775E-001  9.5673314700205936E-001  9.5443743416913229E-001  9.5249328547048107E-001
  9.5091740128637969E-001  9.4972332587144814E-001  9.4892139256595931E-001  9.4851864815186970E-001  9.4851864815191433E-001
  9.4892139256580377E-001  9.4972332587114805E-001  9.5091740128615043E-001  9.5249328547013978E-001  9.5443743416855797E-001
  9.5673314700154100E-001  9.5936085562067064E-001  9.6229828440595300E-001  9.6552068475016939E-001  9.6900101400878014E-001
  9.7271024998843358E-001  9.7661768350976774E-001  9.8069123775296196E-001  9.8489775306872063E-001  9.8920327884197223E-001
  9.9357335980255501E-001  9.9797578578209223E-001
BLOCK 40   4.7969208574560698E+000
  1.0024102759635283E+000  1.0069346706801099E+000  1.0113850382675382E+000  1.0157285906782383E+000  1.0199338243430709E+000
  1.0239709088818474E+000  1.0278115978927609E+000  1.0314294299527407E+000  1.0347997688382442E+000  1.0378999132924385E+000
  1.0407091725257849E+000  1.0432089683516046E+000  1.0453828807543564E+000  1.0472166964169043E+000  1.0486984178424381E+000
  1.0498183628121669E+000  1.0505691819661112E+000  1.0509458890502408E+000  1.0509458890502774E+000  1.0505691819662166E+000
  1.0498183628123450E+000  1.0486984178426850E+000  1.0472166964172136E+000  1.0453828807547143E+000  1.0432089683520078E+000
  1.0407091725262161E+000  1.0378999132928912E+000  1.0347997688387069E+000  1.0314294299532192E+000  1.0278115978932347E+000
  1.0239709088822950E+000  1.0199338243434879E+000  1.0157285906786304E+000  1.0113850382679181E+000  1.0069346706804410E+000
  1.0024102759638327E+000  9.9784706669783241E-001  9.9327721955850201E-001  9.8874023420159263E-001  9.8427090226940417E-001
  9.7990496539133143E-001  9.7567763819254072E-001  9.7162330611565606E-001  9.6777520336583533E-001  9.6416507880659241E-001
  9.6082289159014722E-001  9.5777655958858054E-001  9.5505169632825093E-001  9.5267133093595746E-001  9.5065564324712015E-001
  9.4902184176420157E-001  9.4778394237806918E-001  9.4695262578300055E-001  9.4653510701032662E-001  9.4653510701027865E-001
  9.4695262578288997E-001  9.4778394237779140E-001  9.4902184176378634E-001  9.5065564324663021E-001  9.5267133093542600E-001
  9.5505169632772857E-001  9.5777655958763319E-001  9.6082289158936340E-001  9.6416507880587687E-001  9.6777520336510803E-001
  9.7162330611502612E-001  9.7567763819202979E-001  9.7990496539089689E-001  9.8427090226906322E-001  9.8874023420131973E-001
  9.9327721955824944E-001  9.9784706669773060E-001
BLOCK 41   4.9199188281600721E+000
  1.0024524933400181E+000  1.0071526467538823E+000  1.0117763943525846E+000  1.0162896481961607E+000  1.0206596591566501E+000
  1.0248553903559041E+000  1.0288474437669781E+000  1.0326082417062465E+000  1.0361121003977669E+000  1.0393353705768260E+000
  1.0422565115493609E+000  1.0448561401925740E+000  1.0471170945927504E+000  1.0490245053287177E+000  1.0505658398769304E+000
  1.0517309402458126E+000  1.0525120746011682E+000  1.0529040187033358E+000  1.0529040187033787E+000  1.0525120746012953E+000
  1.0517309402460180E+000  1.0505658398772053E+000  1.0490245053290614E+000  1.0471170945931485E+000  1.0448561401930223E+000
  1.0422565115498483E+000  1.0393353705773432E+000  1.0361121003982987E+000  1.0326082417067608E+000  1.0288474437674802E+000
  1.0248553903563979E+000  1.0206596591571238E+000  1.0162896481965911E+000  1.0117763943529827E+000  1.0071526467541849E+000
  1.0024524933402441E+000  9.9771163062089063E-001  9.9296621520955330E-001  9.8825469497458152E-001  9.8361408412878226E-001
  9.7908150605317013E-001  9.7469348747515450E-001  9.7048562792700976E-001  9.6649230809757070E-001  9.6274639265368755E-001
  9.5927891647055463E-001  9.5611874547610587E-001  9.5329232289665822E-001  9.5082343608695408E-001  9.4873296771348137E-001
  9.4703865961970857E-001  9.4575496839735507E-001  9.4489294023650672E-001  9.4446000464522439E-001  9.4446000464502611E-001
  9.4489294023628267E-001  9.4575496839710593E-001  9.4703865961931688E-001  9.4873296771292959E-001  9.5082343608618725E-001
  9.5329232289592414E-001  9.5611874547515407E-001  9.5927891646974217E-001  9.6274639265276740E-001  9.6649230809665276E-001
  9.7048562792625170E-001  9.7469348747446771E-001  9.7908150605255273E-001  9.8361408412830054E-001  9.8825469497419616E-001
  9.9296621520923867E-001  9.9771163062073698E-001
BLOCK 42   5.0429167988640744E+000
  1.0024952994426584E+000  1.0073791304081257E+000  1.0121840227503802E+000  1.0168745287868404E+000  1.0214165934059718E+000
  1.0257779140202561E+000  1.0299278928578106E+000  1.0338378268374342E+000  1.0374809932128750E+000  1.0408327527270282E+000
  1.0438706270209090E+000  1.0465743938395673E+000  1.0489261547164477E+000  1.0509103629972913E+000  1.0525139026998349E+000
  1.0537261312079074E+000  1.0545389300712138E+000  1.0549467811658542E+000  1.0549467811659043E+000  1.0545389300713575E+000
  1.0537261312081434E+000  1.0525139027001500E+000  1.0509103629976768E+000  1.0489261547168978E+000  1.0465743938400784E+000
  1.0438706270214591E+000  1.0408327527275907E+000  1.0374809932134519E+000  1.0338378268380133E+000  1.0299278928583835E+000
  1.0257779140208017E+000  1.0214165934064703E+000  1.0168745287872341E+000  1.0121840227507117E+000  1.0073791304084179E+000
  1.0024952994429293E+000  9.9756922676946247E-001  9.9263987014050514E-001  9.8774597885100568E-001  9.8292638425344891E-001
  9.7821959569721151E-001  9.7366350196330198E-001  9.6929503651792570E-001  9.6514984589735675E-001  9.6126194426274247E-001
  9.5766343427272571E-001  9.5438419330937696E-001  9.5145158177413292E-001  9.4889015786844855E-001  9.4672150209102668E-001
  9.4496395643806741E-001  9.4363243861276480E-001  9.4273832570752303E-001  9.4228930237286346E-001  9.4228930237285646E-001
  9.4273832570742944E-001  9.4363243861231183E-001  9.4496395643744358E-001  9.4672150209044670E-001  9.4889015786773279E-001
  9.5145158177333888E-001  9.5438419330827784E-001  9.5766343427174716E-001  9.6126194426149236E-001  9.6514984589628061E-001
  9.6929503651700977E-001  9.7366350196240536E-001  9.7821959569645567E-001  9.8292638425283685E-001  9.8774597885046445E-001
  9.9263987014006738E-001  9.9756922676916093E-001
BLOCK 43   5.1659147695680767E+000
  1.0025388582296120E+000  1.0076145693255032E+000  1.0126086742831244E+000  1.0174842478148245E+000  1.0222058587219387E+000
  1.0267399217641673E+000  1.0310546305112456E+000  1.0351201159478329E+000  1.0389085458842902E+000  1.0423942518381659E+000
  1.0455538145654655E+000  1.0483661465965342E+000  1.0508125630457805E+000  1.0528768398077135E+000  1.0545452610031538E+000
  1.0558066664192121E+000  1.0566525273986784E+000  1.0570770001422432E+000  1.0570770001422998E+000  1.0566525273988387E+000
  1.0558066664194776E+000  1.0545452610035171E+000  1.0528768398081640E+000  1.0508125630462963E+000  1.0483661465970919E+000
  1.0455538145660657E+000  1.0423942518388027E+000  1.0389085458849454E+000  1.0351201159484833E+000  1.0310546305118484E+000
  1.0267399217646791E+000  1.0222058587223946E+000  1.0174842478152240E+000  1.0126086742834797E+000  1.0076145693258471E+000
  1.0025388582299755E+000  9.9741977757672862E-001  9.9229786319174385E-001  9.8721334876176980E-001  9.8220660982137897E-001
  9.7731765307383023E-001  9.7258580478512269E-001  9.6804936033247291E-001  9.6374528850494390E-001  9.5970885662892436E-001
  9.5597330170579575E-001  9.5256952191760347E-001  9.4952583261884460E-001  9.4686764391407074E-001  9.4461725372231420E-001
  9.4279362735110894E-001  9.4141219523877395E-001  9.4048465209351273E-001  9.4001888889568930E-001  9.4001888889554064E-001
  9.4048465209313092E-001  9.4141219523839437E-001  9.4279362735066707E-001  9.4461725372159255E-001  9.4686764391308431E-001
  9.4952583261786261E-001  9.5256952191645206E-001  9.5597330170458672E-001  9.5970885662761962E-001  9.6374528850383545E-001
  9.6804936033127453E-001  9.7258580478398104E-001  9.7731765307293572E-001  9.8220660982057173E-001  9.8721334876109812E-001
  9.9229786319118429E-001  9.9741977757624201E-001
BLOCK 44   5.2889127402720790E+000
  1.0025836008023470E+000  1.0078594793347577E+000  1.0130509915720647E+000  1.0181196972125481E+000  1.0230286847858834E+000
  1.0277429771573718E+000  1.0322294732298491E+000  1.0364571000910097E+000  1.0403969017020318E+000  1.0440221555479170E+000
  1.0473084689885523E+000  1.0502338739486385E+000  1.0527788871565622E+000  1.0549265908811567E+000  1.0566626617829560E+000
  1.0579754045699192E+000  1.0588558197552520E+000  1.0592976931495548E+000  1.0592976931496199E+000  1.0588558197554443E+000
  1.0579754045702281E+000  1.0566626617833668E+000  1.0549265908816496E+000  1.0527788871571371E+000  1.0502338739492858E+000
  1.0473084689892491E+000  1.0440221555486375E+000  1.0403969017027177E+000  1.0364571000916289E+000  1.0322294732304276E+000
  1.0277429771578961E+000  1.0230286847863581E+000  1.0181196972129933E+000  1.0130509915724988E+000  1.0078594793351998E+000
  1.0025836008027973E+000  9.9726287436499594E-001  9.9193976343633916E-001  9.8665599912167856E-001  9.8145353524699708E-001
  9.7637403065553874E-001  9.7145834884498306E-001  9.6674621004675787E-001  9.6227593455074945E-001  9.5808407354426239E-001
  9.5420508405799753E-001  9.5067096698955056E-001  9.4751101523760273E-001  9.4475154588462662E-001  9.4241566584540926E-001
  9.4052305152131399E-001  9.3908978620848327E-001  9.3812807615434701E-001  9.3764583061950113E-001  9.3764583061951567E-001
  9.3812807615417237E-001  9.3908978620802097E-001  9.4052305152054938E-001  9.4241566584453140E-001  9.4475154588370891E-001
  9.4751101523658310E-001  9.5067096698835862E-001  9.5420508405650661E-001  9.5808407354288883E-001  9.6227593454926008E-001
  9.6674621004519712E-001  9.7145834884377869E-001  9.7637403065448825E-001  9.8145353524589496E-001  9.8665599912079716E-001
  9.9193976343565471E-001  9.9726287436438987E-001
BLOCK 45   5.4119107109760813E+000
  1.0026295666173866E+000  1.0081145031246090E+000  1.0135120488472322E+000  1.0187821347991250E+000  1.0238864157234653E+000
  1.0287885931708631E+000  1.0334541896085239E+000  1.0378508057259264E+000  1.0419482885592983E+000  1.0457188370681700E+000
  1.0491370699250120E+000  1.0521801311290675E+000  1.0548277525430776E+000  1.0570623181363965E+000  1.0588689040866825E+000
  1.0602353009233394E+000  1.0611519838992578E+000  1.0616122045147138E+000  1.0616122045147869E+000  1.0611519838994705E+000
  1.0602353009236785E+000  1.0588689040871473E+000  1.0570623181369689E+000  1.0548277525437506E+000  1.0521801311298009E+000
  1.0491370699257481E+000  1.0457188370688790E+000  1.0419482885599902E+000  1.0378508057265592E+000  1.0334541896091183E+000
  1.0287885931714280E+000  1.0238864157240009E+000  1.0187821347996593E+000  1.0135120488477796E+000  1.0081145031251717E+000
  1.0026295666179494E+000  9.9709828732747174E-001  9.9156495604581685E-001  9.8607295692057018E-001  9.8066597432978142E-001
  9.7538729226571608E-001  9.7027930860931888E-001  9.6538334608911336E-001  9.6073924148190604E-001  9.5638487472276223E-001
  9.5235595306700593E-001  9.4868571594588069E-001  9.4540471664302472E-001  9.4254081632968156E-001  9.4011951370682734E-001
  9.3816189246264758E-001  9.3666002778316915E-001  9.3564943926369071E-001  9.3515096997769176E-001  9.3515096997753266E-001
  9.3564943926328359E-001  9.3666002778270352E-001  9.3816189246201531E-001  9.4011951370602587E-001  9.4254081632861220E-001
  9.4540471664161174E-001  9.4868571594460083E-001  9.5235595306541554E-001  9.5638487472118161E-001  9.6073924148023016E-001
  9.6538334608757326E-001  9.7027930860787515E-001  9.7538729226422816E-001  9.8066597432849989E-001  9.8607295691961405E-001
  9.9156495604492711E-001  9.9709828732665229E-001
BLOCK 46   5.5349086816800837E+000
  1.0026771013767621E+000  1.0083802856256479E+000  1.0139928001815650E+000  1.0194729319201243E+000  1.0247808465212518E+000
  1.0298787795406867E+000  1.0347308657152134E+000  1.0393034741062066E+000  1.0435652210219328E+000  1.0474871222571840E+000
  1.0510427620157565E+000  1.0542084033795673E+000  1.0569630644464520E+000  1.0592886849562371E+000  1.0611713306393158E+000
  1.0626027882241242E+000  1.0635372458479366E+000  1.0640074339471142E+000  1.0640074339472356E+000  1.0635372458483106E+000
  1.0626027882245077E+000  1.0611713306398458E+000  1.0592886849568937E+000  1.0569630644471657E+000  1.0542084033802988E+000
  1.0510427620165059E+000  1.0474871222579119E+000  1.0435652210226374E+000  1.0393034741068861E+000  1.0347308657158683E+000
  1.0298787795413273E+000  1.0247808465218859E+000  1.0194729319207705E+000  1.0139928001822751E+000  1.0083802856264084E+000
  1.0026771013774078E+000  9.9692597408521277E-001  9.9117308743910959E-001  9.8546358213561192E-001  9.7984292733154621E-001
  9.7435613776866270E-001  9.6904732492444656E-001  9.6395947191901032E-001  9.5913398781357462E-001  9.5461052246996869E-001
  9.5042711568705551E-001  9.4662051335977337E-001  9.4322504188270850E-001  9.4026238012104568E-001  9.3772497585920012E-001
  9.3562750369768666E-001  9.3409871079884987E-001  9.3305289884280551E-001  9.3253803982440309E-001  9.3253803982429395E-001
  9.3305289884252740E-001  9.3409871079828777E-001  9.3562750369680814E-001  9.3772497585825221E-001  9.4026238012000973E-001
  9.4322504188128498E-001  9.4662051335833686E-001  9.5042711568549876E-001  9.5461052246818601E-001  9.5913398781170989E-001
  9.6395947191702669E-001  9.6904732492263845E-001  9.7435613776708041E-001  9.7984292733021261E-001  9.8546358213431939E-001
  9.9117308743787347E-001  9.9692597408427053E-001
BLOCK 47   5.6579066523840860E+000
  1.0027265351323176E+000  1.0086575747859341E+000  1.0144944654773320E+000  1.0201937765330571E+000  1.0257141123787683E+000
  1.0310162116163581E+000  1.0360628344854006E+000  1.0408190529557042E+000  1.0452522733974685E+000  1.0493325277357277E+000
  1.0530327090021432E+000  1.0563293058470702E+000  1.0592026882629775E+000  1.0616258035122774E+000  1.0635601281292486E+000
  1.0650257124770268E+000  1.0660095916709957E+000  1.0665050867532753E+000  1.0665050867534274E+000  1.0660095916713945E+000
  1.0650257124775850E+000  1.0635601281299616E+000  1.0616258035129726E+000  1.0592026882636680E+000  1.0563293058477909E+000
  1.0530327090028970E+000  1.0493325277364896E+000  1.0452522733982166E+000  1.0408190529564552E+000  1.0360628344861404E+000
  1.0310162116171191E+000  1.0257141123795719E+000  1.0201937765338354E+000  1.0144944654781289E+000  1.0086575747869346E+000
  1.0027265351332848E+000  9.9674579551361941E-001  9.9076353710189025E-001  9.8482672882169242E-001  9.7898267500874170E-001
  9.7327818350644058E-001  9.6775928681123091E-001  9.6247143665086099E-001  9.5745997952883177E-001  9.5276992757540124E-001
  9.4844028599433861E-001  9.4449179646306536E-001  9.4093051533405947E-001  9.3779539524144961E-001  9.3516284189218934E-001
  9.3303790760011984E-001  9.3142461032569790E-001  9.3034212383275139E-001  9.2980476579249371E-001  9.2980476579236038E-001
  9.3034212383233961E-001  9.3142461032504242E-001  9.3303790759929062E-001  9.3516284189112220E-001  9.3779539524022193E-001
  9.4093051533285144E-001  9.4449179646147008E-001  9.4844028599253039E-001  9.5276992757346624E-001  9.5745997952665118E-001
  9.6247143664882340E-001  9.6775928680933898E-001  9.7327818350451711E-001  9.7898267500695890E-001  9.8482672882012867E-001
  9.9076353710061105E-001  9.9674579551251874E-001
BLOCK 48   5.7809046230880883E+000
  1.0027780292487452E+000  1.0089470034315187E+000  1.0150181363997968E+000  1.0209462045853492E+000  1.0266882158554149E+000
  1.0322034127031510E+000  1.0374532029183587E+000  1.0424015477812782E+000  1.0470155294045109E+000  1.0512661170638158E+000
  1.0551252326929936E+000  1.0585542959074932E+000  1.0615107066226035E+000  1.0640074231214205E+000  1.0660294220838598E+000
  1.0675606204835004E+000  1.0685937885238284E+000  1.0691108002093384E+000  1.0691108002094478E+000  1.0685937885241548E+000
  1.0675606204840429E+000  1.0660294220845246E+000  1.0640074231221235E+000  1.0615107066234226E+000  1.0585542959082850E+000
  1.0551252326937477E+000  1.0512661170645861E+000  1.0470155294053267E+000  1.0424015477821398E+000  1.0374532029192354E+000
  1.0322034127040092E+000  1.0266882158563533E+000  1.0209462045864321E+000  1.0150181364008437E+000  1.0089470034325769E+000
  1.0027780292498456E+000  9.9655727906961211E-001  9.9033493119603799E-001  9.8415968854633662E-001  9.7808117734777544E-001
  9.7215012714408655E-001  9.6641879250998841E-001  9.6093775370200707E-001  9.5574638080074026E-001  9.5086680211412899E-001
  9.4632303701998366E-001  9.4217221729845646E-001  9.3847284655327001E-001  9.3523318752974827E-001  9.3251870164093187E-001
  9.3032818359100433E-001  9.2864482664816972E-001  9.2753241285496357E-001  9.2695838607120895E-001  9.2695838607106951E-001
  9.2753241285452059E-001  9.2864482664750858E-001  9.3032818359025482E-001  9.3251870163999562E-001  9.3523318752832518E-001
  9.3847284655169194E-001  9.4217221729659706E-001  9.4632303701801290E-001  9.5086680211215868E-001  9.5574638079873442E-001
  9.6093775369959500E-001  9.6641879250775797E-001  9.7215012714195748E-001  9.7808117734590150E-001  9.8415968854455038E-001
  9.9033493119435501E-001  9.9655727906812230E-001
BLOCK 49   5.9039025937920906E+000
  1.0028303322211101E+000  1.0092488450833657E+000  1.0155647854896934E+000  1.0217315446133968E+000  1.0277048453061393E+000
  1.0334430000767567E+000  1.0389076851273267E+000  1.0440639821289328E+000  1.0488753194700002E+000  1.0532951502220123E+000
  1.0572786712676294E+000  1.0608143055269246E+000  1.0639010395064701E+000  1.0665016186464886E+000  1.0686114177607098E+000
  1.0702075330367806E+000  1.0712817804485457E+000  1.0718189366928577E+000  1.0718189366929505E+000  1.0712817804487866E+000
  1.0702075330371681E+000  1.0686114177612538E+000  1.0665016186471605E+000  1.0639010395072213E+000  1.0608143055278063E+000
  1.0572786712685525E+000  1.0532951502229495E+000  1.0488753194708953E+000  1.0440639821298314E+000  1.0389076851283625E+000
  1.0334430000778960E+000  1.0277048453072239E+000  1.0217315446145652E+000  1.0155647854910321E+000  1.0092488450848318E+000
  1.0028303322224914E+000  9.9635672071852832E-001  9.8988184861454576E-001  9.8346078783210011E-001  9.7715109133419553E-001
  9.7100477228790139E-001  9.6505958105224965E-001  9.5934430505518209E-001  9.5390228023962187E-001  9.4879820936877202E-001
  9.4408067283801467E-001  9.3976572009050396E-001  9.3589443334721489E-001  9.3257156562777754E-001  9.2974771040994175E-001
  9.2747230157406535E-001  9.2575543081776834E-001  9.2460494148580286E-001  9.2401967374534033E-001  9.2401967374526084E-001
  9.2460494148559236E-001  9.2575543081729006E-001  9.2747230157306970E-001  9.2974771040868265E-001  9.3257156562628685E-001
  9.3589443334548184E-001  9.3976572008870873E-001  9.4408067283613473E-001  9.4879820936649906E-001  9.5390228023712176E-001
  9.5934430505281598E-001  9.6505958104979428E-001  9.7100477228534476E-001  9.7715109133190503E-001  9.8346078783000124E-001
  9.8988184861270390E-001  9.9635672071687675E-001
BLOCK 50   6.0269005644960929E+000
  1.0028759127331339E+000  1.0095560865531945E+000  1.0161314195178628E+000  1.0225507266810050E+000  1.0287708573894705E+000
  1.0347519194348378E+000  1.0404497205372569E+000  1.0458113527770767E+000  1.0507884709569622E+000  1.0553559530814720E+000
  1.0594910642941244E+000  1.0631742048865538E+000  1.0663874240105256E+000  1.0691046432489704E+000  1.0713077675534426E+000
  1.0729690705541826E+000  1.0740825274021275E+000  1.0746421073528964E+000  1.0746421073529593E+000  1.0740825274023049E+000
  1.0729690705544717E+000  1.0713077675538722E+000  1.0691046432495814E+000  1.0663874240112647E+000  1.0631742048874269E+000
  1.0594910642951227E+000  1.0553559530825349E+000  1.0507884709581401E+000  1.0458113527782689E+000  1.0404497205383705E+000
  1.0347519194360646E+000  1.0287708573908785E+000  1.0225507266825269E+000  1.0161314195194413E+000  1.0095560865548312E+000
  1.0028759127347440E+000  9.9614664176999212E-001  9.8943015121089661E-001  9.8277463217210581E-001  9.7621760206134889E-001
  9.6979946692326913E-001  9.6357859050752304E-001  9.5761792712760974E-001  9.5195790755635279E-001  9.4663082927654074E-001
  9.4170163977096655E-001  9.3723426308769775E-001  9.3323840173401063E-001  9.2978418769208360E-001  9.2686972892916697E-001
  9.2451549562150825E-001  9.2273958234786768E-001  9.2154279761512481E-001  9.2096222450751164E-001  9.2096222450736076E-001
  9.2154279761465929E-001  9.2273958234716025E-001  9.2451549562054380E-001  9.2686972892790731E-001  9.2978418769060878E-001
  9.3323840173229899E-001  9.3723426308572755E-001  9.4170163976871935E-001  9.4663082927418285E-001  9.5195790755361398E-001
  9.5761792712492622E-001  9.6357859050469652E-001  9.6979946692068131E-001  9.7621760205895958E-001  9.8277463216964123E-001
  9.8943015120860156E-001  9.9614664176794920E-001
BLOCK 51   6.1498985352000952E+000
  1.0029552860379594E+000  1.0098812756660949E+000  1.0167181999767008E+000  1.0234138283849450E+000  1.0299060256413735E+000
  1.0361307159061146E+000  1.0420358176915312E+000  1.0475870585438529E+000  1.0527501472862044E+000  1.0574894606494194E+000
  1.0617939068029254E+000  1.0656341832591405E+000  1.0689880432657055E+000  1.0718173324907503E+000  1.0741068356851791E+000
  1.0758419016894150E+000  1.0770075266458703E+000  1.0775929887558731E+000  1.0775929887559139E+000  1.0770075266460353E+000
  1.0758419016897327E+000  1.0741068356856143E+000  1.0718173324912987E+000  1.0689880432663601E+000  1.0656341832599932E+000
  1.0617939068039512E+000  1.0574894606506489E+000  1.0527501472874858E+000  1.0475870585452816E+000  1.0420358176930387E+000
  1.0361307159077464E+000  1.0299060256429697E+000  1.0234138283866161E+000  1.0167181999785728E+000  1.0098812756681719E+000
  1.0029552860400035E+000  9.9597518609974633E-001  9.8898460121408716E-001  9.8203439086885846E-001  9.7518909732318937E-001
  9.6850434584154166E-001  9.6202132064897761E-001  9.5579261668943083E-001  9.4988888376222547E-001  9.4435497846655769E-001
  9.3922048251441415E-001  9.3457965132431342E-001  9.3046314081695702E-001  9.2689242014326656E-001  9.2388232600615694E-001
  9.2144141885233666E-001  9.1960642923685376E-001  9.1836805904436125E-001  9.1774096833056185E-001  9.1774096833039576E-001
  9.1836805904377716E-001  9.1960642923592217E-001  9.2144141885133091E-001  9.2388232600493803E-001  9.2689242014168771E-001
  9.3046314081510706E-001  9.3457965132218679E-001  9.3922048251187407E-001  9.4435497846406202E-001  9.4988888375937242E-001
  9.5579261668676607E-001  9.6202132064590062E-001  9.6850434583872880E-001  9.7518909732038339E-001  9.8203439086615263E-001
  9.8898460121169085E-001  9.9597518609742985E-001
BLOCK 52   6.2728965059040975E+000
  1.0030573087972430E+000  1.0102909817787391E+000  1.0174044682169470E+000  1.0243418426302788E+000  1.0310602872628494E+000
  1.0375154782919560E+000  1.0436520472601987E+000  1.0494187827908894E+000  1.0547812892635799E+000  1.0597040833609197E+000
  1.0642033987289021E+000  1.0681977831108767E+000  1.0716866466663091E+000  1.0746406056944569E+000  1.0770330795313652E+000
  1.0788441694498210E+000  1.0800569443762704E+000  1.0806645929452317E+000  1.0806645929452798E+000  1.0800569443765149E+000
  1.0788441694501443E+000  1.0770330795317851E+000  1.0746406056950617E+000  1.0716866466670822E+000  1.0681977831117384E+000
  1.0642033987298332E+000  1.0597040833622378E+000  1.0547812892650958E+000  1.0494187827925820E+000  1.0436520472619837E+000
  1.0375154782938576E+000  1.0310602872648909E+000  1.0243418426324891E+000  1.0174044682192089E+000  1.0102909817809669E+000
  1.0030573087994226E+000  9.9576585818012842E-001  9.8847912464330190E-001  9.8124080736060193E-001  9.7409768010128439E-001
  9.6711483161650680E-001  9.6035707169455264E-001  9.5386896064802462E-001  9.4770928513568853E-001  9.4195989255668644E-001
  9.3663526778003803E-001  9.3183727200759370E-001  9.2758651782895374E-001  9.2388476082814008E-001  9.2076704259430620E-001
  9.1824080159604793E-001  9.1632438128796856E-001  9.1504412754320530E-001  9.1439801294372269E-001  9.1439801294355449E-001
  9.1504412754280118E-001  9.1632438128722482E-001  9.1824080159483434E-001  9.2076704259277586E-001  9.2388476082641369E-001
  9.2758651782691670E-001  9.3183727200537014E-001  9.3663526777762596E-001  9.4195989255422119E-001  9.4770928513277852E-001
  9.5386896064479842E-001  9.6035707169134310E-001  9.6711483161325107E-001  9.7409768009791087E-001  9.8124080735757402E-001
  9.8847912464054566E-001  9.9576585817756480E-001
BLOCK 53   6.3958944766080998E+000
  1.0031826676280422E+000  1.0107114273472773E+000  1.0181068978575096E+000  1.0253177971074858E+000  1.0322849661784184E+000
  1.0389595256972832E+000  1.0453084357336215E+000  1.0512933046262871E+000  1.0568776031441363E+000  1.0620162692499155E+000
  1.0666962401981059E+000  1.0708725581494831E+000  1.0745162255791620E+000  1.0775929314718315E+000  1.0800806089589208E+000
  1.0819650637537508E+000  1.0832320910803497E+000  1.0838707517076729E+000  1.0838707517076895E+000  1.0832320910805466E+000
  1.0819650637539941E+000  1.0800806089596051E+000  1.0775929314725359E+000  1.0745162255799146E+000  1.0708725581504581E+000
  1.0666962401993012E+000  1.0620162692512749E+000  1.0568776031457314E+000  1.0512933046281703E+000  1.0453084357357907E+000
  1.0389595256996471E+000  1.0322849661808882E+000  1.0253177971099992E+000  1.0181068978601200E+000  1.0107114273498994E+000
  1.0031826676305633E+000  9.9556773088410067E-001  9.8793921120672412E-001  9.8037051107394191E-001  9.7291941545128968E-001
  9.6563580417811035E-001  9.5858859955234321E-001  9.5184117208473329E-001  9.4543143123722295E-001  9.3944730705352275E-001
  9.3396203290744884E-001  9.2899661382667142E-001  9.2459599197656861E-001  9.2075419274714521E-001  9.1751055202501752E-001
  9.1489304680946781E-001  9.1290662689640711E-001  9.1157910909406881E-001  9.1091318947148436E-001  9.1091318947128697E-001
  9.1157910909356366E-001  9.1290662689560098E-001  9.1489304680828598E-001  9.1751055202343035E-001  9.2075419274521264E-001
  9.2459599197441444E-001  9.2899661382442833E-001  9.3396203290493784E-001  9.3944730705058643E-001  9.4543143123431328E-001
  9.5184117208131891E-001  9.5858859954883324E-001  9.6563580417453165E-001  9.7291941544784066E-001  9.8037051107071926E-001
  9.8793921120343009E-001  9.9556773088102779E-001
BLOCK 54   6.5188924473121022E+000
  1.0032753883435430E+000  1.0111214779722761E+000  1.0188218542460352E+000  1.0263115606116662E+000  1.0335422511548389E+000
  1.0404743169256445E+000  1.0470639749413140E+000  1.0532590296163127E+000  1.0590347772438951E+000  1.0644242316547292E+000
  1.0692970490574334E+000  1.0736521007918149E+000  1.0774527263638940E+000  1.0806639165528791E+000  1.0832639695505080E+000
  1.0852298637478135E+000  1.0865442057411341E+000  1.0872019732957576E+000  1.0872019732958016E+000  1.0865442057414130E+000
  1.0852298637480486E+000  1.0832639695509325E+000  1.0806639165536800E+000  1.0774527263650446E+000  1.0736521007931370E+000
  1.0692970490588489E+000  1.0644242316560646E+000  1.0590347772459248E+000  1.0532590296184217E+000  1.0470639749436643E+000
  1.0404743169282487E+000  1.0335422511576415E+000  1.0263115606145519E+000  1.0188218542491740E+000  1.0111214779756028E+000
  1.0032753883465575E+000  9.9533988226421255E-001  9.8738038691213936E-001  9.7946489087505739E-001  9.7167243918882129E-001
  9.6406696251903923E-001  9.5671308826363088E-001  9.4969892936058520E-001  9.4307576711228147E-001  9.3686116711028722E-001
  9.3117170224450752E-001  9.2602874487018139E-001  9.2146470535073088E-001  9.1748756121779551E-001  9.1412422631584267E-001
  9.1140356373561826E-001  9.0934672074192824E-001  9.0796663815041745E-001  9.0727149586144129E-001  9.0727149586128908E-001
  9.0796663814983569E-001  9.0934672074088607E-001  9.1140356373432274E-001  9.1412422631434642E-001  9.1748756121602448E-001
  9.2146470534859104E-001  9.2602874486754505E-001  9.3117170224159940E-001  9.3686116710713874E-001  9.4307576710904339E-001
  9.4969892935697564E-001  9.5671308826008739E-001  9.6406696251537904E-001  9.7167243918516966E-001  9.7946489087148036E-001
  9.8738038690856234E-001  9.9533988226088066E-001
BLOCK 55   6.6418904180161045E+000
  1.0033342778578718E+000  1.0115103999084798E+000  1.0195247943627326E+000  1.0273183148406739E+000  1.0348434928242967E+000
  1.0420419591888403E+000  1.0488754811828578E+000  1.0553303126689118E+000  1.0613456246494333E+000  1.0669271351485656E+000
  1.0719975835063396E+000  1.0765476663102007E+000  1.0805121672792990E+000  1.0838597459524462E+000  1.0865693199741562E+000
  1.0886185412679097E+000  1.0899949835096783E+000  1.0906877710485852E+000  1.0906877710484997E+000  1.0899949835098430E+000
  1.0886185412683620E+000  1.0865693199747337E+000  1.0838597459532311E+000  1.0805121672805063E+000  1.0765476663114777E+000
  1.0719975835081081E+000  1.0669271351505598E+000  1.0613456246516226E+000  1.0553303126712781E+000  1.0488754811855701E+000
  1.0420419591916996E+000  1.0348434928275105E+000  1.0273183148441569E+000  1.0195247943663051E+000  1.0115103999121997E+000
  1.0033342778613827E+000  9.9505915602900274E-001  9.8676101048321341E-001  9.7850228630529457E-001  9.7037027284389654E-001
  9.6245217419456663E-001  9.5479909000882879E-001  9.4747058974305698E-001  9.4056945747992815E-001  9.3415021224057559E-001
  9.2827178375981223E-001  9.2295814556079292E-001  9.1820143166347945E-001  9.1406933427626824E-001  9.1058971400667621E-001
  9.0776840295827055E-001  9.0563178581280890E-001  9.0419552537425085E-001  9.0347588742617524E-001  9.0347588742593932E-001
  9.0419552537362069E-001  9.0563178581192383E-001  9.0776840295707573E-001  9.1058971400503297E-001  9.1406933427420167E-001
  9.1820143166111112E-001  9.2295814555804201E-001  9.2827178375677322E-001  9.3415021223725625E-001  9.4056945747639631E-001
  9.4747058973963361E-001  9.5479909000524898E-001  9.6245217419031215E-001  9.7037027283968902E-001  9.7850228630144487E-001
  9.8676101047935483E-001  9.9505915602519601E-001
BLOCK 56   6.7648883887201068E+000
  1.0033472348473758E+000  1.0118677875233784E+000  1.0202156938070939E+000  1.0283305164980727E+000  1.0361631153685893E+000
  1.0436683061692718E+000  1.0507886439794789E+000  1.0574794268922927E+000  1.0637798233324376E+000  1.0695590777596367E+000
  1.0748374882854244E+000  1.0795647324265432E+000  1.0836816900663258E+000  1.0871755092502084E+000  1.0900098600165180E+000
  1.0921527297622187E+000  1.0935909120284044E+000  1.0943123582504790E+000  1.0943123582505629E+000  1.0935909120287299E+000
  1.0921527297627125E+000  1.0900098600171202E+000  1.0871755092510300E+000  1.0836816900675643E+000  1.0795647324282809E+000
  1.0748374882874741E+000  1.0695590777619148E+000  1.0637798233347815E+000  1.0574794268952423E+000  1.0507886439826251E+000
  1.0436683061726317E+000  1.0361631153722108E+000  1.0283305165019434E+000  1.0202156938110558E+000  1.0118677875274147E+000
  1.0033472348511860E+000  9.9471718722623204E-001  9.8607801541880924E-001  9.7749528541556852E-001  9.6902717528009041E-001
  9.6075970752623052E-001  9.5279043659993290E-001  9.4518027444983632E-001  9.3799516216573542E-001  9.3132922022403863E-001
  9.2522780170725782E-001  9.1972099505617499E-001  9.1481036722370945E-001  9.1053051148101227E-001  9.0690024892361876E-001
  9.0396285985198599E-001  9.0175082417165708E-001  9.0026532281500882E-001  8.9952003845751938E-001  8.9952003845741713E-001
  9.0026532281461358E-001  9.0175082417079211E-001  9.0396285985058167E-001  9.0690024892181265E-001  9.1053051147880271E-001
  9.1481036722110409E-001  9.1972099505331006E-001  9.2522780170422969E-001  9.3132922022089437E-001  9.3799516216225887E-001
  9.4518027444592678E-001  9.5279043659576013E-001  9.6075970752168338E-001  9.6902717527578741E-001  9.7749528541116670E-001
  9.8607801541418083E-001  9.9471718722186897E-001
BLOCK 57   6.8878863594241091E+000
  1.0033250538512497E+000  1.0121776204703048E+000  1.0208800437471663E+000  1.0293560369460391E+000  1.0375187754208481E+000
  1.0453213701511093E+000  1.0527427271182941E+000  1.0597379707865435E+000  1.0662919184761954E+000  1.0723410701063003E+000
  1.0778410591437628E+000  1.0827330933476891E+000  1.0870071937401860E+000  1.0906413675702167E+000  1.0935844454878105E+000
  1.0958175138901982E+000  1.0973245842307962E+000  1.0980810169176736E+000  1.0980810169178146E+000  1.0973245842310446E+000
  1.0958175138905981E+000  1.0935844454886094E+000  1.0906413675713980E+000  1.0870071937417036E+000  1.0827330933493942E+000
  1.0778410591457674E+000  1.0723410701088736E+000  1.0662919184791633E+000  1.0597379707898678E+000  1.0527427271219665E+000
  1.0453213701551920E+000  1.0375187754249122E+000  1.0293560369501682E+000  1.0208800437515564E+000  1.0121776204749819E+000
  1.0033250538555560E+000  9.9434948765307751E-001  9.8534416489941090E-001  9.7639839944422258E-001  9.6759585063245346E-001
  9.5900496089499465E-001  9.5071040628936587E-001  9.4279200915190520E-001  9.3532549069248760E-001  9.2843273829762996E-001
  9.2209530194112399E-001  9.1634580579503400E-001  9.1123910383854279E-001  9.0680224688050515E-001  9.0305325186804886E-001
  9.0001724829944618E-001  8.9771118884491274E-001  8.9615899636380902E-001  8.9538349464008560E-001  8.9538349463983635E-001
  8.9615899636312402E-001  8.9771118884387002E-001  9.0001724829800345E-001  9.0305325186618890E-001  9.0680224687823241E-001
  9.1123910383597750E-001  9.1634580579227853E-001  9.2209530193793876E-001  9.2843273829409179E-001  9.3532549068871884E-001
  9.4279200914777395E-001  9.5071040628494885E-001  9.5900496089027099E-001  9.6759585062767817E-001  9.7639839943921036E-001
  9.8534416489451215E-001  9.9434948764844489E-001
BLOCK 58   7.0108843301281114E+000
  1.0032570586362888E+000  1.0124948301360392E+000  1.0215559981455562E+000  1.0303596395886585E+000  1.0388714530667398E+000
  1.0470361481824828E+000  1.0547801541383306E+000  1.0620763384089891E+000  1.0689078984050466E+000  1.0752168682306713E+000
  1.0809498048328254E+000  1.0860639011934510E+000  1.0905256934050804E+000  1.0942856440215833E+000  1.0973233471715163E+000
  1.0996375701293752E+000  1.1011967420581847E+000  1.1019748676036747E+000  1.1019748676038306E+000  1.1011967420585411E+000
  1.0996375701300871E+000  1.0973233471725508E+000  1.0942856440226800E+000  1.0905256934064302E+000  1.0860639011953719E+000
  1.0809498048354764E+000  1.0752168682336982E+000  1.0689078984083900E+000  1.0620763384127734E+000  1.0547801541424271E+000
  1.0470361481867805E+000  1.0388714530714316E+000  1.0303596395936874E+000  1.0215559981504980E+000  1.0124948301409571E+000
  1.0032570586409653E+000  9.9390410949918617E-001  9.8454572540538410E-001  9.7524533394364188E-001  9.6608502269457730E-001
  9.5714940261845483E-001  9.4853199819567513E-001  9.4032301512764682E-001  9.3257941320872317E-001  9.2541878189127191E-001
  9.1883099975083582E-001  9.1286186425967741E-001  9.0754655514504956E-001  9.0291442829830637E-001  8.9901403427303062E-001
  8.9586809449483407E-001  8.9348514976812432E-001  8.9188348107330218E-001  8.9107742518002253E-001  8.9107742517976707E-001
  8.9188348107252580E-001  8.9348514976687499E-001  8.9586809449322180E-001  8.9901403427118287E-001  9.0291442829622248E-001
  9.0754655514254212E-001  9.1286186425670313E-001  9.1883099974746185E-001  9.2541878188749538E-001  9.3257941320466342E-001
  9.4032301512315208E-001  9.4853199819089040E-001  9.5714940261337844E-001  9.6608502268945529E-001  9.7524533393844237E-001
  9.8454572540022744E-001  9.9390410949399421E-001
BLOCK 59   7.1338823008321137E+000
  1.0031613331729277E+000  1.0127630283113238E+000  1.0222049970428650E+000  1.0314013426677016E+000  1.0402814939277634E+000
  1.0487684289022834E+000  1.0568252192120220E+000  1.0645219007156039E+000  1.0716482836620040E+000  1.0782191386433642E+000
  1.0841967366662042E+000  1.0895294757133085E+000  1.0941734647491486E+000  1.0980900248801824E+000  1.1012564232090785E+000
  1.1036415716313706E+000  1.1052259892811063E+000  1.1060180565738675E+000  1.1060180565741109E+000  1.1052259892815934E+000
  1.1036415716320345E+000  1.1012564232099771E+000  1.0980900248815564E+000  1.0941734647510890E+000  1.0895294757155938E+000
  1.0841967366691958E+000  1.0782191386466751E+000  1.0716482836656807E+000  1.0645219007195830E+000  1.0568252192167673E+000
  1.0487684289073222E+000  1.0402814939329539E+000  1.0314013426731039E+000  1.0222049970484828E+000  1.0127630283169069E+000
  1.0031613331778870E+000  9.9342685128806330E-001  9.8368221776796838E-001  9.7400004344546298E-001  9.6448485114350535E-001
  9.5522205025625062E-001  9.4628064501242071E-001  9.3775387022890355E-001  9.2972670063354224E-001  9.2228120681340686E-001
  9.1543583287783059E-001  9.0923079696544540E-001  9.0370043515774079E-001  8.9888469703499940E-001  8.9481898817631822E-001
  8.9152949804380133E-001  8.8905250964909788E-001  8.8740589147430948E-001  8.8658073977115681E-001  8.8658073977092955E-001
  8.8740589147362881E-001  8.8905250964802451E-001  8.9152949804233428E-001  8.9481898817437966E-001  8.9888469703265494E-001
  9.0370043515503851E-001  9.0923079696235287E-001  9.1543583287439545E-001  9.2228120680947223E-001  9.2972670062910501E-001
  9.3775387022407464E-001  9.4628064500743092E-001  9.5522205025133800E-001  9.6448485113732596E-001  9.7400004343974866E-001
  9.8368221776252707E-001  9.9342685128257824E-001
BLOCK 60   7.2568802715361160E+000
  1.0030229830036728E+000  1.0130286191959119E+000  1.0228641078776193E+000  1.0324286543475834E+000  1.0416659265681836E+000
  1.0505473610584020E+000  1.0589963952407133E+000  1.0670067042922025E+000  1.0744687613230268E+000  1.0813681210037720E+000
  1.0876099546228215E+000  1.0931510723774351E+000  1.0979708312595087E+000  1.1020379538418106E+000  1.1053229899864616E+000
  1.1077944049168105E+000  1.1094506632480707E+000  1.1102956434340263E+000  1.1102956434340736E+000  1.1094506632483219E+000
  1.1077944049176176E+000  1.1053229899877615E+000  1.1020379538436578E+000  1.0979708312618335E+000  1.0931510723797360E+000
  1.0876099546258289E+000  1.0813681210072235E+000  1.0744687613274422E+000  1.0670067042968245E+000  1.0589963952457833E+000
  1.0505473610639831E+000  1.0416659265741415E+000  1.0324286543535699E+000  1.0228641078836889E+000  1.0130286192018580E+000
  1.0030229830090036E+000  9.9287624873134184E-001  9.8275132008846899E-001  9.7270860128785785E-001  9.6282712875081289E-001
  9.5319306225028388E-001  9.4389527019109898E-001  9.3505409199392731E-001  9.2676957041068542E-001  9.1904158285250681E-001
  9.1191565404087505E-001  9.0544814675961316E-001  8.9968648035593402E-001  8.9467706897769939E-001  8.9045248324745452E-001
  8.8703640975157305E-001  8.8445160338590956E-001  8.8271341038534057E-001  8.8183361511545832E-001  8.8183361511531833E-001
  8.8271341038483631E-001  8.8445160338495155E-001  8.8703640975014220E-001  8.9045248324550597E-001  8.9467706897526444E-001
  8.9968648035307408E-001  9.0544814675625584E-001  9.1191565403704833E-001  9.1904158284836435E-001  9.2676957040643104E-001
  9.3505409198922740E-001  9.4389527018562591E-001  9.5319306224458955E-001  9.6282712874457987E-001  9.7270860128178449E-001
  9.8275132008197985E-001  9.9287624872486779E-001
BLOCK 61   7.3798782422401183E+000
  1.0028673797395220E+000  1.0132431088531315E+000  1.0234768669199386E+000  1.0334715584939260E+000  1.0431322346882870E+000
  1.0523964171940299E+000  1.0612191536356343E+000  1.0695768543460500E+000  1.0773949938491203E+000  1.0845978270733954E+000
  1.0911086481643226E+000  1.0969063778639725E+000  1.1019371264154212E+000  1.1061561981896766E+000  1.1095667779836214E+000
  1.1121552215438009E+000  1.1138909882480130E+000  1.1147629741702052E+000  1.1147629741704992E+000  1.1138909882488408E+000
  1.1121552215451180E+000  1.1095667779850009E+000  1.1061561981912373E+000  1.1019371264177344E+000  1.0969063778668124E+000
  1.0911086481679499E+000  1.0845978270774568E+000  1.0773949938537570E+000  1.0695768543512292E+000  1.0612191536413411E+000
  1.0523964172000393E+000  1.0431322346944998E+000  1.0334715585003476E+000  1.0234768669268064E+000  1.0132431088601779E+000
  1.0028673797454049E+000  9.9231626248132754E-001  9.8177989347603212E-001  9.7131887830935681E-001  9.6103723744340397E-001
  9.5104895517375176E-001  9.4143134491959568E-001  9.3225603673306523E-001  9.2366500954167619E-001  9.1564716094303300E-001
  9.0825434708432373E-001  9.0153353341829368E-001  8.9553657852147284E-001  8.9031175124279860E-001  8.8589758372297778E-001
  8.8232585782942796E-001  8.7961991699448505E-001  8.7780450429313828E-001  8.7689446728852738E-001  8.7689446728832821E-001
  8.7780450429252277E-001  8.7961991699345365E-001  8.8232585782800643E-001  8.8589758372109240E-001  8.9031175124031614E-001
  8.9553657851840218E-001  9.0153353341482512E-001  9.0825434708059916E-001  9.1564716093881704E-001  9.2366500953674091E-001
  9.3225603672796831E-001  9.4143134491392932E-001  9.5104895516755472E-001  9.6103723743685165E-001  9.7131887830282138E-001
  9.8177989346913663E-001  9.9231626247450333E-001
BLOCK 62   7.5028762129441207E+000
  1.0026547128893457E+000  1.0134729691083819E+000  1.0241433203174257E+000  1.0345478160997228E+000  1.0446164193988652E+000
  1.0542673161316096E+000  1.0635482276360952E+000  1.0722511651183089E+000  1.0804027482011929E+000  1.0879087359894093E+000
  1.0947096161976420E+000  1.1007682993129919E+000  1.1060319467021722E+000  1.1104645684996213E+000  1.1140440199888033E+000
  1.1167417463373106E+000  1.1185348904720382E+000  1.1194257995924839E+000  1.1194257995927139E+000  1.1185348904725925E+000
  1.1167417463384206E+000  1.1140440199905550E+000  1.1104645685018681E+000  1.1060319467049822E+000  1.1007682993161512E+000
  1.0947096162014467E+000  1.0879087359937694E+000  1.0804027482066927E+000  1.0722511651240618E+000  1.0635482276419335E+000
  1.0542673161380474E+000  1.0446164194058605E+000  1.0345478161070567E+000  1.0241433203247854E+000  1.0134729691159379E+000
  1.0026547128956547E+000  9.9165435572547045E-001  9.8071049380713182E-001  9.6986616164717143E-001  9.5920129136211041E-001
  9.4882018394630796E-001  9.3883370390298593E-001  9.2933046555583054E-001  9.2042126183593442E-001  9.1210154821100287E-001
  9.0443062335363711E-001  8.9745155067690574E-001  8.9121500065052150E-001  8.8576424299025625E-001  8.8114587398076283E-001
  8.7740836912289610E-001  8.7478448980121304E-001  8.7268269189027792E-001  8.7173262440657229E-001  8.7173262440634580E-001
  8.7268269188961112E-001  8.7478448980396706E-001  8.7740836912124776E-001  8.8114587397863253E-001  8.8576424298782375E-001
  8.9121500064775183E-001  8.9745155067351501E-001  9.0443062334951962E-001  9.1210154820647360E-001  9.2042126183083750E-001
  9.2933046555017340E-001  9.3883370389686038E-001  9.4882018393976530E-001  9.5920129135526855E-001  9.6986616164007988E-001
  9.8071049379978648E-001  9.9165435571814831E-001
BLOCK 63   7.6258741836481230E+000
  1.0024299874833262E+000  1.0136745650571808E+000  1.0247933812187755E+000  1.0356243621484797E+000  1.0461203140374653E+000
  1.0562297165728296E+000  1.0658904017459829E+000  1.0750255239048851E+000  1.0835372890380885E+000  1.0913499124102140E+000
  1.0984503312201908E+000  1.1047804667436154E+000  1.1102881642609164E+000  1.1149405770325671E+000  1.1186861812459796E+000
  1.1215030914170545E+000  1.1233979553426867E+000  1.1246767105196145E+000  1.1246767105198145E+000  1.1233979553434132E+000
  1.1215030914182458E+000  1.1186861812479043E+000  1.1149405770350640E+000  1.1102881642640547E+000  1.1047804667473802E+000
  1.0984503312245926E+000  1.0913499124148358E+000  1.0835372890433550E+000  1.0750255239106739E+000  1.0658904017529056E+000
  1.0562297165802712E+000  1.0461203140452529E+000  1.0356243621564825E+000  1.0247933812267125E+000  1.0136745650652028E+000
  1.0024299874898779E+000  9.9097433638247712E-001  9.7958477640255348E-001  9.6830697369006502E-001  9.5724630038582825E-001
  9.4648541157786537E-001  9.3611321442728057E-001  9.2630372914441028E-001  9.1704220752218157E-001  9.0840518846526197E-001
  9.0043254025812280E-001  8.9316856670974820E-001  8.8667912982479458E-001  8.8101491912185848E-001  8.7562879964125029E-001
  8.7230050268913994E-001  8.6932919596439917E-001  8.6732824165973854E-001  8.6631953703527387E-001  8.6631953703491260E-001
  8.6732824165880540E-001  8.6932919596324887E-001  8.7230050268744408E-001  8.7562879964018681E-001  8.8101491911942587E-001
  8.8667912982168962E-001  8.9316856670620359E-001  9.0043254025397335E-001  9.0840518846047813E-001  9.1704220751684673E-001
  9.2630372913845216E-001  9.3611321442083739E-001  9.4648541157084376E-001  9.5724630037833647E-001  9.6830697368235774E-001
  9.7958477639477004E-001  9.9097433637465993E-001
BLOCK 64   7.7488721543521253E+000
  1.0021806297548956E+000  1.0138487527400801E+000  1.0254304329355073E+000  1.0367477712328883E+000  1.0476967884261958E+000
  1.0582234297431750E+000  1.0683015106168734E+000  1.0778341241283396E+000  1.0867282363135138E+000  1.0949301562280456E+000
  1.1023815622249451E+000  1.1089894008644028E+000  1.1147225595847705E+000  1.1195803030038225E+000  1.1235161126649038E+000
  1.1264891321112980E+000  1.1284824491411563E+000  1.1294786442436915E+000  1.1294786442441005E+000  1.1284824491421779E+000
  1.1264891321127881E+000  1.1235161126671207E+000  1.1195803030065634E+000  1.1147225595880876E+000  1.1089894008682570E+000
  1.1023815622295547E+000  1.0949301562334512E+000  1.0867282363198383E+000  1.0778341241349481E+000  1.0683015106240052E+000
  1.0582234297509643E+000  1.0476967884344266E+000  1.0367477712415512E+000  1.0254304329442703E+000  1.0138487527486528E+000
  1.0021806297616063E+000  9.9025443687505565E-001  9.7840791658173099E-001  9.6666970470572544E-001  9.5516194177222324E-001
  9.4400015201603049E-001  9.3327666496662853E-001  9.2313320815451305E-001  9.1354216921153086E-001  9.0456099043406890E-001
  8.9625679680422665E-001  8.8870768598552941E-001  8.8195809584253271E-001  8.7555320375998380E-001  8.7101187003223868E-001
  8.6692753143222068E-001  8.6383533706891702E-001  8.6175839453491632E-001  8.6071373058951617E-001  8.6071373058935607E-001
  8.6175839453430769E-001  8.6383533706786486E-001  8.6692753143035239E-001  8.7101187003005731E-001  8.7555320375850698E-001
  8.8195809583951135E-001  8.8870768598191119E-001  8.9625679679991477E-001  9.0456099042907046E-001  9.1354216920595199E-001
  9.2313320814828681E-001  9.3327666495980055E-001  9.4400015200866705E-001  9.5516194176488323E-001  9.6666970469670754E-001
  9.7840791657310211E-001  9.9025443686660863E-001
BLOCK 65   7.8718701250561276E+000
  1.0018916308862762E+000  1.0140584076798529E+000  1.0261161704338060E+000  1.0378854541386553E+000  1.0492881674326051E+000
  1.0602607995869751E+000  1.0707815360440540E+000  1.0807391544879539E+000  1.0900470726560143E+000  1.0986259946995407E+000
  1.1064080055075121E+000  1.1133483829723854E+000  1.1193957982749456E+000  1.1247193467347028E+000  1.1285605995863628E+000
  1.1316565571625494E+000  1.1337479998315281E+000  1.1347985405825132E+000  1.1347985405828829E+000  1.1337479998326512E+000
  1.1316565571643211E+000  1.1285605995887322E+000  1.1247193467362644E+000  1.1193957982785712E+000  1.1133483829768411E+000
  1.1064080055126513E+000  1.0986259947050765E+000  1.0900470726625018E+000  1.0807391544956100E+000  1.0707815360522177E+000
  1.0602607995954167E+000  1.0492881674411705E+000  1.0378854541474769E+000  1.0261161704430026E+000  1.0140584076893229E+000
  1.0018916308939851E+000  9.8943296289801397E-001  9.7712401911211177E-001  9.6495799783329939E-001  9.5302072715670705E-001
  9.4143438860869944E-001  9.3031034440804550E-001  9.1977597468914973E-001  9.0984492412932261E-001  9.0055260614415167E-001
  8.9193818853439544E-001  8.8406124104092743E-001  8.7698017156460251E-001  8.7078399583018662E-001  8.6555054097313144E-001
  8.6132175302909664E-001  8.5812125464277844E-001  8.5596713350538878E-001  8.5488583474912572E-001  8.5488583474886004E-001
  8.5596713350450626E-001  8.5812125464166478E-001  8.6132175302750502E-001  8.6555054097090744E-001  8.7078399582721500E-001
  8.7698017156152974E-001  8.8406124103717232E-001  8.9193818853000140E-001  9.0055260613905852E-001  9.0984492412350282E-001
  9.1977597468282035E-001  9.3031034440121063E-001  9.4143438860079043E-001  9.5302072714843644E-001  9.6495799782411174E-001
  9.7712401910298985E-001  9.8943296288830751E-001
BLOCK 66   7.9948680957601299E+000
  1.0015467339234851E+000  1.0142124491695845E+000  1.0267756304820221E+000  1.0390478166641106E+000  1.0509324729232201E+000
  1.0623719879150486E+000  1.0733484851028370E+000  1.0837410936369096E+000  1.0934731714782937E+000  1.1024673588398286E+000
  1.1106279972386004E+000  1.1178907635162751E+000  1.1245683619072031E+000  1.1295208990054530E+000  1.1338224815321867E+000
  1.1370746575237383E+000  1.1392383747422761E+000  1.1403098568781116E+000  1.1403098568783898E+000  1.1392383747432766E+000
  1.1370746575255293E+000  1.1338224815348155E+000  1.1295208990088035E+000  1.1245683619094027E+000  1.1178907635206954E+000
  1.1106279972441437E+000  1.1024673588462151E+000  1.0934731714852983E+000  1.0837410936450353E+000  1.0733484851112447E+000
  1.0623719879239946E+000  1.0509324729327558E+000  1.0390478166739343E+000  1.0267756304921458E+000  1.0142124491796043E+000
  1.0015467339309394E+000  9.8861907553648931E-001  9.7580837690060429E-001  9.6314342041444612E-001  9.5075266652317780E-001
  9.3875127115307588E-001  9.2723658822885491E-001  9.1631192990249299E-001  9.0598640554307353E-001  8.9630344287775132E-001
  8.8732680619825599E-001  8.7912569719720446E-001  8.7175907605695413E-001  8.6533095510313052E-001  8.5989084586196118E-001
  8.5548342658069398E-001  8.5215072722465213E-001  8.4992259314779339E-001  8.4881383924199449E-001  8.4881383924200060E-001
  8.4992259314697893E-001  8.5215072722317720E-001  8.5548342657874699E-001  8.5989084585969910E-001  8.6533095510025504E-001
  8.7175907605437719E-001  8.7912569719308287E-001  8.8732680619364135E-001  8.9630344287274477E-001  9.0598640553740006E-001
  9.1631192989586152E-001  9.2723658822137267E-001  9.3875127114483070E-001  9.5075266651404866E-001  9.6314342040465806E-001
  9.7580837689074995E-001  9.8861907552623352E-001
BLOCK 67   8.1178660664641082E+000
  1.0010732408309262E+000  1.0143646236455424E+000  1.0274296554109530E+000  1.0401752276964467E+000  1.0525534439040074E+000
  1.0645970371236952E+000  1.0760678849671670E+000  1.0869070950678108E+000  1.0970638943055993E+000  1.1064530529846404E+000
  1.1149837487304775E+000  1.1225841680836355E+000  1.1291872120243782E+000  1.1347568913143899E+000  1.1392589074961359E+000
  1.1426597187982739E+000  1.1449447216735880E+000  1.1461057925208811E+000  1.1461057925213323E+000  1.1449447216749400E+000
  1.1426597188002645E+000  1.1392589074987276E+000  1.1347568913178825E+000  1.1291872120288158E+000  1.1225841680886259E+000
  1.1149837487365080E+000  1.1064530529916030E+000  1.0970638943130595E+000  1.0869070950761608E+000  1.0760678849758869E+000
  1.0645970371332736E+000  1.0525534439145849E+000  1.0401752277073313E+000  1.0274296554220204E+000  1.0143646236563031E+000
  1.0010732408375957E+000  9.8774337615966523E-001  9.7443135332525055E-001  9.6128355862138071E-001  9.4841309528816420E-001
  9.3592508620588366E-001  9.2402738045600652E-001  9.1266941874111740E-001  9.0191441239730574E-001  8.9181880319285145E-001
  8.8245605805504379E-001  8.7389290587204249E-001  8.6628222891059281E-001  8.5963135918178457E-001  8.5399311029896197E-001
  8.4942277740983085E-001  8.4596116301948665E-001  8.4362582598981695E-001  8.4244504406483256E-001  8.4244504406459031E-001
  8.4362582598876579E-001  8.4596116301808366E-001  8.4942277740782368E-001  8.5399311029619251E-001  8.5963135917839517E-001
  8.6628222890716000E-001  8.7389290587575741E-001  8.8245605805064231E-001  8.9181880318756668E-001  9.0191441239108472E-001
  9.1266941873416219E-001  9.2402738044813915E-001  9.3592508619709902E-001  9.4841309527844353E-001  9.6128355861108050E-001
  9.7443135331477437E-001  9.8774337614906182E-001
BLOCK 68   8.2408640371680857E+000
  1.0006636046753996E+000  1.0144557262316145E+000  1.0280441738151054E+000  1.0413638124458318E+000  1.0543018030870965E+000
  1.0668532398565418E+000  1.0788446119748265E+000  1.0902253958740016E+000  1.1008634953733274E+000  1.1106422982417132E+000
  1.1195093212051064E+000  1.1274153770908135E+000  1.1343255893198760E+000  1.1401670917658904E+000  1.1449049767209694E+000
  1.1484899263236732E+000  1.1508889997516667E+000  1.1520948151144013E+000  1.1520948151147263E+000  1.1508889997528653E+000
  1.1484899263259523E+000  1.1449049767241610E+000  1.1401670917698357E+000  1.1343255893248056E+000  1.1274153770930169E+000
  1.1195093212113778E+000  1.1106422982487547E+000  1.1008634953811467E+000  1.0902253958830603E+000  1.0788446119846271E+000
  1.0668532398668935E+000  1.0543018030980482E+000  1.0413638124571294E+000  1.0280441738268162E+000  1.0144557262434863E+000
  1.0006636046827340E+000  9.8682229808409105E-001  9.7298529977537240E-001  9.5931857404350596E-001  9.4595871241964358E-001
  9.3300163550664572E-001  9.2063293149836201E-001  9.0881437188769443E-001  8.9761742940393496E-001  8.8710933240116252E-001
  8.7736064851005968E-001  8.6848112737408478E-001  8.6054915508399343E-001  8.5364939996891875E-001  8.4781191920249532E-001
  8.4307924978844384E-001  8.3948511312600382E-001  8.3706495887286814E-001  8.3584988078616174E-001  8.3584988078594158E-001
  8.3706495887167331E-001  8.3948511312427321E-001  8.4307924978603099E-001  8.4781191919977539E-001  8.5364939996576750E-001
  8.6054915508025431E-001  8.6848112736940419E-001  8.7736064850539153E-001  8.8710933239563761E-001  8.9761742939743727E-001
  9.0881437188028380E-001  9.2063293148985859E-001  9.3300163549742188E-001  9.4595871240965479E-001  9.5931857403307086E-001
  9.7298529976451509E-001  9.8682229807282851E-001
BLOCK 69   8.3638620078720631E+000
  1.0001969759303473E+000  1.0145720043930044E+000  1.0287458757922971E+000  1.0426238679077773E+000  1.0561208031736979E+000
  1.0692086506611220E+000  1.0817486864952321E+000  1.0936284417470341E+000  1.1047215645541522E+000  1.1149536098209065E+000
  1.1242600205595077E+000  1.1325097314961126E+000  1.1397054274450653E+000  1.1457992996153932E+000  1.1507489804949478E+000
  1.1545082251704137E+000  1.1570368913229434E+000  1.1583030549390372E+000  1.1583030549396507E+000  1.1570368913245397E+000
  1.1545082251729522E+000  1.1507489804985847E+000  1.1457992996197792E+000  1.1397054274502740E+000  1.1325097315019954E+000
  1.1242600205660549E+000  1.1149536098282058E+000  1.1047215645623676E+000  1.0936284417565842E+000  1.0817486865053394E+000
  1.0692086506724756E+000  1.0561208031856015E+000  1.0426238679199202E+000  1.0287458758044485E+000  1.0145720044052609E+000
  1.0001969759383718E+000  9.8578955495125864E-001  9.7144587919362280E-001  9.5726707471996775E-001  9.4337910553494897E-001
  9.2991270507596724E-001  9.1703798516142776E-001  9.0474612727219406E-001  8.9309004925876911E-001  8.8215474886408241E-001
  8.7197461049984559E-001  8.6279757871375518E-001  8.5457004360687927E-001  8.4739919993937418E-001  8.4132718862758504E-001
  8.3642058622858972E-001  8.3271441823740333E-001  8.3023482828954609E-001  8.2899466783930320E-001  8.2899466783895870E-001
  8.3023482828846851E-001  8.3271441823558068E-001  8.3642058622595028E-001  8.4132718862459677E-001  8.4739919993578050E-001
  8.5457004360286459E-001  8.6279757870894469E-001  8.7197461049891112E-001  8.8215474885777190E-001  8.9309004925165769E-001
  9.0474612726439785E-001  9.1703798515277102E-001  9.2991270506669621E-001  9.4337910552474591E-001  9.5726707470881678E-001
  9.7144587918191183E-001  9.8578955493923714E-001
BLOCK 70   8.4868599785760406E+000
  9.9975980919686935E-001  1.0147170302673676E+000  1.0294824275318351E+000  1.0439488897072249E+000  1.0580309861707662E+000
  1.0716771845219961E+000  1.0847509987827368E+000  1.0971337113575708E+000  1.1087168778306771E+000  1.1194136928024989E+000
  1.1291202609109181E+000  1.1377733428525763E+000  1.1453220737824663E+000  1.1517049297667106E+000  1.1568516856203126E+000
  1.1607436824268842E+000  1.1633734379292759E+000  1.1647010737474450E+000  1.1647010737481491E+000  1.1633734379311746E+000
  1.1607436824297468E+000  1.1568516856241904E+000  1.1517049297713815E+000  1.1453220737879384E+000  1.1377733428588359E+000
  1.1291202609173105E+000  1.1194136928106171E+000  1.1087168778395657E+000  1.0971337113676138E+000  1.0847509987936843E+000
  1.0716771845337603E+000  1.0580309861828905E+000  1.0439488897200491E+000  1.0294824275448284E+000  1.0147170302802293E+000
  9.9975980920540752E-001  9.8473377713524668E-001  9.6978388074663469E-001  9.5503058292141241E-001  9.4061395771023526E-001
  9.2664716657608581E-001  9.1326112425551820E-001  9.0047293305971543E-001  8.8833043680409740E-001  8.7696613432221060E-001
  8.6641222349304503E-001  8.5683442273133459E-001  8.4828609864050908E-001  8.4085184179001593E-001  8.3457217891247282E-001
  8.2950213126535954E-001  8.2566466628553759E-001  8.2308937145386674E-001  8.2179350551471919E-001  8.2179350551444241E-001
  8.2308937145296757E-001  8.2566466628373447E-001  8.2950213126292704E-001  8.3457217890869995E-001  8.4085184178525962E-001
  8.4828609863576732E-001  8.5683442272571786E-001  8.6641222348700131E-001  8.7696613431531212E-001  8.8833043679692236E-001
  9.0047293305168263E-001  9.1326112424657102E-001  9.2664716656623247E-001  9.4061395769952127E-001  9.5503058291050025E-001
  9.6978388073349109E-001  9.8473377712254007E-001
BLOCK 71   8.6098579492800180E+000
  9.9930262981166862E-001  1.0148802183354941E+000  1.0302769178015490E+000  1.0453523488269103E+000  1.0600131923775982E+000
  1.0742270811992218E+000  1.0878639359387900E+000  1.1007922611877530E+000  1.1128884943661259E+000  1.1240614666330520E+000
  1.1341831878970341E+000  1.1432368724399053E+000  1.1511311096136618E+000  1.1577911098220752E+000  1.1631781314715632E+000
  1.1672496135308683E+000  1.1699553885268428E+000  1.1712961582124930E+000  1.1712961582129653E+000  1.1699553885285621E+000
  1.1672496135338357E+000  1.1631781314755689E+000  1.1577911098271434E+000  1.1511311096197951E+000  1.1432368724469024E+000
  1.1341831879048780E+000  1.1240614666418685E+000  1.1128884943758106E+000  1.1007922611984415E+000  1.0878639359503712E+000
  1.0742270812113801E+000  1.0600131923901421E+000  1.0453523488400518E+000  1.0302769178149991E+000  1.0148802183495162E+000
  9.9930262982149709E-001  9.8362195174885070E-001  9.6803535151513187E-001  9.5266736349011705E-001  9.3766103853860949E-001
  9.2315995650048255E-001  9.0925659391295044E-001  8.9596386837889486E-001  8.8332980483031531E-001  8.7138952757732191E-001
  8.6051136992754529E-001  8.5057947587764959E-001  8.4173845467638753E-001  8.3403778664144257E-001  8.2752494916539743E-001
  8.2226120367889244E-001  8.1827571198693827E-001  8.1560557930080246E-001  8.1426389102523944E-001  8.1426389102477725E-001
  8.1560557929970123E-001  8.1827571198488358E-001  8.2226120367655653E-001  8.2752494916108743E-001  8.3403778663634887E-001
  8.4173845467020181E-001  8.5057947587042571E-001  8.6051136992054600E-001  8.7138952757474575E-001  8.8332980482271239E-001
  8.9596386837020847E-001  9.0925659390376712E-001  9.2315995649037008E-001  9.3766103852716109E-001  9.5266736347812764E-001
  9.6803535150197395E-001  9.8362195173561595E-001
BLOCK 72   8.7328559199839955E+000
  9.9880860528178705E-001  1.0150442649677744E+000  1.0310945065783370E+000  1.0467980611168011E+000  1.0620819857677994E+000
  1.0769090101224232E+000  1.0911300002783693E+000  1.1046057517702323E+000  1.1172232331400249E+000  1.1288584938990640E+000
  1.1394536182479964E+000  1.1489019191914571E+000  1.1571353631271575E+000  1.1640819683223653E+000  1.1696940647166498E+000
  1.1739273483554888E+000  1.1767700530412182E+000  1.1782148696870642E+000  1.1782148696876582E+000  1.1767700530429905E+000
  1.1739273483584158E+000  1.1696940647208365E+000  1.1640819683279005E+000  1.1571353631339281E+000  1.1489019191993712E+000
  1.1394536182567638E+000  1.1288584939060469E+000  1.1172232331503797E+000  1.1046057517813994E+000  1.0911300002903801E+000
  1.0769090101351904E+000  1.0620819857812827E+000  1.0467980611308831E+000  1.0310945065923804E+000  1.0150442649818792E+000
  9.9880860529185034E-001  9.8243500451677646E-001  9.6617846068745272E-001  9.5015489771911599E-001  9.3454098972860533E-001
  9.1950889482887566E-001  9.0504225468658572E-001  8.9117057391052401E-001  8.7804812814740163E-001  8.6572768119892751E-001
  8.5437227933961735E-001  8.4405792145622860E-001  8.3488129751876361E-001  8.2688825598201976E-001  8.2014851899901464E-001
  8.1470284201006737E-001  8.1054921025771776E-001  8.0774297607613788E-001  8.0636605768572722E-001  8.0636605768536884E-001
  8.0774297607515178E-001  8.1054921025511284E-001  8.1470284200674969E-001  8.2014851899444463E-001  8.2688825597619986E-001
  8.3488129751229767E-001  8.4405792144868075E-001  8.5437227933117355E-001  8.6572768118984589E-001  8.7804812813863364E-001
  8.9117057390148480E-001  9.0504225467680155E-001  9.1950889481809561E-001  9.3454098971664890E-001  9.5015489770632799E-001
  9.6617846067376545E-001  9.8243500450301657E-001
BLOCK 73   8.8558538906879729E+000
  9.9822651048408828E-001  1.0151591192920113E+000  1.0318855643702067E+000  1.0482553376941768E+000  1.0643046123662208E+000
  1.0797518864070508E+000  1.0945552688424844E+000  1.1086008160645406E+000  1.1217585845310529E+000  1.1338883986043744E+000
  1.1449226803494525E+000  1.1547638350257210E+000  1.1633300140939102E+000  1.1705652332995815E+000  1.1764269781988947E+000
  1.1808726178923412E+000  1.1838602015478485E+000  1.1853517622692746E+000  1.1853517622698748E+000  1.1838602015496966E+000
  1.1808726178957718E+000  1.1764269782036827E+000  1.1705652333055667E+000  1.1633300141011518E+000  1.1547638350342881E+000
  1.1449226803589185E+000  1.1338883986146979E+000  1.1217585845421150E+000  1.1086008160765042E+000  1.0945552688548850E+000
  1.0797518864212898E+000  1.0643046123802236E+000  1.0482553377086548E+000  1.0318855643848674E+000  1.0151591193063625E+000
  9.9822651049537037E-001  9.8115225717215226E-001  9.6422185504772229E-001  9.4754430535204881E-001  9.3127404095828237E-001
  9.1562009194019656E-001  9.0056198134986742E-001  8.8615637210214981E-001  8.7231745265587213E-001  8.5969881234541279E-001
  8.4792765144211435E-001  8.3726607840094425E-001  8.2776635652972719E-001  8.1947280419085688E-001  8.1240925834385658E-001
  8.0659838294675168E-001  8.0240181202884031E-001  7.9953762885593815E-001  7.9811289725099821E-001  7.9811289725015711E-001
  7.9953762885402813E-001  8.0240181202604666E-001  8.0659838294250341E-001  8.1240925833932143E-001  8.1947280418525137E-001
  8.2776635652192510E-001  8.3726607839259171E-001  8.4792765143288829E-001  8.5969881233554113E-001  8.7231745265288663E-001
  8.8615637209134412E-001  9.0056198133832233E-001  9.1562009192831284E-001  9.3127404094585442E-001  9.4754430533878820E-001
  9.6422185503360991E-001  9.8115225715804066E-001
BLOCK 74   8.9788518613919504E+000
  9.9747228779061903E-001  1.0151892405081606E+000  1.0326656011100452E+000  1.0498023411295594E+000  1.0665388421566184E+000
  1.0827111248707173E+000  1.0982073296808461E+000  1.1128482926523846E+000  1.1264902978616447E+000  1.1391088769879323E+000
  1.1505801124473671E+000  1.1608228894752219E+000  1.1697582174589396E+000  1.1773252623806452E+000  1.1834694046220195E+000
  1.1881336693859679E+000  1.1911019926263762E+000  1.1926294852110568E+000  1.1926294852120995E+000  1.1911019926292687E+000
  1.1881336693899514E+000  1.1834694046271490E+000  1.1773252623873842E+000  1.1697582174668535E+000  1.1608228894841897E+000
  1.1505801124573485E+000  1.1391088769988231E+000  1.1264902978659139E+000  1.1128482926651491E+000  1.0982073296941011E+000
  1.0827111248849179E+000  1.0665388421712543E+000  1.0498023411445536E+000  1.0326656011252924E+000  1.0151892405230316E+000
  9.9747228780409947E-001  9.7978877854358359E-001  9.6215418032898092E-001  9.4478658486472378E-001  9.2785056993198922E-001
  9.1155817925833538E-001  8.9587483968400428E-001  8.8086528800185349E-001  8.6665977568194930E-001  8.5340597202724222E-001
  8.4122735300892482E-001  8.3014392565136719E-001  8.2017025727901671E-001  8.1144315355306507E-001  8.0417985299695194E-001
  7.9831518141308144E-001  7.9391616192406067E-001  7.9095848780846911E-001  7.8950334419625923E-001  7.8950334419564183E-001
  7.9095848780623990E-001  7.9391616192100611E-001  7.9831518140856772E-001  8.0417985299107075E-001  8.1144315354631802E-001
  8.2017025727184845E-001  8.3014392564332995E-001  8.4122735299820417E-001  8.5340597201616852E-001  8.6665977567015229E-001
  8.8086528798960317E-001  8.9587483967102011E-001  9.1155817924481486E-001  9.2785056991820913E-001  9.4478658485059941E-001
  9.6215418031484312E-001  9.7978877852936930E-001
BLOCK 75   9.1018498320959278E+000
  9.9657702923831448E-001  1.0152659349517728E+000  1.0335092492835938E+000  1.0513969669810199E+000  1.0688651917569456E+000
  1.0857728200496108E+000  1.1019439523374766E+000  1.1172135303181325E+000  1.1314709505632086E+000  1.1446144924554236E+000
  1.1565469982680860E+000  1.1672083630112466E+000  1.1765541295769331E+000  1.1844322018956266E+000  1.1906012660185914E+000
  1.1953881973155871E+000  1.1985714848456583E+000  1.2001991518487414E+000  1.2001991518497752E+000  1.1985714848487454E+000
  1.1953881973204734E+000  1.1906012660251102E+000  1.1844322019029383E+000  1.1765541295852002E+000  1.1672083630207490E+000
  1.1565469982788037E+000  1.1446144924670616E+000  1.1314709505750788E+000  1.1172135303314896E+000  1.1019439523514949E+000
  1.0857728200641645E+000  1.0688651917720537E+000  1.0513969669962127E+000  1.0335092492987557E+000  1.0152659349667397E+000
  9.9657702925102820E-001  9.7828865033016010E-001  9.5992770479553002E-001  9.4187969930258242E-001  9.2426409457095049E-001
  9.0728574157512343E-001  8.9096206156820668E-001  8.7533015717969165E-001  8.6059196668427684E-001  8.4678327671778231E-001
  8.3398672719777034E-001  8.2233522078647847E-001  8.1203459199603922E-001  8.0312953077776927E-001  7.9567048507655724E-001
  7.8971190340597475E-001  7.8512705611677436E-001  7.8205746257592945E-001  7.8050065005587210E-001  7.8050065005563474E-001
  7.8205746257389341E-001  7.8512705611298017E-001  7.8971190340130470E-001  7.9567048507101201E-001  8.0312953077082549E-001
  8.1203459198764094E-001  8.2233522077686882E-001  8.3398672718613986E-001  8.4678327670588760E-001  8.6059196667105375E-001
  8.7533015716976337E-001  8.9096206155394742E-001  9.0728574156076069E-001  9.2426409455622061E-001  9.4187969928746174E-001
  9.5992770478012734E-001  9.7828865031483991E-001
BLOCK 76   9.2248478027999052E+000
  9.9587282094682450E-001  1.0153440952190695E+000  1.0343870127402679E+000  1.0530583773453592E+000  1.0712986501335406E+000
  1.0889272774462317E+000  1.1057842212584241E+000  1.1217345858413497E+000  1.1366276270730222E+000  1.1503908723215792E+000
  1.1629104112916275E+000  1.1740216049936092E+000  1.1835431110004573E+000  1.1914600318890165E+000  1.1979953018412803E+000
  1.2029617317698009E+000  1.2063031538717612E+000  1.2079980518861371E+000  1.2079980518871354E+000  1.2063031538750357E+000
  1.2029617317749228E+000  1.1979953018481677E+000  1.1914600318974438E+000  1.1835431110097041E+000  1.1740216050038277E+000
  1.1629104113027444E+000  1.1503908723339138E+000  1.1366276270859419E+000  1.1217345858550631E+000  1.1057842212728559E+000
  1.0889272774612073E+000  1.0712986501487494E+000  1.0530583773607056E+000  1.0343870127558352E+000  1.0153440952347168E+000
  9.9587282096069596E-001  9.7675491815699522E-001  9.5758679358769350E-001  9.3876202529434605E-001  9.2049549631273686E-001
  9.0288794629940927E-001  8.8587423846227209E-001  8.6926680995832051E-001  8.5395678450812229E-001  8.3950776553442996E-001
  8.2621581057394755E-001  8.1418666518073968E-001  8.0357831779811029E-001  7.9447325060271756E-001  7.8682462346308157E-001
  7.8063291603354823E-001  7.7592542067163950E-001  7.7281862701990534E-001  7.7121864170388510E-001  7.7121864170303289E-001
  7.7281862701772497E-001  7.7592542066862713E-001  7.8063291602912055E-001  7.8682462345685755E-001  7.9447325059505935E-001
  8.0357831778921862E-001  8.1418666517030136E-001  8.2621581056113969E-001  8.3950776552096074E-001  8.5395678449321044E-001
  8.6926680994786110E-001  8.8587423844702495E-001  9.0288794628346847E-001  9.2049549629641214E-001  9.3876202527794683E-001
  9.5758679357104393E-001  9.7675491814074389E-001
BLOCK 77   9.3478457735038827E+000
  9.9511309450581498E-001  1.0154106109737968E+000  1.0352979942306657E+000  1.0547693418708679E+000  1.0737849055037092E+000
  1.0921839691398232E+000  1.1098149828734727E+000  1.1264854611423596E+000  1.1421327781218635E+000  1.1564738272419242E+000
  1.1693815849107292E+000  1.1808021514458942E+000  1.1906188814058458E+000  1.1989916049780651E+000  1.2057613990724034E+000
  1.2108293076573673E+000  1.2142669470818777E+000  1.2159929754904044E+000  1.2159929754913084E+000  1.2142669470850143E+000
  1.2108293076622707E+000  1.2057613990796325E+000  1.1989916049872327E+000  1.1906188814163288E+000  1.1808021514570333E+000
  1.1693815849225742E+000  1.1564738272548107E+000  1.1421327781352555E+000  1.1264854611487332E+000  1.1098149828880024E+000
  1.0921839691551702E+000  1.0737849055194526E+000  1.0547693418869393E+000  1.0352979942471172E+000  1.0154106109903405E+000
  9.9511309452109153E-001  9.7514887869742406E-001  9.5520326627719065E-001  9.3560198663981897E-001  9.1661498650208972E-001
  8.9808253795839676E-001  8.8022051651790245E-001  8.6309834473835956E-001  8.4689649146928980E-001  8.3182128463750649E-001
  8.1803019363596996E-001  8.0564285001815972E-001  7.9482250626814777E-001  7.8544168874912623E-001  7.7752718305279689E-001
  7.7116142293070378E-001  7.6637120692153959E-001  7.6317905507520833E-001  7.6154587746877089E-001  7.6154587746820235E-001
  7.6317905507360151E-001  7.6637120691841532E-001  7.7116142292574541E-001  7.7752718304647250E-001  7.8544168874119280E-001
  7.9482250625788209E-001  8.0564285000632185E-001  8.1803019362282070E-001  8.3182128462369176E-001  8.4689649145252666E-001
  8.6309834472149072E-001  8.8022051650182098E-001  8.9808253794061832E-001  9.1661498648446860E-001  9.3560198662232341E-001
  9.5520326626026375E-001  9.7514887867896627E-001
BLOCK 78   9.4708437442078601E+000
  9.9441426918591225E-001  1.0154978940060317E+000  1.0361817911889968E+000  1.0564963995104131E+000  1.0763973627065322E+000
  1.0957096965649418E+000  1.1141824095889528E+000  1.1315743159292249E+000  1.1477424721986673E+000  1.1625718467974273E+000
  1.1759381022356021E+000  1.1877662194467136E+000  1.1980618683252511E+000  1.2067434910993775E+000  1.2137548309788988E+000
  1.2190424327355434E+000  1.2225969255182727E+000  1.2243203297066125E+000  1.2243203297074929E+000  1.2225969255215074E+000
  1.2190424327407201E+000  1.2137548309860999E+000  1.2067434911086066E+000  1.1980618683362851E+000  1.1877662194590177E+000
  1.1759381022486952E+000  1.1625718468107042E+000  1.1477424722123477E+000  1.1315743159420113E+000  1.1141824096038437E+000
  1.0957096965806570E+000  1.0763973627228856E+000  1.0564963995274645E+000  1.0361817912069486E+000  1.0154978940246859E+000
  9.9441426920300069E-001  9.7355573788629002E-001  9.5268912092000935E-001  9.3212860160779587E-001  9.1220424861969285E-001
  8.9286693563447384E-001  8.7411860020849330E-001  8.5621237417526519E-001  8.3936784892625915E-001  8.2379829661961346E-001
  8.0951360613578516E-001  7.9680455173329445E-001  7.8560632085715665E-001  7.7595834099779948E-001  7.6787277732939285E-001
  7.6135156690014927E-001  7.5639070697098221E-001  7.5307013804414957E-001  7.5142070040160447E-001  7.5142070040083608E-001
  7.5307013804204981E-001  7.5639070696747157E-001  7.6135156689501216E-001  7.6787277732239512E-001  7.7595834098893801E-001
  7.8560632084696325E-001  7.9680455172168840E-001  8.0951360612175693E-001  8.2379829660336912E-001  8.3936784890895766E-001
  8.5621237415714557E-001  8.7411860019328225E-001  8.9286693561546993E-001  9.1220424860197780E-001  9.3212860158888411E-001
  9.5268912090082358E-001  9.7355573786727290E-001
BLOCK 79   9.5938417149118376E+000
  9.9357292964526400E-001  1.0156047847128957E+000  1.0372664429328429E+000  1.0585450975364352E+000  1.0793277004581781E+000
  1.0994102996097970E+000  1.1185862664637984E+000  1.1366486272106076E+000  1.1534429787985538E+000  1.1688409380453115E+000
  1.1827051581207897E+000  1.1949901282244371E+000  1.2057036439480084E+000  1.2147468679317901E+000  1.2220487429845905E+000
  1.2275489282324610E+000  1.2312684241827432E+000  1.2331176946430815E+000  1.2331176946440097E+000  1.2312684241860685E+000
  1.2275489282377972E+000  1.2220487429918561E+000  1.2147468679409730E+000  1.2057036439597177E+000  1.1949901282369755E+000
  1.1827051581343362E+000  1.1688409380593450E+000  1.1534429788131875E+000  1.1366486272254903E+000  1.1185862664791382E+000
  1.0994102996259549E+000  1.0793277004764210E+000  1.0585450975548147E+000  1.0372664429515384E+000  1.0156047847323997E+000
  9.9357292966409128E-001  9.7170222956084384E-001  9.4988447960729294E-001  9.2838431199519289E-001  9.0749532327664439E-001
  8.8720920613230636E-001  8.6721668073278591E-001  8.4890867051069285E-001  8.3141981999013970E-001  8.1528650078845366E-001
  8.0063233819315283E-001  7.8759834642427706E-001  7.7610939869831708E-001  7.6613708157923321E-001  7.5775130178099515E-001
  7.5054934929514161E-001  7.4593096602240416E-001  7.4251083900866932E-001  7.4079458276246213E-001  7.4079458276155186E-001
  7.4251083900594483E-001  7.4593096601786091E-001  7.5054934929208661E-001  7.5775130177393768E-001  7.6613708157045313E-001
  7.7610939868737672E-001  7.8759834641092130E-001  8.0063233817848356E-001  8.1528650077132570E-001  8.3141981997298087E-001
  8.4890867049117169E-001  8.6721668071825209E-001  8.8720920611240062E-001  9.0749532325592785E-001  9.2838431197402560E-001
  9.4988447958667910E-001  9.7170222954050856E-001
BLOCK 80   9.7168396856158150E+000
  9.9263105402723295E-001  1.0157502954198940E+000  1.0384992979169878E+000  1.0607523851597394E+000  1.0824105440813281E+000
  1.1032744402522281E+000  1.1231481778247265E+000  1.1418530983304465E+000  1.1592607928937690E+000  1.1752431600604882E+000
  1.1896502758587320E+000  1.2024727835266722E+000  1.2136245724396679E+000  1.2230515819277588E+000  1.2306910933920225E+000
  1.2364401514320915E+000  1.2403149320494558E+000  1.2422675276694537E+000  1.2422675276703736E+000  1.2403149320526616E+000
  1.2364401514375154E+000  1.2306910933996691E+000  1.2230515819369758E+000  1.2136245724508123E+000  1.2024727835391145E+000
  1.1896502758727514E+000  1.1752431600751778E+000  1.1592607929090581E+000  1.1418530983461141E+000  1.1231481778413839E+000
  1.1032744402699326E+000  1.0824105440996299E+000  1.0607523851789764E+000  1.0384992979372880E+000  1.0157502954402622E+000
  9.9263105404776675E-001  9.6961831667724996E-001  9.4674500115492921E-001  9.2425358107476918E-001  9.0235458006112113E-001
  8.8116282986156880E-001  8.6066425492375953E-001  8.4121855536100798E-001  8.2303390220991202E-001  8.0636484195293678E-001
  7.9146245813778049E-001  7.7802334490408709E-001  7.6616332205731430E-001  7.5589539940278694E-001  7.4718806478543509E-001
  7.4019449768378398E-001  7.3490789153864977E-001  7.3138895833457873E-001  7.2963450695596277E-001  7.2963450695497745E-001
  7.3138895833190187E-001  7.3490789153402225E-001  7.4019449767769774E-001  7.4718806478025501E-001  7.5589539939316475E-001
  7.6616332204596227E-001  7.7802334489079472E-001  7.9146245812347560E-001  8.0636484193621560E-001  8.2303390219120531E-001
  8.4121855534086809E-001  8.6066425490163689E-001  8.8116282984000194E-001  9.0235458003824021E-001  9.2425358105250088E-001
  9.4674500113258309E-001  9.6961831665477416E-001
BLOCK 81   9.8398376563197925E+000
  9.9163598795707120E-001  1.0158602461559068E+000  1.0396686657118184E+000  1.0629198183398787E+000  1.0855093712211632E+000
  1.1072487862168992E+000  1.1279035557796908E+000  1.1473222680938640E+000  1.1653413241751562E+000  1.1818296020770407E+000
  1.1967906921443223E+000  1.2101791551223890E+000  1.2218768125486088E+000  1.2317281374657090E+000  1.2396996468438057E+000
  1.2457134303773874E+000  1.2498583659948623E+000  1.2517401742111971E+000  1.2517401742124252E+000  1.2498583659967497E+000
  1.2457134303824020E+000  1.2396996468506927E+000  1.2317281374744529E+000  1.2218768125596420E+000  1.2101791551348915E+000
  1.1967906921583926E+000  1.1818296020925048E+000  1.1653413241916917E+000  1.1473222681110173E+000  1.1279035557914456E+000
  1.1072487862355396E+000  1.0855093712408082E+000  1.0629198183606341E+000  1.0396686657330270E+000  1.0158602461776998E+000
  9.9163598797951868E-001  9.6739612207299164E-001  9.4327708003303157E-001  9.1964418471934184E-001  8.9677476307375126E-001
  8.7451016287705730E-001  8.5320818897670725E-001  8.3309172511338481E-001  8.1447182183498057E-001  7.9730431093954068E-001
  7.8187032232552767E-001  7.6800988077275656E-001  7.5571984162621486E-001  7.4501601474043144E-001  7.3603420302666256E-001
  7.2883333668738737E-001  7.2338914899883011E-001  7.1974778790303029E-001  7.1790505287104900E-001  7.1790505287004469E-001
  7.1974778790032057E-001  7.2338914899360152E-001  7.2883333668012362E-001  7.3603420301782874E-001  7.4501601473017554E-001
  7.5571984161481853E-001  7.6800988075968712E-001  7.8187032231036047E-001  7.9730431092235188E-001  8.1447182181437794E-001
  8.3309172509192575E-001  8.5320818895468498E-001  8.7451016286278238E-001  8.9677476304977743E-001  9.1964418469560982E-001
  9.4327708000873056E-001  9.6739612204878289E-001
BLOCK 82   9.9628356270237699E+000
  9.9032882849092840E-001  1.0157078804736432E+000  1.0406781541670433E+000  1.0650469062405579E+000  1.0886608752713705E+000
  1.1113141490929899E+000  1.1327867918179553E+000  1.1529258710068846E+000  1.1716511377268719E+000  1.1888075022392315E+000
  1.2043848888126594E+000  1.2182714450023142E+000  1.2304381416160357E+000  1.2407181266706246E+000  1.2490305944451514E+000
  1.2552951180329130E+000  1.2594942592089831E+000  1.2615953450792550E+000  1.2615953450800212E+000  1.2594942592114684E+000
  1.2552951180374439E+000  1.2490305944519680E+000  1.2407181266791791E+000  1.2304381416266181E+000  1.2182714450144827E+000
  1.2043848888275719E+000  1.1888075022551867E+000  1.1716511377440806E+000  1.1529258710253374E+000  1.1327867918358463E+000
  1.1113141491134269E+000  1.0886608752928677E+000  1.0650469062627350E+000  1.0406781541900925E+000  1.0157078804974879E+000
  9.9032882851489523E-001  9.6493699577989955E-001  9.3971465376139185E-001  9.1489255329429964E-001  8.9086853649648035E-001
  8.6741442852802897E-001  8.4540994702365813E-001  8.2462249759385753E-001  8.0539636361785016E-001  7.8789184726056627E-001
  7.7187652037187404E-001  7.5740869211888329E-001  7.4455614305214679E-001  7.3353070595234737E-001  7.2432113326316516E-001
  7.1689200829672683E-001  7.1127935177996071E-001  7.0754948129684869E-001  7.0567271378567098E-001  7.0567271378410157E-001
  7.0754948129309125E-001  7.1127935177376223E-001  7.1689200828873589E-001  7.2432113325441894E-001  7.3353070594188352E-001
  7.4455614304097317E-001  7.5740869210473349E-001  7.7187652035574494E-001  7.8789184724347905E-001  8.0539636359874567E-001
  8.2462249757204897E-001  8.4540994699824856E-001  8.6741442849149530E-001  8.9086853647009090E-001  9.1489255326846530E-001
  9.3971465373555585E-001  9.6493699575480196E-001
BLOCK 83   1.0085833597727747E+001
  9.8885989934406326E-001  1.0154001556525605E+000  1.0414921618240374E+000  1.0669915814685245E+000  1.0916929247268616E+000
  1.1153633398718166E+000  1.1377939837664097E+000  1.1588090882746789E+000  1.1782463689371283E+000  1.1960912549246185E+000
  1.2123517146945442E+000  1.2268606876109118E+000  1.2394817116440020E+000  1.2500809079613320E+000  1.2586630337446068E+000
  1.2651828118983193E+000  1.2695818990134498E+000  1.2718099783094863E+000  1.2718099783105388E+000  1.2695818990162886E+000
  1.2651828119025879E+000  1.2586630337506193E+000  1.2500809079646538E+000  1.2394817116541748E+000  1.2268606876234378E+000
  1.2123517147094174E+000  1.1960912549412603E+000  1.1782463689556004E+000  1.1588090882942641E+000  1.1377939837869826E+000
  1.1153633398943710E+000  1.0916929247506051E+000  1.0669915814929014E+000  1.0414921618488271E+000  1.0154001556777923E+000
  9.8885989936997376E-001  9.6222975464184557E-001  9.3580670026016688E-001  9.0997069571190858E-001  8.8479183516710336E-001
  8.6031420147976234E-001  8.3727094885955577E-001  8.1570735239990633E-001  7.9582446987686029E-001  7.7773836058142543E-001
  7.6118519028849596E-001  7.4612684424562226E-001  7.3294324837947744E-001  7.2151310424734638E-001  7.1194213208817958E-001
  7.0430201321052799E-001  6.9860011515158282E-001  6.9477928719465720E-001  6.9284290543016647E-001  6.9284290542920512E-001
  6.9477928719141635E-001  6.9860011514613296E-001  7.0430201320256125E-001  7.1194213207643420E-001  7.2151310423359516E-001
  7.3294324836589930E-001  7.4612684423687348E-001  7.6118519027254683E-001  7.7773836056277823E-001  7.9582446985616939E-001
  8.1570735237685621E-001  8.3727094883474917E-001  8.6031420145750137E-001  8.8479183513867865E-001  9.0997069568505851E-001
  9.3580670023282631E-001  9.6222975461459437E-001
BLOCK 84   1.0208831568431725E+001
  9.8709253903722050E-001  1.0148626958371294E+000  1.0421666024175735E+000  1.0688098692044261E+000  1.0946326675214655E+000
  1.1193755441172848E+000  1.1428177490028510E+000  1.1648002285935091E+000  1.1851742865310613E+000  1.2038552764444304E+000
  1.2207606449063748E+000  1.2357917190622771E+000  1.2488605935857937E+000  1.2598710374158379E+000  1.2688008332621046E+000
  1.2755341559875357E+000  1.2800215221510005E+000  1.2822710864120317E+000  1.2822710864127387E+000  1.2800215221533329E+000
  1.2755341559916442E+000  1.2688008332684058E+000  1.2598710374238777E+000  1.2488605935959520E+000  1.2357917190745362E+000
  1.2207606449206370E+000  1.2038552764619310E+000  1.1851742865502521E+000  1.1648002286145531E+000  1.1428177490255587E+000
  1.1193755441414441E+000  1.0946326675467504E+000  1.0688098692308685E+000  1.0421666024447793E+000  1.0148626958645890E+000
  9.8709253906516403E-001  9.5921818479273990E-001  9.3158389009284581E-001  9.0462969377338931E-001  8.7817759020774999E-001
  8.5301660602686202E-001  8.2900123386278224E-001  8.0652507711239640E-001  7.8587885230513044E-001  7.6690272006732896E-001
  7.4960301183336830E-001  7.3421665432212246E-001  7.2063674172239789E-001  7.0890373493979852E-001  6.9908420543586069E-001
  6.9119595179075410E-001  6.8524269756520195E-001  6.8126001448623774E-001  6.7936811475699332E-001  6.7936811475632863E-001
  6.8126001448293716E-001  6.8524269755902711E-001  6.9119595178255844E-001  6.9908420542420213E-001  7.0890373492760628E-001
  7.2063674170474112E-001  7.3421665430329697E-001  7.4960301181802980E-001  7.6690272004816695E-001  7.8587885228425314E-001
  8.0652507709001708E-001  8.2900123383887947E-001  8.5301660599811635E-001  8.7817759017748487E-001  9.0462969374580549E-001
  9.3158389006425657E-001  9.5921818476398835E-001
BLOCK 85   1.0331829539135702E+001
  9.8503269253875037E-001  1.0140114930472697E+000  1.0425869190668189E+000  1.0704736994304505E+000  1.0974888002838332E+000
  1.1233958753563578E+000  1.1479591115649534E+000  1.1709726824296871E+000  1.1922477778403593E+000  1.2118395353448672E+000
  1.2295386028250372E+000  1.2452087351755847E+000  1.2587619772648084E+000  1.2701421807707793E+000  1.2793136652513890E+000
  1.2862286718940004E+000  1.2908734922273244E+000  1.2932068747340586E+000  1.2932068747349101E+000  1.2908734922301415E+000
  1.2862286718985332E+000  1.2793136652579140E+000  1.2701421807788413E+000  1.2587619772746030E+000  1.2452087351878542E+000
  1.2295386028399611E+000  1.2118395353626303E+000  1.1922477778606542E+000  1.1709726824520368E+000  1.1479591115890113E+000
  1.1233958753815882E+000  1.0974888003114553E+000  1.0704736994590749E+000  1.0425869190959636E+000  1.0140114930764823E+000
  9.8503269256840398E-001  9.5603227890784448E-001  9.2729154852270956E-001  8.9917433579636197E-001  8.7187030587026237E-001
  8.4517652162304879E-001  8.2019789071831417E-001  7.9684727595041116E-001  7.7541133671392293E-001  7.5562557374551331E-001
  7.3758217887790667E-001  7.2150494720630132E-001  7.0751156695179673E-001  6.9555892417046861E-001  6.8541045396048883E-001
  6.7717217876681191E-001  6.7127648827057429E-001  6.6723186632026310E-001  6.6517900215094961E-001  6.6517900214945791E-001
  6.6723186631647491E-001  6.7127648826464947E-001  6.7717217875928226E-001  6.8541045394861977E-001  6.9555892415586196E-001
  7.0751156693502482E-001  7.2150494718483482E-001  7.3758217885501143E-001  7.5562557372386652E-001  7.7541133669038431E-001
  7.9684727592557680E-001  8.2019789069337790E-001  8.4517652159556556E-001  8.7187030584660297E-001  8.9917433576701811E-001
  9.2729154849228135E-001  9.5603227887778086E-001
BLOCK 86   1.0454827509839680E+001
  9.8289718390165171E-001  1.0131069335606124E+000  1.0428452446508414E+000  1.0719589548865329E+000  1.1002854502908408E+000
  1.1274573385682662E+000  1.1531855757506602E+000  1.1772711773104152E+000  1.1995856525242987E+000  1.2200784514059944E+000
  1.2385649567816812E+000  1.2549072255049762E+000  1.2690367138776266E+000  1.2808582922747087E+000  1.2903369650156311E+000
  1.2974610630186147E+000  1.3022309103546774E+000  1.3046108780300871E+000  1.3046108780311600E+000  1.3022309103578968E+000
  1.2974610630233447E+000  1.2903369650221315E+000  1.2808582922835148E+000  1.2690367138886007E+000  1.2549072255164972E+000
  1.2385649567975201E+000  1.2200784514241718E+000  1.1995856525451105E+000  1.1772711773335991E+000  1.1531855757760658E+000
  1.1274573385933084E+000  1.1002854503206358E+000  1.0719589549170490E+000  1.0428452446826271E+000  1.0131069335928304E+000
  9.8289718393384962E-001  9.5263145954771744E-001  9.2266180630724004E-001  8.9333874792439194E-001  8.6469051139122299E-001
  8.3690505350050404E-001  8.1087176474345657E-001  7.8665896900138821E-001  7.6428684918297218E-001  7.4338483036672176E-001
  7.2493618082635503E-001  7.0827340745017409E-001  6.9348763741635144E-001  6.8075953761890462E-001  6.7070893696793821E-001
  6.6261286518468343E-001  6.5666066380978594E-001  6.5261461160770118E-001  6.5060575445833368E-001  6.5060575445723279E-001
  6.5261461160473400E-001  6.5666066380335475E-001  6.6261286517542428E-001  6.7070893695640976E-001  6.8075953760308638E-001
  6.9348763739802655E-001  7.0827340743048650E-001  7.2493618080142508E-001  7.4338483034597325E-001  7.6428684915592848E-001
  7.8665896897447685E-001  8.1087176471548361E-001  8.3690505347029354E-001  8.6469051135841646E-001  8.9333874789620271E-001
  9.2266180627755079E-001  9.5263145951619965E-001
BLOCK 87   1.0577825480543657E+001
  9.8052905859039785E-001  1.0120956337333054E+000  1.0431557425531344E+000  1.0735748089241848E+000  1.1031096043437427E+000
  1.1314833874289274E+000  1.1584046745563310E+000  1.1836933934804164E+000  1.2071297713084068E+000  1.2285774391687097E+000
  1.2478805227032690E+000  1.2649053045305634E+000  1.2796150313391768E+000  1.2919504957750776E+000  1.3018547353385290E+000
  1.3092898961692045E+000  1.3142139507239212E+000  1.3165272055318546E+000  1.3165272055329054E+000  1.3142139507267467E+000
  1.3092898961745612E+000  1.3018547353463963E+000  1.2919504957854404E+000  1.2796150313512913E+000  1.2649053045447403E+000
  1.2478805227347214E+000  1.2285774391872901E+000  1.2071297713304201E+000  1.1836933935051701E+000  1.1584046745832512E+000
  1.1314833874539914E+000  1.1031096043760327E+000  1.0735748089573223E+000  1.0431557425863773E+000  1.0120956337657769E+000
  9.8052905862344497E-001  9.4893436115137209E-001  9.1759429556365002E-001  8.8689839326150122E-001  8.5702253048167043E-001
  8.2817065999432893E-001  8.0111037531093598E-001  7.7595547155715916E-001  7.5239145311439593E-001  7.3074211651175214E-001
  7.1092382721672887E-001  6.9337990097522395E-001  6.7837517664390112E-001  6.6597565170908801E-001  6.5558738689728457E-001
  6.4741885834389545E-001  6.4136243423383166E-001  6.3736041737119598E-001  6.3543302984511552E-001  6.3543302984329553E-001
  6.3736041736709326E-001  6.4136243422711170E-001  6.4741885833350710E-001  6.5558738688450313E-001  6.6597565169410300E-001
  6.7837517662460933E-001  6.9337990095284263E-001  7.1092382719197567E-001  7.3074211648455978E-001  7.5239145308932376E-001
  7.7595547152612698E-001  8.0111037528189244E-001  8.2817065996373984E-001  8.5702253045353671E-001  8.8689839322660258E-001
  9.1759429553155902E-001  9.4893436111986040E-001
BLOCK 88   1.0700823451247635E+001
  9.7781064926188410E-001  1.0109340940184597E+000  1.0434090620653136E+000  1.0751791337341638E+000  1.1060582562051118E+000
  1.1357403862928055E+000  1.1638947916345439E+000  1.1902359291967726E+000  1.2147607205991056E+000  1.2372109280651236E+000
  1.2574160792654350E+000  1.2752755368638526E+000  1.2906929990651610E+000  1.3036327479245078E+000  1.3138717947439305E+000
  1.3214043295222913E+000  1.3265669347322462E+000  1.3291496228862787E+000  1.3291496228879209E+000  1.3265669347366700E+000
  1.3214043295293536E+000  1.3138717947527232E+000  1.3036327479351502E+000  1.2906929990778171E+000  1.2752755368793289E+000
  1.2574160792818074E+000  1.2372109280853290E+000  1.2147607206222240E+000  1.1902359292227118E+000  1.1638947916637643E+000
  1.1357403863225730E+000  1.1060582562382768E+000  1.0751791337675054E+000  1.0434090620982770E+000  1.0109340940506297E+000
  9.7781064929813111E-001  9.4471575291124621E-001  9.1207818544604613E-001  8.7980922678496343E-001  8.4892130629736418E-001
  8.1914107069303055E-001  7.9084241281960355E-001  7.6415745074820340E-001  7.3880952328420568E-001  7.1625984526748565E-001
  6.9591804776530719E-001  6.7809402288705600E-001  6.6308122372892919E-001  6.5033683305413825E-001  6.3990055123574918E-001
  6.3175124795998128E-001  6.2531696913575019E-001  6.2141006944198252E-001  6.1932599415355882E-001  6.1932599415121825E-001
  6.2141006943664512E-001  6.2531696913180768E-001  6.3175124794973769E-001  6.3990055122196676E-001  6.5033683303765366E-001
  6.6308122371004374E-001  6.7809402286400755E-001  6.9591804773794319E-001  7.1625984523871600E-001  7.3880952325909444E-001
  7.6415745071651286E-001  7.9084241278697176E-001  8.1914107065810715E-001  8.4892130626265427E-001  8.7980922674495832E-001
  9.1207818541372021E-001  9.4471575287514098E-001
BLOCK 89   1.0823821421951612E+001
  9.7491794656893571E-001  1.0094404203705134E+000  1.0433955011127640E+000  1.0767857802246954E+000  1.1092091147846326E+000
  1.1402312334677496E+000  1.1695623991286495E+000  1.1970494970765684E+000  1.2226276099918429E+000  1.2461088920080727E+000
  1.2673074206940675E+000  1.2860849906047263E+000  1.3021619656947467E+000  1.3153459666483873E+000  1.3261182983009827E+000
  1.3341922028699493E+000  1.3396579888787197E+000  1.3423763371476560E+000  1.3423763371491368E+000  1.3396579888829601E+000
  1.3341922028773601E+000  1.3261182983109321E+000  1.3153459666612017E+000  1.3021619657095038E+000  1.2860849906214629E+000
  1.2673074207133423E+000  1.2461088920296621E+000  1.2226276100182409E+000  1.1970494971044832E+000  1.1695623991578419E+000
  1.1402312334980687E+000  1.1092091148170420E+000  1.0767857802595100E+000  1.0433955011492606E+000  1.0094404204041938E+000
  9.7491794660557729E-001  9.4053366263261218E-001  9.0650695793974700E-001  8.7294335746418328E-001  8.4007499148392084E-001
  8.0852765521608816E-001  7.7876016394795633E-001  7.5069398184566483E-001  7.2472867781435413E-001  7.0117283557149701E-001
  6.8014405854623672E-001  6.6238948596985125E-001  6.4712457138785706E-001  6.3431862330659716E-001  6.2366476820798433E-001
  6.1513735103917100E-001  6.0876821607261411E-001  6.0463901901804007E-001  6.0258378139491120E-001  6.0258378139386348E-001
  6.0463901901353367E-001  6.0876821606405929E-001  6.1513735102727185E-001  6.2366476820296080E-001  6.3431862328960065E-001
  6.4712457136668800E-001  6.6238948594637370E-001  6.8014405852298765E-001  7.0117283554377918E-001  7.2472867777930761E-001
  7.5069398181497926E-001  7.7876016391229408E-001  8.0852765517796321E-001  8.4007499144516762E-001  8.7294335742935014E-001
  9.0650695790228397E-001  9.4053366259417981E-001
BLOCK 90   1.0946819392655589E+001
  9.7202887375669045E-001  1.0082180581254330E+000  1.0436667080315845E+000  1.0784321734496591E+000  1.1122156656026039E+000
  1.1446605023925267E+000  1.1753976650923770E+000  1.2042115389199948E+000  1.2310271350758635E+000  1.2555581093097095E+000
  1.2775684990489999E+000  1.2969002178743292E+000  1.3136137018926115E+000  1.3276529696026711E+000  1.3389814351748244E+000
  1.3475267960999104E+000  1.3532974006742731E+000  1.3561574373533380E+000  1.3561574373546483E+000  1.3532974006784153E+000
  1.3475267961078541E+000  1.3389814351853475E+000  1.3276529696168611E+000  1.3136137019099572E+000  1.2969002178945510E+000
  1.2775684990720095E+000  1.2555581093285613E+000  1.2310271351018904E+000  1.2042115389485561E+000  1.1753976651222822E+000
  1.1446605024244747E+000  1.1122156656373836E+000  1.0784321734845299E+000  1.0436667080686242E+000  1.0082180581681401E+000
  9.7202887379736624E-001  9.3588337592575588E-001  9.0000323942801597E-001  8.6441398080403054E-001  8.2973331757551161E-001
  7.9677221450868108E-001  7.6568387166569241E-001  7.3584521472339304E-001  7.0929615920819988E-001  6.8537797398046951E-001
  6.6449891495432301E-001  6.4631883254083888E-001  6.3051469610648714E-001  6.1711079504078703E-001  6.0623245426841754E-001
  5.9765579137314173E-001  5.9133010021174337E-001  5.8714612543033218E-001  5.8494173253351123E-001  5.8494173253212545E-001
  5.8714612542525746E-001  5.9133010020263399E-001  5.9765579135986457E-001  6.0623245425324546E-001  6.1711079502267641E-001
  6.3051469608878452E-001  6.4631883251987954E-001  6.6449891492752300E-001  6.8537797394959998E-001  7.0929615917409683E-001
  7.3584521469082997E-001  7.6568387162919660E-001  7.9677221446901536E-001  8.2973331753429680E-001  8.6441398076034015E-001
  9.0000323938684701E-001  9.3588337588442494E-001
BLOCK 91   1.1069817363359567E+001
  9.6841940832756113E-001  1.0064675452991005E+000  1.0439694178478571E+000  1.0803288994082039E+000  1.1155306269841843E+000
  1.1493930717434020E+000  1.1815737099481323E+000  1.2117427799543965E+000  1.2396697071470812E+000  1.2651488341598773E+000
  1.2880541451755785E+000  1.3082080347554095E+000  1.3256462948443357E+000  1.3403819930731304E+000  1.3523564113235447E+000
  1.3614137122857664E+000  1.3674762592627097E+000  1.3704740995408891E+000  1.3704740995426428E+000  1.3674762592673946E+000
  1.3614137122942886E+000  1.3523564113358857E+000  1.3403819930897194E+000  1.3256462948641057E+000  1.3082080347767340E+000
  1.2880541451993974E+000  1.2651488341847039E+000  1.2396697071736642E+000  1.2117427799835530E+000  1.1815737099783674E+000
  1.1493930717754113E+000  1.1155306270195844E+000  1.0803288994459368E+000  1.0439694178878762E+000  1.0064675453388818E+000
  9.6841940837050211E-001  9.3013824100404863E-001  8.9213492657309423E-001  8.5480339570278407E-001  8.1831929917392587E-001
  7.8361747940173343E-001  7.5102953594094268E-001  7.2092120310563679E-001  6.9368412820279557E-001  6.6913762979427571E-001
  6.4778858262029082E-001  6.2910265457642089E-001  6.1281629681013650E-001  5.9912281962136471E-001  5.8804108136474698E-001
  5.7931965998156465E-001  5.7289123994303903E-001  5.6868980001091141E-001  5.6663036803657252E-001  5.6663036803445743E-001
  5.6868980000407610E-001  5.7289123993345625E-001  5.7931965996833779E-001  5.8804108134994582E-001  5.9912281960015257E-001
  6.1281629678748262E-001  6.2910265455353365E-001  6.4778858259470373E-001  6.6913762976722868E-001  6.9368412817303571E-001
  7.2092120306438334E-001  7.5102953590393151E-001  7.8361747935835036E-001  8.1831929912928392E-001  8.5480339565968977E-001
  8.9213492652487725E-001  9.3013824095904596E-001
BLOCK 92   1.1192815334063544E+001
  9.6381877504859537E-001  1.0039774541540161E+000  1.0435705477104404E+000  1.0820604328937684E+000  1.1193418455347610E+000
  1.1548537397251781E+000  1.1882397001790770E+000  1.2195050620134795E+000  1.2485110797854586E+000  1.2750304459650592E+000
  1.2989350831792168E+000  1.3199682991393464E+000  1.3383526745352736E+000  1.3538320351581006E+000  1.3663295014670800E+000
  1.3757354090872727E+000  1.3820774428122387E+000  1.3853025964347001E+000  1.3853025964374439E+000  1.3820774428190283E+000
  1.3757354090891782E+000  1.3663295014806582E+000  1.3538320351751454E+000  1.3383526745555185E+000  1.3199682991623480E+000
  1.2989350832042783E+000  1.2750304459916770E+000  1.2485110798104362E+000  1.2195050620442691E+000  1.1882397002116987E+000
  1.1548537397598675E+000  1.1193418455692123E+000  1.0820604329334795E+000  1.0435705477524753E+000  1.0039774541967617E+000
  9.6381877509611591E-001  9.2344070735741546E-001  8.8312358269180513E-001  8.4386646542964516E-001  8.0607338639894588E-001
  7.7037207188813372E-001  7.3554719636582677E-001  7.0470645333265325E-001  6.7658361624168251E-001  6.5208103557110408E-001
  6.2998410662074089E-001  6.1048230681393012E-001  5.9393247648558556E-001  5.8026395072079406E-001  5.6903696252357139E-001
  5.6011989020505704E-001  5.5353145254302583E-001  5.4936937564643373E-001  5.4733357765365764E-001  5.4733357765198209E-001
  5.4936937564123989E-001  5.5353145253482039E-001  5.6011989019219532E-001  5.6903696250577951E-001  5.8026395069968506E-001
  5.9393247646112113E-001  6.1048230678532167E-001  6.2998410659493553E-001  6.5208103553812780E-001  6.7658361620720719E-001
  7.0470645329785153E-001  7.3554719632561305E-001  7.7037207184486900E-001  8.0607338635126780E-001  8.4386646538126109E-001
  8.8312358264615343E-001  9.2344070731028349E-001
BLOCK 93   1.1315813304767522E+001
  9.5818551358308002E-001  1.0007952369398405E+000  1.0428321222409314E+000  1.0836119044518100E+000  1.1228473528606056E+000
  1.1600813277126452E+000  1.1950719743857681E+000  1.2277745255110071E+000  1.2580164019785636E+000  1.2855572227378524E+000
  1.3103846811500315E+000  1.3324114069399329E+000  1.3516170751909480E+000  1.3677974066528071E+000  1.3808683820195327E+000
  1.3907015516560979E+000  1.3972338126448167E+000  1.4004795738185971E+000  1.4004795738207876E+000  1.3972338126510935E+000
  1.3907015516673811E+000  1.3808683820342742E+000  1.3677974066703611E+000  1.3516170752114498E+000  1.3324114069641737E+000
  1.3103846811759461E+000  1.2855572227663170E+000  1.2580164020058113E+000  1.2277745255435513E+000  1.1950719744207903E+000
  1.1600813277492290E+000  1.1228473528978768E+000  1.0836119044951562E+000  1.0428321222858585E+000  1.0007952369849897E+000
  9.5818551363336069E-001  9.1566939732442787E-001  8.7351699818652107E-001  8.3231201085835715E-001  7.9264432276465469E-001
  7.5501568965977472E-001  7.2020059450047591E-001  6.8807404013626006E-001  6.5889825421403159E-001  6.3323143350456323E-001
  6.1049567034062957E-001  5.9094428154701539E-001  5.7418518751678993E-001  5.5980454140915992E-001  5.4816826900781612E-001
  5.3992283765464377E-001  5.3367172839307186E-001  5.2952294603929961E-001  5.2742157685024627E-001  5.2742157684931945E-001
  5.2952294603560790E-001  5.3367172838438615E-001  5.3992283764216253E-001  5.4816826899126669E-001  5.5980454139037994E-001
  5.7418518748916725E-001  5.9094428151498657E-001  6.1049567030500440E-001  6.3323143346856603E-001  6.5889825417644243E-001
  6.8807404009935069E-001  7.2020059445404860E-001  7.5501568961962062E-001  7.9264432271733365E-001  8.3231201080641659E-001
  8.7351699814317074E-001  9.1566939727466345E-001
BLOCK 94   1.1438811275471499E+001
  9.5215467278443011E-001  9.9714929246686679E-001  1.0414328762869491E+000  1.0844359257252567E+000  1.1258272567235832E+000
  1.1651178666302620E+000  1.2019426148073866E+000  1.2363215639471834E+000  1.2680566761831380E+000  1.2969064492441689E+000
  1.3226642870800371E+000  1.3456641109637739E+000  1.3656314416650315E+000  1.3823552187377057E+000  1.3958357932575851E+000
  1.4060342164940651E+000  1.4129061426869705E+000  1.4163781785710126E+000  1.4163781785735150E+000  1.4129061426931933E+000
  1.4060342165038922E+000  1.3958357932717536E+000  1.3823552187539270E+000  1.3656314416877879E+000  1.3456641109885206E+000
  1.3226642871081276E+000  1.2969064492744078E+000  1.2680566762158383E+000  1.2363215639913492E+000  1.2019426148470338E+000
  1.1651178666708530E+000  1.1258272567642011E+000  1.0844359257713743E+000  1.0414328763351761E+000  9.9714929251686735E-001
  9.5215467283727062E-001  9.0723259515882015E-001  8.6278075590860648E-001  8.1956972151568397E-001  7.7846126295771967E-001
  7.3923767738212298E-001  7.0257450545526079E-001  6.6961733502160559E-001  6.4033487339546569E-001  6.1303972005572793E-001
  5.8927673589174756E-001  5.6874445523652573E-001  5.5156603754466715E-001  5.3836497207886203E-001  5.2751428262398048E-001
  5.1918241653281838E-001  5.1301326825957028E-001  5.0912579685283088E-001  5.0720849383418809E-001  5.0720849383158995E-001
  5.0912579684680093E-001  5.1301326825134341E-001  5.1918241652253205E-001  5.2751428260764177E-001  5.3836497205690315E-001
  5.5156603751752653E-001  5.6874445520635353E-001  5.8927673585701579E-001  6.1303972002005480E-001  6.4033487334955419E-001
  6.6961733497610065E-001  7.0257450540096245E-001  7.3923767733397217E-001  7.7846126291093554E-001  8.1956972146066620E-001
  8.6278075585973724E-001  9.0723259510663823E-001
BLOCK 95   1.1561809246175477E+001
  9.4537660811022550E-001  9.9282374153921082E-001  1.0394749555077367E+000  1.0847714370702284E+000  1.1283308599116668E+000
  1.1698149997313587E+000  1.2088116365407797E+000  1.2451331280265698E+000  1.2784854782195321E+000  1.3087508319946846E+000
  1.3358181934975117E+000  1.3597142133203814E+000  1.3803019598141144E+000  1.3975851376662782E+000  1.4115751609015428E+000
  1.4221344317098819E+000  1.4291954250766068E+000  1.4327309622232660E+000  1.4327309622249655E+000  1.4291954250820122E+000
  1.4221344317188607E+000  1.4115751609158809E+000  1.3975851376841035E+000  1.3803019598289787E+000  1.3597142133454987E+000
  1.3358181935270126E+000  1.3087508320287238E+000  1.2784854782539745E+000  1.2451331280631330E+000  1.2088116365814139E+000
  1.1698149997763960E+000  1.1283308599577557E+000  1.0847714371208621E+000  1.0394749555597933E+000  9.9282374158808295E-001
  9.4537660816236657E-001  8.9809406379183487E-001  8.5126187369856954E-001  8.0562585465783909E-001  7.6242317025002182E-001
  7.2184781340764859E-001  6.8373055698293317E-001  6.4922469083407042E-001  6.1747102496705231E-001  5.8974964078555270E-001
  5.6576917381252512E-001  5.4553665382277328E-001  5.2936550999853837E-001  5.1627787408690640E-001  5.0596641160404909E-001
  4.9803962050356038E-001  4.9214452248531138E-001  4.8825148490188441E-001  4.8619203873788236E-001  4.8619203873688849E-001
  4.8825148489797421E-001  4.9214452247611429E-001  4.9803962049539718E-001  5.0596641158628564E-001  5.1627787406712111E-001
  5.2936550997743259E-001  5.4553665379261118E-001  5.6576917377452252E-001  5.8974964074110914E-001  6.1747102490444061E-001
  6.4922469078458600E-001  6.8373055693592533E-001  7.2184781335238346E-001  7.6242317019592754E-001  8.0562585460157587E-001
  8.5126187364840189E-001  8.9809406373551415E-001
BLOCK 96   1.1684807216879454E+001
  9.3775939471771652E-001  9.8775720099848596E-001  1.0369064826435936E+000  1.0846421375132698E+000  1.1306876153422598E+000
  1.1745355871801915E+000  1.2156416606165659E+000  1.2539587488878554E+000  1.2891462416142014E+000  1.3208672069774168E+000
  1.3493924279246781E+000  1.3744457039286844E+000  1.3959262378339894E+000  1.4138753611727812E+000  1.4282730286469605E+000
  1.4390924307200768E+000  1.4460320727378477E+000  1.4495816400418051E+000  1.4495816400437007E+000  1.4460320727448248E+000
  1.4390924307302411E+000  1.4282730286601357E+000  1.4138753611901864E+000  1.3959262378558697E+000  1.3744457039513533E+000
  1.3493924279551972E+000  1.3208672070124325E+000  1.2891462416525326E+000  1.2539587489298225E+000  1.2156416606630973E+000
  1.1745355872289154E+000  1.1306876153899925E+000  1.0846421375647957E+000  1.0369064826970986E+000  9.8775720105260889E-001
  9.3775939477332870E-001  8.8776404897798000E-001  8.3865329369106545E-001  7.9103649805151699E-001  7.4499617809809560E-001
  7.0154818515429951E-001  6.6141540409437605E-001  6.2497477221726117E-001  5.9264553062658110E-001  5.6421287988568036E-001
  5.4095650603499390E-001  5.2240211517384461E-001  5.0688233488119649E-001  4.9373389374146964E-001  4.8359497181788635E-001
  4.7586240641867705E-001  4.7028384232794779E-001  4.6672666197399448E-001  4.6495048742240264E-001  4.6495048741938860E-001
  4.6672666196606921E-001  4.7028384231650083E-001  4.7586240640523564E-001  4.8359497180397426E-001  4.9373389372406246E-001
  5.0688233485650080E-001  5.2240211514295709E-001  5.4095650599816525E-001  5.6421287984229673E-001  5.9264553057791947E-001
  6.2497477216811104E-001  6.6141540403601140E-001  7.0154818509523575E-001  7.4499617804012053E-001  7.9103649799352527E-001
  8.3865329363109409E-001  8.8776404891932681E-001
BLOCK 97   1.1807805187583432E+001
  9.2964380953684500E-001  9.8201289709239703E-001  1.0337382878485917E+000  1.0843691526885975E+000  1.1329349294034536E+000
  1.1792462874546434E+000  1.2226319763542859E+000  1.2629645183596108E+000  1.2999490514963170E+000  1.3334088624217606E+000
  1.3633952952026029E+000  1.3897315672684833E+000  1.4123651049051893E+000  1.4310876923183529E+000  1.4455799136579477E+000
  1.4565793725933158E+000  1.4638280184959378E+000  1.4674589545281769E+000  1.4674589545299783E+000  1.4638280185018839E+000
  1.4565793726042382E+000  1.4455799136730063E+000  1.4310876923374523E+000  1.4123651049277113E+000  1.3897315672955712E+000
  1.3633952952339101E+000  1.3334088624602303E+000  1.2999490515389920E+000  1.2629645184031677E+000  1.2226319764031028E+000
  1.1792462875059035E+000  1.1329349294542737E+000  1.0843691527426047E+000  1.0337382878919570E+000  9.8201289715076601E-001
  9.2964380959851789E-001  8.7667816422239642E-001  8.2419610827568413E-001  7.7298945399726438E-001  7.2363814647665459E-001
  6.7765467146888414E-001  6.3577923295641947E-001  5.9806003195223145E-001  5.6538141781713980E-001  5.3869609792263129E-001
  5.1661301240687219E-001  4.9751521086535611E-001  4.8228037302476356E-001  4.7010546374430234E-001  4.6064453131371469E-001
  4.5321677555311496E-001  4.4796319285603109E-001  4.4466446960048156E-001  4.4307235485073682E-001  4.4307235484961194E-001
  4.4466446959729911E-001  4.4796319284887887E-001  4.5321677554012818E-001  4.6064453129388694E-001  4.7010546372092377E-001
  4.8228037299091586E-001  4.9751521084527650E-001  5.1661301237485091E-001  5.3869609788476258E-001  5.6538141776762607E-001
  5.9806003189790435E-001  6.3577923288997840E-001  6.7765467140512770E-001  7.2363814641213620E-001  7.7298945392801288E-001
  8.2419610821242750E-001  8.7667816415879873E-001
BLOCK 98   1.1930803158287409E+001
  9.1943266055786277E-001  9.7588969216827559E-001  1.0311616328263473E+000  1.0843133362338533E+000  1.1353638353628293E+000
  1.1840515309237412E+000  1.2297220498046935E+000  1.2722025488379851E+000  1.3111894599258871E+000  1.3465286184934566E+000
  1.3781329589436919E+000  1.4056793515544148E+000  1.4289761282477014E+000  1.4481728520636996E+000  1.4635910903461822E+000
  1.4751792336936584E+000  1.4828563722519046E+000  1.4867137715555823E+000  1.4867137715580587E+000  1.4828563722585557E+000
  1.4751792337046290E+000  1.4635910903616309E+000  1.4481728520842798E+000  1.4289761282746702E+000  1.4056793515840531E+000
  1.3781329589760296E+000  1.3465286185327328E+000  1.3111894599690914E+000  1.2722025488846234E+000  1.2297220498553747E+000
  1.1840515309755564E+000  1.1353638354141822E+000  1.0843133362930244E+000  1.0311616328869910E+000  9.7588969223157662E-001
  9.1943266062474338E-001  8.6236373463578497E-001  8.0580362977616526E-001  7.5089463451164173E-001  6.9897072503989055E-001
  6.5136641982857491E-001  6.0680949951070584E-001  5.6975940942791437E-001  5.3820934114881214E-001  5.1182554839939998E-001
  4.8916740005460041E-001  4.7131947763568299E-001  4.5691077393928775E-001  4.4546988328357978E-001  4.3665662872947120E-001
  4.2997355933987391E-001  4.2537034168262000E-001  4.2222572576782647E-001  4.2060355256450405E-001  4.2060355256416226E-001
  4.2222572576554335E-001  4.2537034167612769E-001  4.2997355932842041E-001  4.3665662871024175E-001  4.4546988326031411E-001
  4.5691077390807266E-001  4.7131947759757525E-001  4.8916740001468789E-001  5.1182554835562999E-001  5.3820934110222973E-001
  5.6975940937582692E-001  6.0680949945068330E-001  6.5136641976347931E-001  6.9897072497227175E-001  7.5089463443761928E-001
  8.0580362970268715E-001  8.6236373456624116E-001
BLOCK 99   1.2053801128991386E+001
  9.0607741367521710E-001  9.6699093262423608E-001  1.0265929339972002E+000  1.0838036373505890E+000  1.1382903293157325E+000
  1.1895307956376071E+000  1.2375689024525667E+000  1.2818978704637753E+000  1.3230933455586948E+000  1.3601351381483890E+000
  1.3929920653113397E+000  1.4215933274044477E+000  1.4458921857157638E+000  1.4662697201577779E+000  1.4826116806512231E+000
  1.4948625500289106E+000  1.5030295795995297E+000  1.5071597567950454E+000  1.5071597567974542E+000  1.5030295796059716E+000
  1.4948625500411632E+000  1.4826116806698237E+000  1.4662697201797936E+000  1.4458921857439191E+000  1.4215933274372288E+000
  1.3929920653479639E+000  1.3601351381883382E+000  1.3230933456027600E+000  1.2818978705004271E+000  1.2375689025042038E+000
  1.1895307956931733E+000  1.1382903293752591E+000  1.0838036374141213E+000  1.0265929340623037E+000  9.6699093269800285E-001
  9.0607741375167972E-001  8.4452559803341054E-001  7.8413539514100350E-001  7.2518994546999171E-001  6.7111091338345619E-001
  6.2167408676043445E-001  5.7771536746273400E-001  5.3992794128770227E-001  5.0833473246203087E-001  4.8164697157005304E-001
  4.6038669234616059E-001  4.4331182126941476E-001  4.2918853878817376E-001  4.1894790812787241E-001  4.1180417211956627E-001
  4.0641275786452308E-001  4.0258088176055074E-001  4.0017549820832604E-001  3.9904862304334976E-001  3.9904862304136063E-001
  4.0017549820273168E-001  4.0258088175279455E-001  4.0641275785497200E-001  4.1180417210581299E-001  4.1894790810737742E-001
  4.2918853876179047E-001  4.4331182123162549E-001  4.6038669229964652E-001  4.8164697151475222E-001  5.0833473240399840E-001
  5.3992794122965559E-001  5.7771536740180418E-001  6.2167408669399993E-001  6.7111091331266637E-001  7.2518994539283488E-001
  7.8413539506339758E-001  8.4452559795787052E-001
BLOCK 100   1.2176799099695364E+001
  8.8943787148364151E-001  9.5530004450975803E-001  1.0195625577107419E+000  1.0814527765657489E+000  1.1401108383499268E+000
  1.1952824792091861E+000  1.2464243087733440E+000  1.2933153916438482E+000  1.3357519308135724E+000  1.3740836532178045E+000
  1.4081460788665989E+000  1.4380324630315195E+000  1.4638080589457998E+000  1.4854067673551130E+000  1.5026780615309949E+000
  1.5156489907614759E+000  1.5243023108787326E+000  1.5286103816957575E+000  1.5286103816989545E+000  1.5243023108871319E+000
  1.5156489907752273E+000  1.5026780615468913E+000  1.4854067673760150E+000  1.4638080589779119E+000  1.4380324630664065E+000
  1.4081460789036737E+000  1.3740836532546814E+000  1.3357519308603423E+000  1.2933153916936420E+000  1.2464243088249103E+000
  1.1952824792679466E+000  1.1401108384157506E+000  1.0814527766371054E+000  1.0195625577881302E+000  9.5530004458868190E-001
  8.8943787156961840E-001  8.2362480545760031E-001  7.5915155738650775E-001  6.9757059977981506E-001  6.4024386469733874E-001
  5.8896916084211404E-001  5.4421805333849560E-001  5.0674198175067053E-001  4.7442737564343590E-001  4.4764122265638201E-001
  4.2674400721458761E-001  4.1179734156716474E-001  4.0123327000588327E-001  3.9326152044843660E-001  3.8749403193756221E-001
  3.8342408240088682E-001  3.8069491598230071E-001  3.7893800161449614E-001  3.7798579106356889E-001  3.7798579106237595E-001
  3.7893800161081359E-001  3.8069491597535787E-001  3.8342408239031656E-001  3.8749403192449006E-001  3.9326152042989293E-001
  4.0123326997836223E-001  4.1179734153179637E-001  4.2674400717195676E-001  4.4764122259016981E-001  4.7442737559304793E-001
  5.0674198168679896E-001  5.4421805326104367E-001  5.8896916076412786E-001  6.4024386460293548E-001  6.9757059970064372E-001
  7.5915155730705020E-001  8.2362480538218341E-001
BLOCK 101   1.2299797070399341E+001
  8.7052902004111155E-001  9.4127253305963676E-001  1.0103964509293886E+000  1.0773467196036968E+000  1.1406804789219143E+000
  1.2000369283717844E+000  1.2545666593644662E+000  1.3042547819529600E+000  1.3490698166202848E+000  1.3893199629382407E+000
  1.4248959604395439E+000  1.4559626286593705E+000  1.4828631797109462E+000  1.5054547111259411E+000  1.5236715866446138E+000
  1.5373920222474671E+000  1.5465865242796626E+000  1.5511685256810361E+000  1.5511685256842385E+000  1.5465865242884229E+000
  1.5373920222624782E+000  1.5236715866668853E+000  1.5054547111431451E+000  1.4828631797409266E+000  1.4559626286926461E+000
  1.4248959604782321E+000  1.3893199629796698E+000  1.3490698166678898E+000  1.3042547820050632E+000  1.2545666594236009E+000
  1.2000369284377030E+000  1.1406804789942278E+000  1.0773467196792015E+000  1.0103964510088936E+000  9.4127253313592196E-001
  8.7052902012608890E-001  7.9992575526787579E-001  7.3070120577010989E-001  6.6488488000832402E-001  6.0497733901361861E-001
  5.5120171895305847E-001  5.0413480142943690E-001  4.6463718765325196E-001  4.3328136526269678E-001  4.1075939356529301E-001
  3.9439742996619342E-001  3.8229038769801510E-001  3.7392764408717727E-001  3.6807201240913395E-001  3.6409370830032184E-001
  3.6135075597611538E-001  3.5947395487435463E-001  3.5834204590337349E-001  3.5781268811212769E-001  3.5781268811121564E-001
  3.5834204590022772E-001  3.5947395486919131E-001  3.6135075596691318E-001  3.6409370828421617E-001  3.6807201239067433E-001
  3.7392764407144319E-001  3.8229038766416945E-001  3.9439742992986404E-001  4.1075939352420776E-001  4.3328136516543908E-001
  4.6463718760565742E-001  5.0413480134117461E-001  5.5120171890404013E-001  6.0497733887971483E-001  6.6488487993342105E-001
  7.3070120568044916E-001  7.9992575517943809E-001
BLOCK 102   1.2422795041103319E+001
  8.4812176941574147E-001  9.2427127292701206E-001  1.0001894213231803E+000  1.0722268909629227E+000  1.1399887006476055E+000
  1.2033201320198319E+000  1.2616035391537108E+000  1.3147840794993093E+000  1.3627170535133344E+000  1.4053894544620769E+000
  1.4429637494962857E+000  1.4757164419970423E+000  1.5037302973700435E+000  1.5271001450666553E+000  1.5459497758243619E+000
  1.5603277249450365E+000  1.5697894623169335E+000  1.5744881060251739E+000  1.5744881060289257E+000  1.5697894623280877E+000
  1.5603277249597913E+000  1.5459497758452843E+000  1.5271001450908290E+000  1.5037302973932400E+000  1.4757164420304718E+000
  1.4429637495368703E+000  1.4053894544975849E+000  1.3627170535559698E+000  1.3147840795587251E+000  1.2616035392186207E+000
  1.2033201320897213E+000  1.1399887007191674E+000  1.0722268910365500E+000  1.0001894214049827E+000  9.2427127301415379E-001
  8.4812176951462148E-001  7.7108252315368531E-001  6.9618603485071673E-001  6.2412838337960019E-001  5.5887500246368249E-001
  5.0149961043020597E-001  4.5500336874187619E-001  4.1905417352397706E-001  3.9422198935835062E-001  3.7531108942916858E-001
  3.6211178391115195E-001  3.5328886541269999E-001  3.4736865433265657E-001  3.4359746925557827E-001  3.4139180532937052E-001
  3.4011442481332665E-001  3.3934142307504478E-001  3.3886992240369523E-001  3.3860988541598352E-001  3.3860988541646975E-001
  3.3886992240291702E-001  3.3934142307122173E-001  3.4011442480510923E-001  3.4139180531471203E-001  3.4359746923521117E-001
  3.4736865430952735E-001  3.5328886538350235E-001  3.6211178386730353E-001  3.7531108939373248E-001  3.9422198931427560E-001
  4.1905417346521073E-001  4.5500336865133517E-001  5.0149961030622348E-001  5.5887500234172627E-001  6.2412838324776743E-001
  6.9618603472920448E-001  7.7108252303486280E-001
BLOCK 103   1.2545793011807296E+001
  8.2084697868949963E-001  9.0517404860166706E-001  9.8733614407712866E-001  1.0656383751974114E+000  1.1386459449038562E+000
  1.2073958152752031E+000  1.2685897920900058E+000  1.3251221150275525E+000  1.3762733621666667E+000  1.4218426739941807E+000
  1.4619171033856935E+000  1.4967398291743996E+000  1.5264441029100808E+000  1.5510607447195157E+000  1.5701776663419016E+000
  1.5844267079240575E+000  1.5939577944658752E+000  1.5987062664441367E+000  1.5987062664462519E+000  1.5939577944738308E+000
  1.5844267079389354E+000  1.5701776663620985E+000  1.5510607447448446E+000  1.5264441029414242E+000  1.4967398292074812E+000
  1.4619171034296821E+000  1.4218426740446124E+000  1.3762733622210519E+000  1.3251221150788679E+000  1.2685897921576383E+000
  1.2073958153333035E+000  1.1386459449801722E+000  1.0656383752812968E+000  9.8733614417708815E-001  9.0517404871126106E-001
  8.2084697879480406E-001  7.3250338744253307E-001  6.4750540990401195E-001  5.6954086295334105E-001  5.0118264946381386E-001
  4.4657473257623825E-001  4.0472145440793572E-001  3.7475056236525578E-001  3.5308822812779495E-001  3.3900327327841900E-001
  3.3017229837629142E-001  3.2483157575760802E-001  3.2198015200886371E-001  3.2063661370079816E-001  3.2014859164907150E-001
  3.2015060713635263E-001  3.2041325010032090E-001  3.2068953947585943E-001  3.2083536280046926E-001  3.2083536279941788E-001
  3.2068953947233941E-001  3.2041325009455340E-001  3.2015060712857718E-001  3.2014859163986736E-001  3.2063661368742835E-001
  3.2198015198816871E-001  3.2483157573148680E-001  3.3017229834441775E-001  3.3900327323987678E-001  3.5308822808761764E-001
  3.7475056229941189E-001  4.0472145430373663E-001  4.4657473267552600E-001  5.0118264893565834E-001  5.6954086284331196E-001
  6.4750540973680104E-001  7.3250338730384468E-001
BLOCK 104   1.2668790982511274E+001
  7.7774295612493083E-001  8.7561128419334355E-001  9.6986600134062129E-001  1.0567147111127544E+000  1.1361058328649933E+000
  1.2095935405743317E+000  1.2759561842238840E+000  1.3369275623324148E+000  1.3904336246790907E+000  1.4390150975796669E+000
  1.4819129233549062E+000  1.5190861228378700E+000  1.5502885800030071E+000  1.5755340849937443E+000  1.5956480069823837E+000
  1.6104217861314594E+000  1.6201765019027179E+000  1.6250135977172309E+000  1.6250135977125781E+000  1.6201765019098748E+000
  1.6104217861450703E+000  1.5956480070019192E+000  1.5755340850216688E+000  1.5502885800380735E+000  1.5190861228783268E+000
  1.4819129233968322E+000  1.4390150976220430E+000  1.3904336247270879E+000  1.3369275623787555E+000  1.2759561842784970E+000
  1.2095935406361347E+000  1.1361058329544849E+000  1.0567147111910105E+000  9.6986600158115033E-001  8.7561128435790014E-001
  7.7774295630256551E-001  6.8016207293381481E-001  5.8518081946320366E-001  5.0392051363564982E-001  4.3802104627592792E-001
  3.8736816459939455E-001  3.5068574905041683E-001  3.2695250291938027E-001  3.1166973935577469E-001  3.0287220446635033E-001
  2.9912106824091506E-001  2.9818691898614269E-001  2.9861157421466500E-001  2.9970152996086508E-001  3.0101978811337798E-001
  3.0230537239049410E-001  3.0339739124252529E-001  3.0419452178378231E-001  3.0462711602073556E-001  3.0462711601831621E-001
  3.0419452177922846E-001  3.0339739123715687E-001  3.0230537238387983E-001  3.0101978810437036E-001  2.9970152994960697E-001
  2.9861157420160794E-001  2.9818691897206284E-001  2.9912106822733919E-001  3.0287220444100188E-001  3.1166973930990782E-001
  3.2695250284246286E-001  3.5068574909491146E-001  3.8736816442834021E-001  4.3802104676572040E-001  5.0392051287607076E-001
  5.8518081929243748E-001  6.8016207279367080E-001
BLOCK 105   1.2791788953215251E+001
  7.2155997507807124E-001  8.3387787236318289E-001  9.4140632327593787E-001  1.0402302092843210E+000  1.1304307424314775E+000
  1.2114000807407943E+000  1.2837476712166305E+000  1.3484415566136807E+000  1.4065848257169196E+000  1.4580117961698980E+000
  1.5029774036512098E+000  1.5417852114775166E+000  1.5743807729595178E+000  1.6012690488150723E+000  1.6226549675580191E+000
  1.6383967307454688E+000  1.6488452602151928E+000  1.6540427224436161E+000  1.6540427224476071E+000  1.6488452602251222E+000
  1.6383967307610829E+000  1.6226549675801107E+000  1.6012690488418420E+000  1.5743807729891375E+000  1.5417852115098107E+000
  1.5029774036890529E+000  1.4580117962133570E+000  1.4065848257643196E+000  1.3484415566624983E+000  1.2837476712436298E+000
  1.2114000807951946E+000  1.1304307425420725E+000  1.0402302094548579E+000  9.4140632338357011E-001  8.3387787250268008E-001
  7.2155997518784465E-001  6.1096079815618975E-001  5.0937329289743383E-001  4.2562368637806447E-001  3.6184407622794901E-001
  3.1801384343980249E-001  2.9012652762022839E-001  2.7732898901408631E-001  2.7233531517261383E-001  2.7169229605523992E-001
  2.7346161314996020E-001  2.7630859268120633E-001  2.7943121709669455E-001  2.8243700196271437E-001  2.8508003164096574E-001
  2.8726070960984645E-001  2.8888163280564394E-001  2.8988622913743289E-001  2.9031651373128958E-001  2.9031651373070394E-001
  2.8988622913488049E-001  2.8888163279999385E-001  2.8726070960195510E-001  2.8508003163167794E-001  2.8243700195375709E-001
  2.7943121709107088E-001  2.7630859267778041E-001  2.7346161314153422E-001  2.7169229603543943E-001  2.7233531514273812E-001
  2.7732898896431729E-001  2.9012652774911807E-001  3.1801384416903089E-001  3.6184407535657137E-001  4.2562368578514609E-001
  5.0937329255774044E-001  6.1096079802611125E-001
BLOCK 106   1.2914786923919229E+001
  6.4480566254537830E-001  7.7748966206581760E-001  9.0184140723446615E-001  1.0153127369083452E+000  1.1176180114940637E+000
  1.2090873175952614E+000  1.2904190589230902E+000  1.3620435651475535E+000  1.4244539270943237E+000  1.4785661232564928E+000
  1.5256295132720181E+000  1.5660261292705895E+000  1.6003270534926533E+000  1.6287594204641156E+000  1.6515008649379883E+000
  1.6685032179264783E+000  1.6799146920525740E+000  1.6855745262623127E+000  1.6855745262665920E+000  1.6799146920633790E+000
  1.6685032179410806E+000  1.6515008649556897E+000  1.6287594204787081E+000  1.6003270535184042E+000  1.5660261292998989E+000
  1.5256295133025242E+000  1.4785661232801464E+000  1.4244539271027454E+000  1.3620435651506901E+000  1.2904190590143465E+000
  1.2090873176906580E+000  1.1176180115384018E+000  1.0153127369501866E+000  9.0184140728051154E-001  7.7748966221081506E-001
  6.4480566294556640E-001  5.1214155007644901E-001  3.9750793745364266E-001  3.1621434221214861E-001  2.7288623656078886E-001
  2.5066185651275324E-001  2.4116731687676998E-001  2.4010887866734040E-001  2.4319979917774870E-001  2.4835900047269743E-001
  2.5407413491954822E-001  2.5963238439276370E-001  2.6460264849700815E-001  2.6882995394941966E-001  2.7223853352842686E-001
  2.7481820565272869E-001  2.7661826983230303E-001  2.7774224913659762E-001  2.7826219015129905E-001  2.7826219014993059E-001
  2.7774224913265211E-001  2.7661826982604648E-001  2.7481820564475168E-001  2.7223853352163274E-001  2.6882995394635595E-001
  2.6460264849583298E-001  2.5963238438573938E-001  2.5407413488823472E-001  2.4835900041184628E-001  2.4319979916677295E-001
  2.4010887877606701E-001  2.4116731700638785E-001  2.5066185649698303E-001  2.7288623671896989E-001  3.1621434283195704E-001
  3.9750793599494366E-001  5.1214154906965992E-001
BLOCK 107   1.3037784894623206E+001
  5.0390976238368768E-001  6.8253982202675156E-001  8.4402998012670960E-001  9.8093550720892542E-001  1.0993655984536548E+000
  1.2030615904343236E+000  1.2939751325539657E+000  1.3730129199789605E+000  1.4415616765766881E+000  1.5006282976509495E+000
  1.5508957436817732E+000  1.5934042304008711E+000  1.6293797693957144E+000  1.6592967294146923E+000  1.6834409495344873E+000
  1.7010949192771831E+000  1.7129204872033241E+000  1.7188882887753998E+000  1.7188882887758281E+000  1.7129204872079922E+000
  1.7010949192876996E+000  1.6834409495491234E+000  1.6592967294301131E+000  1.6293797693967602E+000  1.5934042303988425E+000
  1.5508957436810960E+000  1.5006282975510807E+000  1.4415616766373054E+000  1.3730129200404837E+000  1.2939751326000020E+000
  1.2030615904272333E+000  1.0993655984003849E+000  9.8093550722852985E-001  8.4402998042551480E-001  6.8253982280702408E-001
  5.0390976301821189E-001  3.4973874644381731E-001  2.6253581681510374E-001  2.1991431258513294E-001  2.0367612631274290E-001
  2.0104661359738293E-001  2.0578922356236259E-001  2.1393421033761356E-001  2.2328104235899737E-001  2.3256215757288315E-001
  2.4100124214761354E-001  2.4825011847476192E-001  2.5404612206234223E-001  2.5860951588821907E-001  2.6216614746093614E-001
  2.6482246511934959E-001  2.6666727495958154E-001  2.6780500424625636E-001  2.6833281423103694E-001  2.6833281422833111E-001
  2.6780500423955611E-001  2.6666727495289277E-001  2.6482246511708563E-001  2.6216614746531797E-001  2.5860951589260989E-001
  2.5404612204498328E-001  2.4825011842358252E-001  2.4100124208621931E-001  2.3256215755110055E-001  2.2328104236900143E-001
  2.1393421032262058E-001  2.0578922354557294E-001  2.0104661397906928E-001  2.0367612727047618E-001  2.1991431289441682E-001
  2.6253581562565353E-001  3.4973874449393544E-001
BLOCK 108   1.3160782865327183E+001
  2.6458056554641302E-001  4.9113565731366776E-001  7.2927175799644084E-001  9.1801896434213270E-001  1.0707515074930998E+000
  1.1933883466236079E+000  1.2957763617501716E+000  1.3829553453530705E+000  1.4583986148252639E+000  1.5221934938281210E+000
  1.5771311016725853E+000  1.6240071459198528E+000  1.6629949410846008E+000  1.6940617650687841E+000  1.7182896724199597E+000
  1.7365114702957118E+000  1.7486716347768556E+000  1.7547437051370109E+000  1.7547437051388524E+000  1.7486716348058611E+000
  1.7365114702952775E+000  1.7182896724081347E+000  1.6940617650491954E+000  1.6629949410770282E+000  1.6240071459378516E+000
  1.5771311017093763E+000  1.5221934938446633E+000  1.4583986147859966E+000  1.3829553453478458E+000  1.2957763616694804E+000
  1.1933883465618345E+000  1.0707515076383738E+000  9.1801896472552535E-001  7.2927175867949112E-001  4.9113566044392931E-001
  2.6458057622888509E-001  1.6942580302053142E-001  1.5160605335814528E-001  1.5334101079613888E-001  1.6219672367227339E-001
  1.7319194388277209E-001  1.8597808623270834E-001  1.9940325515210361E-001  2.1240473565211446E-001  2.2393093346683435E-001
  2.3358090263671441E-001  2.4134062527994066E-001  2.4739445450683656E-001  2.5192606072983786E-001  2.5504693131439865E-001
  2.5724688208331614E-001  2.5883487244191117E-001  2.5986708130190100E-001  2.6036433088270422E-001  2.6036433088195243E-001
  2.5986708130260527E-001  2.5883487245029113E-001  2.5724688209765312E-001  2.5504693131675055E-001  2.5192606070284412E-001
  2.4739445445979652E-001  2.4134062523642313E-001  2.3358090259361186E-001  2.2393093337943243E-001  2.1240473551025618E-001
  1.9940325507200249E-001  1.8597808634829388E-001  1.7319194426067824E-001  1.6219672423845088E-001  1.5334101135059158E-001
  1.5160605247053674E-001  1.6942581221616398E-001
BLOCK 109   1.3283780836031161E+001
  8.8487031783643158E-002  1.1240965002129212E-001  1.8218249558322847E-001  7.9506771610713567E-001  1.0098984899552819E+000
  1.1673431290318224E+000  1.2921565152920638E+000  1.3929217749580134E+000  1.4757734292629325E+000  1.5448735597120129E+000
  1.6060468293392565E+000  1.6563603188117608E+000  1.6977319337916281E+000  1.7315342418066102E+000  1.7576242839778922E+000
  1.7765702242164696E+000  1.7887039729429710E+000  1.7945730846948569E+000  1.7945730996677438E+000  1.7887040182435545E+000
  1.7765702989719632E+000  1.7576243867230441E+000  1.7315343800402816E+000  1.6977321286133047E+000  1.6563605633228020E+000
  1.6060471347146641E+000  1.5448739493022983E+000  1.4757739820915712E+000  1.3929225978881521E+000  1.2921576843263356E+000
  1.1673450874999183E+000  1.0099027362353297E+000  7.9508216702017553E-001  1.8183565514199646E-001  1.1244012199057551E-001
  8.8530790333693266E-002  1.1733359209309702E-001  1.2500000000000000E-001  1.3801135601753858E-001  1.5052174235433624E-001
  1.6217486070583953E-001  1.7486544075175836E-001  1.9128486948318457E-001  2.0790515760625033E-001  2.2143704744622852E-001
  2.3156749501885152E-001  2.3895675659316540E-001  2.4426212513586321E-001  2.4802946735162046E-001  2.5033083246027116E-001
  2.5227411852354198E-001  2.5316890888040761E-001  2.5366676967490243E-001  2.5393010930686499E-001  2.5393010934179139E-001
  2.5366676979659314E-001  2.5316890912525503E-001  2.5227411878010070E-001  2.5033083221503011E-001  2.4802946688282715E-001
  2.4426212503175632E-001  2.3895675688531426E-001  2.3156749540392357E-001  2.2143704793274890E-001  2.0790515817945379E-001
  1.9128486983795992E-001  1.7486544329034026E-001  1.6217486938500408E-001  1.5052177619345397E-001  1.3801144441129232E-001
  1.2500000000000000E-001  1.1735047546270336E-001
BLOCK 110   1.3406778806735138E+001
  1.0305572294134738E-001  9.4612912389854975E-002 -1.0000000000000000E+000 -1.0000000000000000E+000  2.1825028192893184E-001
  1.1164073245094699E+000  1.2731487782554223E+000  1.3945662145285669E+000  1.4929893390374194E+000  1.5728410416612164E+000
  1.6383449407472794E+000  1.6920296169384252E+000  1.7362107441991403E+000  1.7720449827552183E+000  1.8000797682627085E+000
  1.8207234692228316E+000  1.8339002153350721E+000  1.8405354007073771E+000  1.8405354869595940E+000  1.8339004785107600E+000
  1.8207239157901822E+000  1.8000804058079487E+000  1.7720458349990951E+000  1.7362118768504013E+000  1.6920310916120294E+000
  1.6383468533899135E+000  1.5728436632596934E+000  1.4929929734436966E+000  1.3945717117570655E+000  1.2731583422377797E+000
  1.1164301197405915E+000  2.1861619065562951E-001 -1.0000000000000000E+000 -1.0000000000000000E+000  9.4611627708609453E-002
  1.0305543940714414E-001  1.2028294006311172E-001  1.2781761177710277E-001  1.3615928983766376E-001  1.4535909972536937E-001
  1.5609175008050158E-001  1.6862048578589589E-001  1.8298112159735835E-001  2.0265983520188185E-001  2.2077211400315674E-001
  2.3398945800142790E-001  2.4170475804772873E-001  2.4552918193624368E-001  2.4740706982896574E-001  2.4846183182116266E-001
  2.4902888132076953E-001  2.5000000000000000E-001  2.5000000000000000E-001  2.4887217724947508E-001  2.4887217782383736E-001
  2.5000000000000000E-001  2.5000000000000000E-001  2.4902888096931566E-001  2.4846183119024828E-001  2.4740706939932208E-001
  2.4552918229835979E-001  2.4170475973293490E-001  2.3398946100411416E-001  2.2077211790298870E-001  2.0265983689397327E-001
  1.8298110644585835E-001  1.6862039516584634E-001  1.5609129722722997E-001  1.4535853785768468E-001  1.3616101994209551E-001
  1.2782123900487163E-001  1.2028683689314065E-001
BLOCK 111   1.3529776777439116E+001
  1.1054276013081152E-001  6.2777159378407707E-002  8.3116657707066055E-002 -1.0000000000000000E+000 -1.0000000000000000E+000
  3.1979587524923458E-001  1.2290132952233568E+000  1.3851216028607329E+000  1.5022613558851425E+000  1.5951129637122892E+000
  1.6688262141794019E+000  1.7306130450644783E+000  1.7793916183347580E+000  1.8175619756302857E+000  1.8467888545077482E+000
  1.8689514275826107E+000  1.8837519488358925E+000  1.8912398435880267E+000  1.8912400269466503E+000  1.8837525001195654E+000
  1.8689523723162227E+000  1.8467902399909402E+000  1.8175638279697208E+000  1.7793940704278037E+000  1.7306162954732160E+000
  1.6688299433030671E+000  1.5951191185441194E+000  1.5022718741836840E+000  1.3851458620707056E+000  1.2290750533145680E+000
  3.2176490926795698E-001 -1.0000000000000000E+000 -1.0000000000000000E+000  8.3108068141389518E-002  6.2776048022053624E-002
  1.1053713663162389E-001  1.3112533943640658E-001  1.3444818441849665E-001  1.3712944696881113E-001  1.4192277438653311E-001
  1.5029750002735193E-001  1.6175950877072465E-001  1.7617827910085093E-001  1.9589888851905632E-001  2.1760396136573368E-001
  2.3605368998917253E-001  2.4792031002458076E-001  2.5275183486058017E-001  2.5244116251237353E-001  2.5000000000000000E-001
  2.4745140133422136E-001  2.4589987045816786E-001  2.4518515305919727E-001  2.4495597987751638E-001  2.4495597925535295E-001
  2.4518515248302197E-001  2.4589987019914950E-001  2.4745140119520700E-001  2.5000000000000000E-001  2.5244116646873449E-001
  2.5275184346899809E-001  2.4792034091263612E-001  2.3605375995347189E-001  2.1760405626415447E-001  1.9589889241787101E-001
  1.7617789263633454E-001  1.6175848488745342E-001  1.5029642845869537E-001  1.4192289471723155E-001  1.3713085992498955E-001
  1.3445085780766136E-001  1.3112757331551753E-001
BLOCK 112   1.3652774748143093E+001
  8.7681842893507472E-002 -1.0000000000000000E+000  8.2902876250879567E-002 -1.0000000000000000E+000 -1.0000000000000000E+000
 -1.0000000000000000E+000  1.0439159131776814E+000  1.3399528670739245E+000  1.4987853001512657E+000  1.6116656489223222E+000
  1.6988097774395534E+000  1.7677855236533204E+000  1.8224869411687952E+000  1.8662989921707802E+000  1.8996042396090824E+000
  1.9235097341531013E+000  1.9387300494873507E+000  1.9459575840044376E+000  1.9459578893328537E+000  1.9387309718262240E+000
  1.9235113165901798E+000  1.8996065099863997E+000  1.8663019771834051E+000  1.8224907040285756E+000  1.7677910609399219E+000
  1.6988205197917945E+000  1.6116897159755721E+000  1.4988357413673266E+000  1.3400243734566422E+000  1.0438870125587469E+000
 -1.0000000000000000E+000 -1.0000000000000000E+000 -1.0000000000000000E+000  8.2924801661303518E-002 -1.0000000000000000E+000
  8.7487897768556699E-002  1.3549533840132694E-001  1.5080783982348198E-001  1.4695365269162908E-001  1.3974123492781249E-001
  1.4153868041814677E-001  1.5087678328041904E-001  1.6602188541894375E-001  1.8881917499160186E-001  2.1469307826534229E-001
  2.3761076688321797E-001  2.5367250464316821E-001  2.6194092508967326E-001  2.6284549455944861E-001  2.5826206068369029E-001
  2.5055395269072067E-001  2.4483176016821992E-001  2.4089701404693745E-001  2.3934924514209260E-001  2.3934924371717267E-001
  2.4089701038453870E-001  2.4483175477139132E-001  2.5055395357681737E-001  2.5826206135661867E-001  2.6284554396463633E-001
  2.6194109042832509E-001  2.5367279463946252E-001  2.3761106350707797E-001  2.1469300717664150E-001  1.8881841771225980E-001
  1.6602060729247450E-001  1.5087524899179411E-001  1.4153734282950814E-001  1.3974010484371643E-001  1.4695245116805131E-001
  1.5080774248776180E-001  1.3550646001651140E-001
BLOCK 113   1.3775772718847071E+001
 -1.0000000000000000E+000 -1.0000000000000000E+000 -1.0000000000000000E+000 -1.0000000000000000E+000 -1.0000000000000000E+000
 -1.0000000000000000E+000 -1.0000000000000000E+000  1.1442429199692072E+000  1.4479538068133593E+000  1.6093020285938353E+000
  1.7207791725751831E+000  1.8035152623888757E+000  1.8675942933299259E+000  1.9173092964484149E+000  1.9545121349161221E+000
  1.9812887317121033E+000  1.9988516068131910E+000  2.0075261023302171E+000  2.0075266790727402E+000  1.9988533587679742E+000
  1.9812915325853635E+000  1.9545158830000513E+000  1.9173157279816633E+000  1.8676080754507800E+000  1.8035432399111990E+000
  1.7208268836869336E+000  1.6093668337382216E+000  1.4480089798541120E+000  1.1442862739672159E+000 -1.0000000000000000E+000
 -1.0000000000000000E+000 -1.0000000000000000E+000 -1.0000000000000000E+000 -1.0000000000000000E+000 -1.0000000000000000E+000
 -1.0000000000000000E+000 -1.0000000000000000E+000  1.8713874297651883E-001  1.9918951795653886E-001  1.7005310997939110E-001
  1.4079956540943933E-001  1.3433334213899351E-001  1.4907989869926580E-001  1.7418628955196230E-001  2.0731374322471041E-001
  2.3872056468197222E-001  2.6153205425116111E-001  2.7350492372342938E-001  2.7616473466411168E-001  2.7161589514173179E-001
  2.6181090794059664E-001  2.4965824522453581E-001  2.3742148405748376E-001  2.3026643236437813E-001  2.3026642130139741E-001
  2.3742145899264333E-001  2.4965822146675692E-001  2.6181094993137866E-001  2.7161615489628155E-001  2.7616523389742331E-001
  2.7350546857888119E-001  2.6153239883613921E-001  2.3872043066405907E-001  2.0731381015113831E-001  1.7418904880495992E-001
  1.4908742889570809E-001  1.3431850214980395E-001  1.4053562720540647E-001  1.6953741700882957E-001  1.9872421229810111E-001
  1.8610136877759700E-001 -1.0000000000000000E+000
BLOCK 114   1.3898770689551048E+001
 -1.0000000000000000E+000 -1.0000000000000000E+000 -1.0000000000000000E+000 -1.0000000000000000E+000 -1.0000000000000000E+000
 -1.0000000000000000E+000 -1.0000000000000000E+000  7.7115209449704736E-001  1.2792450697709377E+000  1.5542599319296064E+000
  1.7165123099602473E+000  1.8285435657426101E+000  1.9093673370411128E+000  1.9681432193722346E+000  2.0122610425017964E+000
  2.0437747930567709E+000  2.0644981513754468E+000  2.0745018139990261E+000  2.0745019190517193E+000  2.0644992683098513E+000
  2.0437801244173905E+000  2.0122761996072747E+000  1.9681720953611408E+000  1.9094133876058805E+000  1.8286016972588517E+000
  1.7165735452072970E+000  1.5543307730466236E+000  1.2792807131998944E+000  7.7462857117475292E-001 -1.0000000000000000E+000
 -1.0000000000000000E+000 -1.0000000000000000E+000 -1.0000000000000000E+000 -1.0000000000000000E+000 -1.0000000000000000E+000
 -1.0000000000000000E+000 -1.0000000000000000E+000  1.3320509255261642E-001  1.2279738700066224E-001  1.3577506099198283E-001
  1.5156944945182416E-001  1.4132590841479939E-001  1.2889786875485315E-001  1.4491752482906489E-001  1.8502273434055638E-001
  2.3058014710780261E-001  2.6736922388502182E-001  2.8881464135375262E-001  2.9602027943204529E-001  2.9078992934332776E-001
  2.7581360134355198E-001  2.5525601640888335E-001  2.3648425073027668E-001  2.2463830972011831E-001  2.2463823541128591E-001
  2.3648414046894856E-001  2.5525600944198468E-001  2.7581415140787763E-001  2.9079061005856921E-001  2.9602101720872187E-001
  2.8881748954108860E-001  2.6738363880014715E-001  2.3062478792031585E-001  1.8511402113259262E-001  1.4475288706716311E-001
  1.2798741601829017E-001  1.4003010005075978E-001  1.5177293860138422E-001  1.3760300386190633E-001  1.2213893439605894E-001
  1.2645202283095230E-001 -1.0000000000000000E+000
BLOCK 115   1.4021768660255026E+001
 -1.0000000000000000E+000  1.3956572344741891E-001  1.4891265675353602E-001 -1.0000000000000000E+000 -1.0000000000000000E+000
 -1.0000000000000000E+000 -1.0000000000000000E+000  4.3480573760469982E-001  1.0803219704104361E+000  1.4301608989823829E+000
  1.6629963216396106E+000  1.8222999629656815E+000  1.9330138774571044E+000  2.0134502578503728E+000  2.0710062631291799E+000
  2.1097790092230273E+000  2.1342656267180815E+000  2.1458847335532507E+000  2.1458896456671575E+000  2.1342811388611151E+000
  2.1098063297912502E+000  2.0710448835718487E+000  2.0134946562168983E+000  1.9330717206178638E+000  1.8223594560400815E+000
  1.6630429619710527E+000  1.4301310067070698E+000  1.0827076489634881E+000  4.1769847760652573E-001 -1.0000000000000000E+000
 -1.0000000000000000E+000 -1.0000000000000000E+000 -1.0000000000000000E+000 -1.0000000000000000E+000  1.5197790148120238E-001
  1.3274948785308921E-001 -1.0000000000000000E+000 -1.0000000000000000E+000  8.9224233674635556E-002  9.2611680879440036E-002
  1.1154135960015095E-001  1.2167720463516096E-001  1.2194227245690398E-001  1.2730342046157608E-001  1.5453403259913015E-001
  2.0373388681699958E-001  2.5754618791232486E-001  2.9952871900562439E-001  3.1744876452159976E-001  3.1545623527236233E-001
  2.9625883816143661E-001  2.6870540761665429E-001  2.4230530664152070E-001  2.2587705920659587E-001  2.2587685052302869E-001
  2.4230480969894619E-001  2.6870480592859897E-001  2.9626197261511455E-001  3.1548027048026328E-001  3.1753129268863789E-001
  2.9973338271584554E-001  2.5771697522825016E-001  2.0337035853299471E-001  1.5340489852807931E-001  1.2602272429882364E-001
  1.2172200097515902E-001  1.1974573298410315E-001  1.1275113627401126E-001  9.2040823692368420E-002  8.6367780481741888E-002
 -1.0000000000000000E+000 -1.0000000000000000E+000
BLOCK 116   1.4144766630959003E+001
 -1.0000000000000000E+000 -1.0000000000000000E+000 -1.0000000000000000E+000 -1.0000000000000000E+000 -1.0000000000000000E+000
 -1.0000000000000000E+000 -1.0000000000000000E+000 -1.0000000000000000E+000  9.2053262407514069E-001  1.3196748346518403E+000
  1.5826071466513074E+000  1.7826014368338092E+000  1.9307376330913109E+000  2.0386067333664837E+000  2.1172107567566796E+000
  2.1717732451430605E+000  2.2060539886678252E+000  2.2222943942185998E+000  2.2223048889583854E+000  2.2060815158670772E+000
  2.1718101512416426E+000  2.1172510656751307E+000  2.0386388515502794E+000  1.9307409994432334E+000  1.7824961591482977E+000
  1.5825448207063419E+000  1.3211820139731050E+000  9.1505040095689005E-001  2.0188351122483031E-001  7.7305753223483584E-002
  1.2491648233043845E-001  9.1659502490113398E-002 -1.0000000000000000E+000 -1.0000000000000000E+000 -1.0000000000000000E+000
 -1.0000000000000000E+000 -1.0000000000000000E+000 -1.0000000000000000E+000 -1.0000000000000000E+000 -1.0000000000000000E+000
 -1.0000000000000000E+000  7.2185163845094602E-002  1.2023243598334907E-001  1.1116990069437041E-001  1.2535494053096835E-001
  1.7181097998883160E-001  2.3904435843382310E-001  2.9466855706255290E-001  3.2523130545815698E-001  3.3571024602572191E-001
  3.2524026935492145E-001  2.9843397164156082E-001  2.6420714745465534E-001  2.4225615951744731E-001  2.4225062446146822E-001
  2.6423022476000385E-001  2.9858640749744225E-001  3.2551563962239349E-001  3.3606223717864786E-001  3.2543433705403380E-001
  2.9453621769768368E-001  2.3876880461027752E-001  1.7211347397577695E-001  1.2597217443583097E-001  1.1508026584590217E-001
  8.8442280895029535E-002 -1.0000000000000000E+000 -1.0000000000000000E+000 -1.0000000000000000E+000 -1.0000000000000000E+000
 -1.0000000000000000E+000  7.7659109692949646E-002
BLOCK 117   1.4267764601662980E+001
 -1.0000000000000000E+000 -1.0000000000000000E+000 -1.0000000000000000E+000 -1.0000000000000000E+000 -1.0000000000000000E+000
 -1.0000000000000000E+000 -1.0000000000000000E+000 -1.0000000000000000E+000  2.7542478647226032E-001  1.2250718426256730E+000
  1.5236640430111132E+000  1.7402431168686752E+000  1.9130858812291169E+000  2.0466681417033139E+000  2.1469516366556038E+000
  2.2206490358287310E+000  2.2681517888490519E+000  2.2913337124008475E+000  2.2913378388772299E+000  2.2681628862331231E+000
  2.2206624413909335E+000  2.1469422946445453E+000  2.0465777650462211E+000  1.9129459023753748E+000  1.7405520958555887E+000
  1.5239503849510296E+000  1.2224361569531002E+000  1.9481938865989717E-001 -1.0000000000000000E+000 -1.0000000000000000E+000
 -1.0000000000000000E+000 -1.0000000000000000E+000 -1.0000000000000000E+000 -1.0000000000000000E+000 -1.0000000000000000E+000
 -1.0000000000000000E+000 -1.0000000000000000E+000 -1.0000000000000000E+000 -1.0000000000000000E+000 -1.0000000000000000E+000
 -1.0000000000000000E+000 -1.0000000000000000E+000 -1.0000000000000000E+000 -1.0000000000000000E+000 -1.0000000000000000E+000
 -1.0000000000000000E+000 -1.0000000000000000E+000  2.9668627744906872E-001  3.3741788105163528E-001  3.5201553541199848E-001
  3.4996845659676468E-001  3.3369757451939436E-001  3.1496770584959816E-001  3.0276481738390471E-001  3.0319951134534878E-001
  3.1602175342251820E-001  3.3497770141849587E-001  3.5222377946664907E-001  3.5795156952480722E-001  3.4804870358302170E-001
  2.8758463725814631E-001 -1.0000000000000000E+000 -1.0000000000000000E+000 -1.0000000000000000E+000 -1.0000000000000000E+000
 -1.0000000000000000E+000 -1.0000000000000000E+000 -1.0000000000000000E+000 -1.0000000000000000E+000 -1.0000000000000000E+000
 -1.0000000000000000E+000 -1.0000000000000000E+000
BLOCK 118   1.4390762572366958E+001
 -1.0000000000000000E+000 -1.0000000000000000E+000 -1.0000000000000000E+000 -1.0000000000000000E+000 -1.0000000000000000E+000
 -1.0000000000000000E+000 -1.0000000000000000E+000 -1.0000000000000000E+000  2.3997359858415929E-001  1.1799533727399165E+000
  1.4710010569658127E+000  1.7154308934487150E+000  1.9046315918624985E+000  2.0541985531873714E+000  2.1716499957967481E+000
  2.2542855676398359E+000  2.3081202437588084E+000  2.3347520142317566E+000  2.3347413649033713E+000  2.3080710535149875E+000
  2.2541838495474869E+000  2.1715206380302550E+000  2.0542884972285753E+000  1.9052360737216301E+000  1.7153143781728424E+000
  1.4707217878778069E+000  1.1549321552481684E+000  2.0924600281158562E-001 -1.0000000000000000E+000 -1.0000000000000000E+000
 -1.0000000000000000E+000 -1.0000000000000000E+000 -1.0000000000000000E+000 -1.0000000000000000E+000 -1.0000000000000000E+000
 -1.0000000000000000E+000 -1.0000000000000000E+000 -1.0000000000000000E+000 -1.0000000000000000E+000 -1.0000000000000000E+000
 -1.0000000000000000E+000 -1.0000000000000000E+000 -1.0000000000000000E+000 -1.0000000000000000E+000 -1.0000000000000000E+000
 -1.0000000000000000E+000 -1.0000000000000000E+000 -1.0000000000000000E+000 -1.0000000000000000E+000  3.0091255816613166E-001
  3.9891648456209106E-001  4.2070797114262604E-001  4.1774049943872865E-001  4.1352406502818195E-001  4.1846034759775108E-001
  4.2847261312832008E-001  4.3184143879153675E-001  4.0532568871577512E-001  2.3066569462836392E-001 -1.0000000000000000E+000
 -1.0000000000000000E+000 -1.0000000000000000E+000 -1.0000000000000000E+000 -1.0000000000000000E+000 -1.0000000000000000E+000
 -1.0000000000000000E+000 -1.0000000000000000E+000 -1.0000000000000000E+000 -1.0000000000000000E+000 -1.0000000000000000E+000
 -1.0000000000000000E+000 -1.0000000000000000E+000
BLOCK 119   1.4513760543070935E+001
 -1.0000000000000000E+000 -1.0000000000000000E+000 -1.0000000000000000E+000 -1.0000000000000000E+000 -1.0000000000000000E+000
 -1.0000000000000000E+000 -1.0000000000000000E+000 -1.0000000000000000E+000  1.6942464754915171E-001  1.1700518037050025E+000
  1.4578240843317600E+000  1.7025937741964734E+000  1.9152788652534880E+000  2.0747120286057870E+000  2.1903220973468116E+000
  2.2698048089244107E+000  2.3237144873936622E+000  2.3481856023167040E+000  2.3481283826183534E+000  2.3235891356114720E+000
  2.2698005450498142E+000  2.1906310682292389E+000  2.0752700243842233E+000  1.9154901977365351E+000  1.7038573763806961E+000
  1.4364006030423058E+000  1.1677889295758823E+000 -1.0000000000000000E+000 -1.0000000000000000E+000 -1.0000000000000000E+000
 -1.0000000000000000E+000 -1.0000000000000000E+000 -1.0000000000000000E+000 -1.0000000000000000E+000 -1.0000000000000000E+000
 -1.0000000000000000E+000 -1.0000000000000000E+000 -1.0000000000000000E+000 -1.0000000000000000E+000 -1.0000000000000000E+000
 -1.0000000000000000E+000 -1.0000000000000000E+000 -1.0000000000000000E+000 -1.0000000000000000E+000 -1.0000000000000000E+000
 -1.0000000000000000E+000 -1.0000000000000000E+000 -1.0000000000000000E+000 -1.0000000000000000E+000 -1.0000000000000000E+000
  9.6544165315084168E-002  3.2549492415001069E-001  5.2231498794772979E-001  6.3265069031889054E-001  6.2137124687324941E-001
  4.9179383517278791E-001  3.0505114790204979E-001 -1.0000000000000000E+000 -1.0000000000000000E+000 -1.0000000000000000E+000
 -1.0000000000000000E+000 -1.0000000000000000E+000 -1.0000000000000000E+000 -1.0000000000000000E+000 -1.0000000000000000E+000
 -1.0000000000000000E+000 -1.0000000000000000E+000 -1.0000000000000000E+000 -1.0000000000000000E+000 -1.0000000000000000E+000
 -1.0000000000000000E+000 -1.0000000000000000E+000
BLOCK 120   1.4636758513774913E+001
 -1.0000000000000000E+000 -1.0000000000000000E+000 -1.0000000000000000E+000 -1.0000000000000000E+000 -1.0000000000000000E+000
 -1.0000000000000000E+000 -1.0000000000000000E+000 -1.0000000000000000E+000 -1.0000000000000000E+000  9.5558949292933448E-001
  1.4873222761463394E+000  1.7417387659378141E+000  1.9397841601469192E+000  2.0928100434457737E+000  2.2012071479502060E+000
  2.2715695524685398E+000  2.3168282565815121E+000  2.3384538726380582E+000  2.3385881085527900E+000  2.3172011893545408E+000
  2.2721249155413474E+000  2.2016961906717349E+000  2.0937073584798687E+000  1.9409010209311097E+000  1.7245157699564719E+000
  1.4799829807867524E+000  1.0064787229289369E+000  1.8210234386858276E-001 -1.0000000000000000E+000 -1.0000000000000000E+000
 -1.0000000000000000E+000 -1.0000000000000000E+000 -1.0000000000000000E+000 -1.0000000000000000E+000 -1.0000000000000000E+000
 -1.0000000000000000E+000 -1.0000000000000000E+000 -1.0000000000000000E+000 -1.0000000000000000E+000 -1.0000000000000000E+000
 -1.0000000000000000E+000 -1.0000000000000000E+000 -1.0000000000000000E+000 -1.0000000000000000E+000 -1.0000000000000000E+000
 -1.0000000000000000E+000 -1.0000000000000000E+000 -1.0000000000000000E+000 -1.0000000000000000E+000 -1.0000000000000000E+000
 -1.0000000000000000E+000 -1.0000000000000000E+000  6.3946546644444080E-001  6.5660882647361674E-001  6.3058483757010031E-001
  5.6658494824325512E-001 -1.0000000000000000E+000 -1.0000000000000000E+000 -1.0000000000000000E+000 -1.0000000000000000E+000
 -1.0000000000000000E+000 -1.0000000000000000E+000 -1.0000000000000000E+000 -1.0000000000000000E+000 -1.0000000000000000E+000
 -1.0000000000000000E+000 -1.0000000000000000E+000 -1.0000000000000000E+000 -1.0000000000000000E+000 -1.0000000000000000E+000
 -1.0000000000000000E+000 -1.0000000000000000E+000
BLOCK 121   1.4759756484478890E+001
 -1.0000000000000000E+000 -1.0000000000000000E+000 -1.0000000000000000E+000 -1.0000000000000000E+000 -1.0000000000000000E+000
 -1.0000000000000000E+000 -1.0000000000000000E+000 -1.0000000000000000E+000 -1.0000000000000000E+000  9.3332588661581661E-001
  1.4706883608921948E+000  1.8140710041498025E+000  1.9772309719397569E+000  2.1003626871788050E+000  2.1931839765452428E+000
  2.2558745578029589E+000  2.2960551469882353E+000  2.3160262665419640E+000  2.3161931240016029E+000  2.2965907773776504E+000
  2.2570349288211431E+000  2.1947693360187008E+000  2.0997836255789264E+000  1.9665783497207663E+000  1.7991207189961271E+000
  1.4979908065778396E+000  9.3783075048323594E-001 -1.0000000000000000E+000 -1.0000000000000000E+000 -1.0000000000000000E+000
 -1.0000000000000000E+000 -1.0000000000000000E+000 -1.0000000000000000E+000 -1.0000000000000000E+000 -1.0000000000000000E+000
 -1.0000000000000000E+000 -1.0000000000000000E+000 -1.0000000000000000E+000 -1.0000000000000000E+000 -1.0000000000000000E+000
 -1.0000000000000000E+000 -1.0000000000000000E+000 -1.0000000000000000E+000 -1.0000000000000000E+000 -1.0000000000000000E+000
 -1.0000000000000000E+000 -1.0000000000000000E+000 -1.0000000000000000E+000 -1.0000000000000000E+000 -1.0000000000000000E+000
 -1.0000000000000000E+000  4.9081596232969804E-001  5.6044647993339236E-001  6.0891596730079889E-001  5.9828311242012922E-001
  4.8900659180520223E-001 -1.0000000000000000E+000 -1.0000000000000000E+000 -1.0000000000000000E+000 -1.0000000000000000E+000
 -1.0000000000000000E+000 -1.0000000000000000E+000 -1.0000000000000000E+000 -1.0000000000000000E+000 -1.0000000000000000E+000
 -1.0000000000000000E+000 -1.0000000000000000E+000 -1.0000000000000000E+000 -1.0000000000000000E+000 -1.0000000000000000E+000
 -1.0000000000000000E+000 -1.0000000000000000E+000
BLOCK 122   1.4882754455182868E+001
 -1.0000000000000000E+000 -1.0000000000000000E+000 -1.0000000000000000E+000 -1.0000000000000000E+000 -1.0000000000000000E+000
 -1.0000000000000000E+000 -1.0000000000000000E+000 -1.0000000000000000E+000 -1.0000000000000000E+000  9.6027165445589646E-001
  1.5370264200499362E+000  1.8465335996776713E+000  2.0057869546924381E+000  2.1075380376532022E+000  2.1764756774046101E+000
  2.2292832480884672E+000  2.2648397608253648E+000  2.2834735298820013E+000  2.2843183241037570E+000  2.2665777962244955E+000
  2.2297951281702604E+000  2.1713435218878243E+000  2.0985207493183844E+000  1.9971031984030383E+000  1.8491636453197613E+000
  1.5591644488529366E+000  9.7227555592243187E-001 -1.0000000000000000E+000 -1.0000000000000000E+000 -1.0000000000000000E+000
 -1.0000000000000000E+000 -1.0000000000000000E+000 -1.0000000000000000E+000 -1.0000000000000000E+000 -1.0000000000000000E+000
 -1.0000000000000000E+000 -1.0000000000000000E+000 -1.0000000000000000E+000 -1.0000000000000000E+000 -1.0000000000000000E+000
 -1.0000000000000000E+000 -1.0000000000000000E+000 -1.0000000000000000E+000 -1.0000000000000000E+000 -1.0000000000000000E+000
 -1.0000000000000000E+000 -1.0000000000000000E+000 -1.0000000000000000E+000 -1.0000000000000000E+000  2.2138540153533193E-001
  3.3790317551628635E-001  4.2297774275632782E-001  5.1064331201932833E-001  5.1123391393717510E-001  4.9800213037941715E-001
  4.6646813962747091E-001  3.5374989718231958E-001  1.6412527422301279E-001 -1.0000000000000000E+000 -1.0000000000000000E+000
 -1.0000000000000000E+000 -1.0000000000000000E+000 -1.0000000000000000E+000 -1.0000000000000000E+000 -1.0000000000000000E+000
 -1.0000000000000000E+000 -1.0000000000000000E+000 -1.0000000000000000E+000 -1.0000000000000000E+000 -1.0000000000000000E+000
 -1.0000000000000000E+000 -1.0000000000000000E+000
BLOCK 123   1.5005752425886845E+001
 -1.0000000000000000E+000 -1.0000000000000000E+000 -1.0000000000000000E+000 -1.0000000000000000E+000 -1.0000000000000000E+000
 -1.0000000000000000E+000 -1.0000000000000000E+000 -1.0000000000000000E+000 -1.0000000000000000E+000  1.1513835948037570E+000
  1.6242781520472005E+000  1.8472015372002477E+000  1.9970660313327040E+000  2.0993566143442797E+000  2.1623613398831805E+000
  2.2055613524331315E+000  2.2303627400390420E+000  2.2409551561425909E+000  2.2389942840933177E+000  2.2251935312628448E+000
  2.1983164624354341E+000  2.1563478526159261E+000  2.0941738234883100E+000  1.9985959472169483E+000  1.8521509159982157E+000
  1.6346001347935661E+000  1.1701205976303435E+000 -1.0000000000000000E+000 -1.0000000000000000E+000 -1.0000000000000000E+000
 -1.0000000000000000E+000 -1.0000000000000000E+000 -1.0000000000000000E+000 -1.0000000000000000E+000 -1.0000000000000000E+000
 -1.0000000000000000E+000 -1.0000000000000000E+000 -1.0000000000000000E+000 -1.0000000000000000E+000 -1.0000000000000000E+000
 -1.0000000000000000E+000 -1.0000000000000000E+000 -1.0000000000000000E+000 -1.0000000000000000E+000 -1.0000000000000000E+000
 -1.0000000000000000E+000 -1.0000000000000000E+000 -1.0000000000000000E+000  2.1249504634215746E-001  3.3059469139934472E-001
  3.8472961837258357E-001  4.1064770184068278E-001  4.5527795630273904E-001  4.5990218637534425E-001  4.4898397545170149E-001
  4.2341270685995414E-001  3.6833219421977670E-001  3.0364850618042194E-001  1.4756854661088434E-001 -1.0000000000000000E+000
 -1.0000000000000000E+000 -1.0000000000000000E+000 -1.0000000000000000E+000 -1.0000000000000000E+000 -1.0000000000000000E+000
 -1.0000000000000000E+000 -1.0000000000000000E+000 -1.0000000000000000E+000 -1.0000000000000000E+000 -1.0000000000000000E+000
 -1.0000000000000000E+000 -1.0000000000000000E+000
BLOCK 124   1.5128750404392784E+001
 -1.0000000000000000E+000 -1.0000000000000000E+000 -1.0000000000000000E+000 -1.0000000000000000E+000 -1.0000000000000000E+000
 -1.0000000000000000E+000 -1.0000000000000000E+000 -1.0000000000000000E+000 -1.0000000000000000E+000  1.3846123190519180E+000
  1.6680411966758311E+000  1.8428351703173727E+000  1.9718823553864711E+000  2.0652034922894917E+000  2.1315361381586930E+000
  2.1732353406422069E+000  2.1972745001249021E+000  2.2058077724224390E+000  2.2027611055560463E+000  2.1899968714678093E+000
  2.1669359545073759E+000  2.1281850333396299E+000  2.0658314368095607E+000  1.9744941445194601E+000  1.8458731976881633E+000
  1.6746350639152123E+000  1.3966586324164862E+000 -1.0000000000000000E+000 -1.0000000000000000E+000 -1.0000000000000000E+000
 -1.0000000000000000E+000 -1.0000000000000000E+000 -1.0000000000000000E+000 -1.0000000000000000E+000 -1.0000000000000000E+000
 -1.0000000000000000E+000 -1.0000000000000000E+000 -1.0000000000000000E+000 -1.0000000000000000E+000 -1.0000000000000000E+000
 -1.0000000000000000E+000 -1.0000000000000000E+000 -1.0000000000000000E+000 -1.0000000000000000E+000 -1.0000000000000000E+000
 -1.0000000000000000E+000 -1.0000000000000000E+000 -1.0000000000000000E+000  2.8185131601259988E-001  3.6764822052591428E-001
  4.0494652113114427E-001  4.1521734341451338E-001  4.1137552341580075E-001  4.1138994680402807E-001  4.1610601589592500E-001
  4.1605551963913368E-001  3.9014719247665258E-001  3.3057102833967356E-001  1.7686275317055972E-001 -1.0000000000000000E+000
 -1.0000000000000000E+000 -1.0000000000000000E+000 -1.0000000000000000E+000 -1.0000000000000000E+000 -1.0000000000000000E+000
 -1.0000000000000000E+000 -1.0000000000000000E+000 -1.0000000000000000E+000 -1.0000000000000000E+000 -1.0000000000000000E+000
 -1.0000000000000000E+000 -1.0000000000000000E+000
BLOCK 125   1.5128750404392800E+001
 -1.0000000000000000E+000 -1.0000000000000000E+000 -1.0000000000000000E+000 -1.0000000000000000E+000 -1.0000000000000000E+000
 -1.0000000000000000E+000 -1.0000000000000000E+000 -1.0000000000000000E+000 -1.0000000000000000E+000  1.3846123190519180E+000
  1.6680411966758311E+000  1.8428351703173727E+000  1.9718823553864711E+000  2.0652034922894917E+000  2.1315361381586930E+000
  2.1732353406422069E+000  2.1972745001249021E+000  2.2058077724224390E+000  2.2027611055560463E+000  2.1899968714678093E+000
  2.1669359545073759E+000  2.1281850333396299E+000  2.0658314368095607E+000  1.9744941445194601E+000  1.8458731976881633E+000
  1.6746350639152123E+000  1.3966586324164862E+000 -1.0000000000000000E+000 -1.0000000000000000E+000 -1.0000000000000000E+000
 -1.0000000000000000E+000 -1.0000000000000000E+000 -1.0000000000000000E+000 -1.0000000000000000E+000 -1.0000000000000000E+000
 -1.0000000000000000E+000 -1.0000000000000000E+000 -1.0000000000000000E+000 -1.0000000000000000E+000 -1.0000000000000000E+000
 -1.0000000000000000E+000 -1.0000000000000000E+000 -1.0000000000000000E+000 -1.0000000000000000E+000 -1.0000000000000000E+000
 -1.0000000000000000E+000 -1.0000000000000000E+000 -1.0000000000000000E+000  2.8185131601259988E-001  3.6764822052591428E-001
  4.0494652113114427E-001  4.1521734341451338E-001  4.1137552341580075E-001  4.1138994680402807E-001  4.1610601589592500E-001
  4.1605551963913368E-001  3.9014719247665258E-001  3.3057102833967356E-001  1.7686275317055972E-001 -1.0000000000000000E+000
 -1.0000000000000000E+000 -1.0000000000000000E+000 -1.0000000000000000E+000 -1.0000000000000000E+000 -1.0000000000000000E+000
 -1.0000000000000000E+000 -1.0000000000000000E+000 -1.0000000000000000E+000 -1.0000000000000000E+000 -1.0000000000000000E+000
 -1.0000000000000000E+000 -1.0000000000000000E+000
END
