# LSA profile bundle v1
WAVELENGTH   8.9759790099999996E+000
NZ 144
NBLOCKS 165
Z
  3.1166593784722221E-002  9.3499781354166658E-002  1.5583296892361112E-001  2.1816615649305554E-001  2.8049934406249999E-001
  3.4283253163194444E-001  4.0516571920138889E-001  4.6749890677083328E-001  5.2983209434027778E-001  5.9216528190972229E-001
  6.5449846947916657E-001  7.1683165704861107E-001  7.7916484461805557E-001  8.4149803218749997E-001  9.0383121975694436E-001
  9.6616440732638886E-001  1.0284975948958333E+000  1.0908307824652779E+000  1.1531639700347223E+000  1.2154971576041667E+000
  1.2778303451736110E+000  1.3401635327430554E+000  1.4024967203124998E+000  1.4648299078819444E+000  1.5271630954513888E+000
  1.5894962830208332E+000  1.6518294705902778E+000  1.7141626581597222E+000  1.7764958457291664E+000  1.8388290332986112E+000
  1.9011622208680556E+000  1.9634954084375000E+000  2.0258285960069440E+000  2.0881617835763886E+000  2.1504949711458332E+000
  2.2128281587152774E+000  2.2751613462847220E+000  2.3374945338541666E+000  2.3998277214236108E+000  2.4621609089930554E+000
  2.5244940965625000E+000  2.5868272841319442E+000  2.6491604717013888E+000  2.7114936592708334E+000  2.7738268468402776E+000
  2.8361600344097222E+000  2.8984932219791668E+000  2.9608264095486110E+000  3.0231595971180552E+000  3.0854927846874998E+000
  3.1478259722569444E+000  3.2101591598263886E+000  3.2724923473958332E+000  3.3348255349652778E+000  3.3971587225347220E+000
  3.4594919101041666E+000  3.5218250976736112E+000  3.5841582852430554E+000  3.6464914728124995E+000  3.7088246603819446E+000
  3.7711578479513883E+000  3.8334910355208334E+000  3.8958242230902775E+000  3.9581574106597222E+000  4.0204905982291663E+000
  4.0828237857986114E+000  4.1451569733680556E+000  4.2074901609374997E+000  4.2698233485069439E+000  4.3321565360763890E+000
  4.3944897236458331E+000  4.4568229112152782E+000  4.5191560987847224E+000  4.5814892863541665E+000  4.6438224739236107E+000
  4.7061556614930549E+000  4.7684888490624999E+000  4.8308220366319441E+000  4.8931552242013892E+000  4.9554884117708333E+000
  5.0178215993402775E+000  5.0801547869097217E+000  5.1424879744791667E+000  5.2048211620486109E+000  5.2671543496180560E+000
  5.3294875371875001E+000  5.3918207247569443E+000  5.4541539123263885E+000  5.5164870998958326E+000  5.5788202874652777E+000
  5.6411534750347219E+000  5.7034866626041669E+000  5.7658198501736102E+000  5.8281530377430553E+000  5.8904862253124994E+000
  5.9528194128819445E+000  6.0151526004513887E+000  6.0774857880208337E+000  6.1398189755902770E+000  6.2021521631597221E+000
  6.2644853507291662E+000  6.3268185382986113E+000  6.3891517258680555E+000  6.4514849134375005E+000  6.5138181010069438E+000
  6.5761512885763880E+000  6.6384844761458330E+000  6.7008176637152772E+000  6.7631508512847223E+000  6.8254840388541664E+000
  6.8878172264236106E+000  6.9501504139930548E+000  7.0124836015624998E+000  7.0748167891319440E+000  7.1371499767013882E+000
  7.1994831642708341E+000  7.2618163518402774E+000  7.3241495394097216E+000  7.3864827269791657E+000  7.4488159145486117E+000
  7.5111491021180559E+000  7.5734822896875000E+000  7.6358154772569442E+000  7.6981486648263875E+000  7.7604818523958334E+000
  7.8228150399652776E+000  7.8851482275347218E+000  7.9474814151041659E+000  8.0098146026736110E+000  8.0721477902430561E+000
  8.1344809778124993E+000  8.1968141653819444E+000  8.2591473529513895E+000  8.3214805405208327E+000  8.3838137280902778E+000
  8.4461469156597211E+000  8.5084801032291661E+000  8.5708132907986112E+000  8.6331464783680545E+000  8.6954796659374995E+000
  8.7578128535069428E+000  8.8201460410763897E+000  8.8824792286458329E+000  8.9448124162152780E+000
BLOCK 1   0.0000000000000000E+000
  1.0000547224297012E+000  1.0001644458388050E+000  1.0002746240521623E+000  1.0007605377421080E+000  1.0009753500540757E+000
  1.0011883057317779E+000  1.0013989994019781E+000  1.0016070299973012E+000  1.0018120015196847E+000  1.0020135237941865E+000
  1.0022112132117036E+000  1.0024046934591941E+000  1.0025935962360106E+000  1.0027775619549810E+000  1.0029562404269037E+000
  1.0031292915271521E+000  1.0032963858431221E+000  1.0034572053012862E+000  1.0036114437726660E+000  1.0037588076555650E+000
  1.0038990164344568E+000  1.0040318032139626E+000  1.0041569152269010E+000  1.0042741143154441E+000  1.0043831773844665E+000
  1.0044838968262177E+000  1.0045760809155160E+000  1.0046595541747088E+000  1.0047341577077027E+000  1.0047997495024326E+000
  1.0048562047011902E+000  1.0049034158382952E+000  1.0049412930446657E+000  1.0049697642188862E+000  1.0049887751644588E+000
  1.0049982896929679E+000  1.0049982896929679E+000  1.0049887751644586E+000  1.0049697642188862E+000  1.0049412930446655E+000
  1.0049034158382952E+000  1.0048562047011900E+000  1.0047997495024330E+000  1.0047341577077025E+000  1.0046595541747085E+000
  1.0045760809155160E+000  1.0044838968262175E+000  1.0043831773844663E+000  1.0042741143154439E+000  1.0041569152269005E+000
  1.0040318032139628E+000  1.0038990164344568E+000  1.0037588076555648E+000  1.0036114437726658E+000  1.0034572053012858E+000
  1.0032963858431216E+000  1.0031292915271519E+000  1.0029562404269035E+000  1.0027775619549808E+000  1.0025935962360104E+000
  1.0024046934591939E+000  1.0022112132117036E+000  1.0020135237941865E+000  1.0018120015196843E+000  1.0016070299973008E+000
  1.0013989994019781E+000  1.0011883057317774E+000  1.0009753500540755E+000  1.0007605377421080E+000  1.0002746240521718E+000
  1.0001644458388146E+000  1.0000547224297107E+000  9.9994527757179019E-001  9.9983555416264425E-001  9.9972537594924038E-001
  9.9923946226084825E-001  9.9902464994883777E-001  9.9881169427108252E-001  9.9860100060081913E-001  9.9839297000542382E-001
  9.9818799848295936E-001  9.9798647620836811E-001  9.9778878679075433E-001  9.9759530654316064E-001  9.9740640376623491E-001
  9.9722243804715038E-001  9.9704375957510927E-001  9.9687070847473880E-001  9.9670361415864472E-001  9.9654279470035501E-001
  9.9638855622884903E-001  9.9624119234582420E-001  9.9610098356680798E-001  9.9596819678718007E-001  9.9584308477412342E-001
  9.9572588568546594E-001  9.9561682261633422E-001  9.9551610317447958E-001  9.9542391908508432E-001  9.9534044582580283E-001
  9.9526584229272763E-001  9.9520025049792504E-001  9.9514379529910457E-001  9.9509658416194602E-001  9.9505870695553256E-001
  9.9503023578127936E-001  9.9501122483568505E-001  9.9500171030716489E-001  9.9500171030716478E-001  9.9501122483568483E-001
  9.9503023578127925E-001  9.9505870695553256E-001  9.9509658416194602E-001  9.9514379529910468E-001  9.9520025049792493E-001
  9.9526584229272752E-001  9.9534044582580261E-001  9.9542391908508443E-001  9.9551610317447947E-001  9.9561682261633422E-001
  9.9572588568546572E-001  9.9584308477412331E-001  9.9596819678718007E-001  9.9610098356680765E-001  9.9624119234582420E-001
  9.9638855622884892E-001  9.9654279470035478E-001  9.9670361415864450E-001  9.9687070847473869E-001  9.9704375957510905E-001
  9.9722243804715027E-001  9.9740640376623479E-001  9.9759530654316064E-001  9.9778878679075422E-001  9.9798647620836800E-001
  9.9818799848295914E-001  9.9839297000542360E-001  9.9860100060081880E-001  9.9881169427108230E-001  9.9902464994883755E-001
  9.9923946226084803E-001  9.9972537594923228E-001  9.9983555416263614E-001  9.9994527757178209E-001
BLOCK 2   6.5229524387999963E-002
  1.0000547472817229E+000  1.0001644984909739E+000  1.0002747048432796E+000  1.0007607497605671E+000  1.0009756139694701E+000
  1.0011886205527898E+000  1.0013993644155350E+000  1.0016074443894452E+000  1.0018124643388953E+000  1.0020140340081580E+000
  1.0022117697212867E+000  1.0024052950933116E+000  1.0025942417508327E+000  1.0027782500364633E+000  1.0029569696939935E+000
  1.0031300605349591E+000  1.0032971930860237E+000  1.0034580492160134E+000  1.0036123227413745E+000  1.0037597200089063E+000
  1.0038999604546348E+000  1.0040327771377706E+000  1.0041579172487476E+000  1.0042751425903533E+000  1.0043842300310457E+000
  1.0044849719296056E+000  1.0045771765303049E+000  1.0046606683278294E+000  1.0047352884012877E+000  1.0048008947166480E+000
  1.0048573623970456E+000  1.0049045839604289E+000  1.0049424695241085E+000  1.0049709469758048E+000  1.0049899621108842E+000
  1.0049994787355117E+000  1.0049994787355119E+000  1.0049899621108851E+000  1.0049709469758050E+000  1.0049424695241085E+000
  1.0049045839604305E+000  1.0048573623970463E+000  1.0048008947166494E+000  1.0047352884012886E+000  1.0046606683278303E+000
  1.0045771765303060E+000  1.0044849719296067E+000  1.0043842300310446E+000  1.0042751425903538E+000  1.0041579172487483E+000
  1.0040327771377699E+000  1.0038999604546348E+000  1.0037597200089066E+000  1.0036123227413747E+000  1.0034580492160137E+000
  1.0032971930860248E+000  1.0031300605349598E+000  1.0029569696939939E+000  1.0027782500364639E+000  1.0025942417508338E+000
  1.0024052950933113E+000  1.0022117697212873E+000  1.0020140340081591E+000  1.0018124643388959E+000  1.0016074443894445E+000
  1.0013993644155341E+000  1.0011886205527909E+000  1.0009756139694717E+000  1.0007607497605671E+000  1.0002747048432912E+000
  1.0001644984909845E+000  1.0000547472817329E+000  9.9994527526852561E-001  9.9983552553939670E-001  9.9972532124558289E-001
  9.9923930318235421E-001  9.9902443766622584E-001  9.9881142813785950E-001  9.9860068056552398E-001  9.9839259688695448E-001
  9.9818757336951791E-001  9.9798600001918980E-001  9.9778826036181756E-001  9.9759473076922922E-001  9.9740577964681987E-001
  9.9722176668930884E-001  9.9704304218978090E-001  9.9686994637384052E-001  9.9670280875268880E-001  9.9654194749601732E-001
  9.9638766882629948E-001  9.9624026643577113E-001  9.9610002092726657E-001  9.9596719927995325E-001  9.9584205434101547E-001
  9.9572482434423637E-001  9.9561573245639423E-001  9.9551498635235958E-001  9.9542277781967681E-001  9.9533928239338765E-001
  9.9526465902181349E-001  9.9519904976391105E-001  9.9514257951876994E-001  9.9509535578781882E-001  9.9505746847011101E-001
  9.9502898969117048E-001  9.9500997366564747E-001  9.9500045659410952E-001  9.9500045659410907E-001  9.9500997366564725E-001
  9.9502898969116926E-001  9.9505746847010956E-001  9.9509535578781672E-001  9.9514257951877050E-001  9.9519904976390972E-001
  9.9526465902181327E-001  9.9533928239338576E-001  9.9542277781967514E-001  9.9551498635235858E-001  9.9561573245639379E-001
  9.9572482434423570E-001  9.9584205434101691E-001  9.9596719927995314E-001  9.9610002092726657E-001  9.9624026643577290E-001
  9.9638766882630114E-001  9.9654194749601965E-001  9.9670280875268935E-001  9.9686994637383897E-001  9.9704304218977868E-001
  9.9722176668930618E-001  9.9740577964681809E-001  9.9759473076922744E-001  9.9778826036181834E-001  9.9798600001919013E-001
  9.9818757336951658E-001  9.9839259688695492E-001  9.9860068056552398E-001  9.9881142813785972E-001  9.9902443766622617E-001
  9.9923930318235288E-001  9.9972532124557389E-001  9.9983552553938759E-001  9.9994527526851673E-001
BLOCK 3   1.3045904877599987E-001
  1.0000548256141644E+000  1.0001646588088515E+000  1.0002749481673039E+000  1.0007613885802533E+000  1.0009764128583596E+000
  1.0011895774238633E+000  1.0014004761100979E+000  1.0016087071640050E+000  1.0018138745349994E+000  1.0020155883352944E+000
  1.0022134649798471E+000  1.0024071278306541E+000  1.0025962082013216E+000  1.0027803461925608E+000  1.0029591913485776E+000
  1.0031324032899160E+000  1.0032996523571636E+000  1.0034606202418415E+000  1.0036150005932054E+000  1.0037624996007042E+000
  1.0039028365524982E+000  1.0040357443692423E+000  1.0041609701120293E+000  1.0042782754634485E+000  1.0043874371808337E+000
  1.0044882475208172E+000  1.0045805146344309E+000  1.0046640629319306E+000  1.0047387334167257E+000  1.0048043839877379E+000
  1.0048608897096294E+000  1.0049081430503670E+000  1.0049460540857149E+000  1.0049745506702090E+000  1.0049935785743453E+000
  1.0050031015876824E+000  1.0050031015876824E+000  1.0049935785743456E+000  1.0049745506702090E+000  1.0049460540857145E+000
  1.0049081430503675E+000  1.0048608897096298E+000  1.0048043839877392E+000  1.0047387334167244E+000  1.0046640629319299E+000
  1.0045805146344315E+000  1.0044882475208188E+000  1.0043874371808337E+000  1.0042782754634503E+000  1.0041609701120309E+000
  1.0040357443692431E+000  1.0039028365524985E+000  1.0037624996007053E+000  1.0036150005932050E+000  1.0034606202418423E+000
  1.0032996523571649E+000  1.0031324032899167E+000  1.0029591913485794E+000  1.0027803461925624E+000  1.0025962082013242E+000
  1.0024071278306552E+000  1.0022134649798478E+000  1.0020155883352961E+000  1.0018138745350014E+000  1.0016087071640052E+000
  1.0014004761100983E+000  1.0011895774238626E+000  1.0009764128583578E+000  1.0007613885802522E+000  1.0002749481673137E+000
  1.0001646588088624E+000  1.0000548256141746E+000  9.9994527227016072E-001  9.9983544072605690E-001  9.9972515353468305E-001
  9.9923881170188189E-001  9.9902378417242355E-001  9.9881061350480382E-001  9.9859970571054724E-001  9.9839146251561195E-001
  9.9818628053778879E-001  9.9798455041745027E-001  9.9778665651231258E-001  9.9759297601500585E-001  9.9740387761536919E-001
  9.9721972095769740E-001  9.9704085641220086E-001  9.9686762447965926E-001  9.9670035500748566E-001  9.9653936648319963E-001
  9.9638496542148114E-001  9.9623744579081319E-001  9.9609708845911604E-001  9.9596416066001026E-001  9.9583891548371251E-001
  9.9572159139474858E-001  9.9561241177756910E-001  9.9551158451091604E-001  9.9541930157172209E-001  9.9533573866931946E-001
  9.9526105491062089E-001  9.9519539249693834E-001  9.9513887645301902E-001  9.9509161438878857E-001  9.9505369629431828E-001
  9.9502519436833381E-001  9.9500616288064259E-001  9.9499663806873273E-001  9.9499663806873295E-001  9.9500616288064314E-001
  9.9502519436833281E-001  9.9505369629431906E-001  9.9509161438878679E-001  9.9513887645301513E-001  9.9519539249693467E-001
  9.9526105491061667E-001  9.9533573866931579E-001  9.9541930157171998E-001  9.9551158451091437E-001  9.9561241177756754E-001
  9.9572159139474981E-001  9.9583891548371484E-001  9.9596416066001436E-001  9.9609708845912015E-001  9.9623744579081586E-001
  9.9638496542148480E-001  9.9653936648320018E-001  9.9670035500748566E-001  9.9686762447965860E-001  9.9704085641219875E-001
  9.9721972095769706E-001  9.9740387761536531E-001  9.9759297601500463E-001  9.9778665651231002E-001  9.9798455041744949E-001
  9.9818628053778913E-001  9.9839146251561084E-001  9.9859970571054935E-001  9.9881061350480560E-001  9.9902378417242410E-001
  9.9923881170188222E-001  9.9972515353467351E-001  9.9983544072604802E-001  9.9994527227015206E-001
BLOCK 4   1.9568857316399976E-001
  1.0000549579969897E+000  1.0001649284041714E+000  1.0002753561132041E+000  1.0007624560639057E+000  1.0009777441783558E+000
  1.0011911697262705E+000  1.0014023261409193E+000  1.0016108111792288E+000  1.0018162278228264E+000  1.0020181850253491E+000
  1.0022162983896767E+000  1.0024101909873604E+000  1.0025994942879437E+000  1.0027838485946865E+000  1.0029629033173271E+000
  1.0031363176515451E+000  1.0033037614918590E+000  1.0034649161848355E+000  1.0036194751026275E+000  1.0037671441786316E+000
  1.0039076424544644E+000  1.0040407026175051E+000  1.0041660715114795E+000  1.0042835106175223E+000  1.0043927965068689E+000
  1.0044937212650944E+000  1.0045860928870347E+000  1.0046697356415115E+000  1.0047444904051084E+000  1.0048102149644029E+000
  1.0048667842860595E+000  1.0049140907542675E+000  1.0049520443751130E+000  1.0049805729474737E+000  1.0049996222001090E+000
  1.0050091558947098E+000  1.0050091558947103E+000  1.0049996222001087E+000  1.0049805729474741E+000  1.0049520443751141E+000
  1.0049140907542680E+000  1.0048667842860592E+000  1.0048102149644043E+000  1.0047444904051086E+000  1.0046697356415131E+000
  1.0045860928870380E+000  1.0044937212650951E+000  1.0043927965068682E+000  1.0042835106175223E+000  1.0041660715114813E+000
  1.0040407026175080E+000  1.0039076424544657E+000  1.0037671441786333E+000  1.0036194751026297E+000  1.0034649161848355E+000
  1.0033037614918590E+000  1.0031363176515451E+000  1.0029629033173260E+000  1.0027838485946878E+000  1.0025994942879455E+000
  1.0024101909873622E+000  1.0022162983896812E+000  1.0020181850253527E+000  1.0018162278228298E+000  1.0016108111792283E+000
  1.0014023261409184E+000  1.0011911697262699E+000  1.0009777441783556E+000  1.0007624560639035E+000  1.0002753561132141E+000
  1.0001649284041805E+000  1.0000549579970004E+000  9.9994526824296548E-001  9.9983529942736349E-001  9.9972487289529377E-001
  9.9923798864347368E-001  9.9902268957334894E-001  9.9880924866351584E-001  9.9859807254346666E-001  9.9838956337265150E-001
  9.9818411827252318E-001  9.9798212850176349E-001  9.9778397869849389E-001  9.9759004631771264E-001  9.9740070076590981E-001
  9.9721630258883831E-001  9.9703720311257160E-001  9.9686374360542207E-001  9.9669625420893482E-001  9.9653505348931337E-001
  9.9638044822525262E-001  9.9623273286820591E-001  9.9609218881370598E-001  9.9595908376604125E-001  9.9583367122906852E-001
  9.9571619004817069E-001  9.9560686396717035E-001  9.9550590120321103E-001  9.9541349404843527E-001  9.9532981850240221E-001
  9.9525503393610748E-001  9.9518928278788554E-001  9.9513269029166895E-001  9.9508536423805993E-001  9.9504739476866066E-001
  9.9501885420410419E-001  9.9499979690605567E-001  9.9499025917350004E-001  9.9499025917349859E-001  9.9499979690605245E-001
  9.9501885420410219E-001  9.9504739476865756E-001  9.9508536423805705E-001  9.9513269029166485E-001  9.9518928278787988E-001
  9.9525503393610282E-001  9.9532981850239999E-001  9.9541349404843238E-001  9.9550590120321070E-001  9.9560686396717191E-001
  9.9571619004817125E-001  9.9583367122907218E-001  9.9595908376604414E-001  9.9609218881370842E-001  9.9623273286820879E-001
  9.9638044822525607E-001  9.9653505348931559E-001  9.9669625420893615E-001  9.9686374360542163E-001  9.9703720311257227E-001
  9.9721630258883542E-001  9.9740070076590870E-001  9.9759004631770754E-001  9.9778397869849234E-001  9.9798212850176382E-001
  9.9818411827252118E-001  9.9838956337265161E-001  9.9859807254346700E-001  9.9880924866351883E-001  9.9902268957335039E-001
  9.9923798864347180E-001  9.9972487289528378E-001  9.9983529942735272E-001  9.9994526824295737E-001
BLOCK 5   2.6091809755199968E-001
  1.0000551438526160E+000  1.0001653066945428E+000  1.0002759282822473E+000  1.0007639525102923E+000  1.0009796095648673E+000
  1.0011933996730404E+000  1.0014049156518730E+000  1.0016137545961015E+000  1.0018195188478982E+000  1.0020218166396928E+000
  1.0022202629183610E+000  1.0024144800178814E+000  1.0026040984359463E+000  1.0027887575567784E+000  1.0029681062585156E+000
  1.0031418036307540E+000  1.0033095196863582E+000  1.0034709357607980E+000  1.0036257448776218E+000  1.0037736524192973E+000
  1.0039143769203454E+000  1.0040476506934355E+000  1.0041732202897886E+000  1.0042908469235352E+000  1.0044003069092835E+000
  1.0045013920917167E+000  1.0045939102453596E+000  1.0046776854400756E+000  1.0047525583742534E+000  1.0048183866765608E+000
  1.0048750451758279E+000  1.0049224261383758E+000  1.0049604394722471E+000  1.0049890128979770E+000  1.0050080920855886E+000
  1.0050176407575571E+000  1.0050176407575566E+000  1.0050080920855893E+000  1.0049890128979768E+000  1.0049604394722478E+000
  1.0049224261383771E+000  1.0048750451758304E+000  1.0048183866765616E+000  1.0047525583742543E+000  1.0046776854400767E+000
  1.0045939102453598E+000  1.0045013920917181E+000  1.0044003069092848E+000  1.0042908469235381E+000  1.0041732202897913E+000
  1.0040476506934359E+000  1.0039143769203451E+000  1.0037736524192962E+000  1.0036257448776229E+000  1.0034709357607994E+000
  1.0033095196863582E+000  1.0031418036307544E+000  1.0029681062585185E+000  1.0027887575567798E+000  1.0026040984359481E+000
  1.0024144800178838E+000  1.0022202629183634E+000  1.0020218166396986E+000  1.0018195188479018E+000  1.0016137545961012E+000
  1.0014049156518736E+000  1.0011933996730400E+000  1.0009796095648642E+000  1.0007639525102887E+000  1.0002759282822558E+000
  1.0001653066945522E+000  1.0000551438526257E+000  9.9994526279878948E-001  9.9983510127557218E-001  9.9972447918464236E-001
  9.9923683390813323E-001  9.9902115398708169E-001  9.9880733405827593E-001  9.9859578153258444E-001  9.9838689940262682E-001
  9.9818108550020979E-001  9.9797873185012653E-001  9.9778022387479592E-001  9.9758593965990328E-001  9.9739624931350812E-001
  9.9721151418756382E-001  9.9703208616639105E-001  9.9685830715319557E-001  9.9669050824578609E-001  9.9652900904095387E-001
  9.9637411726575131E-001  9.9622612804766875E-001  9.9608532307815856E-001  9.9595197026611704E-001  9.9582632354954037E-001
  9.9570862240988345E-001  9.9559909122518686E-001  9.9549793874015047E-001  9.9540535768520966E-001  9.9532152445088085E-001
  9.9524659876892674E-001  9.9518072340677222E-001  9.9512402389070664E-001  9.9507660826399225E-001  9.9503856687999170E-001
  9.9500997222957177E-001  9.9499087880264314E-001  9.9498132298406072E-001  9.9498132298405817E-001  9.9499087880264170E-001
  9.9500997222956689E-001  9.9503856687998571E-001  9.9507660826398547E-001  9.9512402389070087E-001  9.9518072340676833E-001
  9.9524659876892541E-001  9.9532152445088040E-001  9.9540535768521032E-001  9.9549793874015180E-001  9.9559909122518886E-001
  9.9570862240988744E-001  9.9582632354954337E-001  9.9595197026612181E-001  9.9608532307816156E-001  9.9622612804767163E-001
  9.9637411726575409E-001  9.9652900904095643E-001  9.9669050824578720E-001  9.9685830715319645E-001  9.9703208616639005E-001
  9.9721151418756560E-001  9.9739624931350590E-001  9.9758593965990339E-001  9.9778022387479581E-001  9.9797873185012553E-001
  9.9818108550021056E-001  9.9838689940262360E-001  9.9859578153258310E-001  9.9880733405827549E-001  9.9902115398707836E-001
  9.9923683390812956E-001  9.9972447918463114E-001  9.9983510127556185E-001  9.9994526279878282E-001
BLOCK 6   3.2614762193999958E-001
  1.0000553826189573E+000  1.0001657930806700E+000  1.0002766640964100E+000  1.0007658769070198E+000  1.0009820082429295E+000
  1.0011962668452810E+000  1.0014082446980375E+000  1.0016175380855015E+000  1.0018237485451624E+000  1.0020264835113402E+000
  1.0022253571448219E+000  1.0024199910117346E+000  1.0026100148319117E+000  1.0027950671738723E+000  1.0029747961587314E+000
  1.0031488601006360E+000  1.0033169281914964E+000  1.0034786811220655E+000  1.0036338116128929E+000  1.0037820250122202E+000
  1.0039230398528549E+000  1.0040565882230537E+000  1.0041824161705464E+000  1.0043002843141113E+000  1.0044099684841012E+000
  1.0045112601923738E+000  1.0046039669617650E+000  1.0046879126313650E+000  1.0047629376770564E+000  1.0048288995226764E+000
  1.0048856728174715E+000  1.0049331496750260E+000  1.0049712398767621E+000  1.0049998710420591E+000  1.0050189887650374E+000
  1.0050285567174637E+000  1.0050285567174639E+000  1.0050189887650385E+000  1.0049998710420602E+000  1.0049712398767610E+000
  1.0049331496750271E+000  1.0048856728174727E+000  1.0048288995226768E+000  1.0047629376770588E+000  1.0046879126313677E+000
  1.0046039669617683E+000  1.0045112601923751E+000  1.0044099684841035E+000  1.0043002843141118E+000  1.0041824161705459E+000
  1.0040565882230539E+000  1.0039230398528556E+000  1.0037820250122205E+000  1.0036338116128947E+000  1.0034786811220671E+000
  1.0033169281914955E+000  1.0031488601006380E+000  1.0029747961587345E+000  1.0027950671738763E+000  1.0026100148319148E+000
  1.0024199910117391E+000  1.0022253571448274E+000  1.0020264835113442E+000  1.0018237485451666E+000  1.0016175380855017E+000
  1.0014082446980348E+000  1.0011962668452796E+000  1.0009820082429268E+000  1.0007658769070158E+000  1.0002766640964196E+000
  1.0001657930806789E+000  1.0000553826189680E+000  9.9994525544835788E-001  9.9983484580886628E-001  9.9972397197577056E-001
  9.9923534685277871E-001  9.9901917689818343E-001  9.9880486926592771E-001  9.9859283243075403E-001  9.9838347036158814E-001
  9.9817718194244875E-001  9.9797436016073870E-001  9.9777539142815230E-001  9.9758065481882552E-001  9.9739052134030037E-001
  9.9720535327524051E-001  9.9702550345599772E-001  9.9685131458161980E-001  9.9668311864546888E-001  9.9652123619969890E-001
  9.9636597575065167E-001  9.9621763328550506E-001  9.9607649154215783E-001  9.9594281944211427E-001  9.9581687176158018E-001
  9.9569888853625199E-001  9.9558909443075383E-001  9.9548769849153229E-001  9.9539489399116599E-001  9.9531085800985941E-001
  9.9523575089985050E-001  9.9516971589211856E-001  9.9511287886297151E-001  9.9506534815090353E-001  9.9502721436899400E-001
  9.9499855022573014E-001  9.9497941037744642E-001  9.9496983132030747E-001  9.9496983132030958E-001  9.9497941037744209E-001
  9.9499855022572636E-001  9.9502721436898889E-001  9.9506534815090009E-001  9.9511287886296718E-001  9.9516971589211523E-001
  9.9523575089984750E-001  9.9531085800985830E-001  9.9539489399116732E-001  9.9548769849153784E-001  9.9558909443075938E-001
  9.9569888853625454E-001  9.9581687176158340E-001  9.9594281944211716E-001  9.9607649154216138E-001  9.9621763328550761E-001
  9.9636597575065367E-001  9.9652123619970023E-001  9.9668311864547077E-001  9.9685131458162046E-001  9.9702550345600216E-001
  9.9720535327524407E-001  9.9739052134030415E-001  9.9758065481882729E-001  9.9777539142815364E-001  9.9797436016073993E-001
  9.9817718194244687E-001  9.9838347036158659E-001  9.9859283243075059E-001  9.9880486926592305E-001  9.9901917689817832E-001
  9.9923534685277149E-001  9.9972397197575802E-001  9.9983484580885373E-001  9.9994525544835167E-001
BLOCK 7   3.9137714632799947E-001
  1.0000556736531074E+000  1.0001663869324284E+000  1.0002775629661382E+000  1.0007682281335082E+000  1.0009849392607770E+000
  1.0011997704594688E+000  1.0014123127396195E+000  1.0016221613727865E+000  1.0018289169433601E+000  1.0020321859228776E+000
  1.0022315815488072E+000  1.0024267244806746E+000  1.0026172435622247E+000  1.0028027765017173E+000  1.0029829705724920E+000
  1.0031574832767221E+000  1.0033259829918566E+000  1.0034881496097086E+000  1.0036436751365514E+000  1.0037922642536830E+000
  1.0039336348919796E+000  1.0040675187352865E+000  1.0041936616644509E+000  1.0043118242403595E+000  1.0044217821407251E+000
  1.0045233264931184E+000  1.0046162642589316E+000  1.0047004187347892E+000  1.0047756300146549E+000  1.0048417552904707E+000
  1.0048986690451855E+000  1.0049462632367709E+000  1.0049844474974408E+000  1.0050131493187913E+000  1.0050323141984880E+000
  1.0050419057449811E+000  1.0050419057449809E+000  1.0050323141984876E+000  1.0050131493187908E+000  1.0049844474974432E+000
  1.0049462632367732E+000  1.0048986690451875E+000  1.0048417552904736E+000  1.0047756300146564E+000  1.0047004187347903E+000
  1.0046162642589331E+000  1.0045233264931206E+000  1.0044217821407269E+000  1.0043118242403604E+000  1.0041936616644536E+000
  1.0040675187352879E+000  1.0039336348919823E+000  1.0037922642536845E+000  1.0036436751365529E+000  1.0034881496097097E+000
  1.0033259829918593E+000  1.0031574832767245E+000  1.0029829705724966E+000  1.0028027765017218E+000  1.0026172435622289E+000
  1.0024267244806802E+000  1.0022315815488150E+000  1.0020321859228847E+000  1.0018289169433614E+000  1.0016221613727858E+000
  1.0014123127396160E+000  1.0011997704594637E+000  1.0009849392607724E+000  1.0007682281335026E+000  1.0002775629661467E+000
  1.0001663869324398E+000  1.0000556736531196E+000  9.9994524561392117E-001  9.9983453239281528E-001  9.9972335065194484E-001
  9.9923352634358487E-001  9.9901675722609562E-001  9.9880185330216753E-001  9.9858922428246866E-001  9.9837927541116800E-001
  9.9817240677604346E-001  9.9796901262279369E-001  9.9776948056088333E-001  9.9757419086074983E-001  9.9738351572536421E-001
  9.9719781856626311E-001  9.9701745334611602E-001  9.9684276388451665E-001  9.9667408319333095E-001  9.9651173288954953E-001
  9.9635602252570155E-001  9.9620724900799162E-001  9.9606569608717965E-001  9.9593163370742122E-001  9.9580531752215951E-001
  9.9568698848199988E-001  9.9557687223289459E-001  9.9547517868684066E-001  9.9538210176811137E-001  9.9529781896263259E-001
  9.9522249087118320E-001  9.9515626105861077E-001  9.9509925594576665E-001  9.9505158448066089E-001  9.9501333774344702E-001
  9.9498458871385254E-001  9.9496539219571545E-001  9.9495578477771252E-001  9.9495578477771096E-001  9.9496539219571833E-001
  9.9498458871385165E-001  9.9501333774344436E-001  9.9505158448065800E-001  9.9509925594576554E-001  9.9515626105860977E-001
  9.9522249087118275E-001  9.9529781896263203E-001  9.9538210176811381E-001  9.9547517868684443E-001  9.9557687223290037E-001
  9.9568698848200454E-001  9.9580531752216328E-001  9.9593163370742621E-001  9.9606569608718487E-001  9.9620724900799251E-001
  9.9635602252570243E-001  9.9651173288955308E-001  9.9667408319333384E-001  9.9684276388452076E-001  9.9701745334612069E-001
  9.9719781856626932E-001  9.9738351572536743E-001  9.9757419086075305E-001  9.9776948056088544E-001  9.9796901262279425E-001
  9.9817240677604491E-001  9.9837927541116434E-001  9.9858922428246544E-001  9.9880185330216176E-001  9.9901675722608718E-001
  9.9923352634357632E-001  9.9972335065193052E-001  9.9983453239280051E-001  9.9994524561391518E-001
BLOCK 8   4.5660667071599936E-001
  1.0000560162362171E+000  1.0001670875799464E+000  1.0002786242797070E+000  1.0007710050841345E+000  1.0009884016614281E+000
  1.0012039097698440E+000  1.0014171192320780E+000  1.0016276241547244E+000  1.0018350239850569E+000  1.0020389240758829E+000
  1.0022389365875759E+000  1.0024346811210767E+000  1.0026257855087151E+000  1.0028118864709705E+000  1.0029926303333636E+000
  1.0031676736769848E+000  1.0033366839979481E+000  1.0034993403287669E+000  1.0036553338503520E+000  1.0038043684700775E+000
  1.0039461613736966E+000  1.0040804435641573E+000  1.0042069603490611E+000  1.0043254717999583E+000  1.0044357532044239E+000
  1.0045375954522098E+000  1.0046308053865143E+000  1.0047152061757070E+000  1.0047906376421707E+000  1.0048569565323002E+000
  1.0049140368245233E+000  1.0049617700801670E+000  1.0050000657150997E+000  1.0050288511324883E+000  1.0050480717832191E+000
  1.0050576912313371E+000  1.0050576912313385E+000  1.0050480717832195E+000  1.0050288511324892E+000  1.0050000657151030E+000
  1.0049617700801696E+000  1.0049140368245233E+000  1.0048569565323029E+000  1.0047906376421722E+000  1.0047152061757072E+000
  1.0046308053865156E+000  1.0045375954522111E+000  1.0044357532044241E+000  1.0043254717999599E+000  1.0042069603490620E+000
  1.0040804435641597E+000  1.0039461613736993E+000  1.0038043684700801E+000  1.0036553338503533E+000  1.0034993403287686E+000
  1.0033366839979529E+000  1.0031676736769888E+000  1.0029926303333687E+000  1.0028118864709770E+000  1.0026257855087208E+000
  1.0024346811210818E+000  1.0022389365875828E+000  1.0020389240758865E+000  1.0018350239850609E+000  1.0016276241547217E+000
  1.0014171192320753E+000  1.0012039097698420E+000  1.0009884016614221E+000  1.0007710050841288E+000  1.0002786242797164E+000
  1.0001670875799566E+000  1.0000560162362295E+000  9.9994523261946855E-001  9.9983416024689953E-001  9.9972261441182064E-001
  9.9923137081198909E-001  9.9901389342130598E-001  9.9879828460735898E-001  9.9858495558467686E-001  9.9837431304067825E-001
  9.9816675855024006E-001  9.9796268779134167E-001  9.9776248983045879E-001  9.9756654635853503E-001  9.9737523097386882E-001
  9.9718890848000574E-001  9.9700793417153677E-001  9.9683265318241776E-001  9.9666339981697016E-001  9.9650049690324571E-001
  9.9634425520707315E-001  9.9619497280701597E-001  9.9605293452694132E-001  9.9591841142717730E-001  9.9579166021876975E-001
  9.9567292280230091E-001  9.9556242583295296E-001  9.9546038018962102E-001  9.9536698061806217E-001  9.9528240540678992E-001
  9.9520681593407656E-001  9.9514035638237275E-001  9.9508315358058264E-001  9.9503531669737499E-001  9.9499693695797009E-001
  9.9496808759409150E-001  9.9494882382134453E-001  9.9493918265021775E-001  9.9493918265021819E-001  9.9494882382134409E-001
  9.9496808759409228E-001  9.9499693695797053E-001  9.9503531669737622E-001  9.9508315358058619E-001  9.9514035638237608E-001
  9.9520681593407934E-001  9.9528240540679336E-001  9.9536698061806528E-001  9.9546038018962690E-001  9.9556242583295795E-001
  9.9567292280230457E-001  9.9579166021877252E-001  9.9591841142718140E-001  9.9605293452694510E-001  9.9619497280701952E-001
  9.9634425520707670E-001  9.9650049690325060E-001  9.9666339981697605E-001  9.9683265318242120E-001  9.9700793417154232E-001
  9.9718890848001251E-001  9.9737523097387493E-001  9.9756654635853981E-001  9.9776248983046056E-001  9.9796268779134345E-001
  9.9816675855023951E-001  9.9837431304067703E-001  9.9858495558467408E-001  9.9879828460735420E-001  9.9901389342129732E-001
  9.9923137081197633E-001  9.9972261441180477E-001  9.9983416024688387E-001  9.9994523261946511E-001
BLOCK 9   5.2183619510399926E-001
  1.0000564095833120E+000  1.0001678943075885E+000  1.0002798474229329E+000  1.0007742066589731E+000  1.0009923945646944E+000
  1.0012086841134380E+000  1.0014226637695505E+000  1.0016339262813163E+000  1.0018420697967676E+000  1.0020466983794387E+000
  1.0022474229525460E+000  1.0024438619089397E+000  1.0026356419180045E+000  1.0028223985784666E+000  1.0030037771363955E+000
  1.0031794331358088E+000  1.0033490330780335E+000  1.0035122550433200E+000  1.0036687893006606E+000  1.0038183388880746E+000
  1.0039606201711708E+000  1.0040953633717478E+000  1.0042223130758363E+000  1.0043412287021600E+000  1.0044518849458004E+000
  1.0045540721965893E+000  1.0046475969074797E+000  1.0047322819407702E+000  1.0048079668940415E+000  1.0048745083718156E+000
  1.0049317802375819E+000  1.0049796738725774E+000  1.0050180983952148E+000  1.0050469808373486E+000  1.0050662663227046E+000
  1.0050759182224767E+000  1.0050759182224764E+000  1.0050662663227043E+000  1.0050469808373494E+000  1.0050180983952164E+000
  1.0049796738725789E+000  1.0049317802375848E+000  1.0048745083718176E+000  1.0048079668940442E+000  1.0047322819407718E+000
  1.0046475969074806E+000  1.0045540721965911E+000  1.0044518849458033E+000  1.0043412287021600E+000  1.0042223130758372E+000
  1.0040953633717489E+000  1.0039606201711724E+000  1.0038183388880770E+000  1.0036687893006653E+000  1.0035122550433262E+000
  1.0033490330780390E+000  1.0031794331358146E+000  1.0030037771364007E+000  1.0028223985784741E+000  1.0026356419180107E+000
  1.0024438619089469E+000  1.0022474229525531E+000  1.0020466983794483E+000  1.0018420697967712E+000  1.0016339262813163E+000
  1.0014226637695467E+000  1.0012086841134342E+000  1.0009923945646910E+000  1.0007742066589689E+000  1.0002798474229426E+000
  1.0001678943075993E+000  1.0000564095833244E+000  9.9994521568998640E-001  9.9983372846019825E-001  9.9972176227671428E-001
  9.9922887831496732E-001  9.9901058346598470E-001  9.9879416114323327E-001  9.9858002424569836E-001  9.9836858116652083E-001
  9.9816023514869312E-001  9.9795538356095792E-001  9.9775441712415835E-001  9.9755771917886860E-001  9.9736566495130985E-001
  9.9717862083067943E-001  9.9699694368754543E-001  9.9682098017354481E-001  9.9665106607710785E-001  9.9648752567735688E-001
  9.9633067111572227E-001  9.9618080181911195E-001  9.9603820390935738E-001  9.9590314965291848E-001  9.9577589696384972E-001
  9.9565668886690095E-001  9.9554575305126625E-001  9.9544330144789850E-001  9.9534952976034330E-001  9.9526461712728009E-001
  9.9518872577709483E-001  9.9512200064069656E-001  9.9506456914645969E-001  9.9501654103988257E-001  9.9497800809838788E-001
  9.9494904393106354E-001  9.9492970383462720E-001  9.9492002462240037E-001  9.9492002462240037E-001  9.9492970383462676E-001
  9.9494904393106520E-001  9.9497800809839132E-001  9.9501654103988724E-001  9.9506456914646368E-001  9.9512200064070211E-001
  9.9518872577710071E-001  9.9526461712728687E-001  9.9534952976035040E-001  9.9544330144790549E-001  9.9554575305127135E-001
  9.9565668886690450E-001  9.9577589696385427E-001  9.9590314965292270E-001  9.9603820390936071E-001  9.9618080181911550E-001
  9.9633067111572726E-001  9.9648752567736310E-001  9.9665106607711429E-001  9.9682098017355258E-001  9.9699694368755332E-001
  9.9717862083068731E-001  9.9736566495131762E-001  9.9755771917887159E-001  9.9775441712416268E-001  9.9795538356096092E-001
  9.9816023514869268E-001  9.9836858116651728E-001  9.9858002424569126E-001  9.9879416114322561E-001  9.9901058346597360E-001
  9.9922887831495499E-001  9.9972176227669751E-001  9.9983372846018281E-001  9.9994521568998551E-001
BLOCK 10   5.8706571949199915E-001
  1.0000568528382709E+000  1.0001688063693452E+000  1.0002812317709795E+000  1.0007778318000919E+000  1.0009969171634618E+000
  1.0012140929660411E+000  1.0014289461152108E+000  1.0016410678257424E+000  1.0018500547665139E+000  1.0020555095450567E+000
  1.0022570416862215E+000  1.0024542682141404E+000  1.0026468144901943E+000  1.0028343148419863E+000  1.0030164133035688E+000
  1.0031927642506582E+000  1.0033630330708847E+000  1.0035268967792763E+000  1.0036840446309045E+000  1.0038341786996017E+000
  1.0039770144373907E+000  1.0041122812057628E+000  1.0042397227803326E+000  1.0043590978287582E+000  1.0044701803557412E+000
  1.0045727601199315E+000  1.0046666430214830E+000  1.0047516514517014E+000  1.0048276246205532E+000  1.0048944188503592E+000
  1.0049519078173252E+000  1.0049999827579841E+000  1.0050385526444603E+000  1.0050675443422694E+000  1.0050869027967400E+000
  1.0050965912250949E+000  1.0050965912250935E+000  1.0050869027967395E+000  1.0050675443422685E+000  1.0050385526444605E+000
  1.0049999827579843E+000  1.0049519078173272E+000  1.0048944188503610E+000  1.0048276246205556E+000  1.0047516514517021E+000
  1.0046666430214832E+000  1.0045727601199317E+000  1.0044701803557419E+000  1.0043590978287602E+000  1.0042397227803337E+000
  1.0041122812057679E+000  1.0039770144373938E+000  1.0038341786996055E+000  1.0036840446309092E+000  1.0035268967792823E+000
  1.0033630330708911E+000  1.0031927642506648E+000  1.0030164133035782E+000  1.0028343148419943E+000  1.0026468144902028E+000
  1.0024542682141480E+000  1.0022570416862313E+000  1.0020555095450663E+000  1.0018500547665208E+000  1.0016410678257444E+000
  1.0014289461152099E+000  1.0012140929660400E+000  1.0009969171634585E+000  1.0007778318000873E+000  1.0002812317709888E+000
  1.0001688063693570E+000  1.0000568528382840E+000  9.9994519397226966E-001  9.9983323598831275E-001  9.9972079311450535E-001
  9.9922604652598346E-001  9.9900682493622661E-001  9.9878948037462389E-001  9.9857442766738769E-001  9.9836207710687164E-001
  9.9815283385034292E-001  9.9794709715542118E-001  9.9774525963164429E-001  9.9754770648378732E-001  9.9735481477514432E-001
  9.9716695271431233E-001  9.9698447893812592E-001  9.9680774184307364E-001  9.9663707890379105E-001  9.9647281603712423E-001
  9.9631526697844330E-001  9.9616473267179295E-001  9.9602150070732354E-001  9.9588584476144060E-001  9.9575802406698155E-001
  9.9563828292847700E-001  9.9552685021577947E-001  9.9542393892898895E-001  9.9532974581418909E-001  9.9524445098350911E-001
  9.9516821762356367E-001  9.9510119163167399E-001  9.9504350119249863E-001  9.9499525653674004E-001  9.9495654980109005E-001
  9.9492745489403223E-001  9.9490802738836892E-001  9.9489830437490923E-001  9.9489830437491011E-001  9.9490802738837225E-001
  9.9492745489403667E-001  9.9495654980109460E-001  9.9499525653674536E-001  9.9504350119250340E-001  9.9510119163168043E-001
  9.9516821762357288E-001  9.9524445098351733E-001  9.9532974581419953E-001  9.9542393892899805E-001  9.9552685021578924E-001
  9.9563828292848777E-001  9.9575802406698821E-001  9.9588584476144704E-001  9.9602150070732776E-001  9.9616473267179817E-001
  9.9631526697844763E-001  9.9647281603712956E-001  9.9663707890379538E-001  9.9680774184307996E-001  9.9698447893813613E-001
  9.9716695271432454E-001  9.9735481477515264E-001  9.9754770648379498E-001  9.9774525963164662E-001  9.9794709715542262E-001
  9.9815283385034292E-001  9.9836207710686586E-001  9.9857442766738203E-001  9.9878948037461601E-001  9.9900682493621706E-001
  9.9922604652596980E-001  9.9972079311448869E-001  9.9983323598829499E-001  9.9994519397227100E-001
BLOCK 11   6.5229524387999904E-001
  1.0000573450883288E+000  1.0001698229854670E+000  1.0002827767042317E+000  1.0007818794903440E+000  1.0010019687527210E+000
  1.0012201359460049E+000  1.0014359662322345E+000  1.0016490491062666E+000  1.0018589795803030E+000  1.0020653586338644E+000
  1.0022677942271365E+000  1.0024659018586470E+000  1.0026593054253223E+000  1.0028476378399476E+000  1.0030305417808685E+000
  1.0032076703235038E+000  1.0033786876144268E+000  1.0035432694842150E+000  1.0037011040631350E+000  1.0038518923568684E+000
  1.0039953488081883E+000  1.0041312018253836E+000  1.0042591942888677E+000  1.0043790840286977E+000  1.0044906442794386E+000
  1.0045936641045741E+000  1.0046879487849252E+000  1.0047733201601230E+000  1.0048496169234626E+000  1.0049166949006936E+000
  1.0049744273296874E+000  1.0050227051300020E+000  1.0050614371326869E+000  1.0050905502383223E+000  1.0051099895237114E+000
  1.0051197183331724E+000  1.0051197183331717E+000  1.0051099895237108E+000  1.0050905502383238E+000  1.0050614371326874E+000
  1.0050227051300036E+000  1.0049744273296883E+000  1.0049166949006936E+000  1.0048496169234626E+000  1.0047733201601239E+000
  1.0046879487849272E+000  1.0045936641045752E+000  1.0044906442794423E+000  1.0043790840286995E+000  1.0042591942888701E+000
  1.0041312018253870E+000  1.0039953488081930E+000  1.0038518923568724E+000  1.0037011040631409E+000  1.0035432694842201E+000
  1.0033786876144339E+000  1.0032076703235109E+000  1.0030305417808774E+000  1.0028476378399587E+000  1.0026593054253312E+000
  1.0024659018586599E+000  1.0022677942271498E+000  1.0020653586338788E+000  1.0018589795803123E+000  1.0016490491062693E+000
  1.0014359662322341E+000  1.0012201359460038E+000  1.0010019687527190E+000  1.0007818794903420E+000  1.0002827767042424E+000
  1.0001698229854785E+000  1.0000573450883428E+000  9.9994516652313326E-001  9.9983268167130324E-001  9.9971970563615764E-001
  9.9922287278501409E-001  9.9900261499475840E-001  9.9878423932438187E-001  9.9856816272935878E-001  9.9835479763501878E-001
  9.9814455131919178E-001  9.9793782515684204E-001  9.9773501385769747E-001  9.9753650470659616E-001  9.9734267682705513E-001
  9.9715390044478414E-001  9.9697053619060050E-001  9.9679293439447370E-001  9.9662143442892515E-001  9.9645636405068516E-001
  9.9629803877688006E-001  9.9614676127862412E-001  9.9600282077835089E-001  9.9586649249134351E-001  9.9573803710216358E-001
  9.9561770029897079E-001  9.9550571235198937E-001  9.9540228763025596E-001  9.9530762410742035E-001  9.9522190293136781E-001
  9.9514528809063552E-001  9.9507792619083513E-001  9.9501994615577938E-001  9.9497145890896554E-001  9.9493255723199803E-001
  9.9490331561596390E-001  9.9488379004391980E-001  9.9487401789290020E-001  9.9487401789290053E-001  9.9488379004392002E-001
  9.9490331561596645E-001  9.9493255723200114E-001  9.9497145890897098E-001  9.9501994615578804E-001  9.9507792619084512E-001
  9.9514528809064606E-001  9.9522190293138069E-001  9.9530762410743134E-001  9.9540228763027105E-001  9.9550571235200491E-001
  9.9561770029898244E-001  9.9573803710217434E-001  9.9586649249135173E-001  9.9600282077835811E-001  9.9614676127862889E-001
  9.9629803877688494E-001  9.9645636405069038E-001  9.9662143442892970E-001  9.9679293439448202E-001  9.9697053619060971E-001
  9.9715390044479091E-001  9.9734267682706290E-001  9.9753650470660193E-001  9.9773501385770180E-001  9.9793782515684326E-001
  9.9814455131919166E-001  9.9835479763501611E-001  9.9856816272935245E-001  9.9878423932437499E-001  9.9900261499474607E-001
  9.9922287278499955E-001  9.9971970563613999E-001  9.9983268167128614E-001  9.9994516652313825E-001
BLOCK 12   7.1752476826799894E-001
  1.0000578853635473E+000  1.0001709433520651E+000  1.0002844816049692E+000  1.0007863487693445E+000  1.0010075487346837E+000
  1.0012268128369897E+000  1.0014437242991259E+000  1.0016578707087040E+000  1.0018688452419406E+000  1.0020762470752103E+000
  1.0022796824378992E+000  1.0024787651385996E+000  1.0026731174561991E+000  1.0028623707354221E+000  1.0030461661583638E+000
  1.0032241553613137E+000  1.0033960011208871E+000  1.0035613779582331E+000  1.0037199727583597E+000  1.0038714853443587E+000
  1.0040156290446678E+000  1.0041521312304471E+000  1.0042807338269311E+000  1.0044011937813777E+000  1.0045132834883530E+000
  1.0046167911864181E+000  1.0047115213490887E+000  1.0047972950726045E+000  1.0048739504366773E+000  1.0049413428134497E+000
  1.0049993451317594E+000  1.0050478481041749E+000  1.0050867604110563E+000  1.0051160088400302E+000  1.0051355383893901E+000
  1.0051453123480669E+000  1.0051453123480674E+000  1.0051355383893890E+000  1.0051160088400293E+000  1.0050867604110576E+000
  1.0050478481041729E+000  1.0049993451317594E+000  1.0049413428134504E+000  1.0048739504366777E+000  1.0047972950726045E+000
  1.0047115213490905E+000  1.0046167911864194E+000  1.0045132834883541E+000  1.0044011937813804E+000  1.0042807338269353E+000
  1.0041521312304504E+000  1.0040156290446713E+000  1.0038714853443640E+000  1.0037199727583626E+000  1.0035613779582391E+000
  1.0033960011208931E+000  1.0032241553613208E+000  1.0030461661583754E+000  1.0028623707354345E+000  1.0026731174562129E+000
  1.0024787651386138E+000  1.0022796824379165E+000  1.0020762470752271E+000  1.0018688452419555E+000  1.0016578707087118E+000
  1.0014437242991276E+000  1.0012268128369901E+000  1.0010075487346823E+000  1.0007863487693420E+000  1.0002844816049796E+000
  1.0001709433520767E+000  1.0000578853635620E+000  9.9994513232446369E-001  9.9983206423292625E-001  9.9971849841061877E-001
  9.9921935408895379E-001  9.9899795042443851E-001  9.9877843456878224E-001  9.9856122583041262E-001  9.9834673897990422E-001
  9.9813538363787302E-001  9.9792756351268974E-001  9.9772367562930375E-001  9.9752410957038007E-001  9.9732924672194989E-001
  9.9713945955137695E-001  9.9695511088527111E-001  9.9677655322050640E-001  9.9660412802191334E-001  9.9643816505561622E-001
  9.9627898175215768E-001  9.9612688263212990E-001  9.9598215877328278E-001  9.9584508724046361E-001  9.9571593049057849E-001
  9.9559493580432989E-001  9.9548233482011883E-001  9.9537834314491636E-001  9.9528315992028527E-001  9.9519696740771391E-001
  9.9511993067657012E-001  9.9505219731121242E-001  9.9499389711071873E-001  9.9494514180647775E-001  9.9490602486186985E-001
  9.9487662131159049E-001  9.9485698755198371E-001  9.9484716123339245E-001  9.9484716123339223E-001  9.9485698755198693E-001
  9.9487662131159282E-001  9.9490602486187474E-001  9.9494514180648475E-001  9.9499389711072606E-001  9.9505219731122441E-001
  9.9511993067658566E-001  9.9519696740773078E-001  9.9528315992030469E-001  9.9537834314493612E-001  9.9548233482013726E-001
  9.9559493580434466E-001  9.9571593049059071E-001  9.9584508724047782E-001  9.9598215877329399E-001  9.9612688263213967E-001
  9.9627898175216456E-001  9.9643816505561933E-001  9.9660412802191956E-001  9.9677655322051428E-001  9.9695511088527733E-001
  9.9713945955138406E-001  9.9732924672195611E-001  9.9752410957038695E-001  9.9772367562931030E-001  9.9792756351269474E-001
  9.9813538363787246E-001  9.9834673897990045E-001  9.9856122583040730E-001  9.9877843456877335E-001  9.9899795042442729E-001
  9.9921935408893758E-001  9.9971849841060045E-001  9.9983206423290871E-001  9.9994513232447169E-001
BLOCK 13   7.8275429265599883E-001
  1.0000584726447479E+000  1.0001721666440897E+000  1.0002863458671483E+000  1.0007912387415954E+000  1.0010136566317485E+000
  1.0012341235949007E+000  1.0014522207197607E+000  1.0016675334992546E+000  1.0018796530890222E+000  1.0020881766873535E+000
  1.0022927086208484E+000  1.0024928608455834E+000  1.0026882538637125E+000  1.0028785173005517E+000  1.0030632906906685E+000
  1.0032422240844023E+000  1.0034149787462527E+000  1.0035812277638119E+000  1.0037406566814226E+000  1.0038929640687215E+000
  1.0040378620690393E+000  1.0041750769016649E+000  1.0043043493587900E+000  1.0044254352917286E+000  1.0045381060847198E+000
  1.0046421490934125E+000  1.0047373680482525E+000  1.0048235834242214E+000  1.0049006327722527E+000  1.0049683710050012E+000
  1.0050266706431814E+000  1.0050754220317089E+000  1.0051145335201224E+000  1.0051439316080941E+000  1.0051635610653855E+000
  1.0051733850211459E+000  1.0051733850211462E+000  1.0051635610653842E+000  1.0051439316080908E+000  1.0051145335201181E+000
  1.0050754220317069E+000  1.0050266706431812E+000  1.0049683710050010E+000  1.0049006327722521E+000  1.0048235834242203E+000
  1.0047373680482541E+000  1.0046421490934141E+000  1.0045381060847207E+000  1.0044254352917310E+000  1.0043043493587931E+000
  1.0041750769016673E+000  1.0040378620690424E+000  1.0038929640687240E+000  1.0037406566814293E+000  1.0035812277638183E+000
  1.0034149787462607E+000  1.0032422240844125E+000  1.0030632906906800E+000  1.0028785173005674E+000  1.0026882538637305E+000
  1.0024928608456030E+000  1.0022927086208671E+000  1.0020881766873737E+000  1.0018796530890386E+000  1.0016675334992642E+000
  1.0014522207197654E+000  1.0012341235949029E+000  1.0010136566317507E+000  1.0007912387415960E+000  1.0002863458671596E+000
  1.0001721666441017E+000  1.0000584726447621E+000  9.9994509028149736E-001  9.9983138229001256E-001  9.9971716986670767E-001
  9.9921548711963615E-001  9.9899282763206443E-001  9.9877206226415516E-001  9.9855361289203959E-001  9.9833789684736107E-001
  9.9812532630843254E-001  9.9791630752993910E-001  9.9771124008209955E-001  9.9751051607264041E-001  9.9731451938746751E-001
  9.9712362491750295E-001  9.9693819783788407E-001  9.9675859292434588E-001  9.9658515392744240E-001  9.9641821291849508E-001
  9.9625808960728712E-001  9.9610509067105768E-001  9.9595950915875742E-001  9.9582162395947460E-001  9.9569169924637679E-001
  9.9556998394140339E-001  9.9545671125826807E-001  9.9535209828623905E-001  9.9525634556125475E-001  9.9516963665280744E-001
  9.9509213783802153E-001  9.9502399779048789E-001  9.9496534724064833E-001  9.9491629873788168E-001  9.9487694644587943E-001
  9.9484736591108169E-001  9.9482761393047603E-001  9.9481772844846472E-001  9.9481772844846750E-001  9.9482761393047658E-001
  9.9484736591108569E-001  9.9487694644588731E-001  9.9491629873789078E-001  9.9496534724066132E-001  9.9502399779050166E-001
  9.9509213783803718E-001  9.9516963665282399E-001  9.9525634556127474E-001  9.9535209828626137E-001  9.9545671125829083E-001
  9.9556998394142404E-001  9.9569169924639711E-001  9.9582162395948903E-001  9.9595950915877129E-001  9.9610509067106778E-001
  9.9625808960729456E-001  9.9641821291850274E-001  9.9658515392744929E-001  9.9675859292435487E-001  9.9693819783789384E-001
  9.9712362491751050E-001  9.9731451938747362E-001  9.9751051607264418E-001  9.9771124008210244E-001  9.9791630752994098E-001
  9.9812532630843231E-001  9.9833789684735763E-001  9.9855361289203415E-001  9.9877206226414705E-001  9.9899282763205166E-001
  9.9921548711961994E-001  9.9971716986668890E-001  9.9983138228999402E-001  9.9994509028151035E-001
BLOCK 14   8.4798381704399872E-001
  1.0000591058666048E+000  1.0001734920197178E+000  1.0002883688986732E+000  1.0007965485866954E+000  1.0010202920970643E+000
  1.0012420683604304E+000  1.0014614561371928E+000  1.0016780386351531E+000  1.0018914048075303E+000  1.0021011496950023E+000
  1.0023068755474824E+000  1.0025081922917869E+000  1.0027047184816968E+000  1.0028960818607355E+000  1.0030819201818482E+000
  1.0032618818051862E+000  1.0034356263973991E+000  1.0036028255040277E+000  1.0037631631642387E+000  1.0039163364737276E+000
  1.0040620561625158E+000  1.0042000471341104E+000  1.0043300489889189E+000  1.0044518165153775E+000  1.0045651201531534E+000
  1.0046697464148906E+000  1.0047654982715175E+000  1.0048521955033571E+000  1.0049296750167016E+000  1.0049977911240773E+000
  1.0050564157946447E+000  1.0051054388746132E+000  1.0051447682755477E+000  1.0051743301321889E+000  1.0051940689311414E+000
  1.0052039476072534E+000  1.0052039476072545E+000  1.0051940689311403E+000  1.0051743301321865E+000  1.0051447682755439E+000
  1.0051054388746112E+000  1.0050564157946438E+000  1.0049977911240748E+000  1.0049296750167001E+000  1.0048521955033571E+000
  1.0047654982715186E+000  1.0046697464148915E+000  1.0045651201531529E+000  1.0044518165153784E+000  1.0043300489889206E+000
  1.0042000471341128E+000  1.0040620561625195E+000  1.0039163364737318E+000  1.0037631631642470E+000  1.0036028255040379E+000
  1.0034356263974114E+000  1.0032618818051995E+000  1.0030819201818628E+000  1.0028960818607515E+000  1.0027047184817148E+000
  1.0025081922918064E+000  1.0023068755475040E+000  1.0021011496950241E+000  1.0018914048075496E+000  1.0016780386351647E+000
  1.0014614561371975E+000  1.0012420683604348E+000  1.0010202920970661E+000  1.0007965485866965E+000  1.0002883688986852E+000
  1.0001734920197312E+000  1.0000591058666199E+000  9.9994503923062195E-001  9.9983063435665709E-001  9.9971571830188666E-001
  9.9921126825410211E-001  9.9898724266385075E-001  9.9876511813323232E-001  9.9854531932692370E-001  9.9832826638204120E-001
  9.9811437427766658E-001  9.9790405203859556E-001  9.9769770193428453E-001  9.9749571872452925E-001  9.9729848893792572E-001
  9.9710639015722780E-001  9.9691979025878896E-001  9.9673904666581636E-001  9.9656450564667098E-001  9.9639650166335125E-001
  9.9623535670765107E-001  9.9608137964879873E-001  9.9593486565148814E-001  9.9579609562996962E-001  9.9566533570006321E-001
  9.9554283664578913E-001  9.9542883346120403E-001  9.9532354490562314E-001  9.9522717304710928E-001  9.9513990287880083E-001
  9.9506190197211930E-001  9.9499332012278485E-001  9.9493428905712233E-001  9.9488492218336122E-001  9.9484531435557300E-001
  9.9481554168129116E-001  9.9479566137979714E-001  9.9478571166623597E-001  9.9478571166623675E-001  9.9479566137980335E-001
  9.9481554168129993E-001  9.9484531435558177E-001  9.9488492218337354E-001  9.9493428905713555E-001  9.9499332012280239E-001
  9.9506190197214128E-001  9.9513990287882348E-001  9.9522717304713404E-001  9.9532354490564812E-001  9.9542883346122846E-001
  9.9554283664581378E-001  9.9566533570008220E-001  9.9579609562999005E-001  9.9593486565150391E-001  9.9608137964881482E-001
  9.9623535670766339E-001  9.9639650166336236E-001  9.9656450564668209E-001  9.9673904666582525E-001  9.9691979025879907E-001
  9.9710639015723779E-001  9.9729848893793405E-001  9.9749571872453591E-001  9.9769770193428653E-001  9.9790405203859478E-001
  9.9811437427766381E-001  9.9832826638203553E-001  9.9854531932691537E-001  9.9876511813322200E-001  9.9898724266383765E-001
  9.9921126825408668E-001  9.9971571830186889E-001  9.9983063435663877E-001  9.9994503923063904E-001
BLOCK 15   9.1321334143199862E-001
  1.0000597839297138E+000  1.0001749186296016E+000  1.0002905501275556E+000  1.0008022775659016E+000  1.0010274549209806E+000
  1.0012506474754024E+000  1.0014714314624302E+000  1.0016893876070052E+000  1.0019041024578286E+000  1.0021151687040455E+000
  1.0023221863436467E+000  1.0025247631339549E+000  1.0027225155677111E+000  1.0029150693957929E+000  1.0031020604404082E+000
  1.0032831351645743E+000  1.0034579513913393E+000  1.0036261788925618E+000  1.0037875000370413E+000  1.0039416103666672E+000
  1.0040882191840210E+000  1.0042270500858315E+000  1.0043578414789784E+000  1.0044803470545387E+000  1.0045943362352561E+000
  1.0046995945837822E+000  1.0047959241818749E+000  1.0048831439778767E+000  1.0049610901033437E+000  1.0050296161588252E+000
  1.0050885934712459E+000  1.0051379113203101E+000  1.0051774771336612E+000  1.0052072166519896E+000  1.0052270740615972E+000
  1.0052370120941139E+000  1.0052370120941130E+000  1.0052270740615963E+000  1.0052072166519854E+000  1.0051774771336592E+000
  1.0051379113203089E+000  1.0050885934712444E+000  1.0050296161588259E+000  1.0049610901033419E+000  1.0048831439778754E+000
  1.0047959241818729E+000  1.0046995945837793E+000  1.0045943362352558E+000  1.0044803470545380E+000  1.0043578414789818E+000
  1.0042270500858357E+000  1.0040882191840275E+000  1.0039416103666756E+000  1.0037875000370491E+000  1.0036261788925733E+000
  1.0034579513913555E+000  1.0032831351645921E+000  1.0031020604404262E+000  1.0029150693958140E+000  1.0027225155677340E+000
  1.0025247631339786E+000  1.0023221863436700E+000  1.0021151687040668E+000  1.0019041024578461E+000  1.0016893876070168E+000
  1.0014714314624376E+000  1.0012506474754099E+000  1.0010274549209848E+000  1.0008022775659033E+000  1.0002905501275681E+000
  1.0001749186296147E+000  1.0000597839297296E+000  9.9994497794190762E-001  9.9982981884372579E-001  9.9971414186049568E-001
  9.9920669349225744E-001  9.9898119116655026E-001  9.9875759756933058E-001  9.9853634034131189E-001  9.9831784254774525E-001
  9.9810252209877559E-001  9.9789079099149314E-001  9.9768305452307415E-001  9.9747971047222617E-001  9.9728114833241943E-001
  9.9708774855891436E-001  9.9689988182129430E-001  9.9671790825092998E-001  9.9654217675075696E-001  9.9637302433639474E-001
  9.9621077547451498E-001  9.9605574144281628E-001  9.9590821974453814E-001  9.9576849354536012E-001  9.9563683109986367E-001
  9.9551348523684213E-001  9.9539869288009097E-001  9.9529267456884996E-001  9.9519563402050626E-001  9.9510775774353499E-001
  9.9502921466283278E-001  9.9496015577635399E-001  9.9490071387122403E-001  9.9485100325871856E-001  9.9481111953638213E-001
  9.9478113941754520E-001  9.9476112057320865E-001  9.9475110150884294E-001  9.9475110150884505E-001  9.9476112057321164E-001
  9.9478113941755186E-001  9.9481111953639612E-001  9.9485100325873310E-001  9.9490071387124468E-001  9.9496015577637609E-001
  9.9502921466285632E-001  9.9510775774356286E-001  9.9519563402053346E-001  9.9529267456887804E-001  9.9539869288012095E-001
  9.9551348523686822E-001  9.9563683109988799E-001  9.9576849354537900E-001  9.9590821974455812E-001  9.9605574144283227E-001
  9.9621077547453007E-001  9.9637302433640995E-001  9.9654217675077195E-001  9.9671790825094564E-001  9.9689988182130596E-001
  9.9708774855892623E-001  9.9728114833242865E-001  9.9747971047223083E-001  9.9768305452307682E-001  9.9789079099149114E-001
  9.9810252209877215E-001  9.9831784254773837E-001  9.9853634034130123E-001  9.9875759756931681E-001  9.9898119116653350E-001
  9.9920669349223801E-001  9.9971414186047547E-001  9.9982981884370647E-001  9.9994497794192871E-001
BLOCK 16   9.7844286581999851E-001
  1.0000605056499408E+000  1.0001764455980688E+000  1.0002928890168887E+000  1.0008084250915927E+000  1.0010351451026438E+000
  1.0012598615028379E+000  1.0014821477964702E+000  1.0017015820446831E+000  1.0019177482439201E+000  1.0021302366012887E+000
  1.0023386447207283E+000  1.0025425780022341E+000  1.0027416506417741E+000  1.0029354861396951E+000  1.0031237181544803E+000
  1.0033059910754936E+000  1.0034819607712002E+000  1.0036512951771734E+000  1.0038136749537963E+000  1.0039687940513036E+000
  1.0041163602899112E+000  1.0042560958781199E+000  1.0043877379198725E+000  1.0045110388791065E+000  1.0046257670216432E+000
  1.0047317068217720E+000  1.0048286593435545E+000  1.0049164425906103E+000  1.0049948918274347E+000  1.0050638598708335E+000
  1.0051232173518267E+000  1.0051728529458626E+000  1.0052126735724585E+000  1.0052426045625245E+000  1.0052625897929186E+000
  1.0052725917881542E+000  1.0052725917881549E+000  1.0052625897929177E+000  1.0052426045625240E+000  1.0052126735724567E+000
  1.0051728529458623E+000  1.0051232173518256E+000  1.0050638598708299E+000  1.0049948918274321E+000  1.0049164425906063E+000
  1.0048286593435543E+000  1.0047317068217718E+000  1.0046257670216427E+000  1.0045110388791090E+000  1.0043877379198751E+000
  1.0042560958781235E+000  1.0041163602899199E+000  1.0039687940513138E+000  1.0038136749538096E+000  1.0036512951771870E+000
  1.0034819607712169E+000  1.0033059910755133E+000  1.0031237181545003E+000  1.0029354861397191E+000  1.0027416506418008E+000
  1.0025425780022603E+000  1.0023386447207547E+000  1.0021302366013156E+000  1.0019177482439430E+000  1.0017015820446968E+000
  1.0014821477964788E+000  1.0012598615028414E+000  1.0010351451026471E+000  1.0008084250915947E+000  1.0002928890169016E+000
  1.0001764455980835E+000  1.0000605056499572E+000  9.9994490506606459E-001  9.9982893406439088E-001  9.9971243865816084E-001
  9.9920175891557972E-001  9.9897466879287800E-001  9.9874949558843207E-001  9.9852667017986541E-001  9.9830661891062311E-001
  9.9808976296271801E-001  9.9787651757656970E-001  9.9766729124292586E-001  9.9746248488658718E-001  9.9726249108453746E-001
  9.9706769331575373E-001  9.9687846520509238E-001  9.9669516978705675E-001  9.9651815881470707E-001  9.9634777208581471E-001
  9.9618433676927387E-001  9.9602816676833195E-001  9.9587956212628614E-001  9.9573880842629658E-001  9.9560617622797420E-001
  9.9548192054668305E-001  9.9536628034847574E-001  9.9525947806798631E-001  9.9516171918140017E-001  9.9507319180027831E-001
  9.9499406628818099E-001  9.9492449493886004E-001  9.9486461167262386E-001  9.9481453176408974E-001  9.9477435163093419E-001
  9.9474414863479255E-001  9.9472398092899661E-001  9.9471388735565736E-001  9.9471388735565902E-001  9.9472398092900249E-001
  9.9474414863480309E-001  9.9477435163094752E-001  9.9481453176410883E-001  9.9486461167264428E-001  9.9492449493888468E-001
  9.9499406628820941E-001  9.9507319180030818E-001  9.9516171918143381E-001  9.9525947806802106E-001  9.9536628034850660E-001
  9.9548192054671480E-001  9.9560617622799996E-001  9.9573880842632134E-001  9.9587956212630824E-001  9.9602816676835371E-001
  9.9618433676928986E-001  9.9634777208583081E-001  9.9651815881472317E-001  9.9669516978707229E-001  9.9687846520510837E-001
  9.9706769331576928E-001  9.9726249108454912E-001  9.9746248488659606E-001  9.9766729124293008E-001  9.9787651757657092E-001
  9.9808976296271401E-001  9.9830661891061623E-001  9.9852667017985297E-001  9.9874949558841541E-001  9.9897466879285901E-001
  9.9920175891555563E-001  9.9971243865813852E-001  9.9982893406436790E-001  9.9994490506609024E-001
BLOCK 17   1.0436723902080016E+000
  1.0000612700024103E+000  1.0001780721173303E+000  1.0002953850082021E+000  1.0008149904205996E+000  1.0010433624766182E+000
  1.0012697109464430E+000  1.0014936064243234E+000  1.0017146241296322E+000  1.0019323453017293E+000  1.0021463574259957E+000
  1.0023562554545704E+000  1.0025616421898573E+000  1.0027621293330562E+000  1.0029573379863510E+000  1.0031468995395818E+000
  1.0033304562297660E+000  1.0035076619005017E+000  1.0036781825728671E+000  1.0038416971034443E+000  1.0039978977342219E+000
  1.0041464906689814E+000  1.0042871965824025E+000  1.0044197511269066E+000  1.0045439053941130E+000  1.0046594263590789E+000
  1.0047660972888219E+000  1.0048637181276825E+000  1.0049521058500390E+000  1.0050310947859702E+000  1.0051005369157384E+000
  1.0051603021340281E+000  1.0052102784826022E+000  1.0052503723512811E+000  1.0052805086460748E+000  1.0053006309245258E+000
  1.0053107014976066E+000  1.0053107014976057E+000  1.0053006309245238E+000  1.0052805086460730E+000  1.0052503723512791E+000
  1.0052102784826003E+000  1.0051603021340250E+000  1.0051005369157364E+000  1.0050310947859689E+000  1.0049521058500379E+000
  1.0048637181276803E+000  1.0047660972888219E+000  1.0046594263590805E+000  1.0045439053941176E+000  1.0044197511269115E+000
  1.0042871965824101E+000  1.0041464906689912E+000  1.0039978977342356E+000  1.0038416971034585E+000  1.0036781825728847E+000
  1.0035076619005223E+000  1.0033304562297896E+000  1.0031468995396069E+000  1.0029573379863785E+000  1.0027621293330844E+000
  1.0025616421898875E+000  1.0023562554546015E+000  1.0021463574260274E+000  1.0019323453017543E+000  1.0017146241296482E+000
  1.0014936064243321E+000  1.0012697109464472E+000  1.0010433624766220E+000  1.0008149904206023E+000  1.0002953850082150E+000
  1.0001780721173461E+000  1.0000612700024274E+000  9.9994481943104729E-001  9.9982797838864645E-001  9.9971060659485422E-001
  9.9919645960141490E-001  9.9896766991260821E-001  9.9874080616645922E-001  9.9851630271473446E-001  9.9829458936049831E-001
  9.9807609072201187E-001  9.9786122543486477E-001  9.9765040534515592E-001  9.9744403469230414E-001  9.9724250933781311E-001
  9.9704621599732957E-001  9.9685553148091766E-001  9.9667082195853796E-001  9.9649244225967015E-001  9.9632073517395403E-001
  9.9615603077311898E-001  9.9599864577628572E-001  9.9584888292260509E-001  9.9570703036826480E-001  9.9557336112403105E-001
  9.9544813251825393E-001  9.9533158567700641E-001  9.9522394505672740E-001  9.9512541800070031E-001  9.9503619431994039E-001
  9.9495644592952370E-001  9.9488632650561082E-001  9.9482597117875682E-001  9.9477549627722905E-001  9.9473499909144836E-001
  9.9470455768515331E-001  9.9468423074616952E-001  9.9467405746532844E-001  9.9467405746533055E-001  9.9468423074617740E-001
  9.9470455768516419E-001  9.9473499909146490E-001  9.9477549627725037E-001  9.9482597117878169E-001  9.9488632650563802E-001
  9.9495644592955501E-001  9.9503619431997359E-001  9.9512541800073695E-001  9.9522394505676393E-001  9.9533158567704427E-001
  9.9544813251828856E-001  9.9557336112406436E-001  9.9570703036829278E-001  9.9584888292263085E-001  9.9599864577630692E-001
  9.9615603077313819E-001  9.9632073517397168E-001  9.9649244225968781E-001  9.9667082195855539E-001  9.9685553148093520E-001
  9.9704621599734644E-001  9.9724250933782799E-001  9.9744403469231568E-001  9.9765040534516314E-001  9.9786122543486733E-001
  9.9807609072200942E-001  9.9829458936049020E-001  9.9851630271472203E-001  9.9874080616644167E-001  9.9896766991258568E-001
  9.9919645960139036E-001  9.9971060659483024E-001  9.9982797838862281E-001  9.9994481943107716E-001
BLOCK 18   1.1089019145960062E+000
  1.0000620756552154E+000  1.0001797973037756E+000  1.0002980376652164E+000  1.0008219732932679E+000  1.0010521075329306E+000
  1.0012801970974099E+000  1.0015058094710287E+000  1.0017285167701893E+000  1.0019478971890594E+000  1.0021635352288085E+000
  1.0023750229907116E+000  1.0025819605430928E+000  1.0027839569945987E+000  1.0029806309593046E+000  1.0031716114588258E+000
  1.0033565384618919E+000  1.0035350636566485E+000  1.0037068510062481E+000  1.0038715774109228E+000  1.0040289332460142E+000
  1.0041786229405032E+000  1.0043203654824211E+000  1.0044538949296473E+000  1.0045789608716067E+000  1.0046953288778391E+000
  1.0048027809088831E+000  1.0049011157047585E+000  1.0049901491401896E+000  1.0050697145526761E+000  1.0051396630380707E+000
  1.0051998637162860E+000  1.0052502039644962E+000  1.0052905896184758E+000  1.0053209451408922E+000  1.0053412137565874E+000
  1.0053513575542465E+000  1.0053513575542452E+000  1.0053412137565834E+000  1.0053209451408873E+000  1.0052905896184710E+000
  1.0052502039644928E+000  1.0051998637162836E+000  1.0051396630380685E+000  1.0050697145526759E+000  1.0049901491401905E+000
  1.0049011157047598E+000  1.0048027809088840E+000  1.0046953288778440E+000  1.0045789608716107E+000  1.0044538949296540E+000
  1.0043203654824302E+000  1.0041786229405163E+000  1.0040289332460286E+000  1.0038715774109404E+000  1.0037068510062681E+000
  1.0035350636566724E+000  1.0033565384619192E+000  1.0031716114588547E+000  1.0029806309593343E+000  1.0027839569946317E+000
  1.0025819605431268E+000  1.0023750229907444E+000  1.0021635352288381E+000  1.0019478971890845E+000  1.0017285167702055E+000
  1.0015058094710394E+000  1.0012801970974190E+000  1.0010521075329373E+000  1.0008219732932722E+000  1.0002980376652320E+000
  1.0001797973037918E+000  1.0000620756552341E+000  9.9994471937915375E-001  9.9982694969489705E-001  9.9970864326421804E-001
  9.9919079062826466E-001  9.9896018938310016E-001  9.9873152390994346E-001  9.9850523220495480E-001  9.9828174769582001E-001
  9.9806149860977178E-001  9.9784490717363317E-001  9.9763238879970106E-001  9.9742435127484463E-001  9.9722119397705733E-001
  9.9702330708947673E-001  9.9683107083427569E-001  9.9664485473583697E-001  9.9646501689758771E-001  9.9629190328779127E-001
  9.9612584706666096E-001  9.9596716792770701E-001  9.9581617145970680E-001  9.9567314854437150E-001  9.9553837478473139E-001
  9.9541210994880713E-001  9.9529459746186943E-001  9.9518606392459330E-001  9.9508671865766463E-001  9.9499675329471315E-001
  9.9491634140077889E-001  9.9484563812747273E-001  9.9478477991153702E-001  9.9473388420244335E-001  9.9469304923181634E-001
  9.9466235382192369E-001  9.9464185722820320E-001  9.9463159902453657E-001  9.9463159902454135E-001  9.9464185722820830E-001
  9.9466235382193668E-001  9.9469304923183255E-001  9.9473388420246711E-001  9.9478477991156422E-001  9.9484563812750360E-001
  9.9491634140081364E-001  9.9499675329475257E-001  9.9508671865770593E-001  9.9518606392463693E-001  9.9529459746191140E-001
  9.9541210994884421E-001  9.9553837478476470E-001  9.9567314854440392E-001  9.9581617145973544E-001  9.9596716792773232E-001
  9.9612584706668561E-001  9.9629190328781181E-001  9.9646501689760758E-001  9.9664485473585807E-001  9.9683107083429590E-001
  9.9702330708949571E-001  9.9722119397707354E-001  9.9742435127485507E-001  9.9763238879970850E-001  9.9784490717363572E-001
  9.9806149860977023E-001  9.9828174769581335E-001  9.9850523220494170E-001  9.9873152390992459E-001  9.9896018938307674E-001
  9.9919079062823590E-001  9.9970864326419340E-001  9.9982694969487229E-001  9.9994471937918827E-001
BLOCK 19   1.1741314389840107E+000
  1.0000629211048173E+000  1.0001816200930038E+000  1.0003008465040593E+000  1.0008293737640330E+000  1.0010613814112752E+000
  1.0012913219377422E+000  1.0015187594591142E+000  1.0017432628100140E+000  1.0019644070312459E+000  1.0021817735585965E+000
  1.0023949515383554E+000  1.0026035381565226E+000  1.0028071397513896E+000  1.0030053722717160E+000  1.0031978622118212E+000
  1.0033842471251255E+000  1.0035641763951546E+000  1.0037373117658357E+000  1.0039033280112868E+000  1.0040619134713205E+000
  1.0042127706420971E+000  1.0043556166812717E+000  1.0044901839236895E+000  1.0046162203420472E+000  1.0047334899992435E+000
  1.0048417734601245E+000  1.0049408681830472E+000  1.0050305888760702E+000  1.0051107678264797E+000  1.0051812551967039E+000
  1.0052419192904607E+000  1.0052926467858214E+000  1.0053333429363802E+000  1.0053639317392251E+000  1.0053843560698701E+000
  1.0053945777837545E+000  1.0053945777837539E+000  1.0053843560698659E+000  1.0053639317392191E+000  1.0053333429363760E+000
  1.0052926467858181E+000  1.0052419192904591E+000  1.0051812551966997E+000  1.0051107678264801E+000  1.0050305888760713E+000
  1.0049408681830478E+000  1.0048417734601292E+000  1.0047334899992484E+000  1.0046162203420546E+000  1.0044901839236968E+000
  1.0043556166812846E+000  1.0042127706421125E+000  1.0040619134713387E+000  1.0039033280113068E+000  1.0037373117658583E+000
  1.0035641763951821E+000  1.0033842471251555E+000  1.0031978622118534E+000  1.0030053722717498E+000  1.0028071397514253E+000
  1.0026035381565590E+000  1.0023949515383896E+000  1.0021817735586318E+000  1.0019644070312745E+000  1.0017432628100342E+000
  1.0015187594591284E+000  1.0012913219377524E+000  1.0010613814112843E+000  1.0008293737640421E+000  1.0003008465040755E+000
  1.0001816200930223E+000  1.0000629211048397E+000  9.9994460318801659E-001  9.9982584595516111E-001  9.9970654643988066E-001
  9.9918474740030361E-001  9.9895222215858404E-001  9.9872164317100232E-001  9.9849345228639075E-001  9.9826808679563073E-001
  9.9804597878442980E-001  9.9782755431079118E-001  9.9761323258869317E-001  9.9740342517769154E-001  9.9719853518743640E-001
  9.9699895648030334E-001  9.9680507290341502E-001  9.9661725753237551E-001  9.9643587192679961E-001  9.9626126541873561E-001
  9.9609377442294189E-001  9.9593372176535944E-001  9.9578141604364490E-001  9.9563715101865369E-001  9.9550120502298178E-001
  9.9537384041282329E-001  9.9525530304670584E-001  9.9514582179276334E-001  9.9504560807913112E-001  9.9495485547241092E-001
  9.9487373929235978E-001  9.9480241626737653E-001  9.9474102422203536E-001  9.9468968180374862E-001  9.9464848825031227E-001
  9.9461752319128727E-001  9.9459684649125391E-001  9.9458649813214983E-001  9.9458649813215005E-001  9.9459684649126490E-001
  9.9461752319129837E-001  9.9464848825033114E-001  9.9468968180377282E-001  9.9474102422206456E-001  9.9480241626740984E-001
  9.9487373929239920E-001  9.9495485547245199E-001  9.9504560807917519E-001  9.9514582179280830E-001  9.9525530304675169E-001
  9.9537384041286425E-001  9.9550120502302053E-001  9.9563715101868833E-001  9.9578141604367654E-001  9.9593372176538797E-001
  9.9609377442296720E-001  9.9626126541876037E-001  9.9643587192682326E-001  9.9661725753239905E-001  9.9680507290343823E-001
  9.9699895648032266E-001  9.9719853518745272E-001  9.9740342517770475E-001  9.9761323258869905E-001  9.9782755431079406E-001
  9.9804597878442580E-001  9.9826808679562196E-001  9.9849345228637676E-001  9.9872164317098588E-001  9.9895222215856150E-001
  9.9918474740027696E-001  9.9970654643985479E-001  9.9982584595513480E-001  9.9994460318805534E-001
BLOCK 20   1.2393609633720153E+000
  1.0000638054792632E+000  1.0001835399343022E+000  1.0003038112556781E+000  1.0008371915473948E+000  1.0010711842844677E+000
  1.0013030862365648E+000  1.0015324579356857E+000  1.0017588647296320E+000  1.0019818783147951E+000  1.0022010768906566E+000
  1.0024160465059366E+000  1.0026263813471050E+000  1.0028316848702947E+000  1.0030315702208945E+000  1.0032256611828385E+000
  1.0034135926745122E+000  1.0035950115510948E+000  1.0037695771399120E+000  1.0039369619281906E+000  1.0040968520844629E+000
  1.0042489480451571E+000  1.0043929650106487E+000  1.0045286334689050E+000  1.0046556996618166E+000  1.0047739260452915E+000
  1.0048830917017777E+000  1.0049829927323317E+000  1.0050734426113439E+000  1.0051542725163094E+000  1.0052253316237314E+000
  1.0052864873755865E+000  1.0053376257120752E+000  1.0053786512726057E+000  1.0054094875631330E+000  1.0054300770908351E+000
  1.0054403814651844E+000  1.0054403814651858E+000  1.0054300770908342E+000  1.0054094875631294E+000  1.0053786512726017E+000
  1.0053376257120739E+000  1.0052864873755833E+000  1.0052253316237310E+000  1.0051542725163083E+000  1.0050734426113441E+000
  1.0049829927323339E+000  1.0048830917017813E+000  1.0047739260453012E+000  1.0046556996618266E+000  1.0045286334689179E+000
  1.0043929650106629E+000  1.0042489480451766E+000  1.0040968520844848E+000  1.0039369619282155E+000  1.0037695771399391E+000
  1.0035950115511256E+000  1.0034135926745451E+000  1.0032256611828723E+000  1.0030315702209291E+000  1.0028316848703323E+000
  1.0026263813471443E+000  1.0024160465059770E+000  1.0022010768906962E+000  1.0019818783148275E+000  1.0017588647296569E+000
  1.0015324579357010E+000  1.0013030862365797E+000  1.0010711842844819E+000  1.0008371915474059E+000  1.0003038112556968E+000
  1.0001835399343222E+000  1.0000638054792843E+000  9.9994446967166117E-001  9.9982466543620396E-001  9.9970431385893899E-001
  9.9917832467484580E-001  9.9894376217804093E-001  9.9871115718709480E-001  9.9848095559069172E-001  9.9825359873909969E-001
  9.9802952278672263E-001  9.9780915785783530E-001  9.9759292722194770E-001  9.9738124645786852E-001  9.9717452263312389E-001
  9.9697315349887961E-001  9.9677752671404996E-001  9.9658801907497718E-001  9.9640499577619890E-001  9.9622880968676619E-001
  9.9605980064494870E-001  9.9589829477886371E-001  9.9574460386046426E-001  9.9559902467798689E-001  9.9546183844931557E-001
  9.9533331026185667E-001  9.9521368854151182E-001  9.9510320456045254E-001  9.9500207197489920E-001  9.9491048639812785E-001
  9.9482862501280644E-001  9.9475664621677951E-001  9.9469468930705363E-001  9.9464287420443565E-001  9.9460130121225043E-001
  9.9457005081823691E-001  9.9454918353426514E-001  9.9453873977388707E-001  9.9453873977389229E-001  9.9454918353427202E-001
  9.9457005081825156E-001  9.9460130121226964E-001  9.9464287420446262E-001  9.9469468930708349E-001  9.9475664621681470E-001
  9.9482862501284686E-001  9.9491048639817126E-001  9.9500207197494428E-001  9.9510320456050061E-001  9.9521368854155912E-001
  9.9533331026190297E-001  9.9546183844935787E-001  9.9559902467802630E-001  9.9574460386049946E-001  9.9589829477889491E-001
  9.9605980064497801E-001  9.9622880968679295E-001  9.9640499577622399E-001  9.9658801907500194E-001  9.9677752671407471E-001
  9.9697315349890248E-001  9.9717452263314210E-001  9.9738124645788084E-001  9.9759292722195558E-001  9.9780915785783653E-001
  9.9802952278671930E-001  9.9825359873909025E-001  9.9848095559067740E-001  9.9871115718707448E-001  9.9894376217801650E-001
  9.9917832467481638E-001  9.9970431385891201E-001  9.9982466543617721E-001  9.9994446967170580E-001
BLOCK 21   1.3045904877600198E+000
  1.0000647278916928E+000  1.0001855562494686E+000  1.0003069316330198E+000  1.0008454263494471E+000  1.0010815163450062E+000
  1.0013154907815889E+000  1.0015469064479656E+000  1.0017753250288839E+000  1.0020003146795875E+000  1.0022214501480877E+000
  1.0024383141615292E+000  1.0026504976858821E+000  1.0028576010880570E+000  1.0030592345250167E+000  1.0032550189113139E+000
  1.0034445863897412E+000  1.0036275811473692E+000  1.0038036599357043E+000  1.0039724927730096E+000  1.0041337634677188E+000
  1.0042871702279605E+000  1.0044324261643840E+000  1.0045692598183578E+000  1.0046974156161921E+000  1.0048166543223638E+000
  1.0049267534486719E+000  1.0050275076525961E+000  1.0051187290972061E+000  1.0052002477843016E+000  1.0052719118489208E+000
  1.0053335878238139E+000  1.0053851608702671E+000  1.0054265349785481E+000  1.0054576331351774E+000  1.0054783974575279E+000
  1.0054887892947679E+000  1.0054887892947677E+000  1.0054783974575277E+000  1.0054576331351717E+000  1.0054265349785447E+000
  1.0053851608702640E+000  1.0053335878238132E+000  1.0052719118489215E+000  1.0052002477843027E+000  1.0051187290972088E+000
  1.0050275076526001E+000  1.0049267534486788E+000  1.0048166543223718E+000  1.0046974156162047E+000  1.0045692598183720E+000
  1.0044324261644033E+000  1.0042871702279839E+000  1.0041337634677445E+000  1.0039724927730354E+000  1.0038036599357332E+000
  1.0036275811474018E+000  1.0034445863897750E+000  1.0032550189113496E+000  1.0030592345250566E+000  1.0028576010880990E+000
  1.0026504976859245E+000  1.0024383141615714E+000  1.0022214501481292E+000  1.0020003146796279E+000  1.0017753250289125E+000
  1.0015469064479900E+000  1.0013154907816073E+000  1.0010815163450217E+000  1.0008454263494602E+000  1.0003069316330386E+000
  1.0001855562494886E+000  1.0000647278917156E+000  9.9994431764530078E-001  9.9982340643932066E-001  9.9970194328074657E-001
  9.9917151714637242E-001  9.9893480310441041E-001  9.9870005866425970E-001  9.9846773400845390E-001  9.9823827477343929E-001
  9.9801212138145012E-001  9.9778970820972934E-001  9.9757146276083275E-001  9.9735780481373193E-001  9.9714914559614853E-001
  9.9694588696603215E-001  9.9674842060841085E-001  9.9655712725335954E-001  9.9637237592094696E-001  9.9619452318518720E-001
  9.9602391246767641E-001  9.9586087335949092E-001  9.9570572096068855E-001  9.9555875525251714E-001  9.9542026049493648E-001
  9.9529050465364854E-001  9.9516973886558335E-001  9.9505819693572783E-001  9.9495609486920533E-001  9.9486363044087156E-001
  9.9478098279806604E-001  9.9470831210121191E-001  9.9464575920437881E-001  9.9459344537043648E-001  9.9455147202988337E-001
  9.9451992057678262E-001  9.9449885220472145E-001  9.9448830778575403E-001  9.9448830778575503E-001  9.9449885220473289E-001
  9.9451992057679761E-001  9.9455147202990624E-001  9.9459344537046246E-001  9.9464575920441056E-001  9.9470831210124810E-001
  9.9478098279810601E-001  9.9486363044091697E-001  9.9495609486925440E-001  9.9505819693577968E-001  9.9516973886563487E-001
  9.9529050465369606E-001  9.9542026049498233E-001  9.9555875525255833E-001  9.9570572096072762E-001  9.9586087335952722E-001
  9.9602391246770827E-001  9.9619452318521706E-001  9.9637237592097305E-001  9.9655712725338486E-001  9.9674842060843705E-001
  9.9694588696605535E-001  9.9714914559616796E-001  9.9735780481374625E-001  9.9757146276084219E-001  9.9778970820973456E-001
  9.9801212138144901E-001  9.9823827477343219E-001  9.9846773400843714E-001  9.9870005866423761E-001  9.9893480310438421E-001
  9.9917151714634056E-001  9.9970194328071893E-001  9.9982340643929291E-001  9.9994431764535263E-001
BLOCK 22   1.3698200121480244E+000
  1.0000656870228506E+000  1.0001876681298014E+000  1.0003102071950951E+000  1.0008540779893857E+000  1.0010923783209014E+000
  1.0013285372360705E+000  1.0015621076146732E+000  1.0017926473036853E+000  1.0020197207310577E+000  1.0022428989921399E+000
  1.0024617612764144E+000  1.0026758951014256E+000  1.0028848975118299E+000  1.0030883754469220E+000  1.0032859467380584E+000
  1.0034772405621917E+000  1.0036618982754699E+000  1.0038395739161221E+000  1.0040099349153764E+000  1.0041726626098251E+000
  1.0043274528591764E+000  1.0044740165468522E+000  1.0046120801191574E+000  1.0047413860461578E+000  1.0048616932870265E+000
  1.0049727777005715E+000  1.0050744324388832E+000  1.0051664682961134E+000  1.0052487140357755E+000  1.0053210166857853E+000
  1.0053832418087045E+000  1.0054352737366525E+000  1.0054770157725190E+000  1.0055083903549105E+000  1.0055293391904794E+000
  1.0055398233536592E+000  1.0055398233536594E+000  1.0055293391904765E+000  1.0055083903549089E+000  1.0054770157725155E+000
  1.0054352737366536E+000  1.0053832418087061E+000  1.0053210166857884E+000  1.0052487140357793E+000  1.0051664682961186E+000
  1.0050744324388923E+000  1.0049727777005812E+000  1.0048616932870411E+000  1.0047413860461727E+000  1.0046120801191762E+000
  1.0044740165468728E+000  1.0043274528592001E+000  1.0041726626098508E+000  1.0040099349154061E+000  1.0038395739161570E+000
  1.0036618982755068E+000  1.0034772405622301E+000  1.0032859467380981E+000  1.0030883754469646E+000  1.0028848975118752E+000
  1.0026758951014725E+000  1.0024617612764641E+000  1.0022428989921890E+000  1.0020197207310972E+000  1.0017926473037166E+000
  1.0015621076146939E+000  1.0013285372360905E+000  1.0010923783209180E+000  1.0008540779894031E+000  1.0003102071951151E+000
  1.0001876681298227E+000  1.0000656870228744E+000  9.9994414545920995E-001  9.9982206688037512E-001  9.9969943220495794E-001
  9.9916431931318850E-001  9.9892533866999633E-001  9.9868834052635802E-001  9.9845377962770698E-001  9.9822210615547502E-001
  9.9799376504858006E-001  9.9776919516349005E-001  9.9754882843350512E-001  9.9733308901635453E-001  9.9712239246663881E-001
  9.9691714490481131E-001  9.9671774221203613E-001  9.9652456923674682E-001  9.9633799902253317E-001  9.9615839205663370E-001
  9.9598609554998574E-001  9.9582144273722550E-001  9.9566475221384876E-001  9.9551632729992900E-001  9.9537645543451647E-001
  9.9524540760254188E-001  9.9512343778955803E-001  9.9501078246823671E-001  9.9490766012086362E-001  9.9481427079663831E-001
  9.9473079570887135E-001  9.9465739687184740E-001  9.9459421677323046E-001  9.9454137808897847E-001  9.9449898343416765E-001
  9.9446711515549813E-001  9.9444583516572660E-001  9.9443518481669435E-001  9.9443518481669768E-001  9.9444583516573504E-001
  9.9446711515551456E-001  9.9449898343418763E-001  9.9454137808900522E-001  9.9459421677326598E-001  9.9465739687188781E-001
  9.9473079570891687E-001  9.9481427079668727E-001  9.9490766012091558E-001  9.9501078246829200E-001  9.9512343778961332E-001
  9.9524540760259594E-001  9.9537645543456577E-001  9.9551632729997575E-001  9.9566475221388984E-001  9.9582144273726247E-001
  9.9598609555002038E-001  9.9615839205666479E-001  9.9633799902256315E-001  9.9652456923677624E-001  9.9671774221206444E-001
  9.9691714490483763E-001  9.9712239246666079E-001  9.9733308901637119E-001  9.9754882843351589E-001  9.9776919516349405E-001
  9.9799376504858051E-001  9.9822210615546636E-001  9.9845377962769244E-001  9.9868834052633826E-001  9.9892533866997080E-001
  9.9916431931315719E-001  9.9969943220492841E-001  9.9982206688034647E-001  9.9994414545926669E-001
BLOCK 23   1.4350495365360290E+000
  1.0000666812726564E+000  1.0001898744919910E+000  1.0003136374597110E+000  1.0008631464804938E+000  1.0011037714200701E+000
  1.0013422280046658E+000  1.0015780650071553E+000  1.0018108362384035E+000  1.0020401022022412E+000  1.0022654301449485E+000
  1.0024863955200105E+000  1.0027025821945463E+000  1.0029135836853342E+000  1.0031190035047546E+000  1.0033184561912090E+000
  1.0035115677498851E+000  1.0036979765107736E+000  1.0038773336204432E+000  1.0040493037678597E+000  1.0042135656865798E+000
  1.0043698127778058E+000  1.0045177536010332E+000  1.0046571124155963E+000  1.0047876296380738E+000  1.0049090623134249E+000
  1.0050211845282697E+000  1.0051237878122441E+000  1.0052166814917565E+000  1.0052996930213713E+000  1.0053726682753668E+000
  1.0054354718102745E+000  1.0054879870916262E+000  1.0055301166931119E+000  1.0055617824650700E+000  1.0055829256719921E+000
  1.0055935070944102E+000  1.0055935070944086E+000  1.0055829256719928E+000  1.0055617824650684E+000  1.0055301166931112E+000
  1.0054879870916276E+000  1.0054354718102789E+000  1.0053726682753725E+000  1.0052996930213782E+000  1.0052166814917662E+000
  1.0051237878122565E+000  1.0050211845282848E+000  1.0049090623134387E+000  1.0047876296380913E+000  1.0046571124156147E+000
  1.0045177536010577E+000  1.0043698127778315E+000  1.0042135656866074E+000  1.0040493037678915E+000  1.0038773336204780E+000
  1.0036979765108129E+000  1.0035115677499284E+000  1.0033184561912567E+000  1.0031190035048043E+000  1.0029135836853862E+000
  1.0027025821945958E+000  1.0024863955200600E+000  1.0022654301449976E+000  1.0020401022022858E+000  1.0018108362384353E+000
  1.0015780650071826E+000  1.0013422280046869E+000  1.0011037714200899E+000  1.0008631464805120E+000  1.0003136374597330E+000
  1.0001898744920135E+000  1.0000666812726813E+000  9.9994395108938916E-001  9.9982064428838302E-001  9.9969677775517718E-001
  9.9915672506578845E-001  9.9891536218609234E-001  9.9867599549275288E-001  9.9843908452612051E-001  9.9820508425632026E-001
  9.9797444438741167E-001  9.9774760849922062E-001  9.9752501319378406E-001  9.9730708723494532E-001  9.9709425070683422E-001
  9.9688691417974118E-001  9.9668547790045514E-001  9.9649033099178885E-001  9.9630185067612631E-001  9.9612040151822734E-001
  9.9594633468868687E-001  9.9577998725526051E-001  9.9562168150087560E-001  9.9547172427103969E-001  9.9533040635663461E-001
  9.9519800190795804E-001  9.9507476788436944E-001  9.9496094353908671E-001  9.9485674993728401E-001  9.9476238950946005E-001
  9.9467804564025553E-001  9.9460388229217700E-001  9.9454004367212645E-001  9.9448665393640912E-001  9.9444381693993511E-001
  9.9441161602665329E-001  9.9439011385989473E-001  9.9437935229578922E-001  9.9437935229579133E-001  9.9439011385990550E-001
  9.9441161602667028E-001  9.9444381693995898E-001  9.9448665393643965E-001  9.9454004367216142E-001  9.9460388229222008E-001
  9.9467804564030282E-001  9.9476238950951268E-001  9.9485674993734152E-001  9.9496094353914566E-001  9.9507476788442650E-001
  9.9519800190801144E-001  9.9533040635668579E-001  9.9547172427108710E-001  9.9562168150091956E-001  9.9577998725530026E-001
  9.9594633468872384E-001  9.9612040151826231E-001  9.9630185067616006E-001  9.9649033099182061E-001  9.9668547790048512E-001
  9.9688691417976916E-001  9.9709425070686020E-001  9.9730708723496342E-001  9.9752501319379683E-001  9.9774760849922783E-001
  9.9797444438740857E-001  9.9820508425631282E-001  9.9843908452610408E-001  9.9867599549273256E-001  9.9891536218606736E-001
  9.9915672506575426E-001  9.9969677775514831E-001  9.9982064428835316E-001  9.9994395108945189E-001
BLOCK 24   1.5002790609240335E+000
  1.0000677090360053E+000  1.0001921743110513E+000  1.0003172220575132E+000  1.0008726321307362E+000  1.0011156972195174E+000
  1.0013565659371526E+000  1.0015947827259259E+000  1.0018298971399404E+000  1.0020614655442563E+000  1.0022890511295079E+000
  1.0025122254147021E+000  1.0027305684238905E+000  1.0029436699586314E+000  1.0031511299200602E+000  1.0033525593701034E+000
  1.0035475809579355E+000  1.0037358298036838E+000  1.0039169539806414E+000  1.0040906152603348E+000  1.0042564896090942E+000
  1.0044142678216541E+000  1.0045636560049740E+000  1.0047043761233587E+000  1.0048361664489247E+000  1.0049587820321053E+000
  1.0050719951099478E+000  1.0051755955087960E+000  1.0052693909993222E+000  1.0053532076332961E+000  1.0054268900393195E+000
  1.0054903016897192E+000  1.0055433251285435E+000  1.0055858621688680E+000  1.0056178340555191E+000  1.0056391815969359E+000
  1.0056498652653165E+000  1.0056498652653170E+000  1.0056391815969354E+000  1.0056178340555202E+000  1.0055858621688698E+000
  1.0055433251285493E+000  1.0054903016897276E+000  1.0054268900393286E+000  1.0053532076333063E+000  1.0052693909993333E+000
  1.0051755955088115E+000  1.0050719951099651E+000  1.0049587820321262E+000  1.0048361664489449E+000  1.0047043761233820E+000
  1.0045636560049982E+000  1.0044142678216836E+000  1.0042564896091259E+000  1.0040906152603708E+000  1.0039169539806814E+000
  1.0037358298037276E+000  1.0035475809579826E+000  1.0033525593701527E+000  1.0031511299201123E+000  1.0029436699586880E+000
  1.0027305684239458E+000  1.0025122254147585E+000  1.0022890511295617E+000  1.0020614655443016E+000  1.0018298971399737E+000
  1.0015947827259528E+000  1.0013565659371768E+000  1.0011156972195387E+000  1.0008726321307564E+000  1.0003172220575358E+000
  1.0001921743110751E+000  1.0000677090360317E+000  9.9994373240998380E-001  9.9981913606640693E-001  9.9939412755561252E-001
  9.9914872768264484E-001  9.9890486633192277E-001  9.9866301563135629E-001  9.9842364018100505E-001  9.9818719995028304E-001
  9.9795414962613305E-001  9.9772493773904458E-001  9.9750000579663944E-001  9.9727978740352319E-001  9.9706470740864861E-001
  9.9685518105866833E-001  9.9665161317637629E-001  9.9645439735268870E-001  9.9626391516563029E-001  9.9608053541355768E-001
  9.9590461337743363E-001  9.9573649010254872E-001  9.9557649170769236E-001  9.9542492872233068E-001  9.9528209545334112E-001
  9.9514826938453871E-001  9.9502371061179740E-001  9.9490866131357369E-001  9.9480334526052761E-001  9.9470796736319500E-001
  9.9462271325663076E-001  9.9454774892549125E-001  9.9448322036485426E-001  9.9442925328151777E-001  9.9438595283391829E-001
  9.9435340341367684E-001  9.9433166847187371E-001  9.9432079038870458E-001  9.9432079038870780E-001  9.9433166847188359E-001
  9.9435340341369438E-001  9.9438595283394482E-001  9.9442925328155107E-001  9.9448322036489534E-001  9.9454774892553544E-001
  9.9462271325668261E-001  9.9470796736324929E-001  9.9480334526058567E-001  9.9490866131363342E-001  9.9502371061185479E-001
  9.9514826938459666E-001  9.9528209545339541E-001  9.9542492872238175E-001  9.9557649170773743E-001  9.9573649010259069E-001
  9.9590461337747294E-001  9.9608053541359332E-001  9.9626391516566648E-001  9.9645439735272412E-001  9.9665161317641027E-001
  9.9685518105870030E-001  9.9706470740867248E-001  9.9727978740354362E-001  9.9750000579665166E-001  9.9772493773905269E-001
  9.9795414962613616E-001  9.9818719995027516E-001  9.9842364018099272E-001  9.9866301563133464E-001  9.9890486633189268E-001
  9.9914872768260921E-001  9.9939412755557033E-001  9.9981913606637540E-001  9.9994373241005219E-001
BLOCK 25   1.5655085853120381E+000
  1.0000687714925978E+000  1.0001945682549835E+000  1.0003209609925074E+000  1.0008825350724200E+000  1.0011281572107171E+000
  1.0013715539805654E+000  1.0016122650636550E+000  1.0018498355683887E+000  1.0020838175327089E+000  1.0023137698879723E+000
  1.0025392600162351E+000  1.0027598639025499E+000  1.0029751674459788E+000  1.0031847667577733E+000  1.0033882692516947E+000
  1.0035852940530086E+000  1.0037754729069199E+000  1.0039584506492034E+000  1.0041338859703006E+000  1.0043014519066760E+000
  1.0044608364881658E+000  1.0046117432179964E+000  1.0047538916261547E+000  1.0048870177162887E+000  1.0050108744383837E+000
  1.0051252320918820E+000  1.0052298787272331E+000  1.0053246204960418E+000  1.0054092819859863E+000  1.0054837065147968E+000
  1.0055477564003026E+000  1.0056013131938251E+000  1.0056442778844672E+000  1.0056765710654938E+000  1.0056981330650858E+000
  1.0057089240407264E+000  1.0057089240407255E+000  1.0056981330650878E+000  1.0056765710654958E+000  1.0056442778844707E+000
  1.0056013131938304E+000  1.0055477564003124E+000  1.0054837065148106E+000  1.0054092819860010E+000  1.0053246204960598E+000
  1.0052298787272504E+000  1.0051252320919011E+000  1.0050108744384052E+000  1.0048870177163134E+000  1.0047538916261827E+000
  1.0046117432180297E+000  1.0044608364881991E+000  1.0043014519067162E+000  1.0041338859703410E+000  1.0039584506492469E+000
  1.0037754729069677E+000  1.0035852940530585E+000  1.0033882692517460E+000  1.0031847667578278E+000  1.0029751674460348E+000
  1.0027598639026081E+000  1.0025392600162932E+000  1.0023137698880300E+000  1.0020838175327613E+000  1.0018498355684284E+000
  1.0016122650636865E+000  1.0013715539805927E+000  1.0011281572107398E+000  1.0008825350724393E+000  1.0003209609925303E+000
  1.0001945682550089E+000  1.0000687714926253E+000  9.9994349011727379E-001  9.9981754180798310E-001  9.9938834342405614E-001
  9.9914031373905632E-001  9.9889383748460969E-001  9.9864938810877846E-001  9.9840743630175266E-001  9.9816844431492657E-001
  9.9793287114111728E-001  9.9770117207113085E-001  9.9747379448532691E-001  9.9725117698050647E-001  9.9703374926381039E-001
  9.9682193144079023E-001  9.9661613312977804E-001  9.9641675261132145E-001  9.9622417602644453E-001  9.9603877660224638E-001
  9.9586091390406428E-001  9.9569093311063561E-001  9.9552916431832061E-001  9.9537592187001300E-001  9.9523150371518332E-001
  9.9509619079974521E-001  9.9497024648868759E-001  9.9485391602408979E-001  9.9474742602054456E-001  9.9465098399840368E-001
  9.9456477795922360E-001  9.9448897600043529E-001  9.9442372597377082E-001  9.9436915518414681E-001  9.9432537013062350E-001
  9.9429245628881036E-001  9.9427047793322720E-001  9.9425947800185288E-001  9.9425947800185688E-001  9.9427047793323942E-001
  9.9429245628883189E-001  9.9432537013065170E-001  9.9436915518418145E-001  9.9442372597381246E-001  9.9448897600048347E-001
  9.9456477795927356E-001  9.9465098399846097E-001  9.9474742602060506E-001  9.9485391602415085E-001  9.9497024648875121E-001
  9.9509619079980571E-001  9.9523150371523939E-001  9.9537592187006363E-001  9.9552916431836835E-001  9.9569093311068169E-001
  9.9586091390410658E-001  9.9603877660228612E-001  9.9622417602647995E-001  9.9641675261135654E-001  9.9661613312981456E-001
  9.9682193144082276E-001  9.9703374926384203E-001  9.9725117698052879E-001  9.9747379448534379E-001  9.9770117207114040E-001
  9.9793287114111573E-001  9.9816844431491969E-001  9.9840743630173734E-001  9.9864938810875714E-001  9.9889383748458060E-001
  9.9914031373901946E-001  9.9938834342401350E-001  9.9981754180795046E-001  9.9994349011734829E-001
BLOCK 26   1.6307381097000426E+000
  1.0000698631527449E+000  1.0001970547890562E+000  1.0003248569140457E+000  1.0008928626689069E+000  1.0011411580820324E+000
  1.0013871971077721E+000  1.0016305160059540E+000  1.0018706562348816E+000  1.0021071645474411E+000  1.0023395944490430E+000
  1.0025675087245727E+000  1.0027904792279085E+000  1.0030080878669743E+000  1.0032199268149649E+000  1.0034255996676429E+000
  1.0036247218578200E+000  1.0038169215943391E+000  1.0040018403199171E+000  1.0041791334921928E+000  1.0043484710675756E+000
  1.0045095381625131E+000  1.0046620355300000E+000  1.0048056801230301E+000  1.0049402055401850E+000  1.0050653625032626E+000
  1.0051809192573389E+000  1.0052866619738627E+000  1.0053823950986756E+000  1.0054679416875631E+000  1.0055431436981157E+000
  1.0056078622575138E+000  1.0056619778909952E+000  1.0057053907227951E+000  1.0057380206423212E+000  1.0057598074396747E+000
  1.0057707109071301E+000  1.0057707109071303E+000  1.0057598074396745E+000  1.0057380206423245E+000  1.0057053907227997E+000
  1.0056619778910023E+000  1.0056078622575251E+000  1.0055431436981281E+000  1.0054679416875789E+000  1.0053823950986942E+000
  1.0052866619738845E+000  1.0051809192573624E+000  1.0050653625032893E+000  1.0049402055402155E+000  1.0048056801230638E+000
  1.0046620355300357E+000  1.0045095381625522E+000  1.0043484710676187E+000  1.0041791334922396E+000  1.0040018403199653E+000
  1.0038169215943902E+000  1.0036247218578753E+000  1.0034255996676995E+000  1.0032199268150235E+000  1.0030080878670360E+000
  1.0027904792279694E+000  1.0025675087246342E+000  1.0023395944491031E+000  1.0021071645474939E+000  1.0018706562349224E+000
  1.0016305160059860E+000  1.0013871971078030E+000  1.0011411580820586E+000  1.0008928626689313E+000  1.0003248569140706E+000
  1.0001970547890815E+000  1.0000698631527731E+000  9.9994321765846683E-001  9.9981585469656686E-001  9.9938226305788525E-001
  9.9913148741788105E-001  9.9888227645103522E-001  9.9863510880637607E-001  9.9839045910629687E-001  9.9814879855093686E-001
  9.9791059122969350E-001  9.9767629664271906E-001  9.9744636704388168E-001  9.9722124439592275E-001  9.9700136340721346E-001
  9.9678715084317426E-001  9.9657902217021721E-001  9.9637738042102963E-001  9.9618261622801774E-001  9.9599510735282604E-001
  9.9581521784345151E-001  9.9564329721107148E-001  9.9547967970234985E-001  9.9532468362419324E-001  9.9517861070005154E-001
  9.9504174545400403E-001  9.9491435462734368E-001  9.9479668662816167E-001  9.9468897101650877E-001  9.9459141802826811E-001
  9.9450421813757639E-001  9.9442754166232983E-001  9.9436153841084784E-001  9.9430633737201812E-001  9.9426204644868255E-001
  9.9422875223485241E-001  9.9420651983863240E-001  9.9419539274934177E-001  9.9419539274934443E-001  9.9420651983864405E-001
  9.9422875223487239E-001  9.9426204644871063E-001  9.9430633737205187E-001  9.9436153841089081E-001  9.9442754166237701E-001
  9.9450421813763223E-001  9.9459141802832629E-001  9.9468897101657161E-001  9.9479668662822707E-001  9.9491435462740840E-001
  9.9504174545406787E-001  9.9517861070010871E-001  9.9532468362424842E-001  9.9547967970240003E-001  9.9564329721111711E-001
  9.9581521784349358E-001  9.9599510735286279E-001  9.9618261622805671E-001  9.9637738042106994E-001  9.9657902217025562E-001
  9.9678715084321157E-001  9.9700136340724033E-001  9.9722124439594662E-001  9.9744636704389811E-001  9.9767629664272972E-001
  9.9791059122969561E-001  9.9814879855093031E-001  9.9839045910628088E-001  9.9863510880635098E-001  9.9888227645100391E-001
  9.9913148741784241E-001  9.9938226305784217E-001  9.9981585469653489E-001  9.9994321765855054E-001
BLOCK 27   1.6959676340880472E+000
  1.0000709843469493E+000  1.0001996320937383E+000  1.0006507070953803E+000  1.0009036088307890E+000  1.0011546983976198E+000
  1.0014035014699898E+000  1.0016495470365319E+000  1.0018923711818739E+000  1.0021315167486646E+000  1.0023665331866791E+000
  1.0025969796579459E+000  1.0028224239017702E+000  1.0030424427443583E+000  1.0032566233823696E+000  1.0034645652485901E+000
  1.0036658801059768E+000  1.0038601926247122E+000  1.0040471407463998E+000  1.0042263765427861E+000  1.0043975667361833E+000
  1.0045603933851524E+000  1.0047145543535201E+000  1.0048597638801715E+000  1.0049957530224947E+000  1.0051222701427940E+000
  1.0052390813100351E+000  1.0053459707084165E+000  1.0054427409834050E+000  1.0055292135753227E+000  1.0056052290059525E+000
  1.0056706471440979E+000  1.0057253474321006E+000  1.0057692290872213E+000  1.0058022112687763E+000  1.0058242332160172E+000
  1.0058352543517350E+000  1.0058352543517324E+000  1.0058242332160183E+000  1.0058022112687768E+000  1.0057692290872262E+000
  1.0057253474321086E+000  1.0056706471441095E+000  1.0056052290059669E+000  1.0055292135753398E+000  1.0054427409834257E+000
  1.0053459707084420E+000  1.0052390813100651E+000  1.0051222701428246E+000  1.0049957530225304E+000  1.0048597638802095E+000
  1.0047145543535601E+000  1.0045603933851974E+000  1.0043975667362306E+000  1.0042263765428363E+000  1.0040471407464524E+000
  1.0038601926247672E+000  1.0036658801060374E+000  1.0034645652486518E+000  1.0032566233824347E+000  1.0030424427444233E+000
  1.0028224239018353E+000  1.0025969796580108E+000  1.0023665331867422E+000  1.0021315167487217E+000  1.0018923711819165E+000
  1.0016495470365665E+000  1.0014035014700204E+000  1.0011546983976483E+000  1.0009036088308132E+000  1.0006507070954060E+000
  1.0001996320937652E+000  1.0000709843469775E+000  9.9994291454545792E-001  9.9981407416645596E-001  9.9937587818102758E-001
  9.9912223747178575E-001  9.9887017296542391E-001  9.9862016895797689E-001  9.9837270618455698E-001  9.9812826041702496E-001
  9.9788730293515560E-001  9.9765029776556624E-001  9.9741770250945427E-001  9.9718996674784888E-001  9.9696752992966053E-001
  9.9675082309719532E-001  9.9654026619354497E-001  9.9633626625162153E-001  9.9613921925281712E-001  9.9594950929267345E-001
  9.9576750578964968E-001  9.9559356245096975E-001  9.9542801742760734E-001  9.9527119302489020E-001  9.9512339492513802E-001
  9.9498491140932122E-001  9.9485601272825408E-001  9.9473695055888534E-001  9.9462795749715327E-001  9.9452924657754960E-001
  9.9444101082838599E-001  9.9436342286463419E-001  9.9429663452402106E-001  9.9424077654709164E-001  9.9419595830336205E-001
  9.9416226756464088E-001  9.9413977032451639E-001  9.9412851066452657E-001  9.9412851066453112E-001  9.9413977032452783E-001
  9.9416226756465820E-001  9.9419595830338747E-001  9.9424077654712861E-001  9.9429663452406258E-001  9.9436342286468637E-001
  9.9444101082844150E-001  9.9452924657761110E-001  9.9462795749721844E-001  9.9473695055895328E-001  9.9485601272832225E-001
  9.9498491140938394E-001  9.9512339492519775E-001  9.9527119302494627E-001  9.9542801742766018E-001  9.9559356245102026E-001
  9.9576750578969397E-001  9.9594950929271564E-001  9.9613921925285587E-001  9.9633626625165994E-001  9.9654026619358405E-001
  9.9675082309722896E-001  9.9696752992969262E-001  9.9718996674787241E-001  9.9741770250947215E-001  9.9765029776557612E-001
  9.9788730293515782E-001  9.9812826041701808E-001  9.9837270618454188E-001  9.9862016895795558E-001  9.9887017296539438E-001
  9.9912223747174900E-001  9.9937587818098139E-001  9.9981407416642154E-001  9.9994291454554496E-001
BLOCK 28   1.7611971584760517E+000
  1.0000721340553662E+000  1.0002023002865528E+000  1.0006589327533979E+000  1.0009147763908091E+000  1.0011687810354897E+000
  1.0014204661729122E+000  1.0016693567997315E+000  1.0019149828160336E+000  1.0021568822322626E+000  1.0023945999995738E+000
  1.0026276894263177E+000  1.0028557135444109E+000  1.0030782454677298E+000  1.0032948686903314E+000  1.0035051789383802E+000
  1.0037087837657104E+000  1.0039053031698240E+000  1.0040943707802228E+000  1.0042756351295565E+000  1.0044487598352787E+000
  1.0046134239416127E+000  1.0047693223258884E+000  1.0049161663637427E+000  1.0050536844311730E+000  1.0051816224091970E+000
  1.0052997440763034E+000  1.0054078315144634E+000  1.0055056854530120E+000  1.0055931256062793E+000  1.0056699909623510E+000
  1.0057361400527176E+000  1.0057914511801624E+000  1.0058358226203747E+000  1.0058691727864142E+000  1.0058914403629780E+000
  1.0059025844054630E+000  1.0059025844054632E+000  1.0058914403629784E+000  1.0058691727864157E+000  1.0058358226203774E+000
  1.0057914511801695E+000  1.0057361400527303E+000  1.0056699909623692E+000  1.0055931256063015E+000  1.0055056854530366E+000
  1.0054078315144912E+000  1.0052997440763372E+000  1.0051816224092347E+000  1.0050536844312128E+000  1.0049161663637869E+000
  1.0047693223259340E+000  1.0046134239416618E+000  1.0044487598353335E+000  1.0042756351296145E+000  1.0040943707802827E+000
  1.0039053031698884E+000  1.0037087837657750E+000  1.0035051789384477E+000  1.0032948686903982E+000  1.0030782454677993E+000
  1.0028557135444811E+000  1.0026276894263864E+000  1.0023945999996406E+000  1.0021568822323212E+000  1.0019149828160812E+000
  1.0016693567997672E+000  1.0014204661729444E+000  1.0011687810355177E+000  1.0009147763908357E+000  1.0006589327534245E+000
  1.0002023002865805E+000  1.0000721340553969E+000  9.9994257959461907E-001  9.9981219846860880E-001  9.9936918351790760E-001
  9.9911255592218695E-001  9.9885751720357852E-001  9.9860455763703482E-001  9.9835416362785523E-001  9.9810681705506565E-001
  9.9786299402990475E-001  9.9762316521593186E-001  9.9738779363440377E-001  9.9715733430118669E-001  9.9693223346904902E-001
  9.9671292661779676E-001  9.9649983934633313E-001  9.9629338514243426E-001  9.9609396438292208E-001  9.9590196525515085E-001
  9.9571776143747115E-001  9.9554171089885635E-001  9.9537415705083776E-001  9.9521542783614003E-001  9.9506583343889021E-001
  9.9492566550011319E-001  9.9479519739879374E-001  9.9467468409011361E-001  9.9456436140086102E-001  9.9446444532734812E-001
  9.9437513153697077E-001  9.9429659498981082E-001  9.9422898959683570E-001  9.9417244790266190E-001  9.9412708080486856E-001
  9.9409297731694235E-001  9.9407020437770444E-001  9.9405880670673818E-001  9.9405880670674462E-001  9.9407020437771798E-001
  9.9409297731696167E-001  9.9412708080489764E-001  9.9417244790269654E-001  9.9422898959688011E-001  9.9429659498985956E-001
  9.9437513153702795E-001  9.9446444532741074E-001  9.9456436140092841E-001  9.9467468409018323E-001  9.9479519739886491E-001
  9.9492566550018036E-001  9.9506583343895239E-001  9.9521542783619865E-001  9.9537415705089116E-001  9.9554171089890542E-001
  9.9571776143751767E-001  9.9590196525519481E-001  9.9609396438296505E-001  9.9629338514247590E-001  9.9649983934637110E-001
  9.9671292661783228E-001  9.9693223346907867E-001  9.9715733430121012E-001  9.9738779363441954E-001  9.9762316521594119E-001
  9.9786299402990986E-001  9.9810681705506055E-001  9.9835416362784180E-001  9.9860455763701184E-001  9.9885751720354765E-001
  9.9911255592214787E-001  9.9936918351786375E-001  9.9981219846857294E-001  9.9994257959471378E-001
BLOCK 29   1.8264266828640563E+000
  1.0000733113399345E+000  1.0002050590685458E+000  1.0006674592356839E+000  1.0009263672769964E+000  1.0011834083832607E+000
  1.0014380969380903E+000  1.0016899515326987E+000  1.0019384976482628E+000  1.0021832671650690E+000  1.0024238000347752E+000
  1.0026596449966343E+000  1.0028903596392302E+000  1.0031155126183140E+000  1.0033346829475029E+000  1.0035474614846629E+000
  1.0037534517483486E+000  1.0039522703098041E+000  1.0041435473476590E+000  1.0043269277734819E+000  1.0045020712366546E+000
  1.0046686527522086E+000  1.0048263637060020E+000  1.0049749126694363E+000  1.0051140255421946E+000  1.0052434457693982E+000
  1.0053629347221209E+000  1.0054722722172165E+000  1.0055712569303852E+000  1.0056597067479529E+000  1.0057374590452977E+000
  1.0058043709502900E+000  1.0058603195680924E+000  1.0059052021820329E+000  1.0059389364155820E+000  1.0059614603641669E+000
  1.0059727326912056E+000  1.0059727326912054E+000  1.0059614603641678E+000  1.0059389364155835E+000  1.0059052021820394E+000
  1.0058603195681044E+000  1.0058043709503051E+000  1.0057374590453165E+000  1.0056597067479764E+000  1.0055712569304120E+000
  1.0054722722172482E+000  1.0053629347221571E+000  1.0052434457694379E+000  1.0051140255422386E+000  1.0049749126694840E+000
  1.0048263637060553E+000  1.0046686527522661E+000  1.0045020712367152E+000  1.0043269277735432E+000  1.0041435473477240E+000
  1.0039522703098718E+000  1.0037534517484215E+000  1.0035474614847346E+000  1.0033346829475775E+000  1.0031155126183890E+000
  1.0028903596393057E+000  1.0026596449967096E+000  1.0024238000348460E+000  1.0021832671651307E+000  1.0019384976483110E+000
  1.0016899515327387E+000  1.0014380969381240E+000  1.0011834083832929E+000  1.0009263672770257E+000  1.0006674592357114E+000
  1.0002050590685736E+000  1.0000733113399645E+000  9.9994221083946644E-001  9.9981022486861526E-001  9.9936217360447366E-001
  9.9910243642515961E-001  9.9884430181682893E-001  9.9858826572402748E-001  9.9833482066858548E-001  9.9808445466163820E-001
  9.9783765021351056E-001  9.9759488351063996E-001  9.9735662383839963E-001  9.9712333187315549E-001  9.9689545911344901E-001
  9.9667344765639665E-001  9.9645772809475797E-001  9.9624871971612272E-001  9.9604682889337437E-001  9.9585244812162510E-001
  9.9566595639136157E-001  9.9548771708335282E-001  9.9531807754234991E-001  9.9515736947097966E-001  9.9500590700515734E-001
  9.9486398588827041E-001  9.9473188419315051E-001  9.9460986142945629E-001  9.9449815674250430E-001  9.9439698843573443E-001
  9.9430655437300330E-001  9.9422703190857398E-001  9.9415857727217083E-001  9.9410132498504855E-001  9.9405538753137113E-001
  9.9402085517187089E-001  9.9399779578637115E-001  9.9398625473096902E-001  9.9398625473097224E-001  9.9399779578638292E-001
  9.9402085517189209E-001  9.9405538753140021E-001  9.9410132498509074E-001  9.9415857727221635E-001  9.9422703190862616E-001
  9.9430655437306226E-001  9.9439698843579805E-001  9.9449815674257147E-001  9.9460986142952867E-001  9.9473188419322167E-001
  9.9486398588834069E-001  9.9500590700522129E-001  9.9515736947104239E-001  9.9531807754240753E-001  9.9548771708340389E-001
  9.9566595639140920E-001  9.9585244812166807E-001  9.9604682889341500E-001  9.9624871971616302E-001  9.9645772809479694E-001
  9.9667344765643329E-001  9.9689545911348199E-001  9.9712333187318247E-001  9.9735662383841628E-001  9.9759488351065029E-001
  9.9783765021351301E-001  9.9808445466163220E-001  9.9833482066856971E-001  9.9858826572400283E-001  9.9884430181679684E-001
  9.9910243642511931E-001  9.9936217360442592E-001  9.9981022486858007E-001  9.9994221083956780E-001
BLOCK 30   1.8916562072520609E+000
  1.0000745152805675E+000  1.0002079083122948E+000  1.0006762874902086E+000  1.0009383836499812E+000  1.0011985844275517E+000
  1.0014563980037501E+000  1.0017113376163216E+000  1.0019629226557012E+000  1.0022106798917285E+000  1.0024541436051899E+000
  1.0026928572551002E+000  1.0029263736458507E+000  1.0031542560194289E+000  1.0033760788766799E+000  1.0035914285752991E+000
  1.0037999039462298E+000  1.0040011175245420E+000  1.0041946954400096E+000  1.0043802785819065E+000  1.0045575231758197E+000
  1.0047261011547437E+000  1.0048857007560867E+000  1.0050360272383274E+000  1.0051768030664765E+000  1.0053077684824958E+000
  1.0054286822625489E+000  1.0055393221916196E+000  1.0056394851327726E+000  1.0057289871779427E+000  1.0058076639705378E+000
  1.0058753710900852E+000  1.0059319843355456E+000  1.0059773999239356E+000  1.0060115346327114E+000  1.0060343259214304E+000
  1.0060457320265712E+000  1.0060457320265725E+000  1.0060343259214342E+000  1.0060115346327176E+000  1.0059773999239436E+000
  1.0059319843355590E+000  1.0058753710901032E+000  1.0058076639705613E+000  1.0057289871779702E+000  1.0056394851328030E+000
  1.0055393221916538E+000  1.0054286822625880E+000  1.0053077684825422E+000  1.0051768030665267E+000  1.0050360272383814E+000
  1.0048857007561447E+000  1.0047261011548061E+000  1.0045575231758834E+000  1.0043802785819760E+000  1.0041946954400802E+000
  1.0040011175246188E+000  1.0037999039463070E+000  1.0035914285753789E+000  1.0033760788767587E+000  1.0031542560195095E+000
  1.0029263736459306E+000  1.0026928572551796E+000  1.0024541436052670E+000  1.0022106798917947E+000  1.0019629226557545E+000
  1.0017113376163649E+000  1.0014563980037869E+000  1.0011985844275830E+000  1.0009383836500092E+000  1.0006762874902366E+000
  1.0002079083123221E+000  1.0000745152805972E+000  9.9994180612917216E-001  9.9980815109912924E-001  9.9935484181356415E-001
  9.9909187152520007E-001  9.9883051774638631E-001  9.9857128319573685E-001  9.9831466645698286E-001  9.9806116183722537E-001
  9.9781125825592676E-001  9.9756543812674681E-001  9.9732417668315254E-001  9.9708794093123998E-001  9.9685718853881189E-001
  9.9663236701574343E-001  9.9641391327449769E-001  9.9620225168226750E-001  9.9599779417771195E-001  9.9580093921550017E-001
  9.9561207047307654E-001  9.9543155683787155E-001  9.9525975070777939E-001  9.9509698768637578E-001  9.9494358650631765E-001
  9.9479984728759996E-001  9.9466605141314934E-001  9.9454246161850490E-001  9.9442932044366172E-001  9.9432684969504814E-001
  9.9423525093330345E-001  9.9415470469670986E-001  9.9408536917473189E-001  9.9402738003675217E-001  9.9398085092732269E-001
  9.9394587345963370E-001  9.9392251670915199E-001  9.9391082680041509E-001  9.9391082680041920E-001  9.9392251670916743E-001
  9.9394587345965624E-001  9.9398085092735511E-001  9.9402738003678948E-001  9.9408536917477885E-001  9.9415470469676392E-001
  9.9423525093336462E-001  9.9432684969511564E-001  9.9442932044373222E-001  9.9454246161857751E-001  9.9466605141322462E-001
  9.9479984728767046E-001  9.9494358650638570E-001  9.9509698768643695E-001  9.9525975070783823E-001  9.9543155683792461E-001
  9.9561207047312417E-001  9.9580093921554580E-001  9.9599779417775547E-001  9.9620225168231002E-001  9.9641391327453899E-001
  9.9663236701578217E-001  9.9685718853884553E-001  9.9708794093126552E-001  9.9732417668317397E-001  9.9756543812675813E-001
  9.9781125825592865E-001  9.9806116183721805E-001  9.9831466645696509E-001  9.9857128319571087E-001  9.9883051774635179E-001
  9.9909187152515810E-001  9.9935484181351719E-001  9.9980815109909293E-001  9.9994180612928074E-001
BLOCK 31   1.9568857316400654E+000
  1.0000757448819011E+000  1.0002108478979528E+000  1.0006854183937617E+000  1.0009508280675068E+000  1.0012143127739761E+000
  1.0014753748909333E+000  1.0017335213540488E+000  1.0019882660300619E+000  1.0022391296154665E+000  1.0024856410257452E+000
  1.0027273381285293E+000  1.0029637683430637E+000  1.0031944899600909E+000  1.0034190722012510E+000  1.0036370967972941E+000
  1.0038481579581728E+000  1.0040518635872815E+000  1.0042478357746270E+000  1.0044357113450209E+000  1.0046151425825811E+000
  1.0047857979123700E+000  1.0049473621188283E+000  1.0050995371930624E+000  1.0052420427543536E+000  1.0053746163943631E+000
  1.0054970141997619E+000  1.0056090112209906E+000  1.0057104016950049E+000  1.0058009994950190E+000  1.0058806386203960E+000
  1.0059491734135526E+000  1.0060064785535434E+000  1.0060524491529401E+000  1.0060870009954241E+000  1.0061100707779713E+000
  1.0061216162473898E+000  1.0061216162473900E+000  1.0061100707779749E+000  1.0060870009954308E+000  1.0060524491529508E+000
  1.0060064785535590E+000  1.0059491734135753E+000  1.0058806386204229E+000  1.0058009994950505E+000  1.0057104016950431E+000
  1.0056090112210303E+000  1.0054970141998072E+000  1.0053746163944135E+000  1.0052420427544073E+000  1.0050995371931193E+000
  1.0049473621188907E+000  1.0047857979124366E+000  1.0046151425826533E+000  1.0044357113450970E+000  1.0042478357747089E+000
  1.0040518635873634E+000  1.0038481579582563E+000  1.0036370967973787E+000  1.0034190722013385E+000  1.0031944899601772E+000
  1.0029637683431498E+000  1.0027273381286119E+000  1.0024856410258252E+000  1.0022391296155353E+000  1.0019882660301171E+000
  1.0017335213540939E+000  1.0014753748909688E+000  1.0012143127740076E+000  1.0009508280675348E+000  1.0006854183937897E+000
  1.0002108478979808E+000  1.0000757448819309E+000  9.9994136262062505E-001  9.9980597456275233E-001  9.9934718220722762E-001
  9.9908085330320973E-001  9.9881615610627617E-001  9.9855359962969048E-001  9.9829368919476680E-001  9.9803692560411028E-001
  9.9778380416287227E-001  9.9753481391613452E-001  9.9729043634492620E-001  9.9705114476537759E-001  9.9681740313685907E-001
  9.9658966519583503E-001  9.9636837348220120E-001  9.9615395872184642E-001  9.9594683831719577E-001  9.9574741615137141E-001
  9.9555608160413034E-001  9.9537320817210029E-001  9.9519915358463518E-001  9.9503425846536020E-001  9.9487884572388097E-001
  9.9473322020566113E-001  9.9459766729579169E-001  9.9447245295817244E-001  9.9435782340166834E-001  9.9425400374746153E-001
  9.9416119807864844E-001  9.9407958937840213E-001  9.9400933833944183E-001  9.9395058308687279E-001  9.9390343959531924E-001
  9.9386800111135920E-001  9.9384433722513033E-001  9.9383249386835304E-001  9.9383249386835748E-001  9.9384433722514331E-001
  9.9386800111138340E-001  9.9390343959535077E-001  9.9395058308691286E-001  9.9400933833949146E-001  9.9407958937845942E-001
  9.9416119807870995E-001  9.9425400374752926E-001  9.9435782340174061E-001  9.9447245295824771E-001  9.9459766729586818E-001
  9.9473322020573463E-001  9.9487884572394691E-001  9.9503425846542404E-001  9.9519915358469302E-001  9.9537320817215480E-001
  9.9555608160417985E-001  9.9574741615141793E-001  9.9594683831724340E-001  9.9615395872189061E-001  9.9636837348224505E-001
  9.9658966519587666E-001  9.9681740313689216E-001  9.9705114476540502E-001  9.9729043634494441E-001  9.9753481391614551E-001
  9.9778380416287282E-001  9.9803692560410195E-001  9.9829368919474915E-001  9.9855359962966539E-001  9.9881615610624019E-001
  9.9908085330316543E-001  9.9934718220717622E-001  9.9980597456271492E-001  9.9994136262073996E-001
BLOCK 32   2.0221152560280697E+000
  1.0000769992700411E+000  1.0002138776003096E+000  1.0006948531064637E+000  1.0009637029616949E+000  1.0012305976223927E+000
  1.0014950329953574E+000  1.0017565099379013E+000  1.0020145361064940E+000  1.0022686263201570E+000  1.0025183035951857E+000
  1.0027631001302391E+000  1.0030025578524993E+000  1.0032362295703541E+000  1.0034636794661247E+000  1.0036844840713866E+000
  1.0038982328564512E+000  1.0041045290726009E+000  1.0043029902316103E+000  1.0044932490598322E+000  1.0046749537297726E+000
  1.0048477688065596E+000  1.0050113755995174E+000  1.0051654726841910E+000  1.0053097765111791E+000  1.0054440218173211E+000
  1.0055679619507329E+000  1.0056813694510645E+000  1.0057840363426716E+000  1.0058757744209266E+000  1.0059564156393943E+000
  1.0060258123945629E+000  1.0060838376965235E+000  1.0061303854569590E+000  1.0061653707357276E+000  1.0061887297827719E+000
  1.0062004199983474E+000  1.0062004199983470E+000  1.0061887297827745E+000  1.0061653707357354E+000  1.0061303854569708E+000
  1.0060838376965422E+000  1.0060258123945895E+000  1.0059564156394263E+000  1.0058757744209621E+000  1.0057840363427129E+000
  1.0056813694511104E+000  1.0055679619507811E+000  1.0054440218173752E+000  1.0053097765112380E+000  1.0051654726842549E+000
  1.0050113755995889E+000  1.0048477688066335E+000  1.0046749537298496E+000  1.0044932490599114E+000  1.0043029902316940E+000
  1.0041045290726895E+000  1.0038982328565427E+000  1.0036844840714789E+000  1.0034636794662173E+000  1.0032362295704453E+000
  1.0030025578525896E+000  1.0027631001303277E+000  1.0025183035952698E+000  1.0022686263202312E+000  1.0020145361065502E+000
  1.0017565099379440E+000  1.0014950329953956E+000  1.0012305976224236E+000  1.0009637029617235E+000  1.0006948531064905E+000
  1.0002138776003386E+000  1.0000769992700731E+000  9.9994087767138362E-001  9.9980369279535564E-001  9.9933918824523549E-001
  9.9906937411246055E-001  9.9880120753721457E-001  9.9853520447508171E-001  9.9827187696378294E-001  9.9801173256665165E-001
  9.9775527341306569E-001  9.9750299505055617E-001  9.9725538577485795E-001  9.9701292527766316E-001  9.9677608402731799E-001
  9.9654532206959945E-001  9.9632108821383336E-001  9.9610381903460354E-001  9.9589393813837090E-001  9.9569185497667467E-001
  9.9549796432805038E-001  9.9531264543518516E-001  9.9513626077434625E-001  9.9496915605585878E-001  9.9481165894666901E-001
  9.9466407836023840E-001  9.9452670428774470E-001  9.9439980662107452E-001  9.9428363493709382E-001  9.9417841795584627E-001
  9.9408436259537247E-001  9.9400165419863640E-001  9.9393045605995001E-001  9.9387090835390313E-001  9.9382312825074437E-001
  9.9378721005751880E-001  9.9376322476994183E-001  9.9375122003853733E-001  9.9375122003854066E-001  9.9376322476995582E-001
  9.9378721005754278E-001  9.9382312825077535E-001  9.9387090835394365E-001  9.9393045606000052E-001  9.9400165419869457E-001
  9.9408436259543631E-001  9.9417841795591610E-001  9.9428363493716998E-001  9.9439980662115190E-001  9.9452670428782097E-001
  9.9466407836031057E-001  9.9481165894673729E-001  9.9496915605592195E-001  9.9513626077440775E-001  9.9531264543524056E-001
  9.9549796432810123E-001  9.9569185497672463E-001  9.9589393813841631E-001  9.9610381903464951E-001  9.9632108821387744E-001
  9.9654532206964042E-001  9.9677608402735396E-001  9.9701292527768892E-001  9.9725538577487749E-001  9.9750299505056750E-001
  9.9775527341306658E-001  9.9801173256664177E-001  9.9827187696376440E-001  9.9853520447505417E-001  9.9880120753717927E-001
  9.9906937411241725E-001  9.9933918824518486E-001  9.9980369279531767E-001  9.9994087767150341E-001
BLOCK 33   2.0873447804160743E+000
  1.0000782773894206E+000  1.0002169973749202E+000  1.0007045928330680E+000  1.0009770112374792E+000  1.0012474432178557E+000
  1.0015153782361248E+000  1.0017803106428060E+000  1.0020417418627741E+000  1.0022991803898211E+000  1.0025521432702327E+000
  1.0028001567426130E+000  1.0030427569979454E+000  1.0032794912877927E+000  1.0035099182997784E+000  1.0037336094211080E+000
  1.0039501489733933E+000  1.0041591354047490E+000  1.0043601815799912E+000  1.0045529157125319E+000  1.0047369818442766E+000
  1.0049120404767633E+000  1.0050777691374284E+000  1.0052338629362321E+000  1.0053800349484119E+000  1.0055160168525177E+000
  1.0056415592076102E+000  1.0057564319015118E+000  1.0058604245761031E+000  1.0059533468877462E+000  1.0060350288010493E+000
  1.0061053209554462E+000  1.0061640948698609E+000  1.0062112431773269E+000  1.0062466798652878E+000  1.0062703403452640E+000
  1.0062821814313414E+000  1.0062821814313438E+000  1.0062703403452700E+000  1.0062466798652987E+000  1.0062112431773418E+000
  1.0061640948698816E+000  1.0061053209554744E+000  1.0060350288010820E+000  1.0059533468877853E+000  1.0058604245761471E+000
  1.0057564319015626E+000  1.0056415592076673E+000  1.0055160168525792E+000  1.0053800349484781E+000  1.0052338629363018E+000
  1.0050777691375030E+000  1.0049120404768428E+000  1.0047369818443588E+000  1.0045529157126198E+000  1.0043601815800800E+000
  1.0041591354048434E+000  1.0039501489734894E+000  1.0037336094212037E+000  1.0035099182998772E+000  1.0032794912878928E+000
  1.0030427569980405E+000  1.0028001567427058E+000  1.0025521432703206E+000  1.0022991803898964E+000  1.0020417418628313E+000
  1.0017803106428531E+000  1.0015153782361650E+000  1.0012474432178913E+000  1.0009770112375087E+000  1.0007045928330953E+000
  1.0002169973749484E+000  1.0000782773894523E+000  9.9994035034925310E-001  9.9980130308051196E-001  9.9933085335761973E-001
  9.9905742576681600E-001  9.9878566259863089E-001  9.9851608681517579E-001  9.9824921743869699E-001  9.9798556911960556E-001
  9.9772565087811815E-001  9.9746996533676646E-001  9.9721900744155123E-001  9.9697326380546347E-001  9.9673321141151050E-001
  9.9649931689498317E-001  9.9627203544006648E-001  9.9605180990389752E-001  9.9583906989003534E-001  9.9563423090695291E-001
  9.9543769340410959E-001  9.9524984203734235E-001  9.9507104492047693E-001  9.9490165251062002E-001  9.9474199739588853E-001
  9.9459239318009685E-001  9.9445313384870182E-001  9.9432449364804654E-001  9.9420672588990744E-001  9.9410006253460514E-001
  9.9400471368839938E-001  9.9392086695467297E-001  9.9384868779717528E-001  9.9378831907207177E-001  9.9373988008183656E-001
  9.9370346658045616E-001  9.9367915070461232E-001  9.9366698066365300E-001  9.9366698066365955E-001  9.9367915070462798E-001
  9.9370346658048125E-001  9.9373988008186931E-001  9.9378831907211240E-001  9.9384868779722690E-001  9.9392086695473103E-001
  9.9400471368846421E-001  9.9410006253467598E-001  9.9420672588998271E-001  9.9432449364812336E-001  9.9445313384877965E-001
  9.9459239318017101E-001  9.9474199739596014E-001  9.9490165251068707E-001  9.9507104492053622E-001  9.9524984203739719E-001
  9.9543769340416122E-001  9.9563423090700043E-001  9.9583906989008353E-001  9.9605180990394293E-001  9.9627203544011100E-001
  9.9649931689502413E-001  9.9673321141154558E-001  9.9697326380549156E-001  9.9721900744156988E-001  9.9746996533677834E-001
  9.9772565087811960E-001  9.9798556911959813E-001  9.9824921743867978E-001  9.9851608681514981E-001  9.9878566259859392E-001
  9.9905742576677048E-001  9.9933085335756966E-001  9.9980130308047277E-001  9.9994035034937656E-001
BLOCK 34   2.1525743048040789E+000
  1.0000795782872476E+000  1.0002202069513308E+000  1.0007146386644750E+000  1.0009907555512678E+000  1.0012648540668467E+000
  1.0015364168004501E+000  1.0018049313931559E+000  1.0020698927381957E+000  1.0023308028951692E+000  1.0025871726628763E+000
  1.0028385221328830E+000  1.0030843815366961E+000  1.0033242922458179E+000  1.0035578073685951E+000  1.0037844927824024E+000
  1.0040039276228174E+000  1.0042157052354685E+000  1.0044194336626582E+000  1.0046147365025704E+000  1.0048012533388988E+000
  1.0049786405523229E+000  1.0051465716697963E+000  1.0053047380902225E+000  1.0054528494471244E+000  1.0055906341264764E+000
  1.0057178397061570E+000  1.0058342333150709E+000  1.0059396020258666E+000  1.0060337532815908E+000  1.0061165151394700E+000
  1.0061877365741738E+000  1.0062472876539117E+000  1.0062950596460793E+000  1.0063309652543659E+000  1.0063549388730391E+000
  1.0063669366763761E+000  1.0063669366763786E+000  1.0063549388730455E+000  1.0063309652543735E+000  1.0062950596460938E+000
  1.0062472876539337E+000  1.0061877365742014E+000  1.0061165151395062E+000  1.0060337532816357E+000  1.0059396020259157E+000
  1.0058342333151258E+000  1.0057178397062183E+000  1.0055906341265435E+000  1.0054528494471966E+000  1.0053047380903004E+000
  1.0051465716698775E+000  1.0049786405524079E+000  1.0048012533389894E+000  1.0046147365026632E+000  1.0044194336627557E+000
  1.0042157052355694E+000  1.0040039276229189E+000  1.0037844927825053E+000  1.0035578073686970E+000  1.0033242922459180E+000
  1.0030843815367945E+000  1.0028385221329783E+000  1.0025871726629687E+000  1.0023308028952502E+000  1.0020698927382585E+000
  1.0018049313932054E+000  1.0015364168004925E+000  1.0012648540668827E+000  1.0009907555512987E+000  1.0007146386645045E+000
  1.0002202069513597E+000  1.0000795782872798E+000  9.9993977907772547E-001  9.9979880291098078E-001  9.9932217099388809E-001
  9.9904500018689724E-001  9.9876951151571647E-001  9.9849623527731879E-001  9.9822569787640114E-001  9.9795842110204580E-001
  9.9769492128593762E-001  9.9743570803309134E-001  9.9718128347393442E-001  9.9693214106044725E-001  9.9668876478292379E-001
  9.9645162794528264E-001  9.9622119235571649E-001  9.9599790733465343E-001  9.9578220877585288E-001  9.9557451827542132E-001
  9.9537524220961160E-001  9.9518477089399504E-001  9.9500347779385723E-001  9.9483171889507682E-001  9.9466983169265144E-001
  9.9451813466046690E-001  9.9437692615616169E-001  9.9424648383861014E-001  9.9412706477021417E-001  9.9401890453049546E-001
  9.9392221672553038E-001  9.9383719239657342E-001  9.9376399943074356E-001  9.9370278273733625E-001  9.9365366353211648E-001
  9.9361673876671397E-001  9.9359208158992762E-001  9.9357974091843726E-001  9.9357974091844148E-001  9.9359208158994428E-001
  9.9361673876673873E-001  9.9365366353215090E-001  9.9370278273738233E-001  9.9376399943079452E-001  9.9383719239663237E-001
  9.9392221672559533E-001  9.9401890453056585E-001  9.9412706477028978E-001  9.9424648383869130E-001  9.9437692615624251E-001
  9.9451813466054395E-001  9.9466983169272505E-001  9.9483171889514432E-001  9.9500347779391662E-001  9.9518477089405200E-001
  9.9537524220966367E-001  9.9557451827546939E-001  9.9578220877589729E-001  9.9599790733469873E-001  9.9622119235575846E-001
  9.9645162794532249E-001  9.9668876478295965E-001  9.9693214106047545E-001  9.9718128347395463E-001  9.9743570803310067E-001
  9.9769492128594028E-001  9.9795842110203892E-001  9.9822569787638382E-001  9.9849623527729148E-001  9.9876951151567783E-001
  9.9904500018685050E-001  9.9932217099383813E-001  9.9979880291094259E-001  9.9993977907785259E-001
BLOCK 35   2.2178038291920834E+000
  1.0000809009505698E+000  1.0002235062706468E+000  1.0007249919268415E+000  1.0010049389724873E+000  1.0012828348073035E+000
  1.0015581550071426E+000  1.0018303802435884E+000  1.0020989986106468E+000  1.0023635054841757E+000  1.0026234051357332E+000
  1.0028782112486929E+000  1.0031274478822412E+000  1.0033706503915749E+000  1.0036073660388056E+000  1.0038371550779672E+000
  1.0040595911377774E+000  1.0042742623312528E+000  1.0044807716378890E+000  1.0046787378524191E+000  1.0048677959820402E+000
  1.0050475980123568E+000  1.0052178133610450E+000  1.0053781294717519E+000  1.0055282522893241E+000  1.0056679068004666E+000
  1.0057968374485196E+000  1.0059148086171072E+000  1.0060216048655861E+000  1.0061170312696703E+000  1.0062009137057086E+000
  1.0062730991388351E+000  1.0063334559206896E+000  1.0063818739911645E+000  1.0064182650318101E+000  1.0064425626834419E+000
  1.0064547226411349E+000  1.0064547226411360E+000  1.0064425626834457E+000  1.0064182650318168E+000  1.0063818739911794E+000
  1.0063334559207140E+000  1.0062730991388673E+000  1.0062009137057479E+000  1.0061170312697179E+000  1.0060216048656407E+000
  1.0059148086171681E+000  1.0057968374485871E+000  1.0056679068005383E+000  1.0055282522894018E+000  1.0053781294718351E+000
  1.0052178133611336E+000  1.0050475980124509E+000  1.0048677959821384E+000  1.0046787378525188E+000  1.0044807716379929E+000
  1.0042742623313574E+000  1.0040595911378816E+000  1.0038371550780734E+000  1.0036073660389122E+000  1.0033706503916808E+000
  1.0031274478823438E+000  1.0028782112487920E+000  1.0026234051358285E+000  1.0023635054842595E+000  1.0020989986107129E+000
  1.0018303802436399E+000  1.0015581550071886E+000  1.0012828348073421E+000  1.0010049389725226E+000  1.0007249919268724E+000
  1.0002235062706772E+000  1.0000809009506038E+000  9.9993916180609643E-001  9.9979618950576377E-001  9.9931313430486890E-001
  9.9903208896432583E-001  9.9875274445212858E-001  9.9847563865262245E-001  9.9820130545104102E-001  9.9793027423965586E-001
  9.9766306864872478E-001  9.9740020580389266E-001  9.9714219502798707E-001  9.9688953706070604E-001  9.9664272289048428E-001
  9.9640223283104157E-001  9.9616853545595940E-001  9.9594208669810858E-001  9.9572332895410809E-001  9.9551269013713262E-001
  9.9531058289784402E-001  9.9511740356149314E-001  9.9493353117049843E-001  9.9475932663669109E-001  9.9459513233476493E-001
  9.9444127138997374E-001  9.9429804702061864E-001  9.9416574156359794E-001  9.9404461595359628E-001  9.9393490961435071E-001
  9.9383683934538969E-001  9.9375059892257478E-001  9.9367635901151974E-001  9.9361426649812301E-001  9.9356444423529078E-001
  9.9352699083656071E-001  9.9350198054501249E-001  9.9348946302745822E-001  9.9348946302746366E-001  9.9350198054502437E-001
  9.9352699083658469E-001  9.9356444423532486E-001  9.9361426649816542E-001  9.9367635901157170E-001  9.9375059892263506E-001
  9.9383683934545886E-001  9.9393490961442632E-001  9.9404461595367621E-001  9.9416574156367854E-001  9.9429804702069868E-001
  9.9444127139005167E-001  9.9459513233483843E-001  9.9475932663675848E-001  9.9493353117056282E-001  9.9511740356154954E-001
  9.9531058289789720E-001  9.9551269013718036E-001  9.9572332895415261E-001  9.9594208669815298E-001  9.9616853545600226E-001
  9.9640223283107876E-001  9.9664272289051803E-001  9.9688953706073513E-001  9.9714219502800727E-001  9.9740020580390498E-001
  9.9766306864872756E-001  9.9793027423964953E-001  9.9820130545102537E-001  9.9847563865259625E-001  9.9875274445209317E-001
  9.9903208896428153E-001  9.9931313430481861E-001  9.9979618950572458E-001  9.9993916180622644E-001
BLOCK 36   2.2830333535800880E+000
  1.0000822444007129E+000  1.0002268952577738E+000  1.0007356541670296E+000  1.0010195647873390E+000  1.0013013905557344E+000
  1.0015805997317926E+000  1.0018566657812986E+000  1.0021290697627143E+000  1.0023973000857276E+000  1.0026608543049071E+000
  1.0029192394434967E+000  1.0031719731604412E+000  1.0034185845324024E+000  1.0036586147746251E+000  1.0038916182471964E+000
  1.0041171629668151E+000  1.0043348315860638E+000  1.0045442218707539E+000  1.0047449475594281E+000  1.0049366388065752E+000
  1.0051189430022367E+000  1.0052915252340910E+000  1.0054540689865774E+000  1.0056062764901506E+000  1.0057478692601693E+000
  1.0058785884366919E+000  1.0059981952538275E+000  1.0061064714147596E+000  1.0062032194267174E+000  1.0062882629196885E+000
  1.0063614469552249E+000  1.0064226382699655E+000  1.0064717255797544E+000  1.0065086194396793E+000  1.0065332527609385E+000
  1.0065455806509407E+000  1.0065455806509429E+000  1.0065332527609474E+000  1.0065086194396913E+000  1.0064717255797717E+000
  1.0064226382699895E+000  1.0063614469552593E+000  1.0062882629197314E+000  1.0062032194267683E+000  1.0061064714148180E+000
  1.0059981952538917E+000  1.0058785884367625E+000  1.0057478692602493E+000  1.0056062764902354E+000  1.0054540689866664E+000
  1.0052915252341867E+000  1.0051189430023364E+000  1.0049366388066767E+000  1.0047449475595323E+000  1.0045442218708629E+000
  1.0043348315861735E+000  1.0041171629669265E+000  1.0038916182473077E+000  1.0036586147747364E+000  1.0034185845325121E+000
  1.0031719731605482E+000  1.0029192394436013E+000  1.0026608543050062E+000  1.0023973000858146E+000  1.0021290697627836E+000
  1.0018566657813535E+000  1.0015805997318388E+000  1.0013013905557766E+000  1.0010195647873752E+000  1.0007356541670629E+000
  1.0002268952578055E+000  1.0000822444007467E+000  9.9993849644341470E-001  9.9979346009891823E-001  9.9930373630926950E-001
  9.9901868353546164E-001  9.9873535126081581E-001  9.9845428514727075E-001  9.9817602691580820E-001  9.9790111363398049E-001
  9.9763007674298254E-001  9.9736344089241480E-001  9.9710172303379685E-001  9.9684543120683200E-001  9.9659506368149064E-001
  9.9635110795948290E-001  9.9611403982321434E-001  9.9588432228194668E-001  9.9566240439526521E-001  9.9544872033762133E-001
  9.9524368860279033E-001  9.9504771141767712E-001  9.9486117369279092E-001  9.9468444210067275E-001  9.9451786436719336E-001
  9.9436176876017834E-001  9.9421646313848577E-001  9.9408223422845365E-001  9.9395934713805700E-001  9.9384804475100563E-001
  9.9374854719300210E-001  9.9366105117495340E-001  9.9358572996665784E-001  9.9352273287857129E-001  9.9347218456329534E-001
  9.9343418529600191E-001  9.9340881052525420E-001  9.9339611047051057E-001  9.9339611047051501E-001  9.9340881052526864E-001
  9.9343418529602567E-001  9.9347218456333064E-001  9.9352273287861381E-001  9.9358572996671024E-001  9.9366105117501557E-001
  9.9374854719306938E-001  9.9384804475108213E-001  9.9395934713813794E-001  9.9408223422853581E-001  9.9421646313856926E-001
  9.9436176876025828E-001  9.9451786436726419E-001  9.9468444210073870E-001  9.9486117369284977E-001  9.9504771141773252E-001
  9.9524368860284196E-001  9.9544872033766885E-001  9.9566240439531095E-001  9.9588432228199164E-001  9.9611403982325786E-001
  9.9635110795952253E-001  9.9659506368152440E-001  9.9684543120685720E-001  9.9710172303381583E-001  9.9736344089242435E-001
  9.9763007674298354E-001  9.9790111363397516E-001  9.9817602691579266E-001  9.9845428514724577E-001  9.9873535126078006E-001
  9.9901868353541823E-001  9.9930373630921676E-001  9.9979346009887871E-001  9.9993849644354693E-001
BLOCK 37   2.3482628779680925E+000
  1.0000836077475681E+000  1.0002303739687914E+000  1.0007466271282215E+000  1.0010346365365212E+000  1.0013205266331999E+000
  1.0016037581018566E+000  1.0018837969466712E+000  1.0021601169155421E+000  1.0024321992344722E+000  1.0026995344527685E+000
  1.0029616227433169E+000  1.0032179751104175E+000  1.0034681141511239E+000  1.0037115748068457E+000  1.0039479053279607E+000
  1.0041766678063990E+000  1.0043974391866126E+000  1.0046098117418347E+000  1.0048133940376822E+000  1.0050078113427983E+000
  1.0051927064097443E+000  1.0053677398876979E+000  1.0055325909731931E+000  1.0056869578440562E+000  1.0058305582068112E+000
  1.0059631297026008E+000  1.0060844303699927E+000  1.0061942390090106E+000  1.0062923555766536E+000  1.0063786014430214E+000
  1.0064528197389735E+000  1.0065148755819302E+000  1.0065646561086197E+000  1.0066020708530468E+000  1.0066270518587834E+000
  1.0066395537548833E+000  1.0066395537548882E+000  1.0066270518587928E+000  1.0066020708530607E+000  1.0065646561086399E+000
  1.0065148755819617E+000  1.0064528197390119E+000  1.0063786014430682E+000  1.0062923555767072E+000  1.0061942390090701E+000
  1.0060844303700607E+000  1.0059631297026785E+000  1.0058305582068954E+000  1.0056869578441470E+000  1.0055325909732882E+000
  1.0053677398877983E+000  1.0051927064098509E+000  1.0050078113429068E+000  1.0048133940377937E+000  1.0046098117419504E+000
  1.0043974391867296E+000  1.0041766678065154E+000  1.0039479053280775E+000  1.0037115748069632E+000  1.0034681141512378E+000
  1.0032179751105312E+000  1.0029616227434250E+000  1.0026995344528720E+000  1.0024321992345639E+000  1.0021601169156145E+000
  1.0018837969467282E+000  1.0016037581019070E+000  1.0013205266332421E+000  1.0010346365365592E+000  1.0007466271282568E+000
  1.0002303739688232E+000  1.0000836077476034E+000  9.9993778097773789E-001  9.9979061191907304E-001  9.9929396989568042E-001
  9.9900477504714313E-001  9.9871732135354641E-001  9.9843216260843681E-001  9.9814984851876321E-001  9.9787092414703338E-001
  9.9759592870989788E-001  9.9732539477556259E-001  9.9705984713180407E-001  9.9679980178524874E-001  9.9654576466038436E-001
  9.9629823053283950E-001  9.9605768214942814E-001  9.9582458931028706E-001  9.9559940792508206E-001  9.9538257886975567E-001
  9.9517452723073119E-001  9.9497566146829719E-001  9.9478637253862356E-001  9.9460703284263419E-001  9.9443799561567747E-001
  9.9427959419895429E-001  9.9413214115594051E-001  9.9399592758403565E-001  9.9387122272893658E-001  9.9375827330017596E-001
  9.9365730273300834E-001  9.9356851104895172E-001  9.9349207420125951E-001  9.9342814366524612E-001  9.9337684631980483E-001
  9.9333828389745882E-001  9.9331253293779098E-001  9.9329964467576148E-001  9.9329964467576781E-001  9.9331253293780863E-001
  9.9333828389748702E-001  9.9337684631983947E-001  9.9342814366529264E-001  9.9349207420131369E-001  9.9356851104901289E-001
  9.9365730273307795E-001  9.9375827330024902E-001  9.9387122272901696E-001  9.9399592758412036E-001  9.9413214115602155E-001
  9.9427959419903345E-001  9.9443799561575186E-001  9.9460703284270069E-001  9.9478637253868585E-001  9.9497566146835237E-001
  9.9517452723078015E-001  9.9538257886980230E-001  9.9559940792512436E-001  9.9582458931033058E-001  9.9605768214947066E-001
  9.9629823053287947E-001  9.9654576466041755E-001  9.9679980178527661E-001  9.9705984713182405E-001  9.9732539477557358E-001
  9.9759592870989888E-001  9.9787092414702494E-001  9.9814984851874677E-001  9.9843216260840917E-001  9.9871732135350999E-001
  9.9900477504709728E-001  9.9929396989562724E-001  9.9979061191903151E-001  9.9993778097787311E-001
BLOCK 38   2.4134924023560971E+000
  1.0000849901294513E+000  1.0002339425410387E+000  1.0007579127968969E+000  1.0010501580376527E+000  1.0013402486775542E+000
  1.0016276375834110E+000  1.0019117830324686E+000  1.0021921512288452E+000  1.0024682159529414E+000  1.0027394605378441E+000
  1.0030053780266963E+000  1.0032654725194738E+000  1.0035192598084040E+000  1.0037662682813755E+000  1.0040060398419812E+000
  1.0042381305319024E+000  1.0044621114831531E+000  1.0046775693950807E+000  1.0048841074276582E+000  1.0050813456603742E+000
  1.0052689218698136E+000  1.0054464919668908E+000  1.0056137306901176E+000  1.0057703320276503E+000  1.0059160098195543E+000
  1.0060504981290970E+000  1.0061735517299639E+000  1.0062849464622003E+000  1.0063844796246100E+000  1.0064719702334699E+000
  1.0065472593952203E+000  1.0066102102966243E+000  1.0066607086529167E+000  1.0066986627958225E+000  1.0067240039034977E+000
  1.0067366860068891E+000  1.0067366860068925E+000  1.0067240039035061E+000  1.0066986627958359E+000  1.0066607086529378E+000
  1.0066102102966572E+000  1.0065472593952629E+000  1.0064719702335223E+000  1.0063844796246701E+000  1.0062849464622681E+000
  1.0061735517300376E+000  1.0060504981291774E+000  1.0059160098196422E+000  1.0057703320277442E+000  1.0056137306902182E+000
  1.0054464919669974E+000  1.0052689218699242E+000  1.0050813456604908E+000  1.0048841074277770E+000  1.0046775693952026E+000
  1.0044621114832746E+000  1.0042381305320260E+000  1.0040060398421049E+000  1.0037662682814983E+000  1.0035192598085261E+000
  1.0032654725195918E+000  1.0030053780268098E+000  1.0027394605379523E+000  1.0024682159530360E+000  1.0021921512289207E+000
  1.0019117830325295E+000  1.0016276375834599E+000  1.0013402486775984E+000  1.0010501580376894E+000  1.0007579127969308E+000
  1.0002339425410711E+000  1.0000849901294855E+000  9.9993701337983609E-001  9.9978764213787519E-001  9.9928382791683756E-001
  9.9899035464356367E-001  9.9869864412747478E-001  9.9840925839605399E-001  9.9812275555507302E-001  9.9783968909581755E-001
  9.9756060666316548E-001  9.9728604889069405E-001  9.9701654842963683E-001  9.9675262893584826E-001  9.9649480399803381E-001
  9.9624357599850411E-001  9.9599943513035394E-001  9.9576285855848279E-001  9.9553430927638165E-001  9.9531423514101847E-001
  9.9510306793216530E-001  9.9490122255201097E-001  9.9470909594517487E-001  9.9452706631526577E-001  9.9435549242532106E-001
  9.9419471279693317E-001  9.9404504485703882E-001  9.9390678438006497E-001  9.9378020486963126E-001  9.9366555684235447E-001
  9.9356306740388611E-001  9.9347293967135109E-001  9.9339535235831744E-001  9.9333045940824516E-001  9.9327838965259396E-001
  9.9323924650123219E-001  9.9321310771973059E-001  9.9320002532113838E-001  9.9320002532114526E-001  9.9321310771974691E-001
  9.9323924650125839E-001  9.9327838965263104E-001  9.9333045940829023E-001  9.9339535235837495E-001  9.9347293967141503E-001
  9.9356306740395417E-001  9.9366555684242874E-001  9.9378020486970953E-001  9.9390678438014712E-001  9.9404504485712075E-001
  9.9419471279700833E-001  9.9435549242539378E-001  9.9452706631533383E-001  9.9470909594523615E-001  9.9490122255206703E-001
  9.9510306793221670E-001  9.9531423514106310E-001  9.9553430927642583E-001  9.9576285855852464E-001  9.9599943513039602E-001
  9.9624357599854396E-001  9.9649480399806689E-001  9.9675262893587602E-001  9.9701654842965914E-001  9.9728604889070671E-001
  9.9756060666316915E-001  9.9783968909580889E-001  9.9812275555505447E-001  9.9840925839602346E-001  9.9869864412743359E-001
  9.9899035464351349E-001  9.9928382791678139E-001  9.9978764213783355E-001  9.9993701337997221E-001
BLOCK 39   2.4787219267441016E+000
  1.0000863907978821E+000  1.0002376011591823E+000  1.0007695132215593E+000  1.0010661332415167E+000  1.0013605626106115E+000
  1.0016522460870099E+000  1.0019406339747168E+000  1.0022251846536119E+000  1.0025053641822346E+000  1.0027806483383797E+000
  1.0030505227630573E+000  1.0033144844038266E+000  1.0035720421132057E+000  1.0038227175818690E+000  1.0040660461994428E+000
  1.0043015776989264E+000  1.0045288770917167E+000  1.0047475251729501E+000  1.0049571194243954E+000  1.0051572744873687E+000
  1.0053476229830376E+000  1.0055278159504233E+000  1.0056975235509154E+000  1.0058564355043667E+000  1.0060042616638865E+000
  1.0061407324059815E+000  1.0062655991413201E+000  1.0063786346458117E+000  1.0064796333798987E+000  1.0065684119905833E+000
  1.0066448091649274E+000  1.0067086863006560E+000  1.0067599275085255E+000  1.0067984399099235E+000  1.0068241537365705E+000
  1.0068370223583780E+000  1.0068370223583814E+000  1.0068241537365816E+000  1.0067984399099403E+000  1.0067599275085515E+000
  1.0067086863006893E+000  1.0066448091649711E+000  1.0065684119906373E+000  1.0064796333799622E+000  1.0063786346458858E+000
  1.0062655991414011E+000  1.0061407324060687E+000  1.0060042616639795E+000  1.0058564355044670E+000  1.0056975235510197E+000
  1.0055278159505336E+000  1.0053476229831513E+000  1.0051572744874882E+000  1.0049571194245210E+000  1.0047475251730777E+000
  1.0045288770918488E+000  1.0043015776990589E+000  1.0040660461995743E+000  1.0038227175819991E+000  1.0035720421133336E+000
  1.0033144844039494E+000  1.0030505227631772E+000  1.0027806483384887E+000  1.0025053641823300E+000  1.0022251846536934E+000
  1.0019406339747827E+000  1.0016522460870645E+000  1.0013605626106543E+000  1.0010661332415560E+000  1.0007695132215977E+000
  1.0002376011592184E+000  1.0000863907979187E+000  9.9993619177120985E-001  9.9978454794777349E-001  9.9927330264976211E-001
  9.9897541229719311E-001  9.9867930765230017E-001  9.9838555945609186E-001  9.9809473427707662E-001  9.9780739398478069E-001
  9.9752409451063340E-001  9.9724538478385627E-001  9.9697180564085264E-001  9.9670388886590333E-001  9.9644215606083342E-001
  9.9618711749982825E-001  9.9593927118481118E-001  9.9569910178433751E-001  9.9546707959157699E-001  9.9524365943532112E-001
  9.9502927994232904E-001  9.9482436249003303E-001  9.9462931026810419E-001  9.9444450748530233E-001  9.9427031860811932E-001
  9.9410708744873666E-001  9.9395513650356393E-001  9.9381476629343468E-001  9.9368625459929760E-001  9.9356985596766645E-001
  9.9346580113462857E-001  9.9337429645212905E-001  9.9329552350434824E-001  9.9322963875859227E-001  9.9317677304937702E-001
  9.9313703145843457E-001  9.9311049306266352E-001  9.9309721059079248E-001  9.9309721059079625E-001  9.9311049306268018E-001
  9.9313703145846000E-001  9.9317677304941365E-001  9.9322963875863990E-001  9.9329552350440320E-001  9.9337429645219200E-001
  9.9346580113469640E-001  9.9356985596774250E-001  9.9368625459937998E-001  9.9381476629351673E-001  9.9395513650364353E-001
  9.9410708744881238E-001  9.9427031860819037E-001  9.9444450748536872E-001  9.9462931026816159E-001  9.9482436249008499E-001
  9.9502927994237877E-001  9.9524365943536852E-001  9.9546707959162184E-001  9.9569910178438259E-001  9.9593927118485337E-001
  9.9618711749986832E-001  9.9644215606086883E-001  9.9670388886593109E-001  9.9697180564087384E-001  9.9724538478386660E-001
  9.9752409451063229E-001  9.9780739398477258E-001  9.9809473427705786E-001  9.9838555945606156E-001  9.9867930765225965E-001
  9.9897541229714171E-001  9.9927330264970515E-001  9.9978454794773253E-001  9.9993619177134807E-001
BLOCK 40   2.5439514511321062E+000
  1.0000878085476825E+000  1.0002413499593044E+000  1.0007814309537086E+000  1.0010825668858232E+000  1.0013814751604624E+000
  1.0016775922575043E+000  1.0019703602629828E+000  1.0022592294595489E+000  1.0025436579090101E+000  1.0028231136381882E+000
  1.0030970746952541E+000  1.0033650306819060E+000  1.0036264832353226E+000  1.0038809470492935E+000  1.0041279506673630E+000
  1.0043670372101974E+000  1.0045977652918994E+000  1.0048197095792561E+000  1.0050324616879105E+000  1.0052356306783303E+000
  1.0054288438664429E+000  1.0056117472783865E+000  1.0057840063651149E+000  1.0059453064255801E+000  1.0060953531674091E+000
  1.0062338731679628E+000  1.0063606143421149E+000  1.0064753461568727E+000  1.0065778603748512E+000  1.0066679706862103E+000
  1.0067455136594368E+000  1.0068103486333659E+000  1.0068623581299816E+000  1.0069014479376643E+000  1.0069275472554882E+000
  1.0069406087827550E+000  1.0069406087827590E+000  1.0069275472555013E+000  1.0069014479376870E+000  1.0068623581300125E+000
  1.0068103486334081E+000  1.0067455136594849E+000  1.0066679706862656E+000  1.0065778603749154E+000  1.0064753461569445E+000
  1.0063606143421970E+000  1.0062338731680525E+000  1.0060953531675088E+000  1.0059453064256862E+000  1.0057840063652279E+000
  1.0056117472785036E+000  1.0054288438665644E+000  1.0052356306784569E+000  1.0050324616880397E+000  1.0048197095793892E+000
  1.0045977652920344E+000  1.0043670372103353E+000  1.0041279506675023E+000  1.0038809470494283E+000  1.0036264832354498E+000
  1.0033650306820237E+000  1.0030970746953631E+000  1.0028231136382892E+000  1.0025436579091016E+000  1.0022592294596320E+000
  1.0019703602630623E+000  1.0016775922575807E+000  1.0013814751605365E+000  1.0010825668858914E+000  1.0007814309537699E+000
  1.0002413499593459E+000  1.0000878085477218E+000  9.9993531353468601E-001  9.9978132600913738E-001  9.9926238663392153E-001
  9.9895993969850050E-001  9.9865930239491230E-001  9.9836105424783561E-001  9.9806577057611590E-001  9.9777402194449827E-001
  9.9748637295110276E-001  9.9720338114426343E-001  9.9692559593754482E-001  9.9665355755825069E-001  9.9638779583315906E-001
  9.9612882911974054E-001  9.9587716328801801E-001  9.9563329070258599E-001  9.9539768904027148E-001  9.9517082043577454E-001
  9.9495313047212153E-001  9.9474504721878088E-001  9.9454698030513455E-001  9.9435932012405037E-001  9.9418243691462083E-001
  9.9401668000268739E-001  9.9386237708855618E-001  9.9371983345301429E-001  9.9358933137092709E-001  9.9347112949399508E-001
  9.9336546222445965E-001  9.9327253926376546E-001  9.9319254517766697E-001  9.9312563886097971E-001  9.9307195335605303E-001
  9.9303159545145048E-001  9.9300464540172118E-001  9.9299115694166040E-001  9.9299115694166473E-001  9.9300464540173417E-001
  9.9303159545147657E-001  9.9307195335608767E-001  9.9312563886102401E-001  9.9319254517772215E-001  9.9327253926382586E-001
  9.9336546222452882E-001  9.9347112949406724E-001  9.9358933137100236E-001  9.9371983345309056E-001  9.9386237708863057E-001
  9.9401668000276222E-001  9.9418243691469477E-001  9.9435932012412054E-001  9.9454698030520017E-001  9.9474504721884283E-001
  9.9495313047218081E-001  9.9517082043583138E-001  9.9539768904032111E-001  9.9563329070263151E-001  9.9587716328805964E-001
  9.9612882911977474E-001  9.9638779583318837E-001  9.9665355755827301E-001  9.9692559593755914E-001  9.9720338114427021E-001
  9.9748637295109988E-001  9.9777402194448328E-001  9.9806577057609380E-001  9.9836105424780541E-001  9.9865930239487999E-001
  9.9895993969846597E-001  9.9926238663388223E-001  9.9978132600910385E-001  9.9993531353482967E-001
BLOCK 41   2.6091809755201107E+000
  1.0000892427967734E+000  1.0002451890806126E+000  1.0007936677788527E+000  1.0010994628517564E+000  1.0014029925734802E+000
  1.0017036846780274E+000  1.0020009726592267E+000  1.0022942984720338E+000  1.0025831120712880E+000  1.0028668735801916E+000
  1.0031450532098578E+000  1.0034171328553316E+000  1.0036826065751161E+000  1.0039409817355898E+000  1.0041917797847215E+000
  1.0044345370208208E+000  1.0046688054721880E+000  1.0048941534869944E+000  1.0051101666316413E+000  1.0053164482030827E+000
  1.0055126200314957E+000  1.0056983229686425E+000  1.0058732175984892E+000  1.0060369845893595E+000  1.0061893253870697E+000
  1.0063299626424644E+000  1.0064586404862352E+000  1.0065751252751565E+000  1.0066792053296432E+000  1.0067706918094363E+000
  1.0068494187756822E+000  1.0069152436554192E+000  1.0069680471965790E+000  1.0070077337703962E+000  1.0070342314996770E+000
  1.0070474923889352E+000  1.0070474923889416E+000  1.0070342314996934E+000  1.0070077337704206E+000  1.0069680471966125E+000
  1.0069152436554603E+000  1.0068494187757329E+000  1.0067706918094985E+000  1.0066792053297136E+000  1.0065751252752355E+000
  1.0064586404863192E+000  1.0063299626425573E+000  1.0061893253871685E+000  1.0060369845894681E+000  1.0058732175986063E+000
  1.0056983229687657E+000  1.0055126200316256E+000  1.0053164482032173E+000  1.0051101666317817E+000  1.0048941534871363E+000
  1.0046688054723252E+000  1.0044345370209558E+000  1.0041917797848534E+000  1.0039409817357139E+000  1.0036826065752347E+000
  1.0034171328554424E+000  1.0031450532099635E+000  1.0028668735802959E+000  1.0025831120713899E+000  1.0022942984721359E+000
  1.0020009726593282E+000  1.0017036846781271E+000  1.0014029925735768E+000  1.0010994628518470E+000  1.0007936677789337E+000
  1.0002451890806634E+000  1.0000892427968160E+000  9.9993437724448786E-001  9.9977797407234470E-001  9.9925107336758623E-001
  9.9894392779242913E-001  9.9863861669460685E-001  9.9833572869996312E-001  9.9803584824651381E-001  9.9773955498480327E-001
  9.9744742249318741E-001  9.9716001719527791E-001  9.9687789728026266E-001  9.9660161156214566E-001  9.9633169831041568E-001
  9.9606868416422256E-001  9.9581308312542782E-001  9.9556539537215216E-001  9.9532610628822349E-001  9.9509568542715299E-001
  9.9487458553498220E-001  9.9466324154378583E-001  9.9446206973455586E-001  9.9427146676430433E-001  9.9409180884785653E-001
  9.9392345099927959E-001  9.9376672617358153E-001  9.9362194460966746E-001  9.9348939318174412E-001  9.9336933469578736E-001
  9.9326200736908077E-001  9.9316762434552996E-001  9.9308637310284986E-001  9.9301841518154321E-001  9.9296388576591144E-001
  9.9292289335640738E-001  9.9289551961016564E-001  9.9288181905350337E-001  9.9288181905350859E-001  9.9289551961018119E-001
  9.9292289335643447E-001  9.9296388576594619E-001  9.9301841518158385E-001  9.9308637310289793E-001  9.9316762434558736E-001
  9.9326200736914017E-001  9.9336933469585120E-001  9.9348939318181029E-001  9.9362194460973496E-001  9.9376672617365414E-001
  9.9392345099935475E-001  9.9409180884793302E-001  9.9427146676438016E-001  9.9446206973463214E-001  9.9466324154386199E-001
  9.9487458553505359E-001  9.9509568542721649E-001  9.9532610628827989E-001  9.9556539537219857E-001  9.9581308312546790E-001
  9.9606868416425620E-001  9.9633169831043533E-001  9.9660161156215787E-001  9.9687789728026543E-001  9.9716001719527314E-001
  9.9744742249317986E-001  9.9773955498479605E-001  9.9803584824650116E-001  9.9833572869995080E-001  9.9863861669458953E-001
  9.9894392779240793E-001  9.9925107336756147E-001  9.9977797407231395E-001  9.9993437724463141E-001
BLOCK 42   2.6744104999081153E+000
  1.0000906933751659E+000  1.0002491194608125E+000  1.0008062270907307E+000  1.0011168259905556E+000  1.0014251211927561E+000
  1.0017305315536202E+000  1.0020324817545236E+000  1.0023304050641031E+000  1.0026237428303852E+000  1.0029119467622343E+000
  1.0031944788363663E+000  1.0034708130271923E+000  1.0037404356953845E+000  1.0040028467534050E+000  1.0042575603416239E+000
  1.0045041056734376E+000  1.0047420279237358E+000  1.0049708889064146E+000  1.0051902679552971E+000  1.0053997624085107E+000
  1.0055989884320959E+000  1.0057875815390223E+000  1.0059651971989141E+000  1.0061315112977243E+000  1.0062862208741652E+000
  1.0064290443951212E+000  1.0065597223274751E+000  1.0066780172437122E+000  1.0067837143502933E+000  1.0068766220092376E+000
  1.0069565718812601E+000  1.0070234191104328E+000  1.0070770427103655E+000  1.0071173455793763E+000  1.0071442547738916E+000
  1.0071577215867245E+000  1.0071577215867289E+000  1.0071442547739060E+000  1.0071173455794029E+000  1.0070770427104005E+000
  1.0070234191104803E+000  1.0069565718813172E+000  1.0068766220093031E+000  1.0067837143503660E+000  1.0066780172437937E+000
  1.0065597223275655E+000  1.0064290443952182E+000  1.0062862208742727E+000  1.0061315112978377E+000  1.0059651971990349E+000
  1.0057875815391515E+000  1.0055989884322305E+000  1.0053997624086481E+000  1.0051902679554372E+000  1.0049708889065532E+000
  1.0047420279238684E+000  1.0045041056735651E+000  1.0042575603417447E+000  1.0040028467535251E+000  1.0037404356955000E+000
  1.0034708130273073E+000  1.0031944788364853E+000  1.0029119467623520E+000  1.0026237428305067E+000  1.0023304050642248E+000
  1.0020324817546433E+000  1.0017305315537348E+000  1.0014251211928649E+000  1.0011168259906562E+000  1.0008062270908211E+000
  1.0002491194608680E+000  1.0000906933752145E+000  9.9993338137619481E-001  9.9977448930713930E-001  9.9923935481501469E-001
  9.9892736608406152E-001  9.9861723793087886E-001  9.9830956842430818E-001  9.9800495136584333E-001  9.9770397567803792E-001
  9.9740722410217120E-001  9.9711527218568807E-001  9.9682868710694839E-001  9.9654802652070174E-001  9.9627383737605157E-001
  9.9600665487248508E-001  9.9574700127609794E-001  9.9549538487742195E-001  9.9525229892403333E-001  9.9501822059560263E-001
  9.9479360995240196E-001  9.9457890904532320E-001  9.9437454089236887E-001  9.9418090860387498E-001  9.9399839456964889E-001
  9.9382735955315293E-001  9.9366814196182485E-001  9.9352105713183791E-001  9.9338639657850480E-001  9.9326442740592957E-001
  9.9315539176101253E-001  9.9305950620651784E-001  9.9297696135055580E-001  9.9290792136067041E-001  9.9285252360302012E-001
  9.9281087839903670E-001  9.9278306869734134E-001  9.9276914994356902E-001  9.9276914994357190E-001  9.9278306869735622E-001
  9.9281087839906024E-001  9.9285252360305110E-001  9.9290792136070727E-001  9.9297696135059865E-001  9.9305950620656380E-001
  9.9315539176106449E-001  9.9326442740598553E-001  9.9338639657856764E-001  9.9352105713190708E-001  9.9366814196189923E-001
  9.9382735955323087E-001  9.9399839456972827E-001  9.9418090860395625E-001  9.9437454089245048E-001  9.9457890904540314E-001
  9.9479360995247701E-001  9.9501822059567169E-001  9.9525229892409350E-001  9.9549538487747535E-001  9.9574700127613747E-001
  9.9600665487251072E-001  9.9627383737606889E-001  9.9654802652071062E-001  9.9682868710695438E-001  9.9711527218569007E-001
  9.9740722410217031E-001  9.9770397567803681E-001  9.9800495136584244E-001  9.9830956842430252E-001  9.9861723793086887E-001
  9.9892736608404165E-001  9.9923935481498416E-001  9.9977448930710455E-001  9.9993338137633381E-001
BLOCK 43   2.7396400242961199E+000
  1.0000921592554173E+000  1.0002531414917353E+000  1.0008191123509074E+000  1.0011346625607083E+000  1.0014478698288110E+000
  1.0017581438614274E+000  1.0020649002899400E+000  1.0023675634653240E+000  1.0026655659050883E+000  1.0029583506593345E+000
  1.0032453711851084E+000  1.0035260931714474E+000  1.0037999948857050E+000  1.0040665684383372E+000  1.0043253204412406E+000
  1.0045757728984190E+000  1.0048174640415224E+000  1.0050499490089080E+000  1.0052728006443687E+000  1.0054856100446856E+000
  1.0056879874859315E+000  1.0058795628902300E+000  1.0060599864607072E+000  1.0062289291754254E+000  1.0063860833868710E+000
  1.0065311634623963E+000  1.0066639055435973E+000  1.0067840686776419E+000  1.0068914348782594E+000  1.0069858094660080E+000
  1.0070670215141297E+000  1.0071349239731098E+000  1.0071893939477605E+000  1.0072303329523291E+000  1.0072576668968221E+000
  1.0072713462918610E+000  1.0072713462918665E+000  1.0072576668968387E+000  1.0072303329523562E+000  1.0071893939477985E+000
  1.0071349239731562E+000  1.0070670215141899E+000  1.0069858094660764E+000  1.0068914348783358E+000  1.0067840686777285E+000
  1.0066639055436941E+000  1.0065311634625043E+000  1.0063860833869867E+000  1.0062289291755480E+000  1.0060599864608351E+000
  1.0058795628903607E+000  1.0056879874860640E+000  1.0054856100448148E+000  1.0052728006444955E+000  1.0050499490090321E+000
  1.0048174640416487E+000  1.0045757728985454E+000  1.0043253204413676E+000  1.0040665684384662E+000  1.0037999948858345E+000
  1.0035260931715797E+000  1.0032453711852432E+000  1.0029583506594666E+000  1.0026655659052206E+000  1.0023675634654561E+000
  1.0020649002900670E+000  1.0017581438615502E+000  1.0014478698289284E+000  1.0011346625608168E+000  1.0008191123510071E+000
  1.0002531414917952E+000  1.0000921592554695E+000  9.9993232350646044E-001  9.9977086834295592E-001  9.9922722279010434E-001
  9.9891024470173373E-001  9.9859515444089364E-001  9.9828255979458114E-001  9.9797306422820087E-001  9.9766726621462554E-001
  9.9736575797697491E-001  9.9706912442350293E-001  9.9677794193684965E-001  9.9649277720728313E-001  9.9621418612768109E-001
  9.9594271260767187E-001  9.9567888746446176E-001  9.9542322731571031E-001  9.9517623349880857E-001  9.9493839097385228E-001
  9.9471016738698104E-001  9.9449201200828097E-001  9.9428435479825195E-001  9.9408760552659103E-001  9.9390215282996530E-001
  9.9372836340524739E-001  9.9356658124646968E-001  9.9341712685332217E-001  9.9328029655128680E-001  9.9315636187822287E-001
  9.9304556891932738E-001  9.9294813784920044E-001  9.9286426239409098E-001  9.9279410940956669E-001  9.9273781855150744E-001
  9.9269550191942946E-001  9.9266724384037275E-001  9.9265310067208190E-001  9.9265310067208556E-001  9.9266724384038008E-001
  9.9269550191944267E-001  9.9273781855152632E-001  9.9279410940959334E-001  9.9286426239412651E-001  9.9294813784924385E-001
  9.9304556891937668E-001  9.9315636187828127E-001  9.9328029655135142E-001  9.9341712685339179E-001  9.9356658124654440E-001
  9.9372836340532567E-001  9.9390215283004602E-001  9.9408760552667519E-001  9.9428435479833521E-001  9.9449201200835879E-001
  9.9471016738705320E-001  9.9493839097391623E-001  9.9517623349886608E-001  9.9542322731576049E-001  9.9567888746450428E-001
  9.9594271260770684E-001  9.9621418612771173E-001  9.9649277720731089E-001  9.9677794193686975E-001  9.9706912442351792E-001
  9.9736575797698379E-001  9.9766726621462820E-001  9.9797306422819831E-001  9.9828255979457003E-001  9.9859515444087144E-001
  9.9891024470170320E-001  9.9922722279006282E-001  9.9977086834291595E-001  9.9993232350659644E-001
BLOCK 44   2.8048695486841244E+000
  1.0000936397230737E+000  1.0002572557232603E+000  1.0008323269309214E+000  1.0011529784646922E+000  1.0014712469502096E+000
  1.0017865325759463E+000  1.0020982415773509E+000  1.0024057890893834E+000  1.0027085985567219E+000  1.0030061041814160E+000
  1.0032977507231653E+000  1.0035829953855209E+000  1.0038613081120891E+000  1.0041321729543853E+000  1.0043950886773196E+000
  1.0046495697202311E+000  1.0048951470450507E+000  1.0051313688399595E+000  1.0053578012875997E+000  1.0055740291707946E+000
  1.0057796567079580E+000  1.0059743080395178E+000  1.0061576279025652E+000  1.0063292820559675E+000  1.0064889580720167E+000
  1.0066363657812660E+000  1.0067712372554152E+000  1.0068933276468659E+000  1.0070024156014861E+000  1.0070983034303680E+000
  1.0071808175207029E+000  1.0072498086000645E+000  1.0073051518292071E+000  1.0073467470863997E+000  1.0073745191693178E+000
  1.0073884178023376E+000  1.0073884178023427E+000  1.0073745191693348E+000  1.0073467470864284E+000  1.0073051518292453E+000
  1.0072498086001149E+000  1.0071808175207639E+000  1.0070983034304415E+000  1.0070024156015716E+000  1.0068933276469609E+000
  1.0067712372555231E+000  1.0066363657813806E+000  1.0064889580721339E+000  1.0063292820560890E+000  1.0061576279026885E+000
  1.0059743080396391E+000  1.0057796567080806E+000  1.0055740291709165E+000  1.0053578012877227E+000  1.0051313688400860E+000
  1.0048951470451799E+000  1.0046495697203632E+000  1.0043950886774560E+000  1.0041321729545256E+000  1.0038613081122330E+000
  1.0035829953856668E+000  1.0032977507233114E+000  1.0030061041815623E+000  1.0027085985568647E+000  1.0024057890895222E+000
  1.0020982415774866E+000  1.0017865325760731E+000  1.0014712469503293E+000  1.0011529784648034E+000  1.0008323269310231E+000
  1.0002572557233249E+000  1.0000936397231315E+000  9.9993120159875049E-001  9.9976710802683211E-001  9.9921466912113177E-001
  9.9889255341067484E-001  9.9857235402725297E-001  9.9825468872024081E-001  9.9794017082199071E-001  9.9762940862622307E-001
  9.9732300410431218E-001  9.9702155180347085E-001  9.9672563758279298E-001  9.9643583750051468E-001  9.9615271658480697E-001
  9.9587682769272190E-001  9.9560871037983478E-001  9.9534888978697200E-001  9.9509787550408968E-001  9.9485616056497572E-001
  9.9462422034154041E-001  9.9440251153917969E-001  9.9419147126324903E-001  9.9399151604248015E-001  9.9380304095016425E-001
  9.9362641878002833E-001  9.9346199920928724E-001  9.9331010805027120E-001  9.9317104657104183E-001  9.9304509077039349E-001
  9.9293249084862478E-001  9.9283347061419014E-001  9.9274822699406651E-001  9.9267692962904142E-001  9.9261972046926628E-001
  9.9257671347907572E-001  9.9254799438204799E-001  9.9253362046904758E-001  9.9253362046904869E-001  9.9254799438205255E-001
  9.9257671347908272E-001  9.9261972046928049E-001  9.9267692962906506E-001  9.9274822699409793E-001  9.9283347061423066E-001
  9.9293249084867674E-001  9.9304509077045255E-001  9.9317104657111033E-001  9.9331010805034359E-001  9.9346199920936673E-001
  9.9362641878010804E-001  9.9380304095024308E-001  9.9399151604255587E-001  9.9419147126332130E-001  9.9440251153924786E-001
  9.9462422034160514E-001  9.9485616056503667E-001  9.9509787550414819E-001  9.9534888978702840E-001  9.9560871037988741E-001
  9.9587682769277441E-001  9.9615271658485616E-001  9.9643583750055786E-001  9.9672563758282917E-001  9.9702155180349494E-001
  9.9732300410432995E-001  9.9762940862622806E-001  9.9794017082198272E-001  9.9825468872022005E-001  9.9857235402722033E-001
  9.9889255341062988E-001  9.9921466912107804E-001  9.9976710802678681E-001  9.9993120159887816E-001
BLOCK 45   2.8700990730721290E+000
  1.0000951344952602E+000  1.0002614630822588E+000  1.0008458746666933E+000  1.0011717796723496E+000  1.0014952606715515E+000
  1.0018157080217105E+000  1.0021325182551948E+000  1.0024450969835550E+000  1.0027528582722516E+000  1.0030552271826114E+000
  1.0033516395102575E+000  1.0036415437351713E+000  1.0039244012834996E+000  1.0041996879568293E+000  1.0044668944606172E+000
  1.0047255274388802E+000  1.0049751102938980E+000  1.0052151839440149E+000  1.0054453076331908E+000  1.0056650595176428E+000
  1.0058740374857791E+000  1.0060718596985727E+000  1.0062581653147378E+000  1.0064326148608176E+000  1.0065948910310218E+000
  1.0067446986892925E+000  1.0068817656583904E+000  1.0070058432027291E+000  1.0071167064716227E+000  1.0072141546701214E+000
  1.0072980113912138E+000  1.0073681249445452E+000  1.0074243685572906E+000  1.0074666405089856E+000  1.0074948643761390E+000
  1.0075089891332785E+000  1.0075089891332842E+000  1.0074948643761559E+000  1.0074666405090140E+000  1.0074243685573341E+000
  1.0073681249445992E+000  1.0072980113912822E+000  1.0072141546702043E+000  1.0071167064717126E+000  1.0070058432028273E+000
  1.0068817656584961E+000  1.0067446986894026E+000  1.0065948910311333E+000  1.0064326148609313E+000  1.0062581653148530E+000
  1.0060718596986893E+000  1.0058740374858994E+000  1.0056650595177665E+000  1.0054453076333183E+000  1.0052151839441468E+000
  1.0049751102940365E+000  1.0047255274390234E+000  1.0044668944607640E+000  1.0041996879569801E+000  1.0039244012836526E+000
  1.0036415437353254E+000  1.0033516395104112E+000  1.0030552271827635E+000  1.0027528582724017E+000  1.0024450969836993E+000
  1.0021325182553331E+000  1.0018157080218435E+000  1.0014952606716767E+000  1.0011717796724675E+000  1.0008458746668025E+000
  1.0002614630823261E+000  1.0000951344953237E+000  9.9993001409500559E-001  9.9976320554540721E-001  9.9920168604800608E-001
  9.9887428202757345E-001  9.9854882416496415E-001  9.9822594042165358E-001  9.9790625426004431E-001  9.9759038404125311E-001
  9.9727894170792941E-001  9.9697253164793909E-001  9.9667174947736004E-001  9.9637718083772842E-001  9.9608940017497738E-001
  9.9580896957973508E-001  9.9553643761316146E-001  9.9527233813358551E-001  9.9501718924089966E-001  9.9477149215112470E-001
  9.9453573014029273E-001  9.9431036755207192E-001  9.9409584878016977E-001  9.9389259731949264E-001  9.9370101487318907E-001
  9.9352148045066269E-001  9.9335434956171609E-001  9.9319995347412959E-001  9.9305859843909239E-001  9.9293056508921096E-001
  9.9281610778393570E-001  9.9271545406000228E-001  9.9262880414602250E-001  9.9255633050078351E-001  9.9249817745135116E-001
  9.9245446086710154E-001  9.9242526790426155E-001  9.9241065681671581E-001  9.9241065681672058E-001  9.9242526790426966E-001
  9.9245446086711531E-001  9.9249817745137092E-001  9.9255633050081060E-001  9.9262880414605559E-001  9.9271545406004325E-001
  9.9281610778398666E-001  9.9293056508927002E-001  9.9305859843915589E-001  9.9319995347420087E-001  9.9335434956178514E-001
  9.9352148045073518E-001  9.9370101487325857E-001  9.9389259731955981E-001  9.9409584878023616E-001  9.9431036755213764E-001
  9.9453573014035701E-001  9.9477149215118965E-001  9.9501718924096572E-001  9.9527233813365257E-001  9.9553643761322863E-001
  9.9580896957979859E-001  9.9608940017503678E-001  9.9637718083778026E-001  9.9667174947740078E-001  9.9697253164797117E-001
  9.9727894170794718E-001  9.9759038404125955E-001  9.9790625426003454E-001  9.9822594042162838E-001  9.9854882416492674E-001
  9.9887428202752004E-001  9.9920168604793902E-001  9.9976320554535381E-001  9.9993001409512605E-001
BLOCK 46   2.9353285974601335E+000
  1.0000966433707372E+000  1.0002657645749824E+000  1.0008597595832212E+000  1.0011910724027326E+000  1.0015199194039242E+000
  1.0018456808239935E+000  1.0021677431979317E+000  1.0024855023255581E+000  1.0027983626046981E+000  1.0031057396588579E+000
  1.0034070600209402E+000  1.0037017631613083E+000  1.0039893016996808E+000  1.0042691429071338E+000  1.0045407692072255E+000
  1.0048036792452391E+000  1.0050573886396470E+000  1.0053014308210764E+000  1.0055353578469064E+000  1.0057587410085531E+000
  1.0059711716065376E+000  1.0061722615629063E+000  1.0063616440795824E+000  1.0065389744260520E+000  1.0067039298967315E+000
  1.0068562106724488E+000  1.0069955402354007E+000  1.0071216658228082E+000  1.0072343588713375E+000  1.0073334153177840E+000
  1.0074186558598246E+000  1.0074899263351615E+000  1.0075470979500489E+000  1.0075900673707541E+000  1.0076187569210091E+000
  1.0076331147323956E+000  1.0076331147324042E+000  1.0076187569210338E+000  1.0075900673707927E+000  1.0075470979501007E+000
  1.0074899263352244E+000  1.0074186558598974E+000  1.0073334153178655E+000  1.0072343588714268E+000  1.0071216658229023E+000
  1.0069955402354960E+000  1.0068562106725503E+000  1.0067039298968368E+000  1.0065389744261599E+000  1.0063616440796972E+000
  1.0061722615630271E+000  1.0059711716066631E+000  1.0057587410086859E+000  1.0055353578470452E+000  1.0053014308212200E+000
  1.0050573886397967E+000  1.0048036792453938E+000  1.0045407692073822E+000  1.0042691429072932E+000  1.0039893016998411E+000
  1.0037017631614695E+000  1.0034070600210980E+000  1.0031057396590142E+000  1.0027983626048513E+000  1.0024855023257069E+000
  1.0021677431980736E+000  1.0018456808241327E+000  1.0015199194040572E+000  1.0011910724028603E+000  1.0008597595833424E+000
  1.0002657645750568E+000  1.0000966433708052E+000  9.9992875956807370E-001  9.9975915821571659E-001  9.9918826613188827E-001
  9.9885542070015709E-001  9.9852455254670802E-001  9.9819630014447802E-001  9.9787129738794789E-001  9.9755017298026782E-001
  9.9723354907719175E-001  9.9692204019235942E-001  9.9661625190766112E-001  9.9631677966628984E-001  9.9602420755810606E-001
  9.9573910712523772E-001  9.9546203613691442E-001  9.9519353746976869E-001  9.9493413794117558E-001  9.9468434719571031E-001
  9.9444465665468551E-001  9.9421553844926791E-001  9.9399744442524407E-001  9.9379080519727425E-001  9.9359602919822598E-001
  9.9341350180993859E-001  9.9324358454894446E-001  9.9308661423216715E-001  9.9294290229251359E-001  9.9281273406030224E-001
  9.9269636816104656E-001  9.9259403595324014E-001  9.9250594101549483E-001  9.9243225871333463E-001  9.9237313580000941E-001
  9.9232869009802815E-001  9.9229901023737632E-001  9.9228415545160153E-001  9.9228415545160409E-001  9.9229901023738865E-001
  9.9232869009804714E-001  9.9237313580003750E-001  9.9243225871337060E-001  9.9250594101553680E-001  9.9259403595328610E-001
  9.9269636816109585E-001  9.9281273406035497E-001  9.9294290229256699E-001  9.9308661423222000E-001  9.9324358454900408E-001
  9.9341350180999632E-001  9.9359602919828960E-001  9.9379080519733975E-001  9.9399744442531224E-001  9.9421553844933996E-001
  9.9444465665476134E-001  9.9468434719578513E-001  9.9493413794125218E-001  9.9519353746984529E-001  9.9546203613698681E-001
  9.9573910712530711E-001  9.9602420755816745E-001  9.9631677966634280E-001  9.9661625190770620E-001  9.9692204019239028E-001
  9.9723354907721207E-001  9.9755017298027071E-001  9.9787129738793567E-001  9.9819630014445193E-001  9.9852455254666572E-001
  9.9885542070009925E-001  9.9918826613181633E-001  9.9975915821566064E-001  9.9992875956818894E-001
BLOCK 47   3.0005581218481381E+000
  1.0000981661203043E+000  1.0002701612150924E+000  1.0008739858168283E+000  1.0012108631255348E+000  1.0015452319611833E+000
  1.0018764621560190E+000  1.0022039299493566E+000  1.0025270210362167E+000  1.0028451298558834E+000  1.0031576622902538E+000
  1.0034640353212927E+000  1.0037636791287941E+000  1.0040560372203071E+000  1.0043405680287301E+000  1.0046167454058963E+000
  1.0048840597351054E+000  1.0051420186273008E+000  1.0053901477879710E+000  1.0056279918235205E+000  1.0058551149384962E+000
  1.0060711017539641E+000  1.0062755576942477E+000  1.0064681099111765E+000  1.0066484079719993E+000  1.0068161236559976E+000
  1.0069709521743806E+000  1.0071126125059109E+000  1.0072408477405586E+000  1.0073554256353623E+000  1.0074561387994763E+000
  1.0075428050100739E+000  1.0076152675158123E+000  1.0076733953270407E+000  1.0077170833794227E+000  1.0077462527123029E+000
  1.0077608505946731E+000  1.0077608505946818E+000  1.0077462527123269E+000  1.0077170833794631E+000  1.0076733953270922E+000
  1.0076152675158772E+000  1.0075428050101447E+000  1.0074561387995522E+000  1.0073554256354429E+000  1.0072408477406420E+000
  1.0071126125060013E+000  1.0069709521744790E+000  1.0068161236561004E+000  1.0066484079721096E+000  1.0064681099112938E+000
  1.0062755576943738E+000  1.0060711017540975E+000  1.0058551149386374E+000  1.0056279918236695E+000  1.0053901477881244E+000
  1.0051420186274591E+000  1.0048840597352684E+000  1.0046167454060602E+000  1.0043405680288942E+000  1.0040560372204725E+000
  1.0037636791289590E+000  1.0034640353214535E+000  1.0031576622904117E+000  1.0028451298560408E+000  1.0025270210363715E+000
  1.0022039299495098E+000  1.0018764621561682E+000  1.0015452319613269E+000  1.0012108631256722E+000  1.0008739858169595E+000
  1.0002701612151712E+000  1.0000981661203761E+000  9.9992743656030803E-001  9.9975496330445557E-001  9.9917440189212703E-001
  9.9883595955937954E-001  9.9849952687578580E-001  9.9816575315364553E-001  9.9783528302917257E-001  9.9750875583008602E-001
  9.9718680423665818E-001  9.9687005314339616E-001  9.9655911834533406E-001  9.9625460534821175E-001  9.9595710811316263E-001
  9.9566720782555340E-001  9.9538547171147596E-001  9.9511245183985353E-001  9.9484868395444948E-001  9.9459468636711290E-001
  9.9435095883363545E-001  9.9411798149570452E-001  9.9389621387216254E-001  9.9368609385313067E-001  9.9348803677282216E-001
  9.9330243453182832E-001  9.9312965472227843E-001  9.9297003987096455E-001  9.9282390666280584E-001  9.9269154527123338E-001
  9.9257321871228288E-001  9.9246916226612136E-001  9.9237958296583906E-001  9.9230465913362409E-001  9.9224454000111695E-001
  9.9219934537972942E-001  9.9216916539610711E-001  9.9215406029605313E-001  9.9215406029606112E-001  9.9216916539612343E-001
  9.9219934537975762E-001  9.9224454000115037E-001  9.9230465913366339E-001  9.9237958296588302E-001  9.9246916226616466E-001
  9.9257321871232829E-001  9.9269154527128090E-001  9.9282390666285114E-001  9.9297003987101140E-001  9.9312965472232939E-001
  9.9330243453188372E-001  9.9348803677288122E-001  9.9368609385319739E-001  9.9389621387223392E-001  9.9411798149578368E-001
  9.9435095883371905E-001  9.9459468636719683E-001  9.9484868395453252E-001  9.9511245183993291E-001  9.9538547171155201E-001
  9.9566720782562235E-001  9.9595710811322480E-001  9.9625460534826549E-001  9.9655911834537236E-001  9.9687005314342536E-001
  9.9718680423667305E-001  9.9750875583008691E-001  9.9783528302915980E-001  9.9816575315361855E-001  9.9849952687574206E-001
  9.9883595955932059E-001  9.9917440189205542E-001  9.9975496330439717E-001  9.9992743656041960E-001
BLOCK 48   3.0657876462361426E+000
  1.0000997024986955E+000  1.0002746540724439E+000  1.0008885577365634E+000  1.0012311586797209E+000  1.0015712076599568E+000
  1.0019080638060367E+000  1.0022410927692447E+000  1.0025696698448505E+000  1.0028931792093674E+000  1.0032110166932657E+000
  1.0035225894181432E+000  1.0038273179761168E+000  1.0041246364892951E+000  1.0044139942608972E+000  1.0046948562407167E+000
  1.0049667042432819E+000  1.0052290376350115E+000  1.0054813741744437E+000  1.0057232507959641E+000  1.0059542243918917E+000
  1.0061738724707092E+000  1.0063817939928932E+000  1.0065776101107311E+000  1.0067609638731094E+000  1.0069315217699577E+000
  1.0070889739291107E+000  1.0072330345782645E+000  1.0073634425227240E+000  1.0074799615462411E+000  1.0075823807943542E+000
  1.0076705150230907E+000  1.0077442049142167E+000  1.0078033173342222E+000  1.0078477454907324E+000  1.0078774090348914E+000
  1.0078922542720425E+000  1.0078922542720485E+000  1.0078774090349112E+000  1.0078477454907617E+000  1.0078033173342640E+000
  1.0077442049142660E+000  1.0076705150231502E+000  1.0075823807944240E+000  1.0074799615463212E+000  1.0073634425228097E+000
  1.0072330345783567E+000  1.0070889739292090E+000  1.0069315217700643E+000  1.0067609638732242E+000  1.0065776101108552E+000
  1.0063817939930257E+000  1.0061738724708500E+000  1.0059542243920394E+000  1.0057232507961191E+000  1.0054813741746034E+000
  1.0052290376351758E+000  1.0049667042434505E+000  1.0046948562408873E+000  1.0044139942610657E+000  1.0041246364894638E+000
  1.0038273179762858E+000  1.0035225894183126E+000  1.0032110166934343E+000  1.0028931792095355E+000  1.0025696698450144E+000
  1.0022410927694068E+000  1.0019080638061935E+000  1.0015712076601091E+000  1.0012311586798655E+000  1.0008885577366982E+000
  1.0002746540725240E+000  1.0000997024987686E+000  9.9992604354951775E-001  9.9975061794801556E-001  9.9916008554655422E-001
  9.9881588842662428E-001  9.9847373459920896E-001  9.9813428451327557E-001  9.9779819383137902E-001  9.9746611282568176E-001
  9.9713868499284308E-001  9.9681654588616775E-001  9.9650032181494752E-001  9.9619062861289243E-001  9.9588807034817695E-001
  9.9559323811791289E-001  9.9530670880413297E-001  9.9502904386951097E-001  9.9476078819987013E-001  9.9450246893436645E-001
  9.9425459435346542E-001  9.9401765280620735E-001  9.9379211165042169E-001  9.9357841625638921E-001  9.9337698905860849E-001
  9.9318822862394440E-001  9.9301250882107617E-001  9.9285017798543884E-001  9.9270155818923556E-001  9.9256694452856709E-001
  9.9244660448867783E-001  9.9234077735870063E-001  9.9224967370101869E-001  9.9217347489231533E-001  9.9211233271670396E-001
  9.9206636902990375E-001  9.9203567549093408E-001  9.9202031335812113E-001  9.9202031335812491E-001  9.9203567549094818E-001
  9.9206636902992329E-001  9.9211233271673205E-001  9.9217347489234753E-001  9.9224967370105388E-001  9.9234077735873916E-001
  9.9244660448871957E-001  9.9256694452861072E-001  9.9270155818928263E-001  9.9285017798548958E-001  9.9301250882113012E-001
  9.9318822862400502E-001  9.9337698905867544E-001  9.9357841625645671E-001  9.9379211165049619E-001  9.9401765280628496E-001
  9.9425459435354646E-001  9.9450246893445027E-001  9.9476078819995428E-001  9.9502904386959223E-001  9.9530670880421002E-001
  9.9559323811798273E-001  9.9588807034823867E-001  9.9619062861293795E-001  9.9650032181498560E-001  9.9681654588619228E-001
  9.9713868499285474E-001  9.9746611282568176E-001  9.9779819383136381E-001  9.9813428451324437E-001  9.9847373459916555E-001
  9.9881588842656477E-001  9.9916008554647862E-001  9.9975061794795672E-001  9.9992604354962533E-001
BLOCK 49   3.1310171706241472E+000
  1.0001012522772876E+000  1.0002792443024828E+000  1.0009034800118295E+000  1.0012519663349537E+000  1.0015978563773680E+000
  1.0019404982427775E+000  1.0022792466863946E+000  1.0026134663023147E+000  1.0029425307087858E+000  1.0032658253860809E+000
  1.0035827472625729E+000  1.0038927070068322E+000  1.0041951290691919E+000  1.0044894533657960E+000  1.0047751356806480E+000
  1.0050516489626244E+000  1.0053184839618976E+000  1.0055751502226462E+000  1.0058211768851559E+000  1.0060561132078754E+000
  1.0062795295677867E+000  1.0064910180312694E+000  1.0066901932432333E+000  1.0068766922728363E+000  1.0070501757772143E+000
  1.0072103285983458E+000  1.0073568601039602E+000  1.0074895046172030E+000  1.0076080219655590E+000  1.0077121976868424E+000
  1.0078018433674267E+000  1.0078767969132632E+000  1.0079369229033135E+000  1.0079821127321487E+000  1.0080122847474804E+000
  1.0080273844238399E+000  1.0080273844238441E+000  1.0080122847474919E+000  1.0079821127321675E+000  1.0079369229033435E+000
  1.0078767969133049E+000  1.0078018433674767E+000  1.0077121976869043E+000  1.0076080219656305E+000  1.0074895046172869E+000
  1.0073568601040541E+000  1.0072103285984519E+000  1.0070501757773302E+000  1.0068766922729606E+000  1.0066901932433652E+000
  1.0064910180314095E+000  1.0062795295679341E+000  1.0060561132080297E+000  1.0058211768853165E+000  1.0055751502228103E+000
  1.0053184839620641E+000  1.0050516489627941E+000  1.0047751356808221E+000  1.0044894533659721E+000  1.0041951290693691E+000
  1.0038927070070112E+000  1.0035827472627541E+000  1.0032658253862594E+000  1.0029425307089623E+000  1.0026134663024886E+000
  1.0022792466865620E+000  1.0019404982429398E+000  1.0015978563775230E+000  1.0012519663351016E+000  1.0009034800119680E+000
  1.0002792443025648E+000  1.0001012522773616E+000  9.9992457899639409E-001  9.9974611919195000E-001  9.9914530905831167E-001
  9.9879519680085449E-001  9.9844716276504675E-001  9.9810187882372203E-001  9.9776001197811437E-001  9.9742222374273803E-001
  9.9708916871181341E-001  9.9676149340840592E-001  9.9643983493744281E-001  9.9612481972691735E-001  9.9581706224244193E-001
  9.9551716373325561E-001  9.9522571097230494E-001  9.9494327506145608E-001  9.9467041021462932E-001  9.9440765260118369E-001
  9.9415551921633483E-001  9.9391450677322601E-001  9.9368509064737220E-001  9.9346772386112159E-001  9.9326283609510324E-001
  9.9307083277995156E-001  9.9289209419747193E-001  9.9272697467618831E-001  9.9257580180809990E-001  9.9243887574674716E-001
  9.9231646855144207E-001  9.9220882359329954E-001  9.9211615502758854E-001  9.9203864732313018E-001  9.9197645486043606E-001
  9.9192970159212190E-001  9.9189848076668863E-001  9.9188285471829241E-001  9.9188285471829507E-001  9.9189848076669251E-001
  9.9192970159212990E-001  9.9197645486044927E-001  9.9203864732315228E-001  9.9211615502761463E-001  9.9220882359333207E-001
  9.9231646855148381E-001  9.9243887574679479E-001  9.9257580180815452E-001  9.9272697467624826E-001  9.9289209419753488E-001
  9.9307083278001940E-001  9.9326283609517430E-001  9.9346772386119753E-001  9.9368509064744936E-001  9.9391450677330651E-001
  9.9415551921641254E-001  9.9440765260126085E-001  9.9467041021470814E-001  9.9494327506152869E-001  9.9522571097237500E-001
  9.9551716373332311E-001  9.9581706224249755E-001  9.9612481972696565E-001  9.9643983493747945E-001  9.9676149340843034E-001
  9.9708916871182396E-001  9.9742222374273359E-001  9.9776001197809605E-001  9.9810187882368950E-001  9.9844716276499990E-001
  9.9879519680079365E-001  9.9914530905823706E-001  9.9974611919188949E-001  9.9992457899649878E-001
BLOCK 50   3.1962466950121518E+000
  1.0001028153158376E+000  1.0002839332099462E+000  1.0009187577014254E+000  1.0012732938275448E+000  1.0016251885258951E+000
  1.0019737785656122E+000  1.0023184074650227E+000  1.0026584287763241E+000  1.0029932052422570E+000  1.0033221117038806E+000
  1.0036445346196536E+000  1.0039598744237261E+000  1.0042675455317494E+000  1.0045669781454798E+000  1.0048576186547307E+000
  1.0051389308859513E+000  1.0054103967441919E+000  1.0056715172997766E+000  1.0059218133768264E+000  1.0061608265140938E+000
  1.0063881198228448E+000  1.0066032783647954E+000  1.0068059097873432E+000  1.0069956447990911E+000  1.0071721384951642E+000
  1.0073350702041626E+000  1.0074841442755136E+000  1.0076190904257105E+000  1.0077396642243854E+000  1.0078456474826856E+000
  1.0079368484902900E+000  1.0080131024067205E+000  1.0080742715141053E+000  1.0081202453543519E+000  1.0081509408582885E+000
  1.0081663025315608E+000  1.0081663025315659E+000  1.0081509408582976E+000  1.0081202453543683E+000  1.0080742715141287E+000
  1.0080131024067518E+000  1.0079368484903326E+000  1.0078456474827402E+000  1.0077396642244547E+000  1.0076190904257922E+000
  1.0074841442756086E+000  1.0073350702042703E+000  1.0071721384952843E+000  1.0069956447992217E+000  1.0068059097874846E+000
  1.0066032783649441E+000  1.0063881198229987E+000  1.0061608265142541E+000  1.0059218133769907E+000  1.0056715172999449E+000
  1.0054103967443651E+000  1.0051389308861276E+000  1.0048576186549123E+000  1.0045669781456650E+000  1.0042675455319368E+000
  1.0039598744239140E+000  1.0036445346198404E+000  1.0033221117040669E+000  1.0029932052424406E+000  1.0026584287765035E+000
  1.0023184074651956E+000  1.0019737785657772E+000  1.0016251885260519E+000  1.0012732938276925E+000  1.0009187577015641E+000
  1.0002839332100280E+000  1.0001028153159111E+000  9.9992304140758403E-001  9.9974146402488839E-001  9.9913006417908545E-001
  9.9877387385191096E-001  9.9841979798345493E-001  9.9806852018540704E-001  9.9772071910018567E-001  9.9737706776407498E-001
  9.9703823217627485E-001  9.9670487010915187E-001  9.9637762973681276E-001  9.9605714837485715E-001  9.9574405114719633E-001
  9.9543894971145275E-001  9.9514244100360993E-001  9.9485510598761540E-001  9.9457750844463266E-001  9.9431019379331809E-001
  9.9405368793425219E-001  9.9380849613894673E-001  9.9357510197590171E-001  9.9335396626723038E-001  9.9314552611358686E-001
  9.9295019393348727E-001  9.9276835658782292E-001  9.9260037452323735E-001  9.9244658099737437E-001  9.9230728134630930E-001
  9.9218275232204289E-001  9.9207324149142018E-001  9.9197896669827001E-001  9.9190011558890601E-001  9.9183684520146687E-001
  9.9178928161956847E-001  9.9175751969264769E-001  9.9174162282454614E-001  9.9174162282454670E-001  9.9175751969265002E-001
  9.9178928161957047E-001  9.9183684520147597E-001  9.9190011558892099E-001  9.9197896669829133E-001  9.9207324149144949E-001
  9.9218275232207986E-001  9.9230728134635848E-001  9.9244658099743144E-001  9.9260037452330319E-001  9.9276835658789608E-001
  9.9295019393356232E-001  9.9314552611366569E-001  9.9335396626731121E-001  9.9357510197598309E-001  9.9380849613902422E-001
  9.9405368793432769E-001  9.9431019379339436E-001  9.9457750844470261E-001  9.9485510598768268E-001  9.9514244100367255E-001
  9.9543894971150848E-001  9.9574405114724618E-001  9.9605714837489723E-001  9.9637762973684474E-001  9.9670487010917430E-001
  9.9703823217628296E-001  9.9737706776406954E-001  9.9772071910016646E-001  9.9806852018537340E-001  9.9841979798340486E-001
  9.9877387385184635E-001  9.9913006417900629E-001  9.9974146402482722E-001  9.9992304140768540E-001
BLOCK 51   3.2614762194001563E+000
  1.0001043915764691E+000  1.0002887222642001E+000  1.0009343962945390E+000  1.0012951494328797E+000  1.0016532151095650E+000
  1.0020079184583561E+000  1.0023585914590736E+000  1.0027045762980746E+000  1.0030452244855137E+000  1.0033798998679031E+000
  1.0037079781387537E+000  1.0040288492305187E+000  1.0043419172543935E+000  1.0046466024081959E+000  1.0049423412727398E+000
  1.0052285882363050E+000  1.0055048162134066E+000  1.0057705174746678E+000  1.0060252044426694E+000  1.0062684106731188E+000
  1.0064996913644491E+000  1.0067186246211872E+000  1.0069248108893532E+000  1.0071178746516520E+000  1.0072974646792765E+000
  1.0074632548051876E+000  1.0076149441083626E+000  1.0077522576292905E+000  1.0078749467408796E+000  1.0079827894050339E+000
  1.0080755905738161E+000  1.0081531824686851E+000  1.0082154249127802E+000  1.0082622054616590E+000  1.0082934395743652E+000
  1.0083090707938531E+000  1.0083090707938545E+000  1.0082934395743750E+000  1.0082622054616770E+000  1.0082154249128046E+000
  1.0081531824687195E+000  1.0080755905738601E+000  1.0079827894050877E+000  1.0078749467409462E+000  1.0077522576293705E+000
  1.0076149441084570E+000  1.0074632548052949E+000  1.0072974646793968E+000  1.0071178746517844E+000  1.0069248108894948E+000
  1.0067186246213382E+000  1.0064996913646069E+000  1.0062684106732844E+000  1.0060252044428410E+000  1.0057705174748461E+000
  1.0055048162135889E+000  1.0052285882364920E+000  1.0049423412729306E+000  1.0046466024083889E+000  1.0043419172545884E+000
  1.0040288492307132E+000  1.0037079781389489E+000  1.0033798998680941E+000  1.0030452244857000E+000  1.0027045762982565E+000
  1.0023585914592492E+000  1.0020079184585242E+000  1.0016532151097222E+000  1.0012951494330304E+000  1.0009343962946768E+000
  1.0002887222642836E+000  1.0001043915765448E+000  9.9992142935692163E-001  9.9973664942048612E-001  9.9911434252999520E-001
  9.9875190849649087E-001  9.9839162652178681E-001  9.9803419226724355E-001  9.9768029630085120E-001  9.9733062348283397E-001
  9.9698585149643904E-001  9.9664664964409511E-001  9.9631367746112631E-001  9.9598758341777005E-001  9.9566900355930477E-001
  9.9535856023164893E-001  9.9505686077584710E-001  9.9476449628001806E-001  9.9448204033464216E-001  9.9421004783258138E-001
  9.9394905380342957E-001  9.9369957228310379E-001  9.9346209521512951E-001  9.9323709141054883E-001  9.9302500552956618E-001
  9.9282625713754180E-001  9.9264123978591390E-001  9.9247032017005854E-001  9.9231383732812672E-001  9.9217210190541705E-001
  9.9204539547414639E-001  9.9193396991574323E-001  9.9183804686688826E-001  9.9175781723322853E-001  9.9169344076994492E-001
  9.9164504573229628E-001  9.9161272859739391E-001  9.9159655385264445E-001  9.9159655385264678E-001  9.9161272859739724E-001
  9.9164504573230494E-001  9.9169344076995736E-001  9.9175781723324608E-001  9.9183804686691091E-001  9.9193396991577254E-001
  9.9204539547418735E-001  9.9217210190546512E-001  9.9231383732818590E-001  9.9247032017012471E-001  9.9264123978598684E-001
  9.9282625713762152E-001  9.9302500552964745E-001  9.9323709141063343E-001  9.9346209521521311E-001  9.9369957228318084E-001
  9.9394905380350695E-001  9.9421004783265066E-001  9.9448204033471022E-001  9.9476449628007890E-001  9.9505686077590327E-001
  9.9535856023169711E-001  9.9566900355934540E-001  9.9598758341780291E-001  9.9631367746115107E-001  9.9664664964410721E-001
  9.9698585149644325E-001  9.9733062348282353E-001  9.9768029630083033E-001  9.9803419226720858E-001  9.9839162652174018E-001
  9.9875190849642803E-001  9.9911434252991660E-001  9.9973664942042362E-001  9.9992142935701800E-001
BLOCK 52   3.3267057437881609E+000
  1.0001059811488062E+000  1.0002936130892723E+000  1.0009504016095954E+000  1.0013175418333946E+000  1.0016819476704422E+000
  1.0020429322522670E+000  1.0023998156954363E+000  1.0027519285223661E+000  1.0030986107199369E+000  1.0034392148318232E+000
  1.0037731053996368E+000  1.0040996614801310E+000  1.0044182766302694E+000  1.0047283607634783E+000  1.0050293404167256E+000
  1.0053206603348346E+000  1.0056017839431581E+000  1.0058721944269553E+000  1.0061313956303783E+000  1.0063789128870997E+000
  1.0066142937056974E+000  1.0068371080975218E+000  1.0070469494969725E+000  1.0072434358110101E+000  1.0074262097046967E+000
  1.0075949390568772E+000  1.0077493177473000E+000  1.0078890658657536E+000  1.0080139303494724E+000  1.0081236852163398E+000
  1.0082181319243728E+000  1.0082970997613403E+000  1.0083604460421070E+000  1.0084080562948898E+000  1.0084398444295157E+000
  1.0084557529324192E+000  1.0084557529324227E+000  1.0084398444295268E+000  1.0084080562949076E+000  1.0083604460421367E+000
  1.0082970997613792E+000  1.0082181319244214E+000  1.0081236852164004E+000  1.0080139303495410E+000  1.0078890658658357E+000
  1.0077493177473933E+000  1.0075949390569816E+000  1.0074262097048119E+000  1.0072434358111377E+000  1.0070469494971128E+000
  1.0068371080976739E+000  1.0066142937058622E+000  1.0063789128872713E+000  1.0061313956305602E+000  1.0058721944271432E+000
  1.0056017839433522E+000  1.0053206603350329E+000  1.0050293404169275E+000  1.0047283607636801E+000  1.0044182766304695E+000
  1.0040996614803306E+000  1.0037731053998347E+000  1.0034392148320186E+000  1.0030986107201261E+000  1.0027519285225510E+000
  1.0023998156956146E+000  1.0020429322524365E+000  1.0016819476706034E+000  1.0013175418335456E+000  1.0009504016097377E+000
  1.0002936130893563E+000  1.0001059811488813E+000  9.9991974153571783E-001  9.9973167238314109E-001  9.9909813569117634E-001
  9.9872928951404372E-001  9.9836263440766349E-001  9.9799887837366263E-001  9.9763872420980682E-001  9.9728286888715223E-001
  9.9693200206290911E-001  9.9658680486552942E-001  9.9624794846451470E-001  9.9591609275051907E-001  9.9559188497188644E-001
  9.9527595841704386E-001  9.9496893110335904E-001  9.9467140449369484E-001  9.9438396223284564E-001  9.9410716893064444E-001
  9.9384156897445575E-001  9.9358768537343733E-001  9.9334601865154892E-001  9.9311704577402382E-001  9.9290121914348151E-001
  9.9269896561877213E-001  9.9251068560508815E-001  9.9233675218160422E-001  9.9217751029536772E-001  9.9203327600592106E-001
  9.9190433579456039E-001  9.9179094593392148E-001  9.9169333192731590E-001  9.9161168801300437E-001  9.9154617673964374E-001
  9.9149692861102134E-001  9.9146404179896830E-001  9.9144758192905391E-001  9.9144758192905469E-001  9.9146404179897707E-001
  9.9149692861103556E-001  9.9154617673966350E-001  9.9161168801303079E-001  9.9169333192734743E-001  9.9179094593396033E-001
  9.9190433579460502E-001  9.9203327600597557E-001  9.9217751029542467E-001  9.9233675218166761E-001  9.9251068560515865E-001
  9.9269896561884463E-001  9.9290121914355878E-001  9.9311704577410331E-001  9.9334601865162819E-001  9.9358768537351916E-001
  9.9384156897453069E-001  9.9410716893071716E-001  9.9438396223290915E-001  9.9467140449375258E-001  9.9496893110340789E-001
  9.9527595841708760E-001  9.9559188497191820E-001  9.9591609275054327E-001  9.9624794846452880E-001  9.9658680486553430E-001
  9.9693200206290389E-001  9.9728286888714079E-001  9.9763872420977984E-001  9.9799887837362689E-001  9.9836263440761253E-001
  9.9872928951398021E-001  9.9909813569109973E-001  9.9973167238308092E-001  9.9991974153581220E-001
BLOCK 53   3.3919352681761654E+000
  1.0001075842538125E+000  1.0002986074949778E+000  1.0009667798676616E+000  1.0013404800864560E+000  1.0017113981077190E+000
  1.0020788347344687E+000  1.0024420978409494E+000  1.0028005059014651E+000  1.0031533870545288E+000  1.0035000822436579E+000
  1.0038399445828683E+000  1.0041723420012620E+000  1.0044966571026459E+000  1.0048122891113502E+000  1.0051186542877537E+000
  1.0054151874401236E+000  1.0057013423320762E+000  1.0059765928762792E+000  1.0062404339639908E+000  1.0064923821866285E+000
  1.0067319771211243E+000  1.0069587807930886E+000  1.0071723794898191E+000  1.0073723840922351E+000  1.0075584308757697E+000
  1.0077301817882562E+000  1.0078873251440770E+000  1.0080295761357316E+000  1.0081566770581698E+000  1.0082683978425608E+000
  1.0083645363684737E+000  1.0084449187897642E+000  1.0085093998361474E+000  1.0085578629472636E+000  1.0085902205021238E+000
  1.0086064139743656E+000  1.0086064139743727E+000  1.0085902205021411E+000  1.0085578629472896E+000  1.0085093998361843E+000
  1.0084449187898101E+000  1.0083645363685296E+000  1.0082683978426261E+000  1.0081566770582457E+000  1.0080295761358153E+000
  1.0078873251441725E+000  1.0077301817883604E+000  1.0075584308758847E+000  1.0073723840923632E+000  1.0071723794899592E+000
  1.0069587807932416E+000  1.0067319771212868E+000  1.0064923821868055E+000  1.0062404339641773E+000  1.0059765928764741E+000
  1.0057013423322787E+000  1.0054151874403310E+000  1.0051186542879631E+000  1.0048122891115603E+000  1.0044966571028529E+000
  1.0041723420014679E+000  1.0038399445830715E+000  1.0035000822438556E+000  1.0031533870547209E+000  1.0028005059016500E+000
  1.0024420978411288E+000  1.0020788347346417E+000  1.0017113981078805E+000  1.0013404800866068E+000  1.0009667798677990E+000
  1.0002986074950613E+000  1.0001075842538865E+000  9.9991797673441951E-001  9.9972652994425626E-001  9.9908143526806470E-001
  9.9870600563626077E-001  9.9833280749437603E-001  9.9796256150098983E-001  9.9759598299501862E-001  9.9723378137104235E-001
  9.9687665856473462E-001  9.9652530780654591E-001  9.9618041217162223E-001  9.9584264325715288E-001  9.9551265978180126E-001
  9.9519110625800100E-001  9.9487861163618208E-001  9.9457578800429725E-001  9.9428322930512847E-001  9.9400151009848114E-001
  9.9373118435035590E-001  9.9347278426638153E-001  9.9322681915453681E-001  9.9299377435492775E-001  9.9277411019777650E-001
  9.9256826102250539E-001  9.9237663423470324E-001  9.9219960943099639E-001  9.9203753757649760E-001  9.9189074024371404E-001
  9.9175950891142151E-001  9.9164410433090089E-001  9.9154475595541502E-001  9.9146166143785541E-001  9.9139498619574873E-001
  9.9134486304499558E-001  9.9131139190561735E-001  9.9129463957560215E-001  9.9129463957560715E-001  9.9131139190562911E-001
  9.9134486304501690E-001  9.9139498619577737E-001  9.9146166143789116E-001  9.9154475595545855E-001  9.9164410433094730E-001
  9.9175950891147524E-001  9.9189074024376844E-001  9.9203753757655577E-001  9.9219960943105900E-001  9.9237663423476941E-001
  9.9256826102257689E-001  9.9277411019784711E-001  9.9299377435499847E-001  9.9322681915461186E-001  9.9347278426645325E-001
  9.9373118435042596E-001  9.9400151009854842E-001  9.9428322930519208E-001  9.9457578800435209E-001  9.9487861163623048E-001
  9.9519110625803675E-001  9.9551265978183012E-001  9.9584264325717076E-001  9.9618041217163011E-001  9.9652530780654280E-001
  9.9687665856472263E-001  9.9723378137101759E-001  9.9759598299498475E-001  9.9796256150094576E-001  9.9833280749432152E-001
  9.9870600563619549E-001  9.9908143526798709E-001  9.9972652994419497E-001  9.9991797673451044E-001
BLOCK 54   3.4571647925641700E+000
  1.0001092011966475E+000  1.0003037074127790E+000  1.0009835376566649E+000  1.0013639737692619E+000  1.0017415788950208E+000
  1.0021156411840462E+000  1.0024854559593548E+000  1.0028503293558970E+000  1.0032095772987386E+000  1.0035625287102534E+000
  1.0039085249544788E+000  1.0042469225312336E+000  1.0045770928238453E+000  1.0048984241831700E+000  1.0052103222425162E+000
  1.0055122114410293E+000  1.0058035355304746E+000  1.0060837588423956E+000  1.0063523670981533E+000  1.0066088685480807E+000
  1.0068527935578331E+000  1.0070836964924248E+000  1.0073011561908933E+000  1.0075047764446947E+000  1.0076941867921170E+000
  1.0078690430862949E+000  1.0080290279308002E+000  1.0081738512241356E+000  1.0083032506134511E+000  1.0084169917768748E+000
  1.0085148689616328E+000  1.0085967051680880E+000  1.0086623524345757E+000  1.0087116920891137E+000  1.0087446349082625E+000
  1.0087611212927652E+000  1.0087611212927730E+000  1.0087446349082829E+000  1.0087116920891439E+000  1.0086623524346197E+000
  1.0085967051681417E+000  1.0085148689616958E+000  1.0084169917769477E+000  1.0083032506135299E+000  1.0081738512242255E+000
  1.0080290279308965E+000  1.0078690430864037E+000  1.0076941867922380E+000  1.0075047764448262E+000  1.0073011561910381E+000
  1.0070836964925798E+000  1.0068527935580009E+000  1.0066088685482597E+000  1.0063523670983434E+000  1.0060837588425942E+000
  1.0058035355306778E+000  1.0055122114412403E+000  1.0052103222427307E+000  1.0048984241833856E+000  1.0045770928240620E+000
  1.0042469225314450E+000  1.0039085249546895E+000  1.0035625287104573E+000  1.0032095772989340E+000  1.0028503293560844E+000
  1.0024854559595324E+000  1.0021156411842145E+000  1.0017415788951782E+000  1.0013639737694069E+000  1.0009835376568019E+000
  1.0003037074128620E+000  1.0001092011967223E+000  9.9991613384190237E-001  9.9972121919814538E-001  9.9906423291682744E-001
  9.9868204549838346E-001  9.9830213141071633E-001  9.9792522431061437E-001  9.9755205240353628E-001  9.9718333781235646E-001
  9.9681979503672491E-001  9.9646212970338111E-001  9.9611103710156734E-001  9.9576720082341419E-001  9.9543129133966934E-001
  9.9510396463412321E-001  9.9478586083695608E-001  9.9447760290974863E-001  9.9417979534354417E-001  9.9389302289519499E-001
  9.9361784935278752E-001  9.9335481634059231E-001  9.9310444217844562E-001  9.9286722077483913E-001  9.9264362057923361E-001
  9.9243408357041141E-001  9.9223902431093469E-001  9.9205882905657172E-001  9.9189385492883264E-001  9.9174442913984373E-001
  9.9161084828349610E-001  9.9149337769030954E-001  9.9139225085042082E-001  9.9130766889960387E-001  9.9123980017479396E-001
  9.9118877984115250E-001  9.9115470958870544E-001  9.9113765740296556E-001  9.9113765740297088E-001  9.9115470958872254E-001
  9.9118877984117737E-001  9.9123980017482938E-001  9.9130766889964672E-001  9.9139225085046967E-001  9.9149337769036439E-001
  9.9161084828355184E-001  9.9174442913990568E-001  9.9189385492889870E-001  9.9205882905663745E-001  9.9223902431100197E-001
  9.9243408357047702E-001  9.9264362057929867E-001  9.9286722077490508E-001  9.9310444217851090E-001  9.9335481634065603E-001
  9.9361784935284769E-001  9.9389302289525361E-001  9.9417979534359802E-001  9.9447760290979925E-001  9.9478586083699683E-001
  9.9510396463415829E-001  9.9543129133969743E-001  9.9576720082342940E-001  9.9611103710157123E-001  9.9646212970337233E-001
  9.9681979503670581E-001  9.9718333781232749E-001  9.9755205240349543E-001  9.9792522431056463E-001  9.9830213141065560E-001
  9.9868204549831330E-001  9.9906423291674573E-001  9.9972121919808254E-001  9.9991613384198819E-001
BLOCK 55   3.5223943169521745E+000
  1.0001108324393833E+000  1.0003089149357864E+000  1.0010006818073796E+000  1.0013880327191897E+000  1.0017725029259805E+000
  1.0021533675179541E+000  1.0025299088985244E+000  1.0029014205246674E+000  1.0032672057959426E+000  1.0036265813750624E+000
  1.0039788765625568E+000  1.0043234360060642E+000  1.0046596194738080E+000  1.0049868040575327E+000  1.0053043844678067E+000
  1.0056117746417783E+000  1.0059084081083445E+000  1.0061937393758889E+000  1.0064672446783567E+000  1.0067284231013303E+000
  1.0069767964732952E+000  1.0072119107535584E+000  1.0074333370157791E+000  1.0076406717864115E+000  1.0078335377621617E+000
  1.0080115844770050E+000  1.0081744887186930E+000  1.0083219549351847E+000  1.0084537158788158E+000  1.0085695329609610E+000
  1.0086691965781716E+000  1.0087525264900046E+000  1.0088193720038268E+000  1.0088696122599199E+000  1.0089031564261306E+000
  1.0089199437751430E+000  1.0089199437751475E+000  1.0089031564261504E+000  1.0088696122599521E+000  1.0088193720038718E+000
  1.0087525264900610E+000  1.0086691965782379E+000  1.0085695329610367E+000  1.0084537158789024E+000  1.0083219549352826E+000
  1.0081744887188027E+000  1.0080115844771234E+000  1.0078335377622893E+000  1.0076406717865511E+000  1.0074333370159296E+000
  1.0072119107537199E+000  1.0069767964734664E+000  1.0067284231015112E+000  1.0064672446785468E+000  1.0061937393760880E+000
  1.0059084081085503E+000  1.0056117746419895E+000  1.0053043844680221E+000  1.0049868040577516E+000  1.0046596194740267E+000
  1.0043234360062838E+000  1.0039788765627704E+000  1.0036265813752701E+000  1.0032672057961407E+000  1.0029014205248559E+000
  1.0025299088987010E+000  1.0021533675181205E+000  1.0017725029261351E+000  1.0013880327193339E+000  1.0010006818075139E+000
  1.0003089149358688E+000  1.0001108324394590E+000  9.9991421187053409E-001  9.9971573724587581E-001  9.9904652017656670E-001
  9.9865739754861560E-001  9.9827059155791753E-001  9.9788684917586890E-001  9.9750691178662176E-001  9.9713151455607618E-001
  9.9676138487651988E-001  9.9639724109444183E-001  9.9603979100238393E-001  9.9568973046198583E-001  9.9534774195373388E-001
  9.9501449320705504E-001  9.9469063581245143E-001  9.9437680387878657E-001  9.9407361269928129E-001  9.9378165746418012E-001
  9.9350151200302217E-001  9.9323372758296335E-001  9.9297883173608348E-001  9.9273732714211194E-001  9.9250969054924476E-001
  9.9229637175998320E-001  9.9209779266931797E-001  9.9191434636434295E-001  9.9174639627731342E-001  9.9159427539920197E-001
  9.9145828555694915E-001  9.9133869676097075E-001  9.9123574661685454E-001  9.9114963980218651E-001  9.9108054761491049E-001
  9.9102860759523770E-001  9.9099392322084612E-001  9.9097656367277454E-001  9.9097656367278153E-001  9.9099392322086000E-001
  9.9102860759526112E-001  9.9108054761494402E-001  9.9114963980222959E-001  9.9123574661690761E-001  9.9133869676102826E-001
  9.9145828555701110E-001  9.9159427539926948E-001  9.9174639627738181E-001  9.9191434636441211E-001  9.9209779266938591E-001
  9.9229637176004926E-001  9.9250969054930993E-001  9.9273732714217366E-001  9.9297883173614021E-001  9.9323372758301809E-001
  9.9350151200307391E-001  9.9378165746422575E-001  9.9407361269932737E-001  9.9437680387882588E-001  9.9469063581248374E-001
  9.9501449320708180E-001  9.9534774195375431E-001  9.9568973046199671E-001  9.9603979100238382E-001  9.9639724109443262E-001
  9.9676138487650079E-001  9.9713151455604565E-001  9.9750691178657924E-001  9.9788684917581305E-001  9.9827059155785136E-001
  9.9865739754853744E-001  9.9904652017647777E-001  9.9971573724581009E-001  9.9991421187061347E-001
BLOCK 56   3.5876238413401791E+000
  1.0001124784878563E+000  1.0003142323108749E+000  1.0010182196258084E+000  1.0014126672735018E+000  1.0018041834772002E+000
  1.0021920299881160E+000  1.0025754759869168E+000  1.0029538018645849E+000  1.0033262980831155E+000  1.0036922686311081E+000
  1.0040510303707975E+000  1.0044019158456863E+000  1.0047442729898302E+000  1.0050774673707772E+000  1.0054008824597755E+000
  1.0057139212279074E+000  1.0060160066832060E+000  1.0063065831812374E+000  1.0065851174360956E+000  1.0068510989132187E+000
  1.0071040405884042E+000  1.0073434800413905E+000  1.0075689802246932E+000  1.0077801301701654E+000  1.0079765455370009E+000
  1.0081578692207294E+000  1.0083237719770441E+000  1.0084739527813671E+000  1.0086081394051964E+000  1.0087260888483605E+000
  1.0088275875907413E+000  1.0089124519278723E+000  1.0089805283597184E+000  1.0090316937642598E+000  1.0090658556214736E+000
  1.0090829521072273E+000  1.0090829521072331E+000  1.0090658556214909E+000  1.0090316937642911E+000  1.0089805283597606E+000
  1.0089124519279291E+000  1.0088275875908113E+000  1.0087260888484419E+000  1.0086081394052913E+000  1.0084739527814737E+000
  1.0083237719771638E+000  1.0081578692208575E+000  1.0079765455371388E+000  1.0077801301703162E+000  1.0075689802248524E+000
  1.0073434800415597E+000  1.0071040405885812E+000  1.0068510989134019E+000  1.0065851174362868E+000  1.0063065831814380E+000
  1.0060160066834130E+000  1.0057139212281203E+000  1.0054008824599936E+000  1.0050774673709955E+000  1.0047442729900480E+000
  1.0044019158459010E+000  1.0040510303710093E+000  1.0036922686313143E+000  1.0033262980833144E+000  1.0029538018647739E+000
  1.0025754759870968E+000  1.0021920299882840E+000  1.0018041834773588E+000  1.0014126672736516E+000  1.0010182196259463E+000
  1.0003142323109608E+000  1.0001124784879354E+000  9.9991220981655371E-001  9.9971008113882331E-001  9.9902828852887182E-001
  9.9863205013857947E-001  9.9823817312790397E-001  9.9784741813001343E-001  9.9746054005555440E-001  9.9707828745770677E-001
  9.9670140093740822E-001  9.9633061184826666E-001  9.9596664077948904E-001  9.9561019616186008E-001  9.9526197279996187E-001
  9.9492265046973327E-001  9.9459289249404470E-001  9.9427334437476556E-001  9.9396463244128097E-001  9.9366736254799115E-001
  9.9338211880343019E-001  9.9310946233543784E-001  9.9284993010297162E-001  9.9260403375282813E-001  9.9237225853636812E-001
  9.9215506227627959E-001  9.9195287439006197E-001  9.9176609496424950E-001  9.9159509389179357E-001  9.9144021007275185E-001
  9.9130175068405058E-001  9.9117999051364458E-001  9.9107517136159107E-001  9.9098750150934067E-001  9.9091715526414526E-001
  9.9086427258008569E-001  9.9082895874984644E-001  9.9081128416842712E-001  9.9081128416843134E-001  9.9082895874986243E-001
  9.9086427258011001E-001  9.9091715526417878E-001  9.9098750150938486E-001  9.9107517136163958E-001  9.9117999051370143E-001
  9.9130175068411353E-001  9.9144021007281691E-001  9.9159509389186506E-001  9.9176609496431956E-001  9.9195287439012914E-001
  9.9215506227634709E-001  9.9237225853643252E-001  9.9260403375288531E-001  9.9284993010302447E-001  9.9310946233548847E-001
  9.9338211880347382E-001  9.9366736254803101E-001  9.9396463244131394E-001  9.9427334437479298E-001  9.9459289249406624E-001
  9.9492265046974881E-001  9.9526197279997264E-001  9.9561019616186475E-001  9.9596664077948660E-001  9.9633061184825278E-001
  9.9670140093738535E-001  9.9707828745767191E-001  9.9746054005550688E-001  9.9784741812995525E-001  9.9823817312783469E-001
  9.9863205013850020E-001  9.9902828852877967E-001  9.9971008113875448E-001  9.9991220981662554E-001
BLOCK 57   3.6528533657281836E+000
  1.0001141398779352E+000  1.0003196617953316E+000  1.0010361585179539E+000  1.0014378881590316E+000  1.0018366346075245E+000
  1.0022316458590588E+000  1.0026221774588084E+000  1.0030074964027786E+000  1.0033868799492558E+000  1.0037596191319589E+000
  1.0041250180566581E+000  1.0044823967622902E+000  1.0048310909348366E+000  1.0051704542642486E+000  1.0054998586498178E+000
  1.0058186960185602E+000  1.0061263785294783E+000  1.0064223401273487E+000  1.0067060376874357E+000  1.0069769505525086E+000
  1.0072345826258509E+000  1.0074784627951838E+000  1.0077081458149337E+000  1.0079232130501761E+000  1.0081232729674781E+000
  1.0083079616636101E+000  1.0084769436075192E+000  1.0086299121139233E+000  1.0087665897825422E+000  1.0088867289733241E+000
  1.0089901121681839E+000  1.0090765522357807E+000  1.0091458927938644E+000  1.0091980084166849E+000  1.0092328047675392E+000
  1.0092502188039842E+000  1.0092502188039911E+000  1.0092328047675605E+000  1.0091980084167191E+000  1.0091458927939092E+000
  1.0090765522358394E+000  1.0089901121682592E+000  1.0088867289734138E+000  1.0087665897826414E+000  1.0086299121140392E+000
  1.0084769436076451E+000  1.0083079616637511E+000  1.0081232729676302E+000  1.0079232130503357E+000  1.0077081458151025E+000
  1.0074784627953586E+000  1.0072345826260340E+000  1.0069769505527015E+000  1.0067060376876362E+000  1.0064223401275523E+000
  1.0061263785296850E+000  1.0058186960187723E+000  1.0054998586500314E+000  1.0051704542644611E+000  1.0048310909350486E+000
  1.0044823967625010E+000  1.0041250180568666E+000  1.0037596191321618E+000  1.0033868799494519E+000  1.0030074964029685E+000
  1.0026221774589910E+000  1.0022316458592346E+000  1.0018366346076901E+000  1.0014378881591868E+000  1.0010361585181013E+000
  1.0003196617954206E+000  1.0001141398780171E+000  9.9991012674660007E-001  9.9970424795396839E-001  9.9900952937771748E-001
  9.9860599139468686E-001  9.9820486100187444E-001  9.9780691285554701E-001  9.9741291572458568E-001  9.9702363185705456E-001
  9.9663981538307966E-001  9.9626221100475343E-001  9.9589155244631467E-001  9.9552856103287601E-001  9.9517394418148175E-001
  9.9482839397449196E-001  9.9449258572319954E-001  9.9416717658501930E-001  9.9385280419026090E-001  9.9355008531502331E-001
  9.9325961457723111E-001  9.9298196318957288E-001  9.9271767775170083E-001  9.9246727909996901E-001  9.9223126119855809E-001
  9.9201009008437957E-001  9.9180420286437865E-001  9.9161400677720202E-001  9.9143987831823255E-001  9.9128216243051592E-001
  9.9114117175882477E-001  9.9101718596976374E-001  9.9091045114372567E-001  9.9082117924151203E-001  9.9074954764697942E-001
  9.9069569878291752E-001  9.9065973979803634E-001  9.9064174232733770E-001  9.9064174232734414E-001  9.9065973979805122E-001
  9.9069569878294217E-001  9.9074954764701173E-001  9.9082117924155222E-001  9.9091045114377230E-001  9.9101718596981725E-001
  9.9114117175888317E-001  9.9128216243058076E-001  9.9143987831829838E-001  9.9161400677726752E-001  9.9180420286444382E-001
  9.9201009008444807E-001  9.9223126119862060E-001  9.9246727910002563E-001  9.9271767775175346E-001  9.9298196318961718E-001
  9.9325961457727163E-001  9.9355008531505440E-001  9.9385280419028676E-001  9.9416717658503939E-001  9.9449258572321497E-001
  9.9482839397450162E-001  9.9517394418148364E-001  9.9552856103287080E-001  9.9589155244629934E-001  9.9626221100473111E-001
  9.9663981538304958E-001  9.9702363185701759E-001  9.9741291572453672E-001  9.9780691285548739E-001  9.9820486100180472E-001
  9.9860599139460604E-001  9.9900952937762422E-001  9.9970424795389889E-001  9.9991012674666502E-001
BLOCK 58   3.7180828901161882E+000
  1.0001158173013005E+000  1.0003252059497230E+000  1.0010545065194134E+000  1.0014637065409810E+000  1.0018698705368805E+000
  1.0022722324366076E+000  1.0026700338244279E+000  1.0030625279251704E+000  1.0034489783731280E+000  1.0038286628471238E+000
  1.0042008723375155E+000  1.0045649141318311E+000  1.0049201114454824E+000  1.0052658057650137E+000  1.0056013571468978E+000
  1.0059261458653239E+000  1.0062395729586660E+000  1.0065410617055026E+000  1.0068300586339547E+000  1.0071060332105224E+000
  1.0073684797910731E+000  1.0076169184230253E+000  1.0078508953999499E+000  1.0080699840009513E+000  1.0082737852249930E+000
  1.0084619282557623E+000  1.0086340712009698E+000  1.0087899015913124E+000  1.0089291367494051E+000  1.0090515242300389E+000
  1.0091568423199762E+000  1.0092449003196091E+000  1.0093155388172046E+000  1.0093686299627218E+000  1.0094040776401456E+000
  1.0094218176126044E+000  1.0094218176126097E+000  1.0094040776401678E+000  1.0093686299627589E+000  1.0093155388172557E+000
  1.0092449003196746E+000  1.0091568423200572E+000  1.0090515242301326E+000  1.0089291367495139E+000  1.0087899015914326E+000
  1.0086340712011042E+000  1.0084619282559075E+000  1.0082737852251507E+000  1.0080699840011191E+000  1.0078508954001295E+000
  1.0076169184232147E+000  1.0073684797912661E+000  1.0071060332107225E+000  1.0068300586341579E+000  1.0065410617057062E+000
  1.0062395729588749E+000  1.0059261458655335E+000  1.0056013571471070E+000  1.0052658057652220E+000  1.0049201114456887E+000
  1.0045649141320361E+000  1.0042008723377183E+000  1.0038286628473234E+000  1.0034489783733243E+000  1.0030625279253613E+000
  1.0026700338246133E+000  1.0022722324367874E+000  1.0018698705370499E+000  1.0014637065411442E+000  1.0010545065195660E+000
  1.0003252059498160E+000  1.0001158173013840E+000  9.9990796172896212E-001  9.9969823464933905E-001  9.9899023386018193E-001
  9.9857920919058429E-001  9.9817063978174170E-001  9.9776531463889684E-001  9.9736401674986186E-001  9.9696752243181552E-001
  9.9657659971034240E-001  9.9619200697338195E-001  9.9581449138099742E-001  9.9544478743196563E-001  9.9508361544482427E-001
  9.9473168011147439E-001  9.9438966903128412E-001  9.9405825130078695E-001  9.9373807611107035E-001  9.9342977140034816E-001
  9.9313394254210674E-001  9.9285117107743603E-001  9.9258201348766684E-001  9.9232700001149399E-001  9.9208663351403348E-001
  9.9186138841309746E-001  9.9165170966792526E-001  9.9145801182738547E-001  9.9128067813902299E-001  9.9112005971975647E-001
  9.9097647479663231E-001  9.9085020802087087E-001  9.9074150985573162E-001  9.9065059603653449E-001  9.9057764710361440E-001
  9.9052280801061499E-001  9.9048618780892006E-001  9.9046785940790061E-001  9.9046785940790472E-001  9.9048618780893061E-001
  9.9052280801063564E-001  9.9057764710364393E-001  9.9065059603657124E-001  9.9074150985577647E-001  9.9085020802091994E-001
  9.9097647479668594E-001  9.9112005971981521E-001  9.9128067813908372E-001  9.9145801182744531E-001  9.9165170966798755E-001
  9.9186138841315852E-001  9.9208663351409121E-001  9.9232700001154839E-001  9.9258201348771424E-001  9.9285117107748122E-001
  9.9313394254214538E-001  9.9342977140037925E-001  9.9373807611109144E-001  9.9405825130080261E-001  9.9438966903128956E-001
  9.9473168011147151E-001  9.9508361544481649E-001  9.9544478743194975E-001  9.9581449138097522E-001  9.9619200697335208E-001
  9.9657659971030599E-001  9.9696752243177167E-001  9.9736401674980879E-001  9.9776531463883444E-001  9.9817063978166876E-001
  9.9857920919050214E-001  9.9899023386008734E-001  9.9969823464926866E-001  9.9990796172901897E-001
BLOCK 59   3.7833124145041928E+000
  1.0001175142358598E+000  1.0006541086855425E+000  1.0010732716530002E+000  1.0014901323089060E+000  1.0019039052461536E+000
  1.0023138075538369E+000  1.0027190661323282E+000  1.0031189204953055E+000  1.0035126204936140E+000  1.0038994301057760E+000
  1.0042786268645059E+000  1.0046495048747697E+000  1.0050113744240046E+000  1.0053635645072105E+000  1.0057054228396201E+000
  1.0060363179649314E+000  1.0063556397065248E+000  1.0066628003912845E+000  1.0069572354545941E+000  1.0072384041235236E+000
  1.0075057913809875E+000  1.0077589080559919E+000  1.0079972917278626E+000  1.0082205074445700E+000  1.0084281485021698E+000
  1.0086198370081294E+000  1.0087952244489564E+000  1.0089539922818829E+000  1.0090958523849558E+000  1.0092205474566043E+000
  1.0093278515183179E+000  1.0094175702116150E+000  1.0094895410321318E+000  1.0095436336179084E+000  1.0095797499739601E+000
  1.0095978246159774E+000  1.0095978246159873E+000  1.0095797499739827E+000  1.0095436336179495E+000  1.0094895410321891E+000
  1.0094175702116890E+000  1.0093278515184028E+000  1.0092205474567051E+000  1.0090958523850702E+000  1.0089539922820094E+000
  1.0087952244490970E+000  1.0086198370082833E+000  1.0084281485023339E+000  1.0082205074447457E+000  1.0079972917280511E+000
  1.0077589080561857E+000  1.0075057913811869E+000  1.0072384041237283E+000  1.0069572354548022E+000  1.0066628003914935E+000
  1.0063556397067346E+000  1.0060363179651401E+000  1.0057054228398266E+000  1.0053635645074162E+000  1.0050113744242091E+000
  1.0046495048749722E+000  1.0042786268647068E+000  1.0038994301059745E+000  1.0035126204938083E+000  1.0031189204954956E+000
  1.0027190661325138E+000  1.0023138075540166E+000  1.0019039052463270E+000  1.0014901323090699E+000  1.0010732716531556E+000
  1.0006541086856842E+000  1.0001175142359455E+000  9.9990571873264689E-001  9.9939078449666274E-001  9.9897038693130580E-001
  9.9855168906584713E-001  9.9813549270902546E-001  9.9772260370780497E-001  9.9731382027820603E-001  9.9690993321108512E-001
  9.9651172477732808E-001  9.9611996738373165E-001  9.9573542197284359E-001  9.9535883656474189E-001  9.9499094471424177E-001
  9.9463246402996441E-001  9.9428409467943568E-001  9.9394651796901279E-001  9.9362039492889220E-001  9.9330636494280089E-001
  9.9300504440364812E-001  9.9271702541980655E-001  9.9244287455929270E-001  9.9218313165514282E-001  9.9193830866141652E-001
  9.9170888856609118E-001  9.9149532435743060E-001  9.9129803805172267E-001  9.9111741978551415E-001  9.9095382697792089E-001
  9.9080758356567433E-001  9.9067897930939786E-001  9.9056826916932739E-001  9.9047567275100601E-001  9.9040137382894966E-001
  9.9034551995236486E-001  9.9030822212903957E-001  9.9028955458386558E-001  9.9028955458386714E-001  9.9030822212905201E-001
  9.9034551995238262E-001  9.9040137382897520E-001  9.9047567275103909E-001  9.9056826916936280E-001  9.9067897930944115E-001
  9.9080758356572129E-001  9.9095382697797518E-001  9.9111741978556811E-001  9.9129803805177741E-001  9.9149532435748355E-001
  9.9170888856614436E-001  9.9193830866146959E-001  9.9218313165519156E-001  9.9244287455933844E-001  9.9271702541984730E-001
  9.9300504440368365E-001  9.9330636494282587E-001  9.9362039492891319E-001  9.9394651796902589E-001  9.9428409467943946E-001
  9.9463246402996042E-001  9.9499094471422567E-001  9.9535883656472213E-001  9.9573542197281217E-001  9.9611996738369391E-001
  9.9651172477728522E-001  9.9690993321103283E-001  9.9731382027814686E-001  9.9772260370773802E-001  9.9813549270894819E-001
  9.9855168906575920E-001  9.9897038693120654E-001  9.9939078449655006E-001  9.9990571873269607E-001
BLOCK 60   3.8485419388921973E+000
  1.0001192334439089E+000  1.0006654165621638E+000  1.0010924739667415E+000  1.0015171866340351E+000  1.0019387552109877E+000
  1.0023563873678307E+000  1.0027692937664805E+000  1.0031766974265013E+000  1.0035778339553592E+000  1.0039719524323711E+000
  1.0043583162423841E+000  1.0047362062935432E+000  1.0051049199854398E+000  1.0054637734047058E+000  1.0058121017563297E+000
  1.0061492614803504E+000  1.0064746303320669E+000  1.0067876098217603E+000  1.0070876239083482E+000  1.0073741218040144E+000
  1.0076465782257333E+000  1.0079044946477811E+000  1.0081473996684771E+000  1.0083748499554956E+000  1.0085864309961285E+000
  1.0087817575449982E+000  1.0089604742758846E+000  1.0091222563789291E+000  1.0092668101324056E+000  1.0093938732602188E+000
  1.0095032153523331E+000  1.0095946382348326E+000  1.0096679762471765E+000  1.0097230964847157E+000  1.0097598990411436E+000
  1.0097783171400825E+000  1.0097783171400907E+000  1.0097598990411703E+000  1.0097230964847577E+000  1.0096679762472371E+000
  1.0095946382349077E+000  1.0095032153524259E+000  1.0093938732603276E+000  1.0092668101325291E+000  1.0091222563790672E+000
  1.0089604742760347E+000  1.0087817575451610E+000  1.0085864309963009E+000  1.0083748499556773E+000  1.0081473996686683E+000
  1.0079044946479778E+000  1.0076465782259354E+000  1.0073741218042220E+000  1.0070876239085580E+000  1.0067876098219708E+000
  1.0064746303322776E+000  1.0061492614805605E+000  1.0058121017565391E+000  1.0054637734049130E+000  1.0051049199856450E+000
  1.0047362062937457E+000  1.0043583162425849E+000  1.0039719524325699E+000  1.0035778339555543E+000  1.0031766974266898E+000
  1.0027692937666637E+000  1.0023563873680086E+000  1.0019387552111567E+000  1.0015171866341979E+000  1.0010924739668949E+000
  1.0006654165623095E+000  1.0001192334439963E+000  9.9990339184715193E-001  9.9937829781576848E-001  9.9894998686877312E-001
  9.9852341144704804E-001  9.9809939372570855E-001  9.9767875145795870E-001  9.9726229892294949E-001  9.9685083757409088E-001
  9.9644516163074448E-001  9.9604605958373682E-001  9.9565430796329613E-001  9.9527066884416293E-001  9.9489588920673744E-001
  9.9453069982533071E-001  9.9417581374325492E-001  9.9383192478813842E-001  9.9349970611816063E-001  9.9317980881691359E-001
  9.9287286052592549E-001  9.9257946414063958E-001  9.9230019654346624E-001  9.9203560738428176E-001  9.9178621791258170E-001
  9.9155251986635062E-001  9.9133497442296181E-001  9.9113401121921363E-001  9.9095002743729077E-001  9.9078338695431478E-001
  9.9063441955835208E-001  9.9050342023783489E-001  9.9039064854797754E-001  9.9029632805449475E-001  9.9022064585385672E-001
  9.9016375216848529E-001  9.9012576001844310E-001  9.9010674497209061E-001  9.9010674497209550E-001  9.9012576001845143E-001
  9.9016375216850072E-001  9.9022064585387715E-001  9.9029632805452106E-001  9.9039064854801007E-001  9.9050342023786897E-001
  9.9063441955839215E-001  9.9078338695435497E-001  9.9095002743733629E-001  9.9113401121926070E-001  9.9133497442300922E-001
  9.9155251986640003E-001  9.9178621791262633E-001  9.9203560738432428E-001  9.9230019654350488E-001  9.9257946414067422E-001
  9.9287286052595347E-001  9.9317980881693690E-001  9.9349970611817662E-001  9.9383192478814819E-001  9.9417581374325792E-001
  9.9453069982532272E-001  9.9489588920672378E-001  9.9527066884413951E-001  9.9565430796326382E-001  9.9604605958369408E-001
  9.9644516163069174E-001  9.9685083757403192E-001  9.9726229892287943E-001  9.9767875145787754E-001  9.9809939372561995E-001
  9.9852341144695167E-001  9.9894998686866610E-001  9.9937829781565113E-001  9.9990339184719190E-001
BLOCK 61   3.9137714632802019E+000
  1.0001209664806419E+000  1.0006769522121588E+000  1.0011121074570342E+000  1.0015448789211781E+000  1.0019744491411475E+000
  1.0024000066874981E+000  1.0028207508101925E+000  1.0032358895509565E+000  1.0036446463446012E+000  1.0040462583138983E+000
  1.0044399729523921E+000  1.0048250556759195E+000  1.0052007896975528E+000  1.0055664775625095E+000  1.0059214417438362E+000
  1.0062650264008699E+000  1.0065965976164226E+000  1.0069155451730789E+000  1.0072212818425146E+000  1.0075132459743659E+000
  1.0077909022606482E+000  1.0080537422709239E+000  1.0083012855169131E+000  1.0085330799395062E+000  1.0087487028469455E+000
  1.0089477614716753E+000  1.0091298935456370E+000  1.0092947679494231E+000  1.0094420852141202E+000  1.0095715778904426E+000
  1.0096830109699853E+000  1.0097761823244402E+000  1.0098509230247432E+000  1.0099070975533908E+000  1.0099446040543101E+000
  1.0099633744539809E+000  1.0099633744539895E+000  1.0099446040543385E+000  1.0099070975534381E+000  1.0098509230248063E+000
  1.0097761823245228E+000  1.0096830109700856E+000  1.0095715778905587E+000  1.0094420852142523E+000  1.0092947679495679E+000
  1.0091298935457964E+000  1.0089477614718441E+000  1.0087487028471267E+000  1.0085330799396921E+000  1.0083012855171074E+000
  1.0080537422711238E+000  1.0077909022608520E+000  1.0075132459745735E+000  1.0072212818427242E+000  1.0069155451732912E+000
  1.0065965976166353E+000  1.0062650264010840E+000  1.0059214417440498E+000  1.0055664775627209E+000  1.0052007896977608E+000
  1.0048250556761251E+000  1.0044399729525939E+000  1.0040462583140934E+000  1.0036446463447910E+000  1.0032358895511413E+000
  1.0028207508103708E+000  1.0024000066876719E+000  1.0019744491413147E+000  1.0015448789213379E+000  1.0011121074571867E+000
  1.0006769522123020E+000  1.0001209664807307E+000  9.9990097813630008E-001  9.9936544721091058E-001  9.9892902863983057E-001
  9.9849438198926599E-001  9.9806234490029744E-001  9.9763375125750808E-001  9.9720942808466795E-001  9.9679019683511405E-001
  9.9637686765004851E-001  9.9597024218171859E-001  9.9557111052278346E-001  9.9518024566022190E-001  9.9479840722304091E-001
  9.9442634153730258E-001  9.9406477650222702E-001  9.9371441890633716E-001  9.9337595396087619E-001  9.9305004452607393E-001
  9.9273732972436046E-001  9.9243842349992151E-001  9.9215391328332481E-001  9.9188435874540259E-001  9.9163029061704777E-001
  9.9139220957538654E-001  9.9117058518141354E-001  9.9096585487839561E-001  9.9077842305774477E-001  9.9060866019366234E-001
  9.9045690205048664E-001  9.9032344896463476E-001  9.9020856520188849E-001  9.9011247838970740E-001  9.9003537902552075E-001
  9.8997742006333211E-001  9.8993871657903498E-001  9.8991934551821459E-001  9.8991934551821559E-001  9.8993871657904298E-001
  9.8997742006334521E-001  9.9003537902553629E-001  9.9011247838972671E-001  9.9020856520191225E-001  9.9032344896466407E-001
  9.9045690205051573E-001  9.9060866019369964E-001  9.9077842305778174E-001  9.9096585487843314E-001  9.9117058518145340E-001
  9.9139220957542495E-001  9.9163029061708463E-001  9.9188435874543635E-001  9.9215391328335545E-001  9.9243842349994804E-001
  9.9273732972438355E-001  9.9305004452609158E-001  9.9337595396088785E-001  9.9371441890634327E-001  9.9406477650222613E-001
  9.9442634153729603E-001  9.9479840722302360E-001  9.9518024566019736E-001  9.9557111052274694E-001  9.9597024218167030E-001
  9.9637686764999212E-001  9.9679019683504633E-001  9.9720942808458934E-001  9.9763375125741605E-001  9.9806234490019485E-001
  9.9849438198915630E-001  9.9892902863971378E-001  9.9936544721078546E-001  9.9990097813633350E-001
BLOCK 62   3.9790009876682064E+000
  1.0001227179441838E+000  1.0006887255728314E+000  1.0011321820071417E+000  1.0015732126358801E+000  1.0020109851863725E+000
  1.0024446716623840E+000  1.0028734553861500E+000  1.0032965307173112E+000  1.0037131032691873E+000  1.0041223947733970E+000
  1.0045236404989557E+000  1.0049160923944940E+000  1.0052990215915603E+000  1.0056717177338643E+000  1.0060334882752566E+000
  1.0063836631226919E+000  1.0067215961062557E+000  1.0070466640933526E+000  1.0073582690930145E+000  1.0076558387668038E+000
  1.0079388274539474E+000  1.0082067169269271E+000  1.0084590170457017E+000  1.0086952668779976E+000  1.0089150353308798E+000
  1.0091179218774760E+000  1.0093035571143620E+000  1.0094716033123834E+000  1.0096217550379671E+000  1.0097537395358411E+000
  1.0098673171923895E+000  1.0099622819242051E+000  1.0100384614506173E+000  1.0100957175266179E+000  1.0101339462069554E+000
  1.0101530780334722E+000  1.0101530780334826E+000  1.0101339462069863E+000  1.0100957175266692E+000  1.0100384614506874E+000
  1.0099622819242937E+000  1.0098673171924970E+000  1.0097537395359633E+000  1.0096217550381050E+000  1.0094716033125339E+000
  1.0093035571145241E+000  1.0091179218776498E+000  1.0089150353310634E+000  1.0086952668781888E+000  1.0084590170458978E+000
  1.0082067169271303E+000  1.0079388274541536E+000  1.0076558387670136E+000  1.0073582690932272E+000  1.0070466640935662E+000
  1.0067215961064717E+000  1.0063836631229097E+000  1.0060334882754727E+000  1.0056717177340782E+000  1.0052990215917716E+000
  1.0049160923947020E+000  1.0045236404991580E+000  1.0041223947735938E+000  1.0037131032693773E+000  1.0032965307174935E+000
  1.0028734553863263E+000  1.0024446716625512E+000  1.0020109851865364E+000  1.0015732126360373E+000  1.0011321820072943E+000
  1.0006887255729782E+000  1.0001227179442760E+000  9.9989847858286329E-001  9.9935222572502880E-001  9.9890749795864553E-001
  9.9846457956844337E-001  9.9802432456849077E-001  9.9758758200502484E-001  9.9715519556807741E-001  9.9672800072480161E-001
  9.9630682499864742E-001  9.9589248419381982E-001  9.9548578260336817E-001  9.9508751104672488E-001  9.9469844312725253E-001
  9.9431933748078227E-001  9.9395093395382450E-001  9.9359395017430530E-001  9.9324908402710133E-001  9.9291701287151723E-001
  9.9259838910692677E-001  9.9229383784233760E-001  9.9200395669356445E-001  9.9172931529321640E-001  9.9147045406089063E-001
  9.9122788286561847E-001  9.9100207986310673E-001  9.9079349047495613E-001  9.9060252645472091E-001  9.9042956502346546E-001
  9.9027494806669480E-001  9.9013898139984846E-001  9.9002193410842509E-001  9.8992403796658168E-001  9.8984548693871444E-001
  9.8978643676416367E-001  9.8974700462236354E-001  9.8972726887411333E-001  9.8972726887411255E-001  9.8974700462236842E-001
  9.8978643676417222E-001  9.8984548693872576E-001  9.8992403796659478E-001  9.9002193410844475E-001  9.9013898139986878E-001
  9.9027494806671934E-001  9.9042956502349022E-001  9.9060252645475033E-001  9.9079349047498277E-001  9.9100207986313582E-001
  9.9122788286564634E-001  9.9147045406091816E-001  9.9172931529324382E-001  9.9200395669358765E-001  9.9229383784235803E-001
  9.9259838910694198E-001  9.9291701287152923E-001  9.9324908402710810E-001  9.9359395017430674E-001  9.9395093395381950E-001
  9.9431933748076651E-001  9.9469844312723199E-001  9.9508751104669391E-001  9.9548578260332798E-001  9.9589248419376564E-001
  9.9630682499858225E-001  9.9672800072472534E-001  9.9715519556798871E-001  9.9758758200492770E-001  9.9802432456838641E-001
  9.9846457956832790E-001  9.9890749795852241E-001  9.9935222572489646E-001  9.9989847858288616E-001
BLOCK 63   4.0442305120561981E+000
  1.0001244892347740E+000  1.0007007437254050E+000  1.0011527078072182E+000  1.0016022037702841E+000  1.0020483830208833E+000
  1.0024904015564573E+000  1.0029274269915025E+000  1.0033586372484331E+000  1.0037832234438788E+000  1.0042003907454828E+000
  1.0046093600588208E+000  1.0050093692220738E+000  1.0053996736310633E+000  1.0057795496588506E+000  1.0061482926192846E+000
  1.0065052204406344E+000  1.0068496750452254E+000  1.0071810203183431E+000  1.0074986445896725E+000  1.0078019634857198E+000
  1.0080904204202750E+000  1.0083634872126157E+000  1.0086206645565556E+000  1.0088614825789812E+000  1.0090855017880573E+000
  1.0092923135819134E+000  1.0094815410977260E+000  1.0096528398435738E+000  1.0098058982621496E+000  1.0099404381758172E+000
  1.0100562151798991E+000  1.0101530190413641E+000  1.0102306740195799E+000  1.0102890391132799E+000  1.0103280083019859E+000
  1.0103475107324438E+000  1.0103475107324542E+000  1.0103280083020161E+000  1.0102890391133319E+000  1.0102306740196556E+000
  1.0101530190414558E+000  1.0100562151800085E+000  1.0099404381759456E+000  1.0098058982622919E+000  1.0096528398437288E+000
  1.0094815410978917E+000  1.0092923135820915E+000  1.0090855017882430E+000  1.0088614825791744E+000  1.0086206645567575E+000
  1.0083634872128211E+000  1.0080904204204866E+000  1.0078019634859348E+000  1.0074986445898890E+000  1.0071810203185618E+000
  1.0068496750454443E+000  1.0065052204408516E+000  1.0061482926195016E+000  1.0057795496590647E+000  1.0053996736312727E+000
  1.0050093692222808E+000  1.0046093600590233E+000  1.0042003907456787E+000  1.0037832234440673E+000  1.0033586372486167E+000
  1.0029274269916786E+000  1.0024904015566294E+000  1.0020483830210469E+000  1.0016022037704433E+000  1.0011527078073732E+000
  1.0007007437255551E+000  1.0001244892348673E+000  9.9989589251935584E-001  9.9933862785172667E-001  9.9888538455336051E-001
  9.9843398965043584E-001  9.9798531317343997E-001  9.9754022082642591E-001  9.9709957175182540E-001  9.9666421804895844E-001
  9.9623500200949489E-001  9.9581275577540795E-001  9.9539829854831585E-001  9.9499243554850481E-001  9.9459595677810886E-001
  9.9420963374538907E-001  9.9383422033579849E-001  9.9347044940797102E-001  9.9311903095983300E-001  9.9278065331014353E-001
  9.9245597944722053E-001  9.9214564485984158E-001  9.9185025913883496E-001  9.9157040466624813E-001  9.9130663285287079E-001
  9.9105946240959963E-001  9.9082937946829663E-001  9.9061683730853833E-001  9.9042225527616445E-001  9.9024601759945807E-001
  9.9008847245952170E-001  9.8994993125913089E-001  9.8983066799039798E-001  9.8973091866410201E-001  9.8965088080048369E-001
  9.8959071299661061E-001  9.8955053457675790E-001  9.8953042533079349E-001  9.8953042533079560E-001  9.8955053457675912E-001
  9.8959071299661683E-001  9.8965088080049002E-001  9.8973091866411245E-001  9.8983066799040842E-001  9.8994993125914521E-001
  9.9008847245953602E-001  9.9024601759947328E-001  9.9042225527618044E-001  9.9061683730855754E-001  9.9082937946831573E-001
  9.9105946240961840E-001  9.9130663285288845E-001  9.9157040466626356E-001  9.9185025913885094E-001  9.9214564485985379E-001
  9.9245597944723041E-001  9.9278065331014942E-001  9.9311903095983423E-001  9.9347044940796680E-001  9.9383422033578728E-001
  9.9420963374536997E-001  9.9459595677807744E-001  9.9499243554846595E-001  9.9539829854826611E-001  9.9581275577534822E-001
  9.9623500200942683E-001  9.9666421804887984E-001  9.9709957175173680E-001  9.9754022082632621E-001  9.9798531317333172E-001
  9.9843398965031660E-001  9.9888538455323217E-001  9.9933862785159311E-001  9.9989589251937094E-001
BLOCK 64   4.1094600364441840E+000
  1.0001262813926224E+000  1.0007130128427224E+000  1.0011736954615120E+000  1.0016318665650861E+000  1.0020866610748020E+000
  1.0025372183732688E+000  1.0029826900370997E+000  1.0034222378857929E+000  1.0038550370537420E+000  1.0042802774916197E+000
  1.0046971641438154E+000  1.0051049201591278E+000  1.0055027863952795E+000  1.0058900240341802E+000  1.0062659152899158E+000
  1.0066297649105258E+000  1.0069809009112201E+000  1.0073186757522421E+000  1.0076424666834667E+000  1.0079516781851492E+000
  1.0082457425994689E+000  1.0085241198923753E+000  1.0087862994684937E+000  1.0090318017305422E+000  1.0092601786531825E+000
  1.0094710140667407E+000  1.0096639239439886E+000  1.0098385570615047E+000  1.0099945955719229E+000  1.0101317555524374E+000
  1.0102497875652927E+000  1.0103484770715099E+000  1.0104276447948162E+000  1.0104871469360990E+000  1.0105268753591243E+000
  1.0105467577764444E+000  1.0105467577764553E+000  1.0105268753591590E+000  1.0104871469361540E+000  1.0104276447948906E+000
  1.0103484770716038E+000  1.0102497875654015E+000  1.0101317555525671E+000  1.0099945955720668E+000  1.0098385570616599E+000
  1.0096639239441578E+000  1.0094710140669205E+000  1.0092601786533719E+000  1.0090318017307380E+000  1.0087862994686989E+000
  1.0085241198925854E+000  1.0082457425996845E+000  1.0079516781853668E+000  1.0076424666836865E+000  1.0073186757524653E+000
  1.0069809009114405E+000  1.0066297649107447E+000  1.0062659152901323E+000  1.0058900240343942E+000  1.0055027863954882E+000
  1.0051049201593316E+000  1.0046971641440161E+000  1.0042802774918154E+000  1.0038550370539325E+000  1.0034222378859767E+000
  1.0029826900372809E+000  1.0025372183734440E+000  1.0020866610749728E+000  1.0016318665652491E+000  1.0011736954616699E+000
  1.0007130128428743E+000  1.0001262813927170E+000  9.9989321907615947E-001  9.9932464728367021E-001  9.9886267848761234E-001
  9.9840259799946862E-001  9.9794529290009892E-001  9.9749164515006150E-001  9.9704253074483828E-001  9.9659881763199076E-001
  9.9616136464584293E-001  9.9573101930269370E-001  9.9530861659228032E-001  9.9489497709202301E-001  9.9449090511213412E-001
  9.9409718787869483E-001  9.9371459247278637E-001  9.9334386593735891E-001  9.9298573255107769E-001  9.9264089222150009E-001
  9.9231002064123186E-001  9.9199376587904864E-001  9.9169274771727323E-001  9.9140755796425573E-001  9.9113875724665690E-001
  9.9088687368757278E-001  9.9065240389985221E-001  9.9043581143659076E-001  9.9023752378031804E-001  9.9005793131471220E-001
  9.8989738775208758E-001  9.8975621000636771E-001  9.8963467726339649E-001  9.8953303002090731E-001  9.8945146946622553E-001
  9.8939015709067546E-001  9.8934921439444479E-001  9.8932872263633598E-001  9.8932872263633320E-001  9.8934921439444967E-001
  9.8939015709067435E-001  9.8945146946622786E-001  9.8953303002091098E-001  9.8963467726340049E-001  9.8975621000637315E-001
  9.8989738775209379E-001  9.9005793131471853E-001  9.9023752378032659E-001  9.9043581143659765E-001  9.9065240389986231E-001
  9.9088687368757844E-001  9.9113875724666389E-001  9.9140755796426572E-001  9.9169274771727844E-001  9.9199376587905475E-001
  9.9231002064123597E-001  9.9264089222149732E-001  9.9298573255106903E-001  9.9334386593734247E-001  9.9371459247276672E-001
  9.9409718787866652E-001  9.9449090511209792E-001  9.9489497709197916E-001  9.9530861659222636E-001  9.9573101930263042E-001
  9.9616136464576999E-001  9.9659881763190927E-001  9.9704253074474392E-001  9.9749164514995881E-001  9.9794529289998746E-001
  9.9840259799935027E-001  9.9886267848748356E-001  9.9932464728353598E-001  9.9989321907616857E-001
BLOCK 65   4.1746895608321699E+000
  1.0001280955825143E+000  1.0007255390618042E+000  1.0011951548402389E+000  1.0016622148288403E+000  1.0021258370442496E+000
  1.0025851439541342E+000  1.0030392705846147E+000  1.0034873621038118E+000  1.0039285777054918E+000  1.0043620909406499E+000
  1.0047870913968819E+000  1.0052027865316657E+000  1.0056084024856022E+000  1.0060031858062841E+000  1.0063864041142363E+000
  1.0067573490257511E+000  1.0071153342497987E+000  1.0074596993483069E+000  1.0077898098418181E+000  1.0081050582479498E+000
  1.0084048658413209E+000  1.0086886826038319E+000  1.0089559880282368E+000  1.0092062928681746E+000  1.0094391393743263E+000
  1.0096541017401806E+000  1.0098507875124920E+000  1.0100288384608533E+000  1.0101879309088655E+000  1.0103277757488998E+000
  1.0104481187626755E+000  1.0105487410816352E+000  1.0106294596370133E+000  1.0106901275462219E+000  1.0107306343838265E+000
  1.0107509063755997E+000  1.0107509063756099E+000  1.0107306343838589E+000  1.0106901275462745E+000  1.0106294596370866E+000
  1.0105487410817262E+000  1.0104481187627883E+000  1.0103277757490270E+000  1.0101879309090092E+000  1.0100288384610088E+000
  1.0098507875126606E+000  1.0096541017403622E+000  1.0094391393745186E+000  1.0092062928683763E+000  1.0089559880284440E+000
  1.0086886826040475E+000  1.0084048658415394E+000  1.0081050582481696E+000  1.0077898098420424E+000  1.0074596993485287E+000
  1.0071153342500219E+000  1.0067573490259709E+000  1.0063864041144552E+000  1.0060031858065002E+000  1.0056084024858101E+000
  1.0052027865318707E+000  1.0047870913970847E+000  1.0043620909408493E+000  1.0039285777056857E+000  1.0034873621039995E+000
  1.0030392705847975E+000  1.0025851439543134E+000  1.0021258370444237E+000  1.0016622148290089E+000  1.0011951548403997E+000
  1.0007255390619583E+000  1.0001280955826095E+000  9.9989045745923333E-001  9.9931027814104212E-001  9.9883936945914098E-001
  9.9837039042154729E-001  9.9790424517225473E-001  9.9744183283775001E-001  9.9698404604982849E-001  9.9653176960906142E-001
  9.9608587855581687E-001  9.9564723676771205E-001  9.9521669505229937E-001  9.9479508952058560E-001  9.9438324007554080E-001
  9.9398194823608166E-001  9.9359199634749751E-001  9.9321414488583659E-001  9.9284913198870706E-001  9.9249767129616606E-001
  9.9216045023868826E-001  9.9183812976098362E-001  9.9153134143945965E-001  9.9124068704758206E-001  9.9096673789707301E-001
  9.9071003204908814E-001  9.9047107429790604E-001  9.9025033587984646E-001  9.9004825183216472E-001  9.8986522030594604E-001
  9.8970160317621825E-001  9.8955772452377855E-001  9.8943386844306125E-001  9.8933027870311685E-001  9.8924715942303676E-001
  9.8918467504943397E-001  9.8914294961301286E-001  9.8912206607592978E-001  9.8912206607593456E-001  9.8914294961300864E-001
  9.8918467504943386E-001  9.8924715942303509E-001  9.8933027870311419E-001  9.8943386844305869E-001  9.8955772452377555E-001
  9.8970160317621525E-001  9.8986522030594404E-001  9.9004825183216150E-001  9.9025033587984834E-001  9.9047107429790693E-001
  9.9071003204908947E-001  9.9096673789707446E-001  9.9124068704758184E-001  9.9153134143945654E-001  9.9183812976097330E-001
  9.9216045023867738E-001  9.9249767129615163E-001  9.9284913198868685E-001  9.9321414488581361E-001  9.9359199634746620E-001
  9.9398194823604469E-001  9.9438324007549650E-001  9.9479508952053353E-001  9.9521669505223875E-001  9.9564723676764222E-001
  9.9608587855573971E-001  9.9653176960897405E-001  9.9698404604973379E-001  9.9744183283764654E-001  9.9790424517214582E-001
  9.9837039042142917E-001  9.9883936945901564E-001  9.9931027814090689E-001  9.9989045745923455E-001
BLOCK 66   4.2399190852201558E+000
  1.0001299327143893E+000  1.0007383282625077E+000  1.0012170961026083E+000  1.0016932629546729E+000  1.0021659295071812E+000
  1.0026342008052185E+000  1.0030971948587106E+000  1.0035540398898934E+000  1.0040038785881005E+000  1.0044458682124826E+000
  1.0048791822484839E+000  1.0053030125548073E+000  1.0057165695832444E+000  1.0061190849625734E+000  1.0065098117975717E+000
  1.0068880273075236E+000  1.0072530317028070E+000  1.0076041509306393E+000  1.0079407379617709E+000  1.0082621734051715E+000
  1.0085678665116917E+000  1.0088572565018892E+000  1.0091298127789781E+000  1.0093850362324062E+000  1.0096224602180937E+000
  1.0098416506012919E+000  1.0100422068851285E+000  1.0102237631436182E+000  1.0103859882195478E+000  1.0105285863551290E+000
  1.0106512980435380E+000  1.0107539004615540E+000  1.0108362074414443E+000  1.0108980694396070E+000  1.0109393737785568E+000
  1.0109600449891867E+000  1.0109600449891969E+000  1.0109393737785859E+000  1.0108980694396588E+000  1.0108362074415129E+000
  1.0107539004616410E+000  1.0106512980436457E+000  1.0105285863552533E+000  1.0103859882196888E+000  1.0102237631437756E+000
  1.0100422068852999E+000  1.0098416506014749E+000  1.0096224602182897E+000  1.0093850362326100E+000  1.0091298127791872E+000
  1.0088572565021052E+000  1.0085678665119131E+000  1.0082621734053943E+000  1.0079407379619965E+000  1.0076041509308655E+000
  1.0072530317030277E+000  1.0068880273077441E+000  1.0065098117977915E+000  1.0061190849627917E+000  1.0057165695834600E+000
  1.0053030125550195E+000  1.0048791822486911E+000  1.0044458682126869E+000  1.0040038785882981E+000  1.0035540398900857E+000
  1.0030971948588983E+000  1.0026342008054023E+000  1.0021659295073577E+000  1.0016932629548430E+000  1.0012170961027731E+000
  1.0007383282626625E+000  1.0001299327144870E+000  9.9988760666736742E-001  9.9929551421572282E-001  9.9881544745452577E-001
  9.9833735271161217E-001  9.9786215181815663E-001  9.9739076126460047E-001  9.9692409107326629E-001  9.9646304301741462E-001
  9.9600850901548343E-001  9.9556136943137619E-001  9.9512249131241370E-001  9.9469272681317555E-001  9.9427291121353423E-001
  9.9386386164100526E-001  9.9346637479544753E-001  9.9308122609069127E-001  9.9270916724838487E-001  9.9235092540480374E-001
  9.9200720134450848E-001  9.9167866774099855E-001  9.9136596866446880E-001  9.9106971712051173E-001  9.9079049449556078E-001
  9.9052884954658182E-001  9.9028529618799310E-001  9.9006031360075497E-001  9.8985434506600867E-001  9.8966779600409904E-001
  9.8950103428039282E-001  9.8935438958295308E-001  9.8922815143276155E-001  9.8912256902854856E-001  9.8903785168913139E-001
  9.8897416758157819E-001  9.8893164227748809E-001  9.8891035888251333E-001  9.8891035888250789E-001  9.8893164227748742E-001
  9.8897416758156964E-001  9.8903785168912672E-001  9.8912256902854079E-001  9.8922815143275133E-001  9.8935438958294519E-001
  9.8950103428038361E-001  9.8966779600408883E-001  9.8985434506600178E-001  9.9006031360074731E-001  9.9028529618798689E-001
  9.9052884954657372E-001  9.9079049449554968E-001  9.9106971712049774E-001  9.9136596866445215E-001  9.9167866774097913E-001
  9.9200720134448384E-001  9.9235092540477732E-001  9.9270916724835412E-001  9.9308122609065275E-001  9.9346637479540656E-001
  9.9386386164095852E-001  9.9427291121348127E-001  9.9469272681311505E-001  9.9512249131234598E-001  9.9556136943130258E-001
  9.9600850901540150E-001  9.9646304301732724E-001  9.9692409107317081E-001  9.9739076126449866E-001  9.9786215181804439E-001
  9.9833735271149349E-001  9.9881544745439821E-001  9.9929551421558971E-001  9.9988760666736054E-001
BLOCK 67   4.3051486096081417E+000
  1.0001317939942955E+000  1.0007513869937013E+000  1.0012395298706165E+000  1.0017250255280985E+000  1.0022069568661438E+000
  1.0026844112094200E+000  1.0031564892375842E+000  1.0036223017696944E+000  1.0040809745687698E+000  1.0045316479394286E+000
  1.0049734791414064E+000  1.0054056436700394E+000  1.0058273363543471E+000  1.0062377733325125E+000  1.0066361928648728E+000
  1.0070218576546148E+000  1.0073940535929142E+000  1.0077520933287503E+000  1.0080953165307136E+000  1.0084230914352925E+000
  1.0087348153862388E+000  1.0090299160372809E+000  1.0093078523548036E+000  1.0095681151211777E+000  1.0098102281587520E+000
  1.0100337488856030E+000  1.0102382688145541E+000  1.0104234146333797E+000  1.0105888485560945E+000  1.0107342686452558E+000
  1.0108594096944568E+000  1.0109640436514093E+000  1.0110479798578660E+000  1.0111110655203266E+000  1.0111531861559477E+000
  1.0111742656057021E+000  1.0111742656057099E+000  1.0111531861559766E+000  1.0111110655203732E+000  1.0110479798579330E+000
  1.0109640436514946E+000  1.0108594096945613E+000  1.0107342686453769E+000  1.0105888485562329E+000  1.0104234146335340E+000
  1.0102382688147220E+000  1.0100337488857847E+000  1.0098102281589458E+000  1.0095681151213822E+000  1.0093078523550147E+000
  1.0090299160374996E+000  1.0087348153864590E+000  1.0084230914355159E+000  1.0080953165309376E+000  1.0077520933289772E+000
  1.0073940535931420E+000  1.0070218576548404E+000  1.0066361928650984E+000  1.0062377733327343E+000  1.0058273363545660E+000
  1.0054056436702556E+000  1.0049734791416198E+000  1.0045316479396402E+000  1.0040809745689772E+000  1.0036223017698931E+000
  1.0031564892377782E+000  1.0026844112096063E+000  1.0022069568663228E+000  1.0017250255282717E+000  1.0012395298707806E+000
  1.0007513869938582E+000  1.0001317939943939E+000  9.9988466581917268E-001  9.9928034915713004E-001  9.9879090181512509E-001
  9.9830347010527332E-001  9.9781899393730156E-001  9.9733840761820092E-001  9.9686263882578408E-001  9.9639260678230557E-001
  9.9592922064431766E-001  9.9547337770847577E-001  9.9502596177784963E-001  9.9458784121233801E-001  9.9415986742731199E-001
  9.9374287284509388E-001  9.9333766965651538E-001  9.9294504764351532E-001  9.9256577312006611E-001  9.9220058683245049E-001
  9.9185020276092906E-001  9.9151530664020104E-001  9.9119655414851249E-001  9.9089457027613237E-001  9.9060994719751616E-001
  9.9034324360170756E-001  9.9009498360118509E-001  9.8986565489971468E-001  9.8965570873188813E-001  9.8946555846316764E-001
  9.8929557833407489E-001  9.8914610371163825E-001  9.8901742971912721E-001  9.8890980993706878E-001  9.8882345678745620E-001
  9.8875854114007100E-001  9.8871519156109311E-001  9.8869349465686829E-001  9.8869349465686740E-001  9.8871519156108389E-001
  9.8875854114006811E-001  9.8882345678744299E-001  9.8890980993706024E-001  9.8901742971911288E-001  9.8914610371162615E-001
  9.8929557833406401E-001  9.8946555846315498E-001  9.8965570873187136E-001  9.8986565489969947E-001  9.9009498360116677E-001
  9.9034324360168757E-001  9.9060994719749373E-001  9.9089457027610606E-001  9.9119655414848451E-001  9.9151530664017151E-001
  9.9185020276089375E-001  9.9220058683241164E-001  9.9256577312002303E-001  9.9294504764346492E-001  9.9333766965646075E-001
  9.9374287284503648E-001  9.9415986742724960E-001  9.9458784121227017E-001  9.9502596177777802E-001  9.9547337770839972E-001
  9.9592922064423461E-001  9.9639260678221486E-001  9.9686263882568815E-001  9.9733840761809611E-001  9.9781899393719053E-001
  9.9830347010515186E-001  9.9879090181499730E-001  9.9928034915699337E-001  9.9988466581915936E-001
BLOCK 68   4.3703781339961276E+000
  1.0001336805900496E+000  1.0007647214976196E+000  1.0012624665551184E+000  1.0017575172624908E+000  1.0022489382715274E+000
  1.0027357986903764E+000  1.0032171813911701E+000  1.0036921793730724E+000  1.0041599009710409E+000  1.0046194692353112E+000
  1.0050700245261632E+000  1.0055107260038960E+000  1.0059407523955364E+000  1.0063593039898713E+000  1.0067656043531652E+000
  1.0071589000492922E+000  1.0075384631179101E+000  1.0079035920957125E+000  1.0082536135039202E+000  1.0085878827633057E+000
  1.0089057850496210E+000  1.0092067362921999E+000  1.0094901843349025E+000  1.0097556097722449E+000  1.0100025266192518E+000
  1.0102304833170108E+000  1.0104390632198572E+000  1.0106278852694217E+000  1.0107966048211934E+000  1.0109449139300375E+000
  1.0110725420360154E+000  1.0111792565694731E+000  1.0112648630431396E+000  1.0113292053223861E+000  1.0113721659338795E+000
  1.0113936661658667E+000  1.0113936661658767E+000  1.0113721659339086E+000  1.0113292053224336E+000  1.0112648630432055E+000
  1.0111792565695581E+000  1.0110725420361171E+000  1.0109449139301574E+000  1.0107966048213286E+000  1.0106278852695734E+000
  1.0104390632200246E+000  1.0102304833171900E+000  1.0100025266194432E+000  1.0097556097724438E+000  1.0094901843351110E+000
  1.0092067362924155E+000  1.0089057850498431E+000  1.0085878827635304E+000  1.0082536135041476E+000  1.0079035920959412E+000
  1.0075384631181399E+000  1.0071589000495211E+000  1.0067656043533932E+000  1.0063593039901007E+000  1.0059407523957613E+000
  1.0055107260041187E+000  1.0050700245263831E+000  1.0046194692355279E+000  1.0041599009712505E+000  1.0036921793732767E+000
  1.0032171813913655E+000  1.0027357986905672E+000  1.0022489382717106E+000  1.0017575172626647E+000  1.0012624665552852E+000
  1.0007647214977762E+000  1.0001336805901486E+000  9.9988163410043374E-001  9.9926477691573112E-001  9.9876572211917869E-001
  9.9826872774758202E-001  9.9777475221652301E-001  9.9728474816525914E-001  9.9679966129983655E-001  9.9632042872839133E-001
  9.9584797717986051E-001  9.9538322136442792E-001  9.9492706203500236E-001  9.9448038439772313E-001  9.9404405606506419E-001
  9.9361892563354492E-001  9.9320582060288265E-001  9.9280554607409188E-001  9.9241888268397382E-001  9.9204658541071455E-001
  9.9168938173517340E-001  9.9134797026293298E-001  9.9102301939205217E-001  9.9071516551798411E-001  9.9042501230116486E-001
  9.9015312882085016E-001  9.8990004882500948E-001  9.8966626970048888E-001  9.8945225086119759E-001  9.8925841335397124E-001
  9.8908513830510147E-001  9.8893276620617110E-001  9.8880159742030549E-001  9.8869189109772482E-001  9.8860386419908619E-001
  9.8853769102671540E-001  9.8849350238096645E-001  9.8847138580835947E-001  9.8847138580835392E-001  9.8849350238096390E-001
  9.8853769102670630E-001  9.8860386419907886E-001  9.8869189109770972E-001  9.8880159742029339E-001  9.8893276620615111E-001
  9.8908513830508327E-001  9.8925841335395071E-001  9.8945225086117428E-001  9.8966626970046234E-001  9.8990004882498195E-001
  9.9015312882081785E-001  9.9042501230112834E-001  9.9071516551794725E-001  9.9102301939200943E-001  9.9134797026288579E-001
  9.9168938173512278E-001  9.9204658541066093E-001  9.9241888268391687E-001  9.9280554607403293E-001  9.9320582060281692E-001
  9.9361892563347942E-001  9.9404405606499591E-001  9.9448038439764708E-001  9.9492706203492298E-001  9.9538322136434498E-001
  9.9584797717977314E-001  9.9632042872829851E-001  9.9679966129973652E-001  9.9728474816515456E-001  9.9777475221640910E-001
  9.9826872774746256E-001  9.9876572211904890E-001  9.9926477691559490E-001  9.9988163410041275E-001
BLOCK 69   4.4356076583841135E+000
  1.0001355936787730E+000  1.0007783386405285E+000  1.0012859175098572E+000  1.0017907538759827E+000  1.0022918936436982E+000
  1.0027883872417247E+000  1.0032792992304860E+000  1.0037637044128198E+000  1.0042406934724315E+000  1.0047093717284221E+000
  1.0051688624682349E+000  1.0056183076925942E+000  1.0060568695293728E+000  1.0064837323197340E+000  1.0068981038148934E+000
  1.0072992153775326E+000  1.0076863240195686E+000  1.0080587143821704E+000  1.0084156990854283E+000  1.0087566204017655E+000
  1.0090808509338305E+000  1.0093877947709211E+000  1.0096768885103962E+000  1.0099476021019209E+000  1.0101994395607969E+000
  1.0104319398475590E+000  1.0106446778361240E+000  1.0108372648345543E+000  1.0110093493165562E+000  1.0111606174113978E+000
  1.0112907931096031E+000  1.0113996387718829E+000  1.0114869554987294E+000  1.0115525835053742E+000  1.0115964026476327E+000
  1.0116183325516093E+000  1.0116183325516199E+000  1.0115964026476625E+000  1.0115525835054215E+000  1.0114869554987962E+000
  1.0113996387719690E+000  1.0112907931097084E+000  1.0111606174115180E+000  1.0110093493166914E+000  1.0108372648347022E+000
  1.0106446778362850E+000  1.0104319398477331E+000  1.0101994395609830E+000  1.0099476021021174E+000  1.0096768885106011E+000
  1.0093877947711329E+000  1.0090808509340496E+000  1.0087566204019902E+000  1.0084156990856583E+000  1.0080587143824031E+000
  1.0076863240198031E+000  1.0072992153777680E+000  1.0068981038151281E+000  1.0064837323199671E+000  1.0060568695296046E+000
  1.0056183076928213E+000  1.0051688624684585E+000  1.0047093717286415E+000  1.0042406934726462E+000  1.0037637044130270E+000
  1.0032792992306845E+000  1.0027883872419177E+000  1.0022918936438847E+000  1.0017907538761590E+000  1.0012859175100253E+000
  1.0007783386406899E+000  1.0001355936788723E+000  9.9987851047398602E-001  9.9924879076510864E-001  9.9873989739150681E-001
  9.9823311038760765E-001  9.9772940714239000E-001  9.9722975892915477E-001  9.9673513005719727E-001  9.9624647588497361E-001
  9.9576474130541270E-001  9.9529085872355649E-001  9.9482574642058608E-001  9.9437030657383985E-001  9.9392542366857262E-001
  9.9349196246903837E-001  9.9307076654698523E-001  9.9266265626011485E-001  9.9226842736358301E-001  9.9188884910919761E-001
  9.9152466287816532E-001  9.9117658053266922E-001  9.9084528297763708E-001  9.9053141902909170E-001  9.9023560367948404E-001
  9.8995841710931110E-001  9.8970040279440430E-001  9.8946206670153536E-001  9.8924387674630165E-001  9.8904626180365840E-001
  9.8886961110969362E-001  9.8871427240833698E-001  9.8858055132804268E-001  9.8846871166568240E-001  9.8837897404842057E-001
  9.8831151526366245E-001  9.8826646845600230E-001  9.8824392270315797E-001  9.8824392270315864E-001  9.8826646845599730E-001
  9.8831151526365912E-001  9.8837897404840980E-001  9.8846871166567429E-001  9.8858055132802047E-001  9.8871427240831578E-001
  9.8886961110966509E-001  9.8904626180362754E-001  9.8924387674626901E-001  9.8946206670149905E-001  9.8970040279436411E-001
  9.8995841710926635E-001  9.9023560367943730E-001  9.9053141902903874E-001  9.9084528297758356E-001  9.9117658053261004E-001
  9.9152466287810292E-001  9.9188884910913255E-001  9.9226842736351673E-001  9.9266265626004269E-001  9.9307076654691329E-001
  9.9349196246896376E-001  9.9392542366849512E-001  9.9437030657375669E-001  9.9482574642049904E-001  9.9529085872346634E-001
  9.9576474130531900E-001  9.9624647588487314E-001  9.9673513005709302E-001  9.9722975892904298E-001  9.9772940714227487E-001
  9.9823311038748552E-001  9.9873989739137947E-001  9.9924879076497308E-001  9.9987851047395737E-001
BLOCK 70   4.5008371827720994E+000
  1.0001375347075734E+000  1.0007922456615970E+000  1.0013098942943377E+000  1.0018247510783826E+000  1.0023358428420928E+000
  1.0028422009753524E+000  1.0033428713472774E+000  1.0038369100866955E+000  1.0043233895309571E+000  1.0048013969987932E+000
  1.0052700380971502E+000  1.0057284373582647E+000  1.0061757401175537E+000  1.0066111139866170E+000  1.0070337509660627E+000
  1.0074428664124373E+000  1.0078377024601008E+000  1.0082175290324535E+000  1.0085816449070086E+000  1.0089293787377691E+000
  1.0092600902866069E+000  1.0095731713293943E+000  1.0098680467688941E+000  1.0101441756295009E+000  1.0104010519109428E+000
  1.0106382054222074E+000  1.0108552025018291E+000  1.0110516465064974E+000  1.0112271783032807E+000  1.0113814770798182E+000
  1.0115142609020764E+000  1.0116252871004681E+000  1.0117143527786532E+000  1.0117812951135703E+000  1.0118259916763785E+000
  1.0118483606374833E+000  1.0118483606374944E+000  1.0118259916764096E+000  1.0117812951136189E+000  1.0117143527787209E+000
  1.0116252871005516E+000  1.0115142609021779E+000  1.0113814770799334E+000  1.0112271783034117E+000  1.0110516465066437E+000
  1.0108552025019886E+000  1.0106382054223768E+000  1.0104010519111237E+000  1.0101441756296929E+000  1.0098680467690941E+000
  1.0095731713296046E+000  1.0092600902868241E+000  1.0089293787379956E+000  1.0085816449072402E+000  1.0082175290326907E+000
  1.0078377024603409E+000  1.0074428664126804E+000  1.0070337509663063E+000  1.0066111139868568E+000  1.0061757401177913E+000
  1.0057284373584989E+000  1.0052700380973787E+000  1.0048013969990179E+000  1.0043233895311734E+000  1.0038369100869036E+000
  1.0033428713474799E+000  1.0028422009755495E+000  1.0023358428422811E+000  1.0018247510785614E+000  1.0013098942945049E+000
  1.0007922456617571E+000  1.0001375347076742E+000  9.9987529410473874E-001  9.9923238419831917E-001  9.9871341635495714E-001
  9.9819660209690697E-001  9.9768293814312725E-001  9.9717341495913014E-001  9.9666901576311739E-001  9.9617071469795493E-001
  9.9567947505114662E-001  9.9519624750573976E-001  9.9472196815168967E-001  9.9425755681589401E-001  9.9380391504170962E-001
  9.9336192442592075E-001  9.9293244460945373E-001  9.9251631178922473E-001  9.9211433684001959E-001  9.9172730395012287E-001
  9.9135596886052801E-001  9.9100105725062615E-001  9.9066326296862794E-001  9.9034324647099159E-001  9.9004163401827694E-001
  9.8975901644482456E-001  9.8949594822349107E-001  9.8925294555367471E-001  9.8903048541072291E-001  9.8882900497801884E-001
  9.8864890037017039E-001  9.8849052578111807E-001  9.8835419246925171E-001  9.8824016867604392E-001  9.8814867904671955E-001
  9.8807990340623431E-001  9.8803397727303111E-001  9.8801099157499428E-001  9.8801099157499328E-001  9.8803397727302622E-001
  9.8807990340622065E-001  9.8814867904671000E-001  9.8824016867602071E-001  9.8835419246923273E-001  9.8849052578108931E-001
  9.8864890037014397E-001  9.8882900497797965E-001  9.8903048541067862E-001  9.8925294555362775E-001  9.8949594822343823E-001
  9.8975901644476982E-001  9.9004163401821688E-001  9.9034324647092609E-001  9.9066326296856078E-001  9.9100105725055354E-001
  9.9135596886045407E-001  9.9172730395004716E-001  9.9211433683994099E-001  9.9251631178914246E-001  9.9293244460936980E-001
  9.9336192442583549E-001  9.9380391504161980E-001  9.9425755681580397E-001  9.9472196815159608E-001  9.9519624750564328E-001
  9.9567947505104482E-001  9.9617071469784912E-001  9.9666901576300759E-001  9.9717341495901812E-001  9.9768293814300746E-001
  9.9819660209678296E-001  9.9871341635482402E-001  9.9923238419817983E-001  9.9987529410470322E-001
BLOCK 71   4.5660667071600853E+000
  1.0001395048868642E+000  1.0008064493509237E+000  1.0013344083517108E+000  1.0018595251481899E+000  1.0023808069078395E+000
  1.0028972655068413E+000  1.0034079276608876E+000  1.0039118303010133E+000  1.0044080271565532E+000  1.0048955869159701E+000
  1.0053735970356110E+000  1.0058411644593803E+000  1.0062974173302237E+000  1.0067415066489969E+000  1.0071726070146267E+000
  1.0075899179669450E+000  1.0079926662988994E+000  1.0083801071889453E+000  1.0087515247719974E+000  1.0091062339144721E+000
  1.0094435811745914E+000  1.0097629460712332E+000  1.0100637418895335E+000  1.0103454166477976E+000  1.0106074538666086E+000
  1.0108493733754684E+000  1.0110707321751218E+000  1.0112711251338833E+000  1.0114501856206655E+000  1.0116075861813620E+000
  1.0117430391712285E+000  1.0118562970582894E+000  1.0119471528517761E+000  1.0120154405610184E+000  1.0120610353726212E+000
  1.0120838538352577E+000  1.0120838538352666E+000  1.0120610353726467E+000  1.0120154405610651E+000  1.0119471528518400E+000
  1.0118562970583724E+000  1.0117430391713262E+000  1.0116075861814740E+000  1.0114501856207916E+000  1.0112711251340258E+000
  1.0110707321752754E+000  1.0108493733756341E+000  1.0106074538667869E+000  1.0103454166479870E+000  1.0100637418897351E+000
  1.0097629460714401E+000  1.0094435811748084E+000  1.0091062339146986E+000  1.0087515247722312E+000  1.0083801071891836E+000
  1.0079926662991405E+000  1.0075899179671899E+000  1.0071726070148737E+000  1.0067415066492418E+000  1.0062974173304664E+000
  1.0058411644596188E+000  1.0053735970358479E+000  1.0048955869161991E+000  1.0044080271567744E+000  1.0039118303012269E+000
  1.0034079276610905E+000  1.0028972655070378E+000  1.0023808069080269E+000  1.0018595251483660E+000  1.0013344083518803E+000
  1.0008064493510875E+000  1.0001395048869672E+000  9.9987198402573541E-001  9.9921555061166079E-001  9.9868626781732950E-001
  9.9815918688335314E-001  9.9763532448605452E-001  9.9711569069256989E-001  9.9660128821360816E-001  9.9609311029808711E-001
  9.9559213920801204E-001  9.9509934418009882E-001  9.9461567965593589E-001  9.9414208323565689E-001  9.9367947400915924E-001
  9.9322875064120308E-001  9.9279078976756341E-001  9.9236644396645901E-001  9.9195653992255151E-001  9.9156187643603455E-001
  9.9118322314307905E-001  9.9082131924590700E-001  9.9047687204765955E-001  9.9015055524077200E-001  9.8984300729639407E-001
  9.8955483063067950E-001  9.8928659010625686E-001  9.8903881178360908E-001  9.8881198156119432E-001  9.8860654462612207E-001
  9.8842290447436087E-001  9.8826142153081509E-001  9.8812241306469417E-001  9.8800615236649336E-001  9.8791286792232347E-001
  9.8784274324940136E-001  9.8779591643574138E-001  9.8777247983065231E-001  9.8777247983064997E-001  9.8779591643573150E-001
  9.8784274324939014E-001  9.8791286792229971E-001  9.8800615236647127E-001  9.8812241306466120E-001  9.8826142153078311E-001
  9.8842290447432180E-001  9.8860654462607811E-001  9.8881198156114491E-001  9.8903881178355435E-001  9.8928659010619846E-001
  9.8955483063061034E-001  9.8984300729631824E-001  9.9015055524069528E-001  9.9047687204757895E-001  9.9082131924582606E-001
  9.9118322314299256E-001  9.9156187643594584E-001  9.9195653992246025E-001  9.9236644396636742E-001  9.9279078976746893E-001
  9.9322875064110727E-001  9.9367947400905987E-001  9.9414208323555719E-001  9.9461567965583331E-001  9.9509934417999335E-001
  9.9559213920790524E-001  9.9609311029797842E-001  9.9660128821349281E-001  9.9711569069244954E-001  9.9763532448593040E-001
  9.9815918688322114E-001  9.9868626781719227E-001  9.9921555061151968E-001  9.9987198402568944E-001
BLOCK 72   4.6312962315480712E+000
  1.0001415055797045E+000  1.0008209572599693E+000  1.0013594720431924E+000  1.0018950930475652E+000  1.0024268073389950E+000
  1.0029536067611426E+000  1.0034744982711499E+000  1.0039884993460582E+000  1.0044946447067347E+000  1.0049919840602592E+000
  1.0054795865259911E+000  1.0059565407125768E+000  1.0064219567936572E+000  1.0068749689362602E+000  1.0073147340705959E+000
  1.0077404357095114E+000  1.0081512845264471E+000  1.0085465204080184E+000  1.0089254130980942E+000  1.0092872635380610E+000
  1.0096314051537385E+000  1.0099572045915983E+000  1.0102640627908295E+000  1.0105514160224773E+000  1.0108187368850428E+000
  1.0110655351131463E+000  1.0112913584328025E+000  1.0114957933198667E+000  1.0116784656306603E+000  1.0118390412370450E+000
  1.0119772266078566E+000  1.0120927692169179E+000  1.0121854579077731E+000  1.0122551233274606E+000  1.0123016381096055E+000
  1.0123249170141040E+000  1.0123249170141140E+000  1.0123016381096333E+000  1.0122551233275046E+000  1.0121854579078340E+000
  1.0120927692169936E+000  1.0119772266079481E+000  1.0118390412371545E+000  1.0116784656307840E+000  1.0114957933200031E+000
  1.0112913584329541E+000  1.0110655351133082E+000  1.0108187368852191E+000  1.0105514160226678E+000  1.0102640627910298E+000
  1.0099572045918086E+000  1.0096314051539554E+000  1.0092872635382868E+000  1.0089254130983276E+000  1.0085465204082553E+000
  1.0081512845266887E+000  1.0077404357097559E+000  1.0073147340708437E+000  1.0068749689365093E+000  1.0064219567939028E+000
  1.0059565407128210E+000  1.0054795865262316E+000  1.0049919840604935E+000  1.0044946447069618E+000  1.0039884993462760E+000
  1.0034744982713573E+000  1.0029536067613414E+000  1.0024268073391851E+000  1.0018950930477470E+000  1.0013594720433632E+000
  1.0008209572601330E+000  1.0001415055798100E+000  9.9986857908851778E-001  9.9919828267088018E-001  9.9865843966818435E-001
  9.9812084808844370E-001  9.9758654493510523E-001  9.9705656037964974E-001  9.9653191696086485E-001  9.9601362755198042E-001
  9.9550269366896904E-001  9.9500010366666714E-001  9.9450683083794600E-001  9.9402383151334206E-001  9.9355204287050669E-001
  9.9309238097837227E-001  9.9264573892974750E-001  9.9221298543900460E-001  9.9179496306151727E-001  9.9139248637541133E-001
  9.9100634015251388E-001  9.9063727805870605E-001  9.9028602114217990E-001  9.8995325602708573E-001  9.8963963350658646E-001
  9.8934576733253643E-001  9.8907223309595083E-001  9.8881956652804859E-001  9.8858826277045220E-001  9.8837877538675944E-001
  9.8819151522910231E-001  9.8802684966428367E-001  9.8788510191335399E-001  9.8776655043370953E-001  9.8767142801255681E-001
  9.8759992173217026E-001  9.8755217241858939E-001  9.8752827402920074E-001  9.8752827402919430E-001  9.8755217241858262E-001
  9.8759992173215216E-001  9.8767142801253727E-001  9.8776655043367845E-001  9.8788510191332135E-001  9.8802684966424081E-001
  9.8819151522905169E-001  9.8837877538670427E-001  9.8858826277039147E-001  9.8881956652798453E-001  9.8907223309588099E-001
  9.8934576733246027E-001  9.8963963350650341E-001  9.8995325602700257E-001  9.9028602114209041E-001  9.9063727805860990E-001
  9.9100634015241551E-001  9.9139248637530808E-001  9.9179496306141401E-001  9.9221298543890279E-001  9.9264573892964258E-001
  9.9309238097826491E-001  9.9355204287040022E-001  9.9402383151323415E-001  9.9450683083783675E-001  9.9500010366655345E-001
  9.9550269366885380E-001  9.9601362755186174E-001  9.9653191696074217E-001  9.9705656037952395E-001  9.9758654493497323E-001
  9.9812084808830948E-001  9.9865843966804158E-001  9.9919828267073363E-001  9.9986857908846416E-001
BLOCK 73   4.6965257559360571E+000
  1.0001435382642114E+000  1.0008357770728920E+000  1.0013850977146672E+000  1.0019314716577046E+000  1.0024738654790428E+000
  1.0030112505773423E+000  1.0035426138984824E+000  1.0040669529224719E+000  1.0045832826751646E+000  1.0050906335300200E+000
  1.0055880556225660E+000  1.0060746186669063E+000  1.0065494147413636E+000  1.0070115602130656E+000  1.0074601947819459E+000
  1.0078944852622893E+000  1.0083136265259567E+000  1.0087168427483997E+000  1.0091033886479430E+000  1.0094725506478288E+000
  1.0098236480347176E+000  1.0101560342089173E+000  1.0104690975317119E+000  1.0107622625922883E+000  1.0110349910779295E+000
  1.0112867825715033E+000  1.0115171754004524E+000  1.0117257474814829E+000  1.0119121169852372E+000  1.0120759429237254E+000
  1.0122169257005613E+000  1.0123348075443575E+000  1.0124293729287119E+000  1.0125004489395002E+000  1.0125479055497750E+000
  1.0125716558153610E+000  1.0125716558153692E+000  1.0125479055497988E+000  1.0125004489395386E+000  1.0124293729287694E+000
  1.0123348075444305E+000  1.0122169257006484E+000  1.0120759429238284E+000  1.0119121169853555E+000  1.0117257474816141E+000
  1.0115171754006027E+000  1.0112867825716680E+000  1.0110349910781047E+000  1.0107622625924753E+000  1.0104690975319111E+000
  1.0101560342091276E+000  1.0098236480349350E+000  1.0094725506480560E+000  1.0091033886481773E+000  1.0087168427486390E+000
  1.0083136265261996E+000  1.0078944852625364E+000  1.0074601947821928E+000  1.0070115602133127E+000  1.0065494147416112E+000
  1.0060746186671510E+000  1.0055880556228070E+000  1.0050906335302550E+000  1.0045832826753938E+000  1.0040669529226924E+000
  1.0035426138986949E+000  1.0030112505775453E+000  1.0024738654792378E+000  1.0019314716578906E+000  1.0013850977148449E+000
  1.0008357770730607E+000  1.0001435382643176E+000  9.9986507829879268E-001  9.9918057337023269E-001  9.9862992001487516E-001
  9.9808156885584021E-001  9.9753657759103664E-001  9.9699599681294004E-001  9.9646086954552060E-001  9.9593222903971235E-001
  9.9541109698717301E-001  9.9489848123753555E-001  9.9439537396101130E-001  9.9390274981318316E-001  9.9342156419463379E-001
  9.9295275110648196E-001  9.9249722127462292E-001  9.9205586042090210E-001  9.9162952767094747E-001  9.9121905353878037E-001
  9.9082523817179202E-001  9.9044884985244142E-001  9.9009062345499510E-001  9.8975125870407943E-001  9.8943141874810314E-001
  9.8913172910885849E-001  9.8885277608024069E-001  9.8859510559376540E-001  9.8835922217856909E-001  9.8814558802012986E-001
  9.8795462171457138E-001  9.8778669769100380E-001  9.8764214544626394E-001  9.8752124852017231E-001  9.8742424439348131E-001
  9.8735132370377232E-001  9.8730262981250561E-001  9.8727825878144071E-001  9.8727825878144237E-001  9.8730262981248829E-001
  9.8735132370375522E-001  9.8742424439344945E-001  9.8752124852013312E-001  9.8764214544621909E-001  9.8778669769095240E-001
  9.8795462171451442E-001  9.8814558802006625E-001  9.8835922217849814E-001  9.8859510559368735E-001  9.8885277608016053E-001
  9.8913172910877090E-001  9.8943141874801621E-001  9.8975125870398573E-001  9.9009062345489551E-001  9.9044884985233639E-001
  9.9082523817168400E-001  9.9121905353867157E-001  9.9162952767083623E-001  9.9205586042078764E-001  9.9249722127450613E-001
  9.9295275110636461E-001  9.9342156419451733E-001  9.9390274981306825E-001  9.9439537396089195E-001  9.9489848123741398E-001
  9.9541109698704822E-001  9.9593222903958523E-001  9.9646086954539159E-001  9.9699599681280515E-001  9.9753657759090086E-001
  9.9808156885569699E-001  9.9862992001472861E-001  9.9918057337008070E-001  9.9986507829872906E-001
BLOCK 74   4.7617552803240430E+000
  1.0001456043479156E+000  1.0008509159751882E+000  1.0014112973687059E+000  1.0019686781548167E+000  1.0025220037572271E+000
  1.0030702246171992E+000  1.0036123070756509E+000  1.0041472279659402E+000  1.0046739822110238E+000  1.0051915802422076E+000
  1.0056990527648064E+000  1.0061954505385688E+000  1.0066798473334817E+000  1.0071513414493052E+000  1.0076090548965830E+000
  1.0080521374330431E+000  1.0084797671660557E+000  1.0088911522182520E+000  1.0092855316325902E+000  1.0096621769785057E+000
  1.0100203933179002E+000  1.0103595205197633E+000  1.0106789343266529E+000  1.0109780473317971E+000  1.0112563100705005E+000
  1.0115132117977994E+000  1.0117482813548357E+000  1.0119610879695373E+000  1.0121512418970748E+000  1.0123183949988255E+000
  1.0124622413548845E+000  1.0125825178025472E+000  1.0126790043441960E+000  1.0127515244442085E+000  1.0127999453227541E+000
  1.0128241782059955E+000  1.0128241782060041E+000  1.0127999453227756E+000  1.0127515244442460E+000  1.0126790043442495E+000
  1.0125825178026144E+000  1.0124622413549695E+000  1.0123183949989254E+000  1.0121512418971879E+000  1.0119610879696690E+000
  1.0117482813549818E+000  1.0115132117979604E+000  1.0112563100706746E+000  1.0109780473319836E+000  1.0106789343268525E+000
  1.0103595205199707E+000  1.0100203933181195E+000  1.0096621769787328E+000  1.0092855316328249E+000  1.0088911522184927E+000
  1.0084797671663019E+000  1.0080521374332903E+000  1.0076090548968319E+000  1.0071513414495514E+000  1.0066798473337275E+000
  1.0061954505388122E+000  1.0056990527650447E+000  1.0051915802424440E+000  1.0046739822112529E+000  1.0041472279661645E+000
  1.0036123070758656E+000  1.0030702246174079E+000  1.0025220037574274E+000  1.0019686781550110E+000  1.0014112973688911E+000
  1.0008509159753627E+000  1.0001456043480259E+000  9.9986148072435965E-001  9.9916241567243647E-001  9.9860069618979763E-001
  9.9804133076695289E-001  9.9748539887757248E-001  9.9693397237976655E-001  9.9638811498436386E-001  9.9584888018082696E-001
  9.9531730963553755E-001  9.9479443108093080E-001  9.9428125629448449E-001  9.9377877924513613E-001  9.9328797421722936E-001
  9.9280979375385336E-001  9.9234516659664374E-001  9.9189499599479025E-001  9.9146015786693675E-001  9.9104149886687798E-001
  9.9063983460395444E-001  9.9025594819016849E-001  9.8989058855369016E-001  9.8954446878039060E-001  9.8921826484188813E-001
  9.8891261416162490E-001  9.8862811423329799E-001  9.8836532141576605E-001  9.8812475000587452E-001  9.8790687086162121E-001
  9.8771211069107756E-001  9.8754085115311863E-001  9.8739342790916862E-001  9.8727013014226073E-001  9.8717119982834756E-001
  9.8709683124581693E-001  9.8704717059612013E-001  9.8702231569237497E-001  9.8702231569236110E-001  9.8704717059610692E-001
  9.8709683124578862E-001  9.8717119982831503E-001  9.8727013014221809E-001  9.8739342790911822E-001  9.8754085115305801E-001
  9.8771211069100950E-001  9.8790687086154561E-001  9.8812475000579736E-001  9.8836532141568456E-001  9.8862811423320607E-001
  9.8891261416152731E-001  9.8921826484178510E-001  9.8954446878028446E-001  9.8989058855357881E-001  9.9025594819005547E-001
  9.9063983460384097E-001  9.9104149886676074E-001  9.9146015786681474E-001  9.9189499599466380E-001  9.9234516659651983E-001
  9.9280979375372891E-001  9.9328797421710047E-001  9.9377877924500357E-001  9.9428125629435249E-001  9.9479443108079524E-001
  9.9531730963540521E-001  9.9584888018069506E-001  9.9638811498422664E-001  9.9693397237962544E-001  9.9748539887742693E-001
  9.9804133076680890E-001  9.9860069618964520E-001  9.9916241567227992E-001  9.9986148072428438E-001
BLOCK 75   4.8269848047120290E+000
  1.0001477046518263E+000  1.0008663817962247E+000  1.0014380848073006E+000  1.0020067315596306E+000  1.0025712458953213E+000
  1.0031305568956879E+000  1.0036836097921562E+000  1.0042293604233032E+000  1.0047667832122562E+000  1.0052948685380971E+000
  1.0058126274977379E+000  1.0063190912638831E+000  1.0068133153762084E+000  1.0072943780632366E+000  1.0077613837729511E+000
  1.0082134644530614E+000  1.0086497812490980E+000  1.0090695259187998E+000  1.0094719216950270E+000  1.0098562248608161E+000
  1.0102217260863910E+000  1.0105677515258804E+000  1.0108936639817607E+000  1.0111988639129326E+000  1.0114827903877681E+000
  1.0117449220710957E+000  1.0119847779868310E+000  1.0122019183613529E+000  1.0123959453280649E+000  1.0125665035113882E+000
  1.0127132806182049E+000  1.0128360079828687E+000  1.0129344609412210E+000  1.0130084591677109E+000  1.0130578670447690E+000
  1.0130825939041173E+000  1.0130825939041261E+000  1.0130578670447927E+000  1.0130084591677482E+000  1.0129344609412723E+000
  1.0128360079829348E+000  1.0127132806182866E+000  1.0125665035114855E+000  1.0123959453281792E+000  1.0122019183614821E+000
  1.0119847779869735E+000  1.0117449220712518E+000  1.0114827903879409E+000  1.0111988639131175E+000  1.0108936639819572E+000
  1.0105677515260885E+000  1.0102217260866093E+000  1.0098562248610450E+000  1.0094719216952626E+000  1.0090695259190394E+000
  1.0086497812493398E+000  1.0082134644533063E+000  1.0077613837731980E+000  1.0072943780634829E+000  1.0068133153764542E+000
  1.0063190912641253E+000  1.0058126274979771E+000  1.0052948685383318E+000  1.0047667832124867E+000  1.0042293604235266E+000
  1.0036836097923751E+000  1.0031305568958997E+000  1.0025712458955289E+000  1.0020067315598307E+000  1.0014380848074929E+000
  1.0008663817964061E+000  1.0001477046519422E+000  9.9985778416553595E-001  9.9914380037783546E-001  9.9857075543343121E-001
  9.9800011792853338E-001  9.9743298891849752E-001  9.9687046163537629E-001  9.9631362102641452E-001  9.9576354162417913E-001
  9.9522128597076698E-001  9.9468790235374782E-001  9.9416442280074979E-001  9.9365186109216252E-001  9.9315121086636460E-001
  9.9266344345717128E-001  9.9218950593497579E-001  9.9173031927166522E-001  9.9128677647101116E-001  9.9085974060068083E-001
  9.9045004316732166E-001  9.9005848246108930E-001  9.8968582180807230E-001  9.8933278807331038E-001  9.8900007025665215E-001
  9.8868831800605694E-001  9.8839814028465078E-001  9.8813010433196846E-001  9.8788473423416090E-001  9.8766251000410632E-001
  9.8746386659537466E-001  9.8728919294620932E-001  9.8713883120996537E-001  9.8701307612936073E-001  9.8691217430960121E-001
  9.8683632375417174E-001  9.8678567355382607E-001  9.8676032335672004E-001  9.8676032335672159E-001  9.8678567355380675E-001
  9.8683632375414509E-001  9.8691217430955991E-001  9.8701307612931233E-001  9.8713883120990586E-001  9.8728919294614381E-001
  9.8746386659530005E-001  9.8766251000402228E-001  9.8788473423407042E-001  9.8813010433187287E-001  9.8839814028454853E-001
  9.8868831800594981E-001  9.8900007025654613E-001  9.8933278807319669E-001  9.8968582180795206E-001  9.9005848246096717E-001
  9.9045004316719720E-001  9.9085974060055171E-001  9.9128677647087837E-001  9.9173031927153199E-001  9.9218950593484068E-001
  9.9266344345703528E-001  9.9315121086622349E-001  9.9365186109201908E-001  9.9416442280060735E-001  9.9468790235360638E-001
  9.9522128597062165E-001  9.9576354162403413E-001  9.9631362102626719E-001  9.9687046163522586E-001  9.9743298891834797E-001
  9.9800011792837873E-001  9.9857075543327201E-001  9.9914380037766715E-001  9.9985778416544902E-001
BLOCK 76   4.8922143291000149E+000
  1.0001498414091892E+000  1.0008821825164569E+000  1.0014654719316027E+000  1.0020456483515683E+000  1.0026216133685226E+000
  1.0031922740066574E+000  1.0037565539419526E+000  1.0043133876685995E+000  1.0048617289331068E+000  1.0054005473719345E+000
  1.0059288337029686E+000  1.0064455993008812E+000  1.0069498799374026E+000  1.0074407347207961E+000  1.0079172492180362E+000
  1.0083785377169185E+000  1.0088237437821335E+000  1.0092520423004461E+000  1.0096626404375300E+000  1.0100547790980237E+000
  1.0104277343143442E+000  1.0107808183568514E+000  1.0111133806838295E+000  1.0114248092218268E+000  1.0117145313538167E+000
  1.0119820148566361E+000  1.0122267687424091E+000  1.0124483440123291E+000  1.0126463344480752E+000  1.0128203772138926E+000
  1.0129701534461106E+000  1.0130953888104266E+000  1.0131958539032668E+000  1.0132713646114229E+000  1.0133217824524539E+000
  1.0133470148042647E+000  1.0133470148042698E+000  1.0133217824524758E+000  1.0132713646114593E+000  1.0131958539033183E+000
  1.0130953888104954E+000  1.0129701534461912E+000  1.0128203772139899E+000  1.0126463344481862E+000  1.0124483440124545E+000
  1.0122267687425515E+000  1.0119820148567920E+000  1.0117145313539881E+000  1.0114248092220133E+000  1.0111133806840233E+000
  1.0107808183570588E+000  1.0104277343145600E+000  1.0100547790982495E+000  1.0096626404377627E+000  1.0092520423006823E+000
  1.0088237437823731E+000  1.0083785377171617E+000  1.0079172492182789E+000  1.0074407347210410E+000  1.0069498799376453E+000
  1.0064455993011230E+000  1.0059288337032077E+000  1.0054005473721705E+000  1.0048617289333390E+000  1.0043133876688266E+000
  1.0037565539421736E+000  1.0031922740068737E+000  1.0026216133687311E+000  1.0020456483517732E+000  1.0014654719318017E+000
  1.0008821825166494E+000  1.0001498414093102E+000  9.9985398877996434E-001  9.9912472256513474E-001  9.9854008641224579E-001
  9.9795791196900718E-001  9.9737932254607831E-001  9.9680543337045258E-001  9.9623735130726709E-001  9.9567617254730811E-001
  9.9512298101320107E-001  9.9457884603348135E-001  9.9404482030065711E-001  9.9352193787816390E-001  9.9301121213656762E-001
  9.9251363357928812E-001  9.9203016791656906E-001  9.9156175419296011E-001  9.9110930280304421E-001  9.9067369368173597E-001
  9.9025577458958136E-001  9.8985635931374960E-001  9.8947622600044238E-001  9.8911611569585689E-001  9.8877673077107264E-001
  9.8845873343543045E-001  9.8816274456115882E-001  9.8788934226640746E-001  9.8763906078227415E-001  9.8741238941057707E-001
  9.8720977151431166E-001  9.8703160353018560E-001  9.8687823430532018E-001  9.8674996421115369E-001  9.8664704462980601E-001
  9.8656967745506674E-001  9.8651801452110910E-001  9.8649215751890051E-001  9.8649215751889197E-001  9.8651801452109489E-001
  9.8656967745503310E-001  9.8664704462976560E-001  9.8674996421109729E-001  9.8687823430525656E-001  9.8703160353011221E-001
  9.8720977151422695E-001  9.8741238941048848E-001  9.8763906078217756E-001  9.8788934226630576E-001  9.8816274456105024E-001
  9.8845873343531576E-001  9.8877673077095307E-001  9.8911611569573332E-001  9.8947622600031115E-001  9.8985635931361926E-001
  9.9025577458944913E-001  9.9067369368159797E-001  9.9110930280290255E-001  9.9156175419281289E-001  9.9203016791642373E-001
  9.9251363357913858E-001  9.9301121213641985E-001  9.9352193787801624E-001  9.9404482030050900E-001  9.9457884603332869E-001
  9.9512298101304619E-001  9.9567617254715035E-001  9.9623735130711055E-001  9.9680543337029370E-001  9.9737932254591244E-001
  9.9795791196883976E-001  9.9854008641207204E-001  9.9912472256495921E-001  9.9985398877986498E-001
BLOCK 77   4.9574438534880008E+000
  1.0001520165988487E+000  1.0008983270806118E+000  1.0014934723226712E+000  1.0020854464790105E+000  1.0026731287550028E+000
  1.0032554038201738E+000  1.0038311732041745E+000  1.0043993494835373E+000  1.0049588646714791E+000  1.0055086667832476E+000
  1.0060477257588889E+000  1.0065750323173770E+000  1.0070896027908218E+000  1.0075904764251131E+000  1.0080767201160905E+000
  1.0085474295555994E+000  1.0090017306837449E+000  1.0094387811083239E+000  1.0098577715934272E+000  1.0102579273381083E+000
  1.0106385092381303E+000  1.0109988152326042E+000  1.0113381812904991E+000  1.0116559825998757E+000  1.0119516346783319E+000
  1.0122245941466430E+000  1.0124743596404078E+000  1.0127004727084208E+000  1.0129025185614613E+000  1.0130801267336393E+000
  1.0132329716369126E+000  1.0133607731114709E+000  1.0134632968972019E+000  1.0135403550172988E+000  1.0135918060900402E+000
  1.0136175555585301E+000  1.0136175555585385E+000  1.0135918060900633E+000  1.0135403550173385E+000  1.0134632968972559E+000
  1.0133607731115395E+000  1.0132329716369972E+000  1.0130801267337386E+000  1.0129025185615743E+000  1.0127004727085511E+000
  1.0124743596405514E+000  1.0122245941468007E+000  1.0119516346785000E+000  1.0116559826000580E+000  1.0113381812906939E+000
  1.0109988152328078E+000  1.0106385092383436E+000  1.0102579273383281E+000  1.0098577715936528E+000  1.0094387811085550E+000
  1.0090017306839816E+000  1.0085474295558390E+000  1.0080767201163325E+000  1.0075904764253549E+000  1.0070896027910656E+000
  1.0065750323176184E+000  1.0060477257591294E+000  1.0055086667834854E+000  1.0049588646717125E+000  1.0043993494837675E+000
  1.0038311732043987E+000  1.0032554038203960E+000  1.0026731287552180E+000  1.0020854464792182E+000  1.0014934723228759E+000
  1.0008983270808112E+000  1.0001520165989748E+000  9.9985009358269727E-001  9.9910517422275480E-001  9.9850867500363172E-001
  9.9791469281653089E-001  9.9732437409743202E-001  9.9673885678912832E-001  9.9615927023244955E-001  9.9558673278669885E-001
  9.9502235012183815E-001  9.9446721295017870E-001  9.9392239502826907E-001  9.9338895102635927E-001  9.9286791441838895E-001
  9.9236029533185133E-001  9.9186707861399592E-001  9.9138922181140510E-001  9.9092765321204457E-001  9.9048327003993653E-001
  9.9005693663473371E-001  9.8964948264687735E-001  9.8926170148381443E-001  9.8889434868043935E-001  9.8854814026882676E-001
  9.8822375143963059E-001  9.8792181511686050E-001  9.8764292065396564E-001  9.8738761268676045E-001  9.8715639003023981E-001
  9.8694970458208542E-001  9.8676796054775340E-001  9.8661151343264220E-001  9.8648066945711199E-001  9.8637568490363792E-001
  9.8629676550936718E-001  9.8624406616269666E-001  9.8621769042789742E-001  9.8621769042789154E-001  9.8624406616267379E-001
  9.8629676550933310E-001  9.8637568490359140E-001  9.8648066945705659E-001  9.8661151343257603E-001  9.8676796054767368E-001
  9.8694970458199749E-001  9.8715639003014266E-001  9.8738761268665864E-001  9.8764292065385573E-001  9.8792181511674426E-001
  9.8822375143950780E-001  9.8854814026869842E-001  9.8889434868030757E-001  9.8926170148367698E-001  9.8964948264673347E-001
  9.9005693663458649E-001  9.9048327003978731E-001  9.9092765321189080E-001  9.9138922181125455E-001  9.9186707861384460E-001
  9.9236029533169789E-001  9.9286791441823030E-001  9.9338895102620028E-001  9.9392239502810786E-001  9.9446721295001717E-001
  9.9502235012167295E-001  9.9558673278653198E-001  9.9615927023228124E-001  9.9673885678895502E-001  9.9732437409725205E-001
  9.9791469281634548E-001  9.9850867500344698E-001  9.9910517422256484E-001  9.9985009358258514E-001
BLOCK 78   5.0226733778759867E+000
  1.0001542302902309E+000  1.0009148224219371E+000  1.0015221001636001E+000  1.0021261471441558E+000  1.0027258195041175E+000
  1.0033199789373146E+000  1.0039075045044887E+000  1.0044872863209942E+000  1.0050582343284347E+000  1.0056192747399877E+000
  1.0061693559543980E+000  1.0067074480223945E+000  1.0072325463397793E+000  1.0077436703340041E+000  1.0082398674874722E+000
  1.0087202149786481E+000  1.0091838206582748E+000  1.0096298248002076E+000  1.0100574012317938E+000  1.0104657590103869E+000
  1.0108541435919007E+000  1.0112218382222842E+000  1.0115681650675510E+000  1.0118924862582943E+000  1.0121942050160997E+000
  1.0124727665889819E+000  1.0127276590927847E+000  1.0129584144731465E+000  1.0131646092068551E+000  1.0133458649537161E+000
  1.0135018492233727E+000  1.0136322759346097E+000  1.0137369058942127E+000  1.0138155471627059E+000  1.0138680553561736E+000
  1.0138943339012718E+000  1.0138943339012814E+000  1.0138680553561972E+000  1.0138155471627475E+000  1.0137369058942700E+000
  1.0136322759346810E+000  1.0135018492234618E+000  1.0133458649538194E+000  1.0131646092069704E+000  1.0129584144732764E+000
  1.0127276590929313E+000  1.0124727665891406E+000  1.0121942050162682E+000  1.0118924862584742E+000  1.0115681650677408E+000
  1.0112218382224822E+000  1.0108541435921072E+000  1.0104657590106025E+000  1.0100574012320145E+000  1.0096298248004361E+000
  1.0091838206585075E+000  1.0087202149788843E+000  1.0082398674877091E+000  1.0077436703342464E+000  1.0072325463400209E+000
  1.0067074480226377E+000  1.0061693559546383E+000  1.0056192747402286E+000  1.0050582343286718E+000  1.0044872863212264E+000
  1.0039075045047172E+000  1.0033199789375391E+000  1.0027258195043378E+000  1.0021261471443725E+000  1.0015221001638115E+000
  1.0009148224221451E+000  1.0001542302903625E+000  9.9984609549158698E-001  9.9908514418488470E-001  9.9847650571550484E-001
  9.9787044090057231E-001  9.9726811968342455E-001  9.9667070320133133E-001  9.9607934387778196E-001  9.9549518284979888E-001
  9.9491934815335548E-001  9.9435295239122445E-001  9.9379709082454226E-001  9.9325283911184381E-001  9.9272125120425969E-001
  9.9220335730032205E-001  9.9170016178614273E-001  9.9121264114263552E-001  9.9074174206093424E-001  9.9028837951581838E-001
  9.8985343485392918E-001  9.8943775409758750E-001  9.8904214625344222E-001  9.8866738159603806E-001  9.8831419018600541E-001
  9.8798326040584528E-001  9.8767523753586361E-001  9.8739072248480675E-001  9.8713027054290059E-001  9.8689439018572966E-001
  9.8668354217939047E-001  9.8649813850485946E-001  9.8633854161900969E-001  9.8620506368196792E-001  9.8609796590735577E-001
  9.8601745807572483E-001  9.8596369804150752E-001  9.8593679144942381E-001  9.8593679144941959E-001  9.8596369804149120E-001
  9.8601745807569408E-001  9.8609796590730914E-001  9.8620506368190763E-001  9.8633854161894030E-001  9.8649813850477797E-001
  9.8668354217930221E-001  9.8689439018563163E-001  9.8713027054278890E-001  9.8739072248469140E-001  9.8767523753573871E-001
  9.8798326040571394E-001  9.8831419018586619E-001  9.8866738159589429E-001  9.8904214625329134E-001  9.8943775409743340E-001
  9.8985343485377264E-001  9.9028837951565996E-001  9.9074174206077192E-001  9.9121264114247287E-001  9.9170016178598075E-001
  9.9220335730015552E-001  9.9272125120409271E-001  9.9325283911167461E-001  9.9379709082437495E-001  9.9435295239105204E-001
  9.9491934815317640E-001  9.9549518284961591E-001  9.9607934387759689E-001  9.9667070320114370E-001  9.9726811968323426E-001
  9.9787044090037924E-001  9.9847650571530666E-001  9.9908514418468286E-001  9.9984609549146142E-001
BLOCK 79   5.0879029022639726E+000
  1.0001564829280654E+000  1.0009316753949764E+000  1.0015513683523252E+000  1.0021677696830145E+000  1.0027797111143357E+000
  1.0033860307226570E+000  1.0039855844983581E+000  1.0045772396367338E+000  1.0051598839025109E+000  1.0057324212703409E+000
  1.0062937784775394E+000  1.0068429048164536E+000  1.0073787734500692E+000  1.0079003838825109E+000  1.0084067637863507E+000
  1.0088969710821287E+000  1.0093700953140332E+000  1.0098252587874550E+000  1.0102616182012818E+000  1.0106783661810008E+000
  1.0110747325705687E+000  1.0114499856112369E+000  1.0118034331960393E+000  1.0121344240422623E+000  1.0124423487721188E+000
  1.0127266409732054E+000  1.0129867780511868E+000  1.0132222820885206E+000  1.0134327206540630E+000  1.0136177074462769E+000
  1.0137769029787955E+000  1.0139100151529188E+000  1.0140167996808966E+000  1.0140970604979633E+000  1.0141506501139099E+000
  1.0141774698925394E+000  1.0141774698925476E+000  1.0141506501139370E+000  1.0140970604980071E+000  1.0140167996809566E+000
  1.0139100151529936E+000  1.0137769029788872E+000  1.0136177074463855E+000  1.0134327206541840E+000  1.0132222820886532E+000
  1.0129867780513331E+000  1.0127266409733628E+000  1.0124423487722858E+000  1.0121344240424386E+000  1.0118034331962271E+000
  1.0114499856114321E+000  1.0110747325707716E+000  1.0106783661812098E+000  1.0102616182014976E+000  1.0098252587876770E+000
  1.0093700953142608E+000  1.0088969710823612E+000  1.0084067637865874E+000  1.0079003838827496E+000  1.0073787734503108E+000
  1.0068429048166934E+000  1.0062937784777806E+000  1.0057324212705809E+000  1.0051598839027498E+000  1.0045772396369683E+000
  1.0039855844985879E+000  1.0033860307228859E+000  1.0027797111145635E+000  1.0021677696832361E+000  1.0015513683525432E+000
  1.0009316753951929E+000  1.0001564829281977E+000  9.9984199206110103E-001  9.9906462396294360E-001  9.9844356418006930E-001
  9.9782513587186172E-001  9.9721053360042367E-001  9.9660094217122608E-001  9.9599753715521466E-001  9.9540148268518558E-001
  9.9481392958134818E-001  9.9423601297673481E-001  9.9366885026472984E-001  9.9311353875630026E-001  9.9257115352704139E-001
  9.9204274530507719E-001  9.9152933839678847E-001  9.9103192864867284E-001  9.9055148152287853E-001  9.9008893009401799E-001
  9.8964517317793910E-001  9.8922107356245725E-001  9.8881745621237349E-001  9.8843510661588529E-001  9.8807476922477089E-001
  9.8773714591476824E-001  9.8742289461878019E-001  9.8713262799018631E-001  9.8686691210920630E-001  9.8662626544521526E-001
  9.8641115772045684E-001  9.8622200900925883E-001  9.8605918884892074E-001  9.8592301548522698E-001  9.8581375524485182E-001
  9.8573162198339959E-001  9.8567677661995545E-001  9.8564932684922435E-001  9.8564932684921525E-001  9.8567677661993591E-001
  9.8573162198336350E-001  9.8581375524480441E-001  9.8592301548517058E-001  9.8605918884884669E-001  9.8622200900917600E-001
  9.8641115772036347E-001  9.8662626544510923E-001  9.8686691210909094E-001  9.8713262799005752E-001  9.8742289461864741E-001
  9.8773714591462591E-001  9.8807476922462434E-001  9.8843510661573275E-001  9.8881745621221795E-001  9.8922107356229705E-001
  9.8964517317777678E-001  9.9008893009385091E-001  9.9055148152270900E-001  9.9103192864849943E-001  9.9152933839661339E-001
  9.9204274530490411E-001  9.9257115352686265E-001  9.9311353875611785E-001  9.9366885026454399E-001  9.9423601297654740E-001
  9.9481392958115600E-001  9.9540148268499207E-001  9.9599753715502104E-001  9.9660094217102468E-001  9.9721053360021583E-001
  9.9782513587164856E-001  9.9844356417985403E-001  9.9906462396273010E-001  9.9984199206096824E-001
BLOCK 80   5.1531324266519585E+000
  1.0001587758924462E+000  1.0009488961682262E+000  1.0015812916736369E+000  1.0022103322357585E+000  1.0028348261322297E+000
  1.0034535871006942E+000  1.0040654472960677E+000  1.0046692503884092E+000  1.0052638605808248E+000  1.0058481591276340E+000
  1.0064210510267515E+000  1.0069814637894872E+000  1.0075283493817933E+000  1.0080606863170840E+000  1.0085774824186193E+000
  1.0090777758812992E+000  1.0095606370296357E+000  1.0100251699089822E+000  1.0104705135352927E+000  1.0108958437868596E+000
  1.0113003744534561E+000  1.0116833584707621E+000  1.0120440892355071E+000  1.0123819018814511E+000  1.0126961742752130E+000
  1.0129863280275857E+000  1.0132518294920134E+000  1.0134921906407655E+000  1.0137069699062489E+000  1.0138957728793074E+000
  1.0140582529092022E+000  1.0141941117117590E+000  1.0143030998256615E+000  1.0143850170263402E+000  1.0144397126882048E+000
  1.0144670860494065E+000  1.0144670860494140E+000  1.0144397126882327E+000  1.0143850170263855E+000  1.0143030998257239E+000
  1.0141941117118376E+000  1.0140582529092970E+000  1.0138957728794162E+000  1.0137069699063710E+000  1.0134921906408991E+000
  1.0132518294921593E+000  1.0129863280277431E+000  1.0126961742753786E+000  1.0123819018816260E+000  1.0120440892356903E+000
  1.0116833584709513E+000  1.0113003744536542E+000  1.0108958437870661E+000  1.0104705135355050E+000  1.0100251699091995E+000
  1.0095606370298613E+000  1.0090777758815257E+000  1.0085774824188503E+000  1.0080606863173180E+000  1.0075283493820300E+000
  1.0069814637897259E+000  1.0064210510269900E+000  1.0058481591278761E+000  1.0052638605810642E+000  1.0046692503886434E+000
  1.0040654472963007E+000  1.0034535871009302E+000  1.0028348261324618E+000  1.0022103322359879E+000  1.0015812916738656E+000
  1.0009488961684532E+000  1.0001587758925816E+000  9.9983777997148715E-001  9.9904360494486344E-001  9.9840983619571155E-001
  9.9777875895184898E-001  9.9715159139112008E-001  9.9652954275983718E-001  9.9591381260951128E-001  9.9530558863730034E-001
  9.9470604532189788E-001  9.9411634071597643E-001  9.9353761448381916E-001  9.9297098593874089E-001  9.9241755188281577E-001
  9.9187838421955810E-001  9.9135452785305200E-001  9.9084699860194592E-001  9.9035678112095682E-001  9.8988482696662305E-001
  9.8943205277868440E-001  9.8899933838806509E-001  9.8858752508400372E-001  9.8819741392977967E-001  9.8782976407622336E-001
  9.8748529127608808E-001  9.8716466643727341E-001  9.8686851422085486E-001  9.8659741186242000E-001  9.8635188796448270E-001
  9.8613242145744262E-001  9.8593944062090466E-001  9.8577332219882619E-001  9.8563439066355907E-001  9.8552291757638988E-001
  9.8543912097235076E-001  9.8538316496101419E-001  9.8535515932552009E-001  9.8535515932551410E-001  9.8538316496099065E-001
  9.8543912097231601E-001  9.8552291757634325E-001  9.8563439066349579E-001  9.8577332219875136E-001  9.8593944062081351E-001
  9.8613242145734392E-001  9.8635188796437323E-001  9.8659741186229666E-001  9.8686851422072586E-001  9.8716466643713296E-001
  9.8748529127594520E-001  9.8782976407607104E-001  9.8819741392962179E-001  9.8858752508383796E-001  9.8899933838789555E-001
  9.8943205277851065E-001  9.8988482696644520E-001  9.9035678112077785E-001  9.9084699860176184E-001  9.9135452785286582E-001
  9.9187838421936725E-001  9.9241755188262326E-001  9.9297098593854227E-001  9.9353761448362110E-001  9.9411634071577670E-001
  9.9470604532169327E-001  9.9530558863708929E-001  9.9591381260929579E-001  9.9652954275962302E-001  9.9715159139090070E-001
  9.9777875895162926E-001  9.9840983619549106E-001  9.9904360494463740E-001  9.9983777997134760E-001
BLOCK 81   5.2183619510399444E+000
  1.0001611107679780E+000  1.0009664934755047E+000  1.0016118840932671E+000  1.0022538555478187E+000  1.0028911908411131E+000
  1.0035226792517440E+000  1.0041471285258932E+000  1.0047633581860567E+000  1.0053702090770555E+000  1.0059665391361214E+000
  1.0065512303963056E+000  1.0071231883107481E+000  1.0076813425647395E+000  1.0082246508866339E+000  1.0087521005530105E+000
  1.0092627100079727E+000  1.0097555301036234E+000  1.0102296461339710E+000  1.0106841791745440E+000  1.0111182876392735E+000
  1.0115311687844657E+000  1.0119220598529073E+000  1.0122902394844349E+000  1.0126350289508550E+000  1.0129557931113071E+000
  1.0132519414202037E+000  1.0135229290117771E+000  1.0137682576097022E+000  1.0139874762853185E+000  1.0141801822252925E+000
  1.0143460213910769E+000  1.0144846891346619E+000  1.0145959307282097E+000  1.0146795417472527E+000  1.0147353684069520E+000
  1.0147633078251295E+000  1.0147633078251388E+000  1.0147353684069773E+000  1.0146795417472982E+000  1.0145959307282706E+000
  1.0144846891347399E+000  1.0143460213911708E+000  1.0141801822254024E+000  1.0139874762854404E+000  1.0137682576098370E+000
  1.0135229290119219E+000  1.0132519414203580E+000  1.0129557931114743E+000  1.0126350289510295E+000  1.0122902394846178E+000
  1.0119220598530965E+000  1.0115311687846611E+000  1.0111182876394769E+000  1.0106841791747510E+000  1.0102296461341838E+000
  1.0097555301038410E+000  1.0092627100081963E+000  1.0087521005532365E+000  1.0082246508868655E+000  1.0076813425649744E+000
  1.0071231883109832E+000  1.0065512303965418E+000  1.0059665391363617E+000  1.0053702090772969E+000  1.0047633581862954E+000
  1.0041471285261341E+000  1.0035226792519854E+000  1.0028911908413549E+000  1.0022538555480587E+000  1.0016118840935051E+000
  1.0009664934757410E+000  1.0001611107681121E+000  9.9983345851249694E-001  9.9902208013959970E-001  9.9837530880061687E-001
  9.9773128950228418E-001  9.9709126606079457E-001  9.9645647201638177E-001  9.9582813173006079E-001  9.9520745700512026E-001
  9.9459564573289194E-001  9.9399387962139985E-001  9.9340332142988741E-001  9.9282511319224653E-001  9.9226037402146461E-001
  9.9171019731894505E-001  9.9117564880507925E-001  9.9065776464445310E-001  9.9015754933144740E-001  9.8967597358491644E-001
  9.8921397237229747E-001  9.8877244302622214E-001  9.8835224348342643E-001  9.8795419057722189E-001  9.8757905845379668E-001
  9.8722757702043784E-001  9.8690043044436504E-001  9.8659825578865212E-001  9.8632164168081993E-001  9.8607112714363143E-001
  9.8584720052763031E-001  9.8565029850184027E-001  9.8548080519683146E-001  9.8533905145352574E-001  9.8522531411933412E-001
  9.8513981553890362E-001  9.8508272302421307E-001  9.8505414858510787E-001  9.8505414858509788E-001  9.8508272302419053E-001
  9.8513981553886720E-001  9.8522531411928327E-001  9.8533905145346046E-001  9.8548080519675096E-001  9.8565029850174890E-001
  9.8584720052752739E-001  9.8607112714351697E-001  9.8632164168069747E-001  9.8659825578851812E-001  9.8690043044422660E-001
  9.8722757702028840E-001  9.8757905845363969E-001  9.8795419057705525E-001  9.8835224348325290E-001  9.8877244302604506E-001
  9.8921397237211306E-001  9.8967597358472681E-001  9.9015754933125288E-001  9.9065776464425725E-001  9.9117564880487963E-001
  9.9171019731874377E-001  9.9226037402125611E-001  9.9282511319203437E-001  9.9340332142967069E-001  9.9399387962118169E-001
  9.9459564573267045E-001  9.9520745700489555E-001  9.9582813172983586E-001  9.9645647201615539E-001  9.9709126606056575E-001
  9.9773128950204992E-001  9.9837530880038083E-001  9.9902208013936511E-001  9.9983345851235395E-001
BLOCK 82   5.2835914754279303E+000
  1.0001634894689948E+000  1.0009844767196769E+000  1.0016431610284531E+000  1.0022983598698798E+000  1.0029488310124104E+000
  1.0035933383674565E+000  1.0042306649822830E+000  1.0048596056405756E+000  1.0054789771235568E+000  1.0060876135820924E+000
  1.0066843737459839E+000  1.0072681404109438E+000  1.0078378209350689E+000  1.0083923512040038E+000  1.0089306974704781E+000
  1.0094518575318032E+000  1.0099548626134225E+000  1.0104387790100307E+000  1.0109027096237622E+000  1.0113457953041278E+000
  1.0117672163623026E+000  1.0121661940468683E+000  1.0125419917579153E+000  1.0128939164011899E+000  1.0132213194418702E+000
  1.0135235979440411E+000  1.0138001956431393E+000  1.0140506038168626E+000  1.0142743620224235E+000  1.0144710589156642E+000
  1.0146403329979634E+000  1.0147818731778360E+000  1.0148954192834798E+000  1.0149807625114837E+000  1.0150377457897413E+000
  1.0150662640689907E+000  1.0150662640689994E+000  1.0150377457897681E+000  1.0149807625115277E+000  1.0148954192835404E+000
  1.0147818731779108E+000  1.0146403329980556E+000  1.0144710589157702E+000  1.0142743620225434E+000  1.0140506038169939E+000
  1.0138001956432843E+000  1.0135235979441954E+000  1.0132213194420348E+000  1.0128939164013622E+000  1.0125419917580958E+000
  1.0121661940470563E+000  1.0117672163624962E+000  1.0113457953043286E+000  1.0109027096239687E+000  1.0104387790102414E+000
  1.0099548626136385E+000  1.0094518575320219E+000  1.0089306974707002E+000  1.0083923512042285E+000  1.0078378209352992E+000
  1.0072681404111761E+000  1.0066843737462217E+000  1.0060876135823342E+000  1.0054789771238000E+000  1.0048596056408210E+000
  1.0042306649825286E+000  1.0035933383677047E+000  1.0029488310126575E+000  1.0022983598701274E+000  1.0016431610286995E+000
  1.0009844767199232E+000  1.0001634894691303E+000  9.9982902620006620E-001  9.9900004110480722E-001  9.9833996738656228E-001
  9.9768270774378043E-001  9.9702953140570760E-001  9.9638169752106742E-001  9.9574045527387844E-001  9.9510704145505668E-001
  9.9448267849382777E-001  9.9386857185178357E-001  9.9326590818562510E-001  9.9267585246324586E-001  9.9209954621996765E-001
  9.9153810511336105E-001  9.9099261643483183E-001  9.9046413730559035E-001  9.8995369252916898E-001  9.8946227216581828E-001
  9.8899082973064967E-001  9.8854028053537424E-001  9.8811149976219714E-001  9.8770532061429073E-001  9.8732253264982073E-001
  9.8696388017696079E-001  9.8663006082964211E-001  9.8632172419923358E-001  9.8603947052394214E-001  9.8578384950380959E-001
  9.8555535915691861E-001  9.8535444481196466E-001  9.8518149821134071E-001  9.8503685671049801E-001  9.8492080264008697E-001
  9.8483356267224598E-001  9.8477530742484398E-001  9.8474615106348418E-001  9.8474615106347341E-001  9.8477530742481845E-001
  9.8483356267220679E-001  9.8492080264002935E-001  9.8503685671042940E-001  9.8518149821126144E-001  9.8535444481186940E-001
  9.8555535915681691E-001  9.8578384950369202E-001  9.8603947052381524E-001  9.8632172419909747E-001  9.8663006082949556E-001
  9.8696388017680448E-001  9.8732253264965231E-001  9.8770532061411753E-001  9.8811149976201618E-001  9.8854028053518483E-001
  9.8899082973045593E-001  9.8946227216561655E-001  9.8995369252896381E-001  9.9046413730537686E-001  9.9099261643461722E-001
  9.9153810511313789E-001  9.9209954621974306E-001  9.9267585246301782E-001  9.9326590818539584E-001  9.9386857185154975E-001
  9.9448267849359007E-001  9.9510704145481998E-001  9.9574045527363719E-001  9.9638169752082728E-001  9.9702953140546668E-001
  9.9768270774353418E-001  9.9833996738631436E-001  9.9900004110456120E-001  9.9982902619991720E-001
BLOCK 83   5.3488209998159162E+000
  1.0001659136155843E+000  1.0010028550922518E+000  1.0016751373474011E+000  1.0023438661077737E+000  1.0030077731896596E+000
  1.0036655967794912E+000  1.0043160944610796E+000  1.0049580358752725E+000  1.0055902131774797E+000  1.0062114365775006E+000
  1.0068205412747184E+000  1.0074163856104206E+000  1.0079978542834556E+000  1.0085638614189971E+000  1.0091133516952930E+000
  1.0096453020066625E+000  1.0101587232475959E+000  1.0106526622232213E+000  1.0111262029912311E+000  1.0115784684886728E+000
  1.0120086219677606E+000  1.0124158684796170E+000  1.0127994560632299E+000  1.0131586769441681E+000  1.0134928688380387E+000
  1.0138014160303299E+000  1.0140837504533236E+000  1.0143393526231623E+000  1.0145677524181045E+000  1.0147685298866862E+000
  1.0149413159745926E+000  1.0150857930617374E+000  1.0152016954523984E+000  1.0152888098882273E+000  1.0153469759180775E+000
  1.0153760861789682E+000  1.0153760861789762E+000  1.0153469759181051E+000  1.0152888098882689E+000  1.0152016954524568E+000
  1.0150857930618098E+000  1.0149413159746814E+000  1.0147685298867890E+000  1.0145677524182195E+000  1.0143393526232907E+000
  1.0140837504534637E+000  1.0138014160304829E+000  1.0134928688381997E+000  1.0131586769443388E+000  1.0127994560634088E+000
  1.0124158684798046E+000  1.0120086219679525E+000  1.0115784684888716E+000  1.0111262029914334E+000  1.0106526622234300E+000
  1.0101587232478086E+000  1.0096453020068799E+000  1.0091133516955115E+000  1.0085638614192212E+000  1.0079978542836836E+000
  1.0074163856106546E+000  1.0068205412749573E+000  1.0062114365777430E+000  1.0055902131777255E+000  1.0049580358755215E+000
  1.0043160944613307E+000  1.0036655967797425E+000  1.0030077731899156E+000  1.0023438661080277E+000  1.0016751373476569E+000
  1.0010028550925065E+000  1.0001659136157199E+000  9.9982448152314607E-001  9.9897747883618115E-001  9.9830379689522486E-001
  9.9763299195467658E-001  9.9696635971228009E-001  9.9630518513295518E-001  9.9565074330678927E-001  9.9500429627222142E-001
  9.9436709147775293E-001  9.9374035912156844E-001  9.9312530985562952E-001  9.9252313263820546E-001  9.9193499206842373E-001
  9.9136202631602688E-001  9.9080534476842541E-001  9.9026602570277478E-001  9.8974511451080771E-001  9.8924362132137933E-001
  9.8876251891816713E-001  9.8830274105348281E-001  9.8786518046003313E-001  9.8745068686739890E-001  9.8706006546371705E-001
  9.8669407546023025E-001  9.8635342848511443E-001  9.8603878706222525E-001  9.8575076331522227E-001  9.8548991774003902E-001
  9.8525675814892510E-001  9.8505173866340134E-001  9.8487525877386040E-001  9.8472766255828525E-001  9.8460923793546151E-001
  9.8452021610989549E-001  9.8446077106361096E-001  9.8443101923864884E-001  9.8443101923864074E-001  9.8446077106358776E-001
  9.8452021610985496E-001  9.8460923793540578E-001  9.8472766255821420E-001  9.8487525877377580E-001  9.8505173866330820E-001
  9.8525675814881775E-001  9.8548991773992201E-001  9.8575076331509104E-001  9.8603878706208437E-001  9.8635342848496332E-001
  9.8669407546006682E-001  9.8706006546354652E-001  9.8745068686722004E-001  9.8786518045984761E-001  9.8830274105328664E-001
  9.8876251891795897E-001  9.8924362132116594E-001  9.8974511451058733E-001  9.9026602570254940E-001  9.9080534476819426E-001
  9.9136202631579251E-001  9.9193499206817981E-001  9.9252313263796399E-001  9.9312530985538261E-001  9.9374035912132164E-001
  9.9436709147750502E-001  9.9500429627196685E-001  9.9565074330653525E-001  9.9630518513269894E-001  9.9696635971202507E-001
  9.9763299195441757E-001  9.9830379689496607E-001  9.9897747883592336E-001  9.9982448152299019E-001
BLOCK 84   5.4140505242039021E+000
  1.0001683846423273E+000  1.0010216373568350E+000  1.0017078281268588E+000  1.0023903953314068E+000  1.0030680444054918E+000
  1.0037394873175232E+000  1.0044034558104036E+000  1.0050586938187738E+000  1.0057039684464979E+000  1.0063380644942432E+000
  1.0069597936256631E+000  1.0075679894681406E+000  1.0081615140042568E+000  1.0087392582199672E+000  1.0093001448377352E+000
  1.0098431293036974E+000  1.0103672019599956E+000  1.0108713897676422E+000  1.0113547576733855E+000  1.0118164101529976E+000
  1.0122554929171113E+000  1.0126711942912423E+000  1.0130627465459920E+000  1.0134294271198876E+000  1.0137705598921036E+000
  1.0140855162863238E+000  1.0143737162249344E+000  1.0146346291631190E+000  1.0148677749896267E+000  1.0150727248349378E+000
  1.0152491018009311E+000  1.0153965815381933E+000  1.0155148927607620E+000  1.0156038177568909E+000  1.0156631927361994E+000
  1.0156929080699393E+000  1.0156929080699488E+000  1.0156631927362210E+000  1.0156038177569311E+000  1.0155148927608155E+000
  1.0153965815382653E+000  1.0152491018010197E+000  1.0150727248350380E+000  1.0148677749897388E+000  1.0146346291632440E+000
  1.0143737162250692E+000  1.0140855162864735E+000  1.0137705598922624E+000  1.0134294271200555E+000  1.0130627465461688E+000
  1.0126711942914275E+000  1.0122554929173004E+000  1.0118164101531948E+000  1.0113547576735864E+000  1.0108713897678472E+000
  1.0103672019602068E+000  1.0098431293039116E+000  1.0093001448379555E+000  1.0087392582201926E+000  1.0081615140044875E+000
  1.0075679894683756E+000  1.0069597936259003E+000  1.0063380644944857E+000  1.0057039684467453E+000  1.0050586938190240E+000
  1.0044034558106563E+000  1.0037394873177816E+000  1.0030680444057520E+000  1.0023903953316697E+000  1.0017078281271197E+000
  1.0010216373570975E+000  1.0001683846424629E+000  9.9981982239183853E-001  9.9895438344665388E-001  9.9826678105427458E-001
  9.9758211981850409E-001  9.9690172227364404E-001  9.9622690006171155E-001  9.9555895458558119E-001  9.9489917393163430E-001
  9.9424883118988405E-001  9.9360918176623225E-001  9.9298146121570796E-001  9.9236688257475192E-001  9.9176663434419743E-001
  9.9118187771811128E-001  9.9061374461047391E-001  9.9006333531277435E-001  9.8953171617843827E-001  9.8901991773215658E-001
  9.8852893237873851E-001  9.8805971251396552E-001  9.8761316883186223E-001  9.8719016821766303E-001  9.8679153206628067E-001
  9.8641803483365442E-001  9.8607040232537468E-001  9.8574931016999590E-001  9.8545538261934240E-001  9.8518919140604577E-001
  9.8495125450438659E-001  9.8474203502835334E-001  9.8456194032842614E-001  9.8441132119633967E-001  9.8429047123274582E-001
  9.8419962624323121E-001  9.8413896375009513E-001  9.8410860258786004E-001  9.8410860258785338E-001  9.8413896375006893E-001
  9.8419962624319002E-001  9.8429047123269775E-001  9.8441132119627228E-001  9.8456194032834388E-001  9.8474203502825597E-001
  9.8495125450427234E-001  9.8518919140591843E-001  9.8545538261920851E-001  9.8574931016985290E-001  9.8607040232521814E-001
  9.8641803483349189E-001  9.8679153206610060E-001  9.8719016821747463E-001  9.8761316883166606E-001  9.8805971251375602E-001
  9.8852893237852224E-001  9.8901991773192988E-001  9.8953171617820623E-001  9.9006333531253266E-001  9.9061374461022977E-001
  9.9118187771786070E-001  9.9176663434394774E-001  9.9236688257448991E-001  9.9298146121544573E-001  9.9360918176596780E-001
  9.9424883118961593E-001  9.9489917393136829E-001  9.9555895458531074E-001  9.9622690006144399E-001  9.9690172227337248E-001
  9.9758211981823541E-001  9.9826678105400046E-001  9.9895438344638177E-001  9.9981982239167677E-001
BLOCK 85   5.4792800485918880E+000
  1.0001709036446018E+000  1.0010408318269188E+000  1.0017412480246990E+000  1.0024379688940113E+000  1.0031296728530199E+000
  1.0038150447847940E+000  1.0044927899367126E+000  1.0051616261493923E+000  1.0058202945372183E+000  1.0064675547347424E+000
  1.0071021935736184E+000  1.0077230201606981E+000  1.0083288726104578E+000  1.0089186189286237E+000  1.0094911590851083E+000
  1.0100454268165133E+000  1.0105803912222218E+000  1.0110950587600089E+000  1.0115884747625501E+000  1.0120597250014660E+000
  1.0125079373669561E+000  1.0129322832512977E+000  1.0133319787688149E+000  1.0137062861626849E+000  1.0140545151013967E+000
  1.0143760238108757E+000  1.0146702200637616E+000  1.0149365621732798E+000  1.0151745599347251E+000  1.0153837753883059E+000
  1.0155638235632627E+000  1.0157143731614926E+000  1.0158351471274836E+000  1.0159259231500248E+000  1.0159865340217316E+000
  1.0160168678783923E+000  1.0160168678783996E+000  1.0159865340217582E+000  1.0159259231500641E+000  1.0158351471275382E+000
  1.0157143731615599E+000  1.0155638235633433E+000  1.0153837753884001E+000  1.0151745599348334E+000  1.0149365621734014E+000
  1.0146702200638964E+000  1.0143760238110175E+000  1.0140545151015519E+000  1.0137062861628476E+000  1.0133319787689887E+000
  1.0129322832514773E+000  1.0125079373671444E+000  1.0120597250016614E+000  1.0115884747627533E+000  1.0110950587602174E+000
  1.0105803912224356E+000  1.0100454268167312E+000  1.0094911590853288E+000  1.0089186189288506E+000  1.0083288726106907E+000
  1.0077230201609346E+000  1.0071021935738613E+000  1.0064675547349899E+000  1.0058202945374697E+000  1.0051616261496450E+000
  1.0044927899369671E+000  1.0038150447850509E+000  1.0031296728532841E+000  1.0024379688942788E+000  1.0017412480249692E+000
  1.0010408318271913E+000  1.0001709036447386E+000  9.9981504649166231E-001  9.9893074419560701E-001  9.9822890280548382E-001
  9.9753006776223685E-001  9.9683558927986859E-001  9.9614680618831108E-001  9.9546504684902326E-001  9.9479162597905002E-001
  9.9412784292566447E-001  9.9347497898703407E-001  9.9283429506814225E-001  9.9220702920706338E-001  9.9159439406606564E-001
  9.9099757469533956E-001  9.9041772599039157E-001  9.8985597055189789E-001  9.8931339645915306E-001  9.8879105494512243E-001
  9.8828995855925461E-001  9.8781107896017029E-001  9.8735534505901079E-001  9.8692364122724530E-001  9.8651680536113806E-001
  9.8613562738052929E-001  9.8578084771244257E-001  9.8545315558704905E-001  9.8515318778005412E-001  9.8488152743932111E-001
  9.8463870278469334E-001  9.8442518606001916E-001  9.8424139273516853E-001  9.8408768070711172E-001  9.8396434948757550E-001
  9.8387163955539048E-001  9.8380973187495824E-001  9.8377874754841099E-001  9.8377874754840544E-001  9.8380973187493714E-001
  9.8387163955535284E-001  9.8396434948751876E-001  9.8408768070704100E-001  9.8424139273508238E-001  9.8442518605992047E-001
  9.8463870278458099E-001  9.8488152743919455E-001  9.8515318777991701E-001  9.8545315558689572E-001  9.8578084771227903E-001
  9.8613562738035154E-001  9.8651680536095465E-001  9.8692364122704845E-001  9.8735534505880418E-001  9.8781107895995079E-001
  9.8828995855902368E-001  9.8879105494488628E-001  9.8931339645890648E-001  9.8985597055164587E-001  9.9041772599013100E-001
  9.9099757469507410E-001  9.9159439406579930E-001  9.9220702920679149E-001  9.9283429506786292E-001  9.9347497898675541E-001
  9.9412784292538292E-001  9.9479162597876403E-001  9.9546504684874204E-001  9.9614680618802276E-001  9.9683558927958216E-001
  9.9753006776195141E-001  9.9822890280520082E-001  9.9893074419532335E-001  9.9981504649149344E-001
BLOCK 86   5.5445095729798739E+000
  1.0001734717267587E+000  1.0010604475195646E+000  1.0017754129452179E+000  1.0024866092581637E+000  1.0031926871237562E+000
  1.0038923038559977E+000  1.0045841377329507E+000  1.0052668796161808E+000  1.0059392444771971E+000  1.0065999658691847E+000
  1.0072478055597747E+000  1.0078815474065910E+000  1.0085000053887341E+000  1.0091020237508008E+000  1.0096864795157330E+000
  1.0102522839468888E+000  1.0107983846375759E+000  1.0113237671044015E+000  1.0118274566606942E+000  1.0123085199195943E+000
  1.0127660664195237E+000  1.0131992501368192E+000  1.0136072707971069E+000  1.0139893752245477E+000  1.0143448586704469E+000
  1.0146730658463208E+000  1.0149733920120680E+000  1.0152452840477602E+000  1.0154882414229405E+000  1.0157018169943539E+000
  1.0158856177270292E+000  1.0160393053945684E+000  1.0161625971116797E+000  1.0162552657782089E+000  1.0163171405014424E+000
  1.0163481069328211E+000  1.0163481069328286E+000  1.0163171405014630E+000  1.0162552657782438E+000  1.0161625971117294E+000
  1.0160393053946331E+000  1.0158856177271069E+000  1.0157018169944454E+000  1.0154882414230442E+000  1.0152452840478770E+000
  1.0149733920121962E+000  1.0146730658464602E+000  1.0143448586705972E+000  1.0139893752247100E+000  1.0136072707972750E+000
  1.0131992501369969E+000  1.0127660664197080E+000  1.0123085199197894E+000  1.0118274566608942E+000  1.0113237671046080E+000
  1.0107983846377886E+000  1.0102522839471093E+000  1.0096864795159615E+000  1.0091020237510322E+000  1.0085000053889699E+000
  1.0078815474068294E+000  1.0072478055600165E+000  1.0065999658694340E+000  1.0059392444774498E+000  1.0052668796164355E+000
  1.0045841377332090E+000  1.0038923038562630E+000  1.0031926871240247E+000  1.0024866092584361E+000  1.0017754129454937E+000
  1.0010604475198415E+000  1.0001734717268957E+000  9.9981015107752669E-001  9.9890654937143719E-001  9.9819014396969208E-001
  9.9747681137650201E-001  9.9676792993760688E-001  9.9606486628507851E-001  9.9536897640683142E-001  9.9468160232829617E-001
  9.9400407038098648E-001  9.9333768827939983E-001  9.9268374298682160E-001  9.9204349794144298E-001  9.9141819081393778E-001
  9.9080903084001692E-001  9.9021719662392349E-001  9.8964383362375852E-001  9.8909005203697087E-001  9.8855692454621280E-001
  9.8804548412275262E-001  9.8755672214959034E-001  9.8709158628351168E-001  9.8665097866264950E-001  9.8623575414872733E-001
  9.8584671851625749E-001  9.8548462698342909E-001  9.8515018265312537E-001  9.8484403505807572E-001  9.8456677904422052E-001
  9.8431895352403664E-001  9.8410104027690071E-001  9.8391346310629302E-001  9.8375658701327195E-001  9.8363071734892238E-001
  9.8353609927332919E-001  9.8347291737081310E-001  9.8344129527724145E-001  9.8344129527722945E-001  9.8347291737078801E-001
  9.8353609927328767E-001  9.8363071734886409E-001  9.8375658701320223E-001  9.8391346310620853E-001  9.8410104027679945E-001
  9.8431895352392162E-001  9.8456677904409029E-001  9.8484403505792817E-001  9.8515018265297094E-001  9.8548462698325989E-001
  9.8584671851607597E-001  9.8623575414852815E-001  9.8665097866243945E-001  9.8709158628328786E-001  9.8755672214936141E-001
  9.8804548412251259E-001  9.8855692454596389E-001  9.8909005203671563E-001  9.8964383362349373E-001  9.9021719662364882E-001
  9.9080903083973981E-001  9.9141819081365501E-001  9.9204349794115532E-001  9.9268374298653039E-001  9.9333768827910407E-001
  9.9400407038068939E-001  9.9468160232799807E-001  9.9536897640652833E-001  9.9606486628478141E-001  9.9676792993730390E-001
  9.9747681137620203E-001  9.9819014396939487E-001  9.9890654937114154E-001  9.9981015107735072E-001
BLOCK 87   5.6097390973678598E+000
  1.0001760902170551E+000  1.0010804933784567E+000  1.0018103384478485E+000  1.0025363384762753E+000  1.0032571158491261E+000
  1.0039712997233445E+000  1.0046775406453987E+000  1.0053745021276081E+000  1.0060608722072777E+000  1.0067353579775407E+000
  1.0073966954166418E+000  1.0080436427475952E+000  1.0086749891807643E+000  1.0092895547985781E+000  1.0098861930815053E+000
  1.0104637924983086E+000  1.0110212785389319E+000  1.0115576154950925E+000  1.0120718081856594E+000  1.0125629036659378E+000
  1.0130299927676869E+000  1.0134722116402410E+000  1.0138887432042667E+000  1.0142788184405191E+000  1.0146417177517895E+000
  1.0149767721027014E+000  1.0152833641069872E+000  1.0155609291282628E+000  1.0158089561754777E+000  1.0160269886873852E+000
  1.0162146253060738E+000  1.0163715206220039E+000  1.0164973857454094E+000  1.0165919887412072E+000  1.0166551550683760E+000
  1.0166867679377971E+000  1.0166867679378064E+000  1.0166551550683969E+000  1.0165919887412418E+000  1.0164973857454556E+000
  1.0163715206220654E+000  1.0162146253061490E+000  1.0160269886874722E+000  1.0158089561755772E+000  1.0155609291283731E+000
  1.0152833641071126E+000  1.0149767721028362E+000  1.0146417177519345E+000  1.0142788184406744E+000  1.0138887432044326E+000
  1.0134722116404147E+000  1.0130299927678712E+000  1.0125629036661303E+000  1.0120718081858591E+000  1.0115576154952997E+000
  1.0110212785391468E+000  1.0104637924985314E+000  1.0098861930817351E+000  1.0092895547988112E+000  1.0086749891810014E+000
  1.0080436427478385E+000  1.0073966954168894E+000  1.0067353579777936E+000  1.0060608722075342E+000  1.0053745021278668E+000
  1.0046775406456632E+000  1.0039712997236154E+000  1.0032571158494001E+000  1.0025363384765544E+000  1.0018103384481329E+000
  1.0010804933787421E+000  1.0001760902171930E+000  9.9980513379736169E-001  9.9888178771394553E-001  9.9815048617576863E-001
  9.9742232514603857E-001  9.9669871182532654E-001  9.9598104138675558E-001  9.9527069800355228E-001  9.9456905155860031E-001
  9.9387745582767129E-001  9.9319724565849721E-001  9.9252973460629657E-001  9.9187621233315859E-001  9.9123794198648840E-001
  9.9061615772464806E-001  9.9001206226930594E-001  9.8942682460471398E-001  9.8886157759640669E-001  9.8831741579280585E-001
  9.8779539325203991E-001  9.8729652137654689E-001  9.8682176708352443E-001  9.8637205071189393E-001  9.8594824434148842E-001
  9.8555117006168103E-001  9.8518159826366158E-001  9.8484024624124133E-001  9.8452777667971902E-001  9.8424479633217510E-001
  9.8399185489088248E-001  9.8376944378369169E-001  9.8357799526430256E-001  9.8341788167280153E-001  9.8328941460591734E-001
  9.8319284421997422E-001  9.8312835881474248E-001  9.8309608440545948E-001  9.8309608440545171E-001  9.8312835881471772E-001
  9.8319284421993525E-001  9.8328941460586194E-001  9.8341788167272703E-001  9.8357799526421641E-001  9.8376944378358555E-001
  9.8399185489076513E-001  9.8424479633204409E-001  9.8452777667957270E-001  9.8484024624107513E-001  9.8518159826348550E-001
  9.8555117006148618E-001  9.8594824434127970E-001  9.8637205071167466E-001  9.8682176708329516E-001  9.8729652137630275E-001
  9.8779539325178589E-001  9.8831741579254018E-001  9.8886157759613480E-001  9.8942682460443721E-001  9.9001206226902161E-001
  9.9061615772435385E-001  9.9123794198619064E-001  9.9187621233285472E-001  9.9252973460598803E-001  9.9319724565818768E-001
  9.9387745582735942E-001  9.9456905155828590E-001  9.9527069800323875E-001  9.9598104138643817E-001  9.9669871182501379E-001
  9.9742232514572293E-001  9.9815048617545810E-001  9.9888178771364000E-001  9.9980513379718183E-001
BLOCK 88   5.6749686217558457E+000
  1.0001787602130747E+000  1.0011009782521592E+000  1.0018460401425202E+000  1.0025871789734528E+000  1.0033229881871430E+000
  1.0040520680145675E+000  1.0047730406688407E+000  1.0054845418604041E+000  1.0061852323997049E+000  1.0068737926533902E+000
  1.0075489308193566E+000  1.0082093793811575E+000  1.0088539024922174E+000  1.0094812958113122E+000  1.0100903887328803E+000
  1.0106800463650967E+000  1.0112491716947660E+000  1.0117967072733860E+000  1.0123216370596633E+000  1.0128229880555062E+000
  1.0132998320110558E+000  1.0137512868914684E+000  1.0141765184339258E+000  1.0145747414831099E+000  1.0149452213184869E+000
  1.0152872748790991E+000  1.0156002718442945E+000  1.0158836356983703E+000  1.0161368446958552E+000  1.0163594326610410E+000
  1.0165509897985039E+000  1.0167111634221619E+000  1.0168396585312245E+000  1.0169362382990286E+000  1.0170007245240866E+000
  1.0170329979782946E+000  1.0170329979782999E+000  1.0170007245241079E+000  1.0169362382990623E+000  1.0168396585312705E+000
  1.0167111634222226E+000  1.0165509897985761E+000  1.0163594326611267E+000  1.0161368446959498E+000  1.0158836356984773E+000
  1.0156002718444130E+000  1.0152872748792290E+000  1.0149452213186272E+000  1.0145747414832602E+000  1.0141765184340894E+000
  1.0137512868916407E+000  1.0132998320112387E+000  1.0128229880556971E+000  1.0123216370598644E+000  1.0117967072735958E+000
  1.0112491716949830E+000  1.0106800463653178E+000  1.0100903887331087E+000  1.0094812958115478E+000  1.0088539024924605E+000
  1.0082093793814062E+000  1.0075489308196124E+000  1.0068737926536488E+000  1.0061852323999678E+000  1.0054845418606722E+000
  1.0047730406691113E+000  1.0040520680148406E+000  1.0033229881874233E+000  1.0025871789737393E+000  1.0018460401428118E+000
  1.0011009782524556E+000  1.0001787602132135E+000  9.9979999194980318E-001  9.9885644741950219E-001  9.9810991075525901E-001
  9.9736658355307739E-001  9.9662790253308597E-001  9.9589529203800187E-001  9.9517016516486900E-001  9.9445392025195023E-001
  9.9374793927958449E-001  9.9305358477187666E-001  9.9237219755180628E-001  9.9170509389707895E-001  9.9105356311181725E-001
  9.9041886479406416E-001  9.8980222654669314E-001  9.8920484139479836E-001  9.8862786548293990E-001  9.8807241570032089E-001
  9.8753956758284767E-001  9.8703035320057464E-001  9.8654575907290676E-001  9.8608672432900490E-001  9.8565413871607577E-001
  9.8524884094990395E-001  9.8487161702807957E-001  9.8452319861150694E-001  9.8420426171468889E-001  9.8391542529389053E-001
  9.8365725007302252E-001  9.8343023747435154E-001  9.8323482849564525E-001  9.8307140291325779E-001  9.8294027855030930E-001
  9.8284171062855230E-001  9.8277589130618359E-001  9.8274294925839123E-001  9.8274294925838079E-001  9.8277589130615428E-001
  9.8284171062850967E-001  9.8294027855025112E-001  9.8307140291318429E-001  9.8323482849555577E-001  9.8343023747424774E-001
  9.8365725007289628E-001  9.8391542529375242E-001  9.8420426171453079E-001  9.8452319861133575E-001  9.8487161702789294E-001
  9.8524884094970655E-001  9.8565413871585894E-001  9.8608672432877498E-001  9.8654575907266573E-001  9.8703035320032018E-001
  9.8753956758258110E-001  9.8807241570004556E-001  9.8862786548265313E-001  9.8920484139450637E-001  9.8980222654639116E-001
  9.9041886479375696E-001  9.9105356311150550E-001  9.9170509389676431E-001  9.9237219755148598E-001  9.9305358477154992E-001
  9.9374793927925342E-001  9.9445392025161850E-001  9.9517016516453705E-001  9.9589529203767690E-001  9.9662790253275857E-001
  9.9736658355275620E-001  9.9810991075493671E-001  9.9885644741918644E-001  9.9979999194961777E-001
BLOCK 89   5.7401981461438316E+000
  1.0001814827936273E+000  1.0011219109305061E+000  1.0018825336464336E+000  1.0026391530712593E+000  1.0033903331919229E+000
  1.0041346447518278E+000  1.0048706811591137E+000  1.0055970492924278E+000  1.0063123815678388E+000  1.0070153314966976E+000
  1.0077045791732060E+000  1.0083788312656918E+000  1.0090368257715425E+000  1.0096773329976256E+000  1.0102991579583227E+000
  1.0109011419542919E+000  1.0114821652024359E+000  1.0120411481392475E+000  1.0125770533181626E+000  1.0130888872622086E+000
  1.0135757022351606E+000  1.0140365977317616E+000  1.0144707219865481E+000  1.0148772733708047E+000  1.0152555017233182E+000
  1.0156047095809455E+000  1.0159242533390340E+000  1.0162135442959570E+000  1.0164720496873709E+000  1.0166992935478547E+000
  1.0168948575047771E+000  1.0170583815037835E+000  1.0171895643806517E+000  1.0172881643734271E+000  1.0173539995554739E+000
  1.0173869481632773E+000  1.0173869481632833E+000  1.0173539995554923E+000  1.0172881643734593E+000  1.0171895643806967E+000
  1.0170583815038394E+000  1.0168948575048444E+000  1.0166992935479349E+000  1.0164720496874626E+000  1.0162135442960614E+000
  1.0159242533391488E+000  1.0156047095810721E+000  1.0152555017234544E+000  1.0148772733709532E+000  1.0144707219867068E+000
  1.0140365977319341E+000  1.0135757022353409E+000  1.0130888872623998E+000  1.0125770533183609E+000  1.0120411481394560E+000
  1.0114821652026518E+000  1.0109011419545166E+000  1.0102991579585563E+000  1.0096773329978663E+000  1.0090368257717890E+000
  1.0083788312659434E+000  1.0077045791734649E+000  1.0070153314969610E+000  1.0063123815681088E+000  1.0055970492927038E+000
  1.0048706811593924E+000  1.0041346447521111E+000  1.0033903331922134E+000  1.0026391530715550E+000  1.0018825336467339E+000
  1.0011219109308114E+000  1.0001814827937656E+000  9.9979472267814651E-001  9.9883051621901331E-001  9.9806839841955453E-001
  9.9730956027803275E-001  9.9655546871552114E-001  9.9580757791583163E-001  9.9506733054008722E-001  9.9433615417142784E-001
  9.9361545955472408E-001  9.9290663765137899E-001  9.9221105712432323E-001  9.9153006158914347E-001  9.9086496702450544E-001
  9.9021705912130631E-001  9.8958759075534897E-001  9.8897777955912958E-001  9.8838880544949037E-001  9.8782180832908761E-001
  9.8727788587038090E-001  9.8675809131335945E-001  9.8626343137123296E-001  9.8579486419720330E-001  9.8535329763575163E-001
  9.8493958735618059E-001  9.8455453528203440E-001  9.8419888795660426E-001  9.8387333503117003E-001  9.8357850797597424E-001
  9.8331497877426810E-001  9.8308325889248682E-001  9.8288379830002637E-001  9.8271698446559841E-001  9.8258314167668825E-001
  9.8248253039094235E-001  9.8241534666298247E-001  9.8238172174151894E-001  9.8238172174150906E-001  9.8241534666295993E-001
  9.8248253039089950E-001  9.8258314167662819E-001  9.8271698446552080E-001  9.8288379829992889E-001  9.8308325889237225E-001
  9.8331497877414076E-001  9.8357850797582458E-001  9.8387333503100882E-001  9.8419888795642663E-001  9.8455453528184145E-001
  9.8493958735597076E-001  9.8535329763552726E-001  9.8579486419696438E-001  9.8626343137097972E-001  9.8675809131309622E-001
  9.8727788587010457E-001  9.8782180832879574E-001  9.8838880544919439E-001  9.8897777955882082E-001  9.8958759075503422E-001
  9.9021705912098446E-001  9.9086496702417581E-001  9.9153006158880597E-001  9.9221105712398372E-001  9.9290663765103759E-001
  9.9361545955438424E-001  9.9433615417108545E-001  9.9506733053974683E-001  9.9580757791548857E-001  9.9655546871518252E-001
  9.9730956027769357E-001  9.9806839841922212E-001  9.9883051621868602E-001  9.9979472267795566E-001
BLOCK 90   5.8054276705318175E+000
  1.0001842587058321E+000  1.0011432998059377E+000  1.0019198348873106E+000  1.0026922843573411E+000  1.0034591817329921E+000
  1.0042190677390950E+000  1.0049705061840946E+000  1.0057120744960573E+000  1.0064423766397030E+000  1.0071600378237986E+000
  1.0078637104096118E+000  1.0085520738177709E+000  1.0092238399220266E+000  1.0098777530449787E+000  1.0105125932451340E+000
  1.0111271776171302E+000  1.0117203627205098E+000  1.0122910464251103E+000  1.0128381696110138E+000  1.0133607181209012E+000
  1.0138577244956577E+000  1.0143282693194846E+000  1.0147714828512862E+000  1.0151865465347838E+000  1.0155726944126102E+000
  1.0159292143300140E+000  1.0162554491434868E+000  1.0165507977910799E+000  1.0168147163045527E+000  1.0170467187224621E+000
  1.0172463778791554E+000  1.0174133261347882E+000  1.0175472559985379E+000  1.0176479206569988E+000  1.0177151344078066E+000
  1.0177487729640435E+000  1.0177487729640502E+000  1.0177151344078246E+000  1.0176479206570304E+000  1.0175472559985768E+000
  1.0174133261348408E+000  1.0172463778792222E+000  1.0170467187225400E+000  1.0168147163046393E+000  1.0165507977911801E+000
  1.0162554491435967E+000  1.0159292143301362E+000  1.0155726944127466E+000  1.0151865465349315E+000  1.0147714828514431E+000
  1.0143282693196525E+000  1.0138577244958360E+000  1.0133607181210884E+000  1.0128381696112130E+000  1.0122910464253185E+000
  1.0117203627207272E+000  1.0111271776173563E+000  1.0105125932453702E+000  1.0098777530452212E+000  1.0092238399222748E+000
  1.0085520738180294E+000  1.0078637104098760E+000  1.0071600378240708E+000  1.0064423766399822E+000  1.0057120744963393E+000
  1.0049705061843848E+000  1.0042190677393923E+000  1.0034591817332945E+000  1.0026922843576467E+000  1.0019198348876244E+000
  1.0011432998062511E+000  1.0001842587059731E+000  9.9978932287068700E-001  9.9880398136452353E-001  9.9802592931817413E-001
  9.9725122822246426E-001  9.9648137599758813E-001  9.9571785745708885E-001  9.9496214555517182E-001  9.9421569772816709E-001
  9.9347995424109548E-001  9.9275633503268301E-001  9.9204623733911734E-001  9.9135103268103519E-001  9.9067206439080480E-001
  9.9001064480648948E-001  9.8936805279792839E-001  9.8874553115297803E-001  9.8814428420260325E-001  9.8756547533026040E-001
  9.8701022475922406E-001  9.8647960732453932E-001  9.8597465036123944E-001  9.8549633170872974E-001  9.8504557777955992E-001
  9.8462326174287784E-001  9.8423020173193210E-001  9.8386715938322200E-001  9.8353483834045141E-001  9.8323388286730995E-001
  9.8296487660772736E-001  9.8272834139562837E-001  9.8252473629642512E-001  9.8235445664142085E-001  9.8221783323546108E-001
  9.8211513182456378E-001  9.8204655244811279E-001  9.8201222900762219E-001  9.8201222900761809E-001  9.8204655244807870E-001
  9.8211513182451593E-001  9.8221783323539502E-001  9.8235445664133692E-001  9.8252473629632209E-001  9.8272834139550891E-001
  9.8296487660759069E-001  9.8323388286715763E-001  9.8353483834027944E-001  9.8386715938303793E-001  9.8423020173172793E-001
  9.8462326174265902E-001  9.8504557777932900E-001  9.8549633170847994E-001  9.8597465036097565E-001  9.8647960732426132E-001
  9.8701022475893385E-001  9.8756547532995853E-001  9.8814428420228895E-001  9.8874553115265507E-001  9.8936805279759377E-001
  9.9001064480615042E-001  9.9067206439046096E-001  9.9135103268068514E-001  9.9204623733876462E-001  9.9275633503232885E-001
  9.9347995424073854E-001  9.9421569772781104E-001  9.9496214555481599E-001  9.9571785745673602E-001  9.9648137599723940E-001
  9.9725122822211920E-001  9.9802592931783130E-001  9.9880398136418491E-001  9.9978932287048972E-001
BLOCK 91   5.8706571949198034E+000
  1.0001870891691893E+000  1.0011651545701605E+000  1.0019579606949309E+000  1.0027465963961590E+000  1.0035295643165387E+000
  1.0043053743513635E+000  1.0050725600094248E+000  1.0058296688967887E+000  1.0065752755066957E+000  1.0073079764935049E+000
  1.0080263955013951E+000  1.0087291845021800E+000  1.0094150282582184E+000  1.0100826449272604E+000  1.0107307889175137E+000
  1.0113582526643963E+000  1.0119638688180761E+000  1.0125465121170791E+000  1.0131051013958257E+000  1.0136386011698622E+000
  1.0141460236528093E+000  1.0146264301527688E+000  1.0150789327421148E+000  1.0155026957904871E+000  1.0158969372943338E+000
  1.0162609300817971E+000  1.0165940031270253E+000  1.0168955427133584E+000  1.0171649934320954E+000  1.0174018590994101E+000
  1.0176057035877148E+000  1.0177761515387302E+000  1.0179128890043894E+000  1.0180156639742048E+000  1.0180842868154594E+000
  1.0181186306091554E+000  1.0181186306091585E+000  1.0180842868154774E+000  1.0180156639742339E+000  1.0179128890044280E+000
  1.0177761515387787E+000  1.0176057035877777E+000  1.0174018590994840E+000  1.0171649934321800E+000  1.0168955427134556E+000
  1.0165940031271359E+000  1.0162609300819192E+000  1.0158969372944677E+000  1.0155026957906290E+000  1.0150789327422685E+000
  1.0146264301529362E+000  1.0141460236529889E+000  1.0136386011700522E+000  1.0131051013960268E+000  1.0125465121172885E+000
  1.0119638688182939E+000  1.0113582526646239E+000  1.0107307889177504E+000  1.0100826449275073E+000  1.0094150282584720E+000
  1.0087291845024431E+000  1.0080263955016673E+000  1.0073079764937864E+000  1.0065752755069834E+000  1.0058296688970809E+000
  1.0050725600097234E+000  1.0043053743516690E+000  1.0035295643168507E+000  1.0027465963964775E+000  1.0019579606952553E+000
  1.0011651545704892E+000  1.0001870891693330E+000  9.9978378939556778E-001  9.9877682925881750E-001  9.9798248222362496E-001
  9.9719155896710598E-001  9.9640558896848019E-001  9.9562608825361576E-001  9.9485456065456812E-001  9.9409249417011292E-001
  9.9334135929700818E-001  9.9260260577986981E-001  9.9187766002547584E-001  9.9116792221251182E-001  9.9047476363709785E-001
  9.8979952397982718E-001  9.8914350865379030E-001  9.8850798619851188E-001  9.8789418582212674E-001  9.8730329497392089E-001
  9.8673645698971291E-001  9.8619476884727397E-001  9.8567927899354768E-001  9.8519098529391103E-001  9.8473083314425658E-001
  9.8429971357181278E-001  9.8389846151198934E-001  9.8352785416221522E-001  9.8318860956729726E-001  9.8288138509524126E-001
  9.8260677618224790E-001  9.8236531526004045E-001  9.8215747067192227E-001  9.8198364577063579E-001  9.8184417810262314E-001
  9.8173933875655683E-001  9.8166933181604787E-001  9.8163429391225032E-001  9.8163429391223844E-001  9.8166933181601812E-001
  9.8173933875650299E-001  9.8184417810255509E-001  9.8198364577054897E-001  9.8215747067181114E-001  9.8236531525991333E-001
  9.8260677618210324E-001  9.8288138509508072E-001  9.8318860956711840E-001  9.8352785416201882E-001  9.8389846151177940E-001
  9.8429971357158408E-001  9.8473083314401200E-001  9.8519098529365223E-001  9.8567927899327112E-001  9.8619476884698132E-001
  9.8673645698941193E-001  9.8730329497360425E-001  9.8789418582179622E-001  9.8850798619817237E-001  9.8914350865344425E-001
  9.8979952397947346E-001  9.9047476363673959E-001  9.9116792221214889E-001  9.9187766002510780E-001  9.9260260577950099E-001
  9.9334135929664014E-001  9.9409249416974554E-001  9.9485456065420230E-001  9.9562608825325172E-001  9.9640558896812026E-001
  9.9719155896674982E-001  9.9798248222327246E-001  9.9877682925846800E-001  9.9978378939536494E-001
BLOCK 92   5.9358867193077893E+000
  1.0001899751149601E+000  1.0011874841182602E+000  1.0019969272897362E+000  1.0028021129379772E+000  1.0036015120162571E+000
  1.0043936028842773E+000  1.0051768881849785E+000  1.0059498848362711E+000  1.0067111374261302E+000  1.0074592131733848E+000
  1.0081927066770817E+000  1.0089102416618236E+000  1.0096104754491626E+000  1.0102920992832218E+000  1.0109538416126786E+000
  1.0115944695246839E+000  1.0122127913196814E+000  1.0128076581281298E+000  1.0133779661449172E+000  1.0139226582510528E+000
  1.0144407259162587E+000  1.0149312108435291E+000  1.0153932065262545E+000  1.0158258597975167E+000  1.0162283722643795E+000
  1.0166000015377612E+000  1.0169400625872671E+000  1.0172479288626497E+000  1.0175230332630385E+000  1.0177648690923817E+000
  1.0179729909963313E+000  1.0181470157000485E+000  1.0182866226283691E+000  1.0183915544379487E+000  1.0184616174583530E+000
  1.0184966820564045E+000  1.0184966820564065E+000  1.0184616174583656E+000  1.0183915544379751E+000  1.0182866226284055E+000
  1.0181470157000982E+000  1.0179729909963933E+000  1.0177648690924546E+000  1.0175230332631244E+000  1.0172479288627454E+000
  1.0169400625873741E+000  1.0166000015378811E+000  1.0162283722645122E+000  1.0158258597976588E+000  1.0153932065264082E+000
  1.0149312108436968E+000  1.0144407259164341E+000  1.0139226582512393E+000  1.0133779661451159E+000  1.0128076581283407E+000
  1.0122127913199017E+000  1.0115944695249157E+000  1.0109538416129189E+000  1.0102920992834714E+000  1.0096104754494244E+000
  1.0089102416620930E+000  1.0081927066773611E+000  1.0074592131736735E+000  1.0067111374264239E+000  1.0059498848365729E+000
  1.0051768881852883E+000  1.0043936028845946E+000  1.0036015120165793E+000  1.0028021129383071E+000  1.0019969272900715E+000
  1.0011874841186004E+000  1.0001899751151064E+000  9.9977811909283643E-001  9.9874904683843013E-001  9.9793803655059499E-001
  9.9713052409140435E-001  9.9632807128516088E-001  9.9553222609261127E-001  9.9474452408373248E-001  9.9396648453909842E-001
  9.9319960881506963E-001  9.9244537702732671E-001  9.9170524546893113E-001  9.9098064358673876E-001  9.9027297142579929E-001
  9.8958359662656714E-001  9.8891385180788172E-001  9.8826503185185444E-001  9.8763839145637944E-001  9.8703514263307324E-001
  9.8645645236307211E-001  9.8590344024849130E-001  9.8537717636946487E-001  9.8487867915937932E-001  9.8440891346122916E-001
  9.8396878863429371E-001  9.8355915673505978E-001  9.8318081092421816E-001  9.8283448391294759E-001  9.8252084653470750E-001
  9.8224050639199634E-001  9.8199400676715543E-001  9.8178182553498872E-001  9.8160437417775670E-001  9.8146199708029258E-001
  9.8135497079915612E-001  9.8128350354784699E-001  9.8124773479254745E-001  9.8124773479253669E-001  9.8128350354781824E-001
  9.8135497079910206E-001  9.8146199708021686E-001  9.8160437417766122E-001  9.8178182553487281E-001  9.8199400676701898E-001
  9.8224050639184435E-001  9.8252084653453298E-001  9.8283448391276040E-001  9.8318081092400988E-001  9.8355915673483740E-001
  9.8396878863405490E-001  9.8440891346096893E-001  9.8487867915910365E-001  9.8537717636917632E-001  9.8590344024818655E-001
  9.8645645236275581E-001  9.8703514263274406E-001  9.8763839145603960E-001  9.8826503185150061E-001  9.8891385180752500E-001
  9.8958359662620199E-001  9.9027297142542647E-001  9.9098064358635907E-001  9.9170524546855265E-001  9.9244537702694713E-001
  9.9319960881469127E-001  9.9396648453871994E-001  9.9474452408335445E-001  9.9553222609223713E-001  9.9632807128478851E-001
  9.9713052409103464E-001  9.9793803655022784E-001  9.9874904683806898E-001  9.9977811909262626E-001
BLOCK 93   6.0011162436957752E+000
  1.0001929174398183E+000  1.0012102974650949E+000  1.0020367513470041E+000  1.0028588581534286E+000  1.0036750564330221E+000
  1.0044837923090140E+000  1.0052835367076818E+000  1.0060727751885934E+000  1.0068500226911956E+000  1.0076138148013309E+000
  1.0083627174508059E+000  1.0090953254968216E+000  1.0098102680696388E+000  1.0105062090186954E+000  1.0111818501297467E+000
  1.0118359327132920E+000  1.0124672400902750E+000  1.0130745994126096E+000  1.0136568837664044E+000  1.0142130139648249E+000
  1.0147419604027406E+000  1.0152427447119501E+000  1.0157144414711605E+000  1.0161561796425136E+000  1.0165671441435642E+000
  1.0169465770788235E+000  1.0172937790661458E+000  1.0176081104084032E+000  1.0178889921106178E+000  1.0181359068532927E+000
  1.0183483999134850E+000  1.0185260798842439E+000  1.0186686193179131E+000  1.0187757553452532E+000  1.0188472901638816E+000
  1.0188830913849733E+000  1.0188830913849776E+000  1.0188472901638985E+000  1.0187757553452834E+000  1.0186686193179497E+000
  1.0185260798842934E+000  1.0183483999135459E+000  1.0181359068533649E+000  1.0178889921107022E+000  1.0176081104084991E+000
  1.0172937790662542E+000  1.0169465770789450E+000  1.0165671441436965E+000  1.0161561796426559E+000  1.0157144414713131E+000
  1.0152427447121155E+000  1.0147419604029166E+000  1.0142130139650125E+000  1.0136568837666025E+000  1.0130745994128183E+000
  1.0124672400904975E+000  1.0118359327135258E+000  1.0111818501299905E+000  1.0105062090189505E+000  1.0098102680699035E+000
  1.0090953254970978E+000  1.0083627174510921E+000  1.0076138148016287E+000  1.0068500226915007E+000  1.0060727751889063E+000
  1.0052835367080015E+000  1.0044837923093397E+000  1.0036750564333554E+000  1.0028588581537692E+000  1.0020367513473527E+000
  1.0012102974654473E+000  1.0001929174399682E+000  9.9977230856881549E-001  9.9872062015697016E-001  9.9789257065510450E-001
  9.9706809421897913E-001  9.9624878585205390E-001  9.9543622625823480E-001  9.9463198343352843E-001  9.9383760873332505E-001
  9.9305463507609182E-001  9.9228457368760570E-001  9.9152891146887534E-001  9.9078910785761309E-001  9.9006659214007831E-001
  9.8936276053168926E-001  9.8867897342152644E-001  9.8801655272758870E-001  9.8737677931959167E-001  9.8676089042080495E-001
  9.8617007719162564E-001  9.8560548241462420E-001  9.8506819828573189E-001  9.8455926430470453E-001  9.8407966523192869E-001
  9.8363032915132675E-001  9.8321212567441973E-001  9.8282586425292140E-001  9.8247229264444946E-001  9.8215209540680271E-001
  9.8186589262113966E-001  9.8161423866316455E-001  9.8139762115342721E-001  9.8121646000714768E-001  9.8107110661167141E-001
  9.8096184318073409E-001  9.8088888216315528E-001  9.8085236581539059E-001  9.8085236581538249E-001  9.8088888216312042E-001
  9.8096184318067936E-001  9.8107110661158969E-001  9.8121646000704732E-001  9.8139762115331208E-001  9.8161423866302144E-001
  9.8186589262097512E-001  9.8215209540662463E-001  9.8247229264424374E-001  9.8282586425270091E-001  9.8321212567418192E-001
  9.8363032915106929E-001  9.8407966523165957E-001  9.8455926430441754E-001  9.8506819828543157E-001  9.8560548241430790E-001
  9.8617007719129191E-001  9.8676089042046389E-001  9.8737677931923562E-001  9.8801655272722411E-001  9.8867897342115352E-001
  9.8936276053131411E-001  9.9006659213969472E-001  9.9078910785722707E-001  9.9152891146848676E-001  9.9228457368721545E-001
  9.9305463507570069E-001  9.9383760873293192E-001  9.9463198343313708E-001  9.9543622625784778E-001  9.9624878585167009E-001
  9.9706809421859754E-001  9.9789257065472492E-001  9.9872062015659535E-001  9.9977230856859844E-001
BLOCK 94   6.0663457680837611E+000
  1.0001959169945993E+000  1.0012336039358902E+000  1.0020774498365745E+000  1.0029168563573359E+000  1.0037502291100207E+000
  1.0045759814264139E+000  1.0053925518590106E+000  1.0061983943133794E+000  1.0069919921823280E+000  1.0077718501784396E+000
  1.0085365037090750E+000  1.0092845184993031E+000  1.0100144948279544E+000  1.0107250687343159E+000  1.0114149149848592E+000
  1.0120827484596198E+000  1.0127273270089427E+000  1.0133474532305005E+000  1.0139419767048388E+000  1.0145097956743658E+000
  1.0150498590829706E+000  1.0155611681344954E+000  1.0160427781099881E+000  1.0164937998062209E+000  1.0169134010915697E+000
  1.0173008082407826E+000  1.0176553072190506E+000  1.0179762448912879E+000  1.0182630301017745E+000  1.0185151346400774E+000
  1.0187320941817668E+000  1.0189135090451868E+000  1.0190590448648655E+000  1.0191684332060778E+000  1.0192414720318841E+000
  1.0192780260445204E+000  1.0192780260445273E+000  1.0192414720319032E+000  1.0191684332061077E+000  1.0190590448649059E+000
  1.0189135090452393E+000  1.0187320941818330E+000  1.0185151346401513E+000  1.0182630301018609E+000  1.0179762448913836E+000
  1.0176553072191572E+000  1.0173008082409032E+000  1.0169134010917016E+000  1.0164937998063617E+000  1.0160427781101422E+000
  1.0155611681346601E+000  1.0150498590831487E+000  1.0145097956745550E+000  1.0139419767050390E+000  1.0133474532307136E+000
  1.0127273270091670E+000  1.0120827484598536E+000  1.0114149149851079E+000  1.0107250687345750E+000  1.0100144948282261E+000
  1.0092845184995851E+000  1.0085365037093701E+000  1.0077718501787443E+000  1.0069919921826407E+000  1.0061983943136990E+000
  1.0053925518593398E+000  1.0045759814267523E+000  1.0037502291103682E+000  1.0029168563576896E+000  1.0020774498369329E+000
  1.0012336039362526E+000  1.0001959169947525E+000  9.9976635418741444E-001  9.9869153452532877E-001  9.9784606189469982E-001
  9.9700423894213230E-001  9.9616769453292742E-001  9.9533804288483230E-001  9.9451688516413828E-001  9.9370580551034526E-001
  9.9290636924579745E-001  9.9212011940279732E-001  9.9134857418375721E-001  9.9059322369492453E-001  9.8985552719174119E-001
  9.8913691011315885E-001  9.8843876135010966E-001  9.8776243040606115E-001  9.8710922486986519E-001  9.8648040773909129E-001
  9.8587719499471127E-001  9.8530075322159782E-001  9.8475219734250674E-001  9.8423258838201355E-001  9.8374293143698766E-001
  9.8328417371701005E-001  9.8285720277391897E-001  9.8246284476282042E-001  9.8210186280697198E-001  9.8177495554756211E-001
  9.8148275579616240E-001  9.8122582931633795E-001  9.8100467372695221E-001  9.8081971756673458E-001  9.8067131941784513E-001
  9.8055976727012684E-001  9.8048527797521745E-001  9.8044799672344807E-001  9.8044799672343308E-001  9.8048527797518470E-001
  9.8055976727006522E-001  9.8067131941776187E-001  9.8081971756662867E-001  9.8100467372682565E-001  9.8122582931618607E-001
  9.8148275579598732E-001  9.8177495554737026E-001  9.8210186280676370E-001  9.8246284476258972E-001  9.8285720277366717E-001
  9.8328417371674159E-001  9.8374293143669933E-001  9.8423258838171213E-001  9.8475219734218922E-001  9.8530075322126542E-001
  9.8587719499436577E-001  9.8648040773873147E-001  9.8710922486950370E-001  9.8776243040568279E-001  9.8843876134972630E-001
  9.8913691011277083E-001  9.8985552719134640E-001  9.9059322369452518E-001  9.9134857418335598E-001  9.9212011940239542E-001
  9.9290636924539266E-001  9.9370580550994225E-001  9.9451688516373449E-001  9.9533804288442962E-001  9.9616769453252840E-001
  9.9700423894173518E-001  9.9784606189430569E-001  9.9869153452494230E-001  9.9976635418718918E-001
BLOCK 95   6.1315752924717470E+000
  1.0001989742317243E+000  1.0012574117340003E+000  1.0021190389286037E+000  1.0029761321792559E+000  1.0038270631670552E+000
  1.0046702113161623E+000  1.0055039824471219E+000  1.0063267976199841E+000  1.0071371085960505E+000  1.0079333882352304E+000
  1.0087141413467509E+000  1.0094779034291932E+000  1.0102232456750575E+000  1.0109487752528945E+000  1.0116531392036154E+000
  1.0123350255611254E+000  1.0129931663004403E+000  1.0136263391815348E+000  1.0142333698041970E+000  1.0148131333720249E+000
  1.0153645568628278E+000  1.0158866206810855E+000  1.0163783604020482E+000  1.0168388682873661E+000  1.0172672948228612E+000
  1.0176628500976492E+000  1.0180248051399767E+000  1.0183524930996821E+000  1.0186453104068403E+000  1.0189027177384820E+000
  1.0191242409653858E+000  1.0193094719447575E+000  1.0194580692163482E+000  1.0195697586389596E+000  1.0196443339004451E+000
  1.0196816568750517E+000  1.0196816568750560E+000  1.0196443339004626E+000  1.0195697586389896E+000  1.0194580692163882E+000
  1.0193094719448137E+000  1.0191242409654517E+000  1.0189027177385575E+000  1.0186453104069280E+000  1.0183524930997803E+000
  1.0180248051400822E+000  1.0176628500977680E+000  1.0172672948229893E+000  1.0168388682875089E+000  1.0163783604022030E+000
  1.0158866206812536E+000  1.0153645568630070E+000  1.0148131333722159E+000  1.0142333698044015E+000  1.0136263391817528E+000
  1.0129931663006675E+000  1.0123350255613655E+000  1.0116531392038686E+000  1.0109487752531603E+000  1.0102232456753319E+000
  1.0094779034294812E+000  1.0087141413470520E+000  1.0079333882355430E+000  1.0071371085963716E+000  1.0063267976203150E+000
  1.0055039824474603E+000  1.0046702113165107E+000  1.0038270631674129E+000  1.0029761321796191E+000  1.0021190389289736E+000
  1.0012574117343762E+000  1.0001989742318824E+000  9.9976025208939745E-001  9.9866177511284837E-001  9.9779848742707933E-001
  9.9693892722510280E-001  9.9608475817972075E-001  9.9523762880836952E-001  9.9439917422900592E-001  9.9357101208289866E-001
  9.9275474076227754E-001  9.9195193590173836E-001  9.9116414769301686E-001  9.9039289766057848E-001  9.8963967577448930E-001
  9.8890593741713473E-001  9.8819310062821564E-001  9.8750254321422526E-001  9.8683560008130944E-001  9.8619356063282881E-001
  9.8557766621699228E-001  9.8498910770281667E-001  9.8442902319655923E-001  9.8389849578203359E-001  9.8339855141785260E-001
  9.8293015698454611E-001  9.8249421840687134E-001  9.8209157887789522E-001  9.8172301722667898E-001  9.8138924647898595E-001
  9.8109091249109237E-001  9.8082859267346711E-001  9.8060279492005786E-001  9.8041395659804131E-001  9.8026244372343552E-001
  9.8014855025897241E-001  9.8007249753832770E-001  9.8003443381165511E-001  9.8003443381164312E-001  9.8007249753828773E-001
  9.8014855025890835E-001  9.8026244372334514E-001  9.8041395659792763E-001  9.8060279491991764E-001  9.8082859267330957E-001
  9.8109091249091251E-001  9.8138924647878278E-001  9.8172301722645694E-001  9.8209157887764809E-001  9.8249421840660733E-001
  9.8293015698426434E-001  9.8339855141755206E-001  9.8389849578171495E-001  9.8442902319622372E-001  9.8498910770246939E-001
  9.8557766621662890E-001  9.8619356063246089E-001  9.8683560008092952E-001  9.8750254321383923E-001  9.8819310062782062E-001
  9.8890593741673594E-001  9.8963967577408618E-001  9.9039289766016791E-001  9.9116414769260497E-001  9.9195193590132125E-001
  9.9275474076186221E-001  9.9357101208248277E-001  9.9439917422859025E-001  9.9523762880795419E-001  9.9608475817930842E-001
  9.9693892722469257E-001  9.9779848742667465E-001  9.9866177511244714E-001  9.9976025208916464E-001
BLOCK 96   6.1968048168597329E+000
  1.0002020897279809E+000  1.0012817302432233E+000  1.0021615363417378E+000  1.0030367111614464E+000  1.0039055916418280E+000
  1.0047665229118161E+000  1.0056178769509805E+000  1.0064580414949431E+000  1.0072854358223156E+000  1.0080985003526282E+000
  1.0088957085804058E+000  1.0096755653212395E+000  1.0104366117643100E+000  1.0111774260202064E+000  1.0118966266745475E+000
  1.0125928744720281E+000  1.0132648748804860E+000  1.0139113800924662E+000  1.0145311912695827E+000  1.0151231602376811E+000
  1.0156861917384816E+000  1.0162192449895386E+000  1.0167213354212743E+000  1.0171915362732407E+000  1.0176289802864380E+000
  1.0180328610389484E+000  1.0184024343248206E+000  1.0187370193165175E+000  1.0190359997501868E+000  1.0192988249487063E+000
  1.0195250107846479E+000  1.0197141405250976E+000  1.0198658655392179E+000  1.0199799059048016E+000  1.0200560509367771E+000
  1.0200941595780013E+000  1.0200941595780066E+000  1.0200560509367991E+000  1.0199799059048311E+000  1.0198658655392583E+000
  1.0197141405251535E+000  1.0195250107847105E+000  1.0192988249487833E+000  1.0190359997502743E+000  1.0187370193166168E+000
  1.0184024343249316E+000  1.0180328610390710E+000  1.0176289802865717E+000  1.0171915362733859E+000  1.0167213354214306E+000
  1.0162192449897081E+000  1.0156861917386633E+000  1.0151231602378754E+000  1.0145311912697916E+000  1.0139113800926893E+000
  1.0132648748807196E+000  1.0125928744722743E+000  1.0118966266748084E+000  1.0111774260204782E+000  1.0104366117645911E+000
  1.0096755653215339E+000  1.0088957085807131E+000  1.0080985003529483E+000  1.0072854358226460E+000  1.0064580414952813E+000
  1.0056178769513273E+000  1.0047665229121743E+000  1.0039055916421962E+000  1.0030367111618235E+000  1.0021615363421195E+000
  1.0012817302436126E+000  1.0002020897281423E+000  9.9975399799557074E-001  9.9863132562656487E-001  9.9774982298778248E-001
  9.9687212704161321E-001  9.9599993688958133E-001  9.9513493606110304E-001  9.9427879437548294E-001  9.9343316388595837E-001
  9.9259967694960360E-001  9.9177994256027557E-001  9.9097554368988927E-001  9.9018803395045329E-001  9.8941893475666320E-001
  9.8866973215252463E-001  9.8794187401103795E-001  9.8723676709241881E-001  9.8655577432082109E-001  9.8590021208084333E-001
  9.8527134769984881E-001  9.8467039688518887E-001  9.8409852145254562E-001  9.8355682703484737E-001  9.8304636092496533E-001
  9.8256811007225253E-001  9.8212299920147639E-001  9.8171188896252937E-001  9.8133557434858032E-001  9.8099478317013633E-001
  9.8069017464213959E-001  9.8042233810824708E-001  9.8019179193797001E-001  9.7999898256939988E-001  9.7984428364072262E-001
  9.7972799524130794E-001  9.7965034330920953E-001  9.7961147919513136E-001  9.7961147919511604E-001  9.7965034330916456E-001
  9.7972799524123577E-001  9.7984428364063092E-001  9.7999898256928220E-001  9.8019179193782291E-001  9.8042233810808077E-001
  9.8069017464195141E-001  9.8099478316991562E-001  9.8133557434834162E-001  9.8171188896227168E-001  9.8212299920119961E-001
  9.8256811007195666E-001  9.8304636092464770E-001  9.8355682703451452E-001  9.8409852145219989E-001  9.8467039688482905E-001
  9.8527134769947755E-001  9.8590021208045686E-001  9.8655577432042707E-001  9.8723676709201513E-001  9.8794187401063116E-001
  9.8866973215211051E-001  9.8941893475624609E-001  9.9018803395003496E-001  9.9097554368946150E-001  9.9177994255984869E-001
  9.9259967694917572E-001  9.9343316388552738E-001  9.9427879437505229E-001  9.9513493606067638E-001  9.9599993688915545E-001
  9.9687212704119110E-001  9.9774982298736326E-001  9.9863132562615109E-001  9.9975399799533071E-001
BLOCK 97   6.2620343412477188E+000
  1.0002052641478612E+000  1.0013065685973723E+000  1.0022049593617754E+000  1.0030986187029032E+000  1.0039858482308157E+000
  1.0048649577859885E+000  1.0057342848975828E+000  1.0065921831714562E+000  1.0074370386763667E+000  1.0082672588015666E+000
  1.0090812850047159E+000  1.0098775907808339E+000  1.0106546867406403E+000  1.0114111212318795E+000  1.0121454840437372E+000
  1.0128564078932727E+000  1.0135425713613697E+000  1.0142027005434604E+000  1.0148355716483715E+000  1.0154400126099250E+000
  1.0160149053235692E+000  1.0165591873244988E+000  1.0170718535805197E+000  1.0175519580849697E+000  1.0179986155427183E+000
  1.0184110026531161E+000  1.0187883595477727E+000  1.0191299911037643E+000  1.0194352681540515E+000  1.0197036285091199E+000
  1.0199345778968323E+000  1.0201276908168164E+000  1.0202826112991790E+000  1.0203990535119669E+000  1.0204768023079238E+000
  1.0205157136336775E+000  1.0205157136336853E+000  1.0204768023079420E+000  1.0203990535119953E+000  1.0202826112992189E+000
  1.0201276908168706E+000  1.0199345778968982E+000  1.0197036285091994E+000  1.0194352681541428E+000  1.0191299911038658E+000
  1.0187883595478868E+000  1.0184110026532420E+000  1.0179986155428578E+000  1.0175519580851200E+000  1.0170718535806809E+000
  1.0165591873246724E+000  1.0160149053237564E+000  1.0154400126101240E+000  1.0148355716485842E+000  1.0142027005436862E+000
  1.0135425713616104E+000  1.0128564078935240E+000  1.0121454840440041E+000  1.0114111212321570E+000  1.0106546867409307E+000
  1.0098775907811366E+000  1.0090812850050315E+000  1.0082672588018933E+000  1.0074370386767046E+000  1.0065921831718039E+000
  1.0057342848979398E+000  1.0048649577863573E+000  1.0039858482311941E+000  1.0030986187032904E+000  1.0022049593621720E+000
  1.0013065685977736E+000  1.0002052641480261E+000  9.9974758795671070E-001  9.9860017043567340E-001  9.9770004418783020E-001
  9.9680380514376377E-001  9.9591318866477685E-001  9.9502991421880160E-001  9.9415568716986813E-001  9.9329219462523366E-001
  9.9244110358982107E-001  9.9160405718063072E-001  9.9078267195100700E-001  9.8997853452177620E-001  9.8919319852929810E-001
  9.8842818141187438E-001  9.8768496152532825E-001  9.8696497521272286E-001  9.8626961405066149E-001  9.8560022206140285E-001
  9.8495809312205451E-001  9.8434446841183176E-001  9.8376053400311259E-001  9.8320741858027938E-001  9.8268619125198275E-001
  9.8219785950086935E-001  9.8174336727000200E-001  9.8132359312859208E-001  9.8093934859574727E-001  9.8059137662148887E-001
  9.8028035013660497E-001  9.8000687076375392E-001  9.7977146767021062E-001  9.7957459658533608E-001  9.7941663889489139E-001
  9.7929790088761326E-001  9.7921861322005010E-001  9.7917893041307580E-001  9.7917893041306048E-001  9.7921861322000714E-001
  9.7929790088754809E-001  9.7941663889479147E-001  9.7957459658521040E-001  9.7977146767005141E-001  9.8000687076357307E-001
  9.8028035013640524E-001  9.8059137662126017E-001  9.8093934859549092E-001  9.8132359312832651E-001  9.8174336726971378E-001
  9.8219785950055793E-001  9.8268619125165402E-001  9.8320741857993577E-001  9.8376053400275443E-001  9.8434446841145995E-001
  9.8495809312166949E-001  9.8560022206100462E-001  9.8626961405025348E-001  9.8696497521231330E-001  9.8768496152490681E-001
  9.8842818141144595E-001  9.8919319852886656E-001  9.8997853452133600E-001  9.9078267195056824E-001  9.9160405718018974E-001
  9.9244110358938098E-001  9.9329219462479190E-001  9.9415568716942659E-001  9.9502991421836273E-001  9.9591318866433975E-001
  9.9680380514332712E-001  9.9770004418739788E-001  9.9860017043524552E-001  9.9974758795646268E-001
BLOCK 98   6.3272638656357048E+000
  1.0002084980295531E+000  1.0013319360239035E+000  1.0022493256157319E+000  1.0031618808462270E+000  1.0040678670900112E+000
  1.0049655582300263E+000  1.0058532565397487E+000  1.0067292807714856E+000  1.0075919830654525E+000  1.0084397370668148E+000
  1.0092709515754297E+000  1.0100840680603864E+000  1.0108775659877538E+000  1.0116499633269123E+000  1.0123998204436311E+000
  1.0131257415240695E+000  1.0138263775889420E+000  1.0145004282473340E+000  1.0151466441894597E+000  1.0157638290071525E+000
  1.0163508413034534E+000  1.0169065964567521E+000  1.0174300685072817E+000  1.0179202917173131E+000  1.0183763623264142E+000
  1.0187974398994726E+000  1.0191827487703060E+000  1.0195315793540374E+000  1.0198432893334102E+000  1.0201173046829810E+000
  1.0203531207135119E+000  1.0205503029679701E+000  1.0207084879983273E+000  1.0208273839635564E+000  1.0209067711755684E+000
  1.0209465025284741E+000  1.0209465025284816E+000  1.0209067711755859E+000  1.0208273839635853E+000  1.0207084879983701E+000
  1.0205503029680274E+000  1.0203531207135794E+000  1.0201173046830612E+000  1.0198432893335032E+000  1.0195315793541431E+000
  1.0191827487704239E+000  1.0187974398996049E+000  1.0183763623265580E+000  1.0179202917174692E+000  1.0174300685074489E+000
  1.0169065964569350E+000  1.0163508413036486E+000  1.0157638290073578E+000  1.0151466441896775E+000  1.0145004282475640E+000
  1.0138263775891847E+000  1.0131257415243267E+000  1.0123998204439002E+000  1.0116499633271985E+000  1.0108775659880516E+000
  1.0100840680606986E+000  1.0092709515757534E+000  1.0084397370671532E+000  1.0075919830657998E+000  1.0067292807718433E+000
  1.0058532565401161E+000  1.0049655582304033E+000  1.0040678670903989E+000  1.0031618808466252E+000  1.0022493256161393E+000
  1.0013319360243171E+000  1.0002084980297230E+000  9.9974101759391554E-001  9.9856829292081239E-001  9.9764912575615594E-001
  9.9673392762086033E-001  9.9582447100462934E-001  9.9492251208415583E-001  9.9402979264969471E-001  9.9314803572708843E-001
  9.9227894378528481E-001  9.9142419493436262E-001  9.9058544006580085E-001  9.8976429941558819E-001  9.8896235954740630E-001
  9.8818117000277506E-001  9.8742224044909166E-001  9.8668703761499277E-001  9.8597698242721310E-001  9.8529344713629818E-001
  9.8463775272675302E-001  9.8401116637284036E-001  9.8341489900309331E-001  9.8285010290157326E-001  9.8231786954700617E-001
  9.8181922746534223E-001  9.8135514029469506E-001  9.8092650494346423E-001  9.8053414986210252E-001  9.8017883347245705E-001
  9.7986124275093456E-001  9.7958199185709671E-001  9.7934162101302813E-001  9.7914059546928567E-001  9.7897930457892202E-001
  9.7885806105645323E-001  9.7877710036459331E-001  9.7873658023953614E-001  9.7873658023952048E-001  9.7877710036454535E-001
  9.7885806105637807E-001  9.7897930457881743E-001  9.7914059546914733E-001  9.7934162101286848E-001  9.7958199185689931E-001
  9.7986124275072450E-001  9.8017883347221424E-001  9.8053414986183274E-001  9.8092650494318034E-001  9.8135514029439774E-001
  9.8181922746501304E-001  9.8231786954666889E-001  9.8285010290121966E-001  9.8341489900272006E-001  9.8401116637245278E-001
  9.8463775272635601E-001  9.8529344713588518E-001  9.8597698242679355E-001  9.8668703761456478E-001  9.8742224044865734E-001
  9.8818117000233152E-001  9.8896235954695899E-001  9.8976429941513822E-001  9.9058544006534521E-001  9.9142419493390743E-001
  9.9227894378482684E-001  9.9314803572663224E-001  9.9402979264923919E-001  9.9492251208370297E-001  9.9582447100417748E-001
  9.9673392762041046E-001  9.9764912575570119E-001  9.9856829292037841E-001  9.9974101759366130E-001
BLOCK 99   6.3924933900236907E+000
  1.0002117917139572E+000  1.0013578415645163E+000  1.0022946528706753E+000  1.0032265238725167E+000  1.0041516829722497E+000
  1.0050683672679073E+000  1.0059748430497817E+000  1.0068693935006228E+000  1.0077503360796809E+000  1.0086160100760966E+000
  1.0094647908844181E+000  1.0102950873253052E+000  1.0111053469964217E+000  1.0118940569026540E+000  1.0126597473398324E+000
  1.0134009934125374E+000  1.0141164180415747E+000  1.0148046937636950E+000  1.0154645452732154E+000  1.0160947512249445E+000
  1.0166941465055690E+000  1.0172616239053200E+000  1.0177961361516352E+000  1.0182966974235619E+000  1.0187623851328320E+000
  1.0191923413491153E+000  1.0195857742588734E+000  1.0199419594718799E+000  1.0202602412700055E+000  1.0205400336463362E+000
  1.0207808213772787E+000  1.0209821608985874E+000  1.0211436810720562E+000  1.0212650838543083E+000  1.0213461448980941E+000
  1.0213867139945056E+000  1.0213867139945130E+000  1.0213461448981171E+000  1.0212650838543378E+000  1.0211436810721028E+000
  1.0209821608986445E+000  1.0207808213773493E+000  1.0205400336464183E+000  1.0202602412701025E+000  1.0199419594719918E+000
  1.0195857742589947E+000  1.0191923413492532E+000  1.0187623851329808E+000  1.0182966974237255E+000  1.0177961361518117E+000
  1.0172616239055075E+000  1.0166941465057704E+000  1.0160947512251575E+000  1.0154645452734423E+000  1.0148046937639350E+000
  1.0141164180418287E+000  1.0134009934128028E+000  1.0126597473401098E+000  1.0118940569029446E+000  1.0111053469967268E+000
  1.0102950873256236E+000  1.0094647908847518E+000  1.0086160100764427E+000  1.0077503360800391E+000  1.0068693935009900E+000
  1.0059748430501607E+000  1.0050683672682976E+000  1.0041516829726502E+000  1.0032265238729237E+000  1.0022946528710870E+000
  1.0013578415649418E+000  1.0002117917141309E+000  9.9973428225039929E-001  9.9853567565219303E-001  9.9759704145578432E-001
  9.9666245940752829E-001  9.9573374004706972E-001  9.9481267713243715E-001  9.9390104966924653E-001  9.9300061750385593E-001
  9.9211311939699109E-001  9.9124026922030917E-001  9.9038375304749238E-001  9.8954522554110502E-001  9.8872630694909491E-001
  9.8792857970832815E-001  9.8715358541298848E-001  9.8640282178647087E-001  9.8567773974301920E-001  9.8497974047846637E-001
  9.8431017284908395E-001  9.8367033072127730E-001  9.8306145044554594E-001  9.8248470844628888E-001  9.8194121903167775E-001
  9.8143203227891551E-001  9.8095813201025683E-001  9.8052043390650534E-001  9.8011978375613806E-001  9.7975695584705347E-001
  9.7943265150891734E-001  9.7914749775588550E-001  9.7890204608876319E-001  9.7869677146118139E-001  9.7853207136920928E-001
  9.7840826510496703E-001  9.7832559311320511E-001  9.7828421648875352E-001  9.7828421648873654E-001  9.7832559311315115E-001
  9.7840826510488554E-001  9.7853207136909681E-001  9.7869677146104117E-001  9.7890204608858544E-001  9.7914749775568921E-001
  9.7943265150869274E-001  9.7975695584680789E-001  9.8011978375586262E-001  9.8052043390621002E-001  9.8095813200994109E-001
  9.8143203227858089E-001  9.8194121903132348E-001  9.8248470844592328E-001  9.8306145044516147E-001  9.8367033072087540E-001
  9.8431017284867350E-001  9.8497974047804482E-001  9.8567773974258333E-001  9.8640282178602456E-001  9.8715358541253539E-001
  9.8792857970786940E-001  9.8872630694863262E-001  9.8954522554064095E-001  9.9038375304702342E-001  9.9124026921983743E-001
  9.9211311939652114E-001  9.9300061750338342E-001  9.9390104966877202E-001  9.9481267713197041E-001  9.9573374004660553E-001
  9.9666245940706122E-001  9.9759704145533123E-001  9.9853567565173773E-001  9.9973428225014038E-001
BLOCK 100   6.4577229144116766E+000
  1.0002151453249963E+000  1.0013842940142275E+000  1.0023409586815231E+000  1.0032925738948633E+000  1.0042373303866823E+000
  1.0051734280121538E+000  1.0060990960479439E+000  1.0070125824515745E+000  1.0079121669998263E+000  1.0087961550549689E+000
  1.0096628876799951E+000  1.0105107406685614E+000  1.0113381292641810E+000  1.0121435086964199E+000  1.0129253785424712E+000
  1.0136822841404753E+000  1.0144128197417956E+000  1.0151156302212627E+000  1.0157894137778796E+000  1.0164329236778515E+000
  1.0170449706169709E+000  1.0176244243995338E+000  1.0181702159913117E+000  1.0186813391116862E+000  1.0191568519934222E+000
  1.0195958788637725E+000  1.0199976114383789E+000  1.0203613102168188E+000  1.0206863057937279E+000  1.0209719999269811E+000
  1.0212178666159719E+000  1.0214234530077371E+000  1.0215883801804391E+000  1.0217123438318301E+000  1.0217951148719786E+000
  1.0218365398533305E+000  1.0218365398533382E+000  1.0217951148719988E+000  1.0217123438318609E+000  1.0215883801804868E+000
  1.0214234530077992E+000  1.0212178666160499E+000  1.0209719999270686E+000  1.0206863057938300E+000  1.0203613102169335E+000
  1.0199976114385050E+000  1.0195958788639128E+000  1.0191568519935768E+000  1.0186813391118530E+000  1.0181702159914945E+000
  1.0176244243997294E+000  1.0170449706171816E+000  1.0164329236780747E+000  1.0157894137781129E+000  1.0151156302215107E+000
  1.0144128197420574E+000  1.0136822841407511E+000  1.0129253785427612E+000  1.0121435086967221E+000  1.0113381292644950E+000
  1.0105107406688869E+000  1.0096628876803364E+000  1.0087961550553248E+000  1.0079121670001943E+000  1.0070125824519514E+000
  1.0060990960483303E+000  1.0051734280125548E+000  1.0042373303870940E+000  1.0032925738952809E+000  1.0023409586819512E+000
  1.0013842940146596E+000  1.0002151453251709E+000  9.9972737695153113E-001  9.9850230056011413E-001  9.9754376420122626E-001
  9.9658936448188629E-001  9.9564095083074711E-001  9.9470035549271618E-001  9.9376939557028665E-001  9.9284986854780699E-001
  9.9194355038603299E-001  9.9105219152992796E-001  9.9017751401679521E-001  9.8932120777067967E-001  9.8848492748118222E-001
  9.8767028920581224E-001  9.8687886726613416E-001  9.8611219107682513E-001  9.8537174226669499E-001  9.8465895165630601E-001
  9.8397519657222432E-001  9.8332179816046217E-001  9.8270001882085034E-001  9.8211105976453283E-001  9.8155605876928476E-001
  9.8103608798337416E-001  9.8055215186362532E-001  9.8010518524108037E-001  9.7969605161733775E-001  9.7932554150652806E-001
  9.7899437092190567E-001  9.7870318003377199E-001  9.7845253192703230E-001  9.7824291152610809E-001  9.7807472469408396E-001
  9.7794829743144940E-001  9.7786387525769780E-001  9.7782162267332029E-001  9.7782162267329853E-001  9.7786387525765028E-001
  9.7794829743136336E-001  9.7807472469396917E-001  9.7824291152595599E-001  9.7845253192684811E-001  9.7870318003356382E-001
  9.7899437092167119E-001  9.7932554150626483E-001  9.7969605161705775E-001  9.8010518524077572E-001  9.8055215186330169E-001
  9.8103608798302655E-001  9.8155605876891805E-001  9.8211105976414537E-001  9.8270001882045055E-001  9.8332179816004228E-001
  9.8397519657179533E-001  9.8465895165586725E-001  9.8537174226624180E-001  9.8611219107636550E-001  9.8687886726566842E-001
  9.8767028920534172E-001  9.8848492748070493E-001  9.8932120777019317E-001  9.9017751401630250E-001  9.9105219152944135E-001
  9.9194355038554671E-001  9.9284986854731982E-001  9.9376939556980093E-001  9.9470035549223335E-001  9.9564095083026793E-001
  9.9658936448141322E-001  9.9754376420075386E-001  9.9850230055965217E-001  9.9972737695126190E-001
BLOCK 101   6.5229524387996625E+000
  1.0002185585504033E+000  1.0014113012177819E+000  1.0023882600007130E+000  1.0033600574636055E+000  1.0043248456798726E+000
  1.0052807856918518E+000  1.0062260696372476E+000  1.0071589083910042E+000  1.0080775451719062E+000  1.0089802496575566E+000
  1.0098653284902328E+000  1.0107311229649827E+000  1.0115760151972615E+000  1.0123984281414229E+000  1.0131968301304997E+000
  1.0139697363726208E+000  1.0147157118286894E+000  1.0154333730899650E+000  1.0161213912492557E+000  1.0167784937051767E+000
  1.0174034664799112E+000  1.0179951559560032E+000  1.0185524709337141E+000  1.0190743842636492E+000  1.0195599346452950E+000
  1.0200082281036966E+000  1.0204184395578872E+000  1.0207898141135872E+000  1.0211216684087090E+000  1.0214133917144759E+000
  1.0216644470109795E+000  1.0218743719206129E+000  1.0220427795412339E+000  1.0221693591637906E+000  1.0222538768969940E+000
  1.0222961760890814E+000  1.0222961760890896E+000  1.0222538768970162E+000  1.0221693591638266E+000  1.0220427795412814E+000
  1.0218743719206798E+000  1.0216644470110576E+000  1.0214133917145669E+000  1.0211216684088169E+000  1.0207898141137064E+000
  1.0204184395580220E+000  1.0200082281038445E+000  1.0195599346454591E+000  1.0190743842638259E+000  1.0185524709339033E+000
  1.0179951559562039E+000  1.0174034664801277E+000  1.0167784937054078E+000  1.0161213912495028E+000  1.0154333730902252E+000
  1.0147157118289625E+000  1.0139697363729061E+000  1.0131968301307988E+000  1.0123984281417375E+000  1.0115760151975870E+000
  1.0107311229653217E+000  1.0098653284905816E+000  1.0089802496579221E+000  1.0080775451722825E+000  1.0071589083913890E+000
  1.0062260696376422E+000  1.0052807856922588E+000  1.0043248456802925E+000  1.0033600574640373E+000  1.0023882600011518E+000
  1.0014113012182282E+000  1.0002185585505832E+000  9.9972029635004345E-001  9.9846814891482594E-001  9.9748926618974498E-001
  9.9651460584692608E-001  9.9554605724084733E-001  9.9458549199106261E-001  9.9363476618077062E-001  9.9269571580959881E-001
  9.9177015485001341E-001  9.9085987120563246E-001  9.8996662368758792E-001  9.8909213829016418E-001  9.8823810498148623E-001
  9.8740617420502375E-001  9.8659795377868487E-001  9.8581500560753210E-001  9.8505884272241806E-001  9.8433092628727781E-001
  9.8363266276384220E-001  9.8296540120831288E-001  9.8233043070252235E-001  9.8172897780899926E-001  9.8116220429216661E-001
  9.8063120487289446E-001  9.8013700513137259E-001  9.7968055957651545E-001  9.7926274988521089E-001  9.7888438318474047E-001
  9.7854619050427727E-001  9.7824882542700142E-001  9.7799286288271936E-001  9.7777879802286038E-001  9.7760704526506670E-001
  9.7747793749688028E-001  9.7739172540652852E-001  9.7734857697885114E-001  9.7734857697883493E-001  9.7739172540647234E-001
  9.7747793749679246E-001  9.7760704526494391E-001  9.7777879802270617E-001  9.7799286288253406E-001  9.7824882542679048E-001
  9.7854619050403879E-001  9.7888438318446513E-001  9.7926274988491591E-001  9.7968055957619671E-001  9.8013700513102953E-001
  9.8063120487253363E-001  9.8116220429178336E-001  9.8172897780859969E-001  9.8233043070210435E-001  9.8296540120787912E-001
  9.8363266276339445E-001  9.8433092628682062E-001  9.8505884272195166E-001  9.8581500560705271E-001  9.8659795377820048E-001
  9.8740617420453403E-001  9.8823810498099340E-001  9.8909213828966025E-001  9.8996662368708666E-001  9.9085987120512997E-001
  9.9177015484950837E-001  9.9269571580909433E-001  9.9363476618026825E-001  9.9458549199056445E-001  9.9554605724035650E-001
  9.9651460584643869E-001  9.9748926618926370E-001  9.9846814891434843E-001  9.9972029634976922E-001
BLOCK 102   6.5881819631876484E+000
  1.0002220312607979E+000  1.0014388723151753E+000  1.0024365754423341E+000  1.0034290021547032E+000  1.0044142647920933E+000
  1.0053904853960254E+000  1.0063558175780849E+000  1.0073084346588841E+000  1.0082465423402880E+000  1.0091683741014967E+000
  1.0100722009427425E+000  1.0109563295319366E+000  1.0118191079011611E+000  1.0126589262509140E+000  1.0134742208720773E+000
  1.0142634759273297E+000  1.0150252265753199E+000  1.0157580607068182E+000  1.0164606219843255E+000  1.0171316114676661E+000
  1.0177697899525546E+000  1.0183739798274061E+000  1.0189430672845023E+000  1.0194760039030561E+000  1.0199718084903044E+000
  1.0204295685396456E+000  1.0208484418432786E+000  1.0212276578027835E+000  1.0215665187876612E+000  1.0218644012933999E+000
  1.0221207570601551E+000  1.0223351140256451E+000  1.0225070771831115E+000  1.0226363292832712E+000  1.0227226314830837E+000
  1.0227658238091344E+000  1.0227658238091411E+000  1.0227226314831068E+000  1.0226363292833085E+000  1.0225070771831624E+000
  1.0223351140257162E+000  1.0221207570602366E+000  1.0218644012934948E+000  1.0215665187877756E+000  1.0212276578029125E+000
  1.0208484418434223E+000  1.0204295685397997E+000  1.0199718084904730E+000  1.0194760039032436E+000  1.0189430672847009E+000
  1.0183739798276215E+000  1.0177697899527833E+000  1.0171316114679076E+000  1.0164606219845822E+000  1.0157580607070851E+000
  1.0150252265756063E+000  1.0142634759276268E+000  1.0134742208723904E+000  1.0126589262512378E+000  1.0118191079015002E+000
  1.0109563295322861E+000  1.0100722009431036E+000  1.0091683741018724E+000  1.0082465423406735E+000  1.0073084346592793E+000
  1.0063558175784908E+000  1.0053904853964433E+000  1.0044142647925229E+000  1.0034290021551424E+000  1.0024365754427829E+000
  1.0014388723156307E+000  1.0002220312609811E+000  9.9971303465708938E-001  9.9843320044222361E-001  9.9743351798456237E-001
  9.9643814516527773E-001  9.9544901199660663E-001  9.9446803026054453E-001  9.9349709588650759E-001  9.9253808439274582E-001
  9.9159284875181153E-001  9.9066321517412204E-001  9.8975098012443063E-001  9.8885790648605110E-001  9.8798572033819454E-001
  9.8713610735122326E-001  9.8631070959684619E-001  9.8551112223978021E-001  9.8473889048400964E-001  9.8399550651906731E-001
  9.8328240667166866E-001  9.8260096856342249E-001  9.8195250854051019E-001  9.8133827909400984E-001  9.8075946650831747E-001
  9.8021718861656648E-001  9.7971249264850346E-001  9.7924635325670195E-001  9.7881967070744502E-001  9.7843326914543804E-001
  9.7808789502413274E-001  9.7778421571123497E-001  9.7752281825123311E-001  9.7730420820344299E-001  9.7712880867814578E-001
  9.7699695958041877E-001  9.7690891692565773E-001  9.7686485229545084E-001  9.7686485229543840E-001  9.7690891692559567E-001
  9.7699695958033095E-001  9.7712880867802221E-001  9.7730420820328667E-001  9.7752281825104603E-001  9.7778421571100982E-001
  9.7808789502387639E-001  9.7843326914515849E-001  9.7881967070713827E-001  9.7924635325637333E-001  9.7971249264814730E-001
  9.8021718861618989E-001  9.8075946650791901E-001  9.8133827909359495E-001  9.8195250854007765E-001  9.8260096856297641E-001
  9.8328240667120681E-001  9.8399550651858991E-001  9.8473889048352392E-001  9.8551112223928306E-001  9.8631070959633893E-001
  9.8713610735071544E-001  9.8798572033767851E-001  9.8885790648553618E-001  9.8975098012391138E-001  9.9066321517360389E-001
  9.9159284875129139E-001  9.9253808439222579E-001  9.9349709588599278E-001  9.9446803026003583E-001  9.9544901199609825E-001
  9.9643814516477403E-001  9.9743351798406366E-001  9.9843320044173534E-001  9.9971303465680772E-001
BLOCK 103   6.6534114875756343E+000
  1.0002255632657930E+000  1.0014670158014214E+000  1.0024859229125354E+000  1.0034994351746738E+000  1.0045056246403241E+000
  1.0055025731563445E+000  1.0064883951642898E+000  1.0074612254456021E+000  1.0084192315085498E+000  1.0093606097978209E+000
  1.0102835949934723E+000  1.0111864582479704E+000  1.0120675130855772E+000  1.0129251159951864E+000  1.0137576708108440E+000
  1.0145636300258434E+000  1.0153414984153331E+000  1.0160898345884821E+000  1.0168072540201845E+000  1.0174924308570514E+000
  1.0181441002939047E+000  1.0187610604542296E+000  1.0193421745782405E+000  1.0198863725183283E+000  1.0203926526662441E+000
  1.0208600835455961E+000  1.0212878054620158E+000  1.0216750318270731E+000  1.0220210505130560E+000  1.0223252250201467E+000
  1.0225869956248188E+000  1.0228058803470146E+000  1.0229814758569407E+000  1.0231134581965160E+000  1.0232015834459769E+000
  1.0232456882248262E+000  1.0232456882248337E+000  1.0232015834460015E+000  1.0231134581965549E+000  1.0229814758569937E+000
  1.0228058803470892E+000  1.0225869956249067E+000  1.0223252250202506E+000  1.0220210505131753E+000  1.0216750318272092E+000
  1.0212878054621655E+000  1.0208600835457622E+000  1.0203926526664260E+000  1.0198863725185234E+000  1.0193421745784486E+000
  1.0187610604544537E+000  1.0181441002941429E+000  1.0174924308573055E+000  1.0168072540204531E+000  1.0160898345887643E+000
  1.0153414984156317E+000  1.0145636300261540E+000  1.0137576708111653E+000  1.0129251159955208E+000  1.0120675130859265E+000
  1.0111864582483321E+000  1.0102835949938478E+000  1.0093606097982080E+000  1.0084192315089491E+000  1.0074612254460102E+000
  1.0064883951647081E+000  1.0055025731567742E+000  1.0045056246407635E+000  1.0034994351751219E+000  1.0024859229129923E+000
  1.0014670158018857E+000  1.0002255632659813E+000  9.9970558641374918E-001  9.9839743565071937E-001  9.9737649020292440E-001
  9.9635994299676955E-001  9.9534976567209399E-001  9.9434791128734201E-001  9.9335631653520418E-001  9.9237689717439259E-001
  9.9141154593198322E-001  9.9046212817923596E-001  9.8953047894998158E-001  9.8861839904289417E-001  9.8772765155838427E-001
  9.8685995822010864E-001  9.8601699615708749E-001  9.8520039454846509E-001  9.8441173153205819E-001  9.8365253103166528E-001
  9.8292425989076138E-001  9.8222832499010693E-001  9.8156607057581424E-001  9.8093877569059351E-001  9.8034765174596228E-001
  9.7979384021063387E-001  9.7927841048103148E-001  9.7880235780899483E-001  9.7836660147691279E-001  9.7797198304186250E-001
  9.7761926473028726E-001  9.7730912801511138E-001  9.7704217234253243E-001  9.7681891396296150E-001  9.7663978495682735E-001
  9.7650513243278014E-001  9.7641521782754570E-001  9.7637021631774279E-001  9.7637021631772070E-001  9.7641521782750307E-001
  9.7650513243268888E-001  9.7663978495670012E-001  9.7681891396279341E-001  9.7704217234233659E-001  9.7730912801488257E-001
  9.7761926473002281E-001  9.7797198304157529E-001  9.7836660147659305E-001  9.7880235780864677E-001  9.7927841048067044E-001
  9.7979384021024185E-001  9.8034765174555516E-001  9.8093877569016108E-001  9.8156607057536449E-001  9.8222832498964141E-001
  9.8292425989027810E-001  9.8365253103116967E-001  9.8441173153155304E-001  9.8520039454795238E-001  9.8601699615656757E-001
  9.8685995821957972E-001  9.8772765155785636E-001  9.8861839904235560E-001  9.8953047894944757E-001  9.9046212817870116E-001
  9.9141154593144998E-001  9.9237689717386035E-001  9.9335631653467349E-001  9.9434791128681443E-001  9.9534976567157218E-001
  9.9635994299624975E-001  9.9737649020241348E-001  9.9839743565021866E-001  9.9970558641345919E-001
BLOCK 104   6.7186410119636202E+000
  1.0002291542609762E+000  1.0014957404777050E+000  1.0025363208356401E+000  1.0035713847080856E+000  1.0045989627743168E+000
  1.0056170959467092E+000  1.0066238585525240E+000  1.0076173459833659E+000  1.0085956868107784E+000  1.0095570395908413E+000
  1.0104996019532666E+000  1.0114216087905921E+000  1.0123213383834080E+000  1.0131971129257675E+000  1.0140473029890043E+000
  1.0148703289454848E+000  1.0156646644703897E+000  1.0164288383726172E+000  1.0171614374421909E+000  1.0178611083958167E+000
  1.0185265603309126E+000  1.0191565665073716E+000  1.0197499666460683E+000  1.0203056684924068E+000  1.0208226497889015E+000
  1.0212999598582972E+000  1.0217367211887789E+000  1.0221321307766509E+000  1.0224854616122758E+000  1.0227960638975673E+000
  1.0230633662049731E+000  1.0232868764315437E+000  1.0234661827346565E+000  1.0236009542908193E+000  1.0236909419849065E+000
  1.0237359789413090E+000  1.0237359789413198E+000  1.0236909419849325E+000  1.0236009542908631E+000  1.0234661827347142E+000
  1.0232868764316214E+000  1.0230633662050681E+000  1.0227960638976787E+000  1.0224854616124033E+000  1.0221321307767961E+000
  1.0217367211889363E+000  1.0212999598584713E+000  1.0208226497890949E+000  1.0203056684926146E+000  1.0197499666462926E+000
  1.0191565665076088E+000  1.0185265603311664E+000  1.0178611083960847E+000  1.0171614374424702E+000  1.0164288383729125E+000
  1.0156646644706975E+000  1.0148703289458094E+000  1.0140473029893371E+000  1.0131971129261170E+000  1.0123213383837697E+000
  1.0114216087909673E+000  1.0104996019536525E+000  1.0095570395912419E+000  1.0085956868111903E+000  1.0076173459837863E+000
  1.0066238585529523E+000  1.0056170959471475E+000  1.0045989627747682E+000  1.0035713847085470E+000  1.0025363208361078E+000
  1.0014957404781843E+000  1.0002291542611683E+000  9.9969794562057857E-001  9.9836083383950125E-001  9.9731815233998200E-001
  9.9627995912095024E-001  9.9524826836160707E-001  9.9422507523912451E-001  9.9321235823923026E-001  9.9221207430649638E-001
  9.9122615690930382E-001  9.9025651160609529E-001  9.8930501285381556E-001  9.8837350007180969E-001  9.8746377416970255E-001
  9.8657759374868570E-001  9.8571667191282153E-001  9.8488267277756680E-001  9.8407720819915800E-001  9.8330183457054210E-001
  9.8255804993064699E-001  9.8184729108529323E-001  9.8117093086674356E-001  9.8053027547451110E-001  9.7992656203401796E-001
  9.7936095621034192E-001  9.7883455005168718E-001  9.7834835990297997E-001  9.7790332450348838E-001  9.7750030323053194E-001
  9.7714007446338247E-001  9.7682333411659539E-001  9.7655069433594388E-001  9.7632268230795149E-001  9.7613973926205799E-001
  9.7600221966417222E-001  9.7591039051540063E-001  9.7586443077313689E-001  9.7586443077311746E-001  9.7591039051533901E-001
  9.7600221966408240E-001  9.7613973926192221E-001  9.7632268230779129E-001  9.7655069433574615E-001  9.7682333411636268E-001
  9.7714007446311812E-001  9.7750030323023174E-001  9.7790332450316053E-001  9.7834835990262303E-001  9.7883455005130715E-001
  9.7936095620993857E-001  9.7992656203358686E-001  9.8053027547406535E-001  9.8117093086627316E-001  9.8184729108480839E-001
  9.8255804993015039E-001  9.8330183457002629E-001  9.8407720819862932E-001  9.8488267277703645E-001  9.8571667191227941E-001
  9.8657759374814258E-001  9.8746377416915188E-001  9.8837350007126179E-001  9.8930501285326033E-001  9.9025651160554140E-001
  9.9122615690874982E-001  9.9221207430594538E-001  9.9321235823868337E-001  9.9422507523858583E-001  9.9524826836107083E-001
  9.9627995912041944E-001  9.9731815233945953E-001  9.9836083383898733E-001  9.9969794562028169E-001
BLOCK 105   6.7838705363516061E+000
  1.0002328077886291E+000  1.0015250535027271E+000  1.0025877870878386E+000  1.0036448790412440E+000  1.0046943174044023E+000
  1.0057341015220356E+000  1.0067622648721450E+000  1.0077768626320636E+000  1.0087759836237531E+000  1.0097577477611204E+000
  1.0107203147700390E+000  1.0116618825920904E+000  1.0125806934837402E+000  1.0134750346789014E+000  1.0143432428341521E+000
  1.0151837055345441E+000  1.0159948648401411E+000  1.0167752190800128E+000  1.0175233258706087E+000  1.0182378039217688E+000
  1.0189173357197205E+000  1.0195606692205674E+000  1.0201666202024247E+000  1.0207340738983319E+000  1.0212619869539523E+000
  1.0217493890235443E+000  1.0221953844259799E+000  1.0225991535068779E+000  1.0229599541588332E+000  1.0232771229986164E+000
  1.0235500765411307E+000  1.0237783122457229E+000  1.0239614095319256E+000  1.0240990305642679E+000  1.0241909209364182E+000
  1.0242369102093949E+000  1.0242369102094078E+000  1.0241909209364461E+000  1.0240990305643161E+000  1.0239614095319918E+000
  1.0237783122458071E+000  1.0235500765412349E+000  1.0232771229987336E+000  1.0229599541589693E+000  1.0225991535070300E+000
  1.0221953844261495E+000  1.0217493890237312E+000  1.0212619869541566E+000  1.0207340738985498E+000  1.0201666202026616E+000
  1.0195606692208206E+000  1.0189173357199883E+000  1.0182378039220505E+000  1.0175233258709033E+000  1.0167752190803196E+000
  1.0159948648404655E+000  1.0151837055348794E+000  1.0143432428344998E+000  1.0134750346792651E+000  1.0125806934841184E+000
  1.0116618825924792E+000  1.0107203147704393E+000  1.0097577477615332E+000  1.0087759836241761E+000  1.0077768626324954E+000
  1.0067622648725842E+000  1.0057341015224888E+000  1.0046943174048688E+000  1.0036448790417207E+000  1.0025877870883231E+000
  1.0015250535032159E+000  1.0002328077888252E+000  9.9939079467938252E-001  9.9832336634414187E-001  9.9725847046759486E-001
  9.9619815131675549E-001  9.9514446812088198E-001  9.9409946032458030E-001  9.9306514935313317E-001  9.9204353445756277E-001
  9.9103659074606354E-001  9.9004626486660563E-001  9.8907447166826434E-001  9.8812309009944621E-001  9.8719395979236890E-001
  9.8628887714134461E-001  9.8540959195148503E-001  9.8455780396106418E-001  9.8373515951183133E-001  9.8294324828946922E-001
  9.8218360040991570E-001  9.8145768337155959E-001  9.8076689923883709E-001  9.8011258194183148E-001  9.7949599486044547E-001
  9.7891832843194149E-001  9.7838069789667226E-001  9.7788414119352940E-001  9.7742961700101616E-001  9.7701800292000585E-001
  9.7665009384379875E-001  9.7632660043709996E-001  9.7604814783344507E-001  9.7581527443879135E-001  9.7562843089522544E-001
  9.7548797922968944E-001  9.7539419214798206E-001  9.7534725246101006E-001  9.7534725246098963E-001  9.7539419214792333E-001
  9.7548797922959751E-001  9.7562843089509188E-001  9.7581527443862348E-001  9.7604814783323945E-001  9.7632660043685848E-001
  9.7665009384352774E-001  9.7701800291970253E-001  9.7742961700068842E-001  9.7788414119316969E-001  9.7838069789628013E-001
  9.7891832843152438E-001  9.7949599485999983E-001  9.8011258194136874E-001  9.8076689923834892E-001  9.8145768337105632E-001
  9.8218360040939956E-001  9.8294324828893487E-001  9.8373515951128621E-001  9.8455780396051495E-001  9.8540959195092703E-001
  9.8628887714077595E-001  9.8719395979180125E-001  9.8812309009887400E-001  9.8907447166769369E-001  9.9004626486603597E-001
  9.9103659074549666E-001  9.9204353445699578E-001  9.9306514935257151E-001  9.9409946032402430E-001  9.9514446812033197E-001
  9.9619815131621126E-001  9.9725847046705851E-001  9.9832336634361696E-001  9.9939079467886904E-001
BLOCK 106   6.8491000607395920E+000
  1.0002365310580512E+000  1.0015549954912231E+000  1.0026403614280217E+000  1.0037199543656063E+000  1.0047917221243137E+000
  1.0058536307663608E+000  1.0069036680820120E+000  1.0079398415183789E+000  1.0089601983306016E+000  1.0099628199109991E+000
  1.0109458279481567E+000  1.0119073827721250E+000  1.0128456899751934E+000  1.0137590010676698E+000  1.0146456181526706E+000
  1.0155038953195372E+000  1.0163322423897001E+000  1.0171291266266991E+000  1.0178930758944735E+000  1.0186226804387264E+000
  1.0193165956014882E+000  1.0199735435895816E+000  1.0205923157862422E+000  1.0211717744662490E+000  1.0217108547687950E+000
  1.0222085662798994E+000  1.0226639947735530E+000  1.0230763035749189E+000  1.0234447350997840E+000  1.0237686120725284E+000
  1.0240473387472078E+000  1.0242804019921610E+000  1.0244673723008606E+000  1.0246079045836785E+000  1.0247017389242272E+000
  1.0247487011894165E+000  1.0247487011894287E+000  1.0247017389242574E+000  1.0246079045837271E+000  1.0244673723009285E+000
  1.0242804019922478E+000  1.0240473387473208E+000  1.0237686120726552E+000  1.0234447350999321E+000  1.0230763035750834E+000
  1.0226639947737357E+000  1.0222085662800986E+000  1.0217108547690132E+000  1.0211717744664808E+000  1.0205923157864927E+000
  1.0199735435898460E+000  1.0193165956017667E+000  1.0186226804390197E+000  1.0178930758947837E+000  1.0171291266270257E+000
  1.0163322423900425E+000  1.0155038953198898E+000  1.0146456181530359E+000  1.0137590010680460E+000  1.0128456899755813E+000
  1.0119073827725245E+000  1.0109458279485688E+000  1.0099628199114257E+000  1.0089601983310406E+000  1.0079398415188268E+000
  1.0069036680824703E+000  1.0058536307668280E+000  1.0047917221247931E+000  1.0037199543660946E+000  1.0026403614285162E+000
  1.0015549954917269E+000  1.0002365310582522E+000  9.9937523278583462E-001  9.9828502475969738E-001  9.9719739853863354E-001
  9.9611445317536140E-001  9.9503828673285188E-001  9.9397098900496328E-001  9.9291461393476954E-001  9.9187119575632432E-001
  9.9084275552993617E-001  9.8983128561699762E-001  9.8883874312146525E-001  9.8786704736037712E-001  9.8691807738842963E-001
  9.8599366822750356E-001  9.8509560727979717E-001  9.8422563072725944E-001  9.8338542023230324E-001  9.8257659952326803E-001
  9.8180073140679158E-001  9.8105931472494790E-001  9.8035378146574281E-001  9.7968549406455474E-001  9.7905574289865349E-001
  9.7846574377323359E-001  9.7791663561290088E-001  9.7740947834986414E-001  9.7694525102425456E-001  9.7652484991112531E-001
  9.7614908683945933E-001  9.7581868762633739E-001  9.7553429071380027E-001  9.7529644598594345E-001  9.7510561371037374E-001
  9.7496216364737465E-001  9.7486637434853451E-001  9.7481843255359601E-001  9.7481843255357259E-001  9.7486637434847578E-001
  9.7496216364727029E-001  9.7510561371024052E-001  9.7529644598576315E-001  9.7553429071358966E-001  9.7581868762609658E-001
  9.7614908683917734E-001  9.7652484991081379E-001  9.7694525102390606E-001  9.7740947834949121E-001  9.7791663561250142E-001
  9.7846574377280682E-001  9.7905574289820241E-001  9.7968549406407102E-001  9.8035378146524044E-001  9.8105931472443009E-001
  9.8180073140625268E-001  9.8257659952272036E-001  9.8338542023173969E-001  9.8422563072668567E-001  9.8509560727922174E-001
  9.8599366822691870E-001  9.8691807738784287E-001  9.8786704735978892E-001  9.8883874312087250E-001  9.8983128561640699E-001
  9.9084275552934986E-001  9.9187119575574401E-001  9.9291461393419389E-001  9.9397098900439540E-001  9.9503828673228956E-001
  9.9611445317480429E-001  9.9719739853808598E-001  9.9828502475915548E-001  9.9937523278530382E-001
BLOCK 107   6.9143295851275779E+000
  1.0002403015088868E+000  1.0015855316009417E+000  1.0026940417766386E+000  1.0037966485616232E+000  1.0048912522057212E+000
  1.0059757663971063E+000  1.0070481429207589E+000  1.0081063501600085E+000  1.0091483996531756E+000  1.0101723355597969E+000
  1.0111762348214473E+000  1.0121582144029007E+000  1.0131164421819554E+000  1.0140491346266665E+000  1.0149545593021148E+000
  1.0158310363399770E+000  1.0166769426256335E+000  1.0174907137673361E+000  1.0182708472670745E+000  1.0190159043734981E+000
  1.0197245127756340E+000  1.0203953684241494E+000  1.0210272378700924E+000  1.0216189599730128E+000  1.0221694479526711E+000
  1.0226776909372721E+000  1.0231427557710686E+000  1.0235637884026980E+000  1.0239400154320206E+000  1.0242707453798838E+000
  1.0245553699498393E+000  1.0247933651298728E+000  1.0249842922396251E+000  1.0251277987604062E+000  1.0252236191480373E+000
  1.0252715754843365E+000  1.0252715754843467E+000  1.0252236191480701E+000  1.0251277987604590E+000  1.0249842922397012E+000
  1.0247933651299672E+000  1.0245553699499557E+000  1.0242707453800211E+000  1.0239400154321783E+000  1.0235637884028763E+000
  1.0231427557712669E+000  1.0226776909374846E+000  1.0221694479528989E+000  1.0216189599732579E+000  1.0210272378703551E+000
  1.0203953684244287E+000  1.0197245127759280E+000  1.0190159043738112E+000  1.0182708472674007E+000  1.0174907137676770E+000
  1.0166769426259861E+000  1.0158310363403449E+000  1.0149545593024945E+000  1.0140491346270610E+000  1.0131164421823604E+000
  1.0121582144033163E+000  1.0111762348218758E+000  1.0101723355602397E+000  1.0091483996536281E+000  1.0081063501604697E+000
  1.0070481429212295E+000  1.0059757663975881E+000  1.0048912522062132E+000  1.0037966485621279E+000  1.0026940417771522E+000
  1.0015855316014610E+000  1.0002403015090946E+000  9.9935926060374447E-001  9.9824578312522383E-001  9.9713493586519264E-001
  9.9602886415261283E-001  9.9492971244248674E-001  9.9383960510600511E-001  9.9276065518637147E-001  9.9169494348939902E-001
  9.9064453412336706E-001  9.8961146162253422E-001  9.8859771540332775E-001  9.8760525194595072E-001  9.8663599541083258E-001
  9.8569182452777515E-001  9.8477456589833745E-001  9.8388599237279495E-001  9.8302782126441113E-001  9.8220171103724452E-001
  9.8140925796312084E-001  9.8065199296664618E-001  9.7993137867932834E-001  9.7924880662107305E-001  9.7860559469383790E-001
  9.7800298463022983E-001  9.7744213967624116E-001  9.7692414243138181E-001  9.7644999285192380E-001  9.7602060631603715E-001
  9.7563681190971940E-001  9.7529935090864461E-001  9.7500887539084369E-001  9.7476594700192798E-001  9.7457103586246918E-001
  9.7442451965073074E-001  9.7432668289008173E-001  9.7427771634252258E-001  9.7427771634250637E-001  9.7432668289001423E-001
  9.7442451965063703E-001  9.7457103586232441E-001  9.7476594700174635E-001  9.7500887539062397E-001  9.7529935090839259E-001
  9.7563681190943108E-001  9.7602060631570964E-001  9.7644999285157097E-001  9.7692414243099879E-001  9.7744213967582572E-001
  9.7800298462978941E-001  9.7860559469336916E-001  9.7924880662058245E-001  9.7993137867882141E-001  9.8065199296611127E-001
  9.8140925796257072E-001  9.8220171103667164E-001  9.8302782126382793E-001  9.8388599237219976E-001  9.8477456589773671E-001
  9.8569182452717186E-001  9.8663599541022107E-001  9.8760525194534354E-001  9.8859771540271979E-001  9.8961146162192437E-001
  9.9064453412276510E-001  9.9169494348880149E-001  9.9276065518577949E-001  9.9383960510541658E-001  9.9492971244190698E-001
  9.9602886415204139E-001  9.9713493586462898E-001  9.9824578312466927E-001  9.9935926060320168E-001
BLOCK 108   6.9795591095155638E+000
  1.0002441271377229E+000  1.0016166773592414E+000  1.0027488428806319E+000  1.0038749676422323E+000  1.0049929088718452E+000
  1.0061005342401610E+000  1.0071957499374213E+000  1.0082764847292294E+000  1.0093407030759312E+000  1.0103864065293395E+000
  1.0114116365835046E+000  1.0124144749289112E+000  1.0133930547835082E+000  1.0143455537518287E+000  1.0152701979809553E+000
  1.0161652702388055E+000  1.0170291148856276E+000  1.0178601367766407E+000  1.0186568031106416E+000  1.0194176455617210E+000
  1.0201412635513745E+000  1.0208263261923867E+000  1.0214715747169112E+000  1.0220758241227073E+000  1.0226379652806092E+000
  1.0231569664805080E+000  1.0236318752604752E+000  1.0240618198379898E+000  1.0244460106611391E+000  1.0247837417069392E+000
  1.0250743917919474E+000  1.0253174256985058E+000  1.0255123953062799E+000  1.0256589404890359E+000  1.0257567899550022E+000
  1.0258057619136431E+000  1.0258057619136529E+000  1.0257567899550355E+000  1.0256589404890935E+000  1.0255123953063590E+000
  1.0253174256986124E+000  1.0250743917920730E+000  1.0247837417070902E+000  1.0244460106613038E+000  1.0240618198381770E+000
  1.0236318752606819E+000  1.0231569664807336E+000  1.0226379652808550E+000  1.0220758241229726E+000  1.0214715747171950E+000
  1.0208263261926824E+000  1.0201412635516858E+000  1.0194176455620467E+000  1.0186568031109815E+000  1.0178601367769966E+000
  1.0170291148859965E+000  1.0161652702391901E+000  1.0152701979813521E+000  1.0143455537522370E+000  1.0133930547839307E+000
  1.0124144749293469E+000  1.0114116365839543E+000  1.0103864065298005E+000  1.0093407030763988E+000  1.0082764847297061E+000
  1.0071957499379072E+000  1.0061005342406615E+000  1.0049929088723537E+000  1.0038749676427510E+000  1.0027488428811595E+000
  1.0016166773597748E+000  1.0002441271379356E+000  9.9934287417218370E-001  9.9820561316549006E-001  9.9707103147119436E-001
  9.9594132178466332E-001  9.9481867332416962E-001  9.9370525971895640E-001  9.9260323371512060E-001  9.9151472952609387E-001
  9.9044184986115302E-001  9.8938667219705545E-001  9.8835123842375827E-001  9.8733754735720136E-001  9.8634756365015530E-001
  9.8538320205884122E-001  9.8444632086102823E-001  9.8353873084210786E-001  9.8266219192793836E-001  9.8181840176382806E-001
  9.8100899072044234E-001  9.8023552132639802E-001  9.7949948693802968E-001  9.7880230877151797E-001  9.7814533295002026E-001
  9.7752982780907527E-001  9.7695698149014887E-001  9.7642789975349464E-001  9.7594360394432822E-001  9.7550502902952108E-001
  9.7511302186806226E-001  9.7476833962627807E-001  9.7447164834645283E-001  9.7422352163922032E-001  9.7402443963244878E-001
  9.7387478808807215E-001  9.7377485764923832E-001  9.7372484321275499E-001  9.7372484321272967E-001  9.7377485764917360E-001
  9.7387478808796957E-001  9.7402443963229957E-001  9.7422352163903558E-001  9.7447164834623046E-001  9.7476833962601306E-001
  9.7511302186776316E-001  9.7550502902918446E-001  9.7594360394396695E-001  9.7642789975309940E-001  9.7695698148971910E-001
  9.7752982780862607E-001  9.7814533294953876E-001  9.7880230877101604E-001  9.7949948693749656E-001  9.8023552132585057E-001
  9.8100899071987180E-001  9.8181840176324475E-001  9.8266219192734061E-001  9.8353873084149979E-001  9.8444632086040773E-001
  9.8538320205821261E-001  9.8634756364952836E-001  9.8733754735656942E-001  9.8835123842313322E-001  9.8938667219643117E-001
  9.9044184986052652E-001  9.9151472952548025E-001  9.9260323371450931E-001  9.9370525971835011E-001  9.9481867332357199E-001
  9.9594132178407446E-001  9.9707103147061227E-001  9.9820561316491629E-001  9.9934287417162360E-001
BLOCK 109   7.0447886339035497E+000
  1.0002480074367786E+000  1.0016484462922968E+000  1.0028047867394054E+000  1.0039549471542237E+000  1.0050967373163013E+000
  1.0062279800590244E+000  1.0073465369099661E+000  1.0084502913278388E+000  1.0095371667644861E+000  1.0106051196505921E+000
  1.0116521518453161E+000  1.0126763052554377E+000  1.0136756715287092E+000  1.0146483923188820E+000  1.0155926606708461E+000
  1.0165067269941166E+000  1.0173889016009523E+000  1.0182375523006797E+000  1.0190511109547933E+000  1.0198280789212808E+000
  1.0205670286613833E+000  1.0212666032341977E+000  1.0219255183155134E+000  1.0225425644438446E+000  1.0231166095581565E+000
  1.0236466006493545E+000  1.0241315655445988E+000  1.0245706143288771E+000  1.0249629409230407E+000  1.0253078244157563E+000
  1.0256046304464315E+000  1.0258528123409807E+000  1.0260519122832676E+000  1.0262015622762244E+000  1.0263014850457288E+000
  1.0263514947776182E+000  1.0263514947776324E+000  1.0263014850457701E+000  1.0262015622762874E+000  1.0260519122833540E+000
  1.0258528123410902E+000  1.0256046304465638E+000  1.0253078244159122E+000  1.0249629409232175E+000  1.0245706143290767E+000
  1.0241315655448184E+000  1.0236466006495977E+000  1.0231166095584174E+000  1.0225425644441253E+000  1.0219255183158107E+000
  1.0212666032345095E+000  1.0205670286617146E+000  1.0198280789216267E+000  1.0190511109551526E+000  1.0182375523010516E+000
  1.0173889016013393E+000  1.0165067269945165E+000  1.0155926606712622E+000  1.0146483923193101E+000  1.0136756715291491E+000
  1.0126763052558898E+000  1.0116521518457784E+000  1.0106051196510688E+000  1.0095371667649737E+000  1.0084502913283344E+000
  1.0073465369104713E+000  1.0062279800595375E+000  1.0050967373168234E+000  1.0039549471547566E+000  1.0028047867399488E+000
  1.0016484462928483E+000  1.0002480074369993E+000  9.9932606161921766E-001  9.9816449036950328E-001  9.9700564926840007E-001
  9.9585177706222627E-001  9.9470511194846922E-001  9.9356787244451650E-001  9.9244226127312596E-001  9.9133045465740288E-001
  9.9023460607668312E-001  9.8915683400794352E-001  9.8809922541408368E-001  9.8706382682056615E-001  9.8605263953196176E-001
  9.8506762273104131E-001  9.8411067934103491E-001  9.8318365808141572E-001  9.8228835450056040E-001  9.8142649709027929E-001
  9.8059974704142316E-001  9.7980970361783348E-001  9.7905789788961273E-001  9.7834578355853241E-001  9.7767473435823038E-001
  9.7704604433801878E-001  9.7646092660537531E-001  9.7592051066469843E-001  9.7542583989930343E-001  9.7497786940810460E-001
  9.7457746424313296E-001  9.7422539781658846E-001  9.7392235045650588E-001  9.7366890808253981E-001  9.7346556113286020E-001
  9.7331270365254219E-001  9.7321063246965234E-001  9.7315954662016257E-001  9.7315954662013870E-001  9.7321063246959827E-001
  9.7331270365242983E-001  9.7346556113271043E-001  9.7366890808234607E-001  9.7392235045627962E-001  9.7422539781632023E-001
  9.7457746424281588E-001  9.7497786940776709E-001  9.7542583989892695E-001  9.7592051066428886E-001  9.7646092660493522E-001
  9.7704604433754516E-001  9.7767473435773755E-001  9.7834578355800950E-001  9.7905789788906794E-001  9.7980970361726893E-001
  9.8059974704083808E-001  9.8142649708967500E-001  9.8228835449994367E-001  9.8318365808079011E-001  9.8411067934040031E-001
  9.8506762273040183E-001  9.8605263953131916E-001  9.8706382681991456E-001  9.8809922541343220E-001  9.8915683400729448E-001
  9.9023460607603830E-001  9.9133045465676350E-001  9.9244226127249768E-001  9.9356787244389089E-001  9.9470511194785005E-001
  9.9585177706162153E-001  9.9700564926780089E-001  9.9816449036891031E-001  9.9932606161864102E-001
BLOCK 110   7.1100181582915356E+000
  1.0002519420042890E+000  1.0016808468608236E+000  1.0028618947649330E+000  1.0040366183099567E+000  1.0052027807529602E+000
  1.0063581577980147E+000  1.0075005657638210E+000  1.0086278431371840E+000  1.0097378689398055E+000  1.0108285576609959E+000
  1.0118978675175354E+000  1.0129438008948890E+000  1.0139644086265116E+000  1.0149577931498242E+000  1.0159221116569992E+000
  1.0168555775555796E+000  1.0177564665478218E+000  1.0186231152195151E+000  1.0194539258204358E+000  1.0202473697959755E+000
  1.0210019875982461E+000  1.0217163906145492E+000  1.0223892670552661E+000  1.0230193841676003E+000  1.0236055883190427E+000
  1.0241468054047738E+000  1.0246420430159773E+000  1.0250903924862560E+000  1.0254910307441585E+000  1.0258432216186197E+000
  1.0261463172140246E+000  1.0263997590627043E+000  1.0266030793441918E+000  1.0267559019206218E+000  1.0268579433115550E+000
  1.0269090135214856E+000  1.0269090135214978E+000  1.0268579433115921E+000  1.0267559019206860E+000  1.0266030793442822E+000
  1.0263997590628193E+000  1.0261463172141692E+000  1.0258432216187838E+000  1.0254910307443494E+000  1.0250903924864627E+000
  1.0246420430162113E+000  1.0241468054050271E+000  1.0236055883193163E+000  1.0230193841678983E+000  1.0223892670555788E+000
  1.0217163906148830E+000  1.0210019875985958E+000  1.0202473697963419E+000  1.0194539258208140E+000  1.0186231152199103E+000
  1.0177564665482315E+000  1.0168555775560013E+000  1.0159221116574297E+000  1.0149577931502693E+000  1.0139644086269683E+000
  1.0129438008953597E+000  1.0118978675180190E+000  1.0108285576614895E+000  1.0097378689403096E+000  1.0086278431376952E+000
  1.0075005657643417E+000  1.0063581577985461E+000  1.0052027807535009E+000  1.0040366183105107E+000  1.0028618947654961E+000
  1.0016808468613916E+000  1.0002519420045164E+000  9.9930880899346874E-001  9.9812239050709450E-001  9.9693875217838401E-001
  9.9576018249486509E-001  9.9458896681351650E-001  9.9342737371768286E-001  9.9227765159232695E-001  9.9114202666692142E-001
  9.9002269600683213E-001  9.8892182737422307E-001  9.8784155055408540E-001  9.8678395727157142E-001  9.8575109440738928E-001
  9.8474495930153250E-001  9.8376750043976513E-001  9.8282060602514698E-001  9.8190610748512119E-001  9.8102577386174505E-001
  9.8018130325880493E-001  9.7937432781476608E-001  9.7860640824068379E-001  9.7787902474377708E-001  9.7719358032056991E-001
  9.7655140198483548E-001  9.7595373318498313E-001  9.7540172769135758E-001  9.7489644929404429E-001  9.7443887232462167E-001
  9.7402988024483650E-001  9.7367026333587892E-001  9.7336071671687374E-001  9.7310183893653390E-001  9.7289413103536870E-001
  9.7273799535669037E-001  9.7263373512550322E-001  9.7258155364025867E-001  9.7258155364023946E-001  9.7263373512543083E-001
  9.7273799535658567E-001  9.7289413103520461E-001  9.7310183893634639E-001  9.7336071671660229E-001  9.7367026333558093E-001
  9.7402988024451431E-001  9.7443887232427329E-001  9.7489644929365549E-001  9.7540172769093403E-001  9.7595373318453649E-001
  9.7655140198435331E-001  9.7719358032006121E-001  9.7787902474323862E-001  9.7860640824011724E-001  9.7937432781418277E-001
  9.8018130325820474E-001  9.8102577386112666E-001  9.8190610748449358E-001  9.8282060602450649E-001  9.8376750043911465E-001
  9.8474495930087513E-001  9.8575109440672226E-001  9.8678395727090806E-001  9.8784155055342038E-001  9.8892182737356160E-001
  9.9002269600616888E-001  9.9114202666626039E-001  9.9227765159167425E-001  9.9342737371703671E-001  9.9458896681287978E-001
  9.9576018249423526E-001  9.9693875217776629E-001  9.9812239050648410E-001  9.9930880899287278E-001
BLOCK 111   7.1752476826795215E+000
  1.0002559293326201E+000  1.0017138880166776E+000  1.0029201865028081E+000  1.0041200127367857E+000  1.0053110814698694E+000
  1.0064911209889555E+000  1.0076579009908011E+000  1.0088092141552605E+000  1.0099428947893410E+000  1.0110568133063693E+000
  1.0121488855761358E+000  1.0132170713874820E+000  1.0142593819152741E+000  1.0152738791403975E+000  1.0162586825553901E+000
  1.0172119688754249E+000  1.0181319774704940E+000  1.0190170118394366E+000  1.0198654419079951E+000  1.0206757078444619E+000
  1.0214463214317842E+000  1.0221758674245400E+000  1.0228630081064369E+000  1.0235064837448786E+000  1.0241051136749055E+000
  1.0246578000016893E+000  1.0251635308511238E+000  1.0256213805076420E+000  1.0260305095780604E+000  1.0263901662404138E+000
  1.0266996883312192E+000  1.0269585049818579E+000  1.0271661379492631E+000  1.0273222026519238E+000  1.0274264091699672E+000
  1.0274785631617871E+000  1.0274785631618013E+000  1.0274264091700072E+000  1.0273222026519919E+000  1.0271661379493557E+000
  1.0269585049819785E+000  1.0266996883313679E+000  1.0263901662405905E+000  1.0260305095782616E+000  1.0256213805078658E+000
  1.0251635308513738E+000  1.0246578000019571E+000  1.0241051136751949E+000  1.0235064837451886E+000  1.0228630081067669E+000
  1.0221758674248866E+000  1.0214463214321536E+000  1.0206757078448478E+000  1.0198654419083957E+000  1.0190170118398520E+000
  1.0181319774709252E+000  1.0172119688758663E+000  1.0162586825558464E+000  1.0152738791408618E+000  1.0142593819157535E+000
  1.0132170713879693E+000  1.0121488855766365E+000  1.0110568133068816E+000  1.0099428947898614E+000  1.0088092141557907E+000
  1.0076579009913420E+000  1.0064911209895071E+000  1.0053110814704300E+000  1.0041200127373564E+000  1.0029201865033899E+000
  1.0017138880172651E+000  1.0002559293328572E+000  9.9929110220965012E-001  9.9807928696581072E-001  9.9687030319623893E-001
  9.9566648828325055E-001  9.9447017833318563E-001  9.9328369006846717E-001  9.9210932241829264E-001  9.9094934818966962E-001
  9.8980601441283544E-001  9.8868153375080436E-001  9.8757808444917661E-001  9.8649780197103221E-001  9.8544277813092285E-001
  9.8441505473081736E-001  9.8341661978077866E-001  9.8244940601619846E-001  9.8151528212696781E-001  9.8061605513777150E-001
  9.7975346274314545E-001  9.7892916982726652E-001  9.7814477046908610E-001  9.7740177846846665E-001  9.7670162666454219E-001
  9.7604566893797917E-001  9.7543517203935715E-001  9.7487131240942848E-001  9.7435517979283448E-001  9.7388777465326859E-001
  9.7347000135395456E-001  9.7310266551122127E-001  9.7278647507563976E-001  9.7252204063649927E-001  9.7230987405774405E-001
  9.7215038673078269E-001  9.7204388843259271E-001  9.7199058683326345E-001  9.7199058683323958E-001  9.7204388843251877E-001
  9.7215038673066656E-001  9.7230987405758562E-001  9.7252204063628567E-001  9.7278647507538718E-001  9.7310266551092528E-001
  9.7347000135360107E-001  9.7388777465286247E-001  9.7435517979240427E-001  9.7487131240898650E-001  9.7543517203889385E-001
  9.7604566893748901E-001  9.7670162666401350E-001  9.7740177846791609E-001  9.7814477046850901E-001  9.7892916982667011E-001
  9.7975346274252695E-001  9.8061605513713523E-001  9.8151528212631445E-001  9.8244940601553665E-001  9.8341661978011141E-001
  9.8441505473014168E-001  9.8544277813024539E-001  9.8649780197035264E-001  9.8757808444849493E-001  9.8868153375011836E-001
  9.8980601441215843E-001  9.9094934818899283E-001  9.9210932241762129E-001  9.9328369006780592E-001  9.9447017833252538E-001
  9.9566648828259918E-001  9.9687030319559744E-001  9.9807928696518122E-001  9.9929110220903283E-001
BLOCK 112   7.2404772070675074E+000
  1.0002599680248254E+000  1.0017475776625278E+000  1.0029796818860943E+000  1.0042051615535610E+000  1.0054216822325261E+000
  1.0066269234371867E+000  1.0078186075297191E+000  1.0089944802429147E+000  1.0101523303299971E+000  1.0112899833996696E+000
  1.0124053116379230E+000  1.0134962323711041E+000  1.0145607150672706E+000  1.0155967819794862E+000  1.0166025130534315E+000
  1.0175760480213130E+000  1.0185155896163358E+000  1.0194194065305520E+000  1.0202858358540070E+000  1.0211132854450251E+000
  1.0219002372870742E+000  1.0226452480545150E+000  1.0233469529972423E+000  1.0240040671792343E+000  1.0246153867429606E+000
  1.0251797918942742E+000  1.0256962487374455E+000  1.0261638095593844E+000  1.0265816155140264E+000  1.0269488993915330E+000
  1.0272649865086716E+000  1.0275292945895884E+000  1.0277413347336550E+000  1.0279007131439226E+000  1.0280071327993676E+000
  1.0280603946551163E+000  1.0280603946551317E+000  1.0280071327994111E+000  1.0279007131439948E+000  1.0277413347337578E+000
  1.0275292945897192E+000  1.0272649865088312E+000  1.0269488993917195E+000  1.0265816155142349E+000  1.0261638095596193E+000
  1.0256962487377081E+000  1.0251797918945591E+000  1.0246153867432675E+000  1.0240040671795632E+000  1.0233469529975934E+000
  1.0226452480548813E+000  1.0219002372874593E+000  1.0211132854454303E+000  1.0202858358544278E+000  1.0194194065309905E+000
  1.0185155896167901E+000  1.0175760480217768E+000  1.0166025130539089E+000  1.0155967819799763E+000  1.0145607150677667E+000
  1.0134962323716130E+000  1.0124053116384442E+000  1.0112899834002020E+000  1.0101523303305371E+000  1.0089944802434618E+000
  1.0078186075302775E+000  1.0066269234377561E+000  1.0054216822331066E+000  1.0042051615541521E+000  1.0029796818866950E+000
  1.0017475776631384E+000  1.0002599680250746E+000  9.9927292559732850E-001  9.9803515305213442E-001  9.9680026306567215E-001
  9.9557064451254074E-001  9.9434868365158025E-001  9.9313674863765455E-001  9.9193718741261228E-001  9.9075232365677557E-001
  9.8958445185077937E-001  9.8843583450679384E-001  9.8730869560582080E-001  9.8620521857692534E-001  9.8512753951319865E-001
  9.8407774503778678E-001  9.8305786677314289E-001  9.8206987762043441E-001  9.8111568928317494E-001  9.8019714537584635E-001
  9.7931602259404271E-001  9.7847402260654837E-001  9.7767277162236876E-001  9.7691381820271950E-001  9.7619862611183483E-001
  9.7552857676672711E-001  9.7490496483626710E-001  9.7432899255696570E-001  9.7380177267773727E-001  9.7332432536413149E-001
  9.7289757205281080E-001  9.7252233658339782E-001  9.7219934662584984E-001  9.7192922911480339E-001  9.7171250600944059E-001
  9.7154959492774984E-001  9.7144081050761244E-001  9.7138636459082539E-001  9.7138636459079974E-001  9.7144081050754316E-001
  9.7154959492763104E-001  9.7171250600928183E-001  9.7192922911456814E-001  9.7219934662560348E-001  9.7252233658308196E-001
  9.7289757205245042E-001  9.7332432536372604E-001  9.7380177267727319E-001  9.7432899255647998E-001  9.7490496483575362E-001
  9.7552857676618554E-001  9.7619862611128483E-001  9.7691381820216139E-001  9.7767277162178445E-001  9.7847402260593730E-001
  9.7931602259341022E-001  9.8019714537519709E-001  9.8111568928250792E-001  9.8206987761975817E-001  9.8305786677245421E-001
  9.8407774503709045E-001  9.8512753951249932E-001  9.8620521857622734E-001  9.8730869560511703E-001  9.8843583450609507E-001
  9.8958445185007893E-001  9.9075232365608268E-001  9.9193718741192127E-001  9.9313674863696733E-001  9.9434868365090656E-001
  9.9557064451187050E-001  9.9680026306500946E-001  9.9803515305148249E-001  9.9927292559668968E-001
BLOCK 113   7.3057067314554933E+000
  1.0002640562516223E+000  1.0017819237122096E+000  1.0030404005510796E+000  1.0042920962747464E+000  1.0055346260910394E+000
  1.0067656198001160E+000  1.0079827512017911E+000  1.0091837183682282E+000  1.0103662632937809E+000  1.0115281661096076E+000
  1.0126672542945134E+000  1.0137814019003322E+000  1.0148685361022096E+000  1.0159266381970760E+000  1.0169537485764084E+000
  1.0179479684123667E+000  1.0189074638987106E+000  1.0198304678393935E+000  1.0207152837350897E+000  1.0215602868836802E+000
  1.0223639283036667E+000  1.0231247358394571E+000  1.0238413169468266E+000  1.0245123608548006E+000  1.0251366398450055E+000
  1.0257130115498483E+000  1.0262404209526408E+000  1.0267179009575362E+000  1.0271445749069235E+000  1.0275196583665562E+000
  1.0278424598251401E+000  1.0281123823602185E+000  1.0283289262087218E+000  1.0284916899224639E+000  1.0286003705375666E+000
  1.0286547643631099E+000  1.0286547643631265E+000  1.0286003705376130E+000  1.0284916899225423E+000  1.0283289262088311E+000
  1.0281123823603582E+000  1.0278424598253071E+000  1.0275196583667534E+000  1.0271445749071479E+000  1.0267179009577869E+000
  1.0262404209529168E+000  1.0257130115501476E+000  1.0251366398453299E+000  1.0245123608551487E+000  1.0238413169471974E+000
  1.0231247358398485E+000  1.0223639283040724E+000  1.0215602868841078E+000  1.0207152837355324E+000  1.0198304678398513E+000
  1.0189074638991824E+000  1.0179479684128512E+000  1.0169537485769076E+000  1.0159266381975898E+000  1.0148685361027332E+000
  1.0137814019008653E+000  1.0126672542950588E+000  1.0115281661101627E+000  1.0103662632943453E+000  1.0091837183687977E+000
  1.0079827512023698E+000  1.0067656198007069E+000  1.0055346260916438E+000  1.0042920962753623E+000  1.0030404005517035E+000
  1.0017819237128442E+000  1.0002640562518808E+000  9.9925426337985646E-001  9.9798996061904055E-001  9.9672859227792432E-001
  9.9547259898837570E-001  9.9422441954722607E-001  9.9298647318261224E-001  9.9176115985295732E-001  9.9055085304718449E-001
  9.8935789838427102E-001  9.8818460651957629E-001  9.8703325118701202E-001  9.8590606205511744E-001  9.8480522286969763E-001
  9.8373286462882947E-001  9.8269106359030811E-001  9.8168183548307308E-001  9.8070713258330744E-001  9.7976884005064080E-001
  9.7886877093620694E-001  9.7800866556707278E-001  9.7719018454895623E-001  9.7641490933933395E-001  9.7568433734037563E-001
  9.7499987825693979E-001  9.7436285506958298E-001  9.7377449727751031E-001  9.7323594068832298E-001  9.7274822720359688E-001
  9.7231229849819045E-001  9.7192899630686591E-001  9.7159906337408708E-001  9.7132313799481473E-001  9.7110175242585339E-001
  9.7093533536605070E-001  9.7082421077320469E-001  9.7076859454529962E-001  9.7076859454527065E-001  9.7082421077312364E-001
  9.7093533536593879E-001  9.7110175242566787E-001  9.7132313799458503E-001  9.7159906337381596E-001  9.7192899630655372E-001
  9.7231229849779532E-001  9.7274822720317700E-001  9.7323594068785702E-001  9.7377449727700371E-001  9.7436285506903775E-001
  9.7499987825635892E-001  9.7568433733978233E-001  9.7641490933872743E-001  9.7719018454832618E-001  9.7800866556643307E-001
  9.7886877093556213E-001  9.7976884004998954E-001  9.8070713258263564E-001  9.8168183548238575E-001  9.8269106358960279E-001
  9.8373286462811627E-001  9.8480522286897931E-001  9.8590606205439413E-001  9.8703325118628649E-001  9.8818460651885043E-001
  9.8935789838355681E-001  9.9055085304647039E-001  9.9176115985224800E-001  9.9298647318191002E-001  9.9422441954652907E-001
  9.9547259898768770E-001  9.9672859227723909E-001  9.9798996061836709E-001  9.9925426337919798E-001
BLOCK 114   7.3709362558434792E+000
  1.0002681921229977E+000  1.0018169340134253E+000  1.0031023623902930E+000  1.0043808487448573E+000  1.0056499567384156E+000
  1.0069072653582822E+000  1.0081503988988525E+000  1.0093770065965624E+000  1.0105847829728816E+000  1.0117714614363968E+000
  1.0129348241860203E+000  1.0140727008055634E+000  1.0151829756260951E+000  1.0162635879916515E+000  1.0173125380597494E+000
  1.0183278878475628E+000  1.0193077660354519E+000  1.0202503693659684E+000  1.0211539666286944E+000  1.0220169003509163E+000
  1.0228375898714521E+000  1.0236145334472324E+000  1.0243463103753154E+000  1.0250315832847150E+000  1.0256690999295426E+000
  1.0262576947695186E+000  1.0267962913209461E+000  1.0272839028945266E+000  1.0277196346841031E+000  1.0281026853773134E+000
  1.0284323480803506E+000  1.0287080121710184E+000  1.0289291654808246E+000  1.0290953954180138E+000  1.0292063905021485E+000
  1.0292619424582730E+000  1.0292619424582916E+000  1.0292063905021989E+000  1.0290953954180990E+000  1.0289291654809389E+000
  1.0287080121711638E+000  1.0284323480805293E+000  1.0281026853775246E+000  1.0277196346843389E+000  1.0272839028947922E+000
  1.0267962913212392E+000  1.0262576947698416E+000  1.0256690999298870E+000  1.0250315832850827E+000  1.0243463103757038E+000
  1.0236145334476436E+000  1.0228375898718829E+000  1.0220169003513639E+000  1.0211539666291589E+000  1.0202503693664464E+000
  1.0193077660359489E+000  1.0183278878480717E+000  1.0173125380602719E+000  1.0162635879921853E+000  1.0151829756266402E+000
  1.0140727008061201E+000  1.0129348241865894E+000  1.0117714614369784E+000  1.0105847829734715E+000  1.0093770065971610E+000
  1.0081503988994573E+000  1.0069072653589006E+000  1.0056499567390413E+000  1.0043808487454933E+000  1.0031023623909554E+000
  1.0018169340141070E+000  1.0002681921232621E+000  9.9923509895222162E-001  9.9794368101743136E-001  9.9665524957240903E-001
  9.9537229868443566E-001  9.9409732013324592E-001  9.9283278643398054E-001  9.9158114944162412E-001  9.9034483517937155E-001
  9.8912623973599056E-001  9.8792772509832572E-001  9.8675161363285868E-001  9.8560018464177601E-001  9.8447566835569111E-001
  9.8338024313529715E-001  9.8231602944448837E-001  9.8128508740310738E-001  9.8028941129050240E-001  9.7933092691260859E-001
  9.7841148737362671E-001  9.7753286934789607E-001  9.7669677109821396E-001  9.7590480697721993E-001  9.7515850765332557E-001
  9.7445931405611175E-001  9.7380857681983213E-001  9.7320755390968949E-001  9.7265740574973492E-001  9.7215919653908867E-001
  9.7171388961082028E-001  9.7132234471859080E-001  9.7098531931830645E-001  9.7070346406723618E-001  9.7047732167206002E-001
  9.7030732994079671E-001  9.7019381948541750E-001  9.7013700964134364E-001  9.7013700964130722E-001  9.7019381948533401E-001
  9.7030732994068192E-001  9.7047732167186174E-001  9.7070346406699304E-001  9.7098531931801835E-001  9.7132234471826828E-001
  9.7171388961042682E-001  9.7215919653863891E-001  9.7265740574926352E-001  9.7320755390917002E-001  9.7380857681925836E-001
  9.7445931405550712E-001  9.7515850765269774E-001  9.7590480697657611E-001  9.7669677109754471E-001  9.7753286934721673E-001
  9.7841148737294503E-001  9.7933092691191037E-001  9.8028941128979497E-001  9.8128508740239984E-001  9.8231602944377916E-001
  9.8338024313458472E-001  9.8447566835496525E-001  9.8560018464104260E-001  9.8675161363211283E-001  9.8792772509758453E-001
  9.8912623973525016E-001  9.9034483517863625E-001  9.9158114944089037E-001  9.9283278643325634E-001  9.9409732013252983E-001
  9.9537229868372412E-001  9.9665524957170748E-001  9.9794368101672082E-001  9.9923509895151319E-001
BLOCK 115   7.4361657802314651E+000
  1.0002723736028021E+000  1.0018526162791945E+000  1.0031655875521974E+000  1.0044714512589641E+000  1.0057677185232579E+000
  1.0070519164132692E+000  1.0083216185694177E+000  1.0095744245422362E+000  1.0108079801547256E+000  1.0120199713705786E+000
  1.0132081338887480E+000  1.0143702522371745E+000  1.0155041667302738E+000  1.0166077742780795E+000  1.0176790337237176E+000
  1.0187159674920705E+000  1.0197166658461074E+000  1.0206792889306906E+000  1.0216020702272752E+000  1.0224833187496432E+000
  1.0233214218786646E+000  1.0241148474841983E+000  1.0248621463969807E+000  1.0255619541378143E+000  1.0262129933464428E+000
  1.0268140749230821E+000  1.0273641003705483E+000  1.0278620628220589E+000  1.0283070487480634E+000  1.0286982397131121E+000
  1.0290349136234977E+000  1.0293164463909410E+000  1.0295423136164934E+000  1.0297120914324178E+000  1.0298254584002076E+000
  1.0298821986097502E+000  1.0298821986097679E+000  1.0298254584002600E+000  1.0297120914325049E+000  1.0295423136166133E+000
  1.0293164463910971E+000  1.0290349136236889E+000  1.0286982397133344E+000  1.0283070487483146E+000  1.0278620628223425E+000
  1.0273641003708605E+000  1.0268140749234214E+000  1.0262129933468029E+000  1.0255619541382011E+000  1.0248621463973921E+000
  1.0241148474846304E+000  1.0233214218791178E+000  1.0224833187501119E+000  1.0216020702277635E+000  1.0206792889311964E+000
  1.0197166658466292E+000  1.0187159674926050E+000  1.0176790337242607E+000  1.0166077742786359E+000  1.0155041667308444E+000
  1.0143702522377587E+000  1.0132081338893428E+000  1.0120199713711862E+000  1.0108079801553402E+000  1.0095744245428586E+000
  1.0083216185700627E+000  1.0070519164139304E+000  1.0057677185239176E+000  1.0044714512596336E+000  1.0031655875528782E+000
  1.0018526162798707E+000  1.0002723736030867E+000  9.9921541509105549E-001  9.9789628441352296E-001  9.9658019268467601E-001
  9.9526968846056252E-001  9.9396731815473605E-001  9.9267560809947042E-001  9.9139706415069906E-001  9.9013416491840689E-001
  9.8888935946132628E-001  9.8766506073334093E-001  9.8646364255412489E-001  9.8528743313775879E-001  9.8413871216623250E-001
  9.8301970449377329E-001  9.8193257758169561E-001  9.8087943539894196E-001  9.7986231624779618E-001  9.7888318707881827E-001
  9.7794394149924357E-001  9.7704639478997524E-001  9.7619228158959215E-001  9.7538325243691693E-001  9.7462087021493693E-001
  9.7390660889856306E-001  9.7324184843781281E-001  9.7262787477340651E-001  9.7206587506189146E-001  9.7155693576498880E-001
  9.7110204217425422E-001  9.7070207405969267E-001  9.7035780654708470E-001  9.7006990651135383E-001  9.6983892722819476E-001
  9.6966530980345778E-001  9.6954938349106456E-001  9.6949136587708007E-001  9.6949136587703155E-001  9.6954938349097719E-001
  9.6966530980333032E-001  9.6983892722800669E-001  9.7006990651109026E-001  9.7035780654678405E-001  9.7070207405934450E-001
  9.7110204217386731E-001  9.7155693576453250E-001  9.7206587506138975E-001  9.7262787477286672E-001  9.7324184843722406E-001
  9.7390660889794267E-001  9.7462087021428123E-001  9.7538325243622148E-001  9.7619228158888616E-001  9.7704639478925748E-001
  9.7794394149851915E-001  9.7888318707808608E-001  9.7986231624705267E-001  9.8087943539820210E-001  9.8193257758095653E-001
  9.8301970449303000E-001  9.8413871216548532E-001  9.8528743313701339E-001  9.8646364255338403E-001  9.8766506073259419E-001
  9.8888935946057632E-001  9.9013416491765094E-001  9.9139706414994444E-001  9.9267560809871069E-001  9.9396731815397699E-001
  9.9526968845982577E-001  9.9658019268393971E-001  9.9789628441279832E-001  9.9921541509035339E-001
BLOCK 116   7.5013953046194510E+000
  1.0002765982246060E+000  1.0018889778247804E+000  1.0032300956758404E+000  1.0045639360477043E+000  1.0058879561506398E+000
  1.0071996306482585E+000  1.0084964799942990E+000  1.0097760535436300E+000  1.0110359474966930E+000  1.0122737995370019E+000
  1.0134872980711875E+000  1.0146741813969782E+000  1.0158322450927204E+000  1.0169593426160175E+000  1.0180533908932672E+000
  1.0191123717927191E+000  1.0201343366727220E+000  1.0211174081887411E+000  1.0220597841245447E+000  1.0229597392242906E+000
  1.0238156285139894E+000  1.0246258889600544E+000  1.0253890423984033E+000  1.0261036969130017E+000  1.0267685493968894E+000
  1.0273823868294982E+000  1.0279440884222080E+000  1.0284526270963938E+000  1.0289070708423087E+000  1.0293065839744751E+000
  1.0296504280125582E+000  1.0299379630575642E+000  1.0301686502357039E+000  1.0303420537877812E+000  1.0304578433076423E+000
  1.0305157966952356E+000  1.0305157966952552E+000  1.0304578433076987E+000  1.0303420537878734E+000  1.0301686502358325E+000
  1.0299379630577290E+000  1.0296504280127621E+000  1.0293065839747091E+000  1.0289070708425776E+000  1.0284526270966918E+000
  1.0279440884225373E+000  1.0273823868298528E+000  1.0267685493972718E+000  1.0261036969134110E+000  1.0253890423988328E+000
  1.0246258889605082E+000  1.0238156285144635E+000  1.0229597392247858E+000  1.0220597841250587E+000  1.0211174081892698E+000
  1.0201343366732645E+000  1.0191123717932797E+000  1.0180533908938389E+000  1.0169593426166030E+000  1.0158322450933175E+000
  1.0146741813975844E+000  1.0134872980718130E+000  1.0122737995376492E+000  1.0110359474973492E+000  1.0097760535442895E+000
  1.0084964799949709E+000  1.0071996306489346E+000  1.0058879561513268E+000  1.0045639360484009E+000  1.0032300956765403E+000
  1.0018889778254900E+000  1.0002765982248980E+000  9.9919519361524844E-001  9.9784773962828233E-001  9.9650337743700790E-001
  9.9516471130703044E-001  9.9383434333327381E-001  9.9251485532614425E-001  9.9120880772681452E-001  9.8991873376645367E-001
  9.8864713564395579E-001  9.8739647957727883E-001  9.8616919067437647E-001  9.8496764856675667E-001  9.8379418193703316E-001
  9.8265106475954311E-001  9.8154051083710525E-001  9.8046467059055187E-001  9.7942562570008240E-001  9.7842538654348388E-001
  9.7746588703308723E-001  9.7654898258720024E-001  9.7567644528299824E-001  9.7484996204619334E-001  9.7407113022245539E-001
  9.7334145538227967E-001  9.7266234848208788E-001  9.7203512327243125E-001  9.7146099610486703E-001  9.7094108131509982E-001
  9.7047639030391941E-001  9.7006782698142013E-001  9.6971618616557087E-001  9.6942215393018427E-001  9.6918630097908687E-001
  9.6900907645749179E-001  9.6889079711842374E-001  9.6883163351476465E-001  9.6883163351472701E-001  9.6889079711833059E-001
  9.6900907645735368E-001  9.6918630097889846E-001  9.6942215392992415E-001  9.6971618616526212E-001  9.7006782698105121E-001
  9.7047639030350907E-001  9.7094108131464962E-001  9.7146099610436376E-001  9.7203512327186548E-001  9.7266234848149546E-001
  9.7334145538161621E-001  9.7407113022178771E-001  9.7484996204546404E-001  9.7567644528224728E-001  9.7654898258645040E-001
  9.7746588703231663E-001  9.7842538654270150E-001  9.7942562569929936E-001  9.8046467058977371E-001  9.8154051083632943E-001
  9.8265106475876474E-001  9.8379418193625712E-001  9.8496764856599339E-001  9.8616919067361464E-001  9.8739647957650800E-001
  9.8864713564317430E-001  9.8991873376568706E-001  9.9120880772605180E-001  9.9251485532537231E-001  9.9383434333251042E-001
  9.9516471130626161E-001  9.9650337743624684E-001  9.9784773962753570E-001  9.9919519361451592E-001
BLOCK 117   7.5666248290074369E+000
  1.0002808642109520E+000  1.0019260274585495E+000  1.0032959091874356E+000  1.0046583383027734E+000  1.0060107172235719E+000
  1.0073504667384998E+000  1.0086750538353961E+000  1.0099819764589366E+000  1.0112687801376912E+000  1.0125330527534981E+000
  1.0137724345199772E+000  1.0149846166847194E+000  1.0161673493369983E+000  1.0173184417511036E+000  1.0184357680419951E+000
  1.0195172686909244E+000  1.0205609553891488E+000  1.0215649126780730E+000  1.0225273019585399E+000  1.0234463632006372E+000
  1.0243204183587822E+000  1.0251478730403383E+000  1.0259272194509674E+000  1.0266570380947029E+000  1.0273360002112573E+000
  1.0279628692244540E+000  1.0285365021977075E+000  1.0290558509345376E+000  1.0295199632634693E+000  1.0299279846114637E+000
  1.0302791596625833E+000  1.0305728336601054E+000  1.0308084528800869E+000  1.0309855648400064E+000  1.0311038265655144E+000
  1.0311630238739879E+000  1.0311630238740086E+000  1.0311038265655741E+000  1.0309855648401052E+000  1.0308084528802246E+000
  1.0305728336602817E+000  1.0302791596627985E+000  1.0299279846117095E+000  1.0295199632637499E+000  1.0290558509348475E+000
  1.0285365021980533E+000  1.0279628692248290E+000  1.0273360002116614E+000  1.0266570380951365E+000  1.0259272194514222E+000
  1.0251478730408152E+000  1.0243204183592796E+000  1.0234463632011537E+000  1.0225273019590759E+000  1.0215649126786281E+000
  1.0205609553897175E+000  1.0195172686915088E+000  1.0184357680425951E+000  1.0173184417517225E+000  1.0161673493376355E+000
  1.0149846166853667E+000  1.0137724345206383E+000  1.0125330527541745E+000  1.0112687801383713E+000  1.0099819764596245E+000
  1.0086750538360887E+000  1.0073504667392048E+000  1.0060107172242856E+000  1.0046583383034933E+000  1.0032959091881659E+000
  1.0019260274592903E+000  1.0002808642112622E+000  9.9917441729525081E-001  9.9779801684686797E-001  9.9642476132356628E-001
  9.9505731195469072E-001  9.9369832783209322E-001  9.9235044732762712E-001  9.9101628721430413E-001  9.8969843593205631E-001
  9.8839945079315483E-001  9.8712185155920074E-001  9.8586811676494202E-001  9.8464067750074979E-001  9.8344191366794065E-001
  9.8227414818250036E-001  9.8113964347530891E-001  9.8004059611842298E-001  9.7897913369544587E-001  9.7795730976702155E-001
  9.7697710101819724E-001  9.7604040229904487E-001  9.7514902442335405E-001  9.7430468991485941E-001  9.7350903233935637E-001
  9.7276359237347132E-001  9.7206981698768813E-001  9.7142905587557993E-001  9.7084256367341915E-001  9.7031150797728449E-001
  9.6983699432741133E-001  9.6942012366688413E-001  9.6906197383830217E-001  9.6876259989891422E-001  9.6851837015868369E-001
  9.6833683054919872E-001  9.6821595313324471E-001  9.6815526625118764E-001  9.6815526625116588E-001  9.6821595313316533E-001
  9.6833683054905939E-001  9.6851837015848874E-001  9.6876259989866098E-001  9.6906197383799397E-001  9.6942012366651176E-001
  9.6983699432696813E-001  9.7031150797680754E-001  9.7084256367289101E-001  9.7142905587502482E-001  9.7206981698705686E-001
  9.7276359237280630E-001  9.7350903233863750E-001  9.7430468991412578E-001  9.7514902442254514E-001  9.7604040229825306E-001
  9.7697710101739577E-001  9.7795730976619266E-001  9.7897913369462441E-001  9.8004059611760708E-001  9.8113964347449034E-001
  9.8227414818168413E-001  9.8344191366711664E-001  9.8464067749993922E-001  9.8586811676414488E-001  9.8712185155839438E-001
  9.8839945079236202E-001  9.8969843593127249E-001  9.9101628721351986E-001  9.9235044732685040E-001  9.9369832783131307E-001
  9.9505731195391944E-001  9.9642476132279634E-001  9.9779801684609881E-001  9.9917441729448597E-001
BLOCK 118   7.6318543533954228E+000
  1.0002851775368591E+000  1.0019637885370087E+000  1.0033630634776427E+000  1.0047547062374169E+000  1.0061360630422731E+000
  1.0075044994165132E+000  1.0088574282348493E+000  1.0101922945805939E+000  1.0115065924000639E+000  1.0127978589965732E+000
  1.0140636852808678E+000  1.0153017147420154E+000  1.0165096507970672E+000  1.0176852577088964E+000  1.0188263660985244E+000
  1.0199308746648332E+000  1.0209967549079719E+000  1.0220220527786581E+000  1.0230048926718729E+000  1.0239434795621745E+000
  1.0248361024930708E+000  1.0256811365948042E+000  1.0264770458606873E+000  1.0272223848442295E+000  1.0279158009817082E+000
  1.0285560368502036E+000  1.0291419336336041E+000  1.0296724357403713E+000  1.0301465994674865E+000  1.0305636274410221E+000
  1.0309231103525398E+000  1.0312248098629901E+000  1.0314623738157942E+000  1.0316409955122143E+000  1.0317602719039918E+000
  1.0318200559842758E+000  1.0318200559843047E+000  1.0317602719040799E+000  1.0316409955123467E+000  1.0314623738159787E+000
  1.0312248098631729E+000  1.0309231103527525E+000  1.0305636274412793E+000  1.0301465994677808E+000  1.0296724357407010E+000
  1.0291419336339682E+000  1.0285560368505990E+000  1.0279158009821288E+000  1.0272223848446791E+000  1.0264770458611614E+000
  1.0256811365953045E+000  1.0248361024935964E+000  1.0239434795627165E+000  1.0230048926724329E+000  1.0220220527792396E+000
  1.0209967549085748E+000  1.0199308746654536E+000  1.0188263660991614E+000  1.0176852577095501E+000  1.0165096507977347E+000
  1.0153017147426957E+000  1.0140636852815614E+000  1.0127978589972750E+000  1.0115065924007771E+000  1.0101922945813087E+000
  1.0088574282355742E+000  1.0075044994172522E+000  1.0061360630430243E+000  1.0047547062381754E+000  1.0033630634784039E+000
  1.0019637885377717E+000  1.0002851775371755E+000  9.9915308447139495E-001  9.9774710181714621E-001  9.9634431802665946E-001
  9.9494745276935004E-001  9.9355922344311998E-001  9.9218232633758896E-001  9.9081943543499895E-001  9.8947319611500506E-001
  9.8814622154352172E-001  9.8684108713693630E-001  9.8556032542503880E-001  9.8430642107543354E-001  9.8308180585568050E-001
  9.8188885407304549E-001  9.8072987762851105E-001  9.7960712153211826E-001  9.7852275931718125E-001  9.7747888921861581E-001
  9.7647753073884724E-001  9.7552062177101106E-001  9.7461001527981583E-001  9.7374747712767562E-001  9.7293468772945491E-001
  9.7217326000248094E-001  9.7146479490472204E-001  9.7081098771750018E-001  9.7021361618058377E-001  9.6967378262912785E-001
  9.6919016740893704E-001  9.6876018573282763E-001  9.6838748280869791E-001  9.6808085598298321E-001  9.6783205400470107E-001
  9.6764714064205459E-001  9.6752335826217217E-001  9.6746150306970657E-001  9.6746150306968814E-001  9.6752335826208991E-001
  9.6764714064191371E-001  9.6783205400448735E-001  9.6808085598271776E-001  9.6838748280837039E-001  9.6876018573246925E-001
  9.6919016740851260E-001  9.6967378262862480E-001  9.7021361618003055E-001  9.7081098771690133E-001  9.7146479490408066E-001
  9.7217326000183413E-001  9.7293468772869562E-001  9.7374747712691501E-001  9.7461001527897406E-001  9.7552062177016985E-001
  9.7647753073802690E-001  9.7747888921775539E-001  9.7852275931629984E-001  9.7960712153125007E-001  9.8072987762764785E-001
  9.8188885407217341E-001  9.8308180585481986E-001  9.8430642107458166E-001  9.8556032542419580E-001  9.8684108713610152E-001
  9.8814622154269682E-001  9.8947319611419382E-001  9.9081943543419770E-001  9.9218232633678605E-001  9.9355922344232595E-001
  9.9494745276855856E-001  9.9634431802587309E-001  9.9774710181635939E-001  9.9915308447061590E-001
BLOCK 119   7.6970838777834087E+000
  1.0002895444429434E+000  1.0020022874862557E+000  1.0034316011365005E+000  1.0048530986806947E+000  1.0062640689857463E+000
  1.0076618213014781E+000  1.0090437131925354E+000  1.0104071361087135E+000  1.0117495312793885E+000  1.0130683847306745E+000
  1.0143612373374049E+000  1.0156256840470033E+000  1.0168593812643589E+000  1.0180600476459525E+000  1.0192254700234800E+000
  1.0203535048893848E+000  1.0214420835396376E+000  1.0224892140032160E+000  1.0234929853534458E+000  1.0244515699193388E+000
  1.0253632267782304E+000  1.0262263041909785E+000  1.0270392442906080E+000  1.0278005900040532E+000  1.0285090051576959E+000
  1.0291633344134061E+000  1.0297627094049182E+000  1.0303063135270429E+000  1.0307917331988043E+000  1.0312142546326091E+000
  1.0315764070682698E+000  1.0318808698117810E+000  1.0321246586522432E+000  1.0323085615966276E+000  1.0324312109305491E+000
  1.0324927049451460E+000  1.0324927049451937E+000  1.0324312109306832E+000  1.0323085615968033E+000  1.0321246586524238E+000
  1.0318808698119881E+000  1.0315764070685141E+000  1.0312142546329055E+000  1.0307917331991268E+000  1.0303063135273796E+000
  1.0297627094052877E+000  1.0291633344138134E+000  1.0285090051581374E+000  1.0278005900045237E+000  1.0270392442911034E+000
  1.0262263041914967E+000  1.0253632267787784E+000  1.0244515699199126E+000  1.0234929853540400E+000  1.0224892140038342E+000
  1.0214420835402744E+000  1.0203535048900401E+000  1.0192254700241499E+000  1.0180600476466384E+000  1.0168593812650537E+000
  1.0156256840477143E+000  1.0143612373381243E+000  1.0130683847314135E+000  1.0117495312801408E+000  1.0104071361094698E+000
  1.0090437131932979E+000  1.0076618213022479E+000  1.0062640689865221E+000  1.0048530986814785E+000  1.0034316011372844E+000
  1.0020022874870362E+000  1.0002895444432676E+000  9.9913119085877100E-001  9.9769497560972020E-001  9.9626201399433623E-001
  9.9483508553216027E-001  9.9341696738309937E-001  9.9201041489534802E-001  9.9061816093350030E-001  9.8924290885582400E-001
  9.8788732946759883E-001  9.8655405468479029E-001  9.8524567316067624E-001  9.8396472405074131E-001  9.8271369250708873E-001
  9.8149500396937817E-001  9.8031101969648049E-001  9.7916403186255152E-001  9.7805625811604580E-001  9.7698983520140403E-001
  9.7596681537407426E-001  9.7498918140215118E-001  9.7405891168277303E-001  9.7317811530652465E-001  9.7234909817946802E-001
  9.7157390685399325E-001  9.7085310716835738E-001  9.7018549309546320E-001  9.6957137896374068E-001  9.6901479607690655E-001
  9.6851640031314512E-001  9.6807861872912615E-001  9.6770101667404274E-001  9.6738602318037459E-001  9.6713245745620158E-001
  9.6694155854503516E-001  9.6681463636475795E-001  9.6675062988555416E-001  9.6675062988551230E-001  9.6681463636465559E-001
  9.6694155854487374E-001  9.6713245745598153E-001  9.6738602318009848E-001  9.6770101667369024E-001  9.6807861872872958E-001
  9.6851640031270314E-001  9.6901479607640018E-001  9.6957137896322232E-001  9.7018549309485147E-001  9.7085310716770967E-001
  9.7157390685327849E-001  9.7234909817871307E-001  9.7317811530575260E-001  9.7405891168191550E-001  9.7498918140127644E-001
  9.7596681537320995E-001  9.7698983520050264E-001  9.7805625811510555E-001  9.7916403186164591E-001  9.8031101969557644E-001
  9.8149500396845890E-001  9.8271369250617890E-001  9.8396472404985025E-001  9.8524567315978817E-001  9.8655405468391499E-001
  9.8788732946673508E-001  9.8924290885497435E-001  9.9061816093266275E-001  9.9201041489451924E-001  9.9341696738227692E-001
  9.9483508553135069E-001  9.9626201399352565E-001  9.9769497560891474E-001  9.9913119085797220E-001
BLOCK 120   7.7623134021713946E+000
  1.0002939676932170E+000  1.0020415427858733E+000  1.0035015547158366E+000  1.0049535624586745E+000  1.0063947963467053E+000
  1.0078225081178094E+000  1.0092339992141197E+000  1.0106266063444269E+000  1.0119977173155972E+000  1.0133447659580739E+000
  1.0146652424749407E+000  1.0159566924825016E+000  1.0172167248024384E+000  1.0184430122356700E+000  1.0196332979390186E+000
  1.0207853969618084E+000  1.0218972013085488E+000  1.0229666816253224E+000  1.0239918915016295E+000  1.0249709723692284E+000
  1.0259021729952400E+000  1.0267839069488365E+000  1.0276148644151335E+000  1.0283940035910757E+000  1.0291199057887843E+000
  1.0297896206972568E+000  1.0303996771636053E+000  1.0309498707062119E+000  1.0314389383529359E+000  1.0318705551871796E+000
  1.0322420258376406E+000  1.0325526094546091E+000  1.0328027838102389E+000  1.0329906384097205E+000  1.0331164393711341E+000
  1.0331793201336512E+000  1.0331793201336705E+000  1.0331164393712040E+000  1.0329906384098495E+000  1.0328027838104232E+000
  1.0325526094548358E+000  1.0322420258378981E+000  1.0318705551874774E+000  1.0314389383533060E+000  1.0309498707065683E+000
  1.0303996771640043E+000  1.0297896206976864E+000  1.0291199057892364E+000  1.0283940035915573E+000  1.0276148644156531E+000
  1.0267839069493849E+000  1.0259021729958169E+000  1.0249709723698335E+000  1.0239918915022599E+000  1.0229666816259726E+000
  1.0218972013092213E+000  1.0207853969624963E+000  1.0196332979397209E+000  1.0184430122363870E+000  1.0172167248031749E+000
  1.0159566924832528E+000  1.0146652424757032E+000  1.0133447659588479E+000  1.0119977173163792E+000  1.0106266063452163E+000
  1.0092339992149133E+000  1.0078225081186070E+000  1.0063947963475068E+000  1.0049535624594785E+000  1.0035015547166430E+000
  1.0020415427866745E+000  1.0002939676935498E+000  9.9910872721793476E-001  9.9764161520004058E-001  9.9617781283301932E-001
  9.9472016052242174E-001  9.9327149651363311E-001  9.9183463704102603E-001  9.9041237527048598E-001  9.8900747471852390E-001
  9.8762266500870555E-001  9.8626063584447765E-001  9.8492403189665556E-001  9.8361544635384390E-001  9.8233741313590572E-001
  9.8109239462620712E-001  9.7988276892342441E-001  9.7871083295146977E-001  9.7757886402740790E-001  9.7648927114983486E-001
  9.7544474007568727E-001  9.7444800891436800E-001  9.7350097134146774E-001  9.7260389817100901E-001  9.7175670127196268E-001
  9.7096156169311387E-001  9.7022171636657284E-001  9.6953715984512390E-001  9.6890741837224326E-001  9.6833686531817309E-001
  9.6782870852065905E-001  9.6738145637625883E-001  9.6699668106872183E-001  9.6667488295686921E-001  9.6641720379849361E-001
  9.6622182308306381E-001  9.6609217664552849E-001  9.6602647392621765E-001  9.6602647392618202E-001  9.6609217664543723E-001
  9.6622182308289073E-001  9.6641720379826257E-001  9.6667488295657766E-001  9.6699668106838210E-001  9.6738145637586037E-001
  9.6782870852019265E-001  9.6833686531763641E-001  9.6890741837165095E-001  9.6953715984451438E-001  9.7022171636594567E-001
  9.7096156169240055E-001  9.7175670127120817E-001  9.7260389817020088E-001  9.7350097134059521E-001  9.7444800891346561E-001
  9.7544474007475401E-001  9.7648927114887862E-001  9.7757886402643512E-001  9.7871083295052141E-001  9.7988276892248161E-001
  9.8109239462523468E-001  9.8233741313494627E-001  9.8361544635291021E-001  9.8492403189573197E-001  9.8626063584354984E-001
  9.8762266500779694E-001  9.8900747471763206E-001  9.9041237526960502E-001  9.9183463704015751E-001  9.9327149651277746E-001
  9.9472016052157386E-001  9.9617781283218632E-001  9.9764161519920935E-001  9.9910872721711497E-001
BLOCK 121   7.8275429265593806E+000
  1.0002984468167049E+000  1.0020815668005925E+000  1.0035729508792040E+000  1.0050561384838985E+000  1.0065283003257617E+000
  1.0079866295978781E+000  1.0094283705217453E+000  1.0108508040650339E+000  1.0122512634633922E+000  1.0136271294758676E+000
  1.0149758407928346E+000  1.0162948933156766E+000  1.0175818475921334E+000  1.0188343287651900E+000  1.0200500307568074E+000
  1.0212267162532067E+000  1.0223622288926959E+000  1.0234545357199429E+000  1.0245018337707290E+000  1.0255026556663744E+000
  1.0264556839669661E+000  1.0273589848891969E+000  1.0282094188338984E+000  1.0290039046455519E+000  1.0297412206087042E+000
  1.0304204905653007E+000  1.0310400831734134E+000  1.0315996233912934E+000  1.0321012407573347E+000  1.0325431790600739E+000
  1.0329233142956031E+000  1.0332408166137288E+000  1.0334962911366465E+000  1.0336878048993283E+000  1.0338155026250631E+000
  1.0338794694777935E+000  1.0338794694778155E+000  1.0338155026251192E+000  1.0336878048994229E+000  1.0334962911367960E+000
  1.0332408166139333E+000  1.0329233142958654E+000  1.0325431790604089E+000  1.0321012407577284E+000  1.0315996233917162E+000
  1.0310400831738407E+000  1.0304204905657508E+000  1.0297412206091723E+000  1.0290039046460606E+000  1.0282094188344439E+000
  1.0273589848897715E+000  1.0264556839675656E+000  1.0255026556670066E+000  1.0245018337713863E+000  1.0234545357206213E+000
  1.0223622288933973E+000  1.0212267162539335E+000  1.0200500307575493E+000  1.0188343287659498E+000  1.0175818475929093E+000
  1.0162948933164664E+000  1.0149758407936378E+000  1.0136271294766803E+000  1.0122512634642078E+000  1.0108508040658515E+000
  1.0094283705225646E+000  1.0079866295986974E+000  1.0065283003265841E+000  1.0050561384847270E+000  1.0035729508800326E+000
  1.0020815668014205E+000  1.0002984468170522E+000  9.9908567661612879E-001  9.9758698884651176E-001  9.9609166796022586E-001
  9.9460261742779610E-001  9.9312273854716360E-001  9.9165491026042940E-001  9.9020198868601439E-001  9.8876679970690839E-001
  9.8735213188987947E-001  9.8596071824501441E-001  9.8459521222511448E-001  9.8325817240745328E-001  9.8195210756589135E-001
  9.8067963233246480E-001  9.7944367088087181E-001  9.7824740904879159E-001  9.7709366111546536E-001  9.7598401097085297E-001
  9.7491906197674061E-001  9.7390024359731708E-001  9.7293052729857843E-001  9.7201194606851726E-001  9.7114451424521031E-001
  9.7033001984076972E-001  9.6957182456592783E-001  9.6887005008812044E-001  9.6822619483036276E-001  9.6764540866193616E-001
  9.6712660821679919E-001  9.6666982784500277E-001  9.6627635222521657E-001  9.6594751133462942E-001  9.6568444598597325E-001
  9.6548628706932238E-001  9.6535514689040491E-001  9.6528944451473508E-001  9.6528944451470478E-001  9.6535514689031166E-001
  9.6548628706916340E-001  9.6568444598574821E-001  9.6594751133432966E-001  9.6627635222484565E-001  9.6666982784457711E-001
  9.6712660821633945E-001  9.6764540866144344E-001  9.6822619482974193E-001  9.6887005008748595E-001  9.6957182456523672E-001
  9.7033001984002243E-001  9.7114451424444104E-001  9.7201194606771313E-001  9.7293052729768281E-001  9.7390024359641225E-001
  9.7491906197575517E-001  9.7598401096985621E-001  9.7709366111447027E-001  9.7824740904778429E-001  9.7944367087985995E-001
  9.8067963233145372E-001  9.8195210756488294E-001  9.8325817240647340E-001  9.8459521222414292E-001  9.8596071824403464E-001
  9.8735213188891824E-001  9.8876679970597792E-001  9.9020198868509102E-001  9.9165491025951424E-001  9.9312273854626498E-001
  9.9460261742691347E-001  9.9609166795935122E-001  9.9758698884564978E-001  9.9908567661527747E-001
BLOCK 122   7.8927724509473665E+000
  1.0003029788561271E+000  1.0021223682894183E+000  1.0036458141280875E+000  1.0051608667482106E+000  1.0066646358180991E+000
  1.0081542547399363E+000  1.0096269096832113E+000  1.0110798250827500E+000  1.0125102788338805E+000  1.0139155963858217E+000
  1.0152931578958280E+000  1.0166403916377413E+000  1.0179547788185408E+000  1.0192338746658738E+000  1.0204753928367667E+000
  1.0216773412297770E+000  1.0228380671447670E+000  1.0239559146663595E+000  1.0250285325572996E+000  1.0260527224680716E+000
  1.0270255645049482E+000  1.0279452783793237E+000  1.0288101670973915E+000  1.0296183072969798E+000  1.0303688914382110E+000
  1.0310604818551874E+000  1.0316926969768736E+000  1.0322663226071023E+000  1.0327796223155794E+000  1.0332309563147408E+000
  1.0336189047247066E+000  1.0339433900697161E+000  1.0342040079101111E+000  1.0343999385628557E+000  1.0345302912591436E+000
  1.0345960249909962E+000  1.0345960249910366E+000  1.0345302912592316E+000  1.0343999385629763E+000  1.0342040079102817E+000
  1.0339433900699295E+000  1.0336189047249642E+000  1.0332309563150617E+000  1.0327796223159509E+000  1.0322663226075270E+000
  1.0316926969773512E+000  1.0310604818556985E+000  1.0303688914387394E+000  1.0296183072975276E+000  1.0288101670979537E+000
  1.0279452783799086E+000  1.0270255645055666E+000  1.0260527224687286E+000  1.0250285325579855E+000  1.0239559146670703E+000
  1.0228380671455051E+000  1.0216773412305395E+000  1.0204753928375476E+000  1.0192338746666745E+000  1.0179547788193541E+000
  1.0166403916385651E+000  1.0152931578966626E+000  1.0139155963866655E+000  1.0125102788347273E+000  1.0110798250835946E+000
  1.0096269096840580E+000  1.0081542547407842E+000  1.0066646358189486E+000  1.0051608667490644E+000  1.0036458141289442E+000
  1.0021223682902776E+000  1.0003029788564908E+000  9.9906201787756932E-001  9.9753106273890924E-001  9.9600353796104224E-001
  9.9448241840567297E-001  9.9297067890787072E-001  9.9147125927475299E-001  9.8998703174153790E-001  9.8852076198245853E-001
  9.8707512935389041E-001  9.8565287241135369E-001  9.8425703284958521E-001  9.8289103888052454E-001  9.8155828850873073E-001
  9.8026136310412859E-001  9.7900181226972249E-001  9.7778120368055121E-001  9.7660218511943375E-001  9.7546752653084234E-001
  9.7437849534211673E-001  9.7333615513264471E-001  9.7234342259833662E-001  9.7140281708931542E-001  9.7051491193335260E-001
  9.6968139988880220E-001  9.6890477957913801E-001  9.6818706533266408E-001  9.6753091714930761E-001  9.6693808912273593E-001
  9.6640752684636855E-001  9.6594164495177748E-001  9.6554119536801153E-001  9.6520700755809863E-001  9.6493847290549684E-001
  9.6473637721521932E-001  9.6460121280131206E-001  9.6453369088237395E-001  9.6453369088234231E-001  9.6460121280119748E-001
  9.6473637721504490E-001  9.6493847290527068E-001  9.6520700755783129E-001  9.6554119536766869E-001  9.6594164495133150E-001
  9.6640752684585862E-001  9.6693808912218859E-001  9.6753091714868433E-001  9.6818706533203325E-001  9.6890477957844034E-001
  9.6968139988804081E-001  9.7051491193256223E-001  9.7140281708845511E-001  9.7234342259741102E-001  9.7333615513169081E-001
  9.7437849534113063E-001  9.7546752652982782E-001  9.7660218511842722E-001  9.7778120367949950E-001  9.7900181226865191E-001
  9.8026136310307610E-001  9.8155828850767801E-001  9.8289103887948537E-001  9.8425703284855215E-001  9.8565287241032462E-001
  9.8707512935288222E-001  9.8852076198148098E-001  9.8998703174056923E-001  9.9147125927378532E-001  9.9297067890692525E-001
  9.9448241840475116E-001  9.9600353796012775E-001  9.9753106273799819E-001  9.9906201787667981E-001
BLOCK 123   7.9580019753353524E+000
  1.0003075608605581E+000  1.0021639423423934E+000  1.0037201561805156E+000  1.0052677779593007E+000  1.0068038531165906E+000
  1.0083254550182343E+000  1.0098297077601388E+000  1.0113137623600630E+000  1.0127748008755248E+000  1.0142100329835380E+000
  1.0156167534715186E+000  1.0169924603594027E+000  1.0183349928519316E+000  1.0196424691026329E+000  1.0209128639094436E+000
  1.0221435003536539E+000  1.0233311900432982E+000  1.0244730666953059E+000  1.0255668754706238E+000  1.0266103217758498E+000
  1.0276011716327631E+000  1.0285378652966513E+000  1.0294188155968027E+000  1.0302426686661794E+000  1.0310080583778751E+000
  1.0317141727971582E+000  1.0323614753350365E+000  1.0329480575388728E+000  1.0334723426683297E+000  1.0339330224924330E+000
  1.0343295665963903E+000  1.0346615545068563E+000  1.0349278963538318E+000  1.0351278128152976E+000  1.0352611157922231E+000
  1.0353282970487152E+000  1.0353282970487492E+000  1.0352611157923057E+000  1.0351278128154198E+000  1.0349278963540214E+000
  1.0346615545071007E+000  1.0343295665966830E+000  1.0339330224927774E+000  1.0334723426687127E+000  1.0329480575392949E+000
  1.0323614753355164E+000  1.0317141727976773E+000  1.0310080583784276E+000  1.0302426686667645E+000  1.0294188155974258E+000
  1.0285378652972956E+000  1.0276011716334279E+000  1.0266103217765292E+000  1.0255668754713272E+000  1.0244730666960415E+000
  1.0233311900440680E+000  1.0221435003544483E+000  1.0209128639102578E+000  1.0196424691034605E+000  1.0183349928527783E+000
  1.0169924603602607E+000  1.0156167534723826E+000  1.0142100329844110E+000  1.0127748008763979E+000  1.0113137623609365E+000
  1.0098297077610126E+000  1.0083254550191147E+000  1.0068038531174757E+000  1.0052677779601922E+000  1.0037201561814153E+000
  1.0021639423432922E+000  1.0003075608609382E+000  9.9903777699921181E-001  9.9747395664538163E-001  9.9591366737238751E-001
  9.9435982285537827E-001  9.9281522313436765E-001  9.9128266253798458E-001  9.8976519917235051E-001  9.8826633501504479E-001
  9.8678977418165614E-001  9.8533875911921243E-001  9.8391567141371361E-001  9.8252258306449003E-001  9.8116217240822212E-001
  9.7983748623455391E-001  9.7855070815866518E-001  9.7730328393834942E-001  9.7609759005780972E-001  9.7493672413631571E-001
  9.7382247391448074E-001  9.7275609115515937E-001  9.7174023904123963E-001  9.7077740942111157E-001  9.6986844305943409E-001
  9.6901496799442211E-001  9.6822171708031934E-001  9.6748939287967306E-001  9.6682071890484089E-001  9.6621548837003468E-001
  9.6567479546971025E-001  9.6520002795089743E-001  9.6479136004269783E-001  9.6444933190370841E-001  9.6417454766640243E-001
  9.6396877801980718E-001  9.6383121110346093E-001  9.6376266252411524E-001  9.6376266252409692E-001  9.6383121110338577E-001
  9.6396877801964920E-001  9.6417454766614696E-001  9.6444933190338400E-001  9.6479136004232546E-001  9.6520002795045645E-001
  9.6567479546923274E-001  9.6621548836948046E-001  9.6682071890421550E-001  9.6748939287900015E-001  9.6822171707959070E-001
  9.6901496799362730E-001  9.6986844305861042E-001  9.7077740942026181E-001  9.7174023904031703E-001  9.7275609115418871E-001
  9.7382247391346488E-001  9.7493672413526300E-001  9.7609759005670893E-001  9.7730328393725141E-001  9.7855070815757328E-001
  9.7983748623347333E-001  9.8116217240713999E-001  9.8252258306338447E-001  9.8391567141261793E-001  9.8533875911813784E-001
  9.8678977418059577E-001  9.8826633501400607E-001  9.8976519917132255E-001  9.9128266253696740E-001  9.9281522313337356E-001
  9.9435982285441049E-001  9.9591366737142561E-001  9.9747395664442362E-001  9.9903777699827867E-001
BLOCK 124   8.0232314997233516E+000
  1.0003125096963292E+000  1.0022066685199686E+000  1.0037961483060949E+000  1.0053769550349976E+000  1.0069460058895259E+000
  1.0085001810112175E+000  1.0100364146398531E+000  1.0115517678475840E+000  1.0130435746238156E+000  1.0145095063936651E+000
  1.0159474094258483E+000  1.0173548881911751E+000  1.0187290374902880E+000  1.0200667075830829E+000  1.0213650029913579E+000
  1.0226212628790512E+000  1.0238327549210116E+000  1.0249969403545940E+000  1.0261117461635090E+000  1.0271751387918919E+000
  1.0281851731344329E+000  1.0291401608548847E+000  1.0300386137218775E+000  1.0308792182774589E+000  1.0316604986195790E+000
  1.0323832178966714E+000  1.0330449491210767E+000  1.0336443349341460E+000  1.0341800301478350E+000  1.0346509322709330E+000
  1.0350564435158125E+000  1.0353956631757579E+000  1.0356676226263275E+000  1.0358715242144134E+000  1.0360081708902411E+000
  1.0360768423971167E+000  1.0360768423971498E+000  1.0360081708903290E+000  1.0358715242145500E+000  1.0356676226265367E+000
  1.0353956631760086E+000  1.0350564435161114E+000  1.0346509322712918E+000  1.0341800301482473E+000  1.0336443349345947E+000
  1.0330449491215752E+000  1.0323832178972114E+000  1.0316604986201530E+000  1.0308792182780691E+000  1.0300386137225273E+000
  1.0291401608555659E+000  1.0281851731351455E+000  1.0271751387926344E+000  1.0261117461642726E+000  1.0249969403553716E+000
  1.0238327549218014E+000  1.0226212628798605E+000  1.0213650029921895E+000  1.0200667075839367E+000  1.0187290374911595E+000
  1.0173548881920582E+000  1.0159474094267389E+000  1.0145095063945644E+000  1.0130435746247217E+000  1.0115517678484902E+000
  1.0100364146407652E+000  1.0085001810121339E+000  1.0069460058904454E+000  1.0053769550359297E+000  1.0037961483070403E+000
  1.0022066685209137E+000  1.0003125096967340E+000  9.9901348773626053E-001  9.9741542488519930E-001  9.9582026887024355E-001
  9.9423145780214039E-001  9.9265278476091923E-001  9.9108784998678534E-001  9.8953962433596521E-001  9.8801071158542186E-001
  9.8650403785814578E-001  9.8502286815786588E-001  9.8356996970378241E-001  9.8214738229409893E-001  9.8075747311546002E-001
  9.7940336864283772E-001  9.7808769429630937E-001  9.7681216552038730E-001  9.7557909441981228E-001  9.7439143171012843E-001
  9.7325109284753919E-001  9.7215962776410436E-001  9.7112022533955011E-001  9.7013556904623111E-001  9.6920484336499446E-001
  9.6833345767397028E-001  9.6752487117067221E-001  9.6677842341377951E-001  9.6609622404884021E-001  9.6547860937773988E-001
  9.6492662139328300E-001  9.6444151462300010E-001  9.6402410619306389E-001  9.6367483396502629E-001  9.6339505202169928E-001
  9.6318516955110367E-001  9.6304446299538171E-001  9.6297380820296752E-001  9.6297380820291689E-001  9.6304446299525226E-001
  9.6318516955091671E-001  9.6339505202146036E-001  9.6367483396473308E-001  9.6402410619269130E-001  9.6444151462254590E-001
  9.6492662139278007E-001  9.6547860937715579E-001  9.6609622404821216E-001  9.6677842341310505E-001  9.6752487116994623E-001
  9.6833345767315504E-001  9.6920484336412316E-001  9.7013556904532339E-001  9.7112022533857645E-001  9.7215962776310227E-001
  9.7325109284648370E-001  9.7439143170907416E-001  9.7557909441871804E-001  9.7681216551927308E-001  9.7808769429518561E-001
  9.7940336864167721E-001  9.8075747311430295E-001  9.8214738229295395E-001  9.8356996970265564E-001  9.8502286815675633E-001
  9.8650403785703267E-001  9.8801071158430753E-001  9.8953962433487341E-001  9.9108784998571708E-001  9.9265278475987262E-001
  9.9423145780111200E-001  9.9582026886922681E-001  9.9741542488419344E-001  9.9901348773528165E-001
BLOCK 125   8.0884610241113748E+000
  1.0003164163302927E+000  1.0022499455307199E+000  1.0038743519692332E+000  1.0054887838436259E+000  1.0070904436806900E+000
  1.0086768766757812E+000  1.0102457495554189E+000  1.0117945850129415E+000  1.0133205776389882E+000  1.0148206126730166E+000
  1.0162915455138295E+000  1.0177303754932676E+000  1.0191341179445401E+000  1.0204997455558897E+000  1.0218244593479926E+000
  1.0231057429824122E+000  1.0243411139219911E+000  1.0255282191959507E+000  1.0266649621170307E+000  1.0277493412586882E+000
  1.0287794454839982E+000  1.0297535498770318E+000  1.0306705192137708E+000  1.0315286967334161E+000  1.0323284590617370E+000
  1.0330671181404636E+000  1.0337434496834657E+000  1.0343559459862763E+000  1.0349035579358870E+000  1.0353848885400299E+000
  1.0357990598398965E+000  1.0361456430605200E+000  1.0364235146918896E+000  1.0366322009843247E+000  1.0367717913214409E+000
  1.0368417200267435E+000  1.0368417200267701E+000  1.0367717913215173E+000  1.0366322009844624E+000  1.0364235146920875E+000
  1.0361456430607701E+000  1.0357990598402160E+000  1.0353848885404267E+000  1.0349035579363246E+000  1.0343559459867486E+000
  1.0337434496839859E+000  1.0330671181410349E+000  1.0323284590623469E+000  1.0315286967340644E+000  1.0306705192144541E+000
  1.0297535498777481E+000  1.0287794454847441E+000  1.0277493412594669E+000  1.0266649621178354E+000  1.0255282191967769E+000
  1.0243411139228367E+000  1.0231057429832695E+000  1.0218244593488579E+000  1.0204997455567595E+000  1.0191341179454187E+000
  1.0177303754941629E+000  1.0162915455147450E+000  1.0148206126739485E+000  1.0133205776399274E+000  1.0117945850138828E+000
  1.0102457495563721E+000  1.0086768766767418E+000  1.0070904436816521E+000  1.0054887838446012E+000  1.0038743519702231E+000
  1.0022499455317160E+000  1.0003164163307239E+000  9.9898498382567857E-001  9.9735200977473459E-001  9.9572326267260369E-001
  9.9410173315074712E-001  9.9249061883114320E-001  9.9089338727542620E-001  9.8931319280455332E-001  9.8775259251176228E-001
  9.8621420893091294E-001  9.8470122653894421E-001  9.8321669392514699E-001  9.8176292254133402E-001  9.8034229462201850E-001
  9.7895782198135584E-001  9.7761213284689796E-001  9.7630716872258416E-001  9.7504557581474938E-001  9.7383054422163884E-001
  9.7266372185525807E-001  9.7154684497368538E-001  9.7048486156653035E-001  9.6947886408101880E-001  9.6852652167678965E-001
  9.6763958169899444E-001  9.6681344557187787E-001  9.6605283076152348E-001  9.6535599017794738E-001  9.6472539896059606E-001
  9.6416177896447341E-001  9.6366671141575044E-001  9.6324081891477009E-001  9.6288418625175676E-001  9.6259834279184120E-001
  9.6238355235806716E-001  9.6224014186632689E-001  9.6216826877912198E-001  9.6216826877908568E-001  9.6224014186623119E-001
  9.6238355235789474E-001  9.6259834279158440E-001  9.6288418625143191E-001  9.6324081891436442E-001  9.6366671141530225E-001
  9.6416177896397859E-001  9.6472539896003062E-001  9.6535599017729934E-001  9.6605283076082527E-001  9.6681344557111171E-001
  9.6763958169816311E-001  9.6852652167590925E-001  9.6947886408010109E-001  9.7048486156555624E-001  9.7154684497261279E-001
  9.7266372185419581E-001  9.7383054422049675E-001  9.7504557581362505E-001  9.7630716872139767E-001  9.7761213284570769E-001
  9.7895782198018233E-001  9.8034229462083933E-001  9.8176292254015729E-001  9.8321669392395761E-001  9.8470122653775383E-001
  9.8621420892973666E-001  9.8775259251060876E-001  9.8931319280342223E-001  9.9089338727431209E-001  9.9249061883003087E-001
  9.9410173314964068E-001  9.9572326267151967E-001  9.9735200977368133E-001  9.9898498382464351E-001
BLOCK 126   8.1536905484993980E+000
  1.0003194425567148E+000  1.0022891336392283E+000  1.0039479179770310E+000  1.0055980744621105E+000  1.0072366341482759E+000
  1.0088602073153314E+000  1.0104654206619410E+000  1.0120492735418805E+000  1.0136089948693812E+000  1.0151416431374949E+000
  1.0166440601048881E+000  1.0181131135303072E+000  1.0195457926747462E+000  1.0209391803386882E+000  1.0222905704889489E+000
  1.0235974653664430E+000  1.0248574343911141E+000  1.0260681598817269E+000  1.0272275493241896E+000  1.0283337310159602E+000
  1.0293848092815587E+000  1.0303792957194995E+000  1.0313158869940908E+000  1.0321935716108839E+000  1.0330110668816082E+000
  1.0337661093023938E+000  1.0344572102771175E+000  1.0350833312035244E+000  1.0356430183551266E+000  1.0361348126126133E+000
  1.0365579203844177E+000  1.0369120333797275E+000  1.0371961511185297E+000  1.0374097848093504E+000  1.0375522038973213E+000
  1.0376234147797214E+000  1.0376234147797438E+000  1.0375522038974041E+000  1.0374097848094948E+000  1.0371961511187096E+000
  1.0369120333799915E+000  1.0365579203847275E+000  1.0361348126129886E+000  1.0356430183555962E+000  1.0350833312040437E+000
  1.0344572102776917E+000  1.0337661093030068E+000  1.0330110668822532E+000  1.0321935716115631E+000  1.0313158869948160E+000
  1.0303792957202569E+000  1.0293848092823463E+000  1.0283337310167759E+000  1.0272275493250256E+000  1.0260681598825829E+000
  1.0248574343919916E+000  1.0235974653673345E+000  1.0222905704898519E+000  1.0209391803396044E+000  1.0195457926756695E+000
  1.0181131135312356E+000  1.0166440601058266E+000  1.0151416431384468E+000  1.0136089948703402E+000  1.0120492735428532E+000
  1.0104654206629322E+000  1.0088602073163386E+000  1.0072366341492922E+000  1.0055980744631348E+000  1.0039479179780697E+000
  1.0022891336402870E+000  1.0003194425571849E+000  9.9895698627401852E-001  9.9729029916864509E-001  9.9562787086289095E-001
  9.9397280657361620E-001  9.9232816351917419E-001  9.9069730665801525E-001  9.8908352153719448E-001  9.8748954723284221E-001
  9.8591802929269723E-001  9.8437205503271197E-001  9.8285462538131219E-001  9.8136816901804647E-001  9.7991531069507887E-001
  9.7849925586482578E-001  9.7712261425369884E-001  9.7578736956326695E-001  9.7449697733204410E-001  9.7325510402018645E-001
  9.7206203236582112E-001  9.7092003168748997E-001  9.6983532609655232E-001  9.6880659802368196E-001  9.6783512470694666E-001
  9.6693053404020102E-001  9.6608823058543813E-001  9.6531108435924329E-001  9.6459952413315031E-001  9.6395571771895694E-001
  9.6338069655229797E-001  9.6287523910340778E-001  9.6244012987618011E-001  9.6207610218073347E-001  9.6178416084577389E-001
  9.6156470582209508E-001  9.6141829170083382E-001  9.6134502898588869E-001  9.6134502898584928E-001  9.6141829170072124E-001
  9.6156470582191222E-001  9.6178416084552731E-001  9.6207610218042316E-001  9.6244012987579775E-001  9.6287523910295225E-001
  9.6338069655176606E-001  9.6395571771835664E-001  9.6459952413248462E-001  9.6531108435854251E-001  9.6608823058468130E-001
  9.6693053403936902E-001  9.6783512470602895E-001  9.6880659802271540E-001  9.6983532609552270E-001  9.7092003168641616E-001
  9.7206203236470767E-001  9.7325510401902315E-001  9.7449697733084628E-001  9.7578736956206846E-001  9.7712261425246816E-001
  9.7849925586361053E-001  9.7991531069384663E-001  9.8136816901679436E-001  9.8285462538007773E-001  9.8437205503149305E-001
  9.8591802929148820E-001  9.8748954723163462E-001  9.8908352153598877E-001  9.9069730665681810E-001  9.9232816351800002E-001
  9.9397280657246312E-001  9.9562787086176519E-001  9.9729029916753109E-001  9.9895698627291707E-001
BLOCK 127   8.2189200728874212E+000
  1.0003226232438363E+000  1.0023302872640318E+000  1.0040253455225421E+000  1.0057124494931950E+000  1.0073881248615659E+000
  1.0090486732102109E+000  1.0106905625880778E+000  1.0123104198802260E+000  1.0139048189424762E+000  1.0154703037974659E+000
  1.0170037269118666E+000  1.0185023895841907E+000  1.0199637460919320E+000  1.0213850988751318E+000  1.0227636810110847E+000
  1.0240968619335955E+000  1.0253822072786083E+000  1.0266174347590684E+000  1.0278005040490001E+000  1.0289294935941804E+000
  1.0300025765408236E+000  1.0310184788004588E+000  1.0319758110270687E+000  1.0328732304942809E+000  1.0337087587414329E+000
  1.0344806727418323E+000  1.0351868735506797E+000  1.0358265562717750E+000  1.0363983696348702E+000  1.0369010000260002E+000
  1.0373337303157211E+000  1.0376954777094693E+000  1.0379857840236091E+000  1.0382039942646188E+000  1.0383496831934591E+000
  1.0384225826902889E+000  1.0384225826903128E+000  1.0383496831935493E+000  1.0382039942647558E+000  1.0379857840237974E+000
  1.0376954777097345E+000  1.0373337303160466E+000  1.0369010000263745E+000  1.0363983696353203E+000  1.0358265562723061E+000
  1.0351868735512777E+000  1.0344806727424911E+000  1.0337087587421325E+000  1.0328732304950190E+000  1.0319758110278436E+000
  1.0310184788012549E+000  1.0300025765416461E+000  1.0289294935950293E+000  1.0278005040498717E+000  1.0266174347599606E+000
  1.0253822072795169E+000  1.0240968619345190E+000  1.0227636810120218E+000  1.0213850988760866E+000  1.0199637460928961E+000
  1.0185023895851617E+000  1.0170037269128491E+000  1.0154703037984654E+000  1.0139048189434789E+000  1.0123104198812320E+000
  1.0106905625890963E+000  1.0090486732112527E+000  1.0073881248626417E+000  1.0057124494942911E+000  1.0040253455236394E+000
  1.0023302872651474E+000  1.0003226232443274E+000  9.9892852323437431E-001  9.9722802344928241E-001  9.9553193471198265E-001
  9.9384301796975272E-001  9.9216410145918232E-001  9.9049850846812915E-001  9.8884967018171244E-001  9.8722058150437109E-001
  9.8561414558125526E-001  9.8403358630842752E-001  9.8248186686678018E-001  9.8096141854745633E-001  9.7947532406397908E-001
  9.7802739757202617E-001  9.7661991103674128E-001  9.7525434653656673E-001  9.7393516017185966E-001  9.7266612143615616E-001
  9.7144650378282760E-001  9.7027946368201468E-001  9.6917036525955347E-001  9.6811890748702645E-001  9.6713110711512762E-001
  9.6620685959452113E-001  9.6534666989013251E-001  9.6455218187849912E-001  9.6382679710316366E-001  9.6316992877736973E-001
  9.6258272691184465E-001  9.6206611128761210E-001  9.6162147867606784E-001  9.6125020604494515E-001  9.6095235997728612E-001
  9.6072833009637015E-001  9.6057858206392821E-001  9.6050362460384608E-001  9.6050362460381589E-001  9.6057858206382418E-001
  9.6072833009619574E-001  9.6095235997703987E-001  9.6125020604462041E-001  9.6162147867566750E-001  9.6206611128714448E-001
  9.6258272691131919E-001  9.6316992877678176E-001  9.6382679710249874E-001  9.6455218187776159E-001  9.6534666988932261E-001
  9.6620685959364783E-001  9.6713110711419437E-001  9.6811890748606877E-001  9.6917036525853462E-001  9.7027946368094353E-001
  9.7144650378164532E-001  9.7266612143498798E-001  9.7393516017059278E-001  9.7525434653532961E-001  9.7661991103544887E-001
  9.7802739757070578E-001  9.7947532406269422E-001  9.8096141854617203E-001  9.8248186686549921E-001  9.8403358630715654E-001
  9.8561414557997451E-001  9.8722058150309167E-001  9.8884967018046088E-001  9.9049850846689513E-001  9.9216410145795975E-001
  9.9384301796853747E-001  9.9553193471076751E-001  9.9722802344809147E-001  9.9892852323320969E-001
BLOCK 128   8.2841495972754444E+000
  1.0006386780670080E+000  1.0023789829445859E+000  1.0041110959257415E+000  1.0058348412438385E+000  1.0075465658813572E+000
  1.0092426513788590E+000  1.0109196929061957E+000  1.0125742568100968E+000  1.0142027462698731E+000  1.0158016404454515E+000
  1.0173677273296902E+000  1.0188979833412195E+000  1.0203894355385510E+000  1.0218392967491756E+000  1.0232451461805363E+000
  1.0246048328491968E+000  1.0259161658373077E+000  1.0271768454905081E+000  1.0283846565149990E+000  1.0295373283225586E+000
  1.0306333736594202E+000  1.0316719525907225E+000  1.0326507855938187E+000  1.0335679009550842E+000  1.0344218148322675E+000
  1.0352106392086116E+000  1.0359325126403236E+000  1.0365861424982834E+000  1.0371703882705221E+000  1.0376841166491644E+000
  1.0381263649360006E+000  1.0384961046943533E+000  1.0387926900115438E+000  1.0390156501211796E+000  1.0391646397460488E+000
  1.0392392413274942E+000  1.0392392413275333E+000  1.0391646397461392E+000  1.0390156501213159E+000  1.0387926900117481E+000
  1.0384961046946195E+000  1.0381263649363437E+000  1.0376841166495592E+000  1.0371703882709751E+000  1.0365861424988199E+000
  1.0359325126409258E+000  1.0352106392092968E+000  1.0344218148329967E+000  1.0335679009558614E+000  1.0326507855946350E+000
  1.0316719525915659E+000  1.0306333736602984E+000  1.0295373283234577E+000  1.0283846565159109E+000  1.0271768454914338E+000
  1.0259161658382543E+000  1.0246048328501580E+000  1.0232451461815104E+000  1.0218392967501637E+000  1.0203894355395549E+000
  1.0188979833422300E+000  1.0173677273307162E+000  1.0158016404464947E+000  1.0142027462709358E+000  1.0125742568111731E+000
  1.0109196929072755E+000  1.0092426513799515E+000  1.0075465658824694E+000  1.0058348412449736E+000  1.0041110959269064E+000
  1.0023789829457657E+000  1.0006386780678791E+000  9.9890299897185242E-001  9.9716571448789382E-001  9.9543324023885860E-001
  9.9370846629010168E-001  9.9199421570742030E-001  9.9029352094555967E-001  9.8860931394759888E-001  9.8694425557215437E-001
  9.8530152888289313E-001  9.8368509263208437E-001  9.8209823551292974E-001  9.8054320181026244E-001  9.7902345748027464E-001
  9.7754340374811044E-001  9.7610473214097793E-001  9.7470857302370228E-001  9.7335982143659505E-001  9.7206206720762178E-001
  9.7081602772739883E-001  9.6962496096492412E-001  9.6849031996775048E-001  9.6741942525204827E-001  9.6641054161577467E-001
  9.6546640980483189E-001  9.6458939498226481E-001  9.6377899838072090E-001  9.6303797725446350E-001  9.6236628690163484E-001
  9.6176607159992578E-001  9.6123919945002356E-001  9.6078581423653275E-001  9.6040663832084239E-001  9.6010203460770216E-001
  9.5987305356424590E-001  9.5972045825320840E-001  9.5964430876092166E-001  9.5964430876089024E-001  9.5972045825309737E-001
  9.5987305356406138E-001  9.6010203460744414E-001  9.6040663832052187E-001  9.6078581423614262E-001  9.6123919944955616E-001
  9.6176607159937944E-001  9.6236628690101378E-001  9.6303797725376772E-001  9.6377899837996261E-001  9.6458939498145613E-001
  9.6546640980395193E-001  9.6641054161482354E-001  9.6741942525102465E-001  9.6849031996671131E-001  9.6962496096380246E-001
  9.7081602772624387E-001  9.7206206720641364E-001  9.7335982143532451E-001  9.7470857302238290E-001  9.7610473213967375E-001
  9.7754340374675996E-001  9.7902345747893493E-001  9.8054320180892607E-001  9.8209823551155340E-001  9.8368509263072357E-001
  9.8530152888156552E-001  9.8694425557083654E-001  9.8860931394628926E-001  9.9029352094426493E-001  9.9199421570612334E-001
  9.9370846628880782E-001  9.9543324023759450E-001  9.9716571448665203E-001  9.9890299897063273E-001
BLOCK 129   8.3493791216634676E+000
  1.0006562539459634E+000  1.0024343094192754E+000  1.0042034974764111E+000  1.0059636414474420E+000  1.0077111333085138E+000
  1.0094423883248234E+000  1.0111539951176833E+000  1.0128424786059609E+000  1.0145042892271536E+000  1.0161360679174896E+000
  1.0177346733825088E+000  1.0192969396063265E+000  1.0208197215018213E+000  1.0223001464875956E+000  1.0237356267721180E+000
  1.0251236421948497E+000  1.0264617396384550E+000  1.0277479930113069E+000  1.0289807182224235E+000  1.0301578364717268E+000
  1.0312779103755108E+000  1.0323394478852173E+000  1.0333404314701149E+000  1.0342780915519876E+000  1.0351507980202115E+000
  1.0359566966080409E+000  1.0366943676818321E+000  1.0373623235823604E+000  1.0379593858290681E+000  1.0384844086880043E+000
  1.0389362160220901E+000  1.0393141860495685E+000  1.0396173667823265E+000  1.0398452805169609E+000  1.0399974252612494E+000
  1.0400735395412282E+000  1.0400735395412699E+000  1.0399974252613460E+000  1.0398452805171121E+000  1.0396173667825388E+000
  1.0393141860498467E+000  1.0389362160224371E+000  1.0384844086884255E+000  1.0379593858295408E+000  1.0373623235828962E+000
  1.0366943676824560E+000  1.0359566966087141E+000  1.0351507980209660E+000  1.0342780915527856E+000  1.0333404314709604E+000
  1.0323394478860968E+000  1.0312779103764207E+000  1.0301578364726696E+000  1.0289807182233879E+000  1.0277479930122897E+000
  1.0264617396394562E+000  1.0251236421958538E+000  1.0237356267731299E+000  1.0223001464886206E+000  1.0208197215028674E+000
  1.0192969396073954E+000  1.0177346733835937E+000  1.0161360679185867E+000  1.0145042892282614E+000  1.0128424786070866E+000
  1.0111539951188324E+000  1.0094423883259969E+000  1.0077111333097033E+000  1.0059636414486433E+000  1.0042034974776197E+000
  1.0024343094205002E+000  1.0006562539468828E+000  9.9888230416396384E-001  9.9710633443165209E-001  9.9533489423555233E-001
  9.9357102775203243E-001  9.9181794199517004E-001  9.9007921692388567E-001  9.8835795098534696E-001  9.8665653382531437E-001
  9.8497805910607839E-001  9.8332665385096452E-001  9.8170522386040415E-001  9.8011543157253300E-001  9.7856104985085779E-001
  9.7704705635465328E-001  9.7557580287088952E-001  9.7414928070842188E-001  9.7277106067154506E-001  9.7144382537881835E-001
  9.7017105360812750E-001  9.6895486820889387E-001  9.6779683157374163E-001  9.6670423895573054E-001  9.6567532326958194E-001
  9.6471184938354804E-001  9.6381592361198654E-001  9.6298803182477077E-001  9.6223067438278986E-001  9.6154552904017110E-001
  9.6093312460390112E-001  9.6039502415593780E-001  9.5993145321044315E-001  9.5954369277484253E-001  9.5923303070204580E-001
  9.5899965759880501E-001  9.5884380810967784E-001  9.5876569981859239E-001  9.5876569981855408E-001  9.5884380810957559E-001
  9.5899965759862038E-001  9.5923303070178934E-001  9.5954369277450269E-001  9.5993145321002904E-001  9.6039502415544609E-001
  9.6093312460334313E-001  9.6154552903954915E-001  9.6223067438209686E-001  9.6298803182399073E-001  9.6381592361114621E-001
  9.6471184938264198E-001  9.6567532326860495E-001  9.6670423895470070E-001  9.6779683157267160E-001  9.6895486820775634E-001
  9.7017105360698097E-001  9.7144382537756824E-001  9.7277106067025321E-001  9.7414928070708595E-001  9.7557580286953094E-001
  9.7704705635322719E-001  9.7856104984942749E-001  9.8011543157113445E-001  9.8170522385899861E-001  9.8332665384954865E-001
  9.8497805910468939E-001  9.8665653382391250E-001  9.8835795098393309E-001  9.9007921692250145E-001  9.9181794199381612E-001
  9.9357102775069772E-001  9.9533489423423549E-001  9.9710633443035646E-001  9.9888230416268287E-001
BLOCK 130   8.4146086460514908E+000
  1.0006773676788474E+000  1.0024940067309192E+000  1.0043008533292594E+000  1.0060977348950735E+000  1.0078811483048451E+000
  1.0096475623588175E+000  1.0113936100241281E+000  1.0131159281048470E+000  1.0148110734808973E+000  1.0164757542274232E+000
  1.0181068299516878E+000  1.0197010992939748E+000  1.0212554023834828E+000  1.0227668707959268E+000  1.0242328933825016E+000
  1.0256507497321121E+000  1.0270176553805674E+000  1.0283314917107158E+000  1.0295906490243996E+000  1.0307931161194785E+000
  1.0319376950851515E+000  1.0330224305199982E+000  1.0340450951159317E+000  1.0350032444785024E+000  1.0358950069894626E+000
  1.0367188166686028E+000  1.0374728557720840E+000  1.0381556130261738E+000  1.0387658316218524E+000  1.0393022633064914E+000
  1.0397639252741162E+000  1.0401500273222355E+000  1.0404599418044531E+000  1.0406928704466725E+000  1.0408484078551565E+000
  1.0409262234692231E+000  1.0409262234692529E+000  1.0408484078552571E+000  1.0406928704468343E+000  1.0404599418046840E+000
  1.0401500273225279E+000  1.0397639252744704E+000  1.0393022633069258E+000  1.0387658316223514E+000  1.0381556130267204E+000
  1.0374728557726907E+000  1.0367188166692878E+000  1.0358950069902235E+000  1.0350032444793376E+000  1.0340450951167846E+000
  1.0330224305209013E+000  1.0319376950860926E+000  1.0307931161204567E+000  1.0295906490254085E+000  1.0283314917117452E+000
  1.0270176553816153E+000  1.0256507497331802E+000  1.0242328933835878E+000  1.0227668707970223E+000  1.0212554023845808E+000
  1.0197010992950848E+000  1.0181068299528202E+000  1.0164757542286063E+000  1.0148110734821214E+000  1.0131159281060471E+000
  1.0113936100253482E+000  1.0096475623600552E+000  1.0078811483061083E+000  1.0060977348963429E+000  1.0043008533305751E+000
  1.0024940067322217E+000  1.0006773676798097E+000  9.9886383005532975E-001  9.9704786317546257E-001  9.9523613797910648E-001
  9.9343171218664317E-001  9.9163805792898541E-001  9.8985936913501660E-001  9.8809907505796457E-001  9.8635936034806448E-001
  9.8464329838374465E-001  9.8295524728486927E-001  9.8129832256571314E-001  9.7967449728366562E-001  9.7808701347386418E-001
  9.7653952364508867E-001  9.7503516463468665E-001  9.7357759186187776E-001  9.7216945741185634E-001  9.7081301130823217E-001
  9.6951154073494084E-001  9.6826949608876334E-001  9.6708983562978934E-001  9.6597438069771513E-001  9.6492320187737401E-001
  9.6393932776970426E-001  9.6302471698344327E-001  9.6218019910682295E-001  9.6140703329709964E-001  9.6070739028658914E-001
  9.6008163540208047E-001  9.5953158757906598E-001  9.5905838907160768E-001  9.5866271138947479E-001  9.5834564245163445E-001
  9.5810716412549235E-001  9.5794753743147276E-001  9.5786747766873237E-001  9.5786747766868896E-001  9.5794753743135019E-001
  9.5810716412529484E-001  9.5834564245136222E-001  9.5866271138912806E-001  9.5905838907118712E-001  9.5953158757856682E-001
  9.6008163540149949E-001  9.6070739028593821E-001  9.6140703329638277E-001  9.6218019910603036E-001  9.6302471698258907E-001
  9.6393932776879365E-001  9.6492320187639669E-001  9.6597438069668440E-001  9.6708983562866613E-001  9.6826949608760871E-001
  9.6951154073370982E-001  9.7081301130694442E-001  9.7216945741053828E-001  9.7357759186048798E-001  9.7503516463327677E-001
  9.7653952364365504E-001  9.7808701347241589E-001  9.7967449728221456E-001  9.8129832256422433E-001  9.8295524728335126E-001
  9.8464329838224940E-001  9.8635936034660698E-001  9.8809907505650574E-001  9.8985936913357087E-001  9.9163805792756832E-001
  9.9343171218523152E-001  9.9523613797771338E-001  9.9704786317410787E-001  9.9886383005402102E-001
BLOCK 131   8.4798381704395140E+000
  1.0006990609205466E+000  1.0025550696655559E+000  1.0044005020515034E+000  1.0062351665543174E+000  1.0080555102859330E+000
  1.0098578768468698E+000  1.0116389523226217E+000  1.0133955708739479E+000  1.0151244225815943E+000  1.0168222309352155E+000
  1.0184859235920816E+000  1.0201124336206311E+000  1.0216985997782146E+000  1.0232413880430307E+000  1.0247381226425034E+000
  1.0261862179880956E+000  1.0275829125814626E+000  1.0289257390409592E+000  1.0302123961732848E+000  1.0314426350683183E+000
  1.0326125981921057E+000  1.0337212764381338E+000  1.0347661664029690E+000  1.0357450531485461E+000  1.0366560279694488E+000
  1.0374976472300255E+000  1.0382680030026965E+000  1.0389656265948048E+000  1.0395893300705825E+000  1.0401378104413421E+000
  1.0406098555771384E+000  1.0410044942642616E+000  1.0413210930241956E+000  1.0415590310784848E+000  1.0417178760713599E+000
  1.0417974354140336E+000  1.0417974354140627E+000  1.0417178760714525E+000  1.0415590310786578E+000  1.0413210930244436E+000
  1.0410044942645660E+000  1.0406098555774907E+000  1.0401378104417662E+000  1.0395893300710957E+000  1.0389656265953808E+000
  1.0382680030033171E+000  1.0374976472307222E+000  1.0366560279701595E+000  1.0357450531494117E+000  1.0347661664038472E+000
  1.0337212764390553E+000  1.0326125981930818E+000  1.0314426350693162E+000  1.0302123961743375E+000  1.0289257390420361E+000
  1.0275829125825600E+000  1.0261862179892136E+000  1.0247381226436398E+000  1.0232413880442000E+000  1.0216985997794199E+000
  1.0201124336218552E+000  1.0184859235933008E+000  1.0168222309364592E+000  1.0151244225828482E+000  1.0133955708752149E+000
  1.0116389523239089E+000  1.0098578768481632E+000  1.0080555102872455E+000  1.0062351665556413E+000  1.0044005020528408E+000
  1.0025550696669323E+000  1.0006990609216075E+000  9.9884512766079236E-001  9.9698852668442250E-001  9.9513605010648942E-001
  9.9329063228950010E-001  9.9145569783152254E-001  9.8963570591380545E-001  9.8783449731202888E-001  9.8605479165878007E-001
  9.8429977751407105E-001  9.8257329063951837E-001  9.8087869096559055E-001  9.7921931080273905E-001  9.7759834527433020E-001
  9.7601804337258136E-001  9.7448127769679893E-001  9.7299204697863484E-001  9.7155376915247083E-001  9.7016870284734957E-001
  9.6884005976722720E-001  9.6757086272256199E-001  9.6636647485241989E-001  9.6522788037011775E-001  9.6415555137466091E-001
  9.6315139765551949E-001  9.6221720441990011E-001  9.6135425209260206E-001  9.6056444835339805E-001  9.5984998237453734E-001
  9.5921157197245077E-001  9.5865021851867271E-001  9.5816715483190629E-001  9.5776269364949729E-001  9.5743799153663678E-001
  9.5719419247686766E-001  9.5703164901118276E-001  9.5695057182486976E-001  9.5695057182483023E-001  9.5703164901106719E-001
  9.5719419247667159E-001  9.5743799153635001E-001  9.5776269364913091E-001  9.5816715483146764E-001  9.5865021851816035E-001
  9.5921157197185536E-001  9.5984998237387475E-001  9.6056444835267096E-001  9.6135425209181136E-001  9.6221720441904113E-001
  9.6315139765458158E-001  9.6415555137365661E-001  9.6522788036904517E-001  9.6636647485126470E-001  9.6757086272136961E-001
  9.6884005976596210E-001  9.7016870284604784E-001  9.7155376915115244E-001  9.7299204697724118E-001  9.7448127769530368E-001
  9.7601804337105880E-001  9.7759834527281309E-001  9.7921931080122104E-001  9.8087869096405444E-001  9.8257329063796883E-001
  9.8429977751252873E-001  9.8605479165725007E-001  9.8783449731048878E-001  9.8963570591227190E-001  9.9145569783004039E-001
  9.9329063228805703E-001  9.9513605010503559E-001  9.9698852668297477E-001  9.9884512765938804E-001
BLOCK 132   8.5450676948275373E+000
  1.0007200224304060E+000  1.0026157498101140E+000  1.0045004626584955E+000  1.0063739527896636E+000  1.0082324749834781E+000
  1.0100720762973430E+000  1.0118894354292842E+000  1.0136815581432483E+000  1.0154451508722124E+000  1.0171768414775400E+000
  1.0188736065603048E+000  1.0205326252657805E+000  1.0221509336995940E+000  1.0237254331077679E+000  1.0252531373136728E+000
  1.0267312933584563E+000  1.0281577053182314E+000  1.0295302824963160E+000  1.0308460740413909E+000  1.0321043799226728E+000
  1.0333016017904997E+000  1.0344357857836328E+000  1.0355039604840466E+000  1.0365039379699579E+000  1.0374345082231573E+000
  1.0382941632004590E+000  1.0390811605534389E+000  1.0397937980006486E+000  1.0404309035918209E+000  1.0409912772422312E+000
  1.0414736092237060E+000  1.0418770448607779E+000  1.0422007744784449E+000  1.0424441329689036E+000  1.0426065934622823E+000
  1.0426879333925554E+000  1.0426879333925874E+000  1.0426065934623738E+000  1.0424441329690686E+000  1.0422007744786868E+000
  1.0418770448610921E+000  1.0414736092240811E+000  1.0409912772426706E+000  1.0404309035923189E+000  1.0397937980012033E+000
  1.0390811605540884E+000  1.0382941632011513E+000  1.0374345082239427E+000  1.0365039379707699E+000  1.0355039604849470E+000
  1.0344357857845488E+000  1.0333016017915087E+000  1.0321043799237051E+000  1.0308460740424601E+000  1.0295302824974266E+000
  1.0281577053194004E+000  1.0267312933596744E+000  1.0252531373149081E+000  1.0237254331090173E+000  1.0221509337008732E+000
  1.0205326252670786E+000  1.0188736065616169E+000  1.0171768414788467E+000  1.0154451508735243E+000  1.0136815581445897E+000
  1.0118894354306023E+000  1.0100720762987148E+000  1.0082324749848448E+000  1.0063739527910391E+000  1.0045004626599041E+000
  1.0026157498115331E+000  1.0007200224315345E+000  9.9882533603846269E-001  9.9692747515701885E-001  9.9503335138610893E-001
  9.9314626943697415E-001  9.9126975661472483E-001  9.8940790419705116E-001  9.8756463608251543E-001  9.8574372558358747E-001
  9.8394894269621813E-001  9.8218339449330649E-001  9.8045005749476277E-001  9.7875279906739432E-001  9.7709547777659089E-001
  9.7548104666290680E-001  9.7391229250363154E-001  9.7239219954072109E-001  9.7092298085018225E-001  9.6950851940916227E-001
  9.6815315558531934E-001  9.6685943163676236E-001  9.6563052606016397E-001  9.6446675916886404E-001  9.6337074910355502E-001
  9.6234473394166908E-001  9.6139092948847193E-001  9.6051039162497109E-001  9.5970460093011867E-001  9.5897488690510968E-001
  9.5832233011770418E-001  9.5774838787896766E-001  9.5725492734085016E-001  9.5684259709223107E-001  9.5651157087427374E-001
  9.5626260526665852E-001  9.5609610204369500E-001  9.5601262940436460E-001  9.5601262940432052E-001  9.5609610204356743E-001
  9.5626260526644991E-001  9.5651157087398087E-001  9.5684259709185260E-001  9.5725492734040518E-001  9.5774838787844818E-001
  9.5832233011711054E-001  9.5897488690444399E-001  9.5970460092937737E-001  9.6051039162416096E-001  9.6139092948758365E-001
  9.6234473394069153E-001  9.6337074910251963E-001  9.6446675916776203E-001  9.6563052605902155E-001  9.6685943163557464E-001
  9.6815315558403447E-001  9.6950851940780725E-001  9.7092298084881101E-001  9.7239219953923040E-001  9.7391229250212097E-001
  9.7548104666133384E-001  9.7709547777502659E-001  9.7875279906579682E-001  9.8045005749313519E-001  9.8218339449168968E-001
  9.8394894269463329E-001  9.8574372558202084E-001  9.8756463608093459E-001  9.8940790419545799E-001  9.9126975661315364E-001
  9.9314626943542683E-001  9.9503335138455451E-001  9.9692747515549507E-001  9.9882533603698986E-001
BLOCK 133   8.6102972192155605E+000
  1.0007389517182890E+000  1.0026753400202264E+000  1.0046004661899812E+000  1.0065137404222526E+000  1.0084112710551114E+000
  1.0102890952128933E+000  1.0121439836749859E+000  1.0139729946446328E+000  1.0157727205359932E+000  1.0175396817669806E+000
  1.0192707920543289E+000  1.0209630823736491E+000  1.0226136363881349E+000  1.0242198934126121E+000  1.0257792256146367E+000
  1.0272885691970792E+000  1.0287453747160347E+000  1.0301468635325248E+000  1.0314934623354242E+000  1.0327790575559712E+000
  1.0340032818943634E+000  1.0351629277701133E+000  1.0362555240848270E+000  1.0372785689015758E+000  1.0382304682227157E+000
  1.0391093244382530E+000  1.0399132589905125E+000  1.0406409802949350E+000  1.0412915419205966E+000  1.0418637893452618E+000
  1.0423564536406069E+000  1.0427685804867437E+000  1.0430994643248830E+000  1.0433482627213950E+000  1.0435144559444003E+000
  1.0435976133839298E+000  1.0435976133839691E+000  1.0435144559445224E+000  1.0433482627215649E+000  1.0430994643251081E+000
  1.0427685804870293E+000  1.0423564536409815E+000  1.0418637893457183E+000  1.0412915419211042E+000  1.0406409802955108E+000
  1.0399132589911229E+000  1.0391093244389376E+000  1.0382304682235008E+000  1.0372785689023893E+000  1.0362555240857390E+000
  1.0351629277710488E+000  1.0340032818954001E+000  1.0327790575570632E+000  1.0314934623365337E+000  1.0301468635337128E+000
  1.0287453747172655E+000  1.0272885691983484E+000  1.0257792256159415E+000  1.0242198934139426E+000  1.0226136363894818E+000
  1.0209630823750135E+000  1.0192707920557136E+000  1.0175396817683717E+000  1.0157727205374150E+000  1.0139729946460456E+000
  1.0121439836764206E+000  1.0102890952143184E+000  1.0084112710565556E+000  1.0065137404237043E+000  1.0046004661914694E+000
  1.0026753400217314E+000  1.0007389517194965E+000  9.9880301687845263E-001  9.9686339576889493E-001  9.9492682279920264E-001
  9.9299732809082852E-001  9.9107897578740267E-001  9.8917543638420169E-001  9.8729014640324075E-001  9.8542714144670474E-001
  9.8359075563185949E-001  9.8178475116874542E-001  9.8001252141983497E-001  9.7827747500655537E-001  9.7658274041450743E-001
  9.7493160654605415E-001  9.7332831939059317E-001  9.7177584831689068E-001  9.7027592637485316E-001  9.6883345545858879E-001
  9.6744933024367197E-001  9.6613058791024553E-001  9.6487661724265827E-001  9.6368974252106510E-001  9.6257124210460976E-001
  9.6152349577996465E-001  9.6054840480053205E-001  9.5964788435946180E-001  9.5882414587069986E-001  9.5807902709006465E-001
  9.5741338259260167E-001  9.5682799575903954E-001  9.5632391119366256E-001  9.5590221795889463E-001  9.5556371595659395E-001
  9.5530955478702062E-001  9.5514023276362758E-001  9.5505544729445402E-001  9.5505544729440817E-001  9.5514023276349469E-001
  9.5530955478680935E-001  9.5556371595630041E-001  9.5590221795852526E-001  9.5632391119321625E-001  9.5682799575851085E-001
  9.5741338259199349E-001  9.5807902708937376E-001  9.5882414586992593E-001  9.5964788435861859E-001  9.6054840479962311E-001
  9.6152349577899787E-001  9.6257124210358591E-001  9.6368974251994854E-001  9.6487661724147322E-001  9.6613058790899120E-001
  9.6744933024233959E-001  9.6883345545719990E-001  9.7027592637341231E-001  9.7177584831537522E-001  9.7332831938900854E-001
  9.7493160654446853E-001  9.7658274041288451E-001  9.7827747500493623E-001  9.8001252141818285E-001  9.8178475116707664E-001
  9.8359075563019638E-001  9.8542714144503329E-001  9.8729014640156010E-001  9.8917543638254235E-001  9.9107897578578141E-001
  9.9299732808921237E-001  9.9492682279759659E-001  9.9686339576730953E-001  9.9880301687690809E-001
BLOCK 134   8.6755267436035837E+000
  1.0007548818122756E+000  1.0027332038035890E+000  1.0046999683954267E+000  1.0066539664100522E+000  1.0085914563751939E+000
  1.0105088242610596E+000  1.0124027329196277E+000  1.0142698335424538E+000  1.0161064814486174E+000  1.0179094430665159E+000
  1.0196761126505687E+000  1.0214034916312096E+000  1.0230881377073000E+000  1.0247271281961703E+000  1.0263179278317098E+000
  1.0278584304796179E+000  1.0293462222248326E+000  1.0307781472447770E+000  1.0321536858960310E+000  1.0334683459015022E+000
  1.0347201192003426E+000  1.0359056383820393E+000  1.0370220631648386E+000  1.0380678908149830E+000  1.0390412483306037E+000
  1.0399401998221727E+000  1.0407626078900694E+000  1.0415070691593584E+000  1.0421723430991805E+000  1.0427570201932945E+000
  1.0432599720620663E+000  1.0436805029730614E+000  1.0440180368188077E+000  1.0442719288753903E+000  1.0444414551944505E+000
  1.0445262852635309E+000  1.0445262852635613E+000  1.0444414551945409E+000  1.0442719288755611E+000  1.0440180368190466E+000
  1.0436805029733687E+000  1.0432599720624376E+000  1.0427570201937055E+000  1.0421723430996792E+000  1.0415070691599320E+000
  1.0407626078906931E+000  1.0399401998228910E+000  1.0390412483313503E+000  1.0380678908157990E+000  1.0370220631657514E+000
  1.0359056383830247E+000  1.0347201192014102E+000  1.0334683459026375E+000  1.0321536858971960E+000  1.0307781472460058E+000
  1.0293462222261189E+000  1.0278584304809417E+000  1.0263179278330758E+000  1.0247271281975712E+000  1.0230881377087198E+000
  1.0214034916326633E+000  1.0196761126520388E+000  1.0179094430680111E+000  1.0161064814501120E+000  1.0142698335439551E+000
  1.0124027329211456E+000  1.0105088242626012E+000  1.0085914563767382E+000  1.0066539664116207E+000  1.0046999683969997E+000
  1.0027332038051646E+000  1.0007548818135628E+000  9.9877701748437353E-001  9.9679548821760589E-001  9.9481648085743857E-001
  9.9284402444327180E-001  9.9088254445340540E-001  9.8893621535845666E-001  9.8700891848310135E-001  9.8510449837499869E-001
  9.8322664957385697E-001  9.8137910527745709E-001  9.7956614479645421E-001  9.7779190269987326E-001  9.7605938101113154E-001
  9.7437204747945216E-001  9.7273369594357484E-001  9.7114562459645315E-001  9.6961311690772511E-001  9.6814041701399300E-001
  9.6672987243115216E-001  9.6538490529532883E-001  9.6410501292276507E-001  9.6289348529195984E-001  9.6175195360868848E-001
  9.6068275571459116E-001  9.5968786516582028E-001  9.5876881532157021E-001  9.5792729933660858E-001  9.5716521194621973E-001
  9.5648414468297627E-001  9.5588571446104065E-001  9.5537118600517290E-001  9.5494127830705167E-001  9.5459627456649432E-001
  9.5433674414232306E-001  9.5416327824386538E-001  9.5407617931858901E-001  9.5407617931854993E-001  9.5416327824374969E-001
  9.5433674414212477E-001  9.5459627456620533E-001  9.5494127830667397E-001  9.5537118600470472E-001  9.5588571446048254E-001
  9.5648414468234255E-001  9.5716521194551740E-001  9.5792729933584142E-001  9.5876881532073732E-001  9.5968786516489701E-001
  9.6068275571359107E-001  9.6175195360761256E-001  9.6289348529079077E-001  9.6410501292153372E-001  9.6538490529402632E-001
  9.6672987242977981E-001  9.6814041701262610E-001  9.6961311690628227E-001  9.7114562459491394E-001  9.7273369594197223E-001
  9.7437204747780259E-001  9.7605938100945644E-001  9.7779190269810823E-001  9.7956614479471493E-001  9.8137910527572769E-001
  9.8322664957213668E-001  9.8510449837327008E-001  9.8700891848135663E-001  9.8893621535673382E-001  9.9088254445170254E-001
  9.9284402444158670E-001  9.9481648085576202E-001  9.9679548821596442E-001  9.9877701748277570E-001
BLOCK 135   8.7407562679916069E+000
  1.0007684996881998E+000  1.0027896193500347E+000  1.0047985810701581E+000  1.0067941300060159E+000  1.0087727175273418E+000
  1.0107307972135309E+000  1.0126647637040704E+000  1.0145711426536190E+000  1.0164463931171175E+000  1.0182871449243251E+000
  1.0200904589836166E+000  1.0218533608756621E+000  1.0235729602170958E+000  1.0252464870903792E+000  1.0268709261686197E+000
  1.0284437654619198E+000  1.0299618062395166E+000  1.0314255851636791E+000  1.0328291947999237E+000  1.0341723741998350E+000
  1.0354509525648641E+000  1.0366625022413301E+000  1.0378039830138626E+000  1.0388735622156930E+000  1.0398691187356930E+000
  1.0407881480334500E+000  1.0416290092901579E+000  1.0423903862395223E+000  1.0430709309309549E+000  1.0436690480780382E+000
  1.0441834520601858E+000  1.0446132916850992E+000  1.0449578814464617E+000  1.0452166144798321E+000  1.0453890936821182E+000
  1.0454752682609869E+000  1.0454752682610122E+000  1.0453890936822123E+000  1.0452166144799899E+000  1.0449578814466876E+000
  1.0446132916854043E+000  1.0441834520605404E+000  1.0436690480784603E+000  1.0430709309314561E+000  1.0423903862400663E+000
  1.0416290092907883E+000  1.0407881480341517E+000  1.0398691187364610E+000  1.0388735622165470E+000  1.0378039830148185E+000
  1.0366625022423546E+000  1.0354509525659519E+000  1.0341723742009941E+000  1.0328291948011430E+000  1.0314255851649512E+000
  1.0299618062408631E+000  1.0284437654632930E+000  1.0268709261700395E+000  1.0252464870918474E+000  1.0235729602185952E+000
  1.0218533608771876E+000  1.0200904589851723E+000  1.0182871449259110E+000  1.0164463931187127E+000  1.0145711426552368E+000
  1.0126647637057042E+000  1.0107307972151771E+000  1.0087727175289867E+000  1.0067941300076586E+000  1.0047985810718185E+000
  1.0027896193517030E+000  1.0007684996895880E+000  9.9874736440558887E-001  9.9672250203863155E-001  9.9470047164038966E-001
  9.9268528525720512E-001  9.9068088621308736E-001  9.8869124002658515E-001  9.8672068280021563E-001  9.8477366820199486E-001
  9.8285408908971017E-001  9.8096569160394886E-001  9.7911257904296634E-001  9.7729800868106675E-001  9.7552533423945220E-001
  9.7380007791484979E-001  9.7212516691218009E-001  9.7050255379475558E-001  9.6893851908516027E-001  9.6743302155646227E-001
  9.6599414217998503E-001  9.6462048428336378E-001  9.6331512844333167E-001  9.6207893763097851E-001  9.6091419452883520E-001
  9.5982264033272391E-001  9.5880682280227958E-001  9.5786865441035740E-001  9.5700993343757590E-001  9.5623233926580098E-001
  9.5553715346191281E-001  9.5492565259470985E-001  9.5439918572465909E-001  9.5395891233244667E-001  9.5360593266641624E-001
  9.5334111507958341E-001  9.5316462844201577E-001  9.5307639270576749E-001  9.5307639270572531E-001  9.5316462844188443E-001
  9.5334111507936214E-001  9.5360593266611093E-001  9.5395891233206309E-001  9.5439918572419802E-001  9.5492565259417250E-001
  9.5553715346129564E-001  9.5623233926509077E-001  9.5700993343678598E-001  9.5786865440948299E-001  9.5880682280131246E-001
  9.5982264033168008E-001  9.6091419452770432E-001  9.6207893762977970E-001  9.6331512844208977E-001  9.6462048428204261E-001
  9.6599414217858326E-001  9.6743302155501643E-001  9.6893851908371542E-001  9.7050255379317174E-001  9.7212516691056772E-001
  9.7380007791311463E-001  9.7552533423772192E-001  9.7729800867929784E-001  9.7911257904116555E-001  9.8096569160216518E-001
  9.8285408908788530E-001  9.8477366820015955E-001  9.8672068279841763E-001  9.8869124002481479E-001  9.9068088621134143E-001
  9.9268528525545718E-001  9.9470047163864761E-001  9.9672250203691115E-001  9.9874736440388956E-001
BLOCK 136   8.8059857923796301E+000
  1.0007793155642435E+000  1.0028434226174763E+000  1.0048953728021528E+000  1.0069339858363069E+000  1.0089553379884324E+000
  1.0109554315086953E+000  1.0129303611182672E+000  1.0148767690796745E+000  1.0167916381914746E+000  1.0186717662956200E+000
  1.0205136874029523E+000  1.0223139719299283E+000  1.0240695528495334E+000  1.0257774963199182E+000  1.0274356676935439E+000
  1.0290420261664015E+000  1.0305927649117583E+000  1.0320879982495277E+000  1.0335224442014201E+000  1.0348945460734329E+000
  1.0362000648069329E+000  1.0374364147809263E+000  1.0386023180149120E+000  1.0396952730172038E+000  1.0407130080590559E+000
  1.0416529127483902E+000  1.0425130980538271E+000  1.0432920644819621E+000  1.0439879606165341E+000  1.0445993176387094E+000
  1.0451251434810627E+000  1.0455647438868827E+000  1.0459174376547324E+000  1.0461825201752366E+000  1.0463595231560183E+000
  1.0464480910172957E+000  1.0464480910173382E+000  1.0463595231561245E+000  1.0461825201753860E+000  1.0459174376549507E+000
  1.0455647438871514E+000  1.0451251434813964E+000  1.0445993176391415E+000  1.0439879606170210E+000  1.0432920644825185E+000
  1.0425130980544743E+000  1.0416529127491136E+000  1.0407130080598352E+000  1.0396952730180615E+000  1.0386023180158892E+000
  1.0374364147819604E+000  1.0362000648080505E+000  1.0348945460746029E+000  1.0335224442026980E+000  1.0320879982508580E+000
  1.0305927649131408E+000  1.0290420261678304E+000  1.0274356676950402E+000  1.0257774963214650E+000  1.0240695528511097E+000
  1.0223139719315215E+000  1.0205136874045868E+000  1.0186717662973082E+000  1.0167916381931730E+000  1.0148767690813818E+000
  1.0129303611199871E+000  1.0109554315104372E+000  1.0089553379901683E+000  1.0069339858380582E+000  1.0048953728039247E+000
  1.0028434226192562E+000  1.0007793155657183E+000  9.9871471821209090E-001  9.9664572310579369E-001  9.9457926524968610E-001
  9.9251991165600062E-001  9.9047188466444580E-001  9.8843917925714819E-001  9.8642594350713675E-001  9.8443604831340126E-001
  9.8247321384294284E-001  9.8054228113662889E-001  9.7864793836104091E-001  9.7679304198236316E-001  9.7498197816848298E-001
  9.7321957646748247E-001  9.7150652802208881E-001  9.6984732911278226E-001  9.6824914404948847E-001  9.6671299625149998E-001
  9.6524343982973382E-001  9.6383958443462259E-001  9.6250627270405309E-001  9.6124406724774780E-001  9.6005513525245778E-001
  9.5894177492050903E-001  9.5790571742619190E-001  9.5694860245526425E-001  9.5607204425144932E-001  9.5527799754666110E-001
  9.5456816135718647E-001  9.5394404355831464E-001  9.5340683126343739E-001  9.5295737241021206E-001  9.5259649063014651E-001
  9.5232493709368427E-001  9.5214331565498000E-001  9.5205230605478264E-001  9.5205230605473690E-001  9.5214331565484733E-001
  9.5232493709346533E-001  9.5259649062984719E-001  9.5295737240983103E-001  9.5340683126296843E-001  9.5394404355776974E-001
  9.5456816135654587E-001  9.5527799754592857E-001  9.5607204425062775E-001  9.5694860245434565E-001  9.5790571742520114E-001
  9.5894177491945032E-001  9.6005513525130026E-001  9.6124406724650213E-001  9.6250627270273004E-001  9.6383958443320583E-001
  9.6524343982828054E-001  9.6671299624998808E-001  9.6824914404798035E-001  9.6984732911117943E-001  9.7150652802049431E-001
  9.7321957646583568E-001  9.7498197816666954E-001  9.7679304198057648E-001  9.7864793835919917E-001  9.8054228113478503E-001
  9.8247321384109232E-001  9.8443604831152698E-001  9.8642594350528112E-001  9.8843917925530977E-001  9.9047188466258074E-001
  9.9251991165414566E-001  9.9457926524786711E-001  9.9664572310400390E-001  9.9871471821031976E-001
BLOCK 137   8.8712153167676533E+000
  1.0007863852442793E+000  1.0028954531786569E+000  1.0049919307777739E+000  1.0070742756458020E+000  1.0091385540291991E+000
  1.0111812957141213E+000  1.0131989567050708E+000  1.0151877799810893E+000  1.0171440329990833E+000  1.0190640396592490E+000
  1.0209444676051280E+000  1.0227828389790736E+000  1.0245763893935862E+000  1.0263213540116056E+000  1.0280151215140372E+000
  1.0296550113764580E+000  1.0312390302239283E+000  1.0327656179731681E+000  1.0342312854527431E+000  1.0356322035363983E+000
  1.0369660102246254E+000  1.0382293278453827E+000  1.0394205301328034E+000  1.0405369292597459E+000  1.0415756354111967E+000
  1.0425352309843603E+000  1.0434140732572956E+000  1.0442103622880992E+000  1.0449221749712361E+000  1.0455479178547431E+000
  1.0460866316606492E+000  1.0465372654873664E+000  1.0468987152084579E+000  1.0471703069417655E+000  1.0473516469257944E+000
  1.0474424732672338E+000  1.0474424732672658E+000  1.0473516469258659E+000  1.0471703069419023E+000  1.0468987152086715E+000
  1.0465372654876370E+000  1.0460866316610062E+000  1.0455479178551703E+000  1.0449221749717159E+000  1.0442103622886509E+000
  1.0434140732579544E+000  1.0425352309851135E+000  1.0415756354120005E+000  1.0405369292606335E+000  1.0394205301337733E+000
  1.0382293278464378E+000  1.0369660102257385E+000  1.0356322035376697E+000  1.0342312854540467E+000  1.0327656179745248E+000
  1.0312390302253487E+000  1.0296550113779595E+000  1.0280151215155939E+000  1.0263213540132101E+000  1.0245763893952409E+000
  1.0227828389807712E+000  1.0209444676068704E+000  1.0190640396610227E+000  1.0171440330008683E+000  1.0151877799829039E+000
  1.0131989567069022E+000  1.0111812957159814E+000  1.0091385540310638E+000  1.0070742756476538E+000  1.0049919307796291E+000
  1.0028954531805150E+000  1.0007863852458592E+000  9.9867715627692333E-001  9.9656389117608790E-001  9.9445347268210538E-001
  9.9234984993098130E-001  9.9025686616556663E-001  9.8817913922910738E-001  9.8612159885391382E-001  9.8408817354927947E-001
  9.8208292611045389E-001  9.8011083183049208E-001  9.7817503513282789E-001  9.7627829844533398E-001  9.7442689196396604E-001
  9.7262509862007163E-001  9.7087443649062943E-001  9.6918109282219900E-001  9.6754701791039877E-001  9.6597888471110571E-001
  9.6447731209400878E-001  9.6304426227820672E-001  9.6168175679630685E-001  9.6039204065557815E-001  9.5917695008855341E-001
  9.5803987108103372E-001  9.5698222016848378E-001  9.5600553920720022E-001  9.5511164470371035E-001  9.5430208188355325E-001
  9.5357812786001483E-001  9.5294105050500066E-001  9.5239209920171886E-001  9.5193262523337341E-001  9.5156380869688284E-001
  9.5128648348328149E-001  9.5110127825319080E-001  9.5100857223715263E-001  9.5100857223711499E-001  9.5110127825307211E-001
  9.5128648348307854E-001  9.5156380869659596E-001  9.5193262523298128E-001  9.5239209920122936E-001  9.5294105050441258E-001
  9.5357812785933516E-001  9.5430208188280097E-001  9.5511164470288079E-001  9.5600553920627052E-001  9.5698222016745771E-001
  9.5803987107990629E-001  9.5917695008732551E-001  9.6039204065428807E-001  9.6168175679495393E-001  9.6304426227678130E-001
  9.6447731209251986E-001  9.6597888470956728E-001  9.6754701790886566E-001  9.6918109282060005E-001  9.7087443648891103E-001
  9.7262509861837698E-001  9.7442689196211862E-001  9.7627829844353642E-001  9.7817503513100923E-001  9.8011083182856340E-001
  9.8208292610853376E-001  9.8408817354736777E-001  9.8612159885198625E-001  9.8817913922719347E-001  9.9025686616364283E-001
  9.9234984992904729E-001  9.9445347268018625E-001  9.9656389117417865E-001  9.9867715627502485E-001
BLOCK 138   8.9364448411556765E+000
  1.0007914127472644E+000  1.0029454545518985E+000  1.0050866973749628E+000  1.0072140753485328E+000  1.0093233960579833E+000
  1.0114105931475890E+000  1.0134716535768020E+000  1.0155028570329301E+000  1.0175010100913624E+000  1.0194627382748067E+000
  1.0213843198902979E+000  1.0232625770007531E+000  1.0250940326009284E+000  1.0268752297621373E+000  1.0286049475146679E+000
  1.0302812131679631E+000  1.0319013779186577E+000  1.0334619218022929E+000  1.0349589059269948E+000  1.0363883606034121E+000
  1.0377495301726718E+000  1.0390398962485152E+000  1.0402562048719044E+000  1.0413962568600947E+000  1.0424572466848263E+000
  1.0434374810911129E+000  1.0443355334955104E+000  1.0451490515893056E+000  1.0458763731093830E+000  1.0465164200933479E+000
  1.0470680618842028E+000  1.0475298699517981E+000  1.0479003911511680E+000  1.0481788158870284E+000  1.0483648940169195E+000
  1.0484581713726084E+000  1.0484581713726253E+000  1.0483648940170178E+000  1.0481788158871990E+000  1.0479003911513729E+000
  1.0475298699520652E+000  1.0470680618845476E+000  1.0465164200937844E+000  1.0458763731098921E+000  1.0451490515898860E+000
  1.0443355334961792E+000  1.0434374810918463E+000  1.0424572466856283E+000  1.0413962568609774E+000  1.0402562048729043E+000
  1.0390398962496081E+000  1.0377495301738244E+000  1.0363883606046809E+000  1.0349589059282958E+000  1.0334619218036907E+000
  1.0319013779201605E+000  1.0302812131695376E+000  1.0286049475162968E+000  1.0268752297638215E+000  1.0250940326026712E+000
  1.0232625770025423E+000  1.0213843198921329E+000  1.0194627382766721E+000  1.0175010100932649E+000  1.0155028570348501E+000
  1.0134716535787338E+000  1.0114105931495285E+000  1.0093233960599535E+000  1.0072140753505190E+000  1.0050866973769357E+000
  1.0029454545538681E+000  1.0007914127489588E+000  9.9863680516249598E-001  9.9647753966660346E-001  9.9432106048579239E-001
  9.9217163462995883E-001  9.9003361037405568E-001  9.8791191748075902E-001  9.8581053395103346E-001  9.8373256547594412E-001
  9.8168302875403324E-001  9.7966754461419514E-001  9.7768925099563320E-001  9.7575218691529753E-001  9.7386196320498497E-001
  9.7202097730032500E-001  9.7023236007813429E-001  9.6850011182120355E-001  9.6683307924387907E-001  9.6523029436638974E-001
  9.6369549989086112E-001  9.6223161117909184E-001  9.6083929691796777E-001  9.5952172008604741E-001  9.5828095107817912E-001
  9.5711947358457505E-001  9.5603900772330364E-001  9.5504111979456829E-001  9.5412820420295996E-001  9.5330177516394321E-001
  9.5256297758885378E-001  9.5191314382363068E-001  9.5135352984701316E-001  9.5088533509475948E-001  9.5050947571248456E-001
  9.5022672950507636E-001  9.5003782623536881E-001  9.4994325814764791E-001  9.4994325814760516E-001  9.5003782623523103E-001
  9.5022672950484788E-001  9.5050947571216227E-001  9.5088533509435358E-001  9.5135352984652688E-001  9.5191314382305303E-001
  9.5256297758816710E-001  9.5330177516315406E-001  9.5412820420206002E-001  9.5504111979357276E-001  9.5603900772223427E-001
  9.5711947358342031E-001  9.5828095107694100E-001  9.5952172008473902E-001  9.6083929691660686E-001  9.6223161117767753E-001
  9.6369549988933767E-001  9.6523029436480323E-001  9.6683307924225603E-001  9.6850011181950613E-001  9.7023236007638880E-001
  9.7202097729854930E-001  9.7386196320317286E-001  9.7575218691340948E-001  9.7768925099377579E-001  9.7966754461227212E-001
  9.8168302875208169E-001  9.8373256547402288E-001  9.8581053394904705E-001  9.8791191747872620E-001  9.9003361037205806E-001
  9.9217163462795444E-001  9.9432106048379454E-001  9.9647753966461017E-001  9.9863680516050335E-001
BLOCK 139   9.0016743655436997E+000
  1.0007925309367969E+000  1.0029938310925433E+000  1.0051816934193665E+000  1.0073550309010968E+000  1.0095096557051262E+000
  1.0116417242016573E+000  1.0137474865463263E+000  1.0158231101682458E+000  1.0178648012414437E+000  1.0198685801977441E+000
  1.0218309236767202E+000  1.0237494784158576E+000  1.0256211810985074E+000  1.0274421819600068E+000  1.0292102469902000E+000
  1.0309224645067396E+000  1.0325780224496666E+000  1.0341719338864293E+000  1.0357014039118291E+000  1.0371625676999610E+000
  1.0385531508152090E+000  1.0398706916664613E+000  1.0411116621622498E+000  1.0422745566585627E+000  1.0433581629599866E+000
  1.0443599382835282E+000  1.0452778128186717E+000  1.0461095544077370E+000  1.0468530909614919E+000  1.0475074318104214E+000
  1.0480713162240878E+000  1.0485432293036931E+000  1.0489220518204156E+000  1.0492071281818254E+000  1.0493979487435592E+000
  1.0494937471379284E+000  1.0494937471379473E+000  1.0493979487436431E+000  1.0492071281820026E+000  1.0489220518206557E+000
  1.0485432293039898E+000  1.0480713162244715E+000  1.0475074318108668E+000  1.0468530909619886E+000  1.0461095544083048E+000
  1.0452778128193276E+000  1.0443599382842885E+000  1.0433581629608244E+000  1.0422745566594840E+000  1.0411116621632630E+000
  1.0398706916675340E+000  1.0385531508163930E+000  1.0371625677011822E+000  1.0357014039132790E+000  1.0341719338878832E+000
  1.0325780224512018E+000  1.0309224645083463E+000  1.0292102469918836E+000  1.0274421819617807E+000  1.0256211811003457E+000
  1.0237494784177463E+000  1.0218309236786431E+000  1.0198685801997009E+000  1.0178648012434448E+000  1.0158231101702804E+000
  1.0137474865483671E+000  1.0116417242037086E+000  1.0095096557072154E+000  1.0073550309032049E+000  1.0051816934214579E+000
  1.0029938310946387E+000  1.0007925309385681E+000  9.9859127338753895E-001  9.9638591823655942E-001  9.9418367254398243E-001
  9.9198807841070180E-001  9.8980369686605374E-001  9.8763587381176532E-001  9.8548867422008868E-001  9.8336607101172369E-001
  9.8127358256833563E-001  9.7921553434437925E-001  9.7719462987431727E-001  9.7521534311952718E-001  9.7328286848261436E-001
  9.7140167494051022E-001  9.6957501144415714E-001  9.6780713605777247E-001  9.6610486021282382E-001  9.6446877482431448E-001
  9.6290076718757622E-001  9.6140399122629283E-001  9.5998029410192576E-001  9.5863321291364934E-001  9.5736564829981241E-001
  9.5617882407470212E-001  9.5507477277600883E-001  9.5405537422544517E-001  9.5312270616483619E-001  9.5227847522652731E-001
  9.5152398329664523E-001  9.5086089521850470E-001  9.5029058811003286E-001  9.4981387507117576E-001  9.4943138181283215E-001
  9.4914379225129120E-001  9.4895175631434525E-001  9.4885568483330052E-001  9.4885568483325256E-001  9.4895175631420725E-001
  9.4914379225105938E-001  9.4943138181249909E-001  9.4981387507074566E-001  9.5029058810950462E-001  9.5086089521786954E-001
  9.5152398329591481E-001  9.5227847522570475E-001  9.5312270616391481E-001  9.5405537422443232E-001  9.5507477277492103E-001
  9.5617882407353716E-001  9.5736564829857262E-001  9.5863321291231407E-001  9.5998029410052532E-001  9.6140399122483444E-001
  9.6290076718602513E-001  9.6446877482270721E-001  9.6610486021115516E-001  9.6780713605603286E-001  9.6957501144237102E-001
  9.7140167493865981E-001  9.7328286848073553E-001  9.7521534311759828E-001  9.7719462987237249E-001  9.7921553434244579E-001
  9.8127358256635089E-001  9.8336607100973372E-001  9.8548867421807773E-001  9.8763587380970164E-001  9.8980369686398217E-001
  9.9198807840864300E-001  9.9418367254186890E-001  9.9638591823442213E-001  9.9859127338542164E-001
BLOCK 140   9.0669038899317229E+000
  1.0007916278098510E+000  1.0030404682777632E+000  1.0052753473876939E+000  1.0074958045248827E+000  1.0096976292254078E+000
  1.0118762081882391E+000  1.0140273204168275E+000  1.0161474072943764E+000  1.0182331333239489E+000  1.0202807518923163E+000
  1.0222865604933287E+000  1.0242474990655648E+000  1.0261600215447706E+000  1.0280203773097170E+000  1.0298259381686474E+000
  1.0315797586507507E+000  1.0332701888489308E+000  1.0348977731581213E+000  1.0364597329251923E+000  1.0379525362014763E+000
  1.0393729131999696E+000  1.0407187421170465E+000  1.0419872729035993E+000  1.0431759664540752E+000  1.0442830846581872E+000
  1.0453059410178371E+000  1.0462422703814069E+000  1.0470911979722772E+000  1.0478511531340171E+000  1.0485201450564627E+000
  1.0490966338031842E+000  1.0495788881149382E+000  1.0499656778637125E+000  1.0502563741934852E+000  1.0504504497776102E+000
  1.0505475716698383E+000  1.0505475716698711E+000  1.0504504497777154E+000  1.0502563741936752E+000  1.0499656778639652E+000
  1.0495788881152313E+000  1.0490966338035583E+000  1.0485201450569275E+000  1.0478511531345513E+000  1.0470911979728859E+000
  1.0462422703821002E+000  1.0453059410185985E+000  1.0442830846590128E+000  1.0431759664549856E+000  1.0419872729045891E+000
  1.0407187421181783E+000  1.0393729132011709E+000  1.0379525362027984E+000  1.0364597329266148E+000  1.0348977731596394E+000
  1.0332701888505160E+000  1.0315797586524478E+000  1.0298259381704427E+000  1.0280203773115530E+000  1.0261600215466522E+000
  1.0242474990675208E+000  1.0222865604953515E+000  1.0202807518943835E+000  1.0182331333260564E+000  1.0161474072965211E+000
  1.0140273204189849E+000  1.0118762081904191E+000  1.0096976292276143E+000  1.0074958045271023E+000  1.0052753473899401E+000
  1.0030404682799856E+000  1.0007916278117126E+000  9.9854296632441641E-001  9.9628980494217267E-001  9.9403953967459813E-001
  9.9179635742658434E-001  9.8956557606409878E-001  9.8735209533725310E-001  9.8515935603187654E-001  9.8299142403623041E-001
  9.8085354083079290E-001  9.7875042228981146E-001  9.7668630137946777E-001  9.7466543656314975E-001  9.7269249292926463E-001
  9.7077161612111784E-001  9.6890604934954960E-001  9.6710006178140395E-001  9.6536133387294465E-001  9.6369042639290992E-001
  9.6208884763979519E-001  9.6055973812591566E-001  9.5910552130632809E-001  9.5772863405778363E-001  9.5643212823001467E-001
  9.5521790845894095E-001  9.5408868986606854E-001  9.5304717280314599E-001  9.5209476281190841E-001  9.5123287992075689E-001
  9.5046288407197022E-001  9.4978625566749453E-001  9.4920436479222370E-001  9.4871809593590761E-001  9.4832823583222159E-001
  9.4803554142384616E-001  9.4784042583330064E-001  9.4774291619572737E-001  9.4774291619567552E-001  9.4784042583314532E-001
  9.4803554142358759E-001  9.4832823583185943E-001  9.4871809593544099E-001  9.4920436479165138E-001  9.4978625566681329E-001
  9.5046288407120194E-001  9.5123287991991479E-001  9.5209476281098515E-001  9.5304717280213713E-001  9.5408868986496531E-001
  9.5521790845776122E-001  9.5643212822875223E-001  9.5772863405643138E-001  9.5910552130490367E-001  9.6055973812441409E-001
  9.6208884763820357E-001  9.6369042639125901E-001  9.6536133387125134E-001  9.6710006177967811E-001  9.6890604934779223E-001
  9.7077161611921181E-001  9.7269249292735249E-001  9.7466543656113247E-001  9.7668630137745693E-001  9.7875042228772768E-001
  9.8085354082868659E-001  9.8299142403412954E-001  9.8515935602981242E-001  9.8735209533515411E-001  9.8956557606195417E-001
  9.9179635742443029E-001  9.9403953967242376E-001  9.9628980493995822E-001  9.9854296632220252E-001
BLOCK 141   9.1321334143197461E+000
  1.0007872265695266E+000  1.0030854102619471E+000  1.0053689583461898E+000  1.0076372735745536E+000  1.0098864871727036E+000
  1.0121121683832079E+000  1.0143101622298880E+000  1.0164769673782548E+000  1.0186087403438771E+000  1.0207011188056156E+000
  1.0227501440404261E+000  1.0247529859610087E+000  1.0267074290313380E+000  1.0286096263490452E+000  1.0304562701493523E+000
  1.0322474730662083E+000  1.0339766769801697E+000  1.0356409576883705E+000  1.0372375125913831E+000  1.0387620520622340E+000
  1.0402122244824845E+000  1.0415865532977793E+000  1.0428826999129206E+000  1.0440975089520994E+000  1.0452285861482846E+000
  1.0462738697693852E+000  1.0472309601528402E+000  1.0480982182640799E+000  1.0488739777728056E+000  1.0495558796098787E+000
  1.0501426687262410E+000  1.0506340180907545E+000  1.0510288868403166E+000  1.0513260500717754E+000  1.0515245360253838E+000
  1.0516237489490758E+000  1.0516237489490949E+000  1.0515245360254735E+000  1.0513260500719530E+000  1.0510288868405691E+000
  1.0506340180910863E+000  1.0501426687266453E+000  1.0495558796103728E+000  1.0488739777733547E+000  1.0480982182646827E+000
  1.0472309601535228E+000  1.0462738697701597E+000  1.0452285861491590E+000  1.0440975089530415E+000  1.0428826999139806E+000
  1.0415865532989341E+000  1.0402122244837380E+000  1.0387620520636038E+000  1.0372375125927782E+000  1.0356409576899990E+000
  1.0339766769817937E+000  1.0322474730679381E+000  1.0304562701511804E+000  1.0286096263509452E+000  1.0267074290333269E+000
  1.0247529859630842E+000  1.0227501440425475E+000  1.0207011188077664E+000  1.0186087403460731E+000  1.0164769673805036E+000
  1.0143101622321933E+000  1.0121121683855376E+000  1.0098864871750317E+000  1.0076372735768939E+000  1.0053689583485359E+000
  1.0030854102642661E+000  1.0007872265714732E+000  9.9849019393949368E-001  9.9618885944544477E-001  9.9389057415225113E-001
  9.9159952059516654E-001  9.8932078220449704E-001  9.8705918494533929E-001  9.8481910271943440E-001  9.8260516665640374E-001
  9.8042223770528414E-001  9.7827512181956289E-001  9.7616800540281035E-001  9.7410471482286254E-001  9.7208905095347442E-001
  9.7012571080910537E-001  9.6822166133244270E-001  9.6637999530371976E-001  9.6460494443191358E-001  9.6289688376375415E-001
  9.6125969376205411E-001  9.5969668229558369E-001  9.5821060602789920E-001  9.5680368532909432E-001  9.5547878478485637E-001
  9.5423832911132433E-001  9.5308443403346887E-001  9.5201963677714219E-001  9.5104575689178350E-001  9.5016462274446079E-001
  9.4937826690812033E-001  9.4868794036068749E-001  9.4809441478718781E-001  9.4759838662742102E-001  9.4720048068288865E-001
  9.4690137759202508E-001  9.4670162100219135E-001  9.4660159009931799E-001  9.4660159009925993E-001  9.4670162100201305E-001
  9.4690137759172721E-001  9.4720048068248297E-001  9.4759838662692109E-001  9.4809441478660117E-001  9.4868794036001314E-001
  9.4937826690734650E-001  9.5016462274359448E-001  9.5104575689082937E-001  9.5201963677610035E-001  9.5308443403234266E-001
  9.5423832911012207E-001  9.5547878478356141E-001  9.5680368532771043E-001  9.5821060602644414E-001  9.5969668229406979E-001
  9.6125969376047238E-001  9.6289688376208260E-001  9.6460494443016520E-001  9.6637999530194174E-001  9.6822166133057541E-001
  9.7012571080719245E-001  9.7208905095151299E-001  9.7410471482082817E-001  9.7616800540072635E-001  9.7827512181745668E-001
  9.8042223770310788E-001  9.8260516665421993E-001  9.8481910271721684E-001  9.8705918494309564E-001  9.8932078220222841E-001
  9.9159952059291245E-001  9.9389057415002713E-001  9.9618885944318203E-001  9.9849019393719551E-001
BLOCK 142   9.1973629387077693E+000
  1.0007808087295431E+000  1.0031282866057358E+000  1.0054609419586997E+000  1.0077784623719899E+000  1.0100770049058962E+000
  1.0123517769114678E+000  1.0145978148350778E+000  1.0168113402768981E+000  1.0189890066259004E+000  1.0211272047508366E+000
  1.0232219865763965E+000  1.0252696983079550E+000  1.0272673139440265E+000  1.0292110397767622E+000  1.0310988401518812E+000
  1.0329287809737513E+000  1.0346967760211820E+000  1.0363980032571221E+000  1.0380298727649737E+000  1.0395888946066847E+000
  1.0410720644653644E+000  1.0424772894493151E+000  1.0438015340054110E+000  1.0450419043775550E+000  1.0461965425474564E+000
  1.0472637852871023E+000  1.0482412153742546E+000  1.0491264224541792E+000  1.0499178520260293E+000  1.0506138162608487E+000
  1.0512126617697388E+000  1.0517136832114391E+000  1.0521160218607497E+000  1.0524182365055119E+000  1.0526196864008739E+000
  1.0527204432623158E+000  1.0527204432623565E+000  1.0526196864009929E+000  1.0524182365057149E+000  1.0521160218610204E+000
  1.0517136832117564E+000  1.0512126617701276E+000  1.0506138162613194E+000  1.0499178520265944E+000  1.0491264224548134E+000
  1.0482412153749758E+000  1.0472637852879445E+000  1.0461965425483688E+000  1.0450419043785590E+000  1.0438015340064835E+000
  1.0424772894504519E+000  1.0410720644666545E+000  1.0395888946080500E+000  1.0380298727664627E+000  1.0363980032587359E+000
  1.0346967760228767E+000  1.0329287809755532E+000  1.0310988401538110E+000  1.0292110397787593E+000  1.0272673139460726E+000
  1.0252696983100809E+000  1.0232219865786045E+000  1.0211272047531268E+000  1.0189890066282490E+000  1.0168113402792751E+000
  1.0145978148374897E+000  1.0123517769138881E+000  1.0100770049083341E+000  1.0077784623744417E+000  1.0054609419611245E+000
  1.0031282866081090E+000  1.0007808087315417E+000  9.9843475698153983E-001  9.9608359716004991E-001  9.9373542872178522E-001
  9.9139499162105305E-001  9.8906742234069245E-001  9.8675779183500667E-001  9.8447077183823040E-001  9.8221056272770146E-001
  9.7998130820934481E-001  9.7778763503547073E-001  9.7563505820953333E-001  9.7352836565464307E-001  9.7147067977654011E-001
  9.6946788414740215E-001  9.6752296535774562E-001  9.6564383385465458E-001  9.6383084943785258E-001  9.6208695473708228E-001
  9.6041471822693547E-001  9.5881744906449895E-001  9.5729797023267404E-001  9.5585951043623729E-001  9.5450523899694950E-001
  9.5323782326024398E-001  9.5205917834286735E-001  9.5097144849888138E-001  9.4997672130278665E-001  9.4907658524064586E-001
  9.4827273443790017E-001  9.4756652907114081E-001  9.4695897110469429E-001  9.4645132753138206E-001  9.4604462303609593E-001
  9.4573928268290575E-001  9.4553549747040222E-001  9.4543348888518686E-001  9.4543348888513012E-001  9.4553549747023313E-001
  9.4573928268262053E-001  9.4604462303569814E-001  9.4645132753087369E-001  9.4695897110408367E-001  9.4756652907043659E-001
  9.4827273443710081E-001  9.4907658523976035E-001  9.4997672130181288E-001  9.5097144849780924E-001  9.5205917834170706E-001
  9.5323782325900597E-001  9.5450523899564410E-001  9.5585951043485051E-001  9.5729797023120411E-001  9.5881744906295507E-001
  9.6041471822533186E-001  9.6208695473538808E-001  9.6383084943608388E-001  9.6564383385282426E-001  9.6752296535582683E-001
  9.6946788414543261E-001  9.7147067977448576E-001  9.7352836565253342E-001  9.7563505820738006E-001  9.7778763503330279E-001
  9.7998130820713381E-001  9.8221056272542917E-001  9.8447077183594833E-001  9.8675779183267787E-001  9.8906742233832656E-001
  9.9139499161866351E-001  9.9373542871938625E-001  9.9608359715768280E-001  9.9843475697910311E-001
BLOCK 143   9.2625924630957925E+000
  1.0007708514427389E+000  1.0031699110958365E+000  1.0055536404472334E+000  1.0079214515544188E+000  1.0102692280669694E+000
  1.0125928764321339E+000  1.0148879837243270E+000  1.0171505181370024E+000  1.0193766323139211E+000  1.0215621132463595E+000
  1.0237027517654242E+000  1.0257947026843035E+000  1.0278345051580589E+000  1.0298218109533412E+000  1.0317557523108853E+000
  1.0336280665096835E+000  1.0354335273680906E+000  1.0371716771631228E+000  1.0388394814072699E+000  1.0404336310121913E+000
  1.0419504024136392E+000  1.0433869868233301E+000  1.0447405825937839E+000  1.0460082211605861E+000  1.0471878508481414E+000
  1.0482774324197208E+000  1.0492744549015103E+000  1.0501769731055868E+000  1.0509839658740598E+000  1.0516942083525338E+000
  1.0523055468311715E+000  1.0528162840008819E+000  1.0532258169332978E+000  1.0535335438622777E+000  1.0537389924366338E+000
  1.0538419705973441E+000  1.0538419705973703E+000  1.0537389924367269E+000  1.0535335438624522E+000  1.0532258169335558E+000
  1.0528162840012159E+000  1.0523055468315792E+000  1.0516942083530474E+000  1.0509839658746611E+000  1.0501769731062620E+000
  1.0492744549022655E+000  1.0482774324205404E+000  1.0471878508490691E+000  1.0460082211616197E+000  1.0447405825948890E+000
  1.0433869868245671E+000  1.0419504024149706E+000  1.0404336310136317E+000  1.0388394814088506E+000  1.0371716771647683E+000
  1.0354335273698463E+000  1.0336280665114883E+000  1.0317557523128227E+000  1.0298218109554123E+000  1.0278345051602340E+000
  1.0257947026865686E+000  1.0237027517677559E+000  1.0215621132487429E+000  1.0193766323163482E+000  1.0171505181394800E+000
  1.0148879837268265E+000  1.0125928764346306E+000  1.0102692280694880E+000  1.0079214515569683E+000  1.0055536404497596E+000
  1.0031699110983596E+000  1.0007708514448725E+000  9.9837411065491766E-001  9.9597238016665568E-001  9.9357453036113952E-001
  9.9118504518205619E-001  9.8880831938195979E-001  9.8644903183158561E-001  9.8411238290392344E-001  9.8180364475662896E-001
  9.7952729024191643E-001  9.7728802372546997E-001  9.7509123076928950E-001  9.7294047049861432E-001  9.7084010467491055E-001
  9.6879532677680780E-001  9.6680856088014144E-001  9.6489017461783355E-001  9.6303871254557083E-001  9.6125799406676293E-001
  9.5955023440511822E-001  9.5791883502946451E-001  9.5636707276117383E-001  9.5489790757620574E-001  9.5351421788932200E-001
  9.5221864913422638E-001  9.5101370765472748E-001  9.4990177942825860E-001  9.4888498997826043E-001  9.4796488555883951E-001
  9.4714287482609538E-001  9.4642050332727123E-001  9.4579896403979957E-001  9.4527936706171212E-001  9.4486277916300443E-001
  9.4454975336833624E-001  9.4434065044654969E-001  9.4423594464291516E-001  9.4423594464285820E-001  9.4434065044638071E-001
  9.4454975336806146E-001  9.4486277916262296E-001  9.4527936706122007E-001  9.4579896403919617E-001  9.4642050332655003E-001
  9.4714287482526605E-001  9.4796488555791503E-001  9.4888498997725546E-001  9.4990177942716991E-001  9.5101370765355442E-001
  9.5221864913297016E-001  9.5351421788799084E-001  9.5489790757480286E-001  9.5636707275968258E-001  9.5791883502789599E-001
  9.5955023440347154E-001  9.6125799406503043E-001  9.6303871254376860E-001  9.6489017461595072E-001  9.6680856087819567E-001
  9.6879532677480651E-001  9.7084010467288517E-001  9.7294047049640431E-001  9.7509123076705428E-001  9.7728802372310108E-001
  9.7952729023957141E-001  9.8180364475426285E-001  9.8411238290154124E-001  9.8644903182920363E-001  9.8880831937951619E-001
  9.9118504517957762E-001  9.9357453035866339E-001  9.9597238016410961E-001  9.9837411065239834E-001
BLOCK 144   9.3278219874838157E+000
  1.0007591708077608E+000  1.0032091070559142E+000  1.0056440030312184E+000  1.0080636671682703E+000  1.0104632761574279E+000
  1.0128382336034008E+000  1.0151838654666254E+000  1.0174955490519357E+000  1.0197690660614176E+000  1.0220008707688397E+000
  1.0241886099470949E+000  1.0263285071374644E+000  1.0284154958943350E+000  1.0304480832368481E+000  1.0324239906511772E+000
  1.0343386305545237E+000  1.0361864735339634E+000  1.0379651809932795E+000  1.0396712391005678E+000  1.0412996130493675E+000
  1.0428482324569852E+000  1.0443153326539594E+000  1.0456983119465757E+000  1.0469938848140181E+000  1.0481993013642528E+000
  1.0493124561728049E+000  1.0503308318608751E+000  1.0512521621079030E+000  1.0520751471485787E+000  1.0527986306929809E+000
  1.0534211939774056E+000  1.0539416077542778E+000  1.0543592423739665E+000  1.0546737318755228E+000  1.0548840966112407E+000
  1.0549893151087040E+000  1.0549893151087335E+000  1.0548840966113393E+000  1.0546737318757127E+000  1.0543592423742465E+000
  1.0539416077546313E+000  1.0534211939778413E+000  1.0527986306934878E+000  1.0520751471491760E+000  1.0512521621086013E+000
  1.0503308318616476E+000  1.0493124561736695E+000  1.0481993013652382E+000  1.0469938848150877E+000  1.0456983119477752E+000
  1.0443153326552583E+000  1.0428482324583190E+000  1.0412996130507965E+000  1.0396712391021399E+000  1.0379651809949726E+000
  1.0361864735357826E+000  1.0343386305564288E+000  1.0324239906532515E+000  1.0304480832390295E+000  1.0284154958965825E+000
  1.0263285071397958E+000  1.0241886099495154E+000  1.0220008707713137E+000  1.0197690660639323E+000  1.0174955490545012E+000
  1.0151838654692118E+000  1.0128382336059985E+000  1.0104632761600698E+000  1.0080636671709311E+000  1.0056440030338909E+000
  1.0032091070585776E+000  1.0007591708099619E+000  9.9831182869266155E-001  9.9585835424282976E-001  9.9340822221262814E-001
  9.9096682087579091E-001  9.8853914840643908E-001  9.8613005036109957E-001  9.8374477656036685E-001  9.8138812836772427E-001
  9.7906441389593679E-001  9.7677869684418805E-001  9.7453486826393654E-001  9.7233669568999637E-001  9.7019217823095938E-001
  9.6810377204389209E-001  9.6607985847040401E-001  9.6412139977456157E-001  9.6223045172496113E-001  9.6041078741404406E-001
  9.5866662111686440E-001  9.5700075644646210E-001  9.5541652916126596E-001  9.5391646772861016E-001  9.5250322519109620E-001
  9.5117956501607448E-001  9.4994804947206302E-001  9.4881103880855766E-001  9.4777067567244555E-001  9.4682895355387653E-001
  9.4598770480088301E-001  9.4524854385367418E-001  9.4461260753523835E-001  9.4408068641417553E-001  9.4365372154095861E-001
  9.4333268369137901E-001  9.4311824044906900E-001  9.4301085983743660E-001  9.4301085983738231E-001  9.4311824044890824E-001
  9.4333268369110534E-001  9.4365372154056759E-001  9.4408068641367160E-001  9.4461260753462972E-001  9.4524854385296575E-001
  9.4598770480006855E-001  9.4682895355295804E-001  9.4777067567142703E-001  9.4881103880745232E-001  9.4994804947086742E-001
  9.5117956501479350E-001  9.5250322518973563E-001  9.5391646772717120E-001  9.5541652915974096E-001  9.5700075644485849E-001
  9.5866662111517864E-001  9.6041078741228914E-001  9.6223045172316490E-001  9.6412139977268863E-001  9.6607985846838751E-001
  9.6810377204183706E-001  9.7019217822878356E-001  9.7233669568771175E-001  9.7453486826160463E-001  9.7677869684179275E-001
  9.7906441389348464E-001  9.8138812836526423E-001  9.8374477655783121E-001  9.8613005035851964E-001  9.8853914840386647E-001
  9.9096682087322674E-001  9.9340822221004943E-001  9.9585835424024460E-001  9.9831182869001966E-001
BLOCK 145   9.3930515118718390E+000
  1.0007440696422565E+000  1.0032481840529026E+000  1.0057365464430679E+000  1.0082087176802248E+000  1.0106594251790073E+000
  1.0130843717002693E+000  1.0154800889189437E+000  1.0178428435615134E+000  1.0201677411239336E+000  1.0224501012692950E+000
  1.0246867219803526E+000  1.0268737064890858E+000  1.0290076771486527E+000  1.0310858617384344E+000  1.0331070257931794E+000
  1.0350647198355944E+000  1.0369550158423895E+000  1.0387733960182259E+000  1.0405172996466812E+000  1.0421825553600979E+000
  1.0437663424669241E+000  1.0452667059210445E+000  1.0466796909906315E+000  1.0480018799557083E+000  1.0492315240829007E+000
  1.0503673150689183E+000  1.0514071884444949E+000  1.0523484634441325E+000  1.0531890691231482E+000  1.0539277988028046E+000
  1.0545634458008386E+000  1.0550946626180475E+000  1.0555206512561746E+000  1.0558407915210144E+000  1.0560541125590497E+000
  1.0561604093519912E+000  1.0561604093520374E+000  1.0560541125591874E+000  1.0558407915212324E+000  1.0555206512564594E+000
  1.0550946626184143E+000  1.0545634458012758E+000  1.0539277988033198E+000  1.0531890691237713E+000  1.0523484634448557E+000
  1.0514071884453258E+000  1.0503673150698738E+000  1.0492315240839041E+000  1.0480018799567807E+000  1.0466796909918210E+000
  1.0452667059223444E+000  1.0437663424683272E+000  1.0421825553616160E+000  1.0405172996483407E+000  1.0387733960200263E+000
  1.0369550158443195E+000  1.0350647198376159E+000  1.0331070257953145E+000  1.0310858617406615E+000  1.0290076771509409E+000
  1.0268737064914710E+000  1.0246867219828415E+000  1.0224501012718321E+000  1.0201677411265244E+000  1.0178428435641775E+000
  1.0154800889216571E+000  1.0130843717030225E+000  1.0106594251817826E+000  1.0082087176830008E+000  1.0057365464458170E+000
  1.0032481840556287E+000  1.0007440696445009E+000  9.9824374646585246E-001  9.9573748604912249E-001  9.9323546378504002E-001
  9.9074290463349757E-001  9.8826447278163654E-001  9.8580498920310800E-001  9.8336912492081374E-001  9.8096120396267383E-001
  9.7858720112031794E-001  9.7625314139492758E-001  9.7396206738760105E-001  9.7171940320667971E-001  9.6953070102790839E-001
  9.6739810733570897E-001  9.6533303551961314E-001  9.6333371161640935E-001  9.6140446768788823E-001  9.5954778382217931E-001
  9.5776722307088413E-001  9.5606557374036938E-001  9.5444650163614508E-001  9.5291364516615595E-001  9.5146973388138056E-001
  9.5011744886821770E-001  9.4885914412334615E-001  9.4769698697059979E-001  9.4663311344572099E-001  9.4566954621893040E-001
  9.4480818239082720E-001  9.4405076571016355E-001  9.4339884777691418E-001  9.4285371587050448E-001  9.4241648603023731E-001
  9.4208809500323498E-001  9.4186901618346919E-001  9.4175939005909171E-001  9.4175939005903331E-001  9.4186901618329333E-001
  9.4208809500295232E-001  9.4241648602984596E-001  9.4285371587000399E-001  9.4339884777631200E-001  9.4405076570945912E-001
  9.4480818239002229E-001  9.4566954621802024E-001  9.4663311344471179E-001  9.4769698696949334E-001  9.4885914412214090E-001
  9.5011744886691396E-001  9.5146973387998213E-001  9.5291364516467125E-001  9.5444650163460476E-001  9.5606557373877576E-001
  9.5776722306919748E-001  9.5954778382037964E-001  9.6140446768601795E-001  9.6333371161444059E-001  9.6533303551753424E-001
  9.6739810733356268E-001  9.6953070102564776E-001  9.7171940320433914E-001  9.7396206738517388E-001  9.7625314139247077E-001
  9.7858720111775921E-001  9.8096120396009179E-001  9.8336912491820971E-001  9.8580498920043647E-001  9.8826447277895402E-001
  9.9074290463078418E-001  9.9323546378228189E-001  9.9573748604635137E-001  9.9824374646311442E-001
BLOCK 146   9.4582810362598622E+000
  1.0007274043670862E+000  1.0032846649548486E+000  1.0058257074570980E+000  1.0083510455462676E+000  1.0108556278996912E+000
  1.0133345200667956E+000  1.0157833320227223E+000  1.0181978490696424E+000  1.0205735233359259E+000  1.0229064635543468E+000
  1.0251924845935418E+000  1.0274271749969650E+000  1.0296100734581517E+000  1.0317401607040715E+000  1.0338080473951468E+000
  1.0358074269120752E+000  1.0377382654821543E+000  1.0395974927000196E+000  1.0413805053836280E+000  1.0430836217017652E+000
  1.0447027942350977E+000  1.0462355397491394E+000  1.0476791311402185E+000  1.0490302429753404E+000  1.0502868889932857E+000
  1.0514471301762385E+000  1.0525084342294040E+000  1.0534686392159707E+000  1.0543264919845543E+000  1.0550810064354752E+000
  1.0557303291801983E+000  1.0562726775685001E+000  1.0567074763555522E+000  1.0570342668385424E+000  1.0572522459399358E+000
  1.0573611291251037E+000  1.0573611291251488E+000  1.0572522459400515E+000  1.0570342668387240E+000  1.0567074763558331E+000
  1.0562726775688904E+000  1.0557303291807016E+000  1.0550810064360905E+000  1.0543264919852275E+000  1.0534686392166881E+000
  1.0525084342302273E+000  1.0514471301771613E+000  1.0502868889943056E+000  1.0490302429764624E+000  1.0476791311414690E+000
  1.0462355397505243E+000  1.0447027942366118E+000  1.0430836217034027E+000  1.0413805053853782E+000  1.0395974927018625E+000
  1.0377382654840948E+000  1.0358074269141990E+000  1.0338080473973463E+000  1.0317401607063359E+000  1.0296100734605382E+000
  1.0274271749994479E+000  1.0251924845961000E+000  1.0229064635569614E+000  1.0205735233386273E+000  1.0181978490724133E+000
  1.0157833320255232E+000  1.0133345200696069E+000  1.0108556279025236E+000  1.0083510455491325E+000  1.0058257074599923E+000
  1.0032846649577516E+000  1.0007274043694410E+000  9.9817421875495349E-001  9.9561476270135096E-001  9.9305935336332452E-001
  9.9051277356988288E-001  9.8798038732561233E-001  9.8546809101986110E-001  9.8298049189219872E-001  9.8052217953146037E-001
  9.7809922234677549E-001  9.7571598386936775E-001  9.7337671714586005E-001  9.7108809352467806E-001  9.6885354287145886E-001
  9.6667729578500294E-001  9.6456987111862813E-001  9.6252976752749131E-001  9.6056011360119886E-001  9.5866481247975543E-001
  9.5684680681250700E-001  9.5510977647035888E-001  9.5345684849202672E-001  9.5189122114687363E-001  9.5041554116422500E-001
  9.4903264177735247E-001  9.4774557916086410E-001  9.4655689679690314E-001  9.4546879435734632E-001  9.4448324479818868E-001
  9.4360203321915725E-001  9.4282692773599208E-001  9.4215958486084639E-001  9.4160139865660542E-001  9.4115349293602679E-001
  9.4081670638480452E-001  9.4059169180571900E-001  9.4047900430965836E-001  9.4047900430959974E-001  9.4059169180555147E-001
  9.4081670638453041E-001  9.4115349293564610E-001  9.4160139865611392E-001  9.4215958486024631E-001  9.4282692773528953E-001
  9.4360203321835123E-001  9.4448324479727885E-001  9.4546879435633113E-001  9.4655689679578536E-001  9.4774557915965696E-001
  9.4903264177607249E-001  9.5041554116286020E-001  9.5189122114540359E-001  9.5345684849045498E-001  9.5510977646870210E-001
  9.5684680681074175E-001  9.5866481247788693E-001  9.6056011359925375E-001  9.6252976752543973E-001  9.6456987111649284E-001
  9.6667729578276995E-001  9.6885354286914538E-001  9.7108809352223679E-001  9.7337671714335605E-001  9.7571598386679825E-001
  9.7809922234415092E-001  9.8052217952877541E-001  9.8298049188948222E-001  9.8546809101708988E-001  9.8798038732278215E-001
  9.9051277356706113E-001  9.9305935336047646E-001  9.9561476269847604E-001  9.9817421875208101E-001
BLOCK 147   9.5235105606478854E+000
  1.0007076603064544E+000  1.0033204448189414E+000  1.0059159152715333E+000  1.0084954160410990E+000  1.0110542719737547E+000
  1.0135875136939436E+000  1.0160902308099757E+000  1.0185572863748709E+000  1.0209845932439847E+000  1.0233698051578222E+000
  1.0257082939156008E+000  1.0279946037855778E+000  1.0302272476857868E+000  1.0324038458892628E+000  1.0345189144131157E+000
  1.0365659748465477E+000  1.0385416706936224E+000  1.0404428630839087E+000  1.0422636893821451E+000  1.0440017988517942E+000
  1.0456557316355839E+000  1.0472221009711635E+000  1.0486977516229334E+000  1.0500793331145082E+000  1.0513638997216510E+000
  1.0525495799320088E+000  1.0536338399013891E+000  1.0546144050636261E+000  1.0554904023860274E+000  1.0562605639396585E+000
  1.0569229261208486E+000  1.0574763389749458E+000  1.0579205458594332E+000  1.0582551144199348E+000  1.0584789411955962E+000
  1.0585910103016314E+000  1.0585910103016860E+000  1.0584789411957567E+000  1.0582551144201917E+000  1.0579205458597656E+000
  1.0574763389753379E+000  1.0569229261213353E+000  1.0562605639402372E+000  1.0554904023866860E+000  1.0546144050643882E+000
  1.0536338399022611E+000  1.0525495799329967E+000  1.0513638997227484E+000  1.0500793331157270E+000  1.0486977516242679E+000
  1.0472221009726062E+000  1.0456557316371287E+000  1.0440017988534680E+000  1.0422636893839365E+000  1.0404428630857823E+000
  1.0385416706956669E+000  1.0365659748486811E+000  1.0345189144153988E+000  1.0324038458916043E+000  1.0302272476882575E+000
  1.0279946037881762E+000  1.0257082939182744E+000  1.0233698051605467E+000  1.0209845932467621E+000  1.0185572863776902E+000
  1.0160902308128401E+000  1.0135875136968631E+000  1.0110542719767215E+000  1.0084954160440915E+000  1.0059159152745500E+000
  1.0033204448219450E+000  1.0007076603088880E+000  9.9809967467922678E-001  9.9548552386244205E-001  9.9287575343618673E-001
  9.9027493705181513E-001  9.8768875697106973E-001  9.8512283065357009E-001  9.8258205163985868E-001  9.8007239539205393E-001
  9.7759927004132952E-001  9.7516600265429265E-001  9.7277744939850164E-001  9.7044048645460024E-001  9.6816003797170735E-001
  9.6594269532300503E-001  9.6379177368579616E-001  9.6170861189336154E-001  9.5969716009463968E-001  9.5776227970419348E-001
  9.5590630688123035E-001  9.5413249792354238E-001  9.5244433108252913E-001  9.5084479600909377E-001  9.4933698238248454E-001
  9.4792375728801614E-001  9.4660794544314009E-001  9.4539212358659341E-001  9.4427868952549721E-001  9.4327010857884785E-001
  9.4236857271326024E-001  9.4157576932213660E-001  9.4089308649344205E-001  9.4032180558898393E-001  9.3986312357648882E-001
  9.3951806948960248E-001  9.3928751540467292E-001  9.3917208839475141E-001  9.3917208839469923E-001  9.3928751540451250E-001
  9.3951806948934014E-001  9.3986312357611690E-001  9.4032180558849932E-001  9.4089308649284420E-001  9.4157576932142739E-001
  9.4236857271244701E-001  9.4327010857794580E-001  9.4427868952450844E-001  9.4539212358550628E-001  9.4660794544195170E-001
  9.4792375728673195E-001  9.4933698238110042E-001  9.5084479600759708E-001  9.5244433108092252E-001  9.5413249792183552E-001
  9.5590630687940747E-001  9.5776227970226868E-001  9.5969716009261152E-001  9.6170861189121426E-001  9.6379177368356372E-001
  9.6594269532072352E-001  9.6816003796940053E-001  9.7044048645213099E-001  9.7277744939590427E-001  9.7516600265161435E-001
  9.7759927003856906E-001  9.8007239538916879E-001  9.8258205163698031E-001  9.8512283065069794E-001  9.8768875696816183E-001
  9.9027493704886216E-001  9.9287575343322210E-001  9.9548552385943900E-001  9.9809967467620664E-001
BLOCK 148   9.5887400850359086E+000
  1.0006842853231996E+000  1.0033544585686396E+000  1.0060067838531412E+000  1.0086422263749220E+000  1.0112558205498916E+000
  1.0138431670540595E+000  1.0164004624378211E+000  1.0189228058565463E+000  1.0214053712637701E+000  1.0238445625779680E+000
  1.0262353912775328E+000  1.0285738103937647E+000  1.0308565921821173E+000  1.0330823585795257E+000  1.0352438983281071E+000
  1.0373369502651606E+000  1.0393565524437911E+000  1.0412998311208601E+000  1.0431624242211155E+000  1.0449404715428587E+000
  1.0466319201253973E+000  1.0482327857971028E+000  1.0497390204727033E+000  1.0511489600470865E+000  1.0524610902139782E+000
  1.0536729264312308E+000  1.0547815800271982E+000  1.0557844349804784E+000  1.0566799749839670E+000  1.0574671179728352E+000
  1.0581443157534489E+000  1.0587103045194417E+000  1.0591643558491319E+000  1.0595054572572129E+000  1.0597326566292635E+000
  1.0598459718968336E+000  1.0598459718968598E+000  1.0597326566293841E+000  1.0595054572574552E+000  1.0591643558494568E+000
  1.0587103045198600E+000  1.0581443157539570E+000  1.0574671179734292E+000  1.0566799749846700E+000  1.0557844349813039E+000
  1.0547815800281448E+000  1.0536729264322804E+000  1.0524610902151366E+000  1.0511489600483657E+000  1.0497390204740986E+000
  1.0482327857985814E+000  1.0466319201269862E+000  1.0449404715445885E+000  1.0431624242229549E+000  1.0412998311228525E+000
  1.0393565524458974E+000  1.0373369502674108E+000  1.0352438983304777E+000  1.0330823585819835E+000  1.0308565921846433E+000
  1.0285738103963877E+000  1.0262353912802320E+000  1.0238445625807640E+000  1.0214053712666606E+000  1.0189228058594977E+000
  1.0164004624408207E+000  1.0138431670571020E+000  1.0112558205529578E+000  1.0086422263780184E+000  1.0060067838562490E+000
  1.0033544585717453E+000  1.0006842853257043E+000  9.9802039893111638E-001  9.9535013073942447E-001  9.9268441231260529E-001
  9.9002874955912512E-001  9.8738892722915217E-001  9.8476944786603682E-001  9.8217488686333165E-001  9.7961144697002667E-001
  9.7708513992098789E-001  9.7460064309586780E-001  9.7216332924180970E-001  9.6977925969976431E-001  9.6745161204390362E-001
  9.6519071356523400E-001  9.6299585601620952E-001  9.6087071594509799E-001  9.5881792461114956E-001  9.5684170415818259E-001
  9.5494535413567982E-001  9.5313256920855693E-001  9.5140765549297079E-001  9.4977348172445453E-001  9.4823277028646580E-001
  9.4678862176073519E-001  9.4544386850670314E-001  9.4420114494865159E-001  9.4306286576516229E-001  9.4203134887332685E-001
  9.4110881688916859E-001  9.4029716778805583E-001  9.3959816281435982E-001  9.3901347952234948E-001  9.3854446202187813E-001
  9.3819203235163928E-001  9.3773014551508460E-001  9.3767048907608463E-001  9.3767048907605344E-001  9.3773014551499223E-001
  9.3819203235136095E-001  9.3854446202149355E-001  9.3901347952186642E-001  9.3959816281378472E-001  9.4029716778738281E-001
  9.4110881688839199E-001  9.4203134887244910E-001  9.4306286576418341E-001  9.4420114494756457E-001  9.4544386850550288E-001
  9.4678862175942879E-001  9.4823277028505804E-001  9.4977348172295206E-001  9.5140765549129891E-001  9.5313256920679512E-001
  9.5494535413376380E-001  9.5684170415621361E-001  9.5881792460910309E-001  9.6087071594295825E-001  9.6299585601391580E-001
  9.6519071356284492E-001  9.6745161204139662E-001  9.6977925969715839E-001  9.7216332923911108E-001  9.7460064309305439E-001
  9.7708513991817059E-001  9.7961144696711955E-001  9.8217488686034771E-001  9.8476944786303056E-001  9.8738892722606142E-001
  9.9002874955598386E-001  9.9268441230948634E-001  9.9535013073632583E-001  9.9802039892800143E-001
BLOCK 149   9.6539696094239318E+000
  1.0006581245892729E+000  1.0033848727907029E+000  1.0060945087477386E+000  1.0087879360526733E+000  1.0114598568139086E+000
  1.0141053279499952E+000  1.0167196695600274E+000  1.0192980566973135E+000  1.0218358602389159E+000  1.0243286183489810E+000
  1.0267715725971878E+000  1.0291603951235613E+000  1.0315000214010392E+000  1.0337734171626225E+000  1.0359825225174955E+000
  1.0381220622095386E+000  1.0401871923936272E+000  1.0421736432426378E+000  1.0440780226587494E+000  1.0458960550898895E+000
  1.0476247186250234E+000  1.0492613379682749E+000  1.0508017964890266E+000  1.0522434482604945E+000  1.0535846738410541E+000
  1.0548223879112515E+000  1.0559541088146105E+000  1.0569788677152345E+000  1.0578951695719041E+000  1.0587007282539767E+000
  1.0593933650424185E+000  1.0599716863095481E+000  1.0604352750880945E+000  1.0607837142396970E+000  1.0610161457699923E+000
  1.0611322206737905E+000  1.0611322206738256E+000  1.0610161457701033E+000  1.0607837142399013E+000  1.0604352750884116E+000
  1.0599716863099669E+000  1.0593933650429630E+000  1.0587007282546463E+000  1.0578951695726870E+000  1.0569788677161336E+000
  1.0559541088156073E+000  1.0548223879123302E+000  1.0535846738422336E+000  1.0522434482618139E+000  1.0508017964904615E+000
  1.0492613379698275E+000  1.0476247186267165E+000  1.0458960550917025E+000  1.0440780226607018E+000  1.0421736432446673E+000
  1.0401871923957380E+000  1.0381220622118734E+000  1.0359825225198835E+000  1.0337734171651947E+000  1.0315000214036580E+000
  1.0291603951263186E+000  1.0267715725999973E+000  1.0243286183518592E+000  1.0218358602418736E+000  1.0192980567003405E+000
  1.0167196695631238E+000  1.0141053279531438E+000  1.0114598568170969E+000  1.0087879360558751E+000  1.0060945087509376E+000
  1.0033848727939321E+000  1.0006581245918689E+000  9.9793857289168630E-001  9.9521151734701774E-001  9.9248818497689406E-001
  9.8977496074486593E-001  9.8707816351438404E-001  9.8440295353332063E-001  9.8175441902162763E-001  9.7913842165778286E-001
  9.7656035177788902E-001  9.7402497619331252E-001  9.7153817436828926E-001  9.6910461560273953E-001  9.6672879695641589E-001
  9.6442132993599516E-001  9.6218126908701118E-001  9.6001188881118060E-001  9.5791654976826401E-001  9.5589873838657546E-001
  9.5396247157704006E-001  9.5211115146866465E-001  9.5034860667044119E-001  9.4867823376169358E-001  9.4710311482349141E-001
  9.4562682161649225E-001  9.4425240867496241E-001  9.4298221212683853E-001  9.4181862081455314E-001  9.4076409762962232E-001
  9.3982094453177067E-001  9.3899123165187759E-001  9.3827678591038544E-001  9.3759040072382871E-001  9.3734871490676452E-001
  9.3683888806919446E-001  9.3659750748142845E-001  9.3647655316377021E-001  9.3647655316372125E-001  9.3659750748127157E-001
  9.3683888806893112E-001  9.3734871490656624E-001  9.3759040072358024E-001  9.3827678590983199E-001  9.3899123165121812E-001
  9.3982094453100407E-001  9.4076409762874857E-001  9.4181862081357970E-001  9.4298221212576072E-001  9.4425240867376825E-001
  9.4562682161516787E-001  9.4710311482203535E-001  9.4867823376011262E-001  9.5034860666870868E-001  9.5211115146690550E-001
  9.5396247157516945E-001  9.5589873838452466E-001  9.5791654976614982E-001  9.6001188880888710E-001  9.6218126908459656E-001
  9.6442132993352025E-001  9.6672879695381952E-001  9.6910461560003591E-001  9.7153817436548262E-001  9.7402497619039086E-001
  9.7656035177491185E-001  9.7913842165475740E-001  9.8175441901852789E-001  9.8440295353019780E-001  9.8707816351122646E-001
  9.8977496074163995E-001  9.9248818497365177E-001  9.9521151734378077E-001  9.9793857288842269E-001
BLOCK 150   9.7191991338119550E+000
  1.0006286913283537E+000  1.0034160181541840E+000  1.0061851779746567E+000  1.0089373400570818E+000  1.0116677801309144E+000
  1.0143719306908130E+000  1.0170440183643701E+000  1.0196783960218057E+000  1.0222708280160795E+000  1.0248185514077677E+000
  1.0273174512534091E+000  1.0297612792706019E+000  1.0321518616314920E+000  1.0344783250399390E+000  1.0367386952035114E+000
  1.0389264435191441E+000  1.0410356688998621E+000  1.0430644609870470E+000  1.0450103073428494E+000  1.0468690331738562E+000
  1.0486363971727928E+000  1.0503093325650561E+000  1.0518847701839849E+000  1.0533596297545063E+000  1.0547316527469415E+000
  1.0559980506170117E+000  1.0571556356609075E+000  1.0582029014105616E+000  1.0591388012403378E+000  1.0599611126233826E+000
  1.0606681542958216E+000  1.0612594884975457E+000  1.0617344239485886E+000  1.0622942359670460E+000  1.0624145058237298E+000
  1.0624742408707766E+000  1.0624742408708092E+000  1.0624145058238235E+000  1.0622942359671947E+000  1.0617344239489552E+000
  1.0612594884980193E+000  1.0606681542963949E+000  1.0599611126240636E+000  1.0591388012411247E+000  1.0582029014114660E+000
  1.0571556356619360E+000  1.0559980506181625E+000  1.0547316527482276E+000  1.0533596297559127E+000  1.0518847701855019E+000
  1.0503093325666737E+000  1.0486363971744972E+000  1.0468690331757198E+000  1.0450103073448676E+000  1.0430644609891335E+000
  1.0410356689021016E+000  1.0389264435214871E+000  1.0367386952060105E+000  1.0344783250425205E+000  1.0321518616341780E+000
  1.0297612792734170E+000  1.0273174512563468E+000  1.0248185514108188E+000  1.0222708280191892E+000  1.0196783960249391E+000
  1.0170440183675276E+000  1.0143719306940260E+000  1.0116677801342120E+000  1.0089373400604209E+000  1.0061851779780149E+000
  1.0034160181575644E+000  1.0006286913310021E+000  9.9784964606706150E-001  9.9506352535928511E-001  9.9228272336845380E-001
  9.8951318492536033E-001  9.8676015081395740E-001  9.8402867328181254E-001  9.8132484370221462E-001  9.7865497623295272E-001
  9.7602409320519334E-001  9.7343705111108680E-001  9.7089794548852559E-001  9.6841262810892725E-001  9.6599231434786026E-001
  9.6363598788199456E-001  9.6134805956703728E-001  9.5913224479930859E-001  9.5699249009455967E-001  9.5493211284902624E-001
  9.5295497475333890E-001  9.5106461890201621E-001  9.4926439349950764E-001  9.4755793540183486E-001  9.4594852758692061E-001
  9.4443948233934771E-001  9.4303409958158502E-001  9.4173524615980941E-001  9.4054582862728386E-001  9.3946880312946912E-001
  9.3850646387509340E-001  9.3758127390805823E-001  9.3721114141485362E-001  9.3631677092297416E-001  9.3582505258640447E-001
  9.3545516159964193E-001  9.3520817902771003E-001  9.3508455748291164E-001  9.3508455748286323E-001  9.3520817902757547E-001
  9.3545516159939890E-001  9.3582505258606952E-001  9.3631677092254328E-001  9.3721114141454898E-001  9.3758127390800683E-001
  9.3850646387437253E-001  9.3946880312861913E-001  9.4054582862629377E-001  9.4173524615868487E-001  9.4303409958032625E-001
  9.4443948233798103E-001  9.4594852758547709E-001  9.4755793540025268E-001  9.4926439349779645E-001  9.5106461890019245E-001
  9.5295497475138635E-001  9.5493211284693080E-001  9.5699249009236120E-001  9.5913224479698034E-001  9.6134805956455904E-001
  9.6363598787941052E-001  9.6599231434513000E-001  9.6841262810607587E-001  9.7089794548560271E-001  9.7343705110808887E-001
  9.7602409320210137E-001  9.7865497622980169E-001  9.8132484369900830E-001  9.8402867327854537E-001  9.8676015081069113E-001
  9.8951318492204698E-001  9.9228272336510892E-001  9.9506352535594755E-001  9.9784964606371251E-001
BLOCK 151   9.7844286581999782E+000
  1.0005970518684710E+000  1.0034460241749967E+000  1.0062763178691823E+000  1.0090890070376164E+000  1.0118785795146341E+000
  1.0146408447402435E+000  1.0173713138493052E+000  1.0200645890170452E+000  1.0227156177828256E+000  1.0253206743292136E+000
  1.0278747492727061E+000  1.0303737899340049E+000  1.0328167694811732E+000  1.0351957126379472E+000  1.0375052777155664E+000
  1.0397414882255862E+000  1.0418986302986468E+000  1.0439739391242953E+000  1.0459640339401042E+000  1.0478638143061558E+000
  1.0496697229891949E+000  1.0513794877117004E+000  1.0529904892038597E+000  1.0544991766405474E+000  1.0559022767017561E+000
  1.0571973336431586E+000  1.0583818871395134E+000  1.0594539056698677E+000  1.0604119182165597E+000  1.0612532511517863E+000
  1.0622345174931449E+000  1.0625396610226043E+000  1.0627842645618464E+000  1.0634269180989273E+000  1.0636696346890671E+000
  1.0637909252477358E+000  1.0637909252478006E+000  1.0636696346892560E+000  1.0634269180992209E+000  1.0627842645620706E+000
  1.0625396610210656E+000  1.0622345174934882E+000  1.0612532511525050E+000  1.0604119182174001E+000  1.0594539056708279E+000
  1.0583818871405932E+000  1.0571973336443661E+000  1.0559022767030632E+000  1.0544991766419860E+000  1.0529904892054600E+000
  1.0513794877133995E+000  1.0496697229909979E+000  1.0478638143080921E+000  1.0459640339421337E+000  1.0439739391264740E+000
  1.0418986303009456E+000  1.0397414882280172E+000  1.0375052777181648E+000  1.0351957126406284E+000  1.0328167694839792E+000
  1.0303737899368954E+000  1.0278747492756874E+000  1.0253206743322865E+000  1.0227156177859991E+000  1.0200645890203277E+000
  1.0173713138526599E+000  1.0146408447436563E+000  1.0118785795180667E+000  1.0090890070410363E+000  1.0062763178726093E+000
  1.0034460241784557E+000  1.0005970518711362E+000  9.9775771965651627E-001  9.9491133627713046E-001  9.9207121415510136E-001
  9.8924341744363420E-001  9.8643328438648537E-001  9.8364576129349357E-001  9.8088618023811780E-001  9.7815995934694466E-001
  9.7547351023168749E-001  9.7283226180409943E-001  9.7024034834499295E-001  9.6770624893049206E-001  9.6523579429561124E-001
  9.6283261494043304E-001  9.6049764883835254E-001  9.5823513081059042E-001  9.5604883258996676E-001  9.5394325894193377E-001
  9.5192287819856802E-001  9.4999160325381626E-001  9.4815267570362982E-001  9.4640952350176777E-001  9.4476576057542427E-001
  9.4322490698090433E-001  9.4179048541574251E-001  9.4046528031837384E-001  9.3925104130909753E-001  9.3814966141123635E-001
  9.3732923930494594E-001  9.3629487279792922E-001  9.3554701017531372E-001  9.3492159969177135E-001  9.3441983881567581E-001
  9.3404280944597096E-001  9.3379078472147137E-001  9.3366460089845060E-001  9.3366460089840875E-001  9.3379078472131782E-001
  9.3404280944574236E-001  9.3441983881536494E-001  9.3492159969134458E-001  9.3554701017478437E-001  9.3629487279729873E-001
  9.3732923930523293E-001  9.3814966141037326E-001  9.3925104130814119E-001  9.4046528031730192E-001  9.4179048541451038E-001
  9.4322490697955397E-001  9.4476576057394412E-001  9.4640952350014529E-001  9.4815267570188544E-001  9.4999160325195942E-001
  9.5192287819656352E-001  9.5394325893980803E-001  9.5604883258766571E-001  9.5823513080817679E-001  9.6049764883578947E-001
  9.6283261493778860E-001  9.6523579429284545E-001  9.6770624892764245E-001  9.7024034834201889E-001  9.7283226180091131E-001
  9.7547351022845574E-001  9.7815995934359368E-001  9.8088618023471386E-001  9.8364576129012016E-001  9.8643328438309419E-001
  9.8924341744020750E-001  9.9207121415162436E-001  9.9491133627364947E-001  9.9775771965305060E-001
BLOCK 152   9.8496581825880014E+000
  1.0005644699301119E+000  1.0034734481469965E+000  1.0063644123403377E+000  1.0092389708223635E+000  1.0120909449950310E+000
  1.0149150666166336E+000  1.0177065098152009E+000  1.0204597044855943E+000  1.0231697266680271E+000  1.0258320736698550E+000
  1.0284417716969174E+000  1.0309961863001318E+000  1.0334928905160867E+000  1.0359247497933737E+000  1.0382857770840690E+000
  1.0405715196230099E+000  1.0427778492446700E+000  1.0449001402756450E+000  1.0469349823739604E+000  1.0488780295665874E+000
  1.0507253981905249E+000  1.0524745619311586E+000  1.0541221690595997E+000  1.0556646649539163E+000  1.0570995395398759E+000
  1.0584244858855096E+000  1.0596365745891501E+000  1.0607328472103825E+000  1.0617109244082488E+000  1.0625358489953647E+000
  1.0633081004018572E+000  1.0639253531918853E+000  1.0644203073937935E+000  1.0647922984051899E+000  1.0650406188725567E+000
  1.0651646936372317E+000  1.0651646936372949E+000  1.0650406188727308E+000  1.0647922984054738E+000  1.0644203073942120E+000
  1.0639253531924362E+000  1.0633081004025260E+000  1.0625358489936858E+000  1.0617109244091223E+000  1.0607328472113875E+000
  1.0596365745903067E+000  1.0584244858867684E+000  1.0570995395412324E+000  1.0556646649554040E+000  1.0541221690612081E+000
  1.0524745619329019E+000  1.0507253981924083E+000  1.0488780295685811E+000  1.0469349823761123E+000  1.0449001402779299E+000
  1.0427778492470243E+000  1.0405715196254675E+000  1.0382857770867275E+000  1.0359247497961104E+000  1.0334928905190341E+000
  1.0309961863031825E+000  1.0284417717000189E+000  1.0258320736730440E+000  1.0231697266713085E+000  1.0204597044889445E+000
  1.0177065098186173E+000  1.0149150666201241E+000  1.0120909449985693E+000  1.0092389708259335E+000  1.0063644123439393E+000
  1.0034734481505827E+000  1.0005644699327829E+000  9.9766542989223417E-001  9.9475874525228336E-001  9.9185756614773946E-001
  9.8896817582232999E-001  9.8609708445241107E-001  9.8325036724370729E-001  9.8043296135033686E-001  9.7765065187877931E-001
  9.7490961399688902E-001  9.7221397962965872E-001  9.6957018693641739E-001  9.6698316381759475E-001  9.6446210403042343E-001
  9.6200812399209434E-001  9.5962435286817838E-001  9.5731434030333618E-001  9.5508237842565502E-001  9.5293224240718410E-001
  9.5086813320759112E-001  9.4889440967592242E-001  9.4701563858978655E-001  9.4523601658598544E-001  9.4355875944643375E-001
  9.4198635269437614E-001  9.4052132992583060E-001  9.3916626531685399E-001  9.3771608814832708E-001  9.3679635887196555E-001
  9.3578744378263856E-001  9.3490006479129828E-001  9.3413635675831797E-001  9.3349762953912274E-001  9.3298522431063569E-001
  9.3260028174977960E-001  9.3234350503287322E-001  9.3221480686598757E-001  9.3221480686592240E-001  9.3234350503274044E-001
  9.3260028174955167E-001  9.3298522431027253E-001  9.3349762953864790E-001  9.3413635675776752E-001  9.3490006479066201E-001
  9.3578744378188727E-001  9.3679635887109380E-001  9.3771608814780405E-001  9.3916626531577052E-001  9.4052132992462356E-001
  9.4198635269303121E-001  9.4355875944493472E-001  9.4523601658435574E-001  9.4701563858800486E-001  9.4889440967397665E-001
  9.5086813320550889E-001  9.5293224240495777E-001  9.5508237842330479E-001  9.5731434030088847E-001  9.5962435286565528E-001
  9.6200812398936875E-001  9.6446210402753119E-001  9.6698316381459448E-001  9.6957018693328734E-001  9.7221397962644041E-001
  9.7490961399351206E-001  9.7765065187537592E-001  9.8043296134682245E-001  9.8325036724015502E-001  9.8609708444882871E-001
  9.8896817581870722E-001  9.9185756614428522E-001  9.9475874524873831E-001  9.9766542988869933E-001
BLOCK 153   9.9148877069760246E+000
  1.0005300565764568E+000  1.0035029632730945E+000  1.0064564920000516E+000  1.0093930180106372E+000  1.0123069896546431E+000
  1.0151932281598373E+000  1.0180462441066223E+000  1.0208601525399226E+000  1.0236295548720211E+000  1.0263486303958151E+000
  1.0290147329451409E+000  1.0316333932435862E+000  1.0341848871578316E+000  1.0366679026503303E+000  1.0390809194273110E+000
  1.0414178080322498E+000  1.0436737463358234E+000  1.0458441171114383E+000  1.0479247048133913E+000  1.0499123144606253E+000
  1.0518032413652274E+000  1.0535937474375610E+000  1.0552801318681886E+000  1.0568585655407301E+000  1.0583260416049534E+000
  1.0596798670576328E+000  1.0609171433041777E+000  1.0622636860162584E+000  1.0627708564140657E+000  1.0639116918442271E+000
  1.0646682437432973E+000  1.0653010517543604E+000  1.0658083515697583E+000  1.0661894440312700E+000  1.0664438126635447E+000
  1.0665710435973179E+000  1.0665710435973916E+000  1.0664438126637543E+000  1.0661894440315958E+000  1.0658083515701997E+000
  1.0653010517549308E+000  1.0646682437440067E+000  1.0639116918450464E+000  1.0627708564145755E+000  1.0622636860168284E+000
  1.0609171433053490E+000  1.0596798670589231E+000  1.0583260416063789E+000  1.0568585655422833E+000  1.0552801318698806E+000
  1.0535937474393957E+000  1.0518032413671448E+000  1.0499123144626432E+000  1.0479247048155784E+000  1.0458441171137765E+000
  1.0436737463382739E+000  1.0414178080348795E+000  1.0390809194300881E+000  1.0366679026532064E+000  1.0341848871607890E+000
  1.0316333932466510E+000  1.0290147329483734E+000  1.0263486303991654E+000  1.0236295548754544E+000  1.0208601525433791E+000
  1.0180462441101319E+000  1.0151932281634031E+000  1.0123069896582513E+000  1.0093930180142687E+000  1.0064564920037071E+000
  1.0035029632767780E+000  1.0005300565792665E+000  9.9756783339336585E-001  9.9459860996072424E-001  9.9163618363503059E-001
  9.8868631185561873E-001  9.8575505604019698E-001  9.8284785448305689E-001  9.7997063901996517E-001  9.7713036958282840E-001
  9.7433205922235511E-001  9.7158065388088899E-001  9.6888236583838250E-001  9.6624121825380693E-001  9.6366856586869221E-001
  9.6116312824055161E-001  9.5872894223394800E-001  9.5636941547288168E-001  9.5408990441297847E-001  9.5189529295685316E-001
  9.4978954922939107E-001  9.4777629226749394E-001  9.4585902777319752E-001  9.4404125127791871E-001  9.4232632142298023E-001
  9.4071764197105934E-001  9.3921858488844578E-001  9.3767036142769067E-001  9.3656178569111537E-001  9.3541055667133899E-001
  9.3438135857285698E-001  9.3347635875234436E-001  9.3269722164118241E-001  9.3204517783331198E-001  9.3152161030308545E-001
  9.3112800160588294E-001  9.3086503360984862E-001  9.3073338617872325E-001  9.3073338617866330E-001  9.3086503360966877E-001
  9.3112800160561937E-001  9.3152161030270308E-001  9.3204517783282959E-001  9.3269722164062563E-001  9.3347635875168800E-001
  9.3438135857208215E-001  9.3541055667047068E-001  9.3656178569009385E-001  9.3767036142709936E-001  9.3921858488723742E-001
  9.4071764196970142E-001  9.4232632142147277E-001  9.4404125127624872E-001  9.4585902777136788E-001  9.4777629226552307E-001
  9.4978954922730763E-001  9.5189529295462305E-001  9.5408990441057306E-001  9.5636941547031828E-001  9.5872894223126170E-001
  9.6116312823772232E-001  9.6366856586572380E-001  9.6624121825071252E-001  9.6888236583514686E-001  9.7158065387753734E-001
  9.7433205921885846E-001  9.7713036957928368E-001  9.7997063901642578E-001  9.8284785447942025E-001  9.8575505603653335E-001
  9.8868631185195477E-001  9.9163618363126582E-001  9.9459860995699356E-001  9.9756783338960286E-001
BLOCK 154   9.9801172313640478E+000
  1.0004941235738101E+000  1.0035318615062856E+000  1.0065500415380721E+000  1.0095508333622123E+000  1.0125282287592083E+000
  1.0154757995517238E+000  1.0183877554362568E+000  1.0212608972174795E+000  1.0240919675301601E+000  1.0268736579919355E+000
  1.0296018706464976E+000  1.0322767228899639E+000  1.0348875485063134E+000  1.0374283770700834E+000  1.0398964951929415E+000
  1.0422851690562194E+000  1.0445893795960621E+000  1.0468077592326763E+000  1.0489365958332579E+000  1.0509708984177588E+000
  1.0529061912363844E+000  1.0547378050917531E+000  1.0564619518456733E+000  1.0580753812625285E+000  1.0595746387261673E+000
  1.0609572523653428E+000  1.0623572766865301E+000  1.0633651707430460E+000  1.0643874232259110E+000  1.0652862816766993E+000
  1.0660600596730965E+000  1.0667069624584988E+000  1.0672259024584119E+000  1.0676163949191728E+000  1.0678777976584553E+000
  1.0680089766453489E+000  1.0680089766454197E+000  1.0678777976586706E+000  1.0676163949195205E+000  1.0672259024588848E+000
  1.0667069624591128E+000  1.0660600596738370E+000  1.0652862816775472E+000  1.0643874232268808E+000  1.0633651707441332E+000
  1.0623572766871838E+000  1.0609572523667026E+000  1.0595746387276346E+000  1.0580753812641022E+000  1.0564619518474010E+000
  1.0547378050936207E+000  1.0529061912383739E+000  1.0509708984199024E+000  1.0489365958355710E+000  1.0468077592350997E+000
  1.0445893795985957E+000  1.0422851690588906E+000  1.0398964951957579E+000  1.0374283770730732E+000  1.0348875485093834E+000
  1.0322767228931589E+000  1.0296018706498093E+000  1.0268736579953497E+000  1.0240919675336690E+000  1.0212608972210602E+000
  1.0183877554398999E+000  1.0154757995554173E+000  1.0125282287629460E+000  1.0095508333659851E+000  1.0065500415418556E+000
  1.0035318615101312E+000  1.0004941235766225E+000  9.9746805930488180E-001  9.9443502627931801E-001  9.9140917901101111E-001
  9.8839692937844370E-001  9.8540412720130410E-001  9.8243633033347300E-001  9.7949996060181999E-001  9.7660013538876345E-001
  9.7374056127965136E-001  9.7092927282965724E-001  9.6817380624795923E-001  9.6548060992899909E-001  9.6285432036609486E-001
  9.6029570887925420E-001  9.5781060048680133E-001  9.5540342715010407E-001  9.5307787395417054E-001  9.5083831311676759E-001
  9.4868830412045779E-001  9.4663178446747298E-001  9.4467288569300090E-001  9.4281527460078662E-001  9.4106253177916122E-001
  9.3941826002485951E-001  9.3769817181615789E-001  9.3646830351513932E-001  9.3517026329926756E-001  9.3399480240331922E-001
  9.3294418063413853E-001  9.3202065978975346E-001  9.3122568208775536E-001  9.3056054833539548E-001  9.3002666493643971E-001
  9.2962508988488346E-001  9.2935680510466234E-001  9.2922246314778711E-001  9.2922246314772483E-001  9.2935680510449536E-001
  9.2962508988461745E-001  9.3002666493608721E-001  9.3056054833490820E-001  9.3122568208713408E-001  9.3202065978904891E-001
  9.3294418063335094E-001  9.3399480240240196E-001  9.3517026329824871E-001  9.3646830351395127E-001  9.3769817181546178E-001
  9.3941826002346218E-001  9.4106253177763777E-001  9.4281527459915082E-001  9.4467288569119701E-001  9.4663178446549878E-001
  9.4868830411831950E-001  9.5083831311447375E-001  9.5307787395169541E-001  9.5540342714747217E-001  9.5781060048402877E-001
  9.6029570887632953E-001  9.6285432036301410E-001  9.6548060992576201E-001  9.6817380624463556E-001  9.7092927282622321E-001
  9.7374056127610553E-001  9.7660013538515811E-001  9.7949996059816657E-001  9.8243633032972189E-001  9.8540412719749637E-001
  9.8839692937460299E-001  9.9140917900715919E-001  9.9443502627541802E-001  9.9746805930101989E-001
BLOCK 155   1.0045346755752071E+001
  1.0004589561316286E+000  1.0035610479492769E+000  1.0066425659460481E+000  1.0097059110346458E+000  1.0127466852366855E+000
  1.0157592040141399E+000  1.0187365906485897E+000  1.0216741967008334E+000  1.0245671816835458E+000  1.0274093440541086E+000
  1.0301975339313925E+000  1.0329300970928421E+000  1.0355995804436751E+000  1.0381992631267190E+000  1.0407240613930113E+000
  1.0431691265173548E+000  1.0455287498085266E+000  1.0477995454044022E+000  1.0499772623523413E+000  1.0520557763606577E+000
  1.0540311955650596E+000  1.0559015325737471E+000  1.0576635745923375E+000  1.0593131455213438E+000  1.0608463419045777E+000
  1.0623762646649793E+000  1.0635535675853425E+000  1.0647248401879585E+000  1.0657713033988550E+000  1.0666913363026138E+000
  1.0674834151898491E+000  1.0681457550116031E+000  1.0686768044744397E+000  1.0690756290921781E+000  1.0693417264225660E+000
  1.0694748387341091E+000  1.0694748387341813E+000  1.0693417264227791E+000  1.0690756290925252E+000  1.0686768044749315E+000
  1.0681457550122357E+000  1.0674834151906201E+000  1.0666913363035304E+000  1.0657713033998892E+000  1.0647248401890896E+000
  1.0635535675866030E+000  1.0623762646657198E+000  1.0608463419060654E+000  1.0593131455229829E+000  1.0576635745941438E+000
  1.0559015325756977E+000  1.0540311955671300E+000  1.0520557763628722E+000  1.0499772623546939E+000  1.0477995454069042E+000
  1.0455287498111796E+000  1.0431691265201333E+000  1.0407240613959496E+000  1.0381992631297241E+000  1.0355995804469338E+000
  1.0329300970961510E+000  1.0301975339347800E+000  1.0274093440575804E+000  1.0245671816871145E+000  1.0216741967045091E+000
  1.0187365906523418E+000  1.0157592040179779E+000  1.0127466852405957E+000  1.0097059110385886E+000  1.0066425659500382E+000
  1.0035610479532433E+000  1.0004589561344446E+000  9.9736794874617640E-001  9.9426986865557165E-001  9.9117959386904064E-001
  9.8810304716387043E-001  9.8504518566442389E-001  9.8201252944609230E-001  9.7901275021081158E-001  9.7605060402165122E-001
  9.7313126815586859E-001  9.7026265849488325E-001  9.6744854575984285E-001  9.6470185791442753E-001  9.6202115639467123E-001
  9.5941119425487953E-001  9.5687539715733660E-001  9.5441819813556916E-001  9.5204316592999816E-001  9.4975514501411451E-001
  9.4755875250652732E-001  9.4545788324951863E-001  9.4345646338597322E-001  9.4155831811710866E-001  9.3976735720373417E-001
  9.3780147058722818E-001  9.3652111278176453E-001  9.3507406985975583E-001  9.3374943103745944E-001  9.3254955256590377E-001
  9.3147713747978456E-001  9.3053395098177549E-001  9.2972198119523741E-001  9.2904313056264043E-001  9.2849883518326581E-001
  9.2809006492732082E-001  9.2781729086976616E-001  9.2768080682150666E-001  9.2768080682144505E-001  9.2781729086958231E-001
  9.2809006492704749E-001  9.2849883518290710E-001  9.2904313056215726E-001  9.2972198119460925E-001  9.3053395098102187E-001
  9.3147713747892169E-001  9.3254955256493488E-001  9.3374943103637342E-001  9.3507406985857622E-001  9.3652111278042971E-001
  9.3780147058645791E-001  9.3976735720219629E-001  9.4155831811541013E-001  9.4345646338415634E-001  9.4545788324750901E-001
  9.4755875250435051E-001  9.4975514501177671E-001  9.5204316592746940E-001  9.5441819813284468E-001  9.5687539715446346E-001
  9.5941119425185672E-001  9.6202115639151675E-001  9.6470185791112273E-001  9.6744854575643580E-001  9.7026265849137949E-001
  9.7313126815232842E-001  9.7605060401776800E-001  9.7901275020696255E-001  9.8201252944223494E-001  9.8504518566049737E-001
  9.8810304715992692E-001  9.9117959386508314E-001  9.9426986865160749E-001  9.9736794874220502E-001
BLOCK 156   1.0110576280140094E+001
  1.0002317723769774E+000  1.0035873900597019E+000  1.0067347874663455E+000  1.0098646946663024E+000  1.0129715383857671E+000
  1.0160493351318116E+000  1.0190916578193858E+000  1.0220932648444117E+000  1.0250486745491438E+000  1.0279533592864758E+000
  1.0308036898552593E+000  1.0335982983251237E+000  1.0363280254201255E+000  1.0389873275265704E+000  1.0415699268451939E+000
  1.0440711583972206E+000  1.0464857031894474E+000  1.0488081893762833E+000  1.0510347255232664E+000  1.0531604441043767E+000
  1.0551807599055598E+000  1.0570928619251234E+000  1.0588932043539103E+000  1.0605773458685097E+000  1.0623159639491857E+000
  1.0635887094036234E+000  1.0649137008187433E+000  1.0661138771257535E+000  1.0671860438380802E+000  1.0681277466231498E+000
  1.0689376245978786E+000  1.0696145586598624E+000  1.0701574809449050E+000  1.0705655690770628E+000  1.0708380951281098E+000
  1.0709744859462864E+000  1.0709744859463628E+000  1.0708380951283314E+000  1.0705655690774398E+000  1.0701574809454282E+000
  1.0696145586605088E+000  1.0689376245986648E+000  1.0681277466240751E+000  1.0671860438391323E+000  1.0661138771269465E+000
  1.0649137008200791E+000  1.0635887094050869E+000  1.0623159639500366E+000  1.0605773458702159E+000  1.0588932043557548E+000
  1.0570928619271067E+000  1.0551807599077059E+000  1.0531604441066662E+000  1.0510347255257035E+000  1.0488081893788415E+000
  1.0464857031921140E+000  1.0440711584000983E+000  1.0415699268482133E+000  1.0389873275296824E+000  1.0363280254234535E+000
  1.0335982983285064E+000  1.0308036898587623E+000  1.0279533592901358E+000  1.0250486745528775E+000  1.0220932648482037E+000
  1.0190916578232516E+000  1.0160493351357631E+000  1.0129715383897717E+000  1.0098646946703635E+000  1.0067347874704395E+000
  1.0035873900638030E+000  1.0002317723785767E+000  9.9726435011409342E-001  9.9410073130731103E-001  9.9094407896134162E-001
  9.8780024778227082E-001  9.8467542120544982E-001  9.8157741966890566E-001  9.7851300086626813E-001  9.7548752733431698E-001
  9.7250817119222077E-001  9.6958000851658921E-001  9.6670892007416376E-001  9.6390631961905782E-001  9.6117105334518704E-001
  9.5850675501206739E-001  9.5591759171222968E-001  9.5340768856739566E-001  9.5098199101266079E-001  9.4864504786206205E-001
  9.4640146559121230E-001  9.4425499305566585E-001  9.4220959630962975E-001  9.4027008207044183E-001  9.3844025469518644E-001
  9.3672388101199322E-001  9.3512532709080753E-001  9.3364876080177872E-001  9.3229688567783864E-001  9.3107272789639217E-001
  9.2997844637357618E-001  9.2901637662524161E-001  9.2818824923706056E-001  9.2749577055982446E-001  9.2694023750492860E-001
  9.2652248043896568E-001  9.2624328191527894E-001  9.2610342379528499E-001  9.2610342379523036E-001  9.2624328191511229E-001
  9.2652248043867125E-001  9.2694023750449805E-001  9.2749577055927923E-001  9.2818824923641630E-001  9.2901637662448489E-001
  9.2997844637269012E-001  9.3107272789538920E-001  9.3229688567672275E-001  9.3364876080053383E-001  9.3512532708946916E-001
  9.3672388101080928E-001  9.3844025469356873E-001  9.4027008206869023E-001  9.4220959630772527E-001  9.4425499305361449E-001
  9.4640146558895832E-001  9.4864504785965142E-001  9.5098199101008762E-001  9.5340768856464253E-001  9.5591759170930535E-001
  9.5850675500900340E-001  9.6117105334196673E-001  9.6390631961575224E-001  9.6670892007065723E-001  9.6958000851292703E-001
  9.7250817118845490E-001  9.7548752733040334E-001  9.7851300086229387E-001  9.8157741966491230E-001  9.8467542120136131E-001
  9.8780024777814424E-001  9.9094407895725767E-001  9.9410073130322574E-001  9.9726435010998626E-001
BLOCK 157   1.0175805804528117E+001
  1.0002115955942028E+000  1.0036148033391952E+000  1.0068308599702736E+000  1.0100287239966186E+000  1.0132017385067935E+000
  1.0163441475354709E+000  1.0194513192627686E+000  1.0225180069075350E+000  1.0255385661237102E+000  1.0285070185858036E+000
  1.0314264911437707E+000  1.0342823817049169E+000  1.0370738759122939E+000  1.0397929846987262E+000  1.0424337067949005E+000
  1.0449906147142498E+000  1.0474589764091480E+000  1.0498336846522085E+000  1.0521101273864042E+000  1.0542842094197389E+000
  1.0563510212943568E+000  1.0583064527140962E+000  1.0601475028917524E+000  1.0618704507759653E+000  1.0634721779750285E+000
  1.0649517664487436E+000  1.0663060273534193E+000  1.0675317821578081E+000  1.0686271457101826E+000  1.0695907897042150E+000
  1.0704206686597666E+000  1.0711146409676833E+000  1.0716709823714494E+000  1.0720887109431037E+000  1.0723674163036261E+000
  1.0725068333953747E+000  1.0725068333954415E+000  1.0723674163038450E+000  1.0720887109434820E+000  1.0716709823719692E+000
  1.0711146409683490E+000  1.0704206686605846E+000  1.0695907897051864E+000  1.0686271457112937E+000  1.0675317821590551E+000
  1.0663060273548064E+000  1.0649517664502586E+000  1.0634721779766820E+000  1.0618704507777532E+000  1.0601475028936804E+000
  1.0583064527161461E+000  1.0563510212965179E+000  1.0542842094220790E+000  1.0521101273889133E+000  1.0498336846548240E+000
  1.0474589764119351E+000  1.0449906147172134E+000  1.0424337067979716E+000  1.0397929847019916E+000  1.0370738759157057E+000
  1.0342823817084479E+000  1.0314264911473576E+000  1.0285070185895688E+000  1.0255385661275549E+000  1.0225180069114586E+000
  1.0194513192668095E+000  1.0163441475395580E+000  1.0132017385109056E+000  1.0100287240007531E+000  1.0068308599744256E+000
  1.0036148033433940E+000  1.0002115955958373E+000  9.9715319139114089E-001  9.9392085498006721E-001  9.9069627782692327E-001
  9.8748560490179915E-001  9.8429610118946820E-001  9.8113437182415608E-001  9.7800545845005893E-001  9.7491633061187344E-001
  9.7187412530672201E-001  9.6888412180589067E-001  9.6595308981268813E-001  9.6309179638258025E-001  9.6029926978072944E-001
  9.5757837954353320E-001  9.5493437822072935E-001  9.5237134488014730E-001  9.4989393448263137E-001  9.4750696793777611E-001
  9.4521483186042177E-001  9.4302174961653329E-001  9.4093225929567170E-001  9.3895087677183431E-001  9.3728314002418278E-001
  9.3532894006357570E-001  9.3369773196600592E-001  9.3219150125677519E-001  9.3081291224553908E-001  9.2956445085341011E-001
  9.2844861518659205E-001  9.2746711114870717E-001  9.2662195776440470E-001  9.2591480109254010E-001  9.2534726154584968E-001
  9.2492058749545569E-001  9.2463565767662637E-001  9.2449307018788129E-001  9.2449307018781690E-001  9.2463565767644507E-001
  9.2492058749513928E-001  9.2534726154537172E-001  9.2591480109198265E-001  9.2662195776373668E-001  9.2746711114792024E-001
  9.2844861518568245E-001  9.2956445085235995E-001  9.3081291224434048E-001  9.3219150125549211E-001  9.3369773196459560E-001
  9.3532894006200562E-001  9.3728314002465096E-001  9.3895087676997557E-001  9.4093225929367708E-001  9.4302174961438467E-001
  9.4521483185810717E-001  9.4750696793529110E-001  9.4989393448002590E-001  9.5237134487741093E-001  9.5493437821783411E-001
  9.5757837954043157E-001  9.6029926977743840E-001  9.6309179637912368E-001  9.6595308980906747E-001  9.6888412180212269E-001
  9.7187412530280970E-001  9.7491633060790373E-001  9.7800545844597908E-001  9.8113437182003149E-001  9.8429610118529043E-001
  9.8748560489755344E-001  9.9069627782266745E-001  9.9392085497579830E-001  9.9715319138684166E-001
BLOCK 158   1.0241035328916141E+001
  1.0001895792651838E+000  1.0036387551185908E+000  1.0069243388327327E+000  1.0101914504628249E+000  1.0134334887988650E+000
  1.0166438142420124E+000  1.0198172341155956E+000  1.0229499744025001E+000  1.0260385579490074E+000  1.0290755439410431E+000
  1.0320616518472729E+000  1.0349844104735881E+000  1.0378401391141929E+000  1.0406186881496717E+000  1.0433150804622513E+000
  1.0459271776896553E+000  1.0484501909330843E+000  1.0508783024488775E+000  1.0532062731782950E+000  1.0554295464452594E+000
  1.0575435635800725E+000  1.0595438795584118E+000  1.0614267918096205E+000  1.0631888378538945E+000  1.0648293075494675E+000
  1.0663432446022425E+000  1.0677286108983091E+000  1.0689824976301847E+000  1.0701026738747363E+000  1.0710876554331759E+000
  1.0719355707887821E+000  1.0726446041353290E+000  1.0732138845651125E+000  1.0736425695283827E+000  1.0739294174966787E+000
  1.0740732314021098E+000  1.0740732314021797E+000  1.0739294174969052E+000  1.0736425695287724E+000  1.0732138845656509E+000
  1.0726446041360165E+000  1.0719355707896305E+000  1.0710876554341811E+000  1.0701026738758983E+000  1.0689824976315028E+000
  1.0677286108997672E+000  1.0663432446038257E+000  1.0648293075511654E+000  1.0631888378548071E+000  1.0614267918116089E+000
  1.0595438795605219E+000  1.0575435635823309E+000  1.0554295464476899E+000  1.0532062731808547E+000  1.0508783024515904E+000
  1.0484501909359891E+000  1.0459271776926959E+000  1.0433150804654305E+000  1.0406186881529800E+000  1.0378401391176699E+000
  1.0349844104772088E+000  1.0320616518510040E+000  1.0290755439449191E+000  1.0260385579529920E+000  1.0229499744065760E+000
  1.0198172341197385E+000  1.0166438142461915E+000  1.0134334888031231E+000  1.0101914504671627E+000  1.0069243388370883E+000
  1.0036387551229524E+000  1.0001895792668063E+000  9.9703742381251204E-001  9.9373582046152054E-001  9.9044230409498801E-001
  9.8716377095860652E-001  9.8390767385299227E-001  9.8067999081875856E-001  9.7748608817931404E-001  9.7433211517737917E-001
  9.7122528863104218E-001  9.6817321884169705E-001  9.6518312047202881E-001  9.6226039550776543E-001  9.5940632623673983E-001
  9.5662615161599285E-001  9.5392526682474266E-001  9.5130758577263885E-001  9.4877710129682347E-001  9.4633902313814244E-001
  9.4399778702676129E-001  9.4175766341646205E-001  9.3962333157932088E-001  9.3755726183546906E-001  9.3569134909505769E-001
  9.3390367674452890E-001  9.3223996570795065E-001  9.3070358130927144E-001  9.2929718939261441E-001  9.2802312216277949E-001
  9.2688407392257433E-001  9.2588259776984572E-001  9.2502036762653850E-001  9.2429920565443058E-001  9.2372036828034287E-001
  9.2328509882762932E-001  9.2299439540809303E-001  9.2284887121047021E-001  9.2284887121040438E-001  9.2299439540788997E-001
  9.2328509882730736E-001  9.2372036827990933E-001  9.2429920565385226E-001  9.2502036762581252E-001  9.2588259776899551E-001
  9.2688407392161165E-001  9.2802312216167526E-001  9.2929718939139161E-001  9.3070358130789599E-001  9.3223996570639733E-001
  9.3390367674285435E-001  9.3569134909325735E-001  9.3755726183439614E-001  9.3962333157725275E-001  9.4175766341428280E-001
  9.4399778702442805E-001  9.4633902313564333E-001  9.4877710129414639E-001  9.5130758576980445E-001  9.5392526682172507E-001
  9.5662615161279629E-001  9.5940632623339861E-001  9.6226039550425813E-001  9.6518312046837373E-001  9.6817321883788143E-001
  9.7122528862706614E-001  9.7433211517327967E-001  9.7748608817512173E-001  9.8067999081446011E-001  9.8390767384867617E-001
  9.8716377095424768E-001  9.9044230409059741E-001  9.9373582045715048E-001  9.9703742380814531E-001
BLOCK 159   1.0306264853304164E+001
  1.0001659076424361E+000  1.0036588157618356E+000  1.0070140528399976E+000  1.0103505369916483E+000  1.0136636553891942E+000
  1.0169472923866241E+000  1.0201940034153933E+000  1.0233984019826798E+000  1.0265552198118582E+000  1.0296589089304367E+000
  1.0327104192555554E+000  1.0356974748104844E+000  1.0386147076201564E+000  1.0414557840487666E+000  1.0442142702274302E+000
  1.0468867035229947E+000  1.0494667771977313E+000  1.0519475427107945E+000  1.0543254676345393E+000  1.0565975533447929E+000
  1.0587592014415423E+000  1.0608050885881601E+000  1.0626218611632114E+000  1.0645348334207247E+000  1.0662133368461852E+000
  1.0677628764481242E+000  1.0691805387992384E+000  1.0704638238951460E+000  1.0716102052317436E+000  1.0726178909471236E+000
  1.0734852947637852E+000  1.0742106176755182E+000  1.0747925567402681E+000  1.0752300133181707E+000  1.0755217977519198E+000
  1.0756675474286654E+000  1.0756675474287447E+000  1.0755217977521592E+000  1.0752300133185819E+000  1.0747925567408405E+000
  1.0742106176762496E+000  1.0734852947646794E+000  1.0726178909481709E+000  1.0716102052329317E+000  1.0704638238964916E+000
  1.0691805388007432E+000  1.0677628764497691E+000  1.0662133368479656E+000  1.0645348334226523E+000  1.0626218611624130E+000
  1.0608050885903462E+000  1.0587592014439080E+000  1.0565975533473102E+000  1.0543254676371925E+000  1.0519475427135969E+000
  1.0494667772006736E+000  1.0468867035261182E+000  1.0442142702307116E+000  1.0414557840521681E+000  1.0386147076236383E+000
  1.0356974748143268E+000  1.0327104192594123E+000  1.0296589089343906E+000  1.0265552198159138E+000  1.0233984019868776E+000
  1.0201940034196813E+000  1.0169472923909897E+000  1.0136636553936349E+000  1.0103505369961294E+000  1.0070140528444911E+000
  1.0036588157663322E+000  1.0001659076440552E+000  9.9691811548963849E-001  9.9354733459661693E-001  9.9018471894218807E-001
  9.8683663885279460E-001  9.8351019310307208E-001  9.8021295032837485E-001  9.7695118549770099E-001  9.7373090826029196E-001
  9.7056016291316360E-001  9.6744318590496958E-001  9.6439297485822506E-001  9.6140899722846462E-001  9.5849499861810761E-001
  9.5565468513463525E-001  9.5289382486016816E-001  9.5021745943819724E-001  9.4763093628586192E-001  9.4513983722284589E-001
  9.4274881900545315E-001  9.4046175597124859E-001  9.3828283297558601E-001  9.3621761858614727E-001  9.3427102988160893E-001
  9.3244730332201908E-001  9.3075000203344360E-001  9.2918216239809903E-001  9.2774702396466457E-001  9.2644723820654784E-001
  9.2528522760089815E-001  9.2426351227298553E-001  9.2338406046453780E-001  9.2264830206279913E-001  9.2205805096824400E-001
  9.2161441416359435E-001  9.2131824354436265E-001  9.2117004633533239E-001  9.2117004633525845E-001  9.2131824354414815E-001
  9.2161441416325796E-001  9.2205805096780336E-001  9.2264830206219717E-001  9.2338406046379851E-001  9.2426351227210135E-001
  9.2528522759984477E-001  9.2644723820535235E-001  9.2774702396332909E-001  9.2918216239659623E-001  9.3075000203181946E-001
  9.3244730332028192E-001  9.3427102987976041E-001  9.3621761858412456E-001  9.3828283297352510E-001  9.4046175596896975E-001
  9.4274881900302065E-001  9.4513983722023920E-001  9.4763093628309958E-001  9.5021745943527924E-001  9.5289382485706187E-001
  9.5565468513133534E-001  9.5849499861468568E-001  9.6140899722489082E-001  9.6439297485445297E-001  9.6744318590100564E-001
  9.7056016290909664E-001  9.7373090825609210E-001  9.7695118549341731E-001  9.8021295032401656E-001  9.8351019309866383E-001
  9.8683663884835526E-001  9.9018471893768822E-001  9.9354733459208111E-001  9.9691811548512366E-001
BLOCK 160   1.0371494377692187E+001
  1.0001401502767071E+000  1.0036769915488883E+000  1.0071057497995870E+000  1.0105160764573995E+000  1.0139025863989581E+000
  1.0172588635628035E+000  1.0205777020592051E+000  1.0238537090216477E+000  1.0270803974391824E+000  1.0302532987250419E+000
  1.0333714396494103E+000  1.0364249658583067E+000  1.0394065182959946E+000  1.0423106467932377E+000  1.0451311439071269E+000
  1.0478626175147447E+000  1.0505002421662082E+000  1.0530378042672195E+000  1.0554703850633893E+000  1.0577941301835159E+000
  1.0600034739424966E+000  1.0622874612685738E+000  1.0640614294291089E+000  1.0659065143519932E+000  1.0676244520876741E+000
  1.0692108531687738E+000  1.0706621343442690E+000  1.0719758633581959E+000  1.0731496987873959E+000  1.0741811729374859E+000
  1.0750683343029348E+000  1.0758095417007689E+000  1.0764036690155210E+000  1.0768501117763385E+000  1.0771480463180996E+000
  1.0772969075297052E+000  1.0772969075297940E+000  1.0771480463183707E+000  1.0768501117767797E+000  1.0764036690161174E+000
  1.0758095417015281E+000  1.0750683343038603E+000  1.0741811729385735E+000  1.0731496987886320E+000  1.0719758633595886E+000
  1.0706621343458163E+000  1.0692108531704703E+000  1.0676244520895466E+000  1.0659065143540152E+000  1.0640614294312318E+000
  1.0622874612697759E+000  1.0600034739449422E+000  1.0577941301860494E+000  1.0554703850661156E+000  1.0530378042700921E+000
  1.0505002421691954E+000  1.0478626175179042E+000  1.0451311439104918E+000  1.0423106467967080E+000  1.0394065182996768E+000
  1.0364249658621638E+000  1.0333714396533940E+000  1.0302532987291304E+000  1.0270803974434410E+000  1.0238537090260122E+000
  1.0205777020636193E+000  1.0172588635672766E+000  1.0139025864035018E+000  1.0105160764620023E+000  1.0071057498042457E+000
  1.0036769915535557E+000  1.0001401502783387E+000  9.9679244646374421E-001  9.9335085089515940E-001  9.8991761144771073E-001
  9.8649887126919300E-001  9.8310243313627566E-001  9.7973585275105135E-001  9.7640510085769516E-001  9.7311740006667169E-001
  9.6987889286057705E-001  9.6669586657991169E-001  9.6358102745629404E-001  9.6053358164160152E-001  9.5755712562786577E-001
  9.5465635111191349E-001  9.5183654446022226E-001  9.4910308890688400E-001  9.4646086352477310E-001  9.4391517011912285E-001
  9.4147145644326058E-001  9.3913459138703659E-001  9.3690994727845311E-001  9.3480215589939242E-001  9.3281687590845752E-001
  9.3095707126766192E-001  9.2922594170535888E-001  9.2762670561315108E-001  9.2616258906299143E-001  9.2483667755083254E-001
  9.2365145239882318E-001  9.2260924571660019E-001  9.2171224925017636E-001  9.2096206689593396E-001  9.2036010601977869E-001
  9.1990775111234013E-001  9.1960554297867059E-001  9.1945420540833367E-001  9.1945420540826395E-001  9.1960554297846864E-001
  9.1990775111200618E-001  9.2036010601927076E-001  9.2096206689525784E-001  9.2171224924936956E-001  9.2260924571562963E-001
  9.2365145239770308E-001  9.2483667754958176E-001  9.2616258906158699E-001  9.2762670561159732E-001  9.2922594170367678E-001
  9.3095707126586336E-001  9.3281687590649320E-001  9.3480215589731630E-001  9.3690994727854748E-001  9.3913459138468414E-001
  9.4147145644072783E-001  9.4391517011642978E-001  9.4646086352191938E-001  9.4910308890387374E-001  9.5183654445703403E-001
  9.5465635110854274E-001  9.5755712562436357E-001  9.6053358163791358E-001  9.6358102745245200E-001  9.6669586657590489E-001
  9.6987889285648465E-001  9.7311740006256531E-001  9.7640510085313481E-001  9.7973585274655328E-001  9.8310243313176970E-001
  9.8649887126465652E-001  9.8991761144312929E-001  9.9335085089052133E-001  9.9679244645908394E-001
BLOCK 161   1.0436723902080210E+001
  1.0001143339016478E+000  1.0036980344202648E+000  1.0072022563841276E+000  1.0106880143274362E+000  1.0141488174005397E+000
  1.0175776527411020E+000  1.0209681503148247E+000  1.0243149886556591E+000  1.0276126435314581E+000  1.0308566274762230E+000
  1.0340445932821634E+000  1.0371666725148734E+000  1.0402152653912131E+000  1.0431839818743869E+000  1.0460673914394805E+000
  1.0488596334230540E+000  1.0515556166429381E+000  1.0541500314539529E+000  1.0566370653575361E+000  1.0590122324081137E+000
  1.0612711105609578E+000  1.0634086736156645E+000  1.0654237594754954E+000  1.0673114826839589E+000  1.0690680580588996E+000
  1.0706895316327041E+000  1.0721733280447503E+000  1.0735172603039740E+000  1.0747185225789735E+000  1.0757740623999075E+000
  1.0766817194272806E+000  1.0774401828163114E+000  1.0780483530761260E+000  1.0785054506569227E+000  1.0788106822557830E+000
  1.0789633264306522E+000  1.0789633264307348E+000  1.0788106822560470E+000  1.0785054506573695E+000  1.0780483530767448E+000
  1.0774401828171039E+000  1.0766817194282439E+000  1.0757740624010301E+000  1.0747185225802740E+000  1.0735172603054506E+000
  1.0721733280463632E+000  1.0706895316344562E+000  1.0690680580608254E+000  1.0673114826860430E+000  1.0654237594777278E+000
  1.0634086736174568E+000  1.0612711105634101E+000  1.0590122324107538E+000  1.0566370653603250E+000  1.0541500314568950E+000
  1.0515556166460276E+000  1.0488596334263238E+000  1.0460673914429222E+000  1.0431839818780173E+000  1.0402152653950392E+000
  1.0371666725188426E+000  1.0340445932862659E+000  1.0308566274804483E+000  1.0276126435357915E+000  1.0243149886601093E+000
  1.0209681503193644E+000  1.0175776527457558E+000  1.0141488174052626E+000  1.0106880143321895E+000  1.0072022563888865E+000
  1.0036980344250117E+000  1.0001143339032463E+000  9.9666259535386270E-001  9.9314618901895702E-001  9.8963925257243279E-001
  9.8614908075433427E-001  9.8268312647962541E-001  9.7924692376537359E-001  9.7584655528622022E-001  9.7248907839321319E-001
  9.6918082094880820E-001  9.6592979427183590E-001  9.6274800644301350E-001  9.5963502090264718E-001  9.5659420759516600E-001
  9.5363131993130368E-001  9.5075148411608135E-001  9.4796006262841903E-001  9.4526208527734501E-001  9.4266245844889096E-001
  9.4016629123501005E-001  9.3765108634340899E-001  9.3550714378060029E-001  9.3335555717008989E-001  9.3132866599589936E-001
  9.2943060271352973E-001  9.2766490500934051E-001  9.2603462197570541E-001  9.2454236396346201E-001  9.2319072577004679E-001
  9.2198227083008955E-001  9.2091936972340416E-001  9.2000432455463477E-001  9.1923907830244234E-001  9.1862504423281210E-001
  9.1816350099672528E-001  9.1785536077487395E-001  9.1770094526470436E-001  9.1770094526460455E-001  9.1785536077461316E-001
  9.1816350099631305E-001  9.1862504423221680E-001  9.1923907830172102E-001  9.2000432455378833E-001  9.2091936972235511E-001
  9.2198227082890538E-001  9.2319072576873429E-001  9.2454236396200540E-001  9.2603462197410824E-001  9.2766490500760823E-001
  9.2943060271162281E-001  9.3132866599382347E-001  9.3335555716785190E-001  9.3550714377827304E-001  9.3765108634204075E-001
  9.4016629123240114E-001  9.4266245844611274E-001  9.4526208527438738E-001  9.4796006262530463E-001  9.5075148411278798E-001
  9.5363131992785855E-001  9.5659420759157354E-001  9.5963502089894481E-001  9.6274800643916603E-001  9.6592979426779724E-001
  9.6918082094457636E-001  9.7248907838890641E-001  9.7584655528175912E-001  9.7924692376077860E-001  9.8268312647501976E-001
  9.8614908074956298E-001  9.8963925256757190E-001  9.9314618901415974E-001  9.9666259534910862E-001
BLOCK 162   1.0501953426468233E+001
  1.0000890780956555E+000  1.0037204313545796E+000  1.0073007047343396E+000  1.0108619876099481E+000  1.0143977754860642E+000
  1.0179012911465199E+000  1.0213661674735863E+000  1.0247858920976887E+000  1.0281536974886940E+000  1.0314759882158209E+000
  1.0347312470722556E+000  1.0379214522295259E+000  1.0410382696425493E+000  1.0440739570915685E+000  1.0470221413367513E+000
  1.0498771450304931E+000  1.0526333108312154E+000  1.0552854545082277E+000  1.0578282503471581E+000  1.0602562442160690E+000
  1.0625414690640249E+000  1.0647532461958251E+000  1.0668146712018847E+000  1.0687454839476436E+000  1.0705419872263329E+000
  1.0722003032613738E+000  1.0737175363483726E+000  1.0750911928729783E+000  1.0763184375528236E+000  1.0773971450668136E+000
  1.0783260117679403E+000  1.0791034956754206E+000  1.0797275073601493E+000  1.0801963336153693E+000  1.0805091367555799E+000
  1.0806655814853539E+000  1.0806655814854407E+000  1.0805091367558477E+000  1.0801963336158236E+000  1.0797275073607868E+000
  1.0791034956762504E+000  1.0783260117689468E+000  1.0773971450679765E+000  1.0763184375541697E+000  1.0750911928745126E+000
  1.0737175363500722E+000  1.0722003032632301E+000  1.0705419872283153E+000  1.0687454839497779E+000  1.0668146712041797E+000
  1.0647532461982376E+000  1.0625414690630286E+000  1.0602562442187915E+000  1.0578282503500533E+000  1.0552854545112706E+000
  1.0526333108344639E+000  1.0498771450339091E+000  1.0470221413403165E+000  1.0440739570953335E+000  1.0410382696464533E+000
  1.0379214522336047E+000  1.0347312470764796E+000  1.0314759882201716E+000  1.0281536974931862E+000  1.0247858921022674E+000
  1.0213661674782515E+000  1.0179012911512544E+000  1.0143977754908453E+000  1.0108619876147655E+000  1.0073007047392344E+000
  1.0037204313595698E+000  1.0000890780972911E+000  9.9653244490280313E-001  9.9293962851959883E-001  9.8935684028274629E-001
  9.8579161992396214E-001  9.8225087837256020E-001  9.7874107568350499E-001  9.7526917052520867E-001  9.7184062145402561E-001
  9.6846052976325359E-001  9.6514614369290297E-001  9.6189499757011809E-001  9.5871435624529167E-001  9.5560813146976065E-001
  9.5258150974938816E-001  9.4963975619350594E-001  9.4678814799899025E-001  9.4403243331601727E-001  9.4137767645325210E-001
  9.3882914744487034E-001  9.3639207470485930E-001  9.3407350455372928E-001  9.3187798798182608E-001  9.2980980587945772E-001
  9.2787268737132012E-001  9.2607050828186044E-001  9.2440651699919729E-001  9.2288382879596353E-001  9.2150541459014412E-001
  9.2027385249514315E-001  9.1919109422458689E-001  9.1825879479159989E-001  9.1747864555817937E-001  9.1685232168207031E-001
  9.1638134628281021E-001  9.1606686293775719E-001  9.1590941269895532E-001  9.1590941269885862E-001  9.1606686293748751E-001
  9.1638134628235435E-001  9.1685232168143571E-001  9.1747864555738501E-001  9.1825879479066741E-001  9.1919109422350342E-001
  9.2027385249392168E-001  9.2150541458877122E-001  9.2288382879442077E-001  9.2440651699748289E-001  9.2607050827999915E-001
  9.2787268736931572E-001  9.2980980587730444E-001  9.3187798797953891E-001  9.3407350455127103E-001  9.3639207470262775E-001
  9.3882914744209967E-001  9.4137767645031767E-001  9.4403243331293951E-001  9.4678814799578137E-001  9.4963975619019791E-001
  9.5258150974592071E-001  9.5560813146609924E-001  9.5871435624146484E-001  9.6189499756613051E-001  9.6514614368877405E-001
  9.6846052975897934E-001  9.7184062144958450E-001  9.7526917052065787E-001  9.7874107567879387E-001  9.8225087836779301E-001
  9.8579161991918041E-001  9.8935684027786919E-001  9.9293962851470519E-001  9.9653244489789761E-001
BLOCK 163   1.0567182950856257E+001
  1.0000636975766752E+000  1.0037430532430252E+000  1.0074005804930009E+000  1.0110384739820777E+000  1.0146491911129645E+000
  1.0182264199503708E+000  1.0217660545647458E+000  1.0252628394391001E+000  1.0287082213407230E+000  1.0321044329334410E+000
  1.0354360030075731E+000  1.0386990127725519E+000  1.0418843239406888E+000  1.0449839384062050E+000  1.0479948599728255E+000
  1.0509129330914764E+000  1.0537316207347438E+000  1.0564442649573178E+000  1.0590448718242471E+000  1.0615282402642279E+000
  1.0638896899241999E+000  1.0661265370523936E+000  1.0682340859804609E+000  1.0702079166889800E+000  1.0720445196191675E+000
  1.0737404420161050E+000  1.0752922635536677E+000  1.0766973742374180E+000  1.0779530888498343E+000  1.0790569671197516E+000
  1.0800072862704173E+000  1.0808022294233093E+000  1.0814401358805830E+000  1.0819200199054391E+000  1.0822411400825216E+000
  1.0824023249789112E+000  1.0824023249790173E+000  1.0822411400828242E+000  1.0819200199059200E+000  1.0814401358812391E+000
  1.0808022294241628E+000  1.0800072862714707E+000  1.0790569671209891E+000  1.0779530888512383E+000  1.0766973742389838E+000
  1.0752922635554161E+000  1.0737404420180074E+000  1.0720445196212232E+000  1.0702079166912075E+000  1.0682340859828405E+000
  1.0661265370549091E+000  1.0638896899268737E+000  1.0615282402670734E+000  1.0590448718273051E+000  1.0564442649605179E+000
  1.0537316207381608E+000  1.0509129330950102E+000  1.0479948599765361E+000  1.0449839384100761E+000  1.0418843239447297E+000
  1.0386990127767328E+000  1.0354360030119087E+000  1.0321044329378832E+000  1.0287082213452894E+000  1.0252628394437719E+000
  1.0217660545695506E+000  1.0182264199552893E+000  1.0146491911179520E+000  1.0110384739870677E+000  1.0074005804980244E+000
  1.0037430532480776E+000  1.0000636975782435E+000  9.9640057518174652E-001  9.9273021349518809E-001  9.8907001937573680E-001
  9.8542649785549896E-001  9.8180627937705667E-001  9.7821835540061675E-001  9.7467076393277396E-001  9.7116802478499842E-001
  9.6772049369463475E-001  9.6433679779643378E-001  9.6102071986809789E-001  9.5777383237024694E-001  9.5460130538608656E-001
  9.5150821608579328E-001  9.4850178471360747E-001  9.4558820368869001E-001  9.4277285864095073E-001  9.4006153429152806E-001
  9.3746626238445241E-001  9.3497220938318171E-001  9.3260661430924019E-001  9.3036709626274228E-001  9.2825702728672299E-001
  9.2628076466742215E-001  9.2444197420708041E-001  9.2274413685940260E-001  9.2119034602745187E-001  9.1978363924649442E-001
  9.1852673249623695E-001  9.1742197756985644E-001  9.1647139381939380E-001  9.1567672172654690E-001  9.1503934144568111E-001
  9.1456019823536694E-001  9.1423999666084044E-001  9.1407971866559146E-001  9.1407971866551052E-001  9.1423999666056532E-001
  9.1456019823491808E-001  9.1503934144506582E-001  9.1567672172575165E-001  9.1647139381839582E-001  9.1742197756868316E-001
  9.1852673249489480E-001  9.1978363924500883E-001  9.2119034602581296E-001  9.2274413685761691E-001  9.2444197420513852E-001
  9.2628076466531417E-001  9.2825702728442583E-001  9.3036709626028113E-001  9.3260661430665237E-001  9.3497220938043868E-001
  9.3746626238541664E-001  9.4006153428855777E-001  9.4277285863782778E-001  9.4558820368542207E-001  9.4850178471015212E-001
  9.5150821608216962E-001  9.5460130538231514E-001  9.5777383236633584E-001  9.6102071986401472E-001  9.6433679779218973E-001
  9.6772049369022262E-001  9.7116802478045750E-001  9.7467076392811280E-001  9.7821835539589419E-001  9.8180627937221576E-001
  9.8542649785061631E-001  9.8907001937078098E-001  9.9273021349014945E-001  9.9640057517672165E-001
BLOCK 164   1.0632412471553085E+001
  1.0000177634226812E+000  1.0037645768281060E+000  1.0074985237812988E+000  1.0112143534968152E+000  1.0149047941049987E+000
  1.0185621273081789E+000  1.0221804798257315E+000  1.0257532535011231E+000  1.0292743425684441E+000  1.0327446149886381E+000
  1.0361507066669928E+000  1.0394854606956181E+000  1.0427423082134508E+000  1.0459135148017411E+000  1.0489939989283932E+000
  1.0519782657814738E+000  1.0548584747831431E+000  1.0576283662241788E+000  1.0602845166244053E+000  1.0626730500207979E+000
  1.0652391807773733E+000  1.0675274547365872E+000  1.0696827717035939E+000  1.0717010367605073E+000  1.0735787799544609E+000
  1.0753128095298248E+000  1.0768998522731921E+000  1.0783370005925312E+000  1.0796217569347224E+000  1.0807514822791242E+000
  1.0817240349786845E+000  1.0825374774776422E+000  1.0831898315962483E+000  1.0836797746085043E+000  1.0840067117740340E+000
  1.0841703371545865E+000  1.0841703371546858E+000  1.0840067117743384E+000  1.0836797746090134E+000  1.0831898315969588E+000
  1.0825374774785419E+000  1.0817240349797665E+000  1.0807514822803939E+000  1.0796217569361546E+000  1.0783370005941462E+000
  1.0768998522749915E+000  1.0753128095317848E+000  1.0735787799565972E+000  1.0717010367628379E+000  1.0696827717061101E+000
  1.0675274547392690E+000  1.0652391807801904E+000  1.0626730500205559E+000  1.0602845166275492E+000  1.0576283662275117E+000
  1.0548584747866225E+000  1.0519782657851173E+000  1.0489939989321191E+000  1.0459135148056595E+000  1.0427423082175999E+000
  1.0394854606998547E+000  1.0361507066714362E+000  1.0327446149932165E+000  1.0292743425732431E+000  1.0257532535060245E+000
  1.0221804798306715E+000  1.0185621273131986E+000  1.0149047941100777E+000  1.0112143535019531E+000  1.0074985237864824E+000
  1.0037645768332384E+000  1.0000177634255549E+000  9.9626426167307669E-001  9.9251224714672936E-001  9.8877084074207167E-001
  9.8504724068813709E-001  9.8134896739055633E-001  9.7768454448056841E-001  9.7405975095832842E-001  9.7048234098516739E-001
  9.6696057060906437E-001  9.6350574055254012E-001  9.6011941770332043E-001  9.5680426259916096E-001  9.5356507786248978E-001
  9.5040791098991617E-001  9.4733866933817357E-001  9.4436312128868227E-001  9.4148690852025230E-001  9.3871587545832247E-001
  9.3605764310200146E-001  9.3351928738350898E-001  9.3110582356129801E-001  9.2882091503830400E-001  9.2666861995574668E-001
  9.2465252949678334E-001  9.2277683330791327E-001  9.2104478829812364E-001  9.1945963158380661E-001  9.1802445617843631E-001
  9.1674206724363894E-001  9.1561485612524518E-001  9.1464497011200308E-001  9.1383437425874448E-001  9.1318469295637261E-001
  9.1269676091223972E-001  9.1237121763898010E-001  9.1220846913719578E-001  9.1220846913710918E-001  9.1237121763871054E-001
  9.1269676091176577E-001  9.1318469295573734E-001  9.1383437425789227E-001  9.1464497011097778E-001  9.1561485612404270E-001
  9.1674206724227125E-001  9.1802445617686557E-001  9.1945963158203559E-001  9.2104478829615621E-001  9.2277683330580262E-001
  9.2465252949454013E-001  9.2666861995337280E-001  9.2882091503579423E-001  9.3110582355865279E-001  9.3351928738071244E-001
  9.3605764309901962E-001  9.3871587545529656E-001  9.4148690851699568E-001  9.4436312128527000E-001  9.4733866933461286E-001
  9.5040791098617849E-001  9.5356507785861000E-001  9.5680426259511164E-001  9.6011941769911624E-001  9.6350574054818450E-001
  9.6696057060457263E-001  9.7048234098052766E-001  9.7405975095354980E-001  9.7768454447569841E-001  9.8134896738562005E-001
  9.8504724068314164E-001  9.8877084073704558E-001  9.9251224714165920E-001  9.9626426166797488E-001
BLOCK 165   1.0632412471553099E+001
  1.0000177634226812E+000  1.0037645768281060E+000  1.0074985237812988E+000  1.0112143534968152E+000  1.0149047941049987E+000
  1.0185621273081789E+000  1.0221804798257315E+000  1.0257532535011231E+000  1.0292743425684441E+000  1.0327446149886381E+000
  1.0361507066669928E+000  1.0394854606956181E+000  1.0427423082134508E+000  1.0459135148017411E+000  1.0489939989283932E+000
  1.0519782657814738E+000  1.0548584747831431E+000  1.0576283662241788E+000  1.0602845166244053E+000  1.0626730500207979E+000
  1.0652391807773733E+000  1.0675274547365872E+000  1.0696827717035939E+000  1.0717010367605073E+000  1.0735787799544609E+000
  1.0753128095298248E+000  1.0768998522731921E+000  1.0783370005925312E+000  1.0796217569347224E+000  1.0807514822791242E+000
  1.0817240349786845E+000  1.0825374774776422E+000  1.0831898315962483E+000  1.0836797746085043E+000  1.0840067117740340E+000
  1.0841703371545865E+000  1.0841703371546858E+000  1.0840067117743384E+000  1.0836797746090134E+000  1.0831898315969588E+000
  1.0825374774785419E+000  1.0817240349797665E+000  1.0807514822803939E+000  1.0796217569361546E+000  1.0783370005941462E+000
  1.0768998522749915E+000  1.0753128095317848E+000  1.0735787799565972E+000  1.0717010367628379E+000  1.0696827717061101E+000
  1.0675274547392690E+000  1.0652391807801904E+000  1.0626730500205559E+000  1.0602845166275492E+000  1.0576283662275117E+000
  1.0548584747866225E+000  1.0519782657851173E+000  1.0489939989321191E+000  1.0459135148056595E+000  1.0427423082175999E+000
  1.0394854606998547E+000  1.0361507066714362E+000  1.0327446149932165E+000  1.0292743425732431E+000  1.0257532535060245E+000
  1.0221804798306715E+000  1.0185621273131986E+000  1.0149047941100777E+000  1.0112143535019531E+000  1.0074985237864824E+000
  1.0037645768332384E+000  1.0000177634255549E+000  9.9626426167307669E-001  9.9251224714672936E-001  9.8877084074207167E-001
  9.8504724068813709E-001  9.8134896739055633E-001  9.7768454448056841E-001  9.7405975095832842E-001  9.7048234098516739E-001
  9.6696057060906437E-001  9.6350574055254012E-001  9.6011941770332043E-001  9.5680426259916096E-001  9.5356507786248978E-001
  9.5040791098991617E-001  9.4733866933817357E-001  9.4436312128868227E-001  9.4148690852025230E-001  9.3871587545832247E-001
  9.3605764310200146E-001  9.3351928738350898E-001  9.3110582356129801E-001  9.2882091503830400E-001  9.2666861995574668E-001
  9.2465252949678334E-001  9.2277683330791327E-001  9.2104478829812364E-001  9.1945963158380661E-001  9.1802445617843631E-001
  9.1674206724363894E-001  9.1561485612524518E-001  9.1464497011200308E-001  9.1383437425874448E-001  9.1318469295637261E-001
  9.1269676091223972E-001  9.1237121763898010E-001  9.1220846913719578E-001  9.1220846913710918E-001  9.1237121763871054E-001
  9.1269676091176577E-001  9.1318469295573734E-001  9.1383437425789227E-001  9.1464497011097778E-001  9.1561485612404270E-001
  9.1674206724227125E-001  9.1802445617686557E-001  9.1945963158203559E-001  9.2104478829615621E-001  9.2277683330580262E-001
  9.2465252949454013E-001  9.2666861995337280E-001  9.2882091503579423E-001  9.3110582355865279E-001  9.3351928738071244E-001
  9.3605764309901962E-001  9.3871587545529656E-001  9.4148690851699568E-001  9.4436312128527000E-001  9.4733866933461286E-001
  9.5040791098617849E-001  9.5356507785861000E-001  9.5680426259511164E-001  9.6011941769911624E-001  9.6350574054818450E-001
  9.6696057060457263E-001  9.7048234098052766E-001  9.7405975095354980E-001  9.7768454447569841E-001  9.8134896738562005E-001
  9.8504724068314164E-001  9.8877084073704558E-001  9.9251224714165920E-001  9.9626426166797488E-001
END
