# LSA profile bundle v1
WAVELENGTH   8.9759790099999996E+000
NZ 72
NBLOCKS 65
Z
  6.2333187569444441E-002  1.8699956270833332E-001  3.1166593784722224E-001  4.3633231298611108E-001  5.6099868812499998E-001
  6.8566506326388887E-001  8.1033143840277777E-001  9.3499781354166656E-001  1.0596641886805556E+000  1.1843305638194446E+000
  1.3089969389583331E+000  1.4336633140972221E+000  1.5583296892361111E+000  1.6829960643749999E+000  1.8076624395138887E+000
  1.9323288146527777E+000  2.0569951897916665E+000  2.1816615649305557E+000  2.3063279400694445E+000  2.4309943152083333E+000
  2.5556606903472221E+000  2.6803270654861109E+000  2.8049934406249997E+000  2.9296598157638889E+000  3.0543261909027777E+000
  3.1789925660416665E+000  3.3036589411805557E+000  3.4283253163194445E+000  3.5529916914583328E+000  3.6776580665972225E+000
  3.8023244417361113E+000  3.9269908168750001E+000  4.0516571920138880E+000  4.1763235671527772E+000  4.3009899422916664E+000
  4.4256563174305548E+000  4.5503226925694440E+000  4.6749890677083332E+000  4.7996554428472216E+000  4.9243218179861108E+000
  5.0489881931250000E+000  5.1736545682638884E+000  5.2983209434027776E+000  5.4229873185416668E+000  5.5476536936805552E+000
  5.6723200688194444E+000  5.7969864439583336E+000  5.9216528190972220E+000  6.0463191942361103E+000  6.1709855693749995E+000
  6.2956519445138888E+000  6.4203183196527771E+000  6.5449846947916663E+000  6.6696510699305556E+000  6.7943174450694439E+000
  6.9189838202083331E+000  7.0436501953472224E+000  7.1683165704861107E+000  7.2929829456249990E+000  7.4176493207638892E+000
  7.5423156959027766E+000  7.6669820710416667E+000  7.7916484461805551E+000  7.9163148213194443E+000  8.0409811964583326E+000
  8.1656475715972228E+000  8.2903139467361111E+000  8.4149803218749994E+000  8.5396466970138878E+000  8.6643130721527779E+000
  8.7889794472916662E+000  8.9136458224305564E+000
BLOCK 1   0.0000000000000000E+000
  1.0017440505057507E+000  1.0052188751433471E+000  1.0086539809795365E+000  1.0120232247855385E+000  1.0153009645829854E+000
  1.0184622547947160E+000  1.0214830360956226E+000  1.0243403185185760E+000  1.0270123564218747E+000  1.0294788139866231E+000
  1.0317209199836208E+000  1.0337216106364686E+000  1.0354656594846099E+000  1.0369397932651947E+000  1.0381327929323994E+000
  1.0390355790403822E+000  1.0396412808432856E+000  1.0399452885857117E+000  1.0399452885857114E+000  1.0396412808432851E+000
  1.0390355790403811E+000  1.0381327929323976E+000  1.0369397932651925E+000  1.0354656594846072E+000  1.0337216106364653E+000
  1.0317209199836170E+000  1.0294788139866191E+000  1.0270123564218701E+000  1.0243403185185709E+000  1.0214830360956171E+000
  1.0184622547947100E+000  1.0153009645829794E+000  1.0120232247855321E+000  1.0086539809795301E+000  1.0052188751433404E+000
  1.0017440505057440E+000  9.9825595257971544E-001  9.9478112789700324E-001  9.9134602197229971E-001  9.8797677803672690E-001
  9.8469903807284387E-001  9.8153774766286839E-001  9.7851696613795980E-001  9.7565968347209642E-001  9.7298764531440096E-001
  9.7052118749152683E-001  9.6827908124034545E-001  9.6627839034518104E-001  9.6453434127385584E-001  9.6306020729595709E-001
  9.6186720746326149E-001  9.6096442122659709E-001  9.6035871933569394E-001  9.6005471154859645E-001  9.6005471154859590E-001
  9.6035871933569272E-001  9.6096442122659498E-001  9.6186720746325893E-001  9.6306020729595387E-001  9.6453434127385174E-001
  9.6627839034517649E-001  9.6827908124034046E-001  9.7052118749152116E-001  9.7298764531439519E-001  9.7565968347209042E-001
  9.7851696613795358E-001  9.8153774766286217E-001  9.8469903807283765E-001  9.8797677803672090E-001  9.9134602197229371E-001
  9.9478112789699757E-001  9.9825595257970989E-001
BLOCK 2   5.7106200683999998E-002
  1.0017457213726186E+000  1.0052210805428350E+000  1.0086566569883240E+000  1.0120263469310617E+000  1.0153044990441373E+000
  1.0184661565901532E+000  1.0214872616873509E+000  1.0243448265397381E+000  1.0270171080154997E+000  1.0294837731588040E+000
  1.0317260537813824E+000  1.0337268891645732E+000  1.0354710557958589E+000  1.0369452831406136E+000  1.0381383545654757E+000
  1.0390411926455148E+000  1.0396469282029388E+000  1.0399509525524100E+000  1.0399509525524127E+000  1.0396469282029455E+000
  1.0390411926455263E+000  1.0381383545654894E+000  1.0369452831406305E+000  1.0354710557958786E+000  1.0337268891645937E+000
  1.0317260537814028E+000  1.0294837731588224E+000  1.0270171080155162E+000  1.0243448265397517E+000  1.0214872616873614E+000
  1.0184661565901592E+000  1.0153044990441400E+000  1.0120263469310600E+000  1.0086566569883197E+000  1.0052210805428288E+000
  1.0017457213726115E+000  9.9825676047023204E-001  9.9478129003597282E-001  9.9134552431124490E-001  9.8797557751694687E-001
  9.8469711100528801E-001  9.8153508361278519E-001  9.7851356543998580E-001  9.7565555711024288E-001  9.7298281513408458E-001
  9.7051568625627782E-001  9.6827295242220512E-001  9.6627168763811744E-001  9.6452712782700301E-001  9.6305255471099049E-001
  9.6185919460417302E-001  9.6095613288694148E-001  9.6035024481279552E-001  9.6004614316551151E-001  9.6004614316550840E-001
  9.6035024481278841E-001  9.6095613288692994E-001  9.6185919460415825E-001  9.6305255471096984E-001  9.6452712782697969E-001
  9.6627168763809212E-001  9.6827295242217781E-001  9.7051568625625240E-001  9.7298281513405938E-001  9.7565555711021867E-001
  9.7851356543996282E-001  9.8153508361276620E-001  9.8469711100527291E-001  9.8797557751693454E-001  9.9134552431123479E-001
  9.9478129003596483E-001  9.9825676047022616E-001
BLOCK 3   1.1421240136800000E-001
  1.0017506338631226E+000  1.0052280079413232E+000  1.0086651740578199E+000  1.0120362503526084E+000  1.0153156828471106E+000
  1.0184785009534494E+000  1.0215006323136095E+000  1.0243590924077846E+000  1.0270321462100873E+000  1.0294994698185298E+000
  1.0317423045972569E+000  1.0337435994603099E+000  1.0354881401886009E+000  1.0369626648448544E+000  1.0381559643967868E+000
  1.0390589677787867E+000  1.0396648107412929E+000  1.0399688879551896E+000  1.0399688879551947E+000  1.0396648107413076E+000
  1.0390589677788102E+000  1.0381559643968195E+000  1.0369626648448920E+000  1.0354881401886418E+000  1.0337435994603537E+000
  1.0317423045973024E+000  1.0294994698185704E+000  1.0270321462101264E+000  1.0243590924078179E+000  1.0215006323136375E+000
  1.0184785009534683E+000  1.0153156828471226E+000  1.0120362503526139E+000  1.0086651740578190E+000  1.0052280079413176E+000
  1.0017506338631148E+000  9.9825959290261845E-001  9.9478183410024279E-001  9.9134388903056347E-001  9.8797174091264772E-001
  9.8469098955474044E-001  9.8152663432910681E-001  9.7850278805165480E-001  9.7564248703184109E-001  9.7296752216436355E-001
  9.7049827449356296E-001  9.6825355958867920E-001  9.6625048351999043E-001  9.6450431188856622E-001  9.6302835297331635E-001
  9.6183385593057380E-001  9.6092992482546302E-001  9.6032344913330481E-001  9.6001905122687348E-001  9.6001905122686959E-001
  9.6032344913328993E-001  9.6092992482544060E-001  9.6183385593054060E-001  9.6302835297327716E-001  9.6450431188852292E-001
  9.6625048351994436E-001  9.6825355958863391E-001  9.7049827449351844E-001  9.7296752216432048E-001  9.7564248703179712E-001
  9.7850278805161617E-001  9.8152663432907494E-001  9.8469098955471668E-001  9.8797174091263007E-001  9.9134388903054982E-001
  9.9478183410023402E-001  9.9825959290261568E-001
BLOCK 4   1.7131860205200000E-001
  1.0017588084737499E+000  1.0052393509991944E+000  1.0086794640892265E+000  1.0120529963521741E+000  1.0153345432527054E+000
  1.0184992795067824E+000  1.0215231336950823E+000  1.0243831043262055E+000  1.0270574619023880E+000  1.0295258973413746E+000
  1.0317696682185908E+000  1.0337717396239101E+000  1.0355169129177533E+000  1.0369919405704577E+000  1.0381856262803628E+000
  1.0390889096234708E+000  1.0396949345829849E+000  1.0399991014120036E+000  1.0399991014120087E+000  1.0396949345830069E+000
  1.0390889096235072E+000  1.0381856262804108E+000  1.0369919405705148E+000  1.0355169129178170E+000  1.0337717396239776E+000
  1.0317696682186581E+000  1.0295258973414410E+000  1.0270574619024462E+000  1.0243831043262586E+000  1.0215231336951245E+000
  1.0184992795068160E+000  1.0153345432527274E+000  1.0120529963521858E+000  1.0086794640892300E+000  1.0052393509991913E+000
  1.0017588084737414E+000  9.9826432143771360E-001  9.9478296169874658E-001  9.9134114976843457E-001  9.8796517719176802E-001
  9.8468060989678308E-001  9.8151236842979417E-001  9.7848461603029180E-001  9.7562046389996249E-001  9.7294176626170292E-001
  9.7046896202723343E-001  9.6822092266902016E-001  9.6621480761953982E-001  9.6446593192957353E-001  9.6298764819609861E-001
  9.6179124376623737E-001  9.6088585401287996E-001  9.6027839231888656E-001  9.5997349725301029E-001  9.5997349725300185E-001
  9.6027839231886569E-001  9.6088585401284199E-001  9.6179124376619063E-001  9.6298764819603733E-001  9.6446593192950913E-001
  9.6621480761947665E-001  9.6822092266895599E-001  9.7046896202717015E-001  9.7294176626163864E-001  9.7562046389990364E-001
  9.7848461603023740E-001  9.8151236842974943E-001  9.8468060989674788E-001  9.8796517719174348E-001  9.9134114976842014E-001
  9.9478296169874048E-001  9.9826432143770782E-001
BLOCK 5   2.2842480273599999E-001
  1.0017701660328646E+000  1.0052551588193093E+000  1.0086992793912331E+000  1.0120764789859362E+000  1.0153611419021362E+000
  1.0185285379040108E+000  1.0215547673011607E+000  1.0244168531217839E+000  1.0270930495113519E+000  1.0295630546013597E+000
  1.0318081471589131E+000  1.0338113153607393E+000  1.0355573825523319E+000  1.0370331214013877E+000  1.0382273534178692E+000
  1.0391310330477244E+000  1.0397373157499712E+000  1.0400416095313887E+000  1.0400416095313996E+000  1.0397373157500003E+000
  1.0391310330477730E+000  1.0382273534179323E+000  1.0370331214014639E+000  1.0355573825524176E+000  1.0338113153608288E+000
  1.0318081471590044E+000  1.0295630546014467E+000  1.0270930495114350E+000  1.0244168531218532E+000  1.0215547673012197E+000
  1.0185285379040558E+000  1.0153611419021698E+000  1.0120764789859564E+000  1.0086992793912402E+000  1.0052551588193057E+000
  1.0017701660328540E+000  9.9827093568059899E-001  9.9478451244717225E-001  9.9133744916496958E-001  9.8795595494067423E-001
  9.8466588084790341E-001  9.8149220379972568E-001  9.7845901312003525E-001  9.7558947308507760E-001  9.7290554312504918E-001
  9.7042775418097638E-001  9.6817505724533659E-001  9.6616468558323376E-001  9.6441202280150917E-001  9.6293048316234131E-001
  9.6173140730732465E-001  9.6082397443540102E-001  9.6021513152097537E-001  9.5990953997149397E-001  9.5990953997148565E-001
  9.6021513152094295E-001  9.6082397443535561E-001  9.6173140730725659E-001  9.6293048316226804E-001  9.6441202280142624E-001
  9.6616468558314927E-001  9.6817505724525277E-001  9.7042775418089211E-001  9.7290554312497024E-001  9.7558947308500110E-001
  9.7845901311996708E-001  9.8149220379966806E-001  9.8466588084785767E-001  9.8795595494064370E-001  9.9133744916495470E-001
  9.9478451244716670E-001  9.9827093568059222E-001
BLOCK 6   2.8553100342000021E-001
  1.0017846838470568E+000  1.0052753403630970E+000  1.0087246657856848E+000  1.0121065038475467E+000  1.0153953549950361E+000
  1.0185663335491255E+000  1.0215955971124087E+000  1.0244603536474148E+000  1.0271389073994188E+000  1.0296109438562044E+000
  1.0318577498184160E+000  1.0338623397630970E+000  1.0356095659113134E+000  1.0370862272772932E+000  1.0382811683194502E+000
  1.0391853625422651E+000  1.0397919800735078E+000  1.0400964388211182E+000  1.0400964388211316E+000  1.0397919800735453E+000
  1.0391853625423220E+000  1.0382811683195297E+000  1.0370862272773880E+000  1.0356095659114184E+000  1.0338623397632078E+000
  1.0318577498185288E+000  1.0296109438563152E+000  1.0271389073995194E+000  1.0244603536475057E+000  1.0215955971124819E+000
  1.0185663335491848E+000  1.0153953549950785E+000  1.0121065038475741E+000  1.0087246657856956E+000  1.0052753403630947E+000
  1.0017846838470466E+000  9.9827935304846782E-001  9.9478648575470785E-001  9.9133262091568597E-001  9.8794416131867635E-001
  9.8464689697153884E-001  9.8146606265185898E-001  9.7842588359001936E-001  9.7554947365449129E-001  9.7285884376728760E-001
  9.7037465439409121E-001  9.6811597588701748E-001  9.6610013966116137E-001  9.6434261616067551E-001  9.6285689780120165E-001
  9.6165439323528901E-001  9.6074433787619518E-001  9.6013372194039492E-001  9.5982723629694955E-001  9.5982723629693334E-001
  9.6013372194035662E-001  9.6074433787613200E-001  9.6165439323521340E-001  9.6285689780110539E-001  9.6434261616057493E-001
  9.6610013966105557E-001  9.6811597588691212E-001  9.7037465439398984E-001  9.7285884376718956E-001  9.7554947365439959E-001
  9.7842588358993743E-001  9.8146606265178871E-001  9.8464689697148666E-001  9.8794416131864304E-001  9.9133262091566610E-001
  9.9478648575469997E-001  9.9827935304846138E-001
BLOCK 7   3.4263720410400056E-001
  1.0018022888499192E+000  1.0052998683648331E+000  1.0087555259089118E+000  1.0121431102563929E+000  1.0154370355081206E+000
  1.0186125405911008E+000  1.0216456762983988E+000  1.0245136870582752E+000  1.0271950663037444E+000  1.0296695731689991E+000
  1.0319184875897294E+000  1.0339248318575953E+000  1.0356734876496227E+000  1.0371512868712989E+000  1.0383471027231512E+000
  1.0392519321345144E+000  1.0398589631143222E+000  1.0401636256115856E+000  1.0401636256115987E+000  1.0398589631143642E+000
  1.0392519321345843E+000  1.0383471027232418E+000  1.0371512868714103E+000  1.0356734876497473E+000  1.0339248318577283E+000
  1.0319184875898650E+000  1.0296695731691305E+000  1.0271950663038667E+000  1.0245136870583826E+000  1.0216456762984913E+000
  1.0186125405911723E+000  1.0154370355081728E+000  1.0121431102564256E+000  1.0087555259089285E+000  1.0052998683648329E+000
  1.0018022888499067E+000  9.9828953157283729E-001  9.9478878753891520E-001  9.9132667514428185E-001  9.8792963920560684E-001
  9.8462369595977028E-001  9.8143405547705054E-001  9.7838517305679873E-001  9.7550036336579948E-001  9.7280162298650086E-001
  9.7030966048309897E-001  9.6804369155375170E-001  9.6602119050672841E-001  9.6425774072647252E-001  9.6276692891578475E-001
  9.6156024533444073E-001  9.6064699351171046E-001  9.6003421639241115E-001  9.5972664087496451E-001  9.5972664087495252E-001
  9.6003421639236153E-001  9.6064699351163485E-001  9.6156024533434359E-001  9.6276692891567794E-001  9.6425774072634796E-001
  9.6602119050660407E-001  9.6804369155362691E-001  9.7030966048297751E-001  9.7280162298638317E-001  9.7550036336569135E-001
  9.7838517305670236E-001  9.8143405547697360E-001  9.8462369595971322E-001  9.8792963920556631E-001  9.9132667514425832E-001
  9.9478878753890676E-001  9.9828953157282363E-001
BLOCK 8   3.9974340478800091E-001
  1.0018229252718567E+000  1.0053286734667566E+000  1.0087918328916670E+000  1.0121862013596656E+000  1.0154862168405745E+000
  1.0186670534654771E+000  1.0217048885413162E+000  1.0245769048082174E+000  1.0272616231479705E+000  1.0297389905945837E+000
  1.0319903799951877E+000  1.0339988131604281E+000  1.0357491781201429E+000  1.0372283369528470E+000  1.0384251974412100E+000
  1.0393307853368454E+000  1.0399383101313269E+000  1.0402432160303994E+000  1.0402432160304160E+000  1.0399383101313746E+000
  1.0393307853369247E+000  1.0384251974413159E+000  1.0372283369529713E+000  1.0357491781202870E+000  1.0339988131605808E+000
  1.0319903799953436E+000  1.0297389905947341E+000  1.0272616231481109E+000  1.0245769048083442E+000  1.0217048885414242E+000
  1.0186670534655657E+000  1.0154862168406364E+000  1.0121862013597065E+000  1.0087918328916849E+000  1.0053286734667579E+000
  1.0018229252718502E+000  9.9830139570300469E-001  9.9479137079942115E-001  9.9131950464737328E-001  9.8791240487729437E-001
  9.8459613994491491E-001  9.8139617858157691E-001  9.7833699725645307E-001  9.7544211541887071E-001  9.7273377823470930E-001
  9.7023272226726121E-001  9.6795820774546226E-001  9.6592786074586401E-001  9.6415742525999049E-001  9.6266061131863756E-001
  9.6144900511710674E-001  9.6053198861682565E-001  9.5991666616942006E-001  9.5960780703390836E-001  9.5960780703388693E-001
  9.5991666616936899E-001  9.6053198861674216E-001  9.6144900511699349E-001  9.6266061131850555E-001  9.6415742525985715E-001
  9.6592786074571835E-001  9.6795820774531649E-001  9.7023272226711743E-001  9.7273377823457474E-001  9.7544211541874482E-001
  9.7833699725634848E-001  9.8139617858149097E-001  9.8459613994484896E-001  9.8791240487725052E-001  9.9131950464734697E-001
  9.9479137079940716E-001  9.9830139570298959E-001
BLOCK 9   4.5684960547200126E-001
  1.0018465237596816E+000  1.0053616945441644E+000  1.0088335218733013E+000  1.0122357549243115E+000  1.0155428092262095E+000
  1.0187299025747820E+000  1.0217731645759514E+000  1.0246499082091014E+000  1.0273386314974540E+000  1.0298193077841726E+000
  1.0320734930726714E+000  1.0340843159980146E+000  1.0358366696538541E+000  1.0373174194720114E+000  1.0385155014275727E+000
  1.0394219749565980E+000  1.0400300760308683E+000  1.0403352659621916E+000  1.0403352659622112E+000  1.0400300760309245E+000
  1.0394219749566855E+000  1.0385155014276899E+000  1.0373174194721548E+000  1.0358366696540138E+000  1.0340843159981858E+000
  1.0320734930728457E+000  1.0298193077843429E+000  1.0273386314976132E+000  1.0246499082092446E+000  1.0217731645760748E+000
  1.0187299025748811E+000  1.0155428092262857E+000  1.0122357549243577E+000  1.0088335218733260E+000  1.0053616945441715E+000
  1.0018465237596770E+000  9.9831487480969638E-001  9.9479415266659799E-001  9.9131106437127214E-001  9.8789234326380126E-001
  9.8456424853540825E-001  9.8135232168878150E-001  9.7828132315177885E-001  9.7537484380386774E-001  9.7265531217735979E-001
  9.7014374384513535E-001  9.6785946993167082E-001  9.6582015816150801E-001  9.6404170163892866E-001  9.6253798138884650E-001
  9.6132071218845450E-001  9.6039936739828968E-001  9.5978111949043166E-001  9.5947078517605300E-001  9.5947078517603379E-001
  9.5978111949037059E-001  9.6039936739819376E-001  9.6132071218833293E-001  9.6253798138870117E-001  9.6404170163876968E-001
  9.6582015816134770E-001  9.6785946993150240E-001  9.7014374384497293E-001  9.7265531217720658E-001  9.7537484380373440E-001
  9.7828132315165972E-001  9.8135232168868480E-001  9.8456424853533797E-001  9.8789234326375108E-001  9.9131106437124139E-001
  9.9479415266658389E-001  9.9831487480967185E-001
BLOCK 10   5.1395580615600145E-001
  1.0018730041570201E+000  1.0053988688757420E+000  1.0088805317451182E+000  1.0122917129883893E+000  1.0156067977727470E+000
  1.0188010103364136E+000  1.0218505357052445E+000  1.0247326600130595E+000  1.0274260153374555E+000  1.0299105842919021E+000
  1.0321679524073260E+000  1.0341814243157401E+000  1.0359360081200750E+000  1.0374185778676843E+000  1.0386180681501680E+000
  1.0395255619167783E+000  1.0401343252502571E+000  1.0404398411531721E+000  1.0404398411531937E+000  1.0401343252503172E+000
  1.0395255619168744E+000  1.0386180681502972E+000  1.0374185778678426E+000  1.0359360081202513E+000  1.0341814243159264E+000
  1.0321679524075180E+000  1.0299105842920908E+000  1.0274260153376329E+000  1.0247326600132203E+000  1.0218505357053829E+000
  1.0188010103365257E+000  1.0156067977728296E+000  1.0122917129884486E+000  1.0088805317451512E+000  1.0053988688757536E+000
  1.0018730041570199E+000  9.9832989693830032E-001  9.9479705465126811E-001  9.9130126367736859E-001  9.8786941372204518E-001
  9.8452790298798842E-001  9.8130250284778886E-001  9.7821806959979440E-001  9.7529849541612412E-001  9.7256632960291711E-001
  9.7004275398879525E-001  9.6774739300548918E-001  9.6569802421647255E-001  9.6391058019122899E-001  9.6239908002186858E-001
  9.6117541115993699E-001  9.6024917466237725E-001  9.5962762332589646E-001  9.5931562423318439E-001  9.5931562423316352E-001
  9.5962762332582907E-001  9.6024917466227389E-001  9.6117541115980332E-001  9.6239908002171071E-001  9.6391058019105036E-001
  9.6569802421628292E-001  9.6774739300531087E-001  9.7004275398861306E-001  9.7256632960275213E-001  9.7529849541597058E-001
  9.7821806959966628E-001  9.8130250284768883E-001  9.8452790298790549E-001  9.8786941372199000E-001  9.9130126367733484E-001
  9.9479705465124735E-001  9.9832989693827434E-001
BLOCK 11   5.7106200684000108E-001
  1.0019022973347731E+000  1.0054401135134465E+000  1.0089328081714528E+000  1.0123540189964977E+000  1.0156781348455524E+000
  1.0188803718479353E+000  1.0219369405794982E+000  1.0248251968070456E+000  1.0275237664432684E+000  1.0300127698050976E+000
  1.0322738270253056E+000  1.0342902770289333E+000  1.0360472947076491E+000  1.0375318717081528E+000  1.0387329520869122E+000
  1.0396416107977737E+000  1.0402511301599038E+000  1.0405570170282890E+000  1.0405570170283081E+000  1.0402511301599680E+000
  1.0396416107978801E+000  1.0387329520870534E+000  1.0375318717083215E+000  1.0360472947078418E+000  1.0342902770291378E+000
  1.0322738270255143E+000  1.0300127698053023E+000  1.0275237664434644E+000  1.0248251968072222E+000  1.0219369405796508E+000
  1.0188803718480577E+000  1.0156781348456481E+000  1.0123540189965647E+000  1.0089328081714959E+000  1.0054401135134674E+000
  1.0019022973347769E+000  9.9834636836408253E-001  9.9479999761108040E-001  9.9129002302089098E-001  9.8784352201585302E-001
  9.8448707149952785E-001  9.8124660763200411E-001  9.7814725300700378E-001  9.7521302003717569E-001  9.7246676857209091E-001
  9.6992984561858930E-001  9.6762202860374824E-001  9.6556138864591523E-001  9.6376399961585524E-001  9.6224391760317907E-001
  9.6101314936065962E-001  9.6008146064286437E-001  9.5945622396990426E-001  9.5914236906314321E-001  9.5914236906311467E-001
  9.5945622396983787E-001  9.6008146064275479E-001  9.6101314936051152E-001  9.6224391760300509E-001  9.6376399961566039E-001
  9.6556138864571184E-001  9.6762202860354041E-001  9.6992984561839224E-001  9.7246676857190195E-001  9.7521302003701149E-001
  9.7814725300686400E-001  9.8124660763188842E-001  9.8448707149944448E-001  9.8784352201578862E-001  9.9129002302084801E-001
  9.9479999761105664E-001  9.9834636836404944E-001
BLOCK 12   6.2816820752400071E-001
  1.0019343044631548E+000  1.0054853662466976E+000  1.0089902702896276E+000  1.0124226294992633E+000  1.0157567720210900E+000
  1.0189679527958457E+000  1.0220323865149108E+000  1.0249274762701381E+000  1.0276319305710122E+000  1.0301258828744206E+000
  1.0323910936830021E+000  1.0344109552820946E+000  1.0361706811246010E+000  1.0376574184709035E+000  1.0388602263636151E+000
  1.0397701870107383E+000  1.0403805661303864E+000  1.0406868765170711E+000  1.0406868765170953E+000  1.0403805661304557E+000
  1.0397701870108524E+000  1.0388602263637670E+000  1.0376574184710852E+000  1.0361706811248044E+000  1.0344109552823151E+000
  1.0323910936832277E+000  1.0301258828746442E+000  1.0276319305712236E+000  1.0249274762703287E+000  1.0220323865150753E+000
  1.0189679527959838E+000  1.0157567720211971E+000  1.0124226294993419E+000  1.0089902702896794E+000  1.0054853662467258E+000
  1.0019343044631690E+000  9.9836421911470286E-001  9.9480287976750148E-001  9.9127725832919378E-001  9.8781458947848721E-001
  9.8444165654709781E-001  9.8118461139903157E-001  9.7806876542300336E-001  9.7511842874686638E-001  9.7235660523647605E-001
  9.6980495425015167E-001  9.6748345494184029E-001  9.6541032068289701E-001  9.6360190698438730E-001  9.6207243255329389E-001
  9.6083393680201368E-001  9.5989627877921901E-001  9.5926697772018543E-001  9.5895106895446736E-001  9.5895106895444682E-001
  9.5926697772011271E-001  9.5989627877909978E-001  9.6083393680185658E-001  9.6207243255310115E-001  9.6360190698417814E-001
  9.6541032068267862E-001  9.6748345494161925E-001  9.6980495424994240E-001  9.7235660523627654E-001  9.7511842874669641E-001
  9.7806876542285115E-001  9.8118461139890800E-001  9.8444165654700133E-001  9.8781458947841960E-001  9.9127725832914471E-001
  9.9480287976746917E-001  9.9836421911466411E-001
BLOCK 13   6.8527440820800034E-001
  1.0019689549640627E+000  1.0055345289335513E+000  1.0090528649247446E+000  1.0124974700895781E+000  1.0158426795334439E+000
  1.0190637164166607E+000  1.0221368555329999E+000  1.0250395202334588E+000  1.0277504865908205E+000  1.0302499817418906E+000
  1.0325197960367276E+000  1.0345434631419523E+000  1.0363062624107491E+000  1.0377953820748362E+000  1.0390000236231116E+000
  1.0399113768839521E+000  1.0405227086560878E+000  1.0408295015332492E+000  1.0408295015332751E+000  1.0405227086561646E+000
  1.0399113768840711E+000  1.0390000236232719E+000  1.0377953820750250E+000  1.0363062624109678E+000  1.0345434631421848E+000
  1.0325197960369710E+000  1.0302499817421298E+000  1.0277504865910432E+000  1.0250395202336617E+000  1.0221368555331798E+000
  1.0190637164168113E+000  1.0158426795335627E+000  1.0124974700896678E+000  1.0090528649248063E+000  1.0055345289335897E+000
  1.0019689549640840E+000  9.9838333657003187E-001  9.9480562249951698E-001  9.9126286599275359E-001  9.8778253234542523E-001
  9.8439158667878868E-001  9.8111641940443728E-001  9.7798259251876996E-001  9.7501462645602521E-001  9.7223584767748894E-001
  9.6966808093205081E-001  9.6733161258864064E-001  9.6524488434963407E-001  9.6342438376282136E-001  9.6188458864267246E-001
  9.6063771032446355E-001  9.5969363293806242E-001  9.5905993884091545E-001  9.5874178873222493E-001  9.5874178873219840E-001
  9.5905993884083973E-001  9.5969363293793553E-001  9.6063771032429268E-001  9.6188458864246973E-001  9.6342438376259421E-001
  9.6524488434939804E-001  9.6733161258841116E-001  9.6966808093182222E-001  9.7223584767727911E-001  9.7501462645583070E-001
  9.7798259251861142E-001  9.8111641940430361E-001  9.8439158667868298E-001  9.8778253234534630E-001  9.9126286599270097E-001
  9.9480562249947724E-001  9.9838333656997968E-001
BLOCK 14   7.4238060889199997E-001
  1.0020061363623327E+000  1.0055875370089891E+000  1.0091204996205210E+000  1.0125784990589644E+000  1.0159357934930540E+000
  1.0191676487840211E+000  1.0222503253560931E+000  1.0251613293882054E+000  1.0278794726126286E+000  1.0303850678050424E+000
  1.0326600073240404E+000  1.0346878681133038E+000  1.0364540696548796E+000  1.0379458729135846E+000  1.0391525199887912E+000
  1.0400653268475317E+000  1.0406776525500068E+000  1.0409849648000178E+000  1.0409849648000447E+000  1.0406776525500849E+000
  1.0400653268476596E+000  1.0391525199889582E+000  1.0379458729137887E+000  1.0364540696551097E+000  1.0346878681135534E+000
  1.0326600073242944E+000  1.0303850678052919E+000  1.0278794726128659E+000  1.0251613293884227E+000  1.0222503253562860E+000
  1.0191676487841843E+000  1.0159357934931872E+000  1.0125784990590663E+000  1.0091204996205945E+000  1.0055875370090372E+000
  1.0020061363623667E+000  9.9840365238062700E-001  9.9480810647580187E-001  9.9124676338658213E-001  9.8774724530809865E-001
  9.8433677681731058E-001  9.8104196547887634E-001  9.7788864093660921E-001  9.7490160523800462E-001  9.7210441308437467E-001
  9.6951922912041200E-001  9.6716652210690923E-001  9.6506502900726521E-001  9.6323148071599096E-001  9.6168047491343767E-001
  9.6042445058816972E-001  9.5947346384207977E-001  9.5883511812343203E-001  9.5851460673142130E-001  9.5851460673138889E-001
  9.5883511812334854E-001  9.5947346384194532E-001  9.6042445058799120E-001  9.6168047491322250E-001  9.6323148071575493E-001
  9.6506502900701785E-001  9.6716652210665632E-001  9.6951922912017696E-001  9.7210441308414630E-001  9.7490160523780423E-001
  9.7788864093643102E-001  9.8104196547873457E-001  9.8433677681719822E-001  9.8774724530801294E-001  9.9124676338651596E-001
  9.9480810647575435E-001  9.9840365238056805E-001
BLOCK 15   7.9948680957599960E-001
  1.0020457751190337E+000  1.0056442825214493E+000  1.0091931177786457E+000  1.0126656343476381E+000  1.0160360860001985E+000
  1.0192797007086063E+000  1.0223728001062067E+000  1.0252928985735730E+000  1.0280189099773456E+000  1.0305311969170683E+000
  1.0328117522928750E+000  1.0348442602891310E+000  1.0366141934248696E+000  1.0381089487680026E+000  1.0393178413498094E+000
  1.0402322195032803E+000  1.0408455422670930E+000  1.0411533522840484E+000  1.0411533522840746E+000  1.0408455422671739E+000
  1.0402322195034130E+000  1.0393178413499871E+000  1.0381089487682136E+000  1.0366141934251121E+000  1.0348442602893904E+000
  1.0328117522931393E+000  1.0305311969173301E+000  1.0280189099775976E+000  1.0252928985738055E+000  1.0223728001064118E+000
  1.0192797007087837E+000  1.0160360860003450E+000  1.0126656343477556E+000  1.0091931177787326E+000  1.0056442825215124E+000
  1.0020457751190748E+000  9.9842503855241638E-001  9.9481025199503181E-001  9.9122882970490345E-001  9.8770864815835413E-001
  9.8427712715777460E-001  9.8096116978610293E-001  9.7778685556595857E-001  9.7477927945769061E-001  9.7196230312610932E-001
  9.6935833258463067E-001  9.6698818523900476E-001  9.6487079092800043E-001  9.6302315651424297E-001  9.6146012652442792E-001
  9.6019424883968252E-001  9.5923577793401349E-001  9.5859248072649028E-001  9.5826953004441862E-001  9.5826953004439097E-001
  9.5859248072639491E-001  9.5923577793386572E-001  9.6019424883949533E-001  9.6146012652420443E-001  9.6302315651399761E-001
  9.6487079092773997E-001  9.6698818523874375E-001  9.6935833258437243E-001  9.7196230312587673E-001  9.7477927945747300E-001
  9.7778685556577150E-001  9.8096116978594539E-001  9.8427712715765325E-001  9.8770864815825776E-001  9.9122882970482795E-001
  9.9481025199496953E-001  9.9842503855235121E-001
BLOCK 16   8.5659301025999923E-001
  1.0020877492386120E+000  1.0057046964936245E+000  1.0092706215229768E+000  1.0127588294740413E+000  1.0161434899595350E+000
  1.0193998596938236E+000  1.0225042486232141E+000  1.0254342514936385E+000  1.0281688126296182E+000  1.0306884125161067E+000
  1.0329751058810763E+000  1.0350126888774724E+000  1.0367867429914135E+000  1.0382847224042850E+000  1.0394960655390619E+000
  1.0404121803437116E+000  1.0410265491343011E+000  1.0413348244477456E+000  1.0413348244477740E+000  1.0410265491343844E+000
  1.0404121803438466E+000  1.0394960655392458E+000  1.0382847224045086E+000  1.0367867429916628E+000  1.0350126888777387E+000
  1.0329751058813528E+000  1.0306884125163811E+000  1.0281688126298796E+000  1.0254342514938826E+000  1.0225042486234353E+000
  1.0193998596940139E+000  1.0161434899596957E+000  1.0127588294741716E+000  1.0092706215230796E+000  1.0057046964936980E+000
  1.0020877492386655E+000  9.9844742786907614E-001  9.9481192687655873E-001  9.9120898066233543E-001  9.8766661676299516E-001
  9.8421255666280771E-001  9.8087393475637641E-001  9.7767715852761605E-001  9.7464760132355432E-001  9.7180943777655671E-001
  9.6918539891995326E-001  9.6679654998442055E-001  9.6466216836670216E-001  9.6279945754942720E-001  9.6122351808272077E-001
  9.5994714797471992E-001  9.5898069606701009E-001  9.5833205056326953E-001  9.5800645439837961E-001  9.5800645439834142E-001
  9.5833205056317516E-001  9.5898069606685366E-001  9.5994714797452141E-001  9.6122351808249229E-001  9.6279945754916973E-001
  9.6466216836643426E-001  9.6679654998414544E-001  9.6918539891968858E-001  9.7180943777630335E-001  9.7464760132333050E-001
  9.7767715852741832E-001  9.8087393475620910E-001  9.8421255666266894E-001  9.8766661676288636E-001  9.9120898066224883E-001
  9.9481192687648834E-001  9.9844742786899643E-001
BLOCK 17   9.1369921094399886E-001
  1.0021319812452132E+000  1.0057686655750233E+000  1.0093529479815802E+000  1.0128580016292119E+000  1.0162579710288184E+000
  1.0195280780407283E+000  1.0226446755081504E+000  1.0255853780399042E+000  1.0283292252124920E+000  1.0308567495470096E+000
  1.0331501353286989E+000  1.0351932499005423E+000  1.0369717919793913E+000  1.0384733161810606E+000  1.0396873083484457E+000
  1.0406052873776823E+000  1.0412208183721372E+000  1.0415296255681841E+000  1.0415296255682147E+000  1.0412208183722242E+000
  1.0406052873778227E+000  1.0396873083486331E+000  1.0384733161812885E+000  1.0369717919796482E+000  1.0351932499008190E+000
  1.0331501353289838E+000  1.0308567495472927E+000  1.0283292252127665E+000  1.0255853780401611E+000  1.0226446755083849E+000
  1.0195280780409359E+000  1.0162579710289936E+000  1.0128580016293582E+000  1.0093529479816945E+000  1.0057686655751119E+000
  1.0021319812452840E+000  9.9847067945350587E-001  9.9481304845125873E-001  9.9118708337927663E-001  9.8762106987981535E-001
  9.8414294645852696E-001  9.8078018670493694E-001  9.7755946227478530E-001  9.7450650223271984E-001  9.7164578174477734E-001
  9.6900035758552627E-001  9.6659162882034610E-001  9.6443912147554856E-001  9.6256038436623648E-001  9.6097072331843447E-001
  9.5968316303043444E-001  9.5870824410304634E-001  9.5805385555053080E-001  9.5772530843560488E-001  9.5772530843557102E-001
  9.5805385555042655E-001  9.5870824410289590E-001  9.5968316303022927E-001  9.6097072331818834E-001  9.6256038436597569E-001
  9.6443912147526867E-001  9.6659162882006711E-001  9.6900035758525094E-001  9.7164578174451588E-001  9.7450650223247848E-001
  9.7755946227457502E-001  9.8078018670475908E-001  9.8414294645837863E-001  9.8762106987968723E-001  9.9118708337917527E-001
  9.9481304845117502E-001  9.9847067945341872E-001
BLOCK 18   9.7080541162799849E-001
  1.0021783433208018E+000  1.0058361151114008E+000  1.0094399984114579E+000  1.0129630961749556E+000  1.0163794659694321E+000
  1.0196643351029606E+000  1.0227940557633259E+000  1.0257463012321164E+000  1.0285001613744615E+000  1.0310362756621205E+000
  1.0333368997571573E+000  1.0353860353348932E+000  1.0371694508045683E+000  1.0386748084040014E+000  1.0398916867058301E+000
  1.0408116814247022E+000  1.0414285133089736E+000  1.0417379867437335E+000  1.0417379867437615E+000  1.0414285133090626E+000
  1.0408116814248478E+000  1.0398916867060224E+000  1.0386748084042317E+000  1.0371694508048326E+000  1.0353860353351771E+000
  1.0333368997574497E+000  1.0310362756624147E+000  1.0285001613747473E+000  1.0257463012323860E+000  1.0227940557635726E+000
  1.0196643351031813E+000  1.0163794659696257E+000  1.0129630961751157E+000  1.0094399984115903E+000  1.0058361151115067E+000
  1.0021783433208837E+000  9.9849472674526418E-001  9.9481347524894481E-001  9.9116304895444762E-001  9.8757187048850481E-001
  9.8406821351069929E-001  9.8067980739398297E-001  9.7743369581549022E-001  9.7435589966700320E-001  9.7147127012758383E-001
  9.6880317812372763E-001  9.6637335610503139E-001  9.6420167425835934E-001  9.6230593740876280E-001  9.6070177741350360E-001
  9.5940236476036078E-001  9.5841835986006108E-001  9.5775782386179520E-001  9.5742616446476114E-001  9.5742616446472728E-001
  9.5775782386169950E-001  9.5841835985989920E-001  9.5940236476015284E-001  9.6070177741325680E-001  9.6230593740848380E-001
  9.6420167425807835E-001  9.6637335610474318E-001  9.6880317812344252E-001  9.7147127012731493E-001  9.7435589966675351E-001
  9.7743369581526673E-001  9.8067980739378879E-001  9.8406821351053131E-001  9.8757187048837025E-001  9.9116304895432872E-001
  9.9481347524884256E-001  9.9849472674516337E-001
BLOCK 19   1.0279116123119989E+000
  1.0022267528626789E+000  1.0059069300001395E+000  1.0095317024325436E+000  1.0130740336065929E+000  1.0165079307371163E+000
  1.0198085910335102E+000  1.0229523845715061E+000  1.0259170220117162E+000  1.0286816652372666E+000  1.0312270322923158E+000
  1.0335354906385235E+000  1.0355911208030171E+000  1.0373798143542485E+000  1.0388893039279155E+000  1.0401093069261382E+000
  1.0410315599525133E+000  1.0416498619395167E+000  1.0419600723550142E+000  1.0419600723550462E+000  1.0416498619396066E+000
  1.0410315599526601E+000  1.0401093069263343E+000  1.0388893039281515E+000  1.0373798143545157E+000  1.0355911208033064E+000
  1.0335354906388254E+000  1.0312270322926180E+000  1.0286816652375634E+000  1.0259170220119971E+000  1.0229523845717670E+000
  1.0198085910337458E+000  1.0165079307373224E+000  1.0130740336067730E+000  1.0095317024326933E+000  1.0059069300002581E+000
  1.0022267528627797E+000  9.9851941786388321E-001  9.9481311997311817E-001  9.9113673654398438E-001  9.8751893268740676E-001
  9.8398822745965930E-001  9.8057272219467140E-001  9.7729975074711617E-001  9.7419573154882178E-001  9.7128582753607029E-001
  9.6859380220514635E-001  9.6614172060815173E-001  9.6394980073769387E-001  9.6203617849560086E-001  9.6041667312212453E-001
  9.5910468762232792E-001  9.5811102901579037E-001  9.5744395702471463E-001  9.5710905410726721E-001  9.5710905410723535E-001
  9.5744395702461782E-001  9.5811102901562994E-001  9.5910468762211110E-001  9.6041667312187273E-001  9.6203617849532364E-001
  9.6394980073739633E-001  9.6614172060785664E-001  9.6859380220485825E-001  9.7128582753579018E-001  9.7419573154856653E-001
  9.7729975074687792E-001  9.8057272219445835E-001  9.8398822745948211E-001  9.8751893268725022E-001  9.9113673654385392E-001
  9.9481311997299937E-001  9.9851941786376741E-001
BLOCK 20   1.0850178129960000E+000
  1.0022770793227074E+000  1.0059810288727391E+000  1.0096279633272767E+000  1.0131907505226980E+000  1.0166433085219762E+000
  1.0199608149851787E+000  1.0231196484672462E+000  1.0260975552402396E+000  1.0288737683952345E+000  1.0314290863978584E+000
  1.0337459692379229E+000  1.0358085985976520E+000  1.0376029552841299E+000  1.0391169265342941E+000  1.0403403553290562E+000
  1.0412651180701256E+000  1.0418850640713300E+000  1.0421960582814385E+000  1.0421960582814707E+000  1.0418850640714228E+000
  1.0412651180702721E+000  1.0403403553292536E+000  1.0391169265345335E+000  1.0376029552844011E+000  1.0358085985979448E+000
  1.0337459692382311E+000  1.0314290863981714E+000  1.0288737683955393E+000  1.0260975552405327E+000  1.0231196484675209E+000
  1.0199608149854291E+000  1.0166433085222000E+000  1.0131907505228928E+000  1.0096279633274412E+000  1.0059810288728790E+000
  1.0022770793228273E+000  9.9854468622253811E-001  9.9481183504736492E-001  9.9110805059805696E-001  9.8746211171670495E-001
  9.8390289893257810E-001  9.8045880046293976E-001  9.7715755084937717E-001  9.7402588700361614E-001  9.7108939307241826E-001
  9.6837217280292887E-001  9.6589670661320692E-001  9.6368353294309506E-001  9.6175106600928095E-001  9.6011537733928731E-001
  9.5879006801878852E-001  9.5778625815116791E-001  9.5711234429884995E-001  9.5677395374171248E-001  9.5677395374167917E-001
  9.5711234429874670E-001  9.5778625815100926E-001  9.5879006801857369E-001  9.6011537733902963E-001  9.6175106600899907E-001
  9.6368353294279596E-001  9.6589670661289950E-001  9.6837217280263066E-001  9.7108939307213760E-001  9.7402588700334114E-001
  9.7715755084912914E-001  9.8045880046271894E-001  9.8390289893237703E-001  9.8746211171653553E-001  9.9110805059790363E-001
  9.9481183504723092E-001  9.9854468622241011E-001
BLOCK 21   1.1421240136800010E+000
  1.0023292337208598E+000  1.0060582973579191E+000  1.0097287029382684E+000  1.0133131719500466E+000  1.0167855466236264E+000
  1.0201209759790306E+000  1.0232958355123329E+000  1.0262879188496885E+000  1.0290765081851900E+000  1.0316424905805253E+000
  1.0339684005728955E+000  1.0360385293380241E+000  1.0378389935118892E+000  1.0393578318450947E+000  1.0405850416408564E+000
  1.0415125483813554E+000  1.0421342749956457E+000  1.0424461564672480E+000  1.0424461564672793E+000  1.0421342749957392E+000
  1.0415125483815058E+000  1.0405850416410529E+000  1.0393578318453338E+000  1.0378389935121644E+000  1.0360385293383212E+000
  1.0339684005732082E+000  1.0316424905808432E+000  1.0290765081855067E+000  1.0262879188499934E+000  1.0232958355126196E+000
  1.0201209759792960E+000  1.0167855466238656E+000  1.0133131719502559E+000  1.0097287029384525E+000  1.0060582973580792E+000
  1.0023292337209972E+000  9.9857037059158904E-001  9.9480952731194083E-001  9.9107684643005256E-001  9.8740131511219675E-001
  9.8381209122252200E-001  9.8033795658202105E-001  9.7700696933907472E-001  9.7384629689158431E-001  9.7088188272381304E-001
  9.6813828039024696E-001  9.6563830039228249E-001  9.6340282933867949E-001  9.6145053618227549E-001  9.5979779694154965E-001
  9.5845854526611429E-001  9.5744406822416783E-001  9.5676293748141317E-001  9.5642090466106855E-001  9.5642090466103080E-001
  9.5676293748131092E-001  9.5744406822400452E-001  9.5845854526590257E-001  9.5979779694129452E-001  9.6145053618198839E-001
  9.6340282933838017E-001  9.6563830039197629E-001  9.6813828038993843E-001  9.7088188272351461E-001  9.7384629689130842E-001
  9.7700696933881326E-001  9.8033795658178247E-001  9.8381209122231050E-001  9.8740131511200158E-001  9.9107684642988447E-001
  9.9480952731178340E-001  9.9857037059144937E-001
BLOCK 22   1.1992302143640021E+000
  1.0023830853138689E+000  1.0061386466439486E+000  1.0098338273955469E+000  1.0134412271020208E+000  1.0169345945471913E+000
  1.0202890390954504E+000  1.0234809454904166E+000  1.0264881239677481E+000  1.0292899226817382E+000  1.0318672795574051E+000
  1.0342028378194361E+000  1.0362810060234240E+000  1.0380880752987898E+000  1.0396122230017419E+000  1.0408435349430150E+000
  1.0417740309558372E+000  1.0423977052810889E+000  1.0427105611523271E+000  1.0427105611523586E+000  1.0423977052811788E+000
  1.0417740309559849E+000  1.0408435349432119E+000  1.0396122230019813E+000  1.0380880752990631E+000  1.0362810060237262E+000
  1.0342028378197534E+000  1.0318672795577286E+000  1.0292899226820642E+000  1.0264881239680648E+000  1.0234809454907179E+000
  1.0202890390957282E+000  1.0169345945474435E+000  1.0134412271022524E+000  1.0098338273957508E+000  1.0061386466441253E+000
  1.0023830853140274E+000  9.9859640401249183E-001  9.9480604689969720E-001  9.9104302105043951E-001  9.8733639318600519E-001
  9.8371569979448392E-001  9.8021004478459328E-001  9.7684791559262496E-001  9.7365685713593675E-001  9.7066327552944809E-001
  9.6789207720505221E-001  9.6536645712087088E-001  9.6310758322055401E-001  9.6113451452691256E-001  9.5946395552122199E-001
  9.5811010002750319E-001  9.5708445103471851E-001  9.5639574827271834E-001  9.5604992952525791E-001  9.5604992952522538E-001
  9.5639574827261709E-001  9.5708445103455675E-001  9.5811010002729002E-001  9.5946395552096586E-001  9.6113451452663112E-001
  9.6310758322024770E-001  9.6536645712055924E-001  9.6789207720473858E-001  9.7066327552913856E-001  9.7365685713564298E-001
  9.7684791559235551E-001  9.8021004478434171E-001  9.8371569979425200E-001  9.8733639318579913E-001  9.9104302105024322E-001
  9.9480604689952190E-001  9.9859640401233440E-001
BLOCK 23   1.2563364150480032E+000
  1.0024385381412719E+000  1.0062219642329722E+000  1.0099432515652738E+000  1.0135748455162970E+000  1.0170903978540240E+000
  1.0204649838317355E+000  1.0236749668994163E+000  1.0266981878773227E+000  1.0295140200131407E+000  1.0321034900470767E+000
  1.0344493448769230E+000  1.0365361662337436E+000  1.0383503735623489E+000  1.0398802648102949E+000  1.0411160157059109E+000
  1.0420497587731794E+000  1.0426755723779846E+000  1.0429894694037651E+000  1.0429894694037949E+000  1.0426755723780730E+000
  1.0420497587733217E+000  1.0411160157061081E+000  1.0398802648105341E+000  1.0383503735626252E+000  1.0365361662340458E+000
  1.0344493448772456E+000  1.0321034900474091E+000  1.0295140200134729E+000  1.0266981878776515E+000  1.0236749668997294E+000
  1.0204649838320283E+000  1.0170903978542969E+000  1.0135748455165445E+000  1.0099432515654956E+000  1.0062219642331718E+000
  1.0024385381414511E+000  9.9862261835778765E-001  9.9480129458531463E-001  9.9100642752198786E-001  9.8726723792045157E-001
  9.8361357496495072E-001  9.8007496459514942E-001  9.7668028180331268E-001  9.7345753548481373E-001  9.7043350663893824E-001
  9.6763350175747243E-001  9.6508104099687020E-001  9.6279773060872598E-001  9.6080297811184578E-001  9.5911382564813941E-001
  9.5774469968127229E-001  9.5670737927812777E-001  9.5601082267291326E-001  9.5566100944378074E-001  9.5566100944375609E-001
  9.5601082267279980E-001  9.5670737927796301E-001  9.5774469968105991E-001  9.5911382564788905E-001  9.6080297811156046E-001
  9.6279773060842366E-001  9.6508104099654579E-001  9.6763350175714835E-001  9.7043350663862815E-001  9.7345753548450875E-001
  9.7668028180302424E-001  9.8007496459488608E-001  9.8361357496470581E-001  9.8726723792022031E-001  9.9100642752177803E-001
  9.9480129458511068E-001  9.9862261835761490E-001
BLOCK 24   1.3134426157320043E+000
  1.0024954641834514E+000  1.0063081546608430E+000  1.0100568852658138E+000  1.0137139558535839E+000  1.0172529151518899E+000
  1.0206487783437002E+000  1.0238778936506920E+000  1.0269180956140340E+000  1.0297488138031266E+000  1.0323511622396180E+000
  1.0347080402014397E+000  1.0368041536379835E+000  1.0386260480742315E+000  1.0401621173271389E+000  1.0414026801481611E+000
  1.0423399501131658E+000  1.0429680640089902E+000  1.0432831053054785E+000  1.0432831053055081E+000  1.0429680640090755E+000
  1.0423399501133095E+000  1.0414026801483529E+000  1.0401621173273778E+000  1.0386260480745078E+000  1.0368041536382877E+000
  1.0347080402017657E+000  1.0323511622399577E+000  1.0297488138034689E+000  1.0269180956143689E+000  1.0238778936510180E+000
  1.0206487783440124E+000  1.0172529151521799E+000  1.0137139558538499E+000  1.0100568852660561E+000  1.0063081546610635E+000
  1.0024954641836565E+000  9.9864894693866479E-001  9.9479511842768964E-001  9.9096694463972734E-001  9.8719368532623941E-001
  9.8350559782799363E-001  9.7993259637354158E-001  9.7650401415254873E-001  9.7324824808722976E-001  9.7019248559269200E-001
  9.6736240312813693E-001  9.6478198343450194E-001  9.6247321930929275E-001  9.6045589786814001E-001  9.5874733861240458E-001
  9.5736233431366491E-001  9.5631288790865998E-001  9.5560811289318970E-001  9.5525417482743125E-001  9.5525417482738983E-001
  9.5560811289310643E-001  9.5631288790846014E-001  9.5736233431343998E-001  9.5874733861214911E-001  9.6045589786785923E-001
  9.6247321930898355E-001  9.6478198343418409E-001  9.6736240312781974E-001  9.7019248559235316E-001  9.7324824808691623E-001
  9.7650401415224630E-001  9.7993259637325647E-001  9.8350559782773050E-001  9.8719368532599450E-001  9.9096694463949009E-001
  9.9479511842746859E-001  9.9864894693847617E-001
BLOCK 25   1.3705488164160053E+000
  1.0025537614200430E+000  1.0063971111696466E+000  1.0101746443151631E+000  1.0138584968708331E+000  1.0174220960762423E+000
  1.0208403928570045E+000  1.0240896888544437E+000  1.0271478348476790E+000  1.0299943225904897E+000  1.0326103868013827E+000
  1.0349790421911516E+000  1.0370851083120907E+000  1.0389152388942651E+000  1.0404579742381583E+000  1.0417037262973181E+000
  1.0426448009039042E+000  1.0432754063082661E+000  1.0435916863976074E+000  1.0435916863976351E+000  1.0432754063083516E+000
  1.0426448009040450E+000  1.0417037262975084E+000  1.0404579742383955E+000  1.0389152388945408E+000  1.0370851083123989E+000
  1.0349790421914800E+000  1.0326103868017258E+000  1.0299943225908397E+000  1.0271478348480265E+000  1.0240896888547835E+000
  1.0208403928573315E+000  1.0174220960765505E+000  1.0138584968711208E+000  1.0101746443154282E+000  1.0063971111698913E+000
  1.0025537614202713E+000  9.9867521199091713E-001  9.9478739967138641E-001  9.9092441213391191E-001  9.8711561732329045E-001
  9.8339165312736654E-001  9.7978288025910032E-001  9.7631902199132081E-001  9.7302888407601529E-001  9.6994005952259477E-001
  9.6707870039121802E-001  9.6446921428784138E-001  9.6213399543089073E-001  9.6009317440495578E-001  9.5836448635032601E-001
  9.5696298436312333E-001  9.5590092746966371E-001  9.5518763487944836E-001  9.5482940709621322E-001  9.5482940709618880E-001
  9.5518763487932190E-001  9.5590092746951316E-001  9.5696298436286309E-001  9.5836448635005123E-001  9.6009317440466713E-001
  9.6213399543058475E-001  9.6446921428752219E-001  9.6707870039088351E-001  9.6994005952226525E-001  9.7302888407567645E-001
  9.7631902199100484E-001  9.7978288025879856E-001  9.8339165312708221E-001  9.8711561732302311E-001  9.9092441213365967E-001
  9.9478739967113983E-001  9.9867521199071607E-001
BLOCK 26   1.4276550171000064E+000
  1.0026133023218016E+000  1.0064887402143983E+000  1.0102964511292660E+000  1.0140084025888636E+000  1.0175978880698757E+000
  1.0210397689713502E+000  1.0243103145434704E+000  1.0273874029423111E+000  1.0302506073644662E+000  1.0328812585747151E+000
  1.0352624636221228E+000  1.0373791554571252E+000  1.0392181230462192E+000  1.0407680181523873E+000  1.0420193525431594E+000
  1.0429645234358291E+000  1.0435978300124877E+000  1.0439154382062807E+000  1.0439154382063089E+000  1.0435978300125737E+000
  1.0429645234359677E+000  1.0420193525433508E+000  1.0407680181526215E+000  1.0392181230464956E+000  1.0373791554574339E+000
  1.0352624636224572E+000  1.0328812585750622E+000  1.0302506073648223E+000  1.0273874029426726E+000  1.0243103145438257E+000
  1.0210397689716912E+000  1.0175978880702021E+000  1.0140084025891731E+000  1.0102964511295571E+000  1.0064887402146692E+000
  1.0026133023220507E+000  9.9870133238531977E-001  9.9477797124187384E-001  9.9087870058168048E-001  9.8703290996244841E-001
  9.8327166357968299E-001  9.7962570553099926E-001  9.7612516703054963E-001  9.7279928278773964E-001  9.6967612821390614E-001
  9.6678230837949608E-001  9.6414264827778662E-001  9.6177995181441622E-001  9.5971479070062804E-001  9.5796522173877152E-001
  9.5654661520230244E-001  9.5547148697342044E-001  9.5474938448073976E-001  9.5438669754540351E-001  9.5438669754535232E-001
  9.5474938448065261E-001  9.5547148697324391E-001  9.5654661520204132E-001  9.5796522173845511E-001  9.5971479070031396E-001
  9.6177995181410869E-001  9.6414264827745810E-001  9.6678230837916024E-001  9.6967612821356286E-001  9.7279928278740369E-001
  9.7612516703019769E-001  9.7962570553067885E-001  9.8327166357937901E-001  9.8703290996215665E-001  9.9087870058140304E-001
  9.9477797124160738E-001  9.9870133238510428E-001
BLOCK 27   1.4847612177840075E+000
  1.0026739687675865E+000  1.0065829419099641E+000  1.0104222270503329E+000  1.0141636022866511E+000  1.0177802140881820E+000
  1.0212468449835050E+000  1.0245397461248957E+000  1.0276368310648338E+000  1.0305177369679992E+000  1.0331638600043196E+000
  1.0355584123755002E+000  1.0376864458933002E+000  1.0395348694894890E+000  1.0410924318211887E+000  1.0423497605912335E+000
  1.0432993502420729E+000  1.0439355512340696E+000  1.0442546012112670E+000  1.0442546012112972E+000  1.0439355512341533E+000
  1.0432993502422121E+000  1.0423497605914200E+000  1.0410924318214236E+000  1.0395348694897617E+000  1.0376864458936088E+000
  1.0355584123758359E+000  1.0331638600046753E+000  1.0305177369683660E+000  1.0276368310652018E+000  1.0245397461252634E+000
  1.0212468449838645E+000  1.0177802140885288E+000  1.0141636022869844E+000  1.0104222270506475E+000  1.0065829419102565E+000
  1.0026739687678639E+000  9.9872710819603905E-001  9.9476671153243756E-001  9.9082969719444247E-001  9.8694548767116963E-001
  9.8314551544749063E-001  9.7946092724140532E-001  9.7592229489000115E-001  9.7255933685771234E-001  9.6940059701760473E-001
  9.6647311333478025E-001  9.6380217439266580E-001  9.6141104339823236E-001  9.5932067676286825E-001  9.5754948891013703E-001
  9.5611318322318428E-001  9.5502455643193573E-001  9.5429330790240585E-001  9.5392603402550258E-001  9.5392603402548892E-001
  9.5429330790230038E-001  9.5502455643172868E-001  9.5611318322293370E-001  9.5754948890982938E-001  9.5932067676252264E-001
  9.6141104339788741E-001  9.6380217439233407E-001  9.6647311333444264E-001  9.6940059701725789E-001  9.7255933685736184E-001
  9.7592229488965976E-001  9.7946092724105949E-001  9.8314551544716133E-001  9.8694548767085755E-001  9.9082969719413816E-001
  9.9476671153214624E-001  9.9872710819581700E-001
BLOCK 28   1.5418674184680086E+000
  1.0027356302243469E+000  1.0066796057346827E+000  1.0105518740504082E+000  1.0143240014853625E+000  1.0179689937973571E+000
  1.0214615765937851E+000  1.0247779869999254E+000  1.0278961604676344E+000  1.0307957645895476E+000  1.0334582786158102E+000
  1.0358670128339804E+000  1.0380071328147453E+000  1.0398656396667838E+000  1.0414314101840076E+000  1.0426951700079887E+000
  1.0436494959501106E+000  1.0442888163950312E+000  1.0446094141232409E+000  1.0446094141232667E+000  1.0442888163951165E+000
  1.0436494959502460E+000  1.0426951700081755E+000  1.0414314101842403E+000  1.0398656396670587E+000  1.0380071328150544E+000
  1.0358670128343193E+000  1.0334582786161717E+000  1.0307957645899226E+000  1.0278961604680146E+000  1.0247779870003051E+000
  1.0214615765941630E+000  1.0179689937977277E+000  1.0143240014857200E+000  1.0105518740507458E+000  1.0066796057350011E+000
  1.0027356302246426E+000  9.9875247521083166E-001  9.9475350961322440E-001  9.9077731115976186E-001  9.8685321653739078E-001
  9.8301304443687865E-001  9.7928838278158770E-001  9.7571028094619761E-001  9.7230893059594803E-001  9.6911332317686416E-001
  9.6615099856096787E-001  9.6344772090316344E-001  9.6102718982083646E-001  9.5891075677988202E-001  9.5711724383482710E-001
  9.5566266886241080E-001  9.5456007188082204E-001  9.5381941466900744E-001  9.5344738383780647E-001  9.5344738383775862E-001
  9.5381941466886888E-001  9.5456007188065395E-001  9.5566266886217777E-001  9.5711724383446428E-001  9.5891075677952287E-001
  9.6102718982046365E-001  9.6344772090279585E-001  9.6615099856061704E-001  9.6911332317651711E-001  9.7230893059559065E-001
  9.7571028094583645E-001  9.7928838278123753E-001  9.8301304443652548E-001  9.8685321653704738E-001  9.9077731115943801E-001
  9.9475350961290765E-001  9.9875247521059096E-001
BLOCK 29   1.5989736191520096E+000
  1.0027981856443009E+000  1.0067786017432563E+000  1.0106852595576836E+000  1.0144894907573241E+000  1.0181641638858137E+000
  1.0216839449704227E+000  1.0250250524556483E+000  1.0281654162252136E+000  1.0310847529749356E+000  1.0337646114511776E+000
  1.0361883952157529E+000  1.0383413540984567E+000  1.0402106140353002E+000  1.0417851518557817E+000  1.0430557916469880E+000
  1.0440151943773019E+000  1.0446578662186139E+000  1.0449801233187117E+000  1.0449801233187408E+000  1.0446578662186938E+000
  1.0440151943774381E+000  1.0430557916471761E+000  1.0417851518560133E+000  1.0402106140355749E+000  1.0383413540987672E+000
  1.0361883952160955E+000  1.0337646114515433E+000  1.0310847529753184E+000  1.0281654162256060E+000  1.0250250524560454E+000
  1.0216839449708184E+000  1.0181641638862053E+000  1.0144894907577027E+000  1.0106852595580464E+000  1.0067786017435965E+000
  1.0027981856446275E+000  9.9877729251318559E-001  9.9473829035573880E-001  9.9072141720488316E-001  9.8675593753332747E-001
  9.8287409938521686E-001  9.7910794878695850E-001  9.7548900230180580E-001  9.7204791015369130E-001  9.6881418984982282E-001
  9.6581587095707488E-001  9.6307919241469986E-001  9.6062828803065237E-001  9.5848497578389269E-001  9.5666842741925084E-001
  9.5519499384854212E-001  9.5407801569048090E-001  9.5332763803041554E-001  9.5295071382357233E-001  9.5295071382350294E-001
  9.5332763803030685E-001  9.5407801569030248E-001  9.5519499384826578E-001  9.5666842741890468E-001  9.5848497578349023E-001
  9.6062828803025790E-001  9.6307919241430473E-001  9.6581587095669075E-001  9.6881418984945433E-001  9.7204791015333225E-001
  9.7548900230143787E-001  9.7910794878658480E-001  9.8287409938485348E-001  9.8675593753296498E-001  9.9072141720452356E-001
  9.9473829035539463E-001  9.9877729251293623E-001
BLOCK 30   1.6560798198360107E+000
  1.0028615472155227E+000  1.0068798063888100E+000  1.0108222430878520E+000  1.0146599641714031E+000  1.0183656690093885E+000
  1.0219139383788636E+000  1.0252809450843212E+000  1.0284446383830914E+000  1.0313847737958135E+000  1.0340829625358108E+000
  1.0365226753717249E+000  1.0386892704117148E+000  1.0405699725622206E+000  1.0421538580219822E+000  1.0434318452466700E+000
  1.0443966887784590E+000  1.0450429421944518E+000  1.0453669846530038E+000  1.0453669846530307E+000  1.0450429421945344E+000
  1.0443966887785958E+000  1.0434318452468556E+000  1.0421538580222163E+000  1.0405699725624948E+000  1.0386892704120310E+000
  1.0365226753720693E+000  1.0340829625361807E+000  1.0313847737962036E+000  1.0284446383834966E+000  1.0252809450847340E+000
  1.0219139383792806E+000  1.0183656690097971E+000  1.0146599641718044E+000  1.0108222430882352E+000  1.0068798063891800E+000
  1.0028615472158726E+000  9.9880154326841608E-001  9.9472093228357350E-001  9.9066185717040178E-001  9.8665349888245291E-001
  9.8272853932413273E-001  9.7891947625786779E-001  9.7525828331026654E-001  9.7177614572719029E-001  9.6850307932703983E-001
  9.6546761624639788E-001  9.6269646791145824E-001  9.6021427659517722E-001  9.5804325080781105E-001  9.5620296845736186E-001
  9.5471012360310381E-001  9.5357833021766469E-001  9.5281794609190484E-001  9.5243598647597461E-001  9.5243598647598382E-001
  9.5281794609179682E-001  9.5357833021743743E-001  9.5471012360280516E-001  9.5620296845701847E-001  9.5804325080741759E-001
  9.6021427659474312E-001  9.6269646791103780E-001  9.6546761624598187E-001  9.6850307932663882E-001  9.7177614572680493E-001
  9.7525828330989073E-001  9.7891947625748665E-001  9.8272853932374782E-001  9.8665349888207299E-001  9.9066185717002231E-001
  9.9472093228319569E-001  9.9880154326815085E-001
BLOCK 31   1.7131860205200118E+000
  1.0029256074815138E+000  1.0069831234779067E+000  1.0109627311101872E+000  1.0148353322624815E+000  1.0185734463020657E+000
  1.0221515202779585E+000  1.0255456795537470E+000  1.0287338772011245E+000  1.0316959055572170E+000  1.0344134246081327E+000
  1.0368699876265461E+000  1.0390510402729796E+000  1.0409438961188382E+000  1.0425377324276650E+000  1.0438235634621360E+000
  1.0447942101881349E+000  1.0454443026198916E+000  1.0457702515113236E+000  1.0457702515113516E+000  1.0454443026199771E+000
  1.0447942101882715E+000  1.0438235634623225E+000  1.0425377324278970E+000  1.0409438961191189E+000  1.0390510402732935E+000
  1.0368699876268941E+000  1.0344134246085082E+000  1.0316959055576156E+000  1.0287338772015429E+000  1.0255456795541777E+000
  1.0221515202783902E+000  1.0185734463024974E+000  1.0148353322629002E+000  1.0109627311105984E+000  1.0069831234782993E+000
  1.0029256074818971E+000  9.9882502741533741E-001  9.9470129714947542E-001  9.9059851664058207E-001  9.8654578014639371E-001
  9.8257622149675872E-001  9.7872279252632199E-001  9.7501799555307933E-001  9.7149350851665617E-001  9.6817986537138467E-001
  9.6510610313937861E-001  9.6229947098165736E-001  9.5978504504176043E-001  9.5758549663002757E-001  9.5572079679624766E-001
  9.5420798516672545E-001  9.5306094432129684E-001  9.5229028544124972E-001  9.5190313766566970E-001  9.5190313766561196E-001
  9.5229028544112859E-001  9.5306094432107347E-001  9.5420798516643146E-001  9.5572079679591704E-001  9.5758549662955839E-001
  9.5978504504132500E-001  9.6229947098119428E-001  9.6510610313893286E-001  9.6817986537094669E-001  9.7149350851623395E-001
  9.7501799555267565E-001  9.7872279252593564E-001  9.8257622149636559E-001  9.8654578014599092E-001  9.9059851664018284E-001
  9.9470129714907696E-001  9.9882502741505519E-001
BLOCK 32   1.7702922212040129E+000
  1.0029902192409237E+000  1.0070884625412331E+000  1.0111066689018775E+000  1.0150155397313538E+000  1.0187874248585744E+000
  1.0223966540389744E+000  1.0258192648006537E+000  1.0290331828964043E+000  1.0320182229305173E+000  1.0347561094948132E+000
  1.0372304701979653E+000  1.0394268217405198E+000  1.0413325733704908E+000  1.0429369915238802E+000  1.0442311706176424E+000
  1.0452080114814986E+000  1.0458622005153095E+000  1.0461901874378472E+000  1.0461901874378774E+000  1.0458622005153921E+000
  1.0452080114816371E+000  1.0442311706178287E+000  1.0429369915241171E+000  1.0413325733707663E+000  1.0394268217408371E+000
  1.0372304701983184E+000  1.0347561094951967E+000  1.0320182229309249E+000  1.0290331828968351E+000  1.0258192648010973E+000
  1.0223966540394265E+000  1.0187874248590216E+000  1.0150155397318008E+000  1.0111066689023080E+000  1.0070884625416587E+000
  1.0029902192413365E+000  9.9884764595714848E-001  9.9467924909962657E-001  9.9053126194295871E-001  9.8643263747393173E-001
  9.8241697365912495E-001  9.7851775959200082E-001  9.7476798379034491E-001  9.7119984602260545E-001  9.6784439986595794E-001
  9.6473123484801104E-001  9.6188807348299288E-001  9.5934049997538873E-001  9.5711163076027261E-001  9.5522183861031218E-001
  9.5368849855598203E-001  9.5252581738404474E-001  9.5174458361945358E-001  9.5135212118584189E-001  9.5135212118576995E-001
  9.5174458361928238E-001  9.5252581738385667E-001  9.5368849855572047E-001  9.5522183860992527E-001  9.5711163075979477E-001
  9.5934049997486948E-001  9.6188807348251593E-001  9.6473123484752255E-001  9.6784439986548776E-001  9.7119984602215081E-001
  9.7476798378991147E-001  9.7851775959158194E-001  9.8241697365872105E-001  9.8643263747352272E-001  9.9053126194253560E-001
  9.9467924909920413E-001  9.9884764595686193E-001
BLOCK 33   1.8273984218880139E+000
  1.0030552480591239E+000  1.0071957138140766E+000  1.0112539929674509E+000  1.0152005444087808E+000  1.0190075797163050E+000
  1.0226493151889695E+000  1.0261016961859839E+000  1.0293425883477128E+000  1.0323518095953288E+000  1.0351111363593919E+000
  1.0376042591148322E+000  1.0398167837677419E+000  1.0417361972225863E+000  1.0433518459973730E+000  1.0446549025355722E+000
  1.0456383410966228E+000  1.0462968939028860E+000  1.0466270569229934E+000  1.0466270569230187E+000  1.0462968939029713E+000
  1.0456383410967609E+000  1.0446549025357645E+000  1.0433518459976090E+000  1.0417361972228658E+000  1.0398167837680630E+000
  1.0376042591151897E+000  1.0351111363597842E+000  1.0323518095957518E+000  1.0293425883481542E+000  1.0261016961864411E+000
  1.0226493151894356E+000  1.0190075797167784E+000  1.0152005444092489E+000  1.0112539929679192E+000  1.0071957138145280E+000
  1.0030552480595571E+000  9.9886918233226452E-001  9.9465463315229175E-001  9.9045993980400904E-001  9.8631391604338403E-001
  9.8225068767062307E-001  9.7830423830213431E-001  9.7450810164988266E-001  9.7089500979485621E-001  9.6749657003390988E-001
  9.6434286834642491E-001  9.6146216631256765E-001  9.5888053971607512E-001  9.5662155452366859E-001  9.5470598903165826E-001
  9.5315159756673684E-001  9.5197284160344131E-001  9.5118077670699708E-001  9.5078285064020107E-001  9.5078285064017098E-001
  9.5118077670686618E-001  9.5197284160321927E-001  9.5315159756643952E-001  9.5470598903123938E-001  9.5662155452320496E-001
  9.5888053971554643E-001  9.6146216631200676E-001  9.6434286834590977E-001  9.6749657003339984E-001  9.7089500979436938E-001
  9.7450810164941482E-001  9.7830423830168400E-001  9.8225068767018597E-001  9.8631391604295882E-001  9.9045993980357971E-001
  9.9465463315184777E-001  9.9886918233197219E-001
BLOCK 34   1.8845046225720150E+000
  1.0031205876185287E+000  1.0073047775815127E+000  1.0114046206651581E+000  1.0153902902811716E+000  1.0192339021878003E+000
  1.0229095074187149E+000  1.0263929753759571E+000  1.0296621232649601E+000  1.0326967415005426E+000  1.0354786157294407E+000
  1.0379915081765703E+000  1.0402211022743655E+000  1.0421549644275292E+000  1.0437825149428885E+000  1.0450950014498488E+000
  1.0460854487951943E+000  1.0467486513551654E+000  1.0470811284219597E+000  1.0470811284219885E+000  1.0467486513552489E+000
  1.0460854487953344E+000  1.0450950014500413E+000  1.0437825149431277E+000  1.0421549644278167E+000  1.0402211022746921E+000
  1.0379915081769377E+000  1.0354786157298432E+000  1.0326967415009740E+000  1.0296621232654124E+000  1.0263929753764278E+000
  1.0229095074191989E+000  1.0192339021882870E+000  1.0153902902816780E+000  1.0114046206656522E+000  1.0073047775819888E+000
  1.0031205876189877E+000  9.9888957290390457E-001  9.9462727178699561E-001  9.9038435435110639E-001  9.8618946989507950E-001
  9.8207720086212991E-001  9.7808208221303694E-001  9.7423820209724210E-001  9.7057886915702951E-001  9.6713621200277899E-001
  9.6394087299409481E-001  9.6102163191285639E-001  9.5840504993211717E-001  9.5611516212673098E-001  9.5417317478911856E-001
  9.5259717778175035E-001  9.5140195820981110E-001  9.5059877991088959E-001  9.5019525889341538E-001  9.5019525889338619E-001
  9.5059877991080233E-001  9.5140195820956763E-001  9.5259717778136865E-001  9.5417317478873120E-001  9.5611516212622238E-001
  9.5840504993159426E-001  9.6102163191228562E-001  9.6394087299350173E-001  9.6713621200223543E-001  9.7057886915650193E-001
  9.7423820209673595E-001  9.7808208221255166E-001  9.8207720086166328E-001  9.8618946989462308E-001  9.9038435435065841E-001
  9.9462727178654620E-001  9.9888957290361535E-001
BLOCK 35   1.9416108232560161E+000
  1.0031861202362142E+000  1.0074155627264028E+000  1.0115584447962920E+000  1.0155847569730370E+000  1.0194663714448911E+000
  1.0231772434476183E+000  1.0266931404727537E+000  1.0299918318541967E+000  1.0330530754089644E+000  1.0358586568388186E+000
  1.0383923673668483E+000  1.0406399582791959E+000  1.0425890780844520E+000  1.0442292252980172E+000  1.0455517016826450E+000
  1.0465495950850299E+000  1.0472177342267930E+000  1.0475526739205265E+000  1.0475526739205572E+000  1.0472177342268789E+000
  1.0465495950851724E+000  1.0455517016828364E+000  1.0442292252982650E+000  1.0425890780847424E+000  1.0406399582795327E+000
  1.0383923673672253E+000  1.0358586568392307E+000  1.0330530754094054E+000  1.0299918318546637E+000  1.0266931404732407E+000
  1.0231772434481214E+000  1.0194663714454182E+000  1.0155847569735541E+000  1.0115584447968113E+000  1.0074155627269077E+000
  1.0031861202366894E+000  9.9890857919924869E-001  9.9459700654645133E-001  9.9030436464728644E-001  9.8605911370545329E-001
  9.8189635643787010E-001  9.7785115366098985E-001  9.7395817259575224E-001  9.7025127915008025E-001  9.6676319788461851E-001
  9.6352511838091848E-001  9.6056633092004351E-001  9.5791390756102346E-001  9.5559234917465319E-001  9.5362327147071924E-001
  9.5202514627449086E-001  9.5081305607610689E-001  9.4999849449247076E-001  9.4958924424124880E-001  9.4958924424121427E-001
  9.4999849449231721E-001  9.5081305607586086E-001  9.5202514627415613E-001  9.5362327147025550E-001  9.5559234917424729E-001
  9.5791390756033967E-001  9.6056633091945021E-001  9.6352511838031929E-001  9.6676319788399934E-001  9.7025127914950637E-001
  9.7395817259520490E-001  9.7785115366046671E-001  9.8189635643736628E-001  9.8605911370496635E-001  9.9030436464680849E-001
  9.9459700654598227E-001  9.9890857919897669E-001
BLOCK 36   1.9987170239400172E+000
  1.0032517002186172E+000  1.0075279414834812E+000  1.0117154330245470E+000  1.0157838716643723E+000  1.0197049814369656E+000
  1.0234525393243370E+000  1.0270022396591596E+000  1.0303317780139165E+000  1.0334208911555252E+000  1.0362513587711935E+000
  1.0388069760354861E+000  1.0410735350490157E+000  1.0430387549660562E+000  1.0446922050145238E+000  1.0460252551727409E+000
  1.0470310370609390E+000  1.0477044150214430E+000  1.0480419690658125E+000  1.0480419690658418E+000  1.0477044150215338E+000
  1.0470310370610818E+000  1.0460252551729401E+000  1.0446922050147704E+000  1.0430387549663587E+000  1.0410735350493612E+000
  1.0388069760358740E+000  1.0362513587716149E+000  1.0334208911559783E+000  1.0303317780143955E+000  1.0270022396596683E+000
  1.0234525393248723E+000  1.0197049814375050E+000  1.0157838716649221E+000  1.0117154330250844E+000  1.0075279414839968E+000
  1.0032517002191026E+000  9.9892614929095680E-001  9.9456369811164025E-001  9.9021977833340979E-001  9.8592266794168459E-001
  9.8170796799038862E-001  9.7761129074466369E-001  9.7366784671068318E-001  9.6991211270425459E-001  9.6637739836189218E-001
  9.6309545534347751E-001  9.6009612958045831E-001  9.5740698698135973E-001  9.5505298816771056E-001  9.5305617841920653E-001
  9.5143540259366788E-001  9.5020603707436879E-001  9.4937983374807478E-001  9.4896471495612389E-001  9.4896471495603674E-001
  9.4937983374788382E-001  9.5020603707411666E-001  9.5143540259334358E-001  9.5305617841883294E-001  9.5505298816710726E-001
  9.5740698698076632E-001  9.6009612957973434E-001  9.6309545534282570E-001  9.6637739836125969E-001  9.6991211270361100E-001
  9.7366784671008610E-001  9.7761129074410014E-001  9.8170796798985061E-001  9.8592266794116246E-001  9.9021977833290542E-001
  9.9456369811114498E-001  9.9892614929068413E-001
BLOCK 37   2.0558232246240182E+000
  1.0033172009455673E+000  1.0076418332260713E+000  1.0118754888736810E+000  1.0159876109421788E+000  1.0199497042132080E+000
  1.0237354208595280E+000  1.0273203171448422E+000  1.0306820424212639E+000  1.0338002916754789E+000  1.0366568307455704E+000
  1.0392354667525687E+000  1.0415220058079524E+000  1.0435042033872919E+000  1.0451716939539282E+000  1.0465159130961945E+000
  1.0475300364766960E+000  1.0482089643895536E+000  1.0485492883748015E+000  1.0485492883748324E+000  1.0482089643896415E+000
  1.0475300364768467E+000  1.0465159130963957E+000  1.0451716939541849E+000  1.0435042033875990E+000  1.0415220058083106E+000
  1.0392354667529649E+000  1.0366568307460040E+000  1.0338002916759470E+000  1.0306820424217646E+000  1.0273203171453751E+000
  1.0237354208600791E+000  1.0199497042137762E+000  1.0159876109427455E+000  1.0118754888742323E+000  1.0076418332265908E+000
  1.0033172009460702E+000  9.9894203489682076E-001  9.9452718390295447E-001  9.9013045339726169E-001  9.8577997225122327E-001
  9.8151187642170823E-001  9.7736231002703378E-001  9.7336707988303584E-001  9.6956123684430939E-001  9.6597867924026914E-001
  9.6265176596341484E-001  9.5961089293445301E-001  9.5688414208233752E-001  9.5449694333765944E-001  9.5247176712277548E-001
  9.5082781071265254E-001  9.4958078946937075E-001  9.4874266638337879E-001  9.4832155229494230E-001  9.4832155229487813E-001
  9.4874266638320315E-001  9.4958078946910507E-001  9.5082781071233236E-001  9.5247176712229509E-001  9.5449694333709156E-001
  9.5688414208165595E-001  9.5961089293378521E-001  9.6265176596264901E-001  9.6597867923956804E-001  9.6956123684365214E-001
  9.7336707988237403E-001  9.7736231002641538E-001  9.8151187642112692E-001  9.8577997225067104E-001  9.9013045339672623E-001
  9.9452718390243067E-001  9.9894203489654876E-001
BLOCK 38   2.1129294253080193E+000
  1.0033825239578726E+000  1.0077571305894566E+000  1.0120385425995209E+000  1.0161959175007778E+000  1.0202005429275889E+000
  1.0240258919851024E+000  1.0276474300619534E+000  1.0310427090994552E+000  1.0341913860174008E+000  1.0370752098656852E+000
  1.0396779863681020E+000  1.0419855347654157E+000  1.0439856265915199E+000  1.0456679325486129E+000  1.0470239350656716E+000
  1.0480468685795419E+000  1.0487316574839911E+000  1.0490749125273526E+000  1.0490749125273811E+000  1.0487316574840826E+000
  1.0480468685796920E+000  1.0470239350658819E+000  1.0456679325488787E+000  1.0439856265918355E+000  1.0419855347657803E+000
  1.0396779863685117E+000  1.0370752098661333E+000  1.0341913860178891E+000  1.0310427090999810E+000  1.0276474300625047E+000
  1.0240258919856791E+000  1.0202005429281746E+000  1.0161959175013535E+000  1.0120385426000782E+000  1.0077571305899997E+000
  1.0033825239583940E+000  9.9895617732285213E-001  9.9448729487925369E-001  9.9003621624159921E-001  9.8563085850531984E-001
  9.8130788795489976E-001  9.7710404074243873E-001  9.7305568864970260E-001  9.6919847353801847E-001  9.6556690345529272E-001
  9.6219391686144984E-001  9.5911048861688419E-001  9.5634523866622811E-001  9.5392408163016584E-001  9.5186989300691138E-001
  9.5020226281602616E-001  9.4893718509736036E-001  9.4808689256489442E-001  9.4765964565868888E-001  9.4765964565866156E-001
  9.4808689256475887E-001  9.4893718509710534E-001  9.5020226281559839E-001  9.5186989300638514E-001  9.5392408162960518E-001
  9.5634523866553423E-001  9.5911048861613601E-001  9.6219391686072597E-001  9.6556690345449492E-001  9.6919847353727429E-001
  9.7305568864901937E-001  9.7710404074176260E-001  9.8130788795426560E-001  9.8563085850472532E-001  9.9003621624103011E-001
  9.9448729487870036E-001  9.9895617732258579E-001
BLOCK 39   2.1700356259920204E+000
  1.0034475278814918E+000  1.0078737486147509E+000  1.0122045312333077E+000  1.0164087502395738E+000  1.0204574720438639E+000
  1.0243239880741073E+000  1.0279836263015245E+000  1.0314138637231514E+000  1.0345942929590790E+000  1.0375066398259347E+000
  1.0401346997323007E+000  1.0424642969946230E+000  1.0444832191320341E+000  1.0461811429647934E+000  1.0475495825561929E+000
  1.0485818053417493E+000  1.0492727761998932E+000  1.0496191203120131E+000  1.0496191203120446E+000  1.0492727761999860E+000
  1.0485818053419043E+000  1.0475495825564118E+000  1.0461811429650676E+000  1.0444832191323625E+000  1.0424642969949958E+000
  1.0401346997327232E+000  1.0375066398264050E+000  1.0345942929595919E+000  1.0314138637236969E+000  1.0279836263021029E+000
  1.0243239880747002E+000  1.0204574720444541E+000  1.0164087502401575E+000  1.0122045312338817E+000  1.0078737486153062E+000
  1.0034475278820347E+000  9.9896834463220452E-001  9.9444389021282364E-001  9.8993689958585751E-001  9.8547515324131618E-001
  9.8109585957189627E-001  9.7683631639082591E-001  9.7273350027025562E-001  9.6882366604052395E-001  9.6514190949146295E-001
  9.6172176588247427E-001  9.5859478816986154E-001  9.5579014705387455E-001  9.5333424537641709E-001  9.5125041539127453E-001
  9.4955858875861332E-001  9.4827508450219300E-001  9.4741236087857084E-001  9.4697885524139369E-001  9.4697885524135050E-001
  9.4741236087845371E-001  9.4827508450189046E-001  9.4955858875815935E-001  9.5125041539075572E-001  9.5333424537575373E-001
  9.5579014705328158E-001  9.5859478816900401E-001  9.6172176588166014E-001  9.6514190949068823E-001  9.6882366603969772E-001
  9.7273350026947503E-001  9.7683631639012525E-001  9.8109585957121348E-001  9.8547515324066326E-001  9.8993689958524533E-001
  9.9444389021224566E-001  9.9896834463194339E-001
BLOCK 40   2.2271418266760215E+000
  1.0035121147194805E+000  1.0079915819586245E+000  1.0123733831379995E+000  1.0166260749530640E+000  1.0207204828194794E+000
  1.0246297231631134E+000  1.0283289679799266E+000  1.0317955931520777E+000  1.0350091349886181E+000  1.0379512706935352E+000
  1.0406057823354515E+000  1.0429584906725871E+000  1.0449971830970188E+000  1.0467115492566239E+000  1.0480931026778952E+000
  1.0491351256519732E+000  1.0498326096925463E+000  1.0501822044685689E+000  1.0501822044686033E+000  1.0498326096926440E+000
  1.0491351256521373E+000  1.0480931026781177E+000  1.0467115492569081E+000  1.0449971830973570E+000  1.0429584906729774E+000
  1.0406057823358916E+000  1.0379512706940290E+000  1.0350091349891530E+000  1.0317955931526508E+000  1.0283289679805230E+000
  1.0246297231637160E+000  1.0207204828200822E+000  1.0166260749536611E+000  1.0123733831385864E+000  1.0079915819591969E+000
  1.0035121147200390E+000  9.9897849664599503E-001  9.9439681827844639E-001  9.8983233218472089E-001  9.8531267454909233E-001
  9.8087559262914947E-001  9.7655895288952110E-001  9.7240034318791890E-001  9.6843662706056954E-001  9.6470351760198325E-001
  9.6123514810474953E-001  9.5806364658552379E-001  9.5521872561085452E-001  9.5272731508468433E-001  9.5061318174586673E-001
  9.4889665161078485E-001  9.4759434063072689E-001  9.4671893975732857E-001  9.4627905353678665E-001  9.4627905353673314E-001
  9.4671893975711396E-001  9.4759434063040693E-001  9.4889665161037751E-001  9.5061318174528042E-001  9.5272731508412312E-001
  9.5521872561008769E-001  9.5806364658467624E-001  9.6123514810380561E-001  9.6470351760109729E-001  9.6843662705975508E-001
  9.7240034318707758E-001  9.7655895288871630E-001  9.8087559262842561E-001  9.8531267454840066E-001  9.8983233218406064E-001
  9.9439681827782633E-001  9.9897849664573746E-001
BLOCK 41   2.2842480273600225E+000
  1.0035761686580378E+000  1.0081105534052663E+000  1.0125450307722659E+000  1.0168478501100910E+000  1.0209895803957907E+000
  1.0249431201828039E+000  1.0286835094171434E+000  1.0321879958196019E+000  1.0354360328221228E+000  1.0384092571145469E+000
  1.0410914156782614E+000  1.0434683154351247E+000  1.0455277397779423E+000  1.0472593752482282E+000  1.0486547326709674E+000
  1.0497070911235682E+000  1.0504114435701346E+000  1.0507644643728868E+000  1.0507644643729204E+000  1.0504114435702410E+000
  1.0497070911237372E+000  1.0486547326712001E+000  1.0472593752485191E+000  1.0455277397782918E+000  1.0434683154355360E+000
  1.0410914156787296E+000  1.0384092571150592E+000  1.0354360328226837E+000  1.0321879958201963E+000  1.0286835094177491E+000
  1.0249431201834187E+000  1.0209895803964077E+000  1.0168478501107012E+000  1.0125450307728645E+000  1.0081105534058534E+000
  1.0035761686586202E+000  9.9898638324448219E-001  9.9434592916399567E-001  9.8972237871430280E-001  9.8514326519465567E-001
  9.8064690992414516E-001  9.7627178121377833E-001  9.7205604502679188E-001  9.6803719080294703E-001  9.6425156004347934E-001
  9.6073389128821862E-001  9.5751689032552456E-001  9.5463082910377717E-001  9.5210313450067086E-001  9.4995804532814998E-001
  9.4821628487884302E-001  9.4689477674261857E-001  9.4600645534539551E-001  9.4556006643479829E-001  9.4556006643468615E-001
  9.4600645534514294E-001  9.4689477674228917E-001  9.4821628487838616E-001  9.4995804532769090E-001  9.5210313449996764E-001
  9.5463082910294139E-001  9.5751689032462273E-001  9.6073389128728726E-001  9.6425156004248813E-001  9.6803719080200268E-001
  9.7205604502594523E-001  9.7627178121292479E-001  9.8064690992331816E-001  9.8514326519392104E-001  9.8972237871360780E-001
  9.9434592916333120E-001  9.9898638324421973E-001
BLOCK 42   2.3413542280440236E+000
  1.0036395788142252E+000  1.0082305697393052E+000  1.0127194189574245E+000  1.0170740446733717E+000  1.0212647484976580E+000
  1.0252642198729804E+000  1.0290473108608005E+000  1.0325911606361333E+000  1.0358751189780548E+000  1.0388807568733662E+000
  1.0415917852642556E+000  1.0439939824931954E+000  1.0460751181237815E+000  1.0478248626631885E+000  1.0492347213756088E+000
  1.0502979593721071E+000  1.0510095645400583E+000  1.0513662079075798E+000  1.0513662079076180E+000  1.0510095645401654E+000
  1.0502979593722861E+000  1.0492347213758506E+000  1.0478248626634901E+000  1.0460751181241505E+000  1.0439939824936273E+000
  1.0415917852647456E+000  1.0388807568739089E+000  1.0358751189786404E+000  1.0325911606367419E+000  1.0290473108614164E+000
  1.0252642198736033E+000  1.0212647484982866E+000  1.0170740446739939E+000  1.0127194189580393E+000  1.0082305697399119E+000
  1.0036395788148416E+000  9.9899198785693177E-001  9.9429108661154109E-001  9.8960685319103858E-001  9.8496674452627531E-001
  9.8040964030218392E-001  9.7597459250483465E-001  9.7170040395451718E-001  9.6762517107829149E-001  9.6378585247746773E-001
  9.6021780924610278E-001  9.5695434646057154E-001  9.5402627984459709E-001  9.5146155205726801E-001  9.4928486795879041E-001
  9.4751734346194938E-001  9.4617625000825356E-001  9.4527474354429042E-001  9.4482173097957944E-001  9.4482173097949917E-001
  9.4527474354406915E-001  9.4617625000789141E-001  9.4751734346152539E-001  9.4928486795818934E-001  9.5146155205652461E-001
  9.5402627984376864E-001  9.5695434645958632E-001  9.6021780924511402E-001  9.6378585247648785E-001  9.6762517107725698E-001
  9.7170040395352320E-001  9.7597459250395946E-001  9.8040964030133426E-001  9.8496674452544375E-001  9.8960685319029307E-001
  9.9429108661085264E-001  9.9899198785666032E-001
BLOCK 43   2.3984604287280247E+000
  1.0037022455156410E+000  1.0083515522651629E+000  1.0128964917769934E+000  1.0173046313642535E+000  1.0215459974659842E+000
  1.0255930446360508E+000  1.0294204469308965E+000  1.0330051854518836E+000  1.0363265199935316E+000  1.0393659324669831E+000
  1.0421070785201998E+000  1.0445357044960570E+000  1.0466395461165998E+000  1.0484082586256709E+000  1.0498333236930799E+000
  1.0509079967296291E+000  1.0516272479009670E+000  1.0519877257060046E+000  1.0519877257060410E+000  1.0516272479010791E+000
  1.0509079967298138E+000  1.0498333236933317E+000  1.0484082586259951E+000  1.0466395461169880E+000  1.0445357044965125E+000
  1.0421070785207143E+000  1.0393659324675550E+000  1.0363265199941296E+000  1.0330051854524911E+000  1.0294204469315420E+000
  1.0255930446366912E+000  1.0215459974666179E+000  1.0173046313648872E+000  1.0128964917776271E+000  1.0083515522658035E+000
  1.0037022455162830E+000  9.9899505567302582E-001  9.9423214471550336E-001  9.8948562547360186E-001  9.8478295814357386E-001
  9.8016360548284498E-001  9.7566722779329362E-001  9.7133323768424551E-001  9.6720037319162144E-001  9.6330621127155447E-001
  9.5968672795194210E-001  9.5637582579351155E-001  9.5340489070179180E-001  9.5080238647797699E-001  9.4859346631438624E-001
  9.4679966772822510E-001  9.4543857657658059E-001  9.4452361399320384E-001  9.4406383408293837E-001  9.4406383408290573E-001
  9.4452361399301143E-001  9.4543857657624730E-001  9.4679966772771906E-001  9.4859346631368058E-001  9.5080238647718451E-001
  9.5340489070093659E-001  9.5637582579254443E-001  9.5968672795088783E-001  9.6330621127048421E-001  9.6720037319058638E-001
  9.7133323768318591E-001  9.7566722779227322E-001  9.8016360548195192E-001  9.8478295814273109E-001  9.8948562547277619E-001
  9.9423214471475430E-001  9.9899505567276925E-001
BLOCK 44   2.4555666294120257E+000
  1.0037640677596047E+000  1.0084734255492103E+000  1.0130761918336053E+000  1.0175395870276045E+000  1.0218333318484807E+000
  1.0259296365282269E+000  1.0298029768737009E+000  1.0334301801347980E+000  1.0367903678650605E+000  1.0398649452738391E+000
  1.0426374906923508E+000  1.0450936953772210E+000  1.0472212637489231E+000  1.0490098163005728E+000  1.0504508147903624E+000
  1.0515374890286910E+000  1.0522647789001149E+000  1.0526292944584990E+000  1.0526292944585369E+000  1.0522647789002313E+000
  1.0515374890288813E+000  1.0504508147906317E+000  1.0490098163009149E+000  1.0472212637493374E+000  1.0450936953777008E+000
  1.0426374906928946E+000  1.0398649452744173E+000  1.0367903678656663E+000  1.0334301801354422E+000  1.0298029768743411E+000
  1.0259296365288875E+000  1.0218333318491337E+000  1.0175395870282538E+000  1.0130761918342663E+000  1.0084734255498700E+000
  1.0037640677602711E+000  9.9899558339998429E-001  9.9416896346578965E-001  9.8935852363118870E-001  9.8459172496212177E-001
  9.7990861929494788E-001  9.7534948139561661E-001  9.7095434924174095E-001  9.6676258875053089E-001  9.6281242524807498E-001
  9.5914044259103048E-001  9.5578113861998437E-001  9.5276647946246529E-001  9.5012544511748487E-001  9.4788367339594248E-001
  9.4606308322210975E-001  9.4468160181844218E-001  9.4375289642855331E-001  9.4328620052099099E-001  9.4328620052091461E-001
  9.4375289642840265E-001  9.4468160181809802E-001  9.4606308322149280E-001  9.4788367339525725E-001  9.5012544511664521E-001
  9.5276647946158111E-001  9.5578113861900449E-001  9.5914044258987041E-001  9.6281242524694344E-001  9.6676258874940046E-001
  9.7095434924067092E-001  9.7534948139454702E-001  9.7990861929391304E-001  9.8459172496121672E-001  9.8935852363035826E-001
  9.9416896346498218E-001  9.9899558339969663E-001
BLOCK 45   2.5126728300960268E+000
  1.0038249497435983E+000  1.0085961177172869E+000  1.0132584836361913E+000  1.0177788922825259E+000  1.0221267628002466E+000
  1.0262740397231127E+000  1.0301949806081567E+000  1.0338662408661980E+000  1.0372668057106549E+000  1.0403779602361940E+000
  1.0431832088506248E+000  1.0456681733614390E+000  1.0478205071567488E+000  1.0496297971637873E+000  1.0510874722500876E+000
  1.0521867213778024E+000  1.0529224357709968E+000  1.0532911769384952E+000  1.0532911769385367E+000  1.0529224357711153E+000
  1.0521867213780067E+000  1.0510874722503740E+000  1.0496297971641526E+000  1.0478205071571907E+000  1.0456681733619508E+000
  1.0431832088511781E+000  1.0403779602367831E+000  1.0372668057112879E+000  1.0338662408668453E+000  1.0301949806088224E+000
  1.0262740397237715E+000  1.0221267628009265E+000  1.0177788922832098E+000  1.0132584836368645E+000  1.0085961177179710E+000
  1.0038249497443257E+000  9.9899331385559509E-001  9.9410141565752419E-001  9.8922540699184791E-001  9.8439289253790296E-001
  9.7964451944186093E-001  9.7502117675252054E-001  9.7056354563868252E-001  9.6631163398643938E-001  9.6230429044696664E-001
  9.5857874058765880E-001  9.5517008387074587E-001  9.5211083843765998E-001  9.4943053389788723E-001  9.4715526984678666E-001
  9.4530737749485572E-001  9.4390510838883879E-001  9.4296238636523455E-001  9.4248863251942228E-001  9.4248863251937631E-001
  9.4296238636500052E-001  9.4390510838840380E-001  9.4530737749428051E-001  9.4715526984607179E-001  9.4943053389707577E-001
  9.5211083843670397E-001  9.5517008386974389E-001  9.5857874058638770E-001  9.6230429044567933E-001  9.6631163398524078E-001
  9.7056354563751013E-001  9.7502117675142552E-001  9.7964451944079678E-001  9.8439289253686724E-001  9.8922540699093942E-001
  9.9410141565671351E-001  9.9899331385529522E-001
BLOCK 46   2.5697790307800279E+000
  1.0038848005766194E+000  1.0087195600600518E+000  1.0134433192188168E+000  1.0180225376748895E+000  1.0224263065462011E+000
  1.0266262975594773E+000  1.0305965363931493E+000  1.0343134809536703E+000  1.0377559660328610E+000  1.0409051490933543E+000
  1.0437444280011081E+000  1.0462593575960304E+000  1.0484375264033330E+000  1.0502684757540695E+000  1.0517435830000739E+000
  1.0528559810081577E+000  1.0536004986590322E+000  1.0539736532658353E+000  1.0539736532658759E+000  1.0536004986591605E+000
  1.0528559810083762E+000  1.0517435830003792E+000  1.0502684757544618E+000  1.0484375264038039E+000  1.0462593575965566E+000
  1.0437444280016761E+000  1.0409051490939736E+000  1.0377559660335023E+000  1.0343134809543315E+000  1.0305965363938239E+000
  1.0266262975601692E+000  1.0224263065468948E+000  1.0180225376755903E+000  1.0134433192195291E+000  1.0087195600607910E+000
  1.0038848005773673E+000  9.9898826739554114E-001  9.9402935369193535E-001  9.8908611409408587E-001  9.8418628018474053E-001
  9.7937110538604066E-001  9.7468211310131070E-001  9.7016061851376267E-001  9.6584727904548073E-001  9.6178159297029242E-001
  9.5800140682504242E-001  9.5454242986777738E-001  9.5143776327486740E-001  9.4871744315090600E-001  9.4640805323332911E-001
  9.4453234137121722E-001  9.4310889552318977E-001  9.4215190993343600E-001  9.4167097735531291E-001  9.4167097735520167E-001
  9.4215190993310349E-001  9.4310889552273891E-001  9.4453234137066522E-001  9.4640805323261556E-001  9.4871744315005180E-001
  9.5143776327390983E-001  9.5454242986650939E-001  9.5800140682384993E-001  9.6178159296895094E-001  9.6584727904412027E-001
  9.7016061851251423E-001  9.7468211310012021E-001  9.7937110538493355E-001  9.8418628018369114E-001  9.8908611409306624E-001
  9.9402935369102918E-001  9.9898826739527102E-001
BLOCK 47   2.6268852314640290E+000
  1.0039435385096160E+000  1.0088436980410322E+000  1.0136306680363105E+000  1.0182705160488577E+000  1.0227319898452985E+000
  1.0269864662834525E+000  1.0310077240807680E+000  1.0347720158702551E+000  1.0382579911479870E+000  1.0414466744487827E+000
  1.0443213478981486E+000  1.0468674714402884E+000  1.0490725737040720E+000  1.0509261212183170E+000  1.0524194236878344E+000
  1.0535455413848085E+000  1.0542992446884858E+000  1.0546770068570523E+000  1.0546770068570994E+000  1.0542992446886290E+000
  1.0535455413850427E+000  1.0524194236881659E+000  1.0509261212187346E+000  1.0490725737045592E+000  1.0468674714408306E+000
  1.0443213478987521E+000  1.0414466744494140E+000  1.0382579911486418E+000  1.0347720158709306E+000  1.0310077240814610E+000
  1.0269864662841621E+000  1.0227319898460125E+000  1.0182705160495833E+000  1.0136306680370737E+000  1.0088436980417903E+000
  1.0039435385103821E+000  9.9898017465227329E-001  9.9395266543513827E-001  9.8894050825227031E-001  9.8397173446559205E-001
  9.7908821518452582E-001  9.7433210539416748E-001  9.6974537275439343E-001  9.6536932513410778E-001  9.6124411435307933E-001
  9.5740821942880761E-001  9.5389795858649351E-001  9.5074700534036716E-001  9.4798592667938453E-001  9.4564177847553477E-001
  9.4373772722944804E-001  9.4229273413290193E-001  9.4132125153074486E-001  9.4083303928864659E-001  9.4083303928848250E-001
  9.4132125153042168E-001  9.4229273413244730E-001  9.4373772722884408E-001  9.4564177847483333E-001  9.4798592667849857E-001
  9.5074700533919831E-001  9.5389795858533599E-001  9.5740821942738685E-001  9.6124411435176893E-001  9.6536932513271911E-001
  9.6974537275298966E-001  9.7433210539288628E-001  9.7908821518333444E-001  9.8397173446449038E-001  9.8894050825124225E-001
  9.9395266543414851E-001  9.9898017465194044E-001
BLOCK 48   2.6839914321480300E+000
  1.0040010746421058E+000  1.0089684690016207E+000  1.0138205027022607E+000  1.0185228256905317E+000  1.0230438378436306E+000
  1.0273546031932534E+000  1.0314286343771939E+000  1.0352419543366658E+000  1.0387730275341125E+000  1.0420027107176948E+000
  1.0449141679445286E+000  1.0474927556846054E+000  1.0497259053163297E+000  1.0516030032009647E+000  1.0531152683577492E+000
  1.0542556871871012E+000  1.0550189695011027E+000  1.0554015378185504E+000  1.0554015378186050E+000  1.0550189695012597E+000
  1.0542556871873625E+000  1.0531152683581051E+000  1.0516030032014010E+000  1.0497259053168315E+000  1.0474927556851785E+000
  1.0449141679451439E+000  1.0420027107183414E+000  1.0387730275347873E+000  1.0352419543373585E+000  1.0314286343779080E+000
  1.0273546031939731E+000  1.0230438378443787E+000  1.0185228256913073E+000  1.0138205027030220E+000  1.0089684690024077E+000
  1.0040010746429808E+000  9.9896908421272768E-001  9.9387120347814728E-001  9.8878842529657962E-001  9.8374907499299991E-001
  9.7879564671274233E-001  9.7397094151812980E-001  9.6931758278513913E-001  9.6487754355122679E-001  9.6069161915879986E-001
  9.5679893812489736E-001  9.5323642361292171E-001  9.5003831528315452E-001  9.4723572571693060E-001  9.4485619135559273E-001
  9.4292331968743603E-001  9.4145642799565799E-001  9.4047024344128483E-001  9.3997465987801454E-001  9.3997465987796236E-001
  9.4047024344100372E-001  9.4145642799517593E-001  9.4292331968682408E-001  9.4485619135479149E-001  9.4723572571591041E-001
  9.5003831528204885E-001  9.5323642361158933E-001  9.5679893812354389E-001  9.6069161915729551E-001  9.6487754354983091E-001
  9.6931758278372060E-001  9.7397094151671049E-001  9.7879564671144947E-001  9.8374907499181685E-001  9.8878842529549593E-001
  9.9387120347715385E-001  9.9896908421235531E-001
BLOCK 49   2.7410976328320311E+000
  1.0040573443251863E+000  1.0090938303276922E+000  1.0140127998089308E+000  1.0187794788537641E+000  1.0233618882993418E+000
  1.0277307730332235E+000  1.0318593572804271E+000  1.0357234200693222E+000  1.0393012172702851E+000  1.0425734391437935E+000
  1.0455230998334266E+000  1.0481354395670621E+000  1.0503977716694224E+000  1.0522993755603729E+000  1.0538313830684201E+000
  1.0549867009138181E+000  1.0557599665834612E+000  1.0561475447278816E+000  1.0561475447279405E+000  1.0557599665836375E+000
  1.0549867009141036E+000  1.0538313830687946E+000  1.0522993755608245E+000  1.0503977716699546E+000  1.0481354395676497E+000
  1.0455230998340539E+000  1.0425734391444610E+000  1.0393012172709786E+000  1.0357234200700389E+000  1.0318593572811507E+000
  1.0277307730339815E+000  1.0233618883001201E+000  1.0187794788545395E+000  1.0140127998097415E+000  1.0090938303285741E+000
  1.0040573443260987E+000  9.9895472183332634E-001  9.9378486317475445E-001  9.8862973510171381E-001  9.8351814841679774E-001
  9.7849322964933116E-001  9.7359843419409697E-001  9.6887705046391703E-001  9.6437171111764886E-001  9.6012388189598696E-001
  9.5617331433326824E-001  9.5255754812695148E-001  9.4931141083637194E-001  9.4646654183931422E-001  9.4405100212042103E-001
  9.4208883991848447E-001  9.4059974051281392E-001  9.3959868553033810E-001  9.3909567837596752E-001  9.3909567837590557E-001
  9.3959868553011994E-001  9.4059974051237172E-001  9.4208883991779069E-001  9.4405100211948312E-001  9.4646654183827494E-001
  9.4931141083517878E-001  9.5255754812562343E-001  9.5617331433178354E-001  9.6012388189452658E-001  9.6437171111608089E-001
  9.6887705046246175E-001  9.7359843419267178E-001  9.7849322964791452E-001  9.8351814841551044E-001  9.8862973510055485E-001
  9.9378486317369641E-001  9.9895472183297096E-001
BLOCK 50   2.7982038335160322E+000
  1.0041122641782469E+000  1.0092197342137579E+000  1.0142075444331469E+000  1.0190404811633513E+000  1.0236861827653763E+000
  1.0281150411231577E+000  1.0322999862029596E+000  1.0362165351343808E+000  1.0398427197993041E+000  1.0431590445021528E+000
  1.0461483618031853E+000  1.0487957552287679E+000  1.0510884146296580E+000  1.0530154994583554E+000  1.0545680471466159E+000
  1.0557388775297130E+000  1.0565225448737430E+000  1.0569153454213247E+000  1.0569153454213898E+000  1.0565225448739362E+000
  1.0557388775300156E+000  1.0545680471470091E+000  1.0530154994588354E+000  1.0510884146302064E+000  1.0487957552293659E+000
  1.0461483618038374E+000  1.0431590445028374E+000  1.0398427198000191E+000  1.0362165351351118E+000  1.0322999862037254E+000
  1.0281150411239388E+000  1.0236861827661607E+000  1.0190404811641747E+000  1.0142075444340448E+000  1.0092197342146731E+000
  1.0041122641791751E+000  9.9893715167662100E-001  9.9369350101584841E-001  9.8846427348418309E-001  9.8327876661422331E-001
  9.7818075787321845E-001  9.7321436155115371E-001  9.6842353381838919E-001  9.6385158496304568E-001  9.5954062644360583E-001
  9.5553105857036491E-001  9.5186103305337366E-001  9.4856596288466777E-001  9.4567806277990452E-001  9.4322589580825056E-001
  9.4123398653293144E-001  9.3972242055216171E-001  9.3870646401926172E-001  9.3819616961269336E-001  9.3819616961259666E-001
  9.3870646401903290E-001  9.3972242055172106E-001  9.4123398653216450E-001  9.4322589580730798E-001  9.4567806277877775E-001
  9.4856596288338013E-001  9.5186103305205794E-001  9.5553105856902310E-001  9.5954062644178517E-001  9.6385158496145174E-001
  9.6842353381677937E-001  9.7321436154965901E-001  9.7818075787180347E-001  9.8327876661283187E-001  9.8846427348290855E-001
  9.9369350101471110E-001  9.9893715167623953E-001
BLOCK 51   2.8553100342000333E+000
  1.0041657793921628E+000  1.0093461453627930E+000  1.0144047297410763E+000  1.0193058584958536E+000  1.0240167640537341E+000
  1.0285074835780967E+000  1.0327506244692315E+000  1.0367214316560747E+000  1.0403977010149517E+000  1.0437597213815137E+000
  1.0467901574847089E+000  1.0494739269875311E+000  1.0517980677995831E+000  1.0537516288573232E+000  1.0553255344344850E+000
  1.0565125065665153E+000  1.0573070084913834E+000  1.0577052538902563E+000  1.0577052538903278E+000  1.0573070084915792E+000
  1.0565125065668286E+000  1.0553255344349033E+000  1.0537516288578257E+000  1.0517980678001444E+000  1.0494739269881546E+000
  1.0467901574853764E+000  1.0437597213822216E+000  1.0403977010156837E+000  1.0367214316568409E+000  1.0327506244700193E+000
  1.0285074835788899E+000  1.0240167640545699E+000  1.0193058584967583E+000  1.0144047297419894E+000  1.0093461453637282E+000
  1.0041657793931584E+000  9.9891610422447608E-001  9.9359701383977417E-001  9.8829190576581372E-001  9.8303077771426073E-001
  9.7785805343256560E-001  9.7281852032369809E-001  9.6795681233132369E-001  9.6331690052426233E-001  9.5894156164616173E-001
  9.5487183591542724E-001  9.5114649934446183E-001  9.4780156754545997E-001  9.4486981940897641E-001  9.4238035701567835E-001
  9.4035821564243971E-001  9.3882405708669947E-001  9.3779396692825001E-001  9.3727645356860367E-001  9.3727645356853806E-001
  9.3779396692793460E-001  9.3882405708614192E-001  9.4035821564172895E-001  9.4238035701470102E-001  9.4486981940777137E-001
  9.4780156754420963E-001  9.5114649934310180E-001  9.5487183591381541E-001  9.5894156164449385E-001  9.6331690052238161E-001
  9.6795681232964015E-001  9.7281852032207761E-001  9.7785805343106469E-001  9.8303077771286518E-001  9.8829190576445269E-001
  9.9359701383852683E-001  9.9891610422404986E-001
BLOCK 52   2.9124162348840343E+000
  1.0042178303037717E+000  1.0094730385802932E+000  1.0146043538773624E+000  1.0195756332588297E+000  1.0243536872638259E+000
  1.0289081775103424E+000  1.0332113838304107E+000  1.0372382571678973E+000  1.0409663312934594E+000  1.0443756614231166E+000
  1.0474486958358760E+000  1.0501701727771116E+000  1.0525269784106559E+000  1.0545080254407577E+000  1.0561041276143657E+000
  1.0573078939408354E+000  1.0581136808651461E+000  1.0585176036611568E+000  1.0585176036612203E+000  1.0581136808653457E+000
  1.0573078939411602E+000  1.0561041276148002E+000  1.0545080254412718E+000  1.0525269784112437E+000  1.0501701727777539E+000
  1.0474486958365636E+000  1.0443756614238411E+000  1.0409663312942248E+000  1.0372382571686869E+000  1.0332113838312065E+000
  1.0289081775111928E+000  1.0243536872647374E+000  1.0195756332597437E+000  1.0146043538783052E+000  1.0094730385812871E+000
  1.0042178303048415E+000  9.9889166984723621E-001  9.9349528399693987E-001  9.8811250367436998E-001  9.8277403109161043E-001
  9.7752496264407640E-001  9.7241075793886333E-001  9.6747672497206105E-001  9.6276751441927255E-001  9.5832656915994618E-001
  9.5419558607738164E-001  9.5041399232738166E-001  9.4701844198594742E-001  9.4404235906679324E-001  9.4151562512339548E-001
  9.3946449698790679E-001  9.3791115734730890E-001  9.3685829623365691E-001  9.3632487366606709E-001  9.3632487366591843E-001
  9.3685829623330275E-001  9.3791115734671882E-001  9.3946449698711543E-001  9.4151562512240206E-001  9.4404235906568479E-001
  9.4701844198464002E-001  9.5041399232581336E-001  9.5419558607566712E-001  9.5832656915817815E-001  9.6276751441749964E-001
  9.6747672497015313E-001  9.7241075793713716E-001  9.7752496264245847E-001  9.8277403109011363E-001  9.8811250367300774E-001
  9.9349528399562748E-001  9.9889166984671662E-001
BLOCK 53   2.9695224355680354E+000
  1.0042683872462796E+000  1.0096004033147032E+000  1.0148064330988598E+000  1.0198498438854580E+000  1.0246970169174501E+000
  1.0293172212295512E+000  1.0336823916281097E+000  1.0377671649979401E+000  1.0415487856592811E+000  1.0450070488695036E+000
  1.0481241785907529E+000  1.0508847136671882E+000  1.0532753802179766E+000  1.0552849462476903E+000  1.0569041004286122E+000
  1.0581253358734437E+000  1.0589428798900162E+000  1.0593527244411503E+000  1.0593527244412146E+000  1.0589428798902161E+000
  1.0581253358737772E+000  1.0569041004290483E+000  1.0552849462482237E+000  1.0532753802185839E+000  1.0508847136678532E+000
  1.0481241785914635E+000  1.0450070488702570E+000  1.0415487856600676E+000  1.0377671649987412E+000  1.0336823916289697E+000
  1.0293172212304631E+000  1.0246970169183713E+000  1.0198498438864072E+000  1.0148064330998587E+000  1.0096004033157788E+000
  1.0042683872474545E+000  9.9886360978620781E-001  9.9338825224436711E-001  9.8792598555091560E-001  9.8250844449486807E-001
  9.7718139306308172E-001  9.7199097426014258E-001  9.6698318301290365E-001  9.6220335987889793E-001  9.5769563618087339E-001
  9.5350241128637914E-001  9.4966382924926207E-001  9.4621736230444242E-001  9.4319762149414055E-001  9.4063642385131174E-001
  9.3856038513183548E-001  9.3696747559446547E-001  9.3588384653051415E-001  9.3535408322895797E-001  9.3535408322880642E-001
  9.3588384653010515E-001  9.3696747559386384E-001  9.3856038513095708E-001  9.4063642385036317E-001  9.4319762149302078E-001
  9.4621736230300080E-001  9.4966382924759396E-001  9.5350241128464297E-001  9.5769563617894105E-001  9.6220335987703876E-001
  9.6698318301108332E-001  9.7199097425822445E-001  9.7718139306133189E-001  9.8250844449327457E-001  9.8792598554944266E-001
  9.9338825224303540E-001  9.9886360978567135E-001
BLOCK 54   3.0266286362520365E+000
  1.0043173965794643E+000  1.0097282148497331E+000  1.0150109697400613E+000  1.0201285279056762E+000  1.0250468197900975E+000
  1.0297347169604532E+000  1.0341637800100423E+000  1.0383083070604557E+000  1.0421452325389697E+000  1.0456540725134054E+000
  1.0488168088670720E+000  1.0516177760342236E+000  1.0540435149189884E+000  1.0560826517636788E+000  1.0577257393477733E+000
  1.0589651417530850E+000  1.0597949429021289E+000  1.0602109750323170E+000  1.0602109750323923E+000  1.0597949429023330E+000
  1.0589651417534103E+000  1.0577257393482178E+000  1.0560826517642246E+000  1.0540435149196099E+000  1.0516177760349117E+000
  1.0488168088678136E+000  1.0456540725141854E+000  1.0421452325397678E+000  1.0383083070613157E+000  1.0341637800109571E+000
  1.0297347169613804E+000  1.0250468197910512E+000  1.0201285279066845E+000  1.0150109697411485E+000  1.0097282148509024E+000
  1.0043173965806647E+000  9.9883202705712704E-001  9.9327580353174660E-001  9.8773222168797248E-001  9.8223385939889141E-001
  9.7682716436529693E-001  9.7155897053179296E-001  9.6647597731943768E-001  9.6162423234913230E-001  9.5704860751778942E-001
  9.5279229456918824E-001  9.4889646188265309E-001  9.4540024091763586E-001  9.4234055911166037E-001  9.3974698041256655E-001
  9.3762444865340899E-001  9.3597351875239121E-001  9.3490410603477248E-001  9.3435690637716806E-001  9.3435690637705382E-001
  9.3490410603435070E-001  9.3597351875169721E-001  9.3762444865262551E-001  9.3974698041154647E-001  9.4234055911035830E-001
  9.4540024091614794E-001  9.4889646188101662E-001  9.5279229456727743E-001  9.5704860751587473E-001  9.6162423234711036E-001
  9.6647597731750590E-001  9.7155897052995299E-001  9.7682716436340189E-001  9.8223385939714025E-001  9.8773222168639985E-001
  9.9327580353031297E-001  9.9883202705658414E-001
BLOCK 55   3.0837348369360376E+000
  1.0043648215480940E+000  1.0098564606182334E+000  1.0152179814318230E+000  1.0204117327305227E+000  1.0254031849624303E+000
  1.0301607781639803E+000  1.0346556854417588E+000  1.0388618381493624E+000  1.0427558412415219E+000  1.0463169190713915E+000
  1.0495267934504187E+000  1.0523695744042614E+000  1.0548316185584747E+000  1.0569013895175470E+000  1.0585693109032153E+000
  1.0598276080222488E+000  1.0606702015410414E+000  1.0610927186414718E+000  1.0610927186415391E+000  1.0606702015412477E+000
  1.0598276080225777E+000  1.0585693109036634E+000  1.0569013895180943E+000  1.0548316185591153E+000  1.0523695744049728E+000
  1.0495267934511840E+000  1.0463169190721895E+000  1.0427558412423803E+000  1.0388618381502737E+000  1.0346556854426838E+000
  1.0301607781649409E+000  1.0254031849634515E+000  1.0204117327316151E+000  1.0152179814329920E+000  1.0098564606194242E+000
  1.0043648215493370E+000  9.9879667191432642E-001  9.9315786434669340E-001  9.8753110246858933E-001  9.8195013172394097E-001
  9.7646209174357712E-001  9.7111452324147995E-001  9.6595484017871724E-001  9.6102985445880917E-001  9.5638530552572931E-001
  9.5206566547825056E-001  9.4811426428542722E-001  9.4457252597768471E-001  9.4147297486710402E-001  9.3882505929595150E-001
  9.3662919351475871E-001  9.3499196430725540E-001  9.3388672311949783E-001  9.3333968043963367E-001  9.3333968043948390E-001
  9.3388672311908538E-001  9.3499196430661036E-001  9.3662919351388030E-001  9.3882505929482263E-001  9.4147297486573123E-001
  9.4457252597616392E-001  9.4811426428367140E-001  9.5206566547640548E-001  9.5638530552363732E-001  9.6102985445679323E-001
  9.6595484017664313E-001  9.7111452323950798E-001  9.7646209174173759E-001  9.8195013172207857E-001  9.8753110246685716E-001
  9.9315786434515818E-001  9.9879667191371035E-001
BLOCK 56   3.1408410376200386E+000
  1.0044105981342075E+000  1.0099851125819321E+000  1.0154274768973237E+000  1.0206995092075231E+000  1.0257661917755592E+000
  1.0305955173040255E+000  1.0351582388274059E+000  1.0394279096745327E+000  1.0433807857381769E+000  1.0469957798341427E+000
  1.0502543393713406E+000  1.0531403347812043E+000  1.0556399249535522E+000  1.0577414105944118E+000  1.0594350789888749E+000
  1.0607130348665539E+000  1.0615690174693695E+000  1.0619983728323836E+000  1.0619983728324505E+000  1.0615690174695704E+000
  1.0607130348668945E+000  1.0594350789893232E+000  1.0577414105949672E+000  1.0556399249542061E+000  1.0531403347819353E+000
  1.0502543393721226E+000  1.0469957798349965E+000  1.0433807857390900E+000  1.0394279096754586E+000  1.0351582388283671E+000
  1.0305955173050498E+000  1.0257661917766578E+000  1.0206995092086941E+000  1.0154274768985105E+000  1.0099851125831740E+000
  1.0044105981355447E+000  9.9875763724428324E-001  9.9303428720748910E-001  9.8732243380033302E-001  9.8165700800164080E-001
  9.7608584901052331E-001  9.7065720653580678E-001  9.6541925960881336E-001  9.6041976686146435E-001  9.5570604189605612E-001
  9.5132513832213506E-001  9.4732217982219635E-001  9.4373191126182754E-001  9.4056801584357119E-001  9.3784712890771482E-001
  9.3563927208574460E-001  9.3398268790136330E-001  9.3285644022693259E-001  9.3229579957124309E-001  9.3229579957109132E-001
  9.3285644022654601E-001  9.3398268790074501E-001  9.3563927208472308E-001  9.3784712890647748E-001  9.4056801584220084E-001
  9.4373191126018618E-001  9.4732217982042943E-001  9.5132513832019316E-001  9.5570604189419051E-001  9.6041976685906982E-001
  9.6541925960671826E-001  9.7065720653371024E-001  9.7608584900852591E-001  9.8165700799981792E-001  9.8732243379852480E-001
  9.9303428720579090E-001  9.9875763724357947E-001
BLOCK 57   3.1979472383040397E+000
  1.0044546993016743E+000  1.0101141754302934E+000  1.0156394965797875E+000  1.0209919271223022E+000  1.0261359409717585E+000
  1.0310390555931215E+000  1.0356715886228298E+000  1.0400066910927432E+000  1.0440202567401191E+000  1.0476908668393623E+000
  1.0509996767146654E+000  1.0539303082375671E+000  1.0564687054860786E+000  1.0586030112293605E+000  1.0603233982327254E+000
  1.0616218282932255E+000  1.0624935464635941E+000  1.0629260967023524E+000  1.0629260967024527E+000  1.0624935464637935E+000
  1.0616218282935597E+000  1.0603233982331832E+000  1.0586030112299256E+000  1.0564687054867339E+000  1.0539303082383065E+000
  1.0509996767154945E+000  1.0476908668402642E+000  1.0440202567410355E+000  1.0400066910937094E+000  1.0356715886238614E+000
  1.0310390555942375E+000  1.0261359409729274E+000  1.0209919271234866E+000  1.0156394965810347E+000  1.0101141754316258E+000
  1.0044546993031280E+000  9.9871466867207237E-001  9.9290496785798688E-001  9.8710605377296001E-001  9.8135424002999316E-001
  9.7569805542561916E-001  9.7018650970852383E-001  9.6486884537620465E-001  9.5979475955529003E-001  9.5501449474829336E-001
  9.5057604972540499E-001  9.4651577671387843E-001  9.4285185144079586E-001  9.3961147648102628E-001  9.3686187754609618E-001
  9.3464314655807335E-001  9.3293729064526565E-001  9.3181171798677298E-001  9.3123060016288906E-001  9.3123060016280090E-001
  9.3181171798640317E-001  9.3293729064452313E-001  9.3464314655711422E-001  9.3686187754478967E-001  9.3961147647947363E-001
  9.4285185143915762E-001  9.4651577671206022E-001  9.5057604972356935E-001  9.5501449474616573E-001  9.5979475955299742E-001
  9.6486884537371376E-001  9.7018650970634257E-001  9.7569805542353083E-001  9.8135424002800120E-001  9.8710605377115967E-001
  9.9290496785624527E-001  9.9871466867121983E-001
BLOCK 58   3.2550534389880408E+000
  1.0044971128459954E+000  1.0102436879799217E+000  1.0158541153042386E+000  1.0212890965724719E+000  1.0265125769258374E+000
  1.0314915790344599E+000  1.0361959659789539E+000  1.0405984704899272E+000  1.0446746037529306E+000  1.0484026084503477E+000
  1.0517633409212150E+000  1.0547401713396274E+000  1.0573188630867276E+000  1.0594874764083750E+000  1.0612366953748555E+000
  1.0625615347805024E+000  1.0634352211409019E+000  1.0638725654952987E+000  1.0638725654953862E+000  1.0634352211411549E+000
  1.0625615347808359E+000  1.0612366953753154E+000  1.0594874764089433E+000  1.0573188630873889E+000  1.0547401713403948E+000
  1.0517633409220837E+000  1.0484026084512792E+000  1.0446746037538659E+000  1.0405984704909801E+000  1.0361959659800473E+000
  1.0314915790356312E+000  1.0265125769270387E+000  1.0212890965737202E+000  1.0158541153055713E+000  1.0102436879813816E+000
  1.0044971128475910E+000  9.9866789763510677E-001  9.9276976963415542E-001  9.8688171972874372E-001  9.8104141509051868E-001
  9.7529813882722949E-001  9.6970214407616562E-001  9.6430506463493093E-001  9.5915977676683384E-001  9.5431633720033959E-001
  9.4981230978248909E-001  9.4567046471549954E-001  9.4192612197262227E-001  9.3864550055656759E-001  9.3585972745886292E-001
  9.3360465184765762E-001  9.3189389912279941E-001  9.3072927753872092E-001  9.3015436841869126E-001  9.3015436841856514E-001
  9.3072927753828938E-001  9.3189389912206599E-001  9.3360465184664454E-001  9.3585972745758539E-001  9.3864550055494900E-001
  9.4192612197088887E-001  9.4567046471374494E-001  9.4981230978044751E-001  9.5431633719801812E-001  9.5915977676450415E-001
  9.6430506463255716E-001  9.6970214407364774E-001  9.7529813882500183E-001  9.8104141508845855E-001  9.8688171972678007E-001
  9.9276976963238706E-001  9.9866789763423669E-001
BLOCK 59   3.3121596396720419E+000
  1.0045378498180977E+000  1.0103737095708765E+000  1.0160714311744621E+000  1.0215911496459349E+000  1.0268962657755871E+000
  1.0319532965504319E+000  1.0367316296549927E+000  1.0412035644819821E+000  1.0453442199403944E+000  1.0491314937603720E+000
  1.0525459531898478E+000  1.0555707586216070E+000  1.0581916552002606E+000  1.0603973742618509E+000  1.0621787832908463E+000
  1.0635108386321224E+000  1.0643996016307482E+000  1.0648456456455351E+000  1.0648456456456212E+000  1.0643996016309927E+000
  1.0635108386324827E+000  1.0621787832913239E+000  1.0603973742624231E+000  1.0581916552009509E+000  1.0555707586224068E+000
  1.0525459531907151E+000  1.0491314937613057E+000  1.0453442199414522E+000  1.0412035644830695E+000  1.0367316296561808E+000
  1.0319532965516158E+000  1.0268962657768406E+000  1.0215911496472874E+000  1.0160714311759318E+000  1.0103737095724552E+000
  1.0045378498197020E+000  9.9861707947807798E-001  9.9262847347371330E-001  9.8664894615035459E-001  9.8071780868541469E-001
  9.7488583884290625E-001  9.6920619525088381E-001  9.6373376592456317E-001  9.5851985126871508E-001  9.5360287886460204E-001
  9.4901019142853138E-001  9.4478411970607412E-001  9.4099061645349080E-001  9.3766677678592281E-001  9.3482423973820405E-001
  9.3254403709206768E-001  9.3081496471567049E-001  9.2964181886179742E-001  9.2905381941362331E-001  9.2905381941341747E-001
  9.2964181886130692E-001  9.3081496471495695E-001  9.3254403709100475E-001  9.3482423973687478E-001  9.3766677678441057E-001
  9.4099061645173598E-001  9.4478411970407306E-001  9.4901019142627163E-001  9.5360287886234640E-001  9.5851985126617356E-001
  9.6373376592212778E-001  9.6920619524848117E-001  9.7488583884039415E-001  9.8071780868316449E-001  9.8664894614833243E-001
  9.9262847347180017E-001  9.9861707947716483E-001
BLOCK 60   3.3692658403560429E+000
  1.0045768714978764E+000  1.0105042965933086E+000  1.0162915170313578E+000  1.0218982003412915E+000  1.0272871609003560E+000
  1.0324243953912784E+000  1.0372788115440912E+000  1.0418222605311553E+000  1.0460294660097720E+000  1.0498779902199098E+000
  1.0533481736717638E+000  1.0564232259872062E+000  1.0590892927409752E+000  1.0613312186375958E+000  1.0631318625236590E+000
  1.0644822889028767E+000  1.0653909128134034E+000  1.0658453551114724E+000  1.0658453551115721E+000  1.0653909128136450E+000
  1.0644822889032337E+000  1.0631318625240969E+000  1.0613312186382311E+000  1.0590892927416979E+000  1.0564232259880098E+000
  1.0533481736726449E+000  1.0498779902209090E+000  1.0460294660108687E+000  1.0418222605323402E+000  1.0372788115452762E+000
  1.0324243953925500E+000  1.0272871609017029E+000  1.0218982003427652E+000  1.0162915170329401E+000  1.0105042965949058E+000
  1.0045768714995613E+000  9.9856218129107266E-001  9.9248042245900603E-001  9.8640677884016470E-001  9.8038324606577432E-001
  9.7446405167870476E-001  9.6870543644546281E-001  9.6315911029000012E-001  9.5786409116382232E-001  9.5285225998668066E-001
  9.4817219496090388E-001  9.4388995353280625E-001  9.4004379309709585E-001  9.3664076866693169E-001  9.3377868487670079E-001
  9.3146014678449751E-001  9.2970259971209046E-001  9.2853614835302878E-001  9.2793391143183157E-001  9.2793391143166792E-001
  9.2853614835252951E-001  9.2970259971127289E-001  9.3146014678345135E-001  9.3377868487538385E-001  9.3664076866540613E-001
  9.4004379309528419E-001  9.4388995353057248E-001  9.4817219495865335E-001  9.5285225998416856E-001  9.5786409116135207E-001
  9.6315911028737888E-001  9.6870543644295715E-001  9.7446405167630434E-001  9.8038324606329641E-001  9.8640677883791206E-001
  9.9248042245702794E-001  9.9856218129003982E-001
BLOCK 61   3.4263720410400440E+000
  1.0046138766707440E+000  1.0106354114687102E+000  1.0165144992901813E+000  1.0222103806827387E+000  1.0276854176462671E+000
  1.0329050706562328E+000  1.0378377470461375E+000  1.0424548559343421E+000  1.0467307410361659E+000  1.0506427368482023E+000
  1.0541712791410791E+000  1.0572995018588272E+000  1.0600086569440226E+000  1.0622765184083611E+000  1.0641041630245160E+000
  1.0654843661691686E+000  1.0664063923679830E+000  1.0668714288414112E+000  1.0668714288414911E+000  1.0664063923682152E+000
  1.0654843661694848E+000  1.0641041630249486E+000  1.0622765184089888E+000  1.0600086569447897E+000  1.0572995018596498E+000
  1.0541712791420226E+000  1.0506427368492579E+000  1.0467307410372979E+000  1.0424548559355453E+000  1.0378377470474103E+000
  1.0329050706575900E+000  1.0276854176477601E+000  1.0222103806843044E+000  1.0165144992917750E+000  1.0106354114704095E+000
  1.0046138766725337E+000  9.9850222910014796E-001  9.9232445944869663E-001  9.8615526301316192E-001  9.8004156033294398E-001
  9.7404018026158956E-001  9.6820243614000012E-001  9.6256766313383757E-001  9.5717211458479823E-001  9.5206962891993152E-001
  9.4732561147887606E-001  9.4297814550620651E-001  9.3904743219419773E-001  9.3560477283403376E-001  9.3271209477821604E-001
  9.3035586318753416E-001  9.2858072567649019E-001  9.2738698104061801E-001  9.2679950871101568E-001  9.2679950871087780E-001
  9.2738698104012174E-001  9.2858072567564309E-001  9.3035586318645391E-001  9.3271209477694383E-001  9.3560477283235977E-001
  9.3904743219218845E-001  9.4297814550412085E-001  9.4732561147639005E-001  9.5206962891739966E-001  9.5717211458206131E-001
  9.6256766313129671E-001  9.6820243613736012E-001  9.7404018025904615E-001  9.8004156033056289E-001  9.8615526301074341E-001
  9.9232445944646264E-001  9.9850222909903841E-001
BLOCK 62   3.4834782417240451E+000
  1.0046477450943585E+000  1.0107666855840907E+000  1.0167403700924138E+000  1.0225278543217569E+000  1.0280912154722854E+000
  1.0333955196740159E+000  1.0384086897514824E+000  1.0431017131340006E+000  1.0474487201627285E+000  1.0514271628744580E+000
  1.0550170150000724E+000  1.0581962310086366E+000  1.0609379027299890E+000  1.0632459312785361E+000  1.0651025307801396E+000
  1.0665080180089790E+000  1.0674510174383314E+000  1.0679222258634857E+000  1.0679222258635521E+000  1.0674510174385052E+000
  1.0665080180092945E+000  1.0651025307806274E+000  1.0632459312790412E+000  1.0609379027307795E+000  1.0581962310095556E+000
  1.0550170150010827E+000  1.0514271628755456E+000  1.0474487201639011E+000  1.0431017131352325E+000  1.0384086897528635E+000
  1.0333955196755140E+000  1.0280912154738566E+000  1.0225278543233676E+000  1.0167403700941080E+000  1.0107666855858628E+000
  1.0046477450962676E+000  9.9843591333923365E-001  9.9216100655176331E-001  9.8589936347754692E-001  9.7970064268355184E-001
  9.7361498989428796E-001  9.6768192421084742E-001  9.6194184361726331E-001  9.5645270553768091E-001  9.5127838091264849E-001
  9.4645706708707289E-001  9.4201883142566545E-001  9.3803637989069755E-001  9.3456129247710140E-001  9.3161172524888647E-001
  9.2923961642525144E-001  9.2743344036778086E-001  9.2622579350425094E-001  9.2562927426373409E-001  9.2562927426354091E-001
  9.2622579350374490E-001  9.2743344036700348E-001  9.2923961642416408E-001  9.3161172524746561E-001  9.3456129247538322E-001
  9.3803637988868527E-001  9.4201883142336229E-001  9.4645706708463673E-001  9.5127838090993344E-001  9.5645270553497208E-001
  9.6194184361442747E-001  9.6768192420822641E-001  9.7361498989165240E-001  9.7970064268099555E-001  9.8589936347519380E-001
  9.9216100654942208E-001  9.9843591333783854E-001
BLOCK 63   3.5405844424080462E+000
  1.0046770183519602E+000  1.0108967786918288E+000  1.0169686803308693E+000  1.0228506761471963E+000  1.0285047988447862E+000
  1.0338960138166582E+000  1.0389919994835075E+000  1.0437635731313277E+000  1.0481849795289895E+000  1.0522328766451317E+000
  1.0558817690978495E+000  1.0591023475882750E+000  1.0618854746598376E+000  1.0642397313123442E+000  1.0661302597374103E+000
  1.0675581198643664E+000  1.0685186489881955E+000  1.0690004255947438E+000  1.0690004255947874E+000  1.0685186489883625E+000
  1.0675581198646902E+000  1.0661302597377886E+000  1.0642397313128873E+000  1.0618854746605981E+000  1.0591023475892736E+000
  1.0558817690989322E+000  1.0522328766462707E+000  1.0481849795301930E+000  1.0437635731326829E+000  1.0389919994849730E+000
  1.0338960138182474E+000  1.0285047988464107E+000  1.0228506761488989E+000  1.0169686803326550E+000  1.0108967786937531E+000
  1.0046770183541172E+000  9.9836374583210974E-001  9.9199639260571237E-001  9.8564728413074054E-001  9.7935930344720135E-001
  9.7317214583391143E-001  9.6713010084417816E-001  9.6129398599052773E-001  9.5572542356141243E-001  9.5046312935122224E-001
  9.4554579712853981E-001  9.4104712220820463E-001  9.3701238194967784E-001  9.3347774414643658E-001  9.3050576904405935E-001
  9.2809177983782476E-001  9.2626801367234546E-001  9.2504841449042441E-001  9.2442479006546141E-001  9.2442479006528810E-001
  9.2504841448994979E-001  9.2626801367158784E-001  9.2809177983669955E-001  9.3050576904253124E-001  9.3347774414485196E-001
  9.3701238194744385E-001  9.4104712220580156E-001  9.4554579712595777E-001  9.5046312934856425E-001  9.5572542355866441E-001
  9.6129398598748683E-001  9.6713010084127504E-001  9.7317214583126233E-001  9.7935930344459488E-001  9.8564728412819225E-001
  9.9199639260337535E-001  9.9836374583063292E-001
BLOCK 64   3.5976906473927799E+000
  1.0047035725243387E+000  1.0110241338938968E+000  1.0171977724512591E+000  1.0231782369288671E+000  1.0289262423491485E+000
  1.0344069759894101E+000  1.0395885664062501E+000  1.0444422103149853E+000  1.0489410906052432E+000  1.0530562411400195E+000
  1.0567559609823101E+000  1.0600231775064231E+000  1.0628650852754711E+000  1.0652503194525240E+000  1.0671826266881819E+000
  1.0686387910627588E+000  1.0696123541439331E+000  1.0701043464964517E+000  1.0701043464965168E+000  1.0696123541441211E+000
  1.0686387910629884E+000  1.0671826266885664E+000  1.0652503194531298E+000  1.0628650852762251E+000  1.0600231775073998E+000
  1.0567559609834494E+000  1.0530562411412370E+000  1.0489410906065695E+000  1.0444422103164304E+000  1.0395885664078093E+000
  1.0344069759910135E+000  1.0289262423508709E+000  1.0231782369306690E+000  1.0171977724532122E+000  1.0110241338960659E+000
  1.0047035725265321E+000  9.9829323427286432E-001  9.9183841528148475E-001  9.8539531857802298E-001  9.7900052479549993E-001
  9.7270181416217394E-001  9.6656156721381781E-001  9.6063857214326009E-001  9.5497260393273198E-001  9.4961011528983541E-001
  9.4462434768414882E-001  9.4005978191206696E-001  9.3593959758096201E-001  9.3238852646019099E-001  9.2937237719286614E-001
  9.2692764183551102E-001  9.2508162361476520E-001  9.2383242830607637E-001  9.2320355940894872E-001  9.2320355940883558E-001
  9.2383242830563916E-001  9.2508162361393420E-001  9.2692764183432086E-001  9.2937237719145160E-001  9.3238852645822257E-001
  9.3593959757893452E-001  9.4005978190961392E-001  9.4462434768146830E-001  9.4961011528718686E-001  9.5497260392987859E-001
  9.6063857214005266E-001  9.6656156721063868E-001  9.7270181415921275E-001  9.7900052479282973E-001  9.8539531857545071E-001
  9.9183841527896532E-001  9.9829323427133687E-001
BLOCK 65   3.5976906473927848E+000
  1.0047035725243387E+000  1.0110241338938968E+000  1.0171977724512591E+000  1.0231782369288671E+000  1.0289262423491485E+000
  1.0344069759894101E+000  1.0395885664062501E+000  1.0444422103149853E+000  1.0489410906052432E+000  1.0530562411400195E+000
  1.0567559609823101E+000  1.0600231775064231E+000  1.0628650852754711E+000  1.0652503194525240E+000  1.0671826266881819E+000
  1.0686387910627588E+000  1.0696123541439331E+000  1.0701043464964517E+000  1.0701043464965168E+000  1.0696123541441211E+000
  1.0686387910629884E+000  1.0671826266885664E+000  1.0652503194531298E+000  1.0628650852762251E+000  1.0600231775073998E+000
  1.0567559609834494E+000  1.0530562411412370E+000  1.0489410906065695E+000  1.0444422103164304E+000  1.0395885664078093E+000
  1.0344069759910135E+000  1.0289262423508709E+000  1.0231782369306690E+000  1.0171977724532122E+000  1.0110241338960659E+000
  1.0047035725265321E+000  9.9829323427286432E-001  9.9183841528148475E-001  9.8539531857802298E-001  9.7900052479549993E-001
  9.7270181416217394E-001  9.6656156721381781E-001  9.6063857214326009E-001  9.5497260393273198E-001  9.4961011528983541E-001
  9.4462434768414882E-001  9.4005978191206696E-001  9.3593959758096201E-001  9.3238852646019099E-001  9.2937237719286614E-001
  9.2692764183551102E-001  9.2508162361476520E-001  9.2383242830607637E-001  9.2320355940894872E-001  9.2320355940883558E-001
  9.2383242830563916E-001  9.2508162361393420E-001  9.2692764183432086E-001  9.2937237719145160E-001  9.3238852645822257E-001
  9.3593959757893452E-001  9.4005978190961392E-001  9.4462434768146830E-001  9.4961011528718686E-001  9.5497260392987859E-001
  9.6063857214005266E-001  9.6656156721063868E-001  9.7270181415921275E-001  9.7900052479282973E-001  9.8539531857545071E-001
  9.9183841527896532E-001  9.9829323427133687E-001
END
