# LSA profile bundle v1
WAVELENGTH   8.9759790099999996E+000
NZ 72
NBLOCKS 163
Z
  6.2333187569444441E-002  1.8699956270833332E-001  3.1166593784722224E-001  4.3633231298611108E-001  5.6099868812499998E-001
  6.8566506326388887E-001  8.1033143840277777E-001  9.3499781354166656E-001  1.0596641886805556E+000  1.1843305638194446E+000
  1.3089969389583331E+000  1.4336633140972221E+000  1.5583296892361111E+000  1.6829960643749999E+000  1.8076624395138887E+000
  1.9323288146527777E+000  2.0569951897916665E+000  2.1816615649305557E+000  2.3063279400694445E+000  2.4309943152083333E+000
  2.5556606903472221E+000  2.6803270654861109E+000  2.8049934406249997E+000  2.9296598157638889E+000  3.0543261909027777E+000
  3.1789925660416665E+000  3.3036589411805557E+000  3.4283253163194445E+000  3.5529916914583328E+000  3.6776580665972225E+000
  3.8023244417361113E+000  3.9269908168750001E+000  4.0516571920138880E+000  4.1763235671527772E+000  4.3009899422916664E+000
  4.4256563174305548E+000  4.5503226925694440E+000  4.6749890677083332E+000  4.7996554428472216E+000  4.9243218179861108E+000
  5.0489881931250000E+000  5.1736545682638884E+000  5.2983209434027776E+000  5.4229873185416668E+000  5.5476536936805552E+000
  5.6723200688194444E+000  5.7969864439583336E+000  5.9216528190972220E+000  6.0463191942361103E+000  6.1709855693749995E+000
  6.2956519445138888E+000  6.4203183196527771E+000  6.5449846947916663E+000  6.6696510699305556E+000  6.7943174450694439E+000
  6.9189838202083331E+000  7.0436501953472224E+000  7.1683165704861107E+000  7.2929829456249990E+000  7.4176493207638892E+000
  7.5423156959027766E+000  7.6669820710416667E+000  7.7916484461805551E+000  7.9163148213194443E+000  8.0409811964583326E+000
  8.1656475715972228E+000  8.2903139467361111E+000  8.4149803218749994E+000  8.5396466970138878E+000  8.6643130721527779E+000
  8.7889794472916662E+000  8.9136458224305564E+000
BLOCK 1   0.0000000000000000E+000
  1.0000000000000000E+000  1.0000000000000000E+000  1.0000000000000000E+000  1.0000000000000000E+000  1.0000000000000000E+000
  1.0000000000000000E+000  1.0000000000000000E+000  1.0000000000000000E+000  1.0000000000000000E+000  1.0000000000000000E+000
  1.0000000000000000E+000  1.0000000000000000E+000  1.0000000000000000E+000  1.0000000000000000E+000  1.0000000000000000E+000
  1.0000000000000000E+000  1.0000000000000000E+000  1.0000000000000000E+000  1.0000000000000000E+000  1.0000000000000000E+000
  1.0000000000000000E+000  1.0000000000000000E+000  1.0000000000000000E+000  1.0000000000000000E+000  1.0000000000000000E+000
  1.0000000000000000E+000  1.0000000000000000E+000  1.0000000000000000E+000  1.0000000000000000E+000  1.0000000000000000E+000
  1.0000000000000000E+000  1.0000000000000000E+000  1.0000000000000000E+000  1.0000000000000000E+000  1.0000000000000000E+000
  1.0000000000000000E+000  1.0000000000000000E+000  1.0000000000000000E+000  1.0000000000000000E+000  1.0000000000000000E+000
  1.0000000000000000E+000  1.0000000000000000E+000  1.0000000000000000E+000  1.0000000000000000E+000  1.0000000000000000E+000
  1.0000000000000000E+000  1.0000000000000000E+000  1.0000000000000000E+000  1.0000000000000000E+000  1.0000000000000000E+000
  1.0000000000000000E+000  1.0000000000000000E+000  1.0000000000000000E+000  1.0000000000000000E+000  1.0000000000000000E+000
  1.0000000000000000E+000  1.0000000000000000E+000  1.0000000000000000E+000  1.0000000000000000E+000  1.0000000000000000E+000
  1.0000000000000000E+000  1.0000000000000000E+000  1.0000000000000000E+000  1.0000000000000000E+000  1.0000000000000000E+000
  1.0000000000000000E+000  1.0000000000000000E+000  1.0000000000000000E+000  1.0000000000000000E+000  1.0000000000000000E+000
  1.0000000000000000E+000  1.0000000000000000E+000
BLOCK 2   6.5891770020000004E-002
  1.0000000000000000E+000  1.0000000000000000E+000  1.0000000000000000E+000  1.0000000000000000E+000  1.0000000000000000E+000
  1.0000000000000000E+000  1.0000000000000000E+000  1.0000000000000000E+000  1.0000000000000000E+000  1.0000000000000000E+000
  1.0000000000000000E+000  1.0000000000000000E+000  1.0000000000000000E+000  1.0000000000000000E+000  1.0000000000000000E+000
  1.0000000000000000E+000  1.0000000000000000E+000  1.0000000000000000E+000  1.0000000000000000E+000  1.0000000000000000E+000
  1.0000000000000000E+000  1.0000000000000000E+000  1.0000000000000000E+000  1.0000000000000000E+000  1.0000000000000000E+000
  1.0000000000000000E+000  1.0000000000000000E+000  1.0000000000000000E+000  1.0000000000000000E+000  1.0000000000000000E+000
  1.0000000000000000E+000  1.0000000000000000E+000  1.0000000000000000E+000  1.0000000000000000E+000  1.0000000000000000E+000
  1.0000000000000000E+000  1.0000000000000000E+000  1.0000000000000000E+000  1.0000000000000000E+000  1.0000000000000000E+000
  1.0000000000000000E+000  1.0000000000000000E+000  1.0000000000000000E+000  1.0000000000000000E+000  1.0000000000000000E+000
  1.0000000000000000E+000  1.0000000000000000E+000  1.0000000000000000E+000  1.0000000000000000E+000  1.0000000000000000E+000
  1.0000000000000000E+000  1.0000000000000000E+000  1.0000000000000000E+000  1.0000000000000000E+000  1.0000000000000000E+000
  1.0000000000000000E+000  1.0000000000000000E+000  1.0000000000000000E+000  1.0000000000000000E+000  1.0000000000000000E+000
  1.0000000000000000E+000  1.0000000000000000E+000  1.0000000000000000E+000  1.0000000000000000E+000  1.0000000000000000E+000
  1.0000000000000000E+000  1.0000000000000000E+000  1.0000000000000000E+000  1.0000000000000000E+000  1.0000000000000000E+000
  1.0000000000000000E+000  1.0000000000000000E+000
BLOCK 3   1.3178354004000001E-001
  1.0000000000000000E+000  1.0000000000000000E+000  1.0000000000000000E+000  1.0000000000000000E+000  1.0000000000000000E+000
  1.0000000000000000E+000  1.0000000000000000E+000  1.0000000000000000E+000  1.0000000000000000E+000  1.0000000000000000E+000
  1.0000000000000000E+000  1.0000000000000000E+000  1.0000000000000000E+000  1.0000000000000000E+000  1.0000000000000000E+000
  1.0000000000000000E+000  1.0000000000000000E+000  1.0000000000000000E+000  1.0000000000000000E+000  1.0000000000000000E+000
  1.0000000000000000E+000  1.0000000000000000E+000  1.0000000000000000E+000  1.0000000000000000E+000  1.0000000000000000E+000
  1.0000000000000000E+000  1.0000000000000000E+000  1.0000000000000000E+000  1.0000000000000000E+000  1.0000000000000000E+000
  1.0000000000000000E+000  1.0000000000000000E+000  1.0000000000000000E+000  1.0000000000000000E+000  1.0000000000000000E+000
  1.0000000000000000E+000  1.0000000000000000E+000  1.0000000000000000E+000  1.0000000000000000E+000  1.0000000000000000E+000
  1.0000000000000000E+000  1.0000000000000000E+000  1.0000000000000000E+000  1.0000000000000000E+000  1.0000000000000000E+000
  1.0000000000000000E+000  1.0000000000000000E+000  1.0000000000000000E+000  1.0000000000000000E+000  1.0000000000000000E+000
  1.0000000000000000E+000  1.0000000000000000E+000  1.0000000000000000E+000  1.0000000000000000E+000  1.0000000000000000E+000
  1.0000000000000000E+000  1.0000000000000000E+000  1.0000000000000000E+000  1.0000000000000000E+000  1.0000000000000000E+000
  1.0000000000000000E+000  1.0000000000000000E+000  1.0000000000000000E+000  1.0000000000000000E+000  1.0000000000000000E+000
  1.0000000000000000E+000  1.0000000000000000E+000  1.0000000000000000E+000  1.0000000000000000E+000  1.0000000000000000E+000
  1.0000000000000000E+000  1.0000000000000000E+000
BLOCK 4   1.9767531006000000E-001
  1.0000000000000000E+000  1.0000000000000000E+000  1.0000000000000000E+000  1.0000000000000000E+000  1.0000000000000000E+000
  1.0000000000000000E+000  1.0000000000000000E+000  1.0000000000000000E+000  1.0000000000000000E+000  1.0000000000000000E+000
  1.0000000000000000E+000  1.0000000000000000E+000  1.0000000000000000E+000  1.0000000000000000E+000  1.0000000000000000E+000
  1.0000000000000000E+000  1.0000000000000000E+000  1.0000000000000000E+000  1.0000000000000000E+000  1.0000000000000000E+000
  1.0000000000000000E+000  1.0000000000000000E+000  1.0000000000000000E+000  1.0000000000000000E+000  1.0000000000000000E+000
  1.0000000000000000E+000  1.0000000000000000E+000  1.0000000000000000E+000  1.0000000000000000E+000  1.0000000000000000E+000
  1.0000000000000000E+000  1.0000000000000000E+000  1.0000000000000000E+000  1.0000000000000000E+000  1.0000000000000000E+000
  1.0000000000000000E+000  1.0000000000000000E+000  1.0000000000000000E+000  1.0000000000000000E+000  1.0000000000000000E+000
  1.0000000000000000E+000  1.0000000000000000E+000  1.0000000000000000E+000  1.0000000000000000E+000  1.0000000000000000E+000
  1.0000000000000000E+000  1.0000000000000000E+000  1.0000000000000000E+000  1.0000000000000000E+000  1.0000000000000000E+000
  1.0000000000000000E+000  1.0000000000000000E+000  1.0000000000000000E+000  1.0000000000000000E+000  1.0000000000000000E+000
  1.0000000000000000E+000  1.0000000000000000E+000  1.0000000000000000E+000  1.0000000000000000E+000  1.0000000000000000E+000
  1.0000000000000000E+000  1.0000000000000000E+000  1.0000000000000000E+000  1.0000000000000000E+000  1.0000000000000000E+000
  1.0000000000000000E+000  1.0000000000000000E+000  1.0000000000000000E+000  1.0000000000000000E+000  1.0000000000000000E+000
  1.0000000000000000E+000  1.0000000000000000E+000
BLOCK 5   2.6356708008000007E-001
  1.0000000000000000E+000  1.0000000000000000E+000  1.0000000000000000E+000  1.0000000000000000E+000  1.0000000000000000E+000
  1.0000000000000000E+000  1.0000000000000000E+000  1.0000000000000000E+000  1.0000000000000000E+000  1.0000000000000000E+000
  1.0000000000000000E+000  1.0000000000000000E+000  1.0000000000000000E+000  1.0000000000000000E+000  1.0000000000000000E+000
  1.0000000000000000E+000  1.0000000000000000E+000  1.0000000000000000E+000  1.0000000000000000E+000  1.0000000000000000E+000
  1.0000000000000000E+000  1.0000000000000000E+000  1.0000000000000000E+000  1.0000000000000000E+000  1.0000000000000000E+000
  1.0000000000000000E+000  1.0000000000000000E+000  1.0000000000000000E+000  1.0000000000000000E+000  1.0000000000000000E+000
  1.0000000000000000E+000  1.0000000000000000E+000  1.0000000000000000E+000  1.0000000000000000E+000  1.0000000000000000E+000
  1.0000000000000000E+000  1.0000000000000000E+000  1.0000000000000000E+000  1.0000000000000000E+000  1.0000000000000000E+000
  1.0000000000000000E+000  1.0000000000000000E+000  1.0000000000000000E+000  1.0000000000000000E+000  1.0000000000000000E+000
  1.0000000000000000E+000  1.0000000000000000E+000  1.0000000000000000E+000  1.0000000000000000E+000  1.0000000000000000E+000
  1.0000000000000000E+000  1.0000000000000000E+000  1.0000000000000000E+000  1.0000000000000000E+000  1.0000000000000000E+000
  1.0000000000000000E+000  1.0000000000000000E+000  1.0000000000000000E+000  1.0000000000000000E+000  1.0000000000000000E+000
  1.0000000000000000E+000  1.0000000000000000E+000  1.0000000000000000E+000  1.0000000000000000E+000  1.0000000000000000E+000
  1.0000000000000000E+000  1.0000000000000000E+000  1.0000000000000000E+000  1.0000000000000000E+000  1.0000000000000000E+000
  1.0000000000000000E+000  1.0000000000000000E+000
BLOCK 6   3.2945885010000048E-001
  1.0000000000000000E+000  1.0000000000000000E+000  1.0000000000000000E+000  1.0000000000000000E+000  1.0000000000000000E+000
  1.0000000000000000E+000  1.0000000000000000E+000  1.0000000000000000E+000  1.0000000000000000E+000  1.0000000000000000E+000
  1.0000000000000000E+000  1.0000000000000000E+000  1.0000000000000000E+000  1.0000000000000000E+000  1.0000000000000000E+000
  1.0000000000000000E+000  1.0000000000000000E+000  1.0000000000000000E+000  1.0000000000000000E+000  1.0000000000000000E+000
  1.0000000000000000E+000  1.0000000000000000E+000  1.0000000000000000E+000  1.0000000000000000E+000  1.0000000000000000E+000
  1.0000000000000000E+000  1.0000000000000000E+000  1.0000000000000000E+000  1.0000000000000000E+000  1.0000000000000000E+000
  1.0000000000000000E+000  1.0000000000000000E+000  1.0000000000000000E+000  1.0000000000000000E+000  1.0000000000000000E+000
  1.0000000000000000E+000  1.0000000000000000E+000  1.0000000000000000E+000  1.0000000000000000E+000  1.0000000000000000E+000
  1.0000000000000000E+000  1.0000000000000000E+000  1.0000000000000000E+000  1.0000000000000000E+000  1.0000000000000000E+000
  1.0000000000000000E+000  1.0000000000000000E+000  1.0000000000000000E+000  1.0000000000000000E+000  1.0000000000000000E+000
  1.0000000000000000E+000  1.0000000000000000E+000  1.0000000000000000E+000  1.0000000000000000E+000  1.0000000000000000E+000
  1.0000000000000000E+000  1.0000000000000000E+000  1.0000000000000000E+000  1.0000000000000000E+000  1.0000000000000000E+000
  1.0000000000000000E+000  1.0000000000000000E+000  1.0000000000000000E+000  1.0000000000000000E+000  1.0000000000000000E+000
  1.0000000000000000E+000  1.0000000000000000E+000  1.0000000000000000E+000  1.0000000000000000E+000  1.0000000000000000E+000
  1.0000000000000000E+000  1.0000000000000000E+000
BLOCK 7   3.9535062012000088E-001
  1.0000000000000000E+000  1.0000000000000000E+000  1.0000000000000000E+000  1.0000000000000000E+000  1.0000000000000000E+000
  1.0000000000000000E+000  1.0000000000000000E+000  1.0000000000000000E+000  1.0000000000000000E+000  1.0000000000000000E+000
  1.0000000000000000E+000  1.0000000000000000E+000  1.0000000000000000E+000  1.0000000000000000E+000  1.0000000000000000E+000
  1.0000000000000000E+000  1.0000000000000000E+000  1.0000000000000000E+000  1.0000000000000000E+000  1.0000000000000000E+000
  1.0000000000000000E+000  1.0000000000000000E+000  1.0000000000000000E+000  1.0000000000000000E+000  1.0000000000000000E+000
  1.0000000000000000E+000  1.0000000000000000E+000  1.0000000000000000E+000  1.0000000000000000E+000  1.0000000000000000E+000
  1.0000000000000000E+000  1.0000000000000000E+000  1.0000000000000000E+000  1.0000000000000000E+000  1.0000000000000000E+000
  1.0000000000000000E+000  1.0000000000000000E+000  1.0000000000000000E+000  1.0000000000000000E+000  1.0000000000000000E+000
  1.0000000000000000E+000  1.0000000000000000E+000  1.0000000000000000E+000  1.0000000000000000E+000  1.0000000000000000E+000
  1.0000000000000000E+000  1.0000000000000000E+000  1.0000000000000000E+000  1.0000000000000000E+000  1.0000000000000000E+000
  1.0000000000000000E+000  1.0000000000000000E+000  1.0000000000000000E+000  1.0000000000000000E+000  1.0000000000000000E+000
  1.0000000000000000E+000  1.0000000000000000E+000  1.0000000000000000E+000  1.0000000000000000E+000  1.0000000000000000E+000
  1.0000000000000000E+000  1.0000000000000000E+000  1.0000000000000000E+000  1.0000000000000000E+000  1.0000000000000000E+000
  1.0000000000000000E+000  1.0000000000000000E+000  1.0000000000000000E+000  1.0000000000000000E+000  1.0000000000000000E+000
  1.0000000000000000E+000  1.0000000000000000E+000
BLOCK 8   4.6124239014000129E-001
  1.0000000000000000E+000  1.0000000000000000E+000  1.0000000000000000E+000  1.0000000000000000E+000  1.0000000000000000E+000
  1.0000000000000000E+000  1.0000000000000000E+000  1.0000000000000000E+000  1.0000000000000000E+000  1.0000000000000000E+000
  1.0000000000000000E+000  1.0000000000000000E+000  1.0000000000000000E+000  1.0000000000000000E+000  1.0000000000000000E+000
  1.0000000000000000E+000  1.0000000000000000E+000  1.0000000000000000E+000  1.0000000000000000E+000  1.0000000000000000E+000
  1.0000000000000000E+000  1.0000000000000000E+000  1.0000000000000000E+000  1.0000000000000000E+000  1.0000000000000000E+000
  1.0000000000000000E+000  1.0000000000000000E+000  1.0000000000000000E+000  1.0000000000000000E+000  1.0000000000000000E+000
  1.0000000000000000E+000  1.0000000000000000E+000  1.0000000000000000E+000  1.0000000000000000E+000  1.0000000000000000E+000
  1.0000000000000000E+000  1.0000000000000000E+000  1.0000000000000000E+000  1.0000000000000000E+000  1.0000000000000000E+000
  1.0000000000000000E+000  1.0000000000000000E+000  1.0000000000000000E+000  1.0000000000000000E+000  1.0000000000000000E+000
  1.0000000000000000E+000  1.0000000000000000E+000  1.0000000000000000E+000  1.0000000000000000E+000  1.0000000000000000E+000
  1.0000000000000000E+000  1.0000000000000000E+000  1.0000000000000000E+000  1.0000000000000000E+000  1.0000000000000000E+000
  1.0000000000000000E+000  1.0000000000000000E+000  1.0000000000000000E+000  1.0000000000000000E+000  1.0000000000000000E+000
  1.0000000000000000E+000  1.0000000000000000E+000  1.0000000000000000E+000  1.0000000000000000E+000  1.0000000000000000E+000
  1.0000000000000000E+000  1.0000000000000000E+000  1.0000000000000000E+000  1.0000000000000000E+000  1.0000000000000000E+000
  1.0000000000000000E+000  1.0000000000000000E+000
BLOCK 9   5.2713416016000136E-001
  1.0000000000000000E+000  1.0000000000000000E+000  1.0000000000000000E+000  1.0000000000000000E+000  1.0000000000000000E+000
  1.0000000000000000E+000  1.0000000000000000E+000  1.0000000000000000E+000  1.0000000000000000E+000  1.0000000000000000E+000
  1.0000000000000000E+000  1.0000000000000000E+000  1.0000000000000000E+000  1.0000000000000000E+000  1.0000000000000000E+000
  1.0000000000000000E+000  1.0000000000000000E+000  1.0000000000000000E+000  1.0000000000000000E+000  1.0000000000000000E+000
  1.0000000000000000E+000  1.0000000000000000E+000  1.0000000000000000E+000  1.0000000000000000E+000  1.0000000000000000E+000
  1.0000000000000000E+000  1.0000000000000000E+000  1.0000000000000000E+000  1.0000000000000000E+000  1.0000000000000000E+000
  1.0000000000000000E+000  1.0000000000000000E+000  1.0000000000000000E+000  1.0000000000000000E+000  1.0000000000000000E+000
  1.0000000000000000E+000  1.0000000000000000E+000  1.0000000000000000E+000  1.0000000000000000E+000  1.0000000000000000E+000
  1.0000000000000000E+000  1.0000000000000000E+000  1.0000000000000000E+000  1.0000000000000000E+000  1.0000000000000000E+000
  1.0000000000000000E+000  1.0000000000000000E+000  1.0000000000000000E+000  1.0000000000000000E+000  1.0000000000000000E+000
  1.0000000000000000E+000  1.0000000000000000E+000  1.0000000000000000E+000  1.0000000000000000E+000  1.0000000000000000E+000
  1.0000000000000000E+000  1.0000000000000000E+000  1.0000000000000000E+000  1.0000000000000000E+000  1.0000000000000000E+000
  1.0000000000000000E+000  1.0000000000000000E+000  1.0000000000000000E+000  1.0000000000000000E+000  1.0000000000000000E+000
  1.0000000000000000E+000  1.0000000000000000E+000  1.0000000000000000E+000  1.0000000000000000E+000  1.0000000000000000E+000
  1.0000000000000000E+000  1.0000000000000000E+000
BLOCK 10   5.9302593018000094E-001
  1.0000000000000000E+000  1.0000000000000000E+000  1.0000000000000000E+000  1.0000000000000000E+000  1.0000000000000000E+000
  1.0000000000000000E+000  1.0000000000000000E+000  1.0000000000000000E+000  1.0000000000000000E+000  1.0000000000000000E+000
  1.0000000000000000E+000  1.0000000000000000E+000  1.0000000000000000E+000  1.0000000000000000E+000  1.0000000000000000E+000
  1.0000000000000000E+000  1.0000000000000000E+000  1.0000000000000000E+000  1.0000000000000000E+000  1.0000000000000000E+000
  1.0000000000000000E+000  1.0000000000000000E+000  1.0000000000000000E+000  1.0000000000000000E+000  1.0000000000000000E+000
  1.0000000000000000E+000  1.0000000000000000E+000  1.0000000000000000E+000  1.0000000000000000E+000  1.0000000000000000E+000
  1.0000000000000000E+000  1.0000000000000000E+000  1.0000000000000000E+000  1.0000000000000000E+000  1.0000000000000000E+000
  1.0000000000000000E+000  1.0000000000000000E+000  1.0000000000000000E+000  1.0000000000000000E+000  1.0000000000000000E+000
  1.0000000000000000E+000  1.0000000000000000E+000  1.0000000000000000E+000  1.0000000000000000E+000  1.0000000000000000E+000
  1.0000000000000000E+000  1.0000000000000000E+000  1.0000000000000000E+000  1.0000000000000000E+000  1.0000000000000000E+000
  1.0000000000000000E+000  1.0000000000000000E+000  1.0000000000000000E+000  1.0000000000000000E+000  1.0000000000000000E+000
  1.0000000000000000E+000  1.0000000000000000E+000  1.0000000000000000E+000  1.0000000000000000E+000  1.0000000000000000E+000
  1.0000000000000000E+000  1.0000000000000000E+000  1.0000000000000000E+000  1.0000000000000000E+000  1.0000000000000000E+000
  1.0000000000000000E+000  1.0000000000000000E+000  1.0000000000000000E+000  1.0000000000000000E+000  1.0000000000000000E+000
  1.0000000000000000E+000  1.0000000000000000E+000
BLOCK 11   6.5891770020000051E-001
  1.0000000000000000E+000  1.0000000000000000E+000  1.0000000000000000E+000  1.0000000000000000E+000  1.0000000000000000E+000
  1.0000000000000000E+000  1.0000000000000000E+000  1.0000000000000000E+000  1.0000000000000000E+000  1.0000000000000000E+000
  1.0000000000000000E+000  1.0000000000000000E+000  1.0000000000000000E+000  1.0000000000000000E+000  1.0000000000000000E+000
  1.0000000000000000E+000  1.0000000000000000E+000  1.0000000000000000E+000  1.0000000000000000E+000  1.0000000000000000E+000
  1.0000000000000000E+000  1.0000000000000000E+000  1.0000000000000000E+000  1.0000000000000000E+000  1.0000000000000000E+000
  1.0000000000000000E+000  1.0000000000000000E+000  1.0000000000000000E+000  1.0000000000000000E+000  1.0000000000000000E+000
  1.0000000000000000E+000  1.0000000000000000E+000  1.0000000000000000E+000  1.0000000000000000E+000  1.0000000000000000E+000
  1.0000000000000000E+000  1.0000000000000000E+000  1.0000000000000000E+000  1.0000000000000000E+000  1.0000000000000000E+000
  1.0000000000000000E+000  1.0000000000000000E+000  1.0000000000000000E+000  1.0000000000000000E+000  1.0000000000000000E+000
  1.0000000000000000E+000  1.0000000000000000E+000  1.0000000000000000E+000  1.0000000000000000E+000  1.0000000000000000E+000
  1.0000000000000000E+000  1.0000000000000000E+000  1.0000000000000000E+000  1.0000000000000000E+000  1.0000000000000000E+000
  1.0000000000000000E+000  1.0000000000000000E+000  1.0000000000000000E+000  1.0000000000000000E+000  1.0000000000000000E+000
  1.0000000000000000E+000  1.0000000000000000E+000  1.0000000000000000E+000  1.0000000000000000E+000  1.0000000000000000E+000
  1.0000000000000000E+000  1.0000000000000000E+000  1.0000000000000000E+000  1.0000000000000000E+000  1.0000000000000000E+000
  1.0000000000000000E+000  1.0000000000000000E+000
BLOCK 12   7.2480947022000008E-001
  1.0000000000000000E+000  1.0000000000000000E+000  1.0000000000000000E+000  1.0000000000000000E+000  1.0000000000000000E+000
  1.0000000000000000E+000  1.0000000000000000E+000  1.0000000000000000E+000  1.0000000000000000E+000  1.0000000000000000E+000
  1.0000000000000000E+000  1.0000000000000000E+000  1.0000000000000000E+000  1.0000000000000000E+000  1.0000000000000000E+000
  1.0000000000000000E+000  1.0000000000000000E+000  1.0000000000000000E+000  1.0000000000000000E+000  1.0000000000000000E+000
  1.0000000000000000E+000  1.0000000000000000E+000  1.0000000000000000E+000  1.0000000000000000E+000  1.0000000000000000E+000
  1.0000000000000000E+000  1.0000000000000000E+000  1.0000000000000000E+000  1.0000000000000000E+000  1.0000000000000000E+000
  1.0000000000000000E+000  1.0000000000000000E+000  1.0000000000000000E+000  1.0000000000000000E+000  1.0000000000000000E+000
  1.0000000000000000E+000  1.0000000000000000E+000  1.0000000000000000E+000  1.0000000000000000E+000  1.0000000000000000E+000
  1.0000000000000000E+000  1.0000000000000000E+000  1.0000000000000000E+000  1.0000000000000000E+000  1.0000000000000000E+000
  1.0000000000000000E+000  1.0000000000000000E+000  1.0000000000000000E+000  1.0000000000000000E+000  1.0000000000000000E+000
  1.0000000000000000E+000  1.0000000000000000E+000  1.0000000000000000E+000  1.0000000000000000E+000  1.0000000000000000E+000
  1.0000000000000000E+000  1.0000000000000000E+000  1.0000000000000000E+000  1.0000000000000000E+000  1.0000000000000000E+000
  1.0000000000000000E+000  1.0000000000000000E+000  1.0000000000000000E+000  1.0000000000000000E+000  1.0000000000000000E+000
  1.0000000000000000E+000  1.0000000000000000E+000  1.0000000000000000E+000  1.0000000000000000E+000  1.0000000000000000E+000
  1.0000000000000000E+000  1.0000000000000000E+000
BLOCK 13   7.9070124023999966E-001
  1.0000000000000000E+000  1.0000000000000000E+000  1.0000000000000000E+000  1.0000000000000000E+000  1.0000000000000000E+000
  1.0000000000000000E+000  1.0000000000000000E+000  1.0000000000000000E+000  1.0000000000000000E+000  1.0000000000000000E+000
  1.0000000000000000E+000  1.0000000000000000E+000  1.0000000000000000E+000  1.0000000000000000E+000  1.0000000000000000E+000
  1.0000000000000000E+000  1.0000000000000000E+000  1.0000000000000000E+000  1.0000000000000000E+000  1.0000000000000000E+000
  1.0000000000000000E+000  1.0000000000000000E+000  1.0000000000000000E+000  1.0000000000000000E+000  1.0000000000000000E+000
  1.0000000000000000E+000  1.0000000000000000E+000  1.0000000000000000E+000  1.0000000000000000E+000  1.0000000000000000E+000
  1.0000000000000000E+000  1.0000000000000000E+000  1.0000000000000000E+000  1.0000000000000000E+000  1.0000000000000000E+000
  1.0000000000000000E+000  1.0000000000000000E+000  1.0000000000000000E+000  1.0000000000000000E+000  1.0000000000000000E+000
  1.0000000000000000E+000  1.0000000000000000E+000  1.0000000000000000E+000  1.0000000000000000E+000  1.0000000000000000E+000
  1.0000000000000000E+000  1.0000000000000000E+000  1.0000000000000000E+000  1.0000000000000000E+000  1.0000000000000000E+000
  1.0000000000000000E+000  1.0000000000000000E+000  1.0000000000000000E+000  1.0000000000000000E+000  1.0000000000000000E+000
  1.0000000000000000E+000  1.0000000000000000E+000  1.0000000000000000E+000  1.0000000000000000E+000  1.0000000000000000E+000
  1.0000000000000000E+000  1.0000000000000000E+000  1.0000000000000000E+000  1.0000000000000000E+000  1.0000000000000000E+000
  1.0000000000000000E+000  1.0000000000000000E+000  1.0000000000000000E+000  1.0000000000000000E+000  1.0000000000000000E+000
  1.0000000000000000E+000  1.0000000000000000E+000
BLOCK 14   8.5659301025999923E-001
  1.0000000000000000E+000  1.0000000000000000E+000  1.0000000000000000E+000  1.0000000000000000E+000  1.0000000000000000E+000
  1.0000000000000000E+000  1.0000000000000000E+000  1.0000000000000000E+000  1.0000000000000000E+000  1.0000000000000000E+000
  1.0000000000000000E+000  1.0000000000000000E+000  1.0000000000000000E+000  1.0000000000000000E+000  1.0000000000000000E+000
  1.0000000000000000E+000  1.0000000000000000E+000  1.0000000000000000E+000  1.0000000000000000E+000  1.0000000000000000E+000
  1.0000000000000000E+000  1.0000000000000000E+000  1.0000000000000000E+000  1.0000000000000000E+000  1.0000000000000000E+000
  1.0000000000000000E+000  1.0000000000000000E+000  1.0000000000000000E+000  1.0000000000000000E+000  1.0000000000000000E+000
  1.0000000000000000E+000  1.0000000000000000E+000  1.0000000000000000E+000  1.0000000000000000E+000  1.0000000000000000E+000
  1.0000000000000000E+000  1.0000000000000000E+000  1.0000000000000000E+000  1.0000000000000000E+000  1.0000000000000000E+000
  1.0000000000000000E+000  1.0000000000000000E+000  1.0000000000000000E+000  1.0000000000000000E+000  1.0000000000000000E+000
  1.0000000000000000E+000  1.0000000000000000E+000  1.0000000000000000E+000  1.0000000000000000E+000  1.0000000000000000E+000
  1.0000000000000000E+000  1.0000000000000000E+000  1.0000000000000000E+000  1.0000000000000000E+000  1.0000000000000000E+000
  1.0000000000000000E+000  1.0000000000000000E+000  1.0000000000000000E+000  1.0000000000000000E+000  1.0000000000000000E+000
  1.0000000000000000E+000  1.0000000000000000E+000  1.0000000000000000E+000  1.0000000000000000E+000  1.0000000000000000E+000
  1.0000000000000000E+000  1.0000000000000000E+000  1.0000000000000000E+000  1.0000000000000000E+000  1.0000000000000000E+000
  1.0000000000000000E+000  1.0000000000000000E+000
BLOCK 15   9.2248478027999881E-001
  1.0000000000000000E+000  1.0000000000000000E+000  1.0000000000000000E+000  1.0000000000000000E+000  1.0000000000000000E+000
  1.0000000000000000E+000  1.0000000000000000E+000  1.0000000000000000E+000  1.0000000000000000E+000  1.0000000000000000E+000
  1.0000000000000000E+000  1.0000000000000000E+000  1.0000000000000000E+000  1.0000000000000000E+000  1.0000000000000000E+000
  1.0000000000000000E+000  1.0000000000000000E+000  1.0000000000000000E+000  1.0000000000000000E+000  1.0000000000000000E+000
  1.0000000000000000E+000  1.0000000000000000E+000  1.0000000000000000E+000  1.0000000000000000E+000  1.0000000000000000E+000
  1.0000000000000000E+000  1.0000000000000000E+000  1.0000000000000000E+000  1.0000000000000000E+000  1.0000000000000000E+000
  1.0000000000000000E+000  1.0000000000000000E+000  1.0000000000000000E+000  1.0000000000000000E+000  1.0000000000000000E+000
  1.0000000000000000E+000  1.0000000000000000E+000  1.0000000000000000E+000  1.0000000000000000E+000  1.0000000000000000E+000
  1.0000000000000000E+000  1.0000000000000000E+000  1.0000000000000000E+000  1.0000000000000000E+000  1.0000000000000000E+000
  1.0000000000000000E+000  1.0000000000000000E+000  1.0000000000000000E+000  1.0000000000000000E+000  1.0000000000000000E+000
  1.0000000000000000E+000  1.0000000000000000E+000  1.0000000000000000E+000  1.0000000000000000E+000  1.0000000000000000E+000
  1.0000000000000000E+000  1.0000000000000000E+000  1.0000000000000000E+000  1.0000000000000000E+000  1.0000000000000000E+000
  1.0000000000000000E+000  1.0000000000000000E+000  1.0000000000000000E+000  1.0000000000000000E+000  1.0000000000000000E+000
  1.0000000000000000E+000  1.0000000000000000E+000  1.0000000000000000E+000  1.0000000000000000E+000  1.0000000000000000E+000
  1.0000000000000000E+000  1.0000000000000000E+000
BLOCK 16   9.8837655029999838E-001
  1.0000000000000000E+000  1.0000000000000000E+000  1.0000000000000000E+000  1.0000000000000000E+000  1.0000000000000000E+000
  1.0000000000000000E+000  1.0000000000000000E+000  1.0000000000000000E+000  1.0000000000000000E+000  1.0000000000000000E+000
  1.0000000000000000E+000  1.0000000000000000E+000  1.0000000000000000E+000  1.0000000000000000E+000  1.0000000000000000E+000
  1.0000000000000000E+000  1.0000000000000000E+000  1.0000000000000000E+000  1.0000000000000000E+000  1.0000000000000000E+000
  1.0000000000000000E+000  1.0000000000000000E+000  1.0000000000000000E+000  1.0000000000000000E+000  1.0000000000000000E+000
  1.0000000000000000E+000  1.0000000000000000E+000  1.0000000000000000E+000  1.0000000000000000E+000  1.0000000000000000E+000
  1.0000000000000000E+000  1.0000000000000000E+000  1.0000000000000000E+000  1.0000000000000000E+000  1.0000000000000000E+000
  1.0000000000000000E+000  1.0000000000000000E+000  1.0000000000000000E+000  1.0000000000000000E+000  1.0000000000000000E+000
  1.0000000000000000E+000  1.0000000000000000E+000  1.0000000000000000E+000  1.0000000000000000E+000  1.0000000000000000E+000
  1.0000000000000000E+000  1.0000000000000000E+000  1.0000000000000000E+000  1.0000000000000000E+000  1.0000000000000000E+000
  1.0000000000000000E+000  1.0000000000000000E+000  1.0000000000000000E+000  1.0000000000000000E+000  1.0000000000000000E+000
  1.0000000000000000E+000  1.0000000000000000E+000  1.0000000000000000E+000  1.0000000000000000E+000  1.0000000000000000E+000
  1.0000000000000000E+000  1.0000000000000000E+000  1.0000000000000000E+000  1.0000000000000000E+000  1.0000000000000000E+000
  1.0000000000000000E+000  1.0000000000000000E+000  1.0000000000000000E+000  1.0000000000000000E+000  1.0000000000000000E+000
  1.0000000000000000E+000  1.0000000000000000E+000
BLOCK 17   1.0542683203199994E+000
  1.0000000000000000E+000  1.0000000000000000E+000  1.0000000000000000E+000  1.0000000000000000E+000  1.0000000000000000E+000
  1.0000000000000000E+000  1.0000000000000000E+000  1.0000000000000000E+000  1.0000000000000000E+000  1.0000000000000000E+000
  1.0000000000000000E+000  1.0000000000000000E+000  1.0000000000000000E+000  1.0000000000000000E+000  1.0000000000000000E+000
  1.0000000000000000E+000  1.0000000000000000E+000  1.0000000000000000E+000  1.0000000000000000E+000  1.0000000000000000E+000
  1.0000000000000000E+000  1.0000000000000000E+000  1.0000000000000000E+000  1.0000000000000000E+000  1.0000000000000000E+000
  1.0000000000000000E+000  1.0000000000000000E+000  1.0000000000000000E+000  1.0000000000000000E+000  1.0000000000000000E+000
  1.0000000000000000E+000  1.0000000000000000E+000  1.0000000000000000E+000  1.0000000000000000E+000  1.0000000000000000E+000
  1.0000000000000000E+000  1.0000000000000000E+000  1.0000000000000000E+000  1.0000000000000000E+000  1.0000000000000000E+000
  1.0000000000000000E+000  1.0000000000000000E+000  1.0000000000000000E+000  1.0000000000000000E+000  1.0000000000000000E+000
  1.0000000000000000E+000  1.0000000000000000E+000  1.0000000000000000E+000  1.0000000000000000E+000  1.0000000000000000E+000
  1.0000000000000000E+000  1.0000000000000000E+000  1.0000000000000000E+000  1.0000000000000000E+000  1.0000000000000000E+000
  1.0000000000000000E+000  1.0000000000000000E+000  1.0000000000000000E+000  1.0000000000000000E+000  1.0000000000000000E+000
  1.0000000000000000E+000  1.0000000000000000E+000  1.0000000000000000E+000  1.0000000000000000E+000  1.0000000000000000E+000
  1.0000000000000000E+000  1.0000000000000000E+000  1.0000000000000000E+000  1.0000000000000000E+000  1.0000000000000000E+000
  1.0000000000000000E+000  1.0000000000000000E+000
BLOCK 18   1.1201600903400006E+000
  1.0000000000000000E+000  1.0000000000000000E+000  1.0000000000000000E+000  1.0000000000000000E+000  1.0000000000000000E+000
  1.0000000000000000E+000  1.0000000000000000E+000  1.0000000000000000E+000  1.0000000000000000E+000  1.0000000000000000E+000
  1.0000000000000000E+000  1.0000000000000000E+000  1.0000000000000000E+000  1.0000000000000000E+000  1.0000000000000000E+000
  1.0000000000000000E+000  1.0000000000000000E+000  1.0000000000000000E+000  1.0000000000000000E+000  1.0000000000000000E+000
  1.0000000000000000E+000  1.0000000000000000E+000  1.0000000000000000E+000  1.0000000000000000E+000  1.0000000000000000E+000
  1.0000000000000000E+000  1.0000000000000000E+000  1.0000000000000000E+000  1.0000000000000000E+000  1.0000000000000000E+000
  1.0000000000000000E+000  1.0000000000000000E+000  1.0000000000000000E+000  1.0000000000000000E+000  1.0000000000000000E+000
  1.0000000000000000E+000  1.0000000000000000E+000  1.0000000000000000E+000  1.0000000000000000E+000  1.0000000000000000E+000
  1.0000000000000000E+000  1.0000000000000000E+000  1.0000000000000000E+000  1.0000000000000000E+000  1.0000000000000000E+000
  1.0000000000000000E+000  1.0000000000000000E+000  1.0000000000000000E+000  1.0000000000000000E+000  1.0000000000000000E+000
  1.0000000000000000E+000  1.0000000000000000E+000  1.0000000000000000E+000  1.0000000000000000E+000  1.0000000000000000E+000
  1.0000000000000000E+000  1.0000000000000000E+000  1.0000000000000000E+000  1.0000000000000000E+000  1.0000000000000000E+000
  1.0000000000000000E+000  1.0000000000000000E+000  1.0000000000000000E+000  1.0000000000000000E+000  1.0000000000000000E+000
  1.0000000000000000E+000  1.0000000000000000E+000  1.0000000000000000E+000  1.0000000000000000E+000  1.0000000000000000E+000
  1.0000000000000000E+000  1.0000000000000000E+000
BLOCK 19   1.1860518603600019E+000
  1.0000000000000000E+000  1.0000000000000000E+000  1.0000000000000000E+000  1.0000000000000000E+000  1.0000000000000000E+000
  1.0000000000000000E+000  1.0000000000000000E+000  1.0000000000000000E+000  1.0000000000000000E+000  1.0000000000000000E+000
  1.0000000000000000E+000  1.0000000000000000E+000  1.0000000000000000E+000  1.0000000000000000E+000  1.0000000000000000E+000
  1.0000000000000000E+000  1.0000000000000000E+000  1.0000000000000000E+000  1.0000000000000000E+000  1.0000000000000000E+000
  1.0000000000000000E+000  1.0000000000000000E+000  1.0000000000000000E+000  1.0000000000000000E+000  1.0000000000000000E+000
  1.0000000000000000E+000  1.0000000000000000E+000  1.0000000000000000E+000  1.0000000000000000E+000  1.0000000000000000E+000
  1.0000000000000000E+000  1.0000000000000000E+000  1.0000000000000000E+000  1.0000000000000000E+000  1.0000000000000000E+000
  1.0000000000000000E+000  1.0000000000000000E+000  1.0000000000000000E+000  1.0000000000000000E+000  1.0000000000000000E+000
  1.0000000000000000E+000  1.0000000000000000E+000  1.0000000000000000E+000  1.0000000000000000E+000  1.0000000000000000E+000
  1.0000000000000000E+000  1.0000000000000000E+000  1.0000000000000000E+000  1.0000000000000000E+000  1.0000000000000000E+000
  1.0000000000000000E+000  1.0000000000000000E+000  1.0000000000000000E+000  1.0000000000000000E+000  1.0000000000000000E+000
  1.0000000000000000E+000  1.0000000000000000E+000  1.0000000000000000E+000  1.0000000000000000E+000  1.0000000000000000E+000
  1.0000000000000000E+000  1.0000000000000000E+000  1.0000000000000000E+000  1.0000000000000000E+000  1.0000000000000000E+000
  1.0000000000000000E+000  1.0000000000000000E+000  1.0000000000000000E+000  1.0000000000000000E+000  1.0000000000000000E+000
  1.0000000000000000E+000  1.0000000000000000E+000
BLOCK 20   1.2519436303800031E+000
  1.0000000000000000E+000  1.0000000000000000E+000  1.0000000000000000E+000  1.0000000000000000E+000  1.0000000000000000E+000
  1.0000000000000000E+000  1.0000000000000000E+000  1.0000000000000000E+000  1.0000000000000000E+000  1.0000000000000000E+000
  1.0000000000000000E+000  1.0000000000000000E+000  1.0000000000000000E+000  1.0000000000000000E+000  1.0000000000000000E+000
  1.0000000000000000E+000  1.0000000000000000E+000  1.0000000000000000E+000  1.0000000000000000E+000  1.0000000000000000E+000
  1.0000000000000000E+000  1.0000000000000000E+000  1.0000000000000000E+000  1.0000000000000000E+000  1.0000000000000000E+000
  1.0000000000000000E+000  1.0000000000000000E+000  1.0000000000000000E+000  1.0000000000000000E+000  1.0000000000000000E+000
  1.0000000000000000E+000  1.0000000000000000E+000  1.0000000000000000E+000  1.0000000000000000E+000  1.0000000000000000E+000
  1.0000000000000000E+000  1.0000000000000000E+000  1.0000000000000000E+000  1.0000000000000000E+000  1.0000000000000000E+000
  1.0000000000000000E+000  1.0000000000000000E+000  1.0000000000000000E+000  1.0000000000000000E+000  1.0000000000000000E+000
  1.0000000000000000E+000  1.0000000000000000E+000  1.0000000000000000E+000  1.0000000000000000E+000  1.0000000000000000E+000
  1.0000000000000000E+000  1.0000000000000000E+000  1.0000000000000000E+000  1.0000000000000000E+000  1.0000000000000000E+000
  1.0000000000000000E+000  1.0000000000000000E+000  1.0000000000000000E+000  1.0000000000000000E+000  1.0000000000000000E+000
  1.0000000000000000E+000  1.0000000000000000E+000  1.0000000000000000E+000  1.0000000000000000E+000  1.0000000000000000E+000
  1.0000000000000000E+000  1.0000000000000000E+000  1.0000000000000000E+000  1.0000000000000000E+000  1.0000000000000000E+000
  1.0000000000000000E+000  1.0000000000000000E+000
BLOCK 21   1.3178354004000044E+000
  1.0000000000000000E+000  1.0000000000000000E+000  1.0000000000000000E+000  1.0000000000000000E+000  1.0000000000000000E+000
  1.0000000000000000E+000  1.0000000000000000E+000  1.0000000000000000E+000  1.0000000000000000E+000  1.0000000000000000E+000
  1.0000000000000000E+000  1.0000000000000000E+000  1.0000000000000000E+000  1.0000000000000000E+000  1.0000000000000000E+000
  1.0000000000000000E+000  1.0000000000000000E+000  1.0000000000000000E+000  1.0000000000000000E+000  1.0000000000000000E+000
  1.0000000000000000E+000  1.0000000000000000E+000  1.0000000000000000E+000  1.0000000000000000E+000  1.0000000000000000E+000
  1.0000000000000000E+000  1.0000000000000000E+000  1.0000000000000000E+000  1.0000000000000000E+000  1.0000000000000000E+000
  1.0000000000000000E+000  1.0000000000000000E+000  1.0000000000000000E+000  1.0000000000000000E+000  1.0000000000000000E+000
  1.0000000000000000E+000  1.0000000000000000E+000  1.0000000000000000E+000  1.0000000000000000E+000  1.0000000000000000E+000
  1.0000000000000000E+000  1.0000000000000000E+000  1.0000000000000000E+000  1.0000000000000000E+000  1.0000000000000000E+000
  1.0000000000000000E+000  1.0000000000000000E+000  1.0000000000000000E+000  1.0000000000000000E+000  1.0000000000000000E+000
  1.0000000000000000E+000  1.0000000000000000E+000  1.0000000000000000E+000  1.0000000000000000E+000  1.0000000000000000E+000
  1.0000000000000000E+000  1.0000000000000000E+000  1.0000000000000000E+000  1.0000000000000000E+000  1.0000000000000000E+000
  1.0000000000000000E+000  1.0000000000000000E+000  1.0000000000000000E+000  1.0000000000000000E+000  1.0000000000000000E+000
  1.0000000000000000E+000  1.0000000000000000E+000  1.0000000000000000E+000  1.0000000000000000E+000  1.0000000000000000E+000
  1.0000000000000000E+000  1.0000000000000000E+000
BLOCK 22   1.3837271704200056E+000
  1.0000000000000000E+000  1.0000000000000000E+000  1.0000000000000000E+000  1.0000000000000000E+000  1.0000000000000000E+000
  1.0000000000000000E+000  1.0000000000000000E+000  1.0000000000000000E+000  1.0000000000000000E+000  1.0000000000000000E+000
  1.0000000000000000E+000  1.0000000000000000E+000  1.0000000000000000E+000  1.0000000000000000E+000  1.0000000000000000E+000
  1.0000000000000000E+000  1.0000000000000000E+000  1.0000000000000000E+000  1.0000000000000000E+000  1.0000000000000000E+000
  1.0000000000000000E+000  1.0000000000000000E+000  1.0000000000000000E+000  1.0000000000000000E+000  1.0000000000000000E+000
  1.0000000000000000E+000  1.0000000000000000E+000  1.0000000000000000E+000  1.0000000000000000E+000  1.0000000000000000E+000
  1.0000000000000000E+000  1.0000000000000000E+000  1.0000000000000000E+000  1.0000000000000000E+000  1.0000000000000000E+000
  1.0000000000000000E+000  1.0000000000000000E+000  1.0000000000000000E+000  1.0000000000000000E+000  1.0000000000000000E+000
  1.0000000000000000E+000  1.0000000000000000E+000  1.0000000000000000E+000  1.0000000000000000E+000  1.0000000000000000E+000
  1.0000000000000000E+000  1.0000000000000000E+000  1.0000000000000000E+000  1.0000000000000000E+000  1.0000000000000000E+000
  1.0000000000000000E+000  1.0000000000000000E+000  1.0000000000000000E+000  1.0000000000000000E+000  1.0000000000000000E+000
  1.0000000000000000E+000  1.0000000000000000E+000  1.0000000000000000E+000  1.0000000000000000E+000  1.0000000000000000E+000
  1.0000000000000000E+000  1.0000000000000000E+000  1.0000000000000000E+000  1.0000000000000000E+000  1.0000000000000000E+000
  1.0000000000000000E+000  1.0000000000000000E+000  1.0000000000000000E+000  1.0000000000000000E+000  1.0000000000000000E+000
  1.0000000000000000E+000  1.0000000000000000E+000
BLOCK 23   1.4496189404400068E+000
  1.0000000000000000E+000  1.0000000000000000E+000  1.0000000000000000E+000  1.0000000000000000E+000  1.0000000000000000E+000
  1.0000000000000000E+000  1.0000000000000000E+000  1.0000000000000000E+000  1.0000000000000000E+000  1.0000000000000000E+000
  1.0000000000000000E+000  1.0000000000000000E+000  1.0000000000000000E+000  1.0000000000000000E+000  1.0000000000000000E+000
  1.0000000000000000E+000  1.0000000000000000E+000  1.0000000000000000E+000  1.0000000000000000E+000  1.0000000000000000E+000
  1.0000000000000000E+000  1.0000000000000000E+000  1.0000000000000000E+000  1.0000000000000000E+000  1.0000000000000000E+000
  1.0000000000000000E+000  1.0000000000000000E+000  1.0000000000000000E+000  1.0000000000000000E+000  1.0000000000000000E+000
  1.0000000000000000E+000  1.0000000000000000E+000  1.0000000000000000E+000  1.0000000000000000E+000  1.0000000000000000E+000
  1.0000000000000000E+000  1.0000000000000000E+000  1.0000000000000000E+000  1.0000000000000000E+000  1.0000000000000000E+000
  1.0000000000000000E+000  1.0000000000000000E+000  1.0000000000000000E+000  1.0000000000000000E+000  1.0000000000000000E+000
  1.0000000000000000E+000  1.0000000000000000E+000  1.0000000000000000E+000  1.0000000000000000E+000  1.0000000000000000E+000
  1.0000000000000000E+000  1.0000000000000000E+000  1.0000000000000000E+000  1.0000000000000000E+000  1.0000000000000000E+000
  1.0000000000000000E+000  1.0000000000000000E+000  1.0000000000000000E+000  1.0000000000000000E+000  1.0000000000000000E+000
  1.0000000000000000E+000  1.0000000000000000E+000  1.0000000000000000E+000  1.0000000000000000E+000  1.0000000000000000E+000
  1.0000000000000000E+000  1.0000000000000000E+000  1.0000000000000000E+000  1.0000000000000000E+000  1.0000000000000000E+000
  1.0000000000000000E+000  1.0000000000000000E+000
BLOCK 24   1.5155107104600081E+000
  1.0000000000000000E+000  1.0000000000000000E+000  1.0000000000000000E+000  1.0000000000000000E+000  1.0000000000000000E+000
  1.0000000000000000E+000  1.0000000000000000E+000  1.0000000000000000E+000  1.0000000000000000E+000  1.0000000000000000E+000
  1.0000000000000000E+000  1.0000000000000000E+000  1.0000000000000000E+000  1.0000000000000000E+000  1.0000000000000000E+000
  1.0000000000000000E+000  1.0000000000000000E+000  1.0000000000000000E+000  1.0000000000000000E+000  1.0000000000000000E+000
  1.0000000000000000E+000  1.0000000000000000E+000  1.0000000000000000E+000  1.0000000000000000E+000  1.0000000000000000E+000
  1.0000000000000000E+000  1.0000000000000000E+000  1.0000000000000000E+000  1.0000000000000000E+000  1.0000000000000000E+000
  1.0000000000000000E+000  1.0000000000000000E+000  1.0000000000000000E+000  1.0000000000000000E+000  1.0000000000000000E+000
  1.0000000000000000E+000  1.0000000000000000E+000  1.0000000000000000E+000  1.0000000000000000E+000  1.0000000000000000E+000
  1.0000000000000000E+000  1.0000000000000000E+000  1.0000000000000000E+000  1.0000000000000000E+000  1.0000000000000000E+000
  1.0000000000000000E+000  1.0000000000000000E+000  1.0000000000000000E+000  1.0000000000000000E+000  1.0000000000000000E+000
  1.0000000000000000E+000  1.0000000000000000E+000  1.0000000000000000E+000  1.0000000000000000E+000  1.0000000000000000E+000
  1.0000000000000000E+000  1.0000000000000000E+000  1.0000000000000000E+000  1.0000000000000000E+000  1.0000000000000000E+000
  1.0000000000000000E+000  1.0000000000000000E+000  1.0000000000000000E+000  1.0000000000000000E+000  1.0000000000000000E+000
  1.0000000000000000E+000  1.0000000000000000E+000  1.0000000000000000E+000  1.0000000000000000E+000  1.0000000000000000E+000
  1.0000000000000000E+000  1.0000000000000000E+000
BLOCK 25   1.5814024804800093E+000
  1.0000000000000000E+000  1.0000000000000000E+000  1.0000000000000000E+000  1.0000000000000000E+000  1.0000000000000000E+000
  1.0000000000000000E+000  1.0000000000000000E+000  1.0000000000000000E+000  1.0000000000000000E+000  1.0000000000000000E+000
  1.0000000000000000E+000  1.0000000000000000E+000  1.0000000000000000E+000  1.0000000000000000E+000  1.0000000000000000E+000
  1.0000000000000000E+000  1.0000000000000000E+000  1.0000000000000000E+000  1.0000000000000000E+000  1.0000000000000000E+000
  1.0000000000000000E+000  1.0000000000000000E+000  1.0000000000000000E+000  1.0000000000000000E+000  1.0000000000000000E+000
  1.0000000000000000E+000  1.0000000000000000E+000  1.0000000000000000E+000  1.0000000000000000E+000  1.0000000000000000E+000
  1.0000000000000000E+000  1.0000000000000000E+000  1.0000000000000000E+000  1.0000000000000000E+000  1.0000000000000000E+000
  1.0000000000000000E+000  1.0000000000000000E+000  1.0000000000000000E+000  1.0000000000000000E+000  1.0000000000000000E+000
  1.0000000000000000E+000  1.0000000000000000E+000  1.0000000000000000E+000  1.0000000000000000E+000  1.0000000000000000E+000
  1.0000000000000000E+000  1.0000000000000000E+000  1.0000000000000000E+000  1.0000000000000000E+000  1.0000000000000000E+000
  1.0000000000000000E+000  1.0000000000000000E+000  1.0000000000000000E+000  1.0000000000000000E+000  1.0000000000000000E+000
  1.0000000000000000E+000  1.0000000000000000E+000  1.0000000000000000E+000  1.0000000000000000E+000  1.0000000000000000E+000
  1.0000000000000000E+000  1.0000000000000000E+000  1.0000000000000000E+000  1.0000000000000000E+000  1.0000000000000000E+000
  1.0000000000000000E+000  1.0000000000000000E+000  1.0000000000000000E+000  1.0000000000000000E+000  1.0000000000000000E+000
  1.0000000000000000E+000  1.0000000000000000E+000
BLOCK 26   1.6472942505000105E+000
  1.0000000000000000E+000  1.0000000000000000E+000  1.0000000000000000E+000  1.0000000000000000E+000  1.0000000000000000E+000
  1.0000000000000000E+000  1.0000000000000000E+000  1.0000000000000000E+000  1.0000000000000000E+000  1.0000000000000000E+000
  1.0000000000000000E+000  1.0000000000000000E+000  1.0000000000000000E+000  1.0000000000000000E+000  1.0000000000000000E+000
  1.0000000000000000E+000  1.0000000000000000E+000  1.0000000000000000E+000  1.0000000000000000E+000  1.0000000000000000E+000
  1.0000000000000000E+000  1.0000000000000000E+000  1.0000000000000000E+000  1.0000000000000000E+000  1.0000000000000000E+000
  1.0000000000000000E+000  1.0000000000000000E+000  1.0000000000000000E+000  1.0000000000000000E+000  1.0000000000000000E+000
  1.0000000000000000E+000  1.0000000000000000E+000  1.0000000000000000E+000  1.0000000000000000E+000  1.0000000000000000E+000
  1.0000000000000000E+000  1.0000000000000000E+000  1.0000000000000000E+000  1.0000000000000000E+000  1.0000000000000000E+000
  1.0000000000000000E+000  1.0000000000000000E+000  1.0000000000000000E+000  1.0000000000000000E+000  1.0000000000000000E+000
  1.0000000000000000E+000  1.0000000000000000E+000  1.0000000000000000E+000  1.0000000000000000E+000  1.0000000000000000E+000
  1.0000000000000000E+000  1.0000000000000000E+000  1.0000000000000000E+000  1.0000000000000000E+000  1.0000000000000000E+000
  1.0000000000000000E+000  1.0000000000000000E+000  1.0000000000000000E+000  1.0000000000000000E+000  1.0000000000000000E+000
  1.0000000000000000E+000  1.0000000000000000E+000  1.0000000000000000E+000  1.0000000000000000E+000  1.0000000000000000E+000
  1.0000000000000000E+000  1.0000000000000000E+000  1.0000000000000000E+000  1.0000000000000000E+000  1.0000000000000000E+000
  1.0000000000000000E+000  1.0000000000000000E+000
BLOCK 27   1.7131860205200118E+000
  1.0000000000000000E+000  1.0000000000000000E+000  1.0000000000000000E+000  1.0000000000000000E+000  1.0000000000000000E+000
  1.0000000000000000E+000  1.0000000000000000E+000  1.0000000000000000E+000  1.0000000000000000E+000  1.0000000000000000E+000
  1.0000000000000000E+000  1.0000000000000000E+000  1.0000000000000000E+000  1.0000000000000000E+000  1.0000000000000000E+000
  1.0000000000000000E+000  1.0000000000000000E+000  1.0000000000000000E+000  1.0000000000000000E+000  1.0000000000000000E+000
  1.0000000000000000E+000  1.0000000000000000E+000  1.0000000000000000E+000  1.0000000000000000E+000  1.0000000000000000E+000
  1.0000000000000000E+000  1.0000000000000000E+000  1.0000000000000000E+000  1.0000000000000000E+000  1.0000000000000000E+000
  1.0000000000000000E+000  1.0000000000000000E+000  1.0000000000000000E+000  1.0000000000000000E+000  1.0000000000000000E+000
  1.0000000000000000E+000  1.0000000000000000E+000  1.0000000000000000E+000  1.0000000000000000E+000  1.0000000000000000E+000
  1.0000000000000000E+000  1.0000000000000000E+000  1.0000000000000000E+000  1.0000000000000000E+000  1.0000000000000000E+000
  1.0000000000000000E+000  1.0000000000000000E+000  1.0000000000000000E+000  1.0000000000000000E+000  1.0000000000000000E+000
  1.0000000000000000E+000  1.0000000000000000E+000  1.0000000000000000E+000  1.0000000000000000E+000  1.0000000000000000E+000
  1.0000000000000000E+000  1.0000000000000000E+000  1.0000000000000000E+000  1.0000000000000000E+000  1.0000000000000000E+000
  1.0000000000000000E+000  1.0000000000000000E+000  1.0000000000000000E+000  1.0000000000000000E+000  1.0000000000000000E+000
  1.0000000000000000E+000  1.0000000000000000E+000  1.0000000000000000E+000  1.0000000000000000E+000  1.0000000000000000E+000
  1.0000000000000000E+000  1.0000000000000000E+000
BLOCK 28   1.7790777905400130E+000
  1.0000000000000000E+000  1.0000000000000000E+000  1.0000000000000000E+000  1.0000000000000000E+000  1.0000000000000000E+000
  1.0000000000000000E+000  1.0000000000000000E+000  1.0000000000000000E+000  1.0000000000000000E+000  1.0000000000000000E+000
  1.0000000000000000E+000  1.0000000000000000E+000  1.0000000000000000E+000  1.0000000000000000E+000  1.0000000000000000E+000
  1.0000000000000000E+000  1.0000000000000000E+000  1.0000000000000000E+000  1.0000000000000000E+000  1.0000000000000000E+000
  1.0000000000000000E+000  1.0000000000000000E+000  1.0000000000000000E+000  1.0000000000000000E+000  1.0000000000000000E+000
  1.0000000000000000E+000  1.0000000000000000E+000  1.0000000000000000E+000  1.0000000000000000E+000  1.0000000000000000E+000
  1.0000000000000000E+000  1.0000000000000000E+000  1.0000000000000000E+000  1.0000000000000000E+000  1.0000000000000000E+000
  1.0000000000000000E+000  1.0000000000000000E+000  1.0000000000000000E+000  1.0000000000000000E+000  1.0000000000000000E+000
  1.0000000000000000E+000  1.0000000000000000E+000  1.0000000000000000E+000  1.0000000000000000E+000  1.0000000000000000E+000
  1.0000000000000000E+000  1.0000000000000000E+000  1.0000000000000000E+000  1.0000000000000000E+000  1.0000000000000000E+000
  1.0000000000000000E+000  1.0000000000000000E+000  1.0000000000000000E+000  1.0000000000000000E+000  1.0000000000000000E+000
  1.0000000000000000E+000  1.0000000000000000E+000  1.0000000000000000E+000  1.0000000000000000E+000  1.0000000000000000E+000
  1.0000000000000000E+000  1.0000000000000000E+000  1.0000000000000000E+000  1.0000000000000000E+000  1.0000000000000000E+000
  1.0000000000000000E+000  1.0000000000000000E+000  1.0000000000000000E+000  1.0000000000000000E+000  1.0000000000000000E+000
  1.0000000000000000E+000  1.0000000000000000E+000
BLOCK 29   1.8449695605600143E+000
  1.0000000000000000E+000  1.0000000000000000E+000  1.0000000000000000E+000  1.0000000000000000E+000  1.0000000000000000E+000
  1.0000000000000000E+000  1.0000000000000000E+000  1.0000000000000000E+000  1.0000000000000000E+000  1.0000000000000000E+000
  1.0000000000000000E+000  1.0000000000000000E+000  1.0000000000000000E+000  1.0000000000000000E+000  1.0000000000000000E+000
  1.0000000000000000E+000  1.0000000000000000E+000  1.0000000000000000E+000  1.0000000000000000E+000  1.0000000000000000E+000
  1.0000000000000000E+000  1.0000000000000000E+000  1.0000000000000000E+000  1.0000000000000000E+000  1.0000000000000000E+000
  1.0000000000000000E+000  1.0000000000000000E+000  1.0000000000000000E+000  1.0000000000000000E+000  1.0000000000000000E+000
  1.0000000000000000E+000  1.0000000000000000E+000  1.0000000000000000E+000  1.0000000000000000E+000  1.0000000000000000E+000
  1.0000000000000000E+000  1.0000000000000000E+000  1.0000000000000000E+000  1.0000000000000000E+000  1.0000000000000000E+000
  1.0000000000000000E+000  1.0000000000000000E+000  1.0000000000000000E+000  1.0000000000000000E+000  1.0000000000000000E+000
  1.0000000000000000E+000  1.0000000000000000E+000  1.0000000000000000E+000  1.0000000000000000E+000  1.0000000000000000E+000
  1.0000000000000000E+000  1.0000000000000000E+000  1.0000000000000000E+000  1.0000000000000000E+000  1.0000000000000000E+000
  1.0000000000000000E+000  1.0000000000000000E+000  1.0000000000000000E+000  1.0000000000000000E+000  1.0000000000000000E+000
  1.0000000000000000E+000  1.0000000000000000E+000  1.0000000000000000E+000  1.0000000000000000E+000  1.0000000000000000E+000
  1.0000000000000000E+000  1.0000000000000000E+000  1.0000000000000000E+000  1.0000000000000000E+000  1.0000000000000000E+000
  1.0000000000000000E+000  1.0000000000000000E+000
BLOCK 30   1.9108613305800155E+000
  1.0000000000000000E+000  1.0000000000000000E+000  1.0000000000000000E+000  1.0000000000000000E+000  1.0000000000000000E+000
  1.0000000000000000E+000  1.0000000000000000E+000  1.0000000000000000E+000  1.0000000000000000E+000  1.0000000000000000E+000
  1.0000000000000000E+000  1.0000000000000000E+000  1.0000000000000000E+000  1.0000000000000000E+000  1.0000000000000000E+000
  1.0000000000000000E+000  1.0000000000000000E+000  1.0000000000000000E+000  1.0000000000000000E+000  1.0000000000000000E+000
  1.0000000000000000E+000  1.0000000000000000E+000  1.0000000000000000E+000  1.0000000000000000E+000  1.0000000000000000E+000
  1.0000000000000000E+000  1.0000000000000000E+000  1.0000000000000000E+000  1.0000000000000000E+000  1.0000000000000000E+000
  1.0000000000000000E+000  1.0000000000000000E+000  1.0000000000000000E+000  1.0000000000000000E+000  1.0000000000000000E+000
  1.0000000000000000E+000  1.0000000000000000E+000  1.0000000000000000E+000  1.0000000000000000E+000  1.0000000000000000E+000
  1.0000000000000000E+000  1.0000000000000000E+000  1.0000000000000000E+000  1.0000000000000000E+000  1.0000000000000000E+000
  1.0000000000000000E+000  1.0000000000000000E+000  1.0000000000000000E+000  1.0000000000000000E+000  1.0000000000000000E+000
  1.0000000000000000E+000  1.0000000000000000E+000  1.0000000000000000E+000  1.0000000000000000E+000  1.0000000000000000E+000
  1.0000000000000000E+000  1.0000000000000000E+000  1.0000000000000000E+000  1.0000000000000000E+000  1.0000000000000000E+000
  1.0000000000000000E+000  1.0000000000000000E+000  1.0000000000000000E+000  1.0000000000000000E+000  1.0000000000000000E+000
  1.0000000000000000E+000  1.0000000000000000E+000  1.0000000000000000E+000  1.0000000000000000E+000  1.0000000000000000E+000
  1.0000000000000000E+000  1.0000000000000000E+000
BLOCK 31   1.9767531006000167E+000
  1.0000000000000000E+000  1.0000000000000000E+000  1.0000000000000000E+000  1.0000000000000000E+000  1.0000000000000000E+000
  1.0000000000000000E+000  1.0000000000000000E+000  1.0000000000000000E+000  1.0000000000000000E+000  1.0000000000000000E+000
  1.0000000000000000E+000  1.0000000000000000E+000  1.0000000000000000E+000  1.0000000000000000E+000  1.0000000000000000E+000
  1.0000000000000000E+000  1.0000000000000000E+000  1.0000000000000000E+000  1.0000000000000000E+000  1.0000000000000000E+000
  1.0000000000000000E+000  1.0000000000000000E+000  1.0000000000000000E+000  1.0000000000000000E+000  1.0000000000000000E+000
  1.0000000000000000E+000  1.0000000000000000E+000  1.0000000000000000E+000  1.0000000000000000E+000  1.0000000000000000E+000
  1.0000000000000000E+000  1.0000000000000000E+000  1.0000000000000000E+000  1.0000000000000000E+000  1.0000000000000000E+000
  1.0000000000000000E+000  1.0000000000000000E+000  1.0000000000000000E+000  1.0000000000000000E+000  1.0000000000000000E+000
  1.0000000000000000E+000  1.0000000000000000E+000  1.0000000000000000E+000  1.0000000000000000E+000  1.0000000000000000E+000
  1.0000000000000000E+000  1.0000000000000000E+000  1.0000000000000000E+000  1.0000000000000000E+000  1.0000000000000000E+000
  1.0000000000000000E+000  1.0000000000000000E+000  1.0000000000000000E+000  1.0000000000000000E+000  1.0000000000000000E+000
  1.0000000000000000E+000  1.0000000000000000E+000  1.0000000000000000E+000  1.0000000000000000E+000  1.0000000000000000E+000
  1.0000000000000000E+000  1.0000000000000000E+000  1.0000000000000000E+000  1.0000000000000000E+000  1.0000000000000000E+000
  1.0000000000000000E+000  1.0000000000000000E+000  1.0000000000000000E+000  1.0000000000000000E+000  1.0000000000000000E+000
  1.0000000000000000E+000  1.0000000000000000E+000
BLOCK 32   2.0426448706200180E+000
  1.0000000000000000E+000  1.0000000000000000E+000  1.0000000000000000E+000  1.0000000000000000E+000  1.0000000000000000E+000
  1.0000000000000000E+000  1.0000000000000000E+000  1.0000000000000000E+000  1.0000000000000000E+000  1.0000000000000000E+000
  1.0000000000000000E+000  1.0000000000000000E+000  1.0000000000000000E+000  1.0000000000000000E+000  1.0000000000000000E+000
  1.0000000000000000E+000  1.0000000000000000E+000  1.0000000000000000E+000  1.0000000000000000E+000  1.0000000000000000E+000
  1.0000000000000000E+000  1.0000000000000000E+000  1.0000000000000000E+000  1.0000000000000000E+000  1.0000000000000000E+000
  1.0000000000000000E+000  1.0000000000000000E+000  1.0000000000000000E+000  1.0000000000000000E+000  1.0000000000000000E+000
  1.0000000000000000E+000  1.0000000000000000E+000  1.0000000000000000E+000  1.0000000000000000E+000  1.0000000000000000E+000
  1.0000000000000000E+000  1.0000000000000000E+000  1.0000000000000000E+000  1.0000000000000000E+000  1.0000000000000000E+000
  1.0000000000000000E+000  1.0000000000000000E+000  1.0000000000000000E+000  1.0000000000000000E+000  1.0000000000000000E+000
  1.0000000000000000E+000  1.0000000000000000E+000  1.0000000000000000E+000  1.0000000000000000E+000  1.0000000000000000E+000
  1.0000000000000000E+000  1.0000000000000000E+000  1.0000000000000000E+000  1.0000000000000000E+000  1.0000000000000000E+000
  1.0000000000000000E+000  1.0000000000000000E+000  1.0000000000000000E+000  1.0000000000000000E+000  1.0000000000000000E+000
  1.0000000000000000E+000  1.0000000000000000E+000  1.0000000000000000E+000  1.0000000000000000E+000  1.0000000000000000E+000
  1.0000000000000000E+000  1.0000000000000000E+000  1.0000000000000000E+000  1.0000000000000000E+000  1.0000000000000000E+000
  1.0000000000000000E+000  1.0000000000000000E+000
BLOCK 33   2.1085366406400192E+000
  1.0000000000000000E+000  1.0000000000000000E+000  1.0000000000000000E+000  1.0000000000000000E+000  1.0000000000000000E+000
  1.0000000000000000E+000  1.0000000000000000E+000  1.0000000000000000E+000  1.0000000000000000E+000  1.0000000000000000E+000
  1.0000000000000000E+000  1.0000000000000000E+000  1.0000000000000000E+000  1.0000000000000000E+000  1.0000000000000000E+000
  1.0000000000000000E+000  1.0000000000000000E+000  1.0000000000000000E+000  1.0000000000000000E+000  1.0000000000000000E+000
  1.0000000000000000E+000  1.0000000000000000E+000  1.0000000000000000E+000  1.0000000000000000E+000  1.0000000000000000E+000
  1.0000000000000000E+000  1.0000000000000000E+000  1.0000000000000000E+000  1.0000000000000000E+000  1.0000000000000000E+000
  1.0000000000000000E+000  1.0000000000000000E+000  1.0000000000000000E+000  1.0000000000000000E+000  1.0000000000000000E+000
  1.0000000000000000E+000  1.0000000000000000E+000  1.0000000000000000E+000  1.0000000000000000E+000  1.0000000000000000E+000
  1.0000000000000000E+000  1.0000000000000000E+000  1.0000000000000000E+000  1.0000000000000000E+000  1.0000000000000000E+000
  1.0000000000000000E+000  1.0000000000000000E+000  1.0000000000000000E+000  1.0000000000000000E+000  1.0000000000000000E+000
  1.0000000000000000E+000  1.0000000000000000E+000  1.0000000000000000E+000  1.0000000000000000E+000  1.0000000000000000E+000
  1.0000000000000000E+000  1.0000000000000000E+000  1.0000000000000000E+000  1.0000000000000000E+000  1.0000000000000000E+000
  1.0000000000000000E+000  1.0000000000000000E+000  1.0000000000000000E+000  1.0000000000000000E+000  1.0000000000000000E+000
  1.0000000000000000E+000  1.0000000000000000E+000  1.0000000000000000E+000  1.0000000000000000E+000  1.0000000000000000E+000
  1.0000000000000000E+000  1.0000000000000000E+000
BLOCK 34   2.1744284106600205E+000
  1.0000000000000000E+000  1.0000000000000000E+000  1.0000000000000000E+000  1.0000000000000000E+000  1.0000000000000000E+000
  1.0000000000000000E+000  1.0000000000000000E+000  1.0000000000000000E+000  1.0000000000000000E+000  1.0000000000000000E+000
  1.0000000000000000E+000  1.0000000000000000E+000  1.0000000000000000E+000  1.0000000000000000E+000  1.0000000000000000E+000
  1.0000000000000000E+000  1.0000000000000000E+000  1.0000000000000000E+000  1.0000000000000000E+000  1.0000000000000000E+000
  1.0000000000000000E+000  1.0000000000000000E+000  1.0000000000000000E+000  1.0000000000000000E+000  1.0000000000000000E+000
  1.0000000000000000E+000  1.0000000000000000E+000  1.0000000000000000E+000  1.0000000000000000E+000  1.0000000000000000E+000
  1.0000000000000000E+000  1.0000000000000000E+000  1.0000000000000000E+000  1.0000000000000000E+000  1.0000000000000000E+000
  1.0000000000000000E+000  1.0000000000000000E+000  1.0000000000000000E+000  1.0000000000000000E+000  1.0000000000000000E+000
  1.0000000000000000E+000  1.0000000000000000E+000  1.0000000000000000E+000  1.0000000000000000E+000  1.0000000000000000E+000
  1.0000000000000000E+000  1.0000000000000000E+000  1.0000000000000000E+000  1.0000000000000000E+000  1.0000000000000000E+000
  1.0000000000000000E+000  1.0000000000000000E+000  1.0000000000000000E+000  1.0000000000000000E+000  1.0000000000000000E+000
  1.0000000000000000E+000  1.0000000000000000E+000  1.0000000000000000E+000  1.0000000000000000E+000  1.0000000000000000E+000
  1.0000000000000000E+000  1.0000000000000000E+000  1.0000000000000000E+000  1.0000000000000000E+000  1.0000000000000000E+000
  1.0000000000000000E+000  1.0000000000000000E+000  1.0000000000000000E+000  1.0000000000000000E+000  1.0000000000000000E+000
  1.0000000000000000E+000  1.0000000000000000E+000
BLOCK 35   2.2403201806800217E+000
  1.0000000000000000E+000  1.0000000000000000E+000  1.0000000000000000E+000  1.0000000000000000E+000  1.0000000000000000E+000
  1.0000000000000000E+000  1.0000000000000000E+000  1.0000000000000000E+000  1.0000000000000000E+000  1.0000000000000000E+000
  1.0000000000000000E+000  1.0000000000000000E+000  1.0000000000000000E+000  1.0000000000000000E+000  1.0000000000000000E+000
  1.0000000000000000E+000  1.0000000000000000E+000  1.0000000000000000E+000  1.0000000000000000E+000  1.0000000000000000E+000
  1.0000000000000000E+000  1.0000000000000000E+000  1.0000000000000000E+000  1.0000000000000000E+000  1.0000000000000000E+000
  1.0000000000000000E+000  1.0000000000000000E+000  1.0000000000000000E+000  1.0000000000000000E+000  1.0000000000000000E+000
  1.0000000000000000E+000  1.0000000000000000E+000  1.0000000000000000E+000  1.0000000000000000E+000  1.0000000000000000E+000
  1.0000000000000000E+000  1.0000000000000000E+000  1.0000000000000000E+000  1.0000000000000000E+000  1.0000000000000000E+000
  1.0000000000000000E+000  1.0000000000000000E+000  1.0000000000000000E+000  1.0000000000000000E+000  1.0000000000000000E+000
  1.0000000000000000E+000  1.0000000000000000E+000  1.0000000000000000E+000  1.0000000000000000E+000  1.0000000000000000E+000
  1.0000000000000000E+000  1.0000000000000000E+000  1.0000000000000000E+000  1.0000000000000000E+000  1.0000000000000000E+000
  1.0000000000000000E+000  1.0000000000000000E+000  1.0000000000000000E+000  1.0000000000000000E+000  1.0000000000000000E+000
  1.0000000000000000E+000  1.0000000000000000E+000  1.0000000000000000E+000  1.0000000000000000E+000  1.0000000000000000E+000
  1.0000000000000000E+000  1.0000000000000000E+000  1.0000000000000000E+000  1.0000000000000000E+000  1.0000000000000000E+000
  1.0000000000000000E+000  1.0000000000000000E+000
BLOCK 36   2.3062119507000229E+000
  1.0000000000000000E+000  1.0000000000000000E+000  1.0000000000000000E+000  1.0000000000000000E+000  1.0000000000000000E+000
  1.0000000000000000E+000  1.0000000000000000E+000  1.0000000000000000E+000  1.0000000000000000E+000  1.0000000000000000E+000
  1.0000000000000000E+000  1.0000000000000000E+000  1.0000000000000000E+000  1.0000000000000000E+000  1.0000000000000000E+000
  1.0000000000000000E+000  1.0000000000000000E+000  1.0000000000000000E+000  1.0000000000000000E+000  1.0000000000000000E+000
  1.0000000000000000E+000  1.0000000000000000E+000  1.0000000000000000E+000  1.0000000000000000E+000  1.0000000000000000E+000
  1.0000000000000000E+000  1.0000000000000000E+000  1.0000000000000000E+000  1.0000000000000000E+000  1.0000000000000000E+000
  1.0000000000000000E+000  1.0000000000000000E+000  1.0000000000000000E+000  1.0000000000000000E+000  1.0000000000000000E+000
  1.0000000000000000E+000  1.0000000000000000E+000  1.0000000000000000E+000  1.0000000000000000E+000  1.0000000000000000E+000
  1.0000000000000000E+000  1.0000000000000000E+000  1.0000000000000000E+000  1.0000000000000000E+000  1.0000000000000000E+000
  1.0000000000000000E+000  1.0000000000000000E+000  1.0000000000000000E+000  1.0000000000000000E+000  1.0000000000000000E+000
  1.0000000000000000E+000  1.0000000000000000E+000  1.0000000000000000E+000  1.0000000000000000E+000  1.0000000000000000E+000
  1.0000000000000000E+000  1.0000000000000000E+000  1.0000000000000000E+000  1.0000000000000000E+000  1.0000000000000000E+000
  1.0000000000000000E+000  1.0000000000000000E+000  1.0000000000000000E+000  1.0000000000000000E+000  1.0000000000000000E+000
  1.0000000000000000E+000  1.0000000000000000E+000  1.0000000000000000E+000  1.0000000000000000E+000  1.0000000000000000E+000
  1.0000000000000000E+000  1.0000000000000000E+000
BLOCK 37   2.3721037207200242E+000
  1.0000000000000000E+000  1.0000000000000000E+000  1.0000000000000000E+000  1.0000000000000000E+000  1.0000000000000000E+000
  1.0000000000000000E+000  1.0000000000000000E+000  1.0000000000000000E+000  1.0000000000000000E+000  1.0000000000000000E+000
  1.0000000000000000E+000  1.0000000000000000E+000  1.0000000000000000E+000  1.0000000000000000E+000  1.0000000000000000E+000
  1.0000000000000000E+000  1.0000000000000000E+000  1.0000000000000000E+000  1.0000000000000000E+000  1.0000000000000000E+000
  1.0000000000000000E+000  1.0000000000000000E+000  1.0000000000000000E+000  1.0000000000000000E+000  1.0000000000000000E+000
  1.0000000000000000E+000  1.0000000000000000E+000  1.0000000000000000E+000  1.0000000000000000E+000  1.0000000000000000E+000
  1.0000000000000000E+000  1.0000000000000000E+000  1.0000000000000000E+000  1.0000000000000000E+000  1.0000000000000000E+000
  1.0000000000000000E+000  1.0000000000000000E+000  1.0000000000000000E+000  1.0000000000000000E+000  1.0000000000000000E+000
  1.0000000000000000E+000  1.0000000000000000E+000  1.0000000000000000E+000  1.0000000000000000E+000  1.0000000000000000E+000
  1.0000000000000000E+000  1.0000000000000000E+000  1.0000000000000000E+000  1.0000000000000000E+000  1.0000000000000000E+000
  1.0000000000000000E+000  1.0000000000000000E+000  1.0000000000000000E+000  1.0000000000000000E+000  1.0000000000000000E+000
  1.0000000000000000E+000  1.0000000000000000E+000  1.0000000000000000E+000  1.0000000000000000E+000  1.0000000000000000E+000
  1.0000000000000000E+000  1.0000000000000000E+000  1.0000000000000000E+000  1.0000000000000000E+000  1.0000000000000000E+000
  1.0000000000000000E+000  1.0000000000000000E+000  1.0000000000000000E+000  1.0000000000000000E+000  1.0000000000000000E+000
  1.0000000000000000E+000  1.0000000000000000E+000
BLOCK 38   2.4379954907400254E+000
  1.0000000000000000E+000  1.0000000000000000E+000  1.0000000000000000E+000  1.0000000000000000E+000  1.0000000000000000E+000
  1.0000000000000000E+000  1.0000000000000000E+000  1.0000000000000000E+000  1.0000000000000000E+000  1.0000000000000000E+000
  1.0000000000000000E+000  1.0000000000000000E+000  1.0000000000000000E+000  1.0000000000000000E+000  1.0000000000000000E+000
  1.0000000000000000E+000  1.0000000000000000E+000  1.0000000000000000E+000  1.0000000000000000E+000  1.0000000000000000E+000
  1.0000000000000000E+000  1.0000000000000000E+000  1.0000000000000000E+000  1.0000000000000000E+000  1.0000000000000000E+000
  1.0000000000000000E+000  1.0000000000000000E+000  1.0000000000000000E+000  1.0000000000000000E+000  1.0000000000000000E+000
  1.0000000000000000E+000  1.0000000000000000E+000  1.0000000000000000E+000  1.0000000000000000E+000  1.0000000000000000E+000
  1.0000000000000000E+000  1.0000000000000000E+000  1.0000000000000000E+000  1.0000000000000000E+000  1.0000000000000000E+000
  1.0000000000000000E+000  1.0000000000000000E+000  1.0000000000000000E+000  1.0000000000000000E+000  1.0000000000000000E+000
  1.0000000000000000E+000  1.0000000000000000E+000  1.0000000000000000E+000  1.0000000000000000E+000  1.0000000000000000E+000
  1.0000000000000000E+000  1.0000000000000000E+000  1.0000000000000000E+000  1.0000000000000000E+000  1.0000000000000000E+000
  1.0000000000000000E+000  1.0000000000000000E+000  1.0000000000000000E+000  1.0000000000000000E+000  1.0000000000000000E+000
  1.0000000000000000E+000  1.0000000000000000E+000  1.0000000000000000E+000  1.0000000000000000E+000  1.0000000000000000E+000
  1.0000000000000000E+000  1.0000000000000000E+000  1.0000000000000000E+000  1.0000000000000000E+000  1.0000000000000000E+000
  1.0000000000000000E+000  1.0000000000000000E+000
BLOCK 39   2.5038872607600267E+000
  1.0000000000000000E+000  1.0000000000000000E+000  1.0000000000000000E+000  1.0000000000000000E+000  1.0000000000000000E+000
  1.0000000000000000E+000  1.0000000000000000E+000  1.0000000000000000E+000  1.0000000000000000E+000  1.0000000000000000E+000
  1.0000000000000000E+000  1.0000000000000000E+000  1.0000000000000000E+000  1.0000000000000000E+000  1.0000000000000000E+000
  1.0000000000000000E+000  1.0000000000000000E+000  1.0000000000000000E+000  1.0000000000000000E+000  1.0000000000000000E+000
  1.0000000000000000E+000  1.0000000000000000E+000  1.0000000000000000E+000  1.0000000000000000E+000  1.0000000000000000E+000
  1.0000000000000000E+000  1.0000000000000000E+000  1.0000000000000000E+000  1.0000000000000000E+000  1.0000000000000000E+000
  1.0000000000000000E+000  1.0000000000000000E+000  1.0000000000000000E+000  1.0000000000000000E+000  1.0000000000000000E+000
  1.0000000000000000E+000  1.0000000000000000E+000  1.0000000000000000E+000  1.0000000000000000E+000  1.0000000000000000E+000
  1.0000000000000000E+000  1.0000000000000000E+000  1.0000000000000000E+000  1.0000000000000000E+000  1.0000000000000000E+000
  1.0000000000000000E+000  1.0000000000000000E+000  1.0000000000000000E+000  1.0000000000000000E+000  1.0000000000000000E+000
  1.0000000000000000E+000  1.0000000000000000E+000  1.0000000000000000E+000  1.0000000000000000E+000  1.0000000000000000E+000
  1.0000000000000000E+000  1.0000000000000000E+000  1.0000000000000000E+000  1.0000000000000000E+000  1.0000000000000000E+000
  1.0000000000000000E+000  1.0000000000000000E+000  1.0000000000000000E+000  1.0000000000000000E+000  1.0000000000000000E+000
  1.0000000000000000E+000  1.0000000000000000E+000  1.0000000000000000E+000  1.0000000000000000E+000  1.0000000000000000E+000
  1.0000000000000000E+000  1.0000000000000000E+000
BLOCK 40   2.5697790307800279E+000
  1.0000000000000000E+000  1.0000000000000000E+000  1.0000000000000000E+000  1.0000000000000000E+000  1.0000000000000000E+000
  1.0000000000000000E+000  1.0000000000000000E+000  1.0000000000000000E+000  1.0000000000000000E+000  1.0000000000000000E+000
  1.0000000000000000E+000  1.0000000000000000E+000  1.0000000000000000E+000  1.0000000000000000E+000  1.0000000000000000E+000
  1.0000000000000000E+000  1.0000000000000000E+000  1.0000000000000000E+000  1.0000000000000000E+000  1.0000000000000000E+000
  1.0000000000000000E+000  1.0000000000000000E+000  1.0000000000000000E+000  1.0000000000000000E+000  1.0000000000000000E+000
  1.0000000000000000E+000  1.0000000000000000E+000  1.0000000000000000E+000  1.0000000000000000E+000  1.0000000000000000E+000
  1.0000000000000000E+000  1.0000000000000000E+000  1.0000000000000000E+000  1.0000000000000000E+000  1.0000000000000000E+000
  1.0000000000000000E+000  1.0000000000000000E+000  1.0000000000000000E+000  1.0000000000000000E+000  1.0000000000000000E+000
  1.0000000000000000E+000  1.0000000000000000E+000  1.0000000000000000E+000  1.0000000000000000E+000  1.0000000000000000E+000
  1.0000000000000000E+000  1.0000000000000000E+000  1.0000000000000000E+000  1.0000000000000000E+000  1.0000000000000000E+000
  1.0000000000000000E+000  1.0000000000000000E+000  1.0000000000000000E+000  1.0000000000000000E+000  1.0000000000000000E+000
  1.0000000000000000E+000  1.0000000000000000E+000  1.0000000000000000E+000  1.0000000000000000E+000  1.0000000000000000E+000
  1.0000000000000000E+000  1.0000000000000000E+000  1.0000000000000000E+000  1.0000000000000000E+000  1.0000000000000000E+000
  1.0000000000000000E+000  1.0000000000000000E+000  1.0000000000000000E+000  1.0000000000000000E+000  1.0000000000000000E+000
  1.0000000000000000E+000  1.0000000000000000E+000
BLOCK 41   2.6356708008000291E+000
  1.0000000000000000E+000  1.0000000000000000E+000  1.0000000000000000E+000  1.0000000000000000E+000  1.0000000000000000E+000
  1.0000000000000000E+000  1.0000000000000000E+000  1.0000000000000000E+000  1.0000000000000000E+000  1.0000000000000000E+000
  1.0000000000000000E+000  1.0000000000000000E+000  1.0000000000000000E+000  1.0000000000000000E+000  1.0000000000000000E+000
  1.0000000000000000E+000  1.0000000000000000E+000  1.0000000000000000E+000  1.0000000000000000E+000  1.0000000000000000E+000
  1.0000000000000000E+000  1.0000000000000000E+000  1.0000000000000000E+000  1.0000000000000000E+000  1.0000000000000000E+000
  1.0000000000000000E+000  1.0000000000000000E+000  1.0000000000000000E+000  1.0000000000000000E+000  1.0000000000000000E+000
  1.0000000000000000E+000  1.0000000000000000E+000  1.0000000000000000E+000  1.0000000000000000E+000  1.0000000000000000E+000
  1.0000000000000000E+000  1.0000000000000000E+000  1.0000000000000000E+000  1.0000000000000000E+000  1.0000000000000000E+000
  1.0000000000000000E+000  1.0000000000000000E+000  1.0000000000000000E+000  1.0000000000000000E+000  1.0000000000000000E+000
  1.0000000000000000E+000  1.0000000000000000E+000  1.0000000000000000E+000  1.0000000000000000E+000  1.0000000000000000E+000
  1.0000000000000000E+000  1.0000000000000000E+000  1.0000000000000000E+000  1.0000000000000000E+000  1.0000000000000000E+000
  1.0000000000000000E+000  1.0000000000000000E+000  1.0000000000000000E+000  1.0000000000000000E+000  1.0000000000000000E+000
  1.0000000000000000E+000  1.0000000000000000E+000  1.0000000000000000E+000  1.0000000000000000E+000  1.0000000000000000E+000
  1.0000000000000000E+000  1.0000000000000000E+000  1.0000000000000000E+000  1.0000000000000000E+000  1.0000000000000000E+000
  1.0000000000000000E+000  1.0000000000000000E+000
BLOCK 42   2.7015625708200304E+000
  1.0000000000000000E+000  1.0000000000000000E+000  1.0000000000000000E+000  1.0000000000000000E+000  1.0000000000000000E+000
  1.0000000000000000E+000  1.0000000000000000E+000  1.0000000000000000E+000  1.0000000000000000E+000  1.0000000000000000E+000
  1.0000000000000000E+000  1.0000000000000000E+000  1.0000000000000000E+000  1.0000000000000000E+000  1.0000000000000000E+000
  1.0000000000000000E+000  1.0000000000000000E+000  1.0000000000000000E+000  1.0000000000000000E+000  1.0000000000000000E+000
  1.0000000000000000E+000  1.0000000000000000E+000  1.0000000000000000E+000  1.0000000000000000E+000  1.0000000000000000E+000
  1.0000000000000000E+000  1.0000000000000000E+000  1.0000000000000000E+000  1.0000000000000000E+000  1.0000000000000000E+000
  1.0000000000000000E+000  1.0000000000000000E+000  1.0000000000000000E+000  1.0000000000000000E+000  1.0000000000000000E+000
  1.0000000000000000E+000  1.0000000000000000E+000  1.0000000000000000E+000  1.0000000000000000E+000  1.0000000000000000E+000
  1.0000000000000000E+000  1.0000000000000000E+000  1.0000000000000000E+000  1.0000000000000000E+000  1.0000000000000000E+000
  1.0000000000000000E+000  1.0000000000000000E+000  1.0000000000000000E+000  1.0000000000000000E+000  1.0000000000000000E+000
  1.0000000000000000E+000  1.0000000000000000E+000  1.0000000000000000E+000  1.0000000000000000E+000  1.0000000000000000E+000
  1.0000000000000000E+000  1.0000000000000000E+000  1.0000000000000000E+000  1.0000000000000000E+000  1.0000000000000000E+000
  1.0000000000000000E+000  1.0000000000000000E+000  1.0000000000000000E+000  1.0000000000000000E+000  1.0000000000000000E+000
  1.0000000000000000E+000  1.0000000000000000E+000  1.0000000000000000E+000  1.0000000000000000E+000  1.0000000000000000E+000
  1.0000000000000000E+000  1.0000000000000000E+000
BLOCK 43   2.7674543408400316E+000
  1.0000000000000000E+000  1.0000000000000000E+000  1.0000000000000000E+000  1.0000000000000000E+000  1.0000000000000000E+000
  1.0000000000000000E+000  1.0000000000000000E+000  1.0000000000000000E+000  1.0000000000000000E+000  1.0000000000000000E+000
  1.0000000000000000E+000  1.0000000000000000E+000  1.0000000000000000E+000  1.0000000000000000E+000  1.0000000000000000E+000
  1.0000000000000000E+000  1.0000000000000000E+000  1.0000000000000000E+000  1.0000000000000000E+000  1.0000000000000000E+000
  1.0000000000000000E+000  1.0000000000000000E+000  1.0000000000000000E+000  1.0000000000000000E+000  1.0000000000000000E+000
  1.0000000000000000E+000  1.0000000000000000E+000  1.0000000000000000E+000  1.0000000000000000E+000  1.0000000000000000E+000
  1.0000000000000000E+000  1.0000000000000000E+000  1.0000000000000000E+000  1.0000000000000000E+000  1.0000000000000000E+000
  1.0000000000000000E+000  1.0000000000000000E+000  1.0000000000000000E+000  1.0000000000000000E+000  1.0000000000000000E+000
  1.0000000000000000E+000  1.0000000000000000E+000  1.0000000000000000E+000  1.0000000000000000E+000  1.0000000000000000E+000
  1.0000000000000000E+000  1.0000000000000000E+000  1.0000000000000000E+000  1.0000000000000000E+000  1.0000000000000000E+000
  1.0000000000000000E+000  1.0000000000000000E+000  1.0000000000000000E+000  1.0000000000000000E+000  1.0000000000000000E+000
  1.0000000000000000E+000  1.0000000000000000E+000  1.0000000000000000E+000  1.0000000000000000E+000  1.0000000000000000E+000
  1.0000000000000000E+000  1.0000000000000000E+000  1.0000000000000000E+000  1.0000000000000000E+000  1.0000000000000000E+000
  1.0000000000000000E+000  1.0000000000000000E+000  1.0000000000000000E+000  1.0000000000000000E+000  1.0000000000000000E+000
  1.0000000000000000E+000  1.0000000000000000E+000
BLOCK 44   2.8333461108600329E+000
  1.0000000000000000E+000  1.0000000000000000E+000  1.0000000000000000E+000  1.0000000000000000E+000  1.0000000000000000E+000
  1.0000000000000000E+000  1.0000000000000000E+000  1.0000000000000000E+000  1.0000000000000000E+000  1.0000000000000000E+000
  1.0000000000000000E+000  1.0000000000000000E+000  1.0000000000000000E+000  1.0000000000000000E+000  1.0000000000000000E+000
  1.0000000000000000E+000  1.0000000000000000E+000  1.0000000000000000E+000  1.0000000000000000E+000  1.0000000000000000E+000
  1.0000000000000000E+000  1.0000000000000000E+000  1.0000000000000000E+000  1.0000000000000000E+000  1.0000000000000000E+000
  1.0000000000000000E+000  1.0000000000000000E+000  1.0000000000000000E+000  1.0000000000000000E+000  1.0000000000000000E+000
  1.0000000000000000E+000  1.0000000000000000E+000  1.0000000000000000E+000  1.0000000000000000E+000  1.0000000000000000E+000
  1.0000000000000000E+000  1.0000000000000000E+000  1.0000000000000000E+000  1.0000000000000000E+000  1.0000000000000000E+000
  1.0000000000000000E+000  1.0000000000000000E+000  1.0000000000000000E+000  1.0000000000000000E+000  1.0000000000000000E+000
  1.0000000000000000E+000  1.0000000000000000E+000  1.0000000000000000E+000  1.0000000000000000E+000  1.0000000000000000E+000
  1.0000000000000000E+000  1.0000000000000000E+000  1.0000000000000000E+000  1.0000000000000000E+000  1.0000000000000000E+000
  1.0000000000000000E+000  1.0000000000000000E+000  1.0000000000000000E+000  1.0000000000000000E+000  1.0000000000000000E+000
  1.0000000000000000E+000  1.0000000000000000E+000  1.0000000000000000E+000  1.0000000000000000E+000  1.0000000000000000E+000
  1.0000000000000000E+000  1.0000000000000000E+000  1.0000000000000000E+000  1.0000000000000000E+000  1.0000000000000000E+000
  1.0000000000000000E+000  1.0000000000000000E+000
BLOCK 45   2.8992378808800341E+000
  1.0000000000000000E+000  1.0000000000000000E+000  1.0000000000000000E+000  1.0000000000000000E+000  1.0000000000000000E+000
  1.0000000000000000E+000  1.0000000000000000E+000  1.0000000000000000E+000  1.0000000000000000E+000  1.0000000000000000E+000
  1.0000000000000000E+000  1.0000000000000000E+000  1.0000000000000000E+000  1.0000000000000000E+000  1.0000000000000000E+000
  1.0000000000000000E+000  1.0000000000000000E+000  1.0000000000000000E+000  1.0000000000000000E+000  1.0000000000000000E+000
  1.0000000000000000E+000  1.0000000000000000E+000  1.0000000000000000E+000  1.0000000000000000E+000  1.0000000000000000E+000
  1.0000000000000000E+000  1.0000000000000000E+000  1.0000000000000000E+000  1.0000000000000000E+000  1.0000000000000000E+000
  1.0000000000000000E+000  1.0000000000000000E+000  1.0000000000000000E+000  1.0000000000000000E+000  1.0000000000000000E+000
  1.0000000000000000E+000  1.0000000000000000E+000  1.0000000000000000E+000  1.0000000000000000E+000  1.0000000000000000E+000
  1.0000000000000000E+000  1.0000000000000000E+000  1.0000000000000000E+000  1.0000000000000000E+000  1.0000000000000000E+000
  1.0000000000000000E+000  1.0000000000000000E+000  1.0000000000000000E+000  1.0000000000000000E+000  1.0000000000000000E+000
  1.0000000000000000E+000  1.0000000000000000E+000  1.0000000000000000E+000  1.0000000000000000E+000  1.0000000000000000E+000
  1.0000000000000000E+000  1.0000000000000000E+000  1.0000000000000000E+000  1.0000000000000000E+000  1.0000000000000000E+000
  1.0000000000000000E+000  1.0000000000000000E+000  1.0000000000000000E+000  1.0000000000000000E+000  1.0000000000000000E+000
  1.0000000000000000E+000  1.0000000000000000E+000  1.0000000000000000E+000  1.0000000000000000E+000  1.0000000000000000E+000
  1.0000000000000000E+000  1.0000000000000000E+000
BLOCK 46   2.9651296509000353E+000
  1.0000000000000000E+000  1.0000000000000000E+000  1.0000000000000000E+000  1.0000000000000000E+000  1.0000000000000000E+000
  1.0000000000000000E+000  1.0000000000000000E+000  1.0000000000000000E+000  1.0000000000000000E+000  1.0000000000000000E+000
  1.0000000000000000E+000  1.0000000000000000E+000  1.0000000000000000E+000  1.0000000000000000E+000  1.0000000000000000E+000
  1.0000000000000000E+000  1.0000000000000000E+000  1.0000000000000000E+000  1.0000000000000000E+000  1.0000000000000000E+000
  1.0000000000000000E+000  1.0000000000000000E+000  1.0000000000000000E+000  1.0000000000000000E+000  1.0000000000000000E+000
  1.0000000000000000E+000  1.0000000000000000E+000  1.0000000000000000E+000  1.0000000000000000E+000  1.0000000000000000E+000
  1.0000000000000000E+000  1.0000000000000000E+000  1.0000000000000000E+000  1.0000000000000000E+000  1.0000000000000000E+000
  1.0000000000000000E+000  1.0000000000000000E+000  1.0000000000000000E+000  1.0000000000000000E+000  1.0000000000000000E+000
  1.0000000000000000E+000  1.0000000000000000E+000  1.0000000000000000E+000  1.0000000000000000E+000  1.0000000000000000E+000
  1.0000000000000000E+000  1.0000000000000000E+000  1.0000000000000000E+000  1.0000000000000000E+000  1.0000000000000000E+000
  1.0000000000000000E+000  1.0000000000000000E+000  1.0000000000000000E+000  1.0000000000000000E+000  1.0000000000000000E+000
  1.0000000000000000E+000  1.0000000000000000E+000  1.0000000000000000E+000  1.0000000000000000E+000  1.0000000000000000E+000
  1.0000000000000000E+000  1.0000000000000000E+000  1.0000000000000000E+000  1.0000000000000000E+000  1.0000000000000000E+000
  1.0000000000000000E+000  1.0000000000000000E+000  1.0000000000000000E+000  1.0000000000000000E+000  1.0000000000000000E+000
  1.0000000000000000E+000  1.0000000000000000E+000
BLOCK 47   3.0310214209200366E+000
  1.0000000000000000E+000  1.0000000000000000E+000  1.0000000000000000E+000  1.0000000000000000E+000  1.0000000000000000E+000
  1.0000000000000000E+000  1.0000000000000000E+000  1.0000000000000000E+000  1.0000000000000000E+000  1.0000000000000000E+000
  1.0000000000000000E+000  1.0000000000000000E+000  1.0000000000000000E+000  1.0000000000000000E+000  1.0000000000000000E+000
  1.0000000000000000E+000  1.0000000000000000E+000  1.0000000000000000E+000  1.0000000000000000E+000  1.0000000000000000E+000
  1.0000000000000000E+000  1.0000000000000000E+000  1.0000000000000000E+000  1.0000000000000000E+000  1.0000000000000000E+000
  1.0000000000000000E+000  1.0000000000000000E+000  1.0000000000000000E+000  1.0000000000000000E+000  1.0000000000000000E+000
  1.0000000000000000E+000  1.0000000000000000E+000  1.0000000000000000E+000  1.0000000000000000E+000  1.0000000000000000E+000
  1.0000000000000000E+000  1.0000000000000000E+000  1.0000000000000000E+000  1.0000000000000000E+000  1.0000000000000000E+000
  1.0000000000000000E+000  1.0000000000000000E+000  1.0000000000000000E+000  1.0000000000000000E+000  1.0000000000000000E+000
  1.0000000000000000E+000  1.0000000000000000E+000  1.0000000000000000E+000  1.0000000000000000E+000  1.0000000000000000E+000
  1.0000000000000000E+000  1.0000000000000000E+000  1.0000000000000000E+000  1.0000000000000000E+000  1.0000000000000000E+000
  1.0000000000000000E+000  1.0000000000000000E+000  1.0000000000000000E+000  1.0000000000000000E+000  1.0000000000000000E+000
  1.0000000000000000E+000  1.0000000000000000E+000  1.0000000000000000E+000  1.0000000000000000E+000  1.0000000000000000E+000
  1.0000000000000000E+000  1.0000000000000000E+000  1.0000000000000000E+000  1.0000000000000000E+000  1.0000000000000000E+000
  1.0000000000000000E+000  1.0000000000000000E+000
BLOCK 48   3.0969131909400378E+000
  1.0000000000000000E+000  1.0000000000000000E+000  1.0000000000000000E+000  1.0000000000000000E+000  1.0000000000000000E+000
  1.0000000000000000E+000  1.0000000000000000E+000  1.0000000000000000E+000  1.0000000000000000E+000  1.0000000000000000E+000
  1.0000000000000000E+000  1.0000000000000000E+000  1.0000000000000000E+000  1.0000000000000000E+000  1.0000000000000000E+000
  1.0000000000000000E+000  1.0000000000000000E+000  1.0000000000000000E+000  1.0000000000000000E+000  1.0000000000000000E+000
  1.0000000000000000E+000  1.0000000000000000E+000  1.0000000000000000E+000  1.0000000000000000E+000  1.0000000000000000E+000
  1.0000000000000000E+000  1.0000000000000000E+000  1.0000000000000000E+000  1.0000000000000000E+000  1.0000000000000000E+000
  1.0000000000000000E+000  1.0000000000000000E+000  1.0000000000000000E+000  1.0000000000000000E+000  1.0000000000000000E+000
  1.0000000000000000E+000  1.0000000000000000E+000  1.0000000000000000E+000  1.0000000000000000E+000  1.0000000000000000E+000
  1.0000000000000000E+000  1.0000000000000000E+000  1.0000000000000000E+000  1.0000000000000000E+000  1.0000000000000000E+000
  1.0000000000000000E+000  1.0000000000000000E+000  1.0000000000000000E+000  1.0000000000000000E+000  1.0000000000000000E+000
  1.0000000000000000E+000  1.0000000000000000E+000  1.0000000000000000E+000  1.0000000000000000E+000  1.0000000000000000E+000
  1.0000000000000000E+000  1.0000000000000000E+000  1.0000000000000000E+000  1.0000000000000000E+000  1.0000000000000000E+000
  1.0000000000000000E+000  1.0000000000000000E+000  1.0000000000000000E+000  1.0000000000000000E+000  1.0000000000000000E+000
  1.0000000000000000E+000  1.0000000000000000E+000  1.0000000000000000E+000  1.0000000000000000E+000  1.0000000000000000E+000
  1.0000000000000000E+000  1.0000000000000000E+000
BLOCK 49   3.1628049609600390E+000
  1.0000000000000000E+000  1.0000000000000000E+000  1.0000000000000000E+000  1.0000000000000000E+000  1.0000000000000000E+000
  1.0000000000000000E+000  1.0000000000000000E+000  1.0000000000000000E+000  1.0000000000000000E+000  1.0000000000000000E+000
  1.0000000000000000E+000  1.0000000000000000E+000  1.0000000000000000E+000  1.0000000000000000E+000  1.0000000000000000E+000
  1.0000000000000000E+000  1.0000000000000000E+000  1.0000000000000000E+000  1.0000000000000000E+000  1.0000000000000000E+000
  1.0000000000000000E+000  1.0000000000000000E+000  1.0000000000000000E+000  1.0000000000000000E+000  1.0000000000000000E+000
  1.0000000000000000E+000  1.0000000000000000E+000  1.0000000000000000E+000  1.0000000000000000E+000  1.0000000000000000E+000
  1.0000000000000000E+000  1.0000000000000000E+000  1.0000000000000000E+000  1.0000000000000000E+000  1.0000000000000000E+000
  1.0000000000000000E+000  1.0000000000000000E+000  1.0000000000000000E+000  1.0000000000000000E+000  1.0000000000000000E+000
  1.0000000000000000E+000  1.0000000000000000E+000  1.0000000000000000E+000  1.0000000000000000E+000  1.0000000000000000E+000
  1.0000000000000000E+000  1.0000000000000000E+000  1.0000000000000000E+000  1.0000000000000000E+000  1.0000000000000000E+000
  1.0000000000000000E+000  1.0000000000000000E+000  1.0000000000000000E+000  1.0000000000000000E+000  1.0000000000000000E+000
  1.0000000000000000E+000  1.0000000000000000E+000  1.0000000000000000E+000  1.0000000000000000E+000  1.0000000000000000E+000
  1.0000000000000000E+000  1.0000000000000000E+000  1.0000000000000000E+000  1.0000000000000000E+000  1.0000000000000000E+000
  1.0000000000000000E+000  1.0000000000000000E+000  1.0000000000000000E+000  1.0000000000000000E+000  1.0000000000000000E+000
  1.0000000000000000E+000  1.0000000000000000E+000
BLOCK 50   3.2286967309800403E+000
  1.0000000000000000E+000  1.0000000000000000E+000  1.0000000000000000E+000  1.0000000000000000E+000  1.0000000000000000E+000
  1.0000000000000000E+000  1.0000000000000000E+000  1.0000000000000000E+000  1.0000000000000000E+000  1.0000000000000000E+000
  1.0000000000000000E+000  1.0000000000000000E+000  1.0000000000000000E+000  1.0000000000000000E+000  1.0000000000000000E+000
  1.0000000000000000E+000  1.0000000000000000E+000  1.0000000000000000E+000  1.0000000000000000E+000  1.0000000000000000E+000
  1.0000000000000000E+000  1.0000000000000000E+000  1.0000000000000000E+000  1.0000000000000000E+000  1.0000000000000000E+000
  1.0000000000000000E+000  1.0000000000000000E+000  1.0000000000000000E+000  1.0000000000000000E+000  1.0000000000000000E+000
  1.0000000000000000E+000  1.0000000000000000E+000  1.0000000000000000E+000  1.0000000000000000E+000  1.0000000000000000E+000
  1.0000000000000000E+000  1.0000000000000000E+000  1.0000000000000000E+000  1.0000000000000000E+000  1.0000000000000000E+000
  1.0000000000000000E+000  1.0000000000000000E+000  1.0000000000000000E+000  1.0000000000000000E+000  1.0000000000000000E+000
  1.0000000000000000E+000  1.0000000000000000E+000  1.0000000000000000E+000  1.0000000000000000E+000  1.0000000000000000E+000
  1.0000000000000000E+000  1.0000000000000000E+000  1.0000000000000000E+000  1.0000000000000000E+000  1.0000000000000000E+000
  1.0000000000000000E+000  1.0000000000000000E+000  1.0000000000000000E+000  1.0000000000000000E+000  1.0000000000000000E+000
  1.0000000000000000E+000  1.0000000000000000E+000  1.0000000000000000E+000  1.0000000000000000E+000  1.0000000000000000E+000
  1.0000000000000000E+000  1.0000000000000000E+000  1.0000000000000000E+000  1.0000000000000000E+000  1.0000000000000000E+000
  1.0000000000000000E+000  1.0000000000000000E+000
BLOCK 51   3.2945885010000415E+000
  1.0000000000000000E+000  1.0000000000000000E+000  1.0000000000000000E+000  1.0000000000000000E+000  1.0000000000000000E+000
  1.0000000000000000E+000  1.0000000000000000E+000  1.0000000000000000E+000  1.0000000000000000E+000  1.0000000000000000E+000
  1.0000000000000000E+000  1.0000000000000000E+000  1.0000000000000000E+000  1.0000000000000000E+000  1.0000000000000000E+000
  1.0000000000000000E+000  1.0000000000000000E+000  1.0000000000000000E+000  1.0000000000000000E+000  1.0000000000000000E+000
  1.0000000000000000E+000  1.0000000000000000E+000  1.0000000000000000E+000  1.0000000000000000E+000  1.0000000000000000E+000
  1.0000000000000000E+000  1.0000000000000000E+000  1.0000000000000000E+000  1.0000000000000000E+000  1.0000000000000000E+000
  1.0000000000000000E+000  1.0000000000000000E+000  1.0000000000000000E+000  1.0000000000000000E+000  1.0000000000000000E+000
  1.0000000000000000E+000  1.0000000000000000E+000  1.0000000000000000E+000  1.0000000000000000E+000  1.0000000000000000E+000
  1.0000000000000000E+000  1.0000000000000000E+000  1.0000000000000000E+000  1.0000000000000000E+000  1.0000000000000000E+000
  1.0000000000000000E+000  1.0000000000000000E+000  1.0000000000000000E+000  1.0000000000000000E+000  1.0000000000000000E+000
  1.0000000000000000E+000  1.0000000000000000E+000  1.0000000000000000E+000  1.0000000000000000E+000  1.0000000000000000E+000
  1.0000000000000000E+000  1.0000000000000000E+000  1.0000000000000000E+000  1.0000000000000000E+000  1.0000000000000000E+000
  1.0000000000000000E+000  1.0000000000000000E+000  1.0000000000000000E+000  1.0000000000000000E+000  1.0000000000000000E+000
  1.0000000000000000E+000  1.0000000000000000E+000  1.0000000000000000E+000  1.0000000000000000E+000  1.0000000000000000E+000
  1.0000000000000000E+000  1.0000000000000000E+000
BLOCK 52   3.3604802710200428E+000
  1.0000000000000000E+000  1.0000000000000000E+000  1.0000000000000000E+000  1.0000000000000000E+000  1.0000000000000000E+000
  1.0000000000000000E+000  1.0000000000000000E+000  1.0000000000000000E+000  1.0000000000000000E+000  1.0000000000000000E+000
  1.0000000000000000E+000  1.0000000000000000E+000  1.0000000000000000E+000  1.0000000000000000E+000  1.0000000000000000E+000
  1.0000000000000000E+000  1.0000000000000000E+000  1.0000000000000000E+000  1.0000000000000000E+000  1.0000000000000000E+000
  1.0000000000000000E+000  1.0000000000000000E+000  1.0000000000000000E+000  1.0000000000000000E+000  1.0000000000000000E+000
  1.0000000000000000E+000  1.0000000000000000E+000  1.0000000000000000E+000  1.0000000000000000E+000  1.0000000000000000E+000
  1.0000000000000000E+000  1.0000000000000000E+000  1.0000000000000000E+000  1.0000000000000000E+000  1.0000000000000000E+000
  1.0000000000000000E+000  1.0000000000000000E+000  1.0000000000000000E+000  1.0000000000000000E+000  1.0000000000000000E+000
  1.0000000000000000E+000  1.0000000000000000E+000  1.0000000000000000E+000  1.0000000000000000E+000  1.0000000000000000E+000
  1.0000000000000000E+000  1.0000000000000000E+000  1.0000000000000000E+000  1.0000000000000000E+000  1.0000000000000000E+000
  1.0000000000000000E+000  1.0000000000000000E+000  1.0000000000000000E+000  1.0000000000000000E+000  1.0000000000000000E+000
  1.0000000000000000E+000  1.0000000000000000E+000  1.0000000000000000E+000  1.0000000000000000E+000  1.0000000000000000E+000
  1.0000000000000000E+000  1.0000000000000000E+000  1.0000000000000000E+000  1.0000000000000000E+000  1.0000000000000000E+000
  1.0000000000000000E+000  1.0000000000000000E+000  1.0000000000000000E+000  1.0000000000000000E+000  1.0000000000000000E+000
  1.0000000000000000E+000  1.0000000000000000E+000
BLOCK 53   3.4263720410400440E+000
  1.0000000000000000E+000  1.0000000000000000E+000  1.0000000000000000E+000  1.0000000000000000E+000  1.0000000000000000E+000
  1.0000000000000000E+000  1.0000000000000000E+000  1.0000000000000000E+000  1.0000000000000000E+000  1.0000000000000000E+000
  1.0000000000000000E+000  1.0000000000000000E+000  1.0000000000000000E+000  1.0000000000000000E+000  1.0000000000000000E+000
  1.0000000000000000E+000  1.0000000000000000E+000  1.0000000000000000E+000  1.0000000000000000E+000  1.0000000000000000E+000
  1.0000000000000000E+000  1.0000000000000000E+000  1.0000000000000000E+000  1.0000000000000000E+000  1.0000000000000000E+000
  1.0000000000000000E+000  1.0000000000000000E+000  1.0000000000000000E+000  1.0000000000000000E+000  1.0000000000000000E+000
  1.0000000000000000E+000  1.0000000000000000E+000  1.0000000000000000E+000  1.0000000000000000E+000  1.0000000000000000E+000
  1.0000000000000000E+000  1.0000000000000000E+000  1.0000000000000000E+000  1.0000000000000000E+000  1.0000000000000000E+000
  1.0000000000000000E+000  1.0000000000000000E+000  1.0000000000000000E+000  1.0000000000000000E+000  1.0000000000000000E+000
  1.0000000000000000E+000  1.0000000000000000E+000  1.0000000000000000E+000  1.0000000000000000E+000  1.0000000000000000E+000
  1.0000000000000000E+000  1.0000000000000000E+000  1.0000000000000000E+000  1.0000000000000000E+000  1.0000000000000000E+000
  1.0000000000000000E+000  1.0000000000000000E+000  1.0000000000000000E+000  1.0000000000000000E+000  1.0000000000000000E+000
  1.0000000000000000E+000  1.0000000000000000E+000  1.0000000000000000E+000  1.0000000000000000E+000  1.0000000000000000E+000
  1.0000000000000000E+000  1.0000000000000000E+000  1.0000000000000000E+000  1.0000000000000000E+000  1.0000000000000000E+000
  1.0000000000000000E+000  1.0000000000000000E+000
BLOCK 54   3.4922638110600452E+000
  1.0000000000000000E+000  1.0000000000000000E+000  1.0000000000000000E+000  1.0000000000000000E+000  1.0000000000000000E+000
  1.0000000000000000E+000  1.0000000000000000E+000  1.0000000000000000E+000  1.0000000000000000E+000  1.0000000000000000E+000
  1.0000000000000000E+000  1.0000000000000000E+000  1.0000000000000000E+000  1.0000000000000000E+000  1.0000000000000000E+000
  1.0000000000000000E+000  1.0000000000000000E+000  1.0000000000000000E+000  1.0000000000000000E+000  1.0000000000000000E+000
  1.0000000000000000E+000  1.0000000000000000E+000  1.0000000000000000E+000  1.0000000000000000E+000  1.0000000000000000E+000
  1.0000000000000000E+000  1.0000000000000000E+000  1.0000000000000000E+000  1.0000000000000000E+000  1.0000000000000000E+000
  1.0000000000000000E+000  1.0000000000000000E+000  1.0000000000000000E+000  1.0000000000000000E+000  1.0000000000000000E+000
  1.0000000000000000E+000  1.0000000000000000E+000  1.0000000000000000E+000  1.0000000000000000E+000  1.0000000000000000E+000
  1.0000000000000000E+000  1.0000000000000000E+000  1.0000000000000000E+000  1.0000000000000000E+000  1.0000000000000000E+000
  1.0000000000000000E+000  1.0000000000000000E+000  1.0000000000000000E+000  1.0000000000000000E+000  1.0000000000000000E+000
  1.0000000000000000E+000  1.0000000000000000E+000  1.0000000000000000E+000  1.0000000000000000E+000  1.0000000000000000E+000
  1.0000000000000000E+000  1.0000000000000000E+000  1.0000000000000000E+000  1.0000000000000000E+000  1.0000000000000000E+000
  1.0000000000000000E+000  1.0000000000000000E+000  1.0000000000000000E+000  1.0000000000000000E+000  1.0000000000000000E+000
  1.0000000000000000E+000  1.0000000000000000E+000  1.0000000000000000E+000  1.0000000000000000E+000  1.0000000000000000E+000
  1.0000000000000000E+000  1.0000000000000000E+000
BLOCK 55   3.5581555810800465E+000
  1.0000000000000000E+000  1.0000000000000000E+000  1.0000000000000000E+000  1.0000000000000000E+000  1.0000000000000000E+000
  1.0000000000000000E+000  1.0000000000000000E+000  1.0000000000000000E+000  1.0000000000000000E+000  1.0000000000000000E+000
  1.0000000000000000E+000  1.0000000000000000E+000  1.0000000000000000E+000  1.0000000000000000E+000  1.0000000000000000E+000
  1.0000000000000000E+000  1.0000000000000000E+000  1.0000000000000000E+000  1.0000000000000000E+000  1.0000000000000000E+000
  1.0000000000000000E+000  1.0000000000000000E+000  1.0000000000000000E+000  1.0000000000000000E+000  1.0000000000000000E+000
  1.0000000000000000E+000  1.0000000000000000E+000  1.0000000000000000E+000  1.0000000000000000E+000  1.0000000000000000E+000
  1.0000000000000000E+000  1.0000000000000000E+000  1.0000000000000000E+000  1.0000000000000000E+000  1.0000000000000000E+000
  1.0000000000000000E+000  1.0000000000000000E+000  1.0000000000000000E+000  1.0000000000000000E+000  1.0000000000000000E+000
  1.0000000000000000E+000  1.0000000000000000E+000  1.0000000000000000E+000  1.0000000000000000E+000  1.0000000000000000E+000
  1.0000000000000000E+000  1.0000000000000000E+000  1.0000000000000000E+000  1.0000000000000000E+000  1.0000000000000000E+000
  1.0000000000000000E+000  1.0000000000000000E+000  1.0000000000000000E+000  1.0000000000000000E+000  1.0000000000000000E+000
  1.0000000000000000E+000  1.0000000000000000E+000  1.0000000000000000E+000  1.0000000000000000E+000  1.0000000000000000E+000
  1.0000000000000000E+000  1.0000000000000000E+000  1.0000000000000000E+000  1.0000000000000000E+000  1.0000000000000000E+000
  1.0000000000000000E+000  1.0000000000000000E+000  1.0000000000000000E+000  1.0000000000000000E+000  1.0000000000000000E+000
  1.0000000000000000E+000  1.0000000000000000E+000
BLOCK 56   3.6240473511000477E+000
  1.0000000000000000E+000  1.0000000000000000E+000  1.0000000000000000E+000  1.0000000000000000E+000  1.0000000000000000E+000
  1.0000000000000000E+000  1.0000000000000000E+000  1.0000000000000000E+000  1.0000000000000000E+000  1.0000000000000000E+000
  1.0000000000000000E+000  1.0000000000000000E+000  1.0000000000000000E+000  1.0000000000000000E+000  1.0000000000000000E+000
  1.0000000000000000E+000  1.0000000000000000E+000  1.0000000000000000E+000  1.0000000000000000E+000  1.0000000000000000E+000
  1.0000000000000000E+000  1.0000000000000000E+000  1.0000000000000000E+000  1.0000000000000000E+000  1.0000000000000000E+000
  1.0000000000000000E+000  1.0000000000000000E+000  1.0000000000000000E+000  1.0000000000000000E+000  1.0000000000000000E+000
  1.0000000000000000E+000  1.0000000000000000E+000  1.0000000000000000E+000  1.0000000000000000E+000  1.0000000000000000E+000
  1.0000000000000000E+000  1.0000000000000000E+000  1.0000000000000000E+000  1.0000000000000000E+000  1.0000000000000000E+000
  1.0000000000000000E+000  1.0000000000000000E+000  1.0000000000000000E+000  1.0000000000000000E+000  1.0000000000000000E+000
  1.0000000000000000E+000  1.0000000000000000E+000  1.0000000000000000E+000  1.0000000000000000E+000  1.0000000000000000E+000
  1.0000000000000000E+000  1.0000000000000000E+000  1.0000000000000000E+000  1.0000000000000000E+000  1.0000000000000000E+000
  1.0000000000000000E+000  1.0000000000000000E+000  1.0000000000000000E+000  1.0000000000000000E+000  1.0000000000000000E+000
  1.0000000000000000E+000  1.0000000000000000E+000  1.0000000000000000E+000  1.0000000000000000E+000  1.0000000000000000E+000
  1.0000000000000000E+000  1.0000000000000000E+000  1.0000000000000000E+000  1.0000000000000000E+000  1.0000000000000000E+000
  1.0000000000000000E+000  1.0000000000000000E+000
BLOCK 57   3.6899391211200490E+000
  1.0000000000000000E+000  1.0000000000000000E+000  1.0000000000000000E+000  1.0000000000000000E+000  1.0000000000000000E+000
  1.0000000000000000E+000  1.0000000000000000E+000  1.0000000000000000E+000  1.0000000000000000E+000  1.0000000000000000E+000
  1.0000000000000000E+000  1.0000000000000000E+000  1.0000000000000000E+000  1.0000000000000000E+000  1.0000000000000000E+000
  1.0000000000000000E+000  1.0000000000000000E+000  1.0000000000000000E+000  1.0000000000000000E+000  1.0000000000000000E+000
  1.0000000000000000E+000  1.0000000000000000E+000  1.0000000000000000E+000  1.0000000000000000E+000  1.0000000000000000E+000
  1.0000000000000000E+000  1.0000000000000000E+000  1.0000000000000000E+000  1.0000000000000000E+000  1.0000000000000000E+000
  1.0000000000000000E+000  1.0000000000000000E+000  1.0000000000000000E+000  1.0000000000000000E+000  1.0000000000000000E+000
  1.0000000000000000E+000  1.0000000000000000E+000  1.0000000000000000E+000  1.0000000000000000E+000  1.0000000000000000E+000
  1.0000000000000000E+000  1.0000000000000000E+000  1.0000000000000000E+000  1.0000000000000000E+000  1.0000000000000000E+000
  1.0000000000000000E+000  1.0000000000000000E+000  1.0000000000000000E+000  1.0000000000000000E+000  1.0000000000000000E+000
  1.0000000000000000E+000  1.0000000000000000E+000  1.0000000000000000E+000  1.0000000000000000E+000  1.0000000000000000E+000
  1.0000000000000000E+000  1.0000000000000000E+000  1.0000000000000000E+000  1.0000000000000000E+000  1.0000000000000000E+000
  1.0000000000000000E+000  1.0000000000000000E+000  1.0000000000000000E+000  1.0000000000000000E+000  1.0000000000000000E+000
  1.0000000000000000E+000  1.0000000000000000E+000  1.0000000000000000E+000  1.0000000000000000E+000  1.0000000000000000E+000
  1.0000000000000000E+000  1.0000000000000000E+000
BLOCK 58   3.7558308911400502E+000
  1.0000000000000000E+000  1.0000000000000000E+000  1.0000000000000000E+000  1.0000000000000000E+000  1.0000000000000000E+000
  1.0000000000000000E+000  1.0000000000000000E+000  1.0000000000000000E+000  1.0000000000000000E+000  1.0000000000000000E+000
  1.0000000000000000E+000  1.0000000000000000E+000  1.0000000000000000E+000  1.0000000000000000E+000  1.0000000000000000E+000
  1.0000000000000000E+000  1.0000000000000000E+000  1.0000000000000000E+000  1.0000000000000000E+000  1.0000000000000000E+000
  1.0000000000000000E+000  1.0000000000000000E+000  1.0000000000000000E+000  1.0000000000000000E+000  1.0000000000000000E+000
  1.0000000000000000E+000  1.0000000000000000E+000  1.0000000000000000E+000  1.0000000000000000E+000  1.0000000000000000E+000
  1.0000000000000000E+000  1.0000000000000000E+000  1.0000000000000000E+000  1.0000000000000000E+000  1.0000000000000000E+000
  1.0000000000000000E+000  1.0000000000000000E+000  1.0000000000000000E+000  1.0000000000000000E+000  1.0000000000000000E+000
  1.0000000000000000E+000  1.0000000000000000E+000  1.0000000000000000E+000  1.0000000000000000E+000  1.0000000000000000E+000
  1.0000000000000000E+000  1.0000000000000000E+000  1.0000000000000000E+000  1.0000000000000000E+000  1.0000000000000000E+000
  1.0000000000000000E+000  1.0000000000000000E+000  1.0000000000000000E+000  1.0000000000000000E+000  1.0000000000000000E+000
  1.0000000000000000E+000  1.0000000000000000E+000  1.0000000000000000E+000  1.0000000000000000E+000  1.0000000000000000E+000
  1.0000000000000000E+000  1.0000000000000000E+000  1.0000000000000000E+000  1.0000000000000000E+000  1.0000000000000000E+000
  1.0000000000000000E+000  1.0000000000000000E+000  1.0000000000000000E+000  1.0000000000000000E+000  1.0000000000000000E+000
  1.0000000000000000E+000  1.0000000000000000E+000
BLOCK 59   3.8217226611600514E+000
  1.0000000000000000E+000  1.0000000000000000E+000  1.0000000000000000E+000  1.0000000000000000E+000  1.0000000000000000E+000
  1.0000000000000000E+000  1.0000000000000000E+000  1.0000000000000000E+000  1.0000000000000000E+000  1.0000000000000000E+000
  1.0000000000000000E+000  1.0000000000000000E+000  1.0000000000000000E+000  1.0000000000000000E+000  1.0000000000000000E+000
  1.0000000000000000E+000  1.0000000000000000E+000  1.0000000000000000E+000  1.0000000000000000E+000  1.0000000000000000E+000
  1.0000000000000000E+000  1.0000000000000000E+000  1.0000000000000000E+000  1.0000000000000000E+000  1.0000000000000000E+000
  1.0000000000000000E+000  1.0000000000000000E+000  1.0000000000000000E+000  1.0000000000000000E+000  1.0000000000000000E+000
  1.0000000000000000E+000  1.0000000000000000E+000  1.0000000000000000E+000  1.0000000000000000E+000  1.0000000000000000E+000
  1.0000000000000000E+000  1.0000000000000000E+000  1.0000000000000000E+000  1.0000000000000000E+000  1.0000000000000000E+000
  1.0000000000000000E+000  1.0000000000000000E+000  1.0000000000000000E+000  1.0000000000000000E+000  1.0000000000000000E+000
  1.0000000000000000E+000  1.0000000000000000E+000  1.0000000000000000E+000  1.0000000000000000E+000  1.0000000000000000E+000
  1.0000000000000000E+000  1.0000000000000000E+000  1.0000000000000000E+000  1.0000000000000000E+000  1.0000000000000000E+000
  1.0000000000000000E+000  1.0000000000000000E+000  1.0000000000000000E+000  1.0000000000000000E+000  1.0000000000000000E+000
  1.0000000000000000E+000  1.0000000000000000E+000  1.0000000000000000E+000  1.0000000000000000E+000  1.0000000000000000E+000
  1.0000000000000000E+000  1.0000000000000000E+000  1.0000000000000000E+000  1.0000000000000000E+000  1.0000000000000000E+000
  1.0000000000000000E+000  1.0000000000000000E+000
BLOCK 60   3.8876144311800527E+000
  1.0000000000000000E+000  1.0000000000000000E+000  1.0000000000000000E+000  1.0000000000000000E+000  1.0000000000000000E+000
  1.0000000000000000E+000  1.0000000000000000E+000  1.0000000000000000E+000  1.0000000000000000E+000  1.0000000000000000E+000
  1.0000000000000000E+000  1.0000000000000000E+000  1.0000000000000000E+000  1.0000000000000000E+000  1.0000000000000000E+000
  1.0000000000000000E+000  1.0000000000000000E+000  1.0000000000000000E+000  1.0000000000000000E+000  1.0000000000000000E+000
  1.0000000000000000E+000  1.0000000000000000E+000  1.0000000000000000E+000  1.0000000000000000E+000  1.0000000000000000E+000
  1.0000000000000000E+000  1.0000000000000000E+000  1.0000000000000000E+000  1.0000000000000000E+000  1.0000000000000000E+000
  1.0000000000000000E+000  1.0000000000000000E+000  1.0000000000000000E+000  1.0000000000000000E+000  1.0000000000000000E+000
  1.0000000000000000E+000  1.0000000000000000E+000  1.0000000000000000E+000  1.0000000000000000E+000  1.0000000000000000E+000
  1.0000000000000000E+000  1.0000000000000000E+000  1.0000000000000000E+000  1.0000000000000000E+000  1.0000000000000000E+000
  1.0000000000000000E+000  1.0000000000000000E+000  1.0000000000000000E+000  1.0000000000000000E+000  1.0000000000000000E+000
  1.0000000000000000E+000  1.0000000000000000E+000  1.0000000000000000E+000  1.0000000000000000E+000  1.0000000000000000E+000
  1.0000000000000000E+000  1.0000000000000000E+000  1.0000000000000000E+000  1.0000000000000000E+000  1.0000000000000000E+000
  1.0000000000000000E+000  1.0000000000000000E+000  1.0000000000000000E+000  1.0000000000000000E+000  1.0000000000000000E+000
  1.0000000000000000E+000  1.0000000000000000E+000  1.0000000000000000E+000  1.0000000000000000E+000  1.0000000000000000E+000
  1.0000000000000000E+000  1.0000000000000000E+000
BLOCK 61   3.9535062012000539E+000
  1.0000000000000000E+000  1.0000000000000000E+000  1.0000000000000000E+000  1.0000000000000000E+000  1.0000000000000000E+000
  1.0000000000000000E+000  1.0000000000000000E+000  1.0000000000000000E+000  1.0000000000000000E+000  1.0000000000000000E+000
  1.0000000000000000E+000  1.0000000000000000E+000  1.0000000000000000E+000  1.0000000000000000E+000  1.0000000000000000E+000
  1.0000000000000000E+000  1.0000000000000000E+000  1.0000000000000000E+000  1.0000000000000000E+000  1.0000000000000000E+000
  1.0000000000000000E+000  1.0000000000000000E+000  1.0000000000000000E+000  1.0000000000000000E+000  1.0000000000000000E+000
  1.0000000000000000E+000  1.0000000000000000E+000  1.0000000000000000E+000  1.0000000000000000E+000  1.0000000000000000E+000
  1.0000000000000000E+000  1.0000000000000000E+000  1.0000000000000000E+000  1.0000000000000000E+000  1.0000000000000000E+000
  1.0000000000000000E+000  1.0000000000000000E+000  1.0000000000000000E+000  1.0000000000000000E+000  1.0000000000000000E+000
  1.0000000000000000E+000  1.0000000000000000E+000  1.0000000000000000E+000  1.0000000000000000E+000  1.0000000000000000E+000
  1.0000000000000000E+000  1.0000000000000000E+000  1.0000000000000000E+000  1.0000000000000000E+000  1.0000000000000000E+000
  1.0000000000000000E+000  1.0000000000000000E+000  1.0000000000000000E+000  1.0000000000000000E+000  1.0000000000000000E+000
  1.0000000000000000E+000  1.0000000000000000E+000  1.0000000000000000E+000  1.0000000000000000E+000  1.0000000000000000E+000
  1.0000000000000000E+000  1.0000000000000000E+000  1.0000000000000000E+000  1.0000000000000000E+000  1.0000000000000000E+000
  1.0000000000000000E+000  1.0000000000000000E+000  1.0000000000000000E+000  1.0000000000000000E+000  1.0000000000000000E+000
  1.0000000000000000E+000  1.0000000000000000E+000
BLOCK 62   4.0193979712200552E+000
  1.0000000000000000E+000  1.0000000000000000E+000  1.0000000000000000E+000  1.0000000000000000E+000  1.0000000000000000E+000
  1.0000000000000000E+000  1.0000000000000000E+000  1.0000000000000000E+000  1.0000000000000000E+000  1.0000000000000000E+000
  1.0000000000000000E+000  1.0000000000000000E+000  1.0000000000000000E+000  1.0000000000000000E+000  1.0000000000000000E+000
  1.0000000000000000E+000  1.0000000000000000E+000  1.0000000000000000E+000  1.0000000000000000E+000  1.0000000000000000E+000
  1.0000000000000000E+000  1.0000000000000000E+000  1.0000000000000000E+000  1.0000000000000000E+000  1.0000000000000000E+000
  1.0000000000000000E+000  1.0000000000000000E+000  1.0000000000000000E+000  1.0000000000000000E+000  1.0000000000000000E+000
  1.0000000000000000E+000  1.0000000000000000E+000  1.0000000000000000E+000  1.0000000000000000E+000  1.0000000000000000E+000
  1.0000000000000000E+000  1.0000000000000000E+000  1.0000000000000000E+000  1.0000000000000000E+000  1.0000000000000000E+000
  1.0000000000000000E+000  1.0000000000000000E+000  1.0000000000000000E+000  1.0000000000000000E+000  1.0000000000000000E+000
  1.0000000000000000E+000  1.0000000000000000E+000  1.0000000000000000E+000  1.0000000000000000E+000  1.0000000000000000E+000
  1.0000000000000000E+000  1.0000000000000000E+000  1.0000000000000000E+000  1.0000000000000000E+000  1.0000000000000000E+000
  1.0000000000000000E+000  1.0000000000000000E+000  1.0000000000000000E+000  1.0000000000000000E+000  1.0000000000000000E+000
  1.0000000000000000E+000  1.0000000000000000E+000  1.0000000000000000E+000  1.0000000000000000E+000  1.0000000000000000E+000
  1.0000000000000000E+000  1.0000000000000000E+000  1.0000000000000000E+000  1.0000000000000000E+000  1.0000000000000000E+000
  1.0000000000000000E+000  1.0000000000000000E+000
BLOCK 63   4.0852897412400564E+000
  1.0000000000000000E+000  1.0000000000000000E+000  1.0000000000000000E+000  1.0000000000000000E+000  1.0000000000000000E+000
  1.0000000000000000E+000  1.0000000000000000E+000  1.0000000000000000E+000  1.0000000000000000E+000  1.0000000000000000E+000
  1.0000000000000000E+000  1.0000000000000000E+000  1.0000000000000000E+000  1.0000000000000000E+000  1.0000000000000000E+000
  1.0000000000000000E+000  1.0000000000000000E+000  1.0000000000000000E+000  1.0000000000000000E+000  1.0000000000000000E+000
  1.0000000000000000E+000  1.0000000000000000E+000  1.0000000000000000E+000  1.0000000000000000E+000  1.0000000000000000E+000
  1.0000000000000000E+000  1.0000000000000000E+000  1.0000000000000000E+000  1.0000000000000000E+000  1.0000000000000000E+000
  1.0000000000000000E+000  1.0000000000000000E+000  1.0000000000000000E+000  1.0000000000000000E+000  1.0000000000000000E+000
  1.0000000000000000E+000  1.0000000000000000E+000  1.0000000000000000E+000  1.0000000000000000E+000  1.0000000000000000E+000
  1.0000000000000000E+000  1.0000000000000000E+000  1.0000000000000000E+000  1.0000000000000000E+000  1.0000000000000000E+000
  1.0000000000000000E+000  1.0000000000000000E+000  1.0000000000000000E+000  1.0000000000000000E+000  1.0000000000000000E+000
  1.0000000000000000E+000  1.0000000000000000E+000  1.0000000000000000E+000  1.0000000000000000E+000  1.0000000000000000E+000
  1.0000000000000000E+000  1.0000000000000000E+000  1.0000000000000000E+000  1.0000000000000000E+000  1.0000000000000000E+000
  1.0000000000000000E+000  1.0000000000000000E+000  1.0000000000000000E+000  1.0000000000000000E+000  1.0000000000000000E+000
  1.0000000000000000E+000  1.0000000000000000E+000  1.0000000000000000E+000  1.0000000000000000E+000  1.0000000000000000E+000
  1.0000000000000000E+000  1.0000000000000000E+000
BLOCK 64   4.1511815112600576E+000
  1.0000000000000000E+000  1.0000000000000000E+000  1.0000000000000000E+000  1.0000000000000000E+000  1.0000000000000000E+000
  1.0000000000000000E+000  1.0000000000000000E+000  1.0000000000000000E+000  1.0000000000000000E+000  1.0000000000000000E+000
  1.0000000000000000E+000  1.0000000000000000E+000  1.0000000000000000E+000  1.0000000000000000E+000  1.0000000000000000E+000
  1.0000000000000000E+000  1.0000000000000000E+000  1.0000000000000000E+000  1.0000000000000000E+000  1.0000000000000000E+000
  1.0000000000000000E+000  1.0000000000000000E+000  1.0000000000000000E+000  1.0000000000000000E+000  1.0000000000000000E+000
  1.0000000000000000E+000  1.0000000000000000E+000  1.0000000000000000E+000  1.0000000000000000E+000  1.0000000000000000E+000
  1.0000000000000000E+000  1.0000000000000000E+000  1.0000000000000000E+000  1.0000000000000000E+000  1.0000000000000000E+000
  1.0000000000000000E+000  1.0000000000000000E+000  1.0000000000000000E+000  1.0000000000000000E+000  1.0000000000000000E+000
  1.0000000000000000E+000  1.0000000000000000E+000  1.0000000000000000E+000  1.0000000000000000E+000  1.0000000000000000E+000
  1.0000000000000000E+000  1.0000000000000000E+000  1.0000000000000000E+000  1.0000000000000000E+000  1.0000000000000000E+000
  1.0000000000000000E+000  1.0000000000000000E+000  1.0000000000000000E+000  1.0000000000000000E+000  1.0000000000000000E+000
  1.0000000000000000E+000  1.0000000000000000E+000  1.0000000000000000E+000  1.0000000000000000E+000  1.0000000000000000E+000
  1.0000000000000000E+000  1.0000000000000000E+000  1.0000000000000000E+000  1.0000000000000000E+000  1.0000000000000000E+000
  1.0000000000000000E+000  1.0000000000000000E+000  1.0000000000000000E+000  1.0000000000000000E+000  1.0000000000000000E+000
  1.0000000000000000E+000  1.0000000000000000E+000
BLOCK 65   4.2170732812800589E+000
  1.0000000000000000E+000  1.0000000000000000E+000  1.0000000000000000E+000  1.0000000000000000E+000  1.0000000000000000E+000
  1.0000000000000000E+000  1.0000000000000000E+000  1.0000000000000000E+000  1.0000000000000000E+000  1.0000000000000000E+000
  1.0000000000000000E+000  1.0000000000000000E+000  1.0000000000000000E+000  1.0000000000000000E+000  1.0000000000000000E+000
  1.0000000000000000E+000  1.0000000000000000E+000  1.0000000000000000E+000  1.0000000000000000E+000  1.0000000000000000E+000
  1.0000000000000000E+000  1.0000000000000000E+000  1.0000000000000000E+000  1.0000000000000000E+000  1.0000000000000000E+000
  1.0000000000000000E+000  1.0000000000000000E+000  1.0000000000000000E+000  1.0000000000000000E+000  1.0000000000000000E+000
  1.0000000000000000E+000  1.0000000000000000E+000  1.0000000000000000E+000  1.0000000000000000E+000  1.0000000000000000E+000
  1.0000000000000000E+000  1.0000000000000000E+000  1.0000000000000000E+000  1.0000000000000000E+000  1.0000000000000000E+000
  1.0000000000000000E+000  1.0000000000000000E+000  1.0000000000000000E+000  1.0000000000000000E+000  1.0000000000000000E+000
  1.0000000000000000E+000  1.0000000000000000E+000  1.0000000000000000E+000  1.0000000000000000E+000  1.0000000000000000E+000
  1.0000000000000000E+000  1.0000000000000000E+000  1.0000000000000000E+000  1.0000000000000000E+000  1.0000000000000000E+000
  1.0000000000000000E+000  1.0000000000000000E+000  1.0000000000000000E+000  1.0000000000000000E+000  1.0000000000000000E+000
  1.0000000000000000E+000  1.0000000000000000E+000  1.0000000000000000E+000  1.0000000000000000E+000  1.0000000000000000E+000
  1.0000000000000000E+000  1.0000000000000000E+000  1.0000000000000000E+000  1.0000000000000000E+000  1.0000000000000000E+000
  1.0000000000000000E+000  1.0000000000000000E+000
BLOCK 66   4.2829650513000601E+000
  1.0000000000000000E+000  1.0000000000000000E+000  1.0000000000000000E+000  1.0000000000000000E+000  1.0000000000000000E+000
  1.0000000000000000E+000  1.0000000000000000E+000  1.0000000000000000E+000  1.0000000000000000E+000  1.0000000000000000E+000
  1.0000000000000000E+000  1.0000000000000000E+000  1.0000000000000000E+000  1.0000000000000000E+000  1.0000000000000000E+000
  1.0000000000000000E+000  1.0000000000000000E+000  1.0000000000000000E+000  1.0000000000000000E+000  1.0000000000000000E+000
  1.0000000000000000E+000  1.0000000000000000E+000  1.0000000000000000E+000  1.0000000000000000E+000  1.0000000000000000E+000
  1.0000000000000000E+000  1.0000000000000000E+000  1.0000000000000000E+000  1.0000000000000000E+000  1.0000000000000000E+000
  1.0000000000000000E+000  1.0000000000000000E+000  1.0000000000000000E+000  1.0000000000000000E+000  1.0000000000000000E+000
  1.0000000000000000E+000  1.0000000000000000E+000  1.0000000000000000E+000  1.0000000000000000E+000  1.0000000000000000E+000
  1.0000000000000000E+000  1.0000000000000000E+000  1.0000000000000000E+000  1.0000000000000000E+000  1.0000000000000000E+000
  1.0000000000000000E+000  1.0000000000000000E+000  1.0000000000000000E+000  1.0000000000000000E+000  1.0000000000000000E+000
  1.0000000000000000E+000  1.0000000000000000E+000  1.0000000000000000E+000  1.0000000000000000E+000  1.0000000000000000E+000
  1.0000000000000000E+000  1.0000000000000000E+000  1.0000000000000000E+000  1.0000000000000000E+000  1.0000000000000000E+000
  1.0000000000000000E+000  1.0000000000000000E+000  1.0000000000000000E+000  1.0000000000000000E+000  1.0000000000000000E+000
  1.0000000000000000E+000  1.0000000000000000E+000  1.0000000000000000E+000  1.0000000000000000E+000  1.0000000000000000E+000
  1.0000000000000000E+000  1.0000000000000000E+000
BLOCK 67   4.3488568213200613E+000
  1.0000000000000000E+000  1.0000000000000000E+000  1.0000000000000000E+000  1.0000000000000000E+000  1.0000000000000000E+000
  1.0000000000000000E+000  1.0000000000000000E+000  1.0000000000000000E+000  1.0000000000000000E+000  1.0000000000000000E+000
  1.0000000000000000E+000  1.0000000000000000E+000  1.0000000000000000E+000  1.0000000000000000E+000  1.0000000000000000E+000
  1.0000000000000000E+000  1.0000000000000000E+000  1.0000000000000000E+000  1.0000000000000000E+000  1.0000000000000000E+000
  1.0000000000000000E+000  1.0000000000000000E+000  1.0000000000000000E+000  1.0000000000000000E+000  1.0000000000000000E+000
  1.0000000000000000E+000  1.0000000000000000E+000  1.0000000000000000E+000  1.0000000000000000E+000  1.0000000000000000E+000
  1.0000000000000000E+000  1.0000000000000000E+000  1.0000000000000000E+000  1.0000000000000000E+000  1.0000000000000000E+000
  1.0000000000000000E+000  1.0000000000000000E+000  1.0000000000000000E+000  1.0000000000000000E+000  1.0000000000000000E+000
  1.0000000000000000E+000  1.0000000000000000E+000  1.0000000000000000E+000  1.0000000000000000E+000  1.0000000000000000E+000
  1.0000000000000000E+000  1.0000000000000000E+000  1.0000000000000000E+000  1.0000000000000000E+000  1.0000000000000000E+000
  1.0000000000000000E+000  1.0000000000000000E+000  1.0000000000000000E+000  1.0000000000000000E+000  1.0000000000000000E+000
  1.0000000000000000E+000  1.0000000000000000E+000  1.0000000000000000E+000  1.0000000000000000E+000  1.0000000000000000E+000
  1.0000000000000000E+000  1.0000000000000000E+000  1.0000000000000000E+000  1.0000000000000000E+000  1.0000000000000000E+000
  1.0000000000000000E+000  1.0000000000000000E+000  1.0000000000000000E+000  1.0000000000000000E+000  1.0000000000000000E+000
  1.0000000000000000E+000  1.0000000000000000E+000
BLOCK 68   4.4147485913400626E+000
  1.0000000000000000E+000  1.0000000000000000E+000  1.0000000000000000E+000  1.0000000000000000E+000  1.0000000000000000E+000
  1.0000000000000000E+000  1.0000000000000000E+000  1.0000000000000000E+000  1.0000000000000000E+000  1.0000000000000000E+000
  1.0000000000000000E+000  1.0000000000000000E+000  1.0000000000000000E+000  1.0000000000000000E+000  1.0000000000000000E+000
  1.0000000000000000E+000  1.0000000000000000E+000  1.0000000000000000E+000  1.0000000000000000E+000  1.0000000000000000E+000
  1.0000000000000000E+000  1.0000000000000000E+000  1.0000000000000000E+000  1.0000000000000000E+000  1.0000000000000000E+000
  1.0000000000000000E+000  1.0000000000000000E+000  1.0000000000000000E+000  1.0000000000000000E+000  1.0000000000000000E+000
  1.0000000000000000E+000  1.0000000000000000E+000  1.0000000000000000E+000  1.0000000000000000E+000  1.0000000000000000E+000
  1.0000000000000000E+000  1.0000000000000000E+000  1.0000000000000000E+000  1.0000000000000000E+000  1.0000000000000000E+000
  1.0000000000000000E+000  1.0000000000000000E+000  1.0000000000000000E+000  1.0000000000000000E+000  1.0000000000000000E+000
  1.0000000000000000E+000  1.0000000000000000E+000  1.0000000000000000E+000  1.0000000000000000E+000  1.0000000000000000E+000
  1.0000000000000000E+000  1.0000000000000000E+000  1.0000000000000000E+000  1.0000000000000000E+000  1.0000000000000000E+000
  1.0000000000000000E+000  1.0000000000000000E+000  1.0000000000000000E+000  1.0000000000000000E+000  1.0000000000000000E+000
  1.0000000000000000E+000  1.0000000000000000E+000  1.0000000000000000E+000  1.0000000000000000E+000  1.0000000000000000E+000
  1.0000000000000000E+000  1.0000000000000000E+000  1.0000000000000000E+000  1.0000000000000000E+000  1.0000000000000000E+000
  1.0000000000000000E+000  1.0000000000000000E+000
BLOCK 69   4.4806403613600638E+000
  1.0000000000000000E+000  1.0000000000000000E+000  1.0000000000000000E+000  1.0000000000000000E+000  1.0000000000000000E+000
  1.0000000000000000E+000  1.0000000000000000E+000  1.0000000000000000E+000  1.0000000000000000E+000  1.0000000000000000E+000
  1.0000000000000000E+000  1.0000000000000000E+000  1.0000000000000000E+000  1.0000000000000000E+000  1.0000000000000000E+000
  1.0000000000000000E+000  1.0000000000000000E+000  1.0000000000000000E+000  1.0000000000000000E+000  1.0000000000000000E+000
  1.0000000000000000E+000  1.0000000000000000E+000  1.0000000000000000E+000  1.0000000000000000E+000  1.0000000000000000E+000
  1.0000000000000000E+000  1.0000000000000000E+000  1.0000000000000000E+000  1.0000000000000000E+000  1.0000000000000000E+000
  1.0000000000000000E+000  1.0000000000000000E+000  1.0000000000000000E+000  1.0000000000000000E+000  1.0000000000000000E+000
  1.0000000000000000E+000  1.0000000000000000E+000  1.0000000000000000E+000  1.0000000000000000E+000  1.0000000000000000E+000
  1.0000000000000000E+000  1.0000000000000000E+000  1.0000000000000000E+000  1.0000000000000000E+000  1.0000000000000000E+000
  1.0000000000000000E+000  1.0000000000000000E+000  1.0000000000000000E+000  1.0000000000000000E+000  1.0000000000000000E+000
  1.0000000000000000E+000  1.0000000000000000E+000  1.0000000000000000E+000  1.0000000000000000E+000  1.0000000000000000E+000
  1.0000000000000000E+000  1.0000000000000000E+000  1.0000000000000000E+000  1.0000000000000000E+000  1.0000000000000000E+000
  1.0000000000000000E+000  1.0000000000000000E+000  1.0000000000000000E+000  1.0000000000000000E+000  1.0000000000000000E+000
  1.0000000000000000E+000  1.0000000000000000E+000  1.0000000000000000E+000  1.0000000000000000E+000  1.0000000000000000E+000
  1.0000000000000000E+000  1.0000000000000000E+000
BLOCK 70   4.5465321313800651E+000
  1.0000000000000000E+000  1.0000000000000000E+000  1.0000000000000000E+000  1.0000000000000000E+000  1.0000000000000000E+000
  1.0000000000000000E+000  1.0000000000000000E+000  1.0000000000000000E+000  1.0000000000000000E+000  1.0000000000000000E+000
  1.0000000000000000E+000  1.0000000000000000E+000  1.0000000000000000E+000  1.0000000000000000E+000  1.0000000000000000E+000
  1.0000000000000000E+000  1.0000000000000000E+000  1.0000000000000000E+000  1.0000000000000000E+000  1.0000000000000000E+000
  1.0000000000000000E+000  1.0000000000000000E+000  1.0000000000000000E+000  1.0000000000000000E+000  1.0000000000000000E+000
  1.0000000000000000E+000  1.0000000000000000E+000  1.0000000000000000E+000  1.0000000000000000E+000  1.0000000000000000E+000
  1.0000000000000000E+000  1.0000000000000000E+000  1.0000000000000000E+000  1.0000000000000000E+000  1.0000000000000000E+000
  1.0000000000000000E+000  1.0000000000000000E+000  1.0000000000000000E+000  1.0000000000000000E+000  1.0000000000000000E+000
  1.0000000000000000E+000  1.0000000000000000E+000  1.0000000000000000E+000  1.0000000000000000E+000  1.0000000000000000E+000
  1.0000000000000000E+000  1.0000000000000000E+000  1.0000000000000000E+000  1.0000000000000000E+000  1.0000000000000000E+000
  1.0000000000000000E+000  1.0000000000000000E+000  1.0000000000000000E+000  1.0000000000000000E+000  1.0000000000000000E+000
  1.0000000000000000E+000  1.0000000000000000E+000  1.0000000000000000E+000  1.0000000000000000E+000  1.0000000000000000E+000
  1.0000000000000000E+000  1.0000000000000000E+000  1.0000000000000000E+000  1.0000000000000000E+000  1.0000000000000000E+000
  1.0000000000000000E+000  1.0000000000000000E+000  1.0000000000000000E+000  1.0000000000000000E+000  1.0000000000000000E+000
  1.0000000000000000E+000  1.0000000000000000E+000
BLOCK 71   4.6124239014000663E+000
  1.0000000000000000E+000  1.0000000000000000E+000  1.0000000000000000E+000  1.0000000000000000E+000  1.0000000000000000E+000
  1.0000000000000000E+000  1.0000000000000000E+000  1.0000000000000000E+000  1.0000000000000000E+000  1.0000000000000000E+000
  1.0000000000000000E+000  1.0000000000000000E+000  1.0000000000000000E+000  1.0000000000000000E+000  1.0000000000000000E+000
  1.0000000000000000E+000  1.0000000000000000E+000  1.0000000000000000E+000  1.0000000000000000E+000  1.0000000000000000E+000
  1.0000000000000000E+000  1.0000000000000000E+000  1.0000000000000000E+000  1.0000000000000000E+000  1.0000000000000000E+000
  1.0000000000000000E+000  1.0000000000000000E+000  1.0000000000000000E+000  1.0000000000000000E+000  1.0000000000000000E+000
  1.0000000000000000E+000  1.0000000000000000E+000  1.0000000000000000E+000  1.0000000000000000E+000  1.0000000000000000E+000
  1.0000000000000000E+000  1.0000000000000000E+000  1.0000000000000000E+000  1.0000000000000000E+000  1.0000000000000000E+000
  1.0000000000000000E+000  1.0000000000000000E+000  1.0000000000000000E+000  1.0000000000000000E+000  1.0000000000000000E+000
  1.0000000000000000E+000  1.0000000000000000E+000  1.0000000000000000E+000  1.0000000000000000E+000  1.0000000000000000E+000
  1.0000000000000000E+000  1.0000000000000000E+000  1.0000000000000000E+000  1.0000000000000000E+000  1.0000000000000000E+000
  1.0000000000000000E+000  1.0000000000000000E+000  1.0000000000000000E+000  1.0000000000000000E+000  1.0000000000000000E+000
  1.0000000000000000E+000  1.0000000000000000E+000  1.0000000000000000E+000  1.0000000000000000E+000  1.0000000000000000E+000
  1.0000000000000000E+000  1.0000000000000000E+000  1.0000000000000000E+000  1.0000000000000000E+000  1.0000000000000000E+000
  1.0000000000000000E+000  1.0000000000000000E+000
BLOCK 72   4.6783156714200675E+000
  1.0000000000000000E+000  1.0000000000000000E+000  1.0000000000000000E+000  1.0000000000000000E+000  1.0000000000000000E+000
  1.0000000000000000E+000  1.0000000000000000E+000  1.0000000000000000E+000  1.0000000000000000E+000  1.0000000000000000E+000
  1.0000000000000000E+000  1.0000000000000000E+000  1.0000000000000000E+000  1.0000000000000000E+000  1.0000000000000000E+000
  1.0000000000000000E+000  1.0000000000000000E+000  1.0000000000000000E+000  1.0000000000000000E+000  1.0000000000000000E+000
  1.0000000000000000E+000  1.0000000000000000E+000  1.0000000000000000E+000  1.0000000000000000E+000  1.0000000000000000E+000
  1.0000000000000000E+000  1.0000000000000000E+000  1.0000000000000000E+000  1.0000000000000000E+000  1.0000000000000000E+000
  1.0000000000000000E+000  1.0000000000000000E+000  1.0000000000000000E+000  1.0000000000000000E+000  1.0000000000000000E+000
  1.0000000000000000E+000  1.0000000000000000E+000  1.0000000000000000E+000  1.0000000000000000E+000  1.0000000000000000E+000
  1.0000000000000000E+000  1.0000000000000000E+000  1.0000000000000000E+000  1.0000000000000000E+000  1.0000000000000000E+000
  1.0000000000000000E+000  1.0000000000000000E+000  1.0000000000000000E+000  1.0000000000000000E+000  1.0000000000000000E+000
  1.0000000000000000E+000  1.0000000000000000E+000  1.0000000000000000E+000  1.0000000000000000E+000  1.0000000000000000E+000
  1.0000000000000000E+000  1.0000000000000000E+000  1.0000000000000000E+000  1.0000000000000000E+000  1.0000000000000000E+000
  1.0000000000000000E+000  1.0000000000000000E+000  1.0000000000000000E+000  1.0000000000000000E+000  1.0000000000000000E+000
  1.0000000000000000E+000  1.0000000000000000E+000  1.0000000000000000E+000  1.0000000000000000E+000  1.0000000000000000E+000
  1.0000000000000000E+000  1.0000000000000000E+000
BLOCK 73   4.7442074414400688E+000
  1.0000000000000000E+000  1.0000000000000000E+000  1.0000000000000000E+000  1.0000000000000000E+000  1.0000000000000000E+000
  1.0000000000000000E+000  1.0000000000000000E+000  1.0000000000000000E+000  1.0000000000000000E+000  1.0000000000000000E+000
  1.0000000000000000E+000  1.0000000000000000E+000  1.0000000000000000E+000  1.0000000000000000E+000  1.0000000000000000E+000
  1.0000000000000000E+000  1.0000000000000000E+000  1.0000000000000000E+000  1.0000000000000000E+000  1.0000000000000000E+000
  1.0000000000000000E+000  1.0000000000000000E+000  1.0000000000000000E+000  1.0000000000000000E+000  1.0000000000000000E+000
  1.0000000000000000E+000  1.0000000000000000E+000  1.0000000000000000E+000  1.0000000000000000E+000  1.0000000000000000E+000
  1.0000000000000000E+000  1.0000000000000000E+000  1.0000000000000000E+000  1.0000000000000000E+000  1.0000000000000000E+000
  1.0000000000000000E+000  1.0000000000000000E+000  1.0000000000000000E+000  1.0000000000000000E+000  1.0000000000000000E+000
  1.0000000000000000E+000  1.0000000000000000E+000  1.0000000000000000E+000  1.0000000000000000E+000  1.0000000000000000E+000
  1.0000000000000000E+000  1.0000000000000000E+000  1.0000000000000000E+000  1.0000000000000000E+000  1.0000000000000000E+000
  1.0000000000000000E+000  1.0000000000000000E+000  1.0000000000000000E+000  1.0000000000000000E+000  1.0000000000000000E+000
  1.0000000000000000E+000  1.0000000000000000E+000  1.0000000000000000E+000  1.0000000000000000E+000  1.0000000000000000E+000
  1.0000000000000000E+000  1.0000000000000000E+000  1.0000000000000000E+000  1.0000000000000000E+000  1.0000000000000000E+000
  1.0000000000000000E+000  1.0000000000000000E+000  1.0000000000000000E+000  1.0000000000000000E+000  1.0000000000000000E+000
  1.0000000000000000E+000  1.0000000000000000E+000
BLOCK 74   4.8100992114600700E+000
  1.0000000000000000E+000  1.0000000000000000E+000  1.0000000000000000E+000  1.0000000000000000E+000  1.0000000000000000E+000
  1.0000000000000000E+000  1.0000000000000000E+000  1.0000000000000000E+000  1.0000000000000000E+000  1.0000000000000000E+000
  1.0000000000000000E+000  1.0000000000000000E+000  1.0000000000000000E+000  1.0000000000000000E+000  1.0000000000000000E+000
  1.0000000000000000E+000  1.0000000000000000E+000  1.0000000000000000E+000  1.0000000000000000E+000  1.0000000000000000E+000
  1.0000000000000000E+000  1.0000000000000000E+000  1.0000000000000000E+000  1.0000000000000000E+000  1.0000000000000000E+000
  1.0000000000000000E+000  1.0000000000000000E+000  1.0000000000000000E+000  1.0000000000000000E+000  1.0000000000000000E+000
  1.0000000000000000E+000  1.0000000000000000E+000  1.0000000000000000E+000  1.0000000000000000E+000  1.0000000000000000E+000
  1.0000000000000000E+000  1.0000000000000000E+000  1.0000000000000000E+000  1.0000000000000000E+000  1.0000000000000000E+000
  1.0000000000000000E+000  1.0000000000000000E+000  1.0000000000000000E+000  1.0000000000000000E+000  1.0000000000000000E+000
  1.0000000000000000E+000  1.0000000000000000E+000  1.0000000000000000E+000  1.0000000000000000E+000  1.0000000000000000E+000
  1.0000000000000000E+000  1.0000000000000000E+000  1.0000000000000000E+000  1.0000000000000000E+000  1.0000000000000000E+000
  1.0000000000000000E+000  1.0000000000000000E+000  1.0000000000000000E+000  1.0000000000000000E+000  1.0000000000000000E+000
  1.0000000000000000E+000  1.0000000000000000E+000  1.0000000000000000E+000  1.0000000000000000E+000  1.0000000000000000E+000
  1.0000000000000000E+000  1.0000000000000000E+000  1.0000000000000000E+000  1.0000000000000000E+000  1.0000000000000000E+000
  1.0000000000000000E+000  1.0000000000000000E+000
BLOCK 75   4.8759909814800713E+000
  1.0000000000000000E+000  1.0000000000000000E+000  1.0000000000000000E+000  1.0000000000000000E+000  1.0000000000000000E+000
  1.0000000000000000E+000  1.0000000000000000E+000  1.0000000000000000E+000  1.0000000000000000E+000  1.0000000000000000E+000
  1.0000000000000000E+000  1.0000000000000000E+000  1.0000000000000000E+000  1.0000000000000000E+000  1.0000000000000000E+000
  1.0000000000000000E+000  1.0000000000000000E+000  1.0000000000000000E+000  1.0000000000000000E+000  1.0000000000000000E+000
  1.0000000000000000E+000  1.0000000000000000E+000  1.0000000000000000E+000  1.0000000000000000E+000  1.0000000000000000E+000
  1.0000000000000000E+000  1.0000000000000000E+000  1.0000000000000000E+000  1.0000000000000000E+000  1.0000000000000000E+000
  1.0000000000000000E+000  1.0000000000000000E+000  1.0000000000000000E+000  1.0000000000000000E+000  1.0000000000000000E+000
  1.0000000000000000E+000  1.0000000000000000E+000  1.0000000000000000E+000  1.0000000000000000E+000  1.0000000000000000E+000
  1.0000000000000000E+000  1.0000000000000000E+000  1.0000000000000000E+000  1.0000000000000000E+000  1.0000000000000000E+000
  1.0000000000000000E+000  1.0000000000000000E+000  1.0000000000000000E+000  1.0000000000000000E+000  1.0000000000000000E+000
  1.0000000000000000E+000  1.0000000000000000E+000  1.0000000000000000E+000  1.0000000000000000E+000  1.0000000000000000E+000
  1.0000000000000000E+000  1.0000000000000000E+000  1.0000000000000000E+000  1.0000000000000000E+000  1.0000000000000000E+000
  1.0000000000000000E+000  1.0000000000000000E+000  1.0000000000000000E+000  1.0000000000000000E+000  1.0000000000000000E+000
  1.0000000000000000E+000  1.0000000000000000E+000  1.0000000000000000E+000  1.0000000000000000E+000  1.0000000000000000E+000
  1.0000000000000000E+000  1.0000000000000000E+000
BLOCK 76   4.9418827515000725E+000
  1.0000000000000000E+000  1.0000000000000000E+000  1.0000000000000000E+000  1.0000000000000000E+000  1.0000000000000000E+000
  1.0000000000000000E+000  1.0000000000000000E+000  1.0000000000000000E+000  1.0000000000000000E+000  1.0000000000000000E+000
  1.0000000000000000E+000  1.0000000000000000E+000  1.0000000000000000E+000  1.0000000000000000E+000  1.0000000000000000E+000
  1.0000000000000000E+000  1.0000000000000000E+000  1.0000000000000000E+000  1.0000000000000000E+000  1.0000000000000000E+000
  1.0000000000000000E+000  1.0000000000000000E+000  1.0000000000000000E+000  1.0000000000000000E+000  1.0000000000000000E+000
  1.0000000000000000E+000  1.0000000000000000E+000  1.0000000000000000E+000  1.0000000000000000E+000  1.0000000000000000E+000
  1.0000000000000000E+000  1.0000000000000000E+000  1.0000000000000000E+000  1.0000000000000000E+000  1.0000000000000000E+000
  1.0000000000000000E+000  1.0000000000000000E+000  1.0000000000000000E+000  1.0000000000000000E+000  1.0000000000000000E+000
  1.0000000000000000E+000  1.0000000000000000E+000  1.0000000000000000E+000  1.0000000000000000E+000  1.0000000000000000E+000
  1.0000000000000000E+000  1.0000000000000000E+000  1.0000000000000000E+000  1.0000000000000000E+000  1.0000000000000000E+000
  1.0000000000000000E+000  1.0000000000000000E+000  1.0000000000000000E+000  1.0000000000000000E+000  1.0000000000000000E+000
  1.0000000000000000E+000  1.0000000000000000E+000  1.0000000000000000E+000  1.0000000000000000E+000  1.0000000000000000E+000
  1.0000000000000000E+000  1.0000000000000000E+000  1.0000000000000000E+000  1.0000000000000000E+000  1.0000000000000000E+000
  1.0000000000000000E+000  1.0000000000000000E+000  1.0000000000000000E+000  1.0000000000000000E+000  1.0000000000000000E+000
  1.0000000000000000E+000  1.0000000000000000E+000
BLOCK 77   5.0077745215200737E+000
  1.0000000000000000E+000  1.0000000000000000E+000  1.0000000000000000E+000  1.0000000000000000E+000  1.0000000000000000E+000
  1.0000000000000000E+000  1.0000000000000000E+000  1.0000000000000000E+000  1.0000000000000000E+000  1.0000000000000000E+000
  1.0000000000000000E+000  1.0000000000000000E+000  1.0000000000000000E+000  1.0000000000000000E+000  1.0000000000000000E+000
  1.0000000000000000E+000  1.0000000000000000E+000  1.0000000000000000E+000  1.0000000000000000E+000  1.0000000000000000E+000
  1.0000000000000000E+000  1.0000000000000000E+000  1.0000000000000000E+000  1.0000000000000000E+000  1.0000000000000000E+000
  1.0000000000000000E+000  1.0000000000000000E+000  1.0000000000000000E+000  1.0000000000000000E+000  1.0000000000000000E+000
  1.0000000000000000E+000  1.0000000000000000E+000  1.0000000000000000E+000  1.0000000000000000E+000  1.0000000000000000E+000
  1.0000000000000000E+000  1.0000000000000000E+000  1.0000000000000000E+000  1.0000000000000000E+000  1.0000000000000000E+000
  1.0000000000000000E+000  1.0000000000000000E+000  1.0000000000000000E+000  1.0000000000000000E+000  1.0000000000000000E+000
  1.0000000000000000E+000  1.0000000000000000E+000  1.0000000000000000E+000  1.0000000000000000E+000  1.0000000000000000E+000
  1.0000000000000000E+000  1.0000000000000000E+000  1.0000000000000000E+000  1.0000000000000000E+000  1.0000000000000000E+000
  1.0000000000000000E+000  1.0000000000000000E+000  1.0000000000000000E+000  1.0000000000000000E+000  1.0000000000000000E+000
  1.0000000000000000E+000  1.0000000000000000E+000  1.0000000000000000E+000  1.0000000000000000E+000  1.0000000000000000E+000
  1.0000000000000000E+000  1.0000000000000000E+000  1.0000000000000000E+000  1.0000000000000000E+000  1.0000000000000000E+000
  1.0000000000000000E+000  1.0000000000000000E+000
BLOCK 78   5.0736662915400750E+000
  1.0000000000000000E+000  1.0000000000000000E+000  1.0000000000000000E+000  1.0000000000000000E+000  1.0000000000000000E+000
  1.0000000000000000E+000  1.0000000000000000E+000  1.0000000000000000E+000  1.0000000000000000E+000  1.0000000000000000E+000
  1.0000000000000000E+000  1.0000000000000000E+000  1.0000000000000000E+000  1.0000000000000000E+000  1.0000000000000000E+000
  1.0000000000000000E+000  1.0000000000000000E+000  1.0000000000000000E+000  1.0000000000000000E+000  1.0000000000000000E+000
  1.0000000000000000E+000  1.0000000000000000E+000  1.0000000000000000E+000  1.0000000000000000E+000  1.0000000000000000E+000
  1.0000000000000000E+000  1.0000000000000000E+000  1.0000000000000000E+000  1.0000000000000000E+000  1.0000000000000000E+000
  1.0000000000000000E+000  1.0000000000000000E+000  1.0000000000000000E+000  1.0000000000000000E+000  1.0000000000000000E+000
  1.0000000000000000E+000  1.0000000000000000E+000  1.0000000000000000E+000  1.0000000000000000E+000  1.0000000000000000E+000
  1.0000000000000000E+000  1.0000000000000000E+000  1.0000000000000000E+000  1.0000000000000000E+000  1.0000000000000000E+000
  1.0000000000000000E+000  1.0000000000000000E+000  1.0000000000000000E+000  1.0000000000000000E+000  1.0000000000000000E+000
  1.0000000000000000E+000  1.0000000000000000E+000  1.0000000000000000E+000  1.0000000000000000E+000  1.0000000000000000E+000
  1.0000000000000000E+000  1.0000000000000000E+000  1.0000000000000000E+000  1.0000000000000000E+000  1.0000000000000000E+000
  1.0000000000000000E+000  1.0000000000000000E+000  1.0000000000000000E+000  1.0000000000000000E+000  1.0000000000000000E+000
  1.0000000000000000E+000  1.0000000000000000E+000  1.0000000000000000E+000  1.0000000000000000E+000  1.0000000000000000E+000
  1.0000000000000000E+000  1.0000000000000000E+000
BLOCK 79   5.1395580615600762E+000
  1.0000000000000000E+000  1.0000000000000000E+000  1.0000000000000000E+000  1.0000000000000000E+000  1.0000000000000000E+000
  1.0000000000000000E+000  1.0000000000000000E+000  1.0000000000000000E+000  1.0000000000000000E+000  1.0000000000000000E+000
  1.0000000000000000E+000  1.0000000000000000E+000  1.0000000000000000E+000  1.0000000000000000E+000  1.0000000000000000E+000
  1.0000000000000000E+000  1.0000000000000000E+000  1.0000000000000000E+000  1.0000000000000000E+000  1.0000000000000000E+000
  1.0000000000000000E+000  1.0000000000000000E+000  1.0000000000000000E+000  1.0000000000000000E+000  1.0000000000000000E+000
  1.0000000000000000E+000  1.0000000000000000E+000  1.0000000000000000E+000  1.0000000000000000E+000  1.0000000000000000E+000
  1.0000000000000000E+000  1.0000000000000000E+000  1.0000000000000000E+000  1.0000000000000000E+000  1.0000000000000000E+000
  1.0000000000000000E+000  1.0000000000000000E+000  1.0000000000000000E+000  1.0000000000000000E+000  1.0000000000000000E+000
  1.0000000000000000E+000  1.0000000000000000E+000  1.0000000000000000E+000  1.0000000000000000E+000  1.0000000000000000E+000
  1.0000000000000000E+000  1.0000000000000000E+000  1.0000000000000000E+000  1.0000000000000000E+000  1.0000000000000000E+000
  1.0000000000000000E+000  1.0000000000000000E+000  1.0000000000000000E+000  1.0000000000000000E+000  1.0000000000000000E+000
  1.0000000000000000E+000  1.0000000000000000E+000  1.0000000000000000E+000  1.0000000000000000E+000  1.0000000000000000E+000
  1.0000000000000000E+000  1.0000000000000000E+000  1.0000000000000000E+000  1.0000000000000000E+000  1.0000000000000000E+000
  1.0000000000000000E+000  1.0000000000000000E+000  1.0000000000000000E+000  1.0000000000000000E+000  1.0000000000000000E+000
  1.0000000000000000E+000  1.0000000000000000E+000
BLOCK 80   5.2054498315800775E+000
  1.0000000000000000E+000  1.0000000000000000E+000  1.0000000000000000E+000  1.0000000000000000E+000  1.0000000000000000E+000
  1.0000000000000000E+000  1.0000000000000000E+000  1.0000000000000000E+000  1.0000000000000000E+000  1.0000000000000000E+000
  1.0000000000000000E+000  1.0000000000000000E+000  1.0000000000000000E+000  1.0000000000000000E+000  1.0000000000000000E+000
  1.0000000000000000E+000  1.0000000000000000E+000  1.0000000000000000E+000  1.0000000000000000E+000  1.0000000000000000E+000
  1.0000000000000000E+000  1.0000000000000000E+000  1.0000000000000000E+000  1.0000000000000000E+000  1.0000000000000000E+000
  1.0000000000000000E+000  1.0000000000000000E+000  1.0000000000000000E+000  1.0000000000000000E+000  1.0000000000000000E+000
  1.0000000000000000E+000  1.0000000000000000E+000  1.0000000000000000E+000  1.0000000000000000E+000  1.0000000000000000E+000
  1.0000000000000000E+000  1.0000000000000000E+000  1.0000000000000000E+000  1.0000000000000000E+000  1.0000000000000000E+000
  1.0000000000000000E+000  1.0000000000000000E+000  1.0000000000000000E+000  1.0000000000000000E+000  1.0000000000000000E+000
  1.0000000000000000E+000  1.0000000000000000E+000  1.0000000000000000E+000  1.0000000000000000E+000  1.0000000000000000E+000
  1.0000000000000000E+000  1.0000000000000000E+000  1.0000000000000000E+000  1.0000000000000000E+000  1.0000000000000000E+000
  1.0000000000000000E+000  1.0000000000000000E+000  1.0000000000000000E+000  1.0000000000000000E+000  1.0000000000000000E+000
  1.0000000000000000E+000  1.0000000000000000E+000  1.0000000000000000E+000  1.0000000000000000E+000  1.0000000000000000E+000
  1.0000000000000000E+000  1.0000000000000000E+000  1.0000000000000000E+000  1.0000000000000000E+000  1.0000000000000000E+000
  1.0000000000000000E+000  1.0000000000000000E+000
BLOCK 81   5.2713416016000787E+000
  1.0000000000000000E+000  1.0000000000000000E+000  1.0000000000000000E+000  1.0000000000000000E+000  1.0000000000000000E+000
  1.0000000000000000E+000  1.0000000000000000E+000  1.0000000000000000E+000  1.0000000000000000E+000  1.0000000000000000E+000
  1.0000000000000000E+000  1.0000000000000000E+000  1.0000000000000000E+000  1.0000000000000000E+000  1.0000000000000000E+000
  1.0000000000000000E+000  1.0000000000000000E+000  1.0000000000000000E+000  1.0000000000000000E+000  1.0000000000000000E+000
  1.0000000000000000E+000  1.0000000000000000E+000  1.0000000000000000E+000  1.0000000000000000E+000  1.0000000000000000E+000
  1.0000000000000000E+000  1.0000000000000000E+000  1.0000000000000000E+000  1.0000000000000000E+000  1.0000000000000000E+000
  1.0000000000000000E+000  1.0000000000000000E+000  1.0000000000000000E+000  1.0000000000000000E+000  1.0000000000000000E+000
  1.0000000000000000E+000  1.0000000000000000E+000  1.0000000000000000E+000  1.0000000000000000E+000  1.0000000000000000E+000
  1.0000000000000000E+000  1.0000000000000000E+000  1.0000000000000000E+000  1.0000000000000000E+000  1.0000000000000000E+000
  1.0000000000000000E+000  1.0000000000000000E+000  1.0000000000000000E+000  1.0000000000000000E+000  1.0000000000000000E+000
  1.0000000000000000E+000  1.0000000000000000E+000  1.0000000000000000E+000  1.0000000000000000E+000  1.0000000000000000E+000
  1.0000000000000000E+000  1.0000000000000000E+000  1.0000000000000000E+000  1.0000000000000000E+000  1.0000000000000000E+000
  1.0000000000000000E+000  1.0000000000000000E+000  1.0000000000000000E+000  1.0000000000000000E+000  1.0000000000000000E+000
  1.0000000000000000E+000  1.0000000000000000E+000  1.0000000000000000E+000  1.0000000000000000E+000  1.0000000000000000E+000
  1.0000000000000000E+000  1.0000000000000000E+000
BLOCK 82   5.3372333716200799E+000
  1.0000000000000000E+000  1.0000000000000000E+000  1.0000000000000000E+000  1.0000000000000000E+000  1.0000000000000000E+000
  1.0000000000000000E+000  1.0000000000000000E+000  1.0000000000000000E+000  1.0000000000000000E+000  1.0000000000000000E+000
  1.0000000000000000E+000  1.0000000000000000E+000  1.0000000000000000E+000  1.0000000000000000E+000  1.0000000000000000E+000
  1.0000000000000000E+000  1.0000000000000000E+000  1.0000000000000000E+000  1.0000000000000000E+000  1.0000000000000000E+000
  1.0000000000000000E+000  1.0000000000000000E+000  1.0000000000000000E+000  1.0000000000000000E+000  1.0000000000000000E+000
  1.0000000000000000E+000  1.0000000000000000E+000  1.0000000000000000E+000  1.0000000000000000E+000  1.0000000000000000E+000
  1.0000000000000000E+000  1.0000000000000000E+000  1.0000000000000000E+000  1.0000000000000000E+000  1.0000000000000000E+000
  1.0000000000000000E+000  1.0000000000000000E+000  1.0000000000000000E+000  1.0000000000000000E+000  1.0000000000000000E+000
  1.0000000000000000E+000  1.0000000000000000E+000  1.0000000000000000E+000  1.0000000000000000E+000  1.0000000000000000E+000
  1.0000000000000000E+000  1.0000000000000000E+000  1.0000000000000000E+000  1.0000000000000000E+000  1.0000000000000000E+000
  1.0000000000000000E+000  1.0000000000000000E+000  1.0000000000000000E+000  1.0000000000000000E+000  1.0000000000000000E+000
  1.0000000000000000E+000  1.0000000000000000E+000  1.0000000000000000E+000  1.0000000000000000E+000  1.0000000000000000E+000
  1.0000000000000000E+000  1.0000000000000000E+000  1.0000000000000000E+000  1.0000000000000000E+000  1.0000000000000000E+000
  1.0000000000000000E+000  1.0000000000000000E+000  1.0000000000000000E+000  1.0000000000000000E+000  1.0000000000000000E+000
  1.0000000000000000E+000  1.0000000000000000E+000
BLOCK 83   5.4031251416400812E+000
  1.0000000000000000E+000  1.0000000000000000E+000  1.0000000000000000E+000  1.0000000000000000E+000  1.0000000000000000E+000
  1.0000000000000000E+000  1.0000000000000000E+000  1.0000000000000000E+000  1.0000000000000000E+000  1.0000000000000000E+000
  1.0000000000000000E+000  1.0000000000000000E+000  1.0000000000000000E+000  1.0000000000000000E+000  1.0000000000000000E+000
  1.0000000000000000E+000  1.0000000000000000E+000  1.0000000000000000E+000  1.0000000000000000E+000  1.0000000000000000E+000
  1.0000000000000000E+000  1.0000000000000000E+000  1.0000000000000000E+000  1.0000000000000000E+000  1.0000000000000000E+000
  1.0000000000000000E+000  1.0000000000000000E+000  1.0000000000000000E+000  1.0000000000000000E+000  1.0000000000000000E+000
  1.0000000000000000E+000  1.0000000000000000E+000  1.0000000000000000E+000  1.0000000000000000E+000  1.0000000000000000E+000
  1.0000000000000000E+000  1.0000000000000000E+000  1.0000000000000000E+000  1.0000000000000000E+000  1.0000000000000000E+000
  1.0000000000000000E+000  1.0000000000000000E+000  1.0000000000000000E+000  1.0000000000000000E+000  1.0000000000000000E+000
  1.0000000000000000E+000  1.0000000000000000E+000  1.0000000000000000E+000  1.0000000000000000E+000  1.0000000000000000E+000
  1.0000000000000000E+000  1.0000000000000000E+000  1.0000000000000000E+000  1.0000000000000000E+000  1.0000000000000000E+000
  1.0000000000000000E+000  1.0000000000000000E+000  1.0000000000000000E+000  1.0000000000000000E+000  1.0000000000000000E+000
  1.0000000000000000E+000  1.0000000000000000E+000  1.0000000000000000E+000  1.0000000000000000E+000  1.0000000000000000E+000
  1.0000000000000000E+000  1.0000000000000000E+000  1.0000000000000000E+000  1.0000000000000000E+000  1.0000000000000000E+000
  1.0000000000000000E+000  1.0000000000000000E+000
BLOCK 84   5.4690169116600824E+000
  1.0000000000000000E+000  1.0000000000000000E+000  1.0000000000000000E+000  1.0000000000000000E+000  1.0000000000000000E+000
  1.0000000000000000E+000  1.0000000000000000E+000  1.0000000000000000E+000  1.0000000000000000E+000  1.0000000000000000E+000
  1.0000000000000000E+000  1.0000000000000000E+000  1.0000000000000000E+000  1.0000000000000000E+000  1.0000000000000000E+000
  1.0000000000000000E+000  1.0000000000000000E+000  1.0000000000000000E+000  1.0000000000000000E+000  1.0000000000000000E+000
  1.0000000000000000E+000  1.0000000000000000E+000  1.0000000000000000E+000  1.0000000000000000E+000  1.0000000000000000E+000
  1.0000000000000000E+000  1.0000000000000000E+000  1.0000000000000000E+000  1.0000000000000000E+000  1.0000000000000000E+000
  1.0000000000000000E+000  1.0000000000000000E+000  1.0000000000000000E+000  1.0000000000000000E+000  1.0000000000000000E+000
  1.0000000000000000E+000  1.0000000000000000E+000  1.0000000000000000E+000  1.0000000000000000E+000  1.0000000000000000E+000
  1.0000000000000000E+000  1.0000000000000000E+000  1.0000000000000000E+000  1.0000000000000000E+000  1.0000000000000000E+000
  1.0000000000000000E+000  1.0000000000000000E+000  1.0000000000000000E+000  1.0000000000000000E+000  1.0000000000000000E+000
  1.0000000000000000E+000  1.0000000000000000E+000  1.0000000000000000E+000  1.0000000000000000E+000  1.0000000000000000E+000
  1.0000000000000000E+000  1.0000000000000000E+000  1.0000000000000000E+000  1.0000000000000000E+000  1.0000000000000000E+000
  1.0000000000000000E+000  1.0000000000000000E+000  1.0000000000000000E+000  1.0000000000000000E+000  1.0000000000000000E+000
  1.0000000000000000E+000  1.0000000000000000E+000  1.0000000000000000E+000  1.0000000000000000E+000  1.0000000000000000E+000
  1.0000000000000000E+000  1.0000000000000000E+000
BLOCK 85   5.5349086816800837E+000
  1.0000000000000000E+000  1.0000000000000000E+000  1.0000000000000000E+000  1.0000000000000000E+000  1.0000000000000000E+000
  1.0000000000000000E+000  1.0000000000000000E+000  1.0000000000000000E+000  1.0000000000000000E+000  1.0000000000000000E+000
  1.0000000000000000E+000  1.0000000000000000E+000  1.0000000000000000E+000  1.0000000000000000E+000  1.0000000000000000E+000
  1.0000000000000000E+000  1.0000000000000000E+000  1.0000000000000000E+000  1.0000000000000000E+000  1.0000000000000000E+000
  1.0000000000000000E+000  1.0000000000000000E+000  1.0000000000000000E+000  1.0000000000000000E+000  1.0000000000000000E+000
  1.0000000000000000E+000  1.0000000000000000E+000  1.0000000000000000E+000  1.0000000000000000E+000  1.0000000000000000E+000
  1.0000000000000000E+000  1.0000000000000000E+000  1.0000000000000000E+000  1.0000000000000000E+000  1.0000000000000000E+000
  1.0000000000000000E+000  1.0000000000000000E+000  1.0000000000000000E+000  1.0000000000000000E+000  1.0000000000000000E+000
  1.0000000000000000E+000  1.0000000000000000E+000  1.0000000000000000E+000  1.0000000000000000E+000  1.0000000000000000E+000
  1.0000000000000000E+000  1.0000000000000000E+000  1.0000000000000000E+000  1.0000000000000000E+000  1.0000000000000000E+000
  1.0000000000000000E+000  1.0000000000000000E+000  1.0000000000000000E+000  1.0000000000000000E+000  1.0000000000000000E+000
  1.0000000000000000E+000  1.0000000000000000E+000  1.0000000000000000E+000  1.0000000000000000E+000  1.0000000000000000E+000
  1.0000000000000000E+000  1.0000000000000000E+000  1.0000000000000000E+000  1.0000000000000000E+000  1.0000000000000000E+000
  1.0000000000000000E+000  1.0000000000000000E+000  1.0000000000000000E+000  1.0000000000000000E+000  1.0000000000000000E+000
  1.0000000000000000E+000  1.0000000000000000E+000
BLOCK 86   5.6008004517000849E+000
  1.0000000000000000E+000  1.0000000000000000E+000  1.0000000000000000E+000  1.0000000000000000E+000  1.0000000000000000E+000
  1.0000000000000000E+000  1.0000000000000000E+000  1.0000000000000000E+000  1.0000000000000000E+000  1.0000000000000000E+000
  1.0000000000000000E+000  1.0000000000000000E+000  1.0000000000000000E+000  1.0000000000000000E+000  1.0000000000000000E+000
  1.0000000000000000E+000  1.0000000000000000E+000  1.0000000000000000E+000  1.0000000000000000E+000  1.0000000000000000E+000
  1.0000000000000000E+000  1.0000000000000000E+000  1.0000000000000000E+000  1.0000000000000000E+000  1.0000000000000000E+000
  1.0000000000000000E+000  1.0000000000000000E+000  1.0000000000000000E+000  1.0000000000000000E+000  1.0000000000000000E+000
  1.0000000000000000E+000  1.0000000000000000E+000  1.0000000000000000E+000  1.0000000000000000E+000  1.0000000000000000E+000
  1.0000000000000000E+000  1.0000000000000000E+000  1.0000000000000000E+000  1.0000000000000000E+000  1.0000000000000000E+000
  1.0000000000000000E+000  1.0000000000000000E+000  1.0000000000000000E+000  1.0000000000000000E+000  1.0000000000000000E+000
  1.0000000000000000E+000  1.0000000000000000E+000  1.0000000000000000E+000  1.0000000000000000E+000  1.0000000000000000E+000
  1.0000000000000000E+000  1.0000000000000000E+000  1.0000000000000000E+000  1.0000000000000000E+000  1.0000000000000000E+000
  1.0000000000000000E+000  1.0000000000000000E+000  1.0000000000000000E+000  1.0000000000000000E+000  1.0000000000000000E+000
  1.0000000000000000E+000  1.0000000000000000E+000  1.0000000000000000E+000  1.0000000000000000E+000  1.0000000000000000E+000
  1.0000000000000000E+000  1.0000000000000000E+000  1.0000000000000000E+000  1.0000000000000000E+000  1.0000000000000000E+000
  1.0000000000000000E+000  1.0000000000000000E+000
BLOCK 87   5.6666922217200861E+000
  1.0000000000000000E+000  1.0000000000000000E+000  1.0000000000000000E+000  1.0000000000000000E+000  1.0000000000000000E+000
  1.0000000000000000E+000  1.0000000000000000E+000  1.0000000000000000E+000  1.0000000000000000E+000  1.0000000000000000E+000
  1.0000000000000000E+000  1.0000000000000000E+000  1.0000000000000000E+000  1.0000000000000000E+000  1.0000000000000000E+000
  1.0000000000000000E+000  1.0000000000000000E+000  1.0000000000000000E+000  1.0000000000000000E+000  1.0000000000000000E+000
  1.0000000000000000E+000  1.0000000000000000E+000  1.0000000000000000E+000  1.0000000000000000E+000  1.0000000000000000E+000
  1.0000000000000000E+000  1.0000000000000000E+000  1.0000000000000000E+000  1.0000000000000000E+000  1.0000000000000000E+000
  1.0000000000000000E+000  1.0000000000000000E+000  1.0000000000000000E+000  1.0000000000000000E+000  1.0000000000000000E+000
  1.0000000000000000E+000  1.0000000000000000E+000  1.0000000000000000E+000  1.0000000000000000E+000  1.0000000000000000E+000
  1.0000000000000000E+000  1.0000000000000000E+000  1.0000000000000000E+000  1.0000000000000000E+000  1.0000000000000000E+000
  1.0000000000000000E+000  1.0000000000000000E+000  1.0000000000000000E+000  1.0000000000000000E+000  1.0000000000000000E+000
  1.0000000000000000E+000  1.0000000000000000E+000  1.0000000000000000E+000  1.0000000000000000E+000  1.0000000000000000E+000
  1.0000000000000000E+000  1.0000000000000000E+000  1.0000000000000000E+000  1.0000000000000000E+000  1.0000000000000000E+000
  1.0000000000000000E+000  1.0000000000000000E+000  1.0000000000000000E+000  1.0000000000000000E+000  1.0000000000000000E+000
  1.0000000000000000E+000  1.0000000000000000E+000  1.0000000000000000E+000  1.0000000000000000E+000  1.0000000000000000E+000
  1.0000000000000000E+000  1.0000000000000000E+000
BLOCK 88   5.7325839917400874E+000
  1.0000000000000000E+000  1.0000000000000000E+000  1.0000000000000000E+000  1.0000000000000000E+000  1.0000000000000000E+000
  1.0000000000000000E+000  1.0000000000000000E+000  1.0000000000000000E+000  1.0000000000000000E+000  1.0000000000000000E+000
  1.0000000000000000E+000  1.0000000000000000E+000  1.0000000000000000E+000  1.0000000000000000E+000  1.0000000000000000E+000
  1.0000000000000000E+000  1.0000000000000000E+000  1.0000000000000000E+000  1.0000000000000000E+000  1.0000000000000000E+000
  1.0000000000000000E+000  1.0000000000000000E+000  1.0000000000000000E+000  1.0000000000000000E+000  1.0000000000000000E+000
  1.0000000000000000E+000  1.0000000000000000E+000  1.0000000000000000E+000  1.0000000000000000E+000  1.0000000000000000E+000
  1.0000000000000000E+000  1.0000000000000000E+000  1.0000000000000000E+000  1.0000000000000000E+000  1.0000000000000000E+000
  1.0000000000000000E+000  1.0000000000000000E+000  1.0000000000000000E+000  1.0000000000000000E+000  1.0000000000000000E+000
  1.0000000000000000E+000  1.0000000000000000E+000  1.0000000000000000E+000  1.0000000000000000E+000  1.0000000000000000E+000
  1.0000000000000000E+000  1.0000000000000000E+000  1.0000000000000000E+000  1.0000000000000000E+000  1.0000000000000000E+000
  1.0000000000000000E+000  1.0000000000000000E+000  1.0000000000000000E+000  1.0000000000000000E+000  1.0000000000000000E+000
  1.0000000000000000E+000  1.0000000000000000E+000  1.0000000000000000E+000  1.0000000000000000E+000  1.0000000000000000E+000
  1.0000000000000000E+000  1.0000000000000000E+000  1.0000000000000000E+000  1.0000000000000000E+000  1.0000000000000000E+000
  1.0000000000000000E+000  1.0000000000000000E+000  1.0000000000000000E+000  1.0000000000000000E+000  1.0000000000000000E+000
  1.0000000000000000E+000  1.0000000000000000E+000
BLOCK 89   5.7984757617600886E+000
  1.0000000000000000E+000  1.0000000000000000E+000  1.0000000000000000E+000  1.0000000000000000E+000  1.0000000000000000E+000
  1.0000000000000000E+000  1.0000000000000000E+000  1.0000000000000000E+000  1.0000000000000000E+000  1.0000000000000000E+000
  1.0000000000000000E+000  1.0000000000000000E+000  1.0000000000000000E+000  1.0000000000000000E+000  1.0000000000000000E+000
  1.0000000000000000E+000  1.0000000000000000E+000  1.0000000000000000E+000  1.0000000000000000E+000  1.0000000000000000E+000
  1.0000000000000000E+000  1.0000000000000000E+000  1.0000000000000000E+000  1.0000000000000000E+000  1.0000000000000000E+000
  1.0000000000000000E+000  1.0000000000000000E+000  1.0000000000000000E+000  1.0000000000000000E+000  1.0000000000000000E+000
  1.0000000000000000E+000  1.0000000000000000E+000  1.0000000000000000E+000  1.0000000000000000E+000  1.0000000000000000E+000
  1.0000000000000000E+000  1.0000000000000000E+000  1.0000000000000000E+000  1.0000000000000000E+000  1.0000000000000000E+000
  1.0000000000000000E+000  1.0000000000000000E+000  1.0000000000000000E+000  1.0000000000000000E+000  1.0000000000000000E+000
  1.0000000000000000E+000  1.0000000000000000E+000  1.0000000000000000E+000  1.0000000000000000E+000  1.0000000000000000E+000
  1.0000000000000000E+000  1.0000000000000000E+000  1.0000000000000000E+000  1.0000000000000000E+000  1.0000000000000000E+000
  1.0000000000000000E+000  1.0000000000000000E+000  1.0000000000000000E+000  1.0000000000000000E+000  1.0000000000000000E+000
  1.0000000000000000E+000  1.0000000000000000E+000  1.0000000000000000E+000  1.0000000000000000E+000  1.0000000000000000E+000
  1.0000000000000000E+000  1.0000000000000000E+000  1.0000000000000000E+000  1.0000000000000000E+000  1.0000000000000000E+000
  1.0000000000000000E+000  1.0000000000000000E+000
BLOCK 90   5.8643675317800898E+000
  1.0000000000000000E+000  1.0000000000000000E+000  1.0000000000000000E+000  1.0000000000000000E+000  1.0000000000000000E+000
  1.0000000000000000E+000  1.0000000000000000E+000  1.0000000000000000E+000  1.0000000000000000E+000  1.0000000000000000E+000
  1.0000000000000000E+000  1.0000000000000000E+000  1.0000000000000000E+000  1.0000000000000000E+000  1.0000000000000000E+000
  1.0000000000000000E+000  1.0000000000000000E+000  1.0000000000000000E+000  1.0000000000000000E+000  1.0000000000000000E+000
  1.0000000000000000E+000  1.0000000000000000E+000  1.0000000000000000E+000  1.0000000000000000E+000  1.0000000000000000E+000
  1.0000000000000000E+000  1.0000000000000000E+000  1.0000000000000000E+000  1.0000000000000000E+000  1.0000000000000000E+000
  1.0000000000000000E+000  1.0000000000000000E+000  1.0000000000000000E+000  1.0000000000000000E+000  1.0000000000000000E+000
  1.0000000000000000E+000  1.0000000000000000E+000  1.0000000000000000E+000  1.0000000000000000E+000  1.0000000000000000E+000
  1.0000000000000000E+000  1.0000000000000000E+000  1.0000000000000000E+000  1.0000000000000000E+000  1.0000000000000000E+000
  1.0000000000000000E+000  1.0000000000000000E+000  1.0000000000000000E+000  1.0000000000000000E+000  1.0000000000000000E+000
  1.0000000000000000E+000  1.0000000000000000E+000  1.0000000000000000E+000  1.0000000000000000E+000  1.0000000000000000E+000
  1.0000000000000000E+000  1.0000000000000000E+000  1.0000000000000000E+000  1.0000000000000000E+000  1.0000000000000000E+000
  1.0000000000000000E+000  1.0000000000000000E+000  1.0000000000000000E+000  1.0000000000000000E+000  1.0000000000000000E+000
  1.0000000000000000E+000  1.0000000000000000E+000  1.0000000000000000E+000  1.0000000000000000E+000  1.0000000000000000E+000
  1.0000000000000000E+000  1.0000000000000000E+000
BLOCK 91   5.9302593018000911E+000
  1.0000000000000000E+000  1.0000000000000000E+000  1.0000000000000000E+000  1.0000000000000000E+000  1.0000000000000000E+000
  1.0000000000000000E+000  1.0000000000000000E+000  1.0000000000000000E+000  1.0000000000000000E+000  1.0000000000000000E+000
  1.0000000000000000E+000  1.0000000000000000E+000  1.0000000000000000E+000  1.0000000000000000E+000  1.0000000000000000E+000
  1.0000000000000000E+000  1.0000000000000000E+000  1.0000000000000000E+000  1.0000000000000000E+000  1.0000000000000000E+000
  1.0000000000000000E+000  1.0000000000000000E+000  1.0000000000000000E+000  1.0000000000000000E+000  1.0000000000000000E+000
  1.0000000000000000E+000  1.0000000000000000E+000  1.0000000000000000E+000  1.0000000000000000E+000  1.0000000000000000E+000
  1.0000000000000000E+000  1.0000000000000000E+000  1.0000000000000000E+000  1.0000000000000000E+000  1.0000000000000000E+000
  1.0000000000000000E+000  1.0000000000000000E+000  1.0000000000000000E+000  1.0000000000000000E+000  1.0000000000000000E+000
  1.0000000000000000E+000  1.0000000000000000E+000  1.0000000000000000E+000  1.0000000000000000E+000  1.0000000000000000E+000
  1.0000000000000000E+000  1.0000000000000000E+000  1.0000000000000000E+000  1.0000000000000000E+000  1.0000000000000000E+000
  1.0000000000000000E+000  1.0000000000000000E+000  1.0000000000000000E+000  1.0000000000000000E+000  1.0000000000000000E+000
  1.0000000000000000E+000  1.0000000000000000E+000  1.0000000000000000E+000  1.0000000000000000E+000  1.0000000000000000E+000
  1.0000000000000000E+000  1.0000000000000000E+000  1.0000000000000000E+000  1.0000000000000000E+000  1.0000000000000000E+000
  1.0000000000000000E+000  1.0000000000000000E+000  1.0000000000000000E+000  1.0000000000000000E+000  1.0000000000000000E+000
  1.0000000000000000E+000  1.0000000000000000E+000
BLOCK 92   5.9961510718200923E+000
  1.0000000000000000E+000  1.0000000000000000E+000  1.0000000000000000E+000  1.0000000000000000E+000  1.0000000000000000E+000
  1.0000000000000000E+000  1.0000000000000000E+000  1.0000000000000000E+000  1.0000000000000000E+000  1.0000000000000000E+000
  1.0000000000000000E+000  1.0000000000000000E+000  1.0000000000000000E+000  1.0000000000000000E+000  1.0000000000000000E+000
  1.0000000000000000E+000  1.0000000000000000E+000  1.0000000000000000E+000  1.0000000000000000E+000  1.0000000000000000E+000
  1.0000000000000000E+000  1.0000000000000000E+000  1.0000000000000000E+000  1.0000000000000000E+000  1.0000000000000000E+000
  1.0000000000000000E+000  1.0000000000000000E+000  1.0000000000000000E+000  1.0000000000000000E+000  1.0000000000000000E+000
  1.0000000000000000E+000  1.0000000000000000E+000  1.0000000000000000E+000  1.0000000000000000E+000  1.0000000000000000E+000
  1.0000000000000000E+000  1.0000000000000000E+000  1.0000000000000000E+000  1.0000000000000000E+000  1.0000000000000000E+000
  1.0000000000000000E+000  1.0000000000000000E+000  1.0000000000000000E+000  1.0000000000000000E+000  1.0000000000000000E+000
  1.0000000000000000E+000  1.0000000000000000E+000  1.0000000000000000E+000  1.0000000000000000E+000  1.0000000000000000E+000
  1.0000000000000000E+000  1.0000000000000000E+000  1.0000000000000000E+000  1.0000000000000000E+000  1.0000000000000000E+000
  1.0000000000000000E+000  1.0000000000000000E+000  1.0000000000000000E+000  1.0000000000000000E+000  1.0000000000000000E+000
  1.0000000000000000E+000  1.0000000000000000E+000  1.0000000000000000E+000  1.0000000000000000E+000  1.0000000000000000E+000
  1.0000000000000000E+000  1.0000000000000000E+000  1.0000000000000000E+000  1.0000000000000000E+000  1.0000000000000000E+000
  1.0000000000000000E+000  1.0000000000000000E+000
BLOCK 93   6.0620428418400936E+000
  1.0000000000000000E+000  1.0000000000000000E+000  1.0000000000000000E+000  1.0000000000000000E+000  1.0000000000000000E+000
  1.0000000000000000E+000  1.0000000000000000E+000  1.0000000000000000E+000  1.0000000000000000E+000  1.0000000000000000E+000
  1.0000000000000000E+000  1.0000000000000000E+000  1.0000000000000000E+000  1.0000000000000000E+000  1.0000000000000000E+000
  1.0000000000000000E+000  1.0000000000000000E+000  1.0000000000000000E+000  1.0000000000000000E+000  1.0000000000000000E+000
  1.0000000000000000E+000  1.0000000000000000E+000  1.0000000000000000E+000  1.0000000000000000E+000  1.0000000000000000E+000
  1.0000000000000000E+000  1.0000000000000000E+000  1.0000000000000000E+000  1.0000000000000000E+000  1.0000000000000000E+000
  1.0000000000000000E+000  1.0000000000000000E+000  1.0000000000000000E+000  1.0000000000000000E+000  1.0000000000000000E+000
  1.0000000000000000E+000  1.0000000000000000E+000  1.0000000000000000E+000  1.0000000000000000E+000  1.0000000000000000E+000
  1.0000000000000000E+000  1.0000000000000000E+000  1.0000000000000000E+000  1.0000000000000000E+000  1.0000000000000000E+000
  1.0000000000000000E+000  1.0000000000000000E+000  1.0000000000000000E+000  1.0000000000000000E+000  1.0000000000000000E+000
  1.0000000000000000E+000  1.0000000000000000E+000  1.0000000000000000E+000  1.0000000000000000E+000  1.0000000000000000E+000
  1.0000000000000000E+000  1.0000000000000000E+000  1.0000000000000000E+000  1.0000000000000000E+000  1.0000000000000000E+000
  1.0000000000000000E+000  1.0000000000000000E+000  1.0000000000000000E+000  1.0000000000000000E+000  1.0000000000000000E+000
  1.0000000000000000E+000  1.0000000000000000E+000  1.0000000000000000E+000  1.0000000000000000E+000  1.0000000000000000E+000
  1.0000000000000000E+000  1.0000000000000000E+000
BLOCK 94   6.1279346118600948E+000
  1.0000000000000000E+000  1.0000000000000000E+000  1.0000000000000000E+000  1.0000000000000000E+000  1.0000000000000000E+000
  1.0000000000000000E+000  1.0000000000000000E+000  1.0000000000000000E+000  1.0000000000000000E+000  1.0000000000000000E+000
  1.0000000000000000E+000  1.0000000000000000E+000  1.0000000000000000E+000  1.0000000000000000E+000  1.0000000000000000E+000
  1.0000000000000000E+000  1.0000000000000000E+000  1.0000000000000000E+000  1.0000000000000000E+000  1.0000000000000000E+000
  1.0000000000000000E+000  1.0000000000000000E+000  1.0000000000000000E+000  1.0000000000000000E+000  1.0000000000000000E+000
  1.0000000000000000E+000  1.0000000000000000E+000  1.0000000000000000E+000  1.0000000000000000E+000  1.0000000000000000E+000
  1.0000000000000000E+000  1.0000000000000000E+000  1.0000000000000000E+000  1.0000000000000000E+000  1.0000000000000000E+000
  1.0000000000000000E+000  1.0000000000000000E+000  1.0000000000000000E+000  1.0000000000000000E+000  1.0000000000000000E+000
  1.0000000000000000E+000  1.0000000000000000E+000  1.0000000000000000E+000  1.0000000000000000E+000  1.0000000000000000E+000
  1.0000000000000000E+000  1.0000000000000000E+000  1.0000000000000000E+000  1.0000000000000000E+000  1.0000000000000000E+000
  1.0000000000000000E+000  1.0000000000000000E+000  1.0000000000000000E+000  1.0000000000000000E+000  1.0000000000000000E+000
  1.0000000000000000E+000  1.0000000000000000E+000  1.0000000000000000E+000  1.0000000000000000E+000  1.0000000000000000E+000
  1.0000000000000000E+000  1.0000000000000000E+000  1.0000000000000000E+000  1.0000000000000000E+000  1.0000000000000000E+000
  1.0000000000000000E+000  1.0000000000000000E+000  1.0000000000000000E+000  1.0000000000000000E+000  1.0000000000000000E+000
  1.0000000000000000E+000  1.0000000000000000E+000
BLOCK 95   6.1938263818800960E+000
  1.0000000000000000E+000  1.0000000000000000E+000  1.0000000000000000E+000  1.0000000000000000E+000  1.0000000000000000E+000
  1.0000000000000000E+000  1.0000000000000000E+000  1.0000000000000000E+000  1.0000000000000000E+000  1.0000000000000000E+000
  1.0000000000000000E+000  1.0000000000000000E+000  1.0000000000000000E+000  1.0000000000000000E+000  1.0000000000000000E+000
  1.0000000000000000E+000  1.0000000000000000E+000  1.0000000000000000E+000  1.0000000000000000E+000  1.0000000000000000E+000
  1.0000000000000000E+000  1.0000000000000000E+000  1.0000000000000000E+000  1.0000000000000000E+000  1.0000000000000000E+000
  1.0000000000000000E+000  1.0000000000000000E+000  1.0000000000000000E+000  1.0000000000000000E+000  1.0000000000000000E+000
  1.0000000000000000E+000  1.0000000000000000E+000  1.0000000000000000E+000  1.0000000000000000E+000  1.0000000000000000E+000
  1.0000000000000000E+000  1.0000000000000000E+000  1.0000000000000000E+000  1.0000000000000000E+000  1.0000000000000000E+000
  1.0000000000000000E+000  1.0000000000000000E+000  1.0000000000000000E+000  1.0000000000000000E+000  1.0000000000000000E+000
  1.0000000000000000E+000  1.0000000000000000E+000  1.0000000000000000E+000  1.0000000000000000E+000  1.0000000000000000E+000
  1.0000000000000000E+000  1.0000000000000000E+000  1.0000000000000000E+000  1.0000000000000000E+000  1.0000000000000000E+000
  1.0000000000000000E+000  1.0000000000000000E+000  1.0000000000000000E+000  1.0000000000000000E+000  1.0000000000000000E+000
  1.0000000000000000E+000  1.0000000000000000E+000  1.0000000000000000E+000  1.0000000000000000E+000  1.0000000000000000E+000
  1.0000000000000000E+000  1.0000000000000000E+000  1.0000000000000000E+000  1.0000000000000000E+000  1.0000000000000000E+000
  1.0000000000000000E+000  1.0000000000000000E+000
BLOCK 96   6.2597181519000973E+000
  1.0000000000000000E+000  1.0000000000000000E+000  1.0000000000000000E+000  1.0000000000000000E+000  1.0000000000000000E+000
  1.0000000000000000E+000  1.0000000000000000E+000  1.0000000000000000E+000  1.0000000000000000E+000  1.0000000000000000E+000
  1.0000000000000000E+000  1.0000000000000000E+000  1.0000000000000000E+000  1.0000000000000000E+000  1.0000000000000000E+000
  1.0000000000000000E+000  1.0000000000000000E+000  1.0000000000000000E+000  1.0000000000000000E+000  1.0000000000000000E+000
  1.0000000000000000E+000  1.0000000000000000E+000  1.0000000000000000E+000  1.0000000000000000E+000  1.0000000000000000E+000
  1.0000000000000000E+000  1.0000000000000000E+000  1.0000000000000000E+000  1.0000000000000000E+000  1.0000000000000000E+000
  1.0000000000000000E+000  1.0000000000000000E+000  1.0000000000000000E+000  1.0000000000000000E+000  1.0000000000000000E+000
  1.0000000000000000E+000  1.0000000000000000E+000  1.0000000000000000E+000  1.0000000000000000E+000  1.0000000000000000E+000
  1.0000000000000000E+000  1.0000000000000000E+000  1.0000000000000000E+000  1.0000000000000000E+000  1.0000000000000000E+000
  1.0000000000000000E+000  1.0000000000000000E+000  1.0000000000000000E+000  1.0000000000000000E+000  1.0000000000000000E+000
  1.0000000000000000E+000  1.0000000000000000E+000  1.0000000000000000E+000  1.0000000000000000E+000  1.0000000000000000E+000
  1.0000000000000000E+000  1.0000000000000000E+000  1.0000000000000000E+000  1.0000000000000000E+000  1.0000000000000000E+000
  1.0000000000000000E+000  1.0000000000000000E+000  1.0000000000000000E+000  1.0000000000000000E+000  1.0000000000000000E+000
  1.0000000000000000E+000  1.0000000000000000E+000  1.0000000000000000E+000  1.0000000000000000E+000  1.0000000000000000E+000
  1.0000000000000000E+000  1.0000000000000000E+000
BLOCK 97   6.3256099219200985E+000
  1.0000000000000000E+000  1.0000000000000000E+000  1.0000000000000000E+000  1.0000000000000000E+000  1.0000000000000000E+000
  1.0000000000000000E+000  1.0000000000000000E+000  1.0000000000000000E+000  1.0000000000000000E+000  1.0000000000000000E+000
  1.0000000000000000E+000  1.0000000000000000E+000  1.0000000000000000E+000  1.0000000000000000E+000  1.0000000000000000E+000
  1.0000000000000000E+000  1.0000000000000000E+000  1.0000000000000000E+000  1.0000000000000000E+000  1.0000000000000000E+000
  1.0000000000000000E+000  1.0000000000000000E+000  1.0000000000000000E+000  1.0000000000000000E+000  1.0000000000000000E+000
  1.0000000000000000E+000  1.0000000000000000E+000  1.0000000000000000E+000  1.0000000000000000E+000  1.0000000000000000E+000
  1.0000000000000000E+000  1.0000000000000000E+000  1.0000000000000000E+000  1.0000000000000000E+000  1.0000000000000000E+000
  1.0000000000000000E+000  1.0000000000000000E+000  1.0000000000000000E+000  1.0000000000000000E+000  1.0000000000000000E+000
  1.0000000000000000E+000  1.0000000000000000E+000  1.0000000000000000E+000  1.0000000000000000E+000  1.0000000000000000E+000
  1.0000000000000000E+000  1.0000000000000000E+000  1.0000000000000000E+000  1.0000000000000000E+000  1.0000000000000000E+000
  1.0000000000000000E+000  1.0000000000000000E+000  1.0000000000000000E+000  1.0000000000000000E+000  1.0000000000000000E+000
  1.0000000000000000E+000  1.0000000000000000E+000  1.0000000000000000E+000  1.0000000000000000E+000  1.0000000000000000E+000
  1.0000000000000000E+000  1.0000000000000000E+000  1.0000000000000000E+000  1.0000000000000000E+000  1.0000000000000000E+000
  1.0000000000000000E+000  1.0000000000000000E+000  1.0000000000000000E+000  1.0000000000000000E+000  1.0000000000000000E+000
  1.0000000000000000E+000  1.0000000000000000E+000
BLOCK 98   6.3915016919400998E+000
  1.0000000000000000E+000  1.0000000000000000E+000  1.0000000000000000E+000  1.0000000000000000E+000  1.0000000000000000E+000
  1.0000000000000000E+000  1.0000000000000000E+000  1.0000000000000000E+000  1.0000000000000000E+000  1.0000000000000000E+000
  1.0000000000000000E+000  1.0000000000000000E+000  1.0000000000000000E+000  1.0000000000000000E+000  1.0000000000000000E+000
  1.0000000000000000E+000  1.0000000000000000E+000  1.0000000000000000E+000  1.0000000000000000E+000  1.0000000000000000E+000
  1.0000000000000000E+000  1.0000000000000000E+000  1.0000000000000000E+000  1.0000000000000000E+000  1.0000000000000000E+000
  1.0000000000000000E+000  1.0000000000000000E+000  1.0000000000000000E+000  1.0000000000000000E+000  1.0000000000000000E+000
  1.0000000000000000E+000  1.0000000000000000E+000  1.0000000000000000E+000  1.0000000000000000E+000  1.0000000000000000E+000
  1.0000000000000000E+000  1.0000000000000000E+000  1.0000000000000000E+000  1.0000000000000000E+000  1.0000000000000000E+000
  1.0000000000000000E+000  1.0000000000000000E+000  1.0000000000000000E+000  1.0000000000000000E+000  1.0000000000000000E+000
  1.0000000000000000E+000  1.0000000000000000E+000  1.0000000000000000E+000  1.0000000000000000E+000  1.0000000000000000E+000
  1.0000000000000000E+000  1.0000000000000000E+000  1.0000000000000000E+000  1.0000000000000000E+000  1.0000000000000000E+000
  1.0000000000000000E+000  1.0000000000000000E+000  1.0000000000000000E+000  1.0000000000000000E+000  1.0000000000000000E+000
  1.0000000000000000E+000  1.0000000000000000E+000  1.0000000000000000E+000  1.0000000000000000E+000  1.0000000000000000E+000
  1.0000000000000000E+000  1.0000000000000000E+000  1.0000000000000000E+000  1.0000000000000000E+000  1.0000000000000000E+000
  1.0000000000000000E+000  1.0000000000000000E+000
BLOCK 99   6.4573934619601010E+000
  1.0000000000000000E+000  1.0000000000000000E+000  1.0000000000000000E+000  1.0000000000000000E+000  1.0000000000000000E+000
  1.0000000000000000E+000  1.0000000000000000E+000  1.0000000000000000E+000  1.0000000000000000E+000  1.0000000000000000E+000
  1.0000000000000000E+000  1.0000000000000000E+000  1.0000000000000000E+000  1.0000000000000000E+000  1.0000000000000000E+000
  1.0000000000000000E+000  1.0000000000000000E+000  1.0000000000000000E+000  1.0000000000000000E+000  1.0000000000000000E+000
  1.0000000000000000E+000  1.0000000000000000E+000  1.0000000000000000E+000  1.0000000000000000E+000  1.0000000000000000E+000
  1.0000000000000000E+000  1.0000000000000000E+000  1.0000000000000000E+000  1.0000000000000000E+000  1.0000000000000000E+000
  1.0000000000000000E+000  1.0000000000000000E+000  1.0000000000000000E+000  1.0000000000000000E+000  1.0000000000000000E+000
  1.0000000000000000E+000  1.0000000000000000E+000  1.0000000000000000E+000  1.0000000000000000E+000  1.0000000000000000E+000
  1.0000000000000000E+000  1.0000000000000000E+000  1.0000000000000000E+000  1.0000000000000000E+000  1.0000000000000000E+000
  1.0000000000000000E+000  1.0000000000000000E+000  1.0000000000000000E+000  1.0000000000000000E+000  1.0000000000000000E+000
  1.0000000000000000E+000  1.0000000000000000E+000  1.0000000000000000E+000  1.0000000000000000E+000  1.0000000000000000E+000
  1.0000000000000000E+000  1.0000000000000000E+000  1.0000000000000000E+000  1.0000000000000000E+000  1.0000000000000000E+000
  1.0000000000000000E+000  1.0000000000000000E+000  1.0000000000000000E+000  1.0000000000000000E+000  1.0000000000000000E+000
  1.0000000000000000E+000  1.0000000000000000E+000  1.0000000000000000E+000  1.0000000000000000E+000  1.0000000000000000E+000
  1.0000000000000000E+000  1.0000000000000000E+000
BLOCK 100   6.5232852319801022E+000
  1.0000000000000000E+000  1.0000000000000000E+000  1.0000000000000000E+000  1.0000000000000000E+000  1.0000000000000000E+000
  1.0000000000000000E+000  1.0000000000000000E+000  1.0000000000000000E+000  1.0000000000000000E+000  1.0000000000000000E+000
  1.0000000000000000E+000  1.0000000000000000E+000  1.0000000000000000E+000  1.0000000000000000E+000  1.0000000000000000E+000
  1.0000000000000000E+000  1.0000000000000000E+000  1.0000000000000000E+000  1.0000000000000000E+000  1.0000000000000000E+000
  1.0000000000000000E+000  1.0000000000000000E+000  1.0000000000000000E+000  1.0000000000000000E+000  1.0000000000000000E+000
  1.0000000000000000E+000  1.0000000000000000E+000  1.0000000000000000E+000  1.0000000000000000E+000  1.0000000000000000E+000
  1.0000000000000000E+000  1.0000000000000000E+000  1.0000000000000000E+000  1.0000000000000000E+000  1.0000000000000000E+000
  1.0000000000000000E+000  1.0000000000000000E+000  1.0000000000000000E+000  1.0000000000000000E+000  1.0000000000000000E+000
  1.0000000000000000E+000  1.0000000000000000E+000  1.0000000000000000E+000  1.0000000000000000E+000  1.0000000000000000E+000
  1.0000000000000000E+000  1.0000000000000000E+000  1.0000000000000000E+000  1.0000000000000000E+000  1.0000000000000000E+000
  1.0000000000000000E+000  1.0000000000000000E+000  1.0000000000000000E+000  1.0000000000000000E+000  1.0000000000000000E+000
  1.0000000000000000E+000  1.0000000000000000E+000  1.0000000000000000E+000  1.0000000000000000E+000  1.0000000000000000E+000
  1.0000000000000000E+000  1.0000000000000000E+000  1.0000000000000000E+000  1.0000000000000000E+000  1.0000000000000000E+000
  1.0000000000000000E+000  1.0000000000000000E+000  1.0000000000000000E+000  1.0000000000000000E+000  1.0000000000000000E+000
  1.0000000000000000E+000  1.0000000000000000E+000
BLOCK 101   6.5891770020001035E+000
  1.0000000000000000E+000  1.0000000000000000E+000  1.0000000000000000E+000  1.0000000000000000E+000  1.0000000000000000E+000
  1.0000000000000000E+000  1.0000000000000000E+000  1.0000000000000000E+000  1.0000000000000000E+000  1.0000000000000000E+000
  1.0000000000000000E+000  1.0000000000000000E+000  1.0000000000000000E+000  1.0000000000000000E+000  1.0000000000000000E+000
  1.0000000000000000E+000  1.0000000000000000E+000  1.0000000000000000E+000  1.0000000000000000E+000  1.0000000000000000E+000
  1.0000000000000000E+000  1.0000000000000000E+000  1.0000000000000000E+000  1.0000000000000000E+000  1.0000000000000000E+000
  1.0000000000000000E+000  1.0000000000000000E+000  1.0000000000000000E+000  1.0000000000000000E+000  1.0000000000000000E+000
  1.0000000000000000E+000  1.0000000000000000E+000  1.0000000000000000E+000  1.0000000000000000E+000  1.0000000000000000E+000
  1.0000000000000000E+000  1.0000000000000000E+000  1.0000000000000000E+000  1.0000000000000000E+000  1.0000000000000000E+000
  1.0000000000000000E+000  1.0000000000000000E+000  1.0000000000000000E+000  1.0000000000000000E+000  1.0000000000000000E+000
  1.0000000000000000E+000  1.0000000000000000E+000  1.0000000000000000E+000  1.0000000000000000E+000  1.0000000000000000E+000
  1.0000000000000000E+000  1.0000000000000000E+000  1.0000000000000000E+000  1.0000000000000000E+000  1.0000000000000000E+000
  1.0000000000000000E+000  1.0000000000000000E+000  1.0000000000000000E+000  1.0000000000000000E+000  1.0000000000000000E+000
  1.0000000000000000E+000  1.0000000000000000E+000  1.0000000000000000E+000  1.0000000000000000E+000  1.0000000000000000E+000
  1.0000000000000000E+000  1.0000000000000000E+000  1.0000000000000000E+000  1.0000000000000000E+000  1.0000000000000000E+000
  1.0000000000000000E+000  1.0000000000000000E+000
BLOCK 102   6.6550687720201047E+000
  1.0000000000000000E+000  1.0000000000000000E+000  1.0000000000000000E+000  1.0000000000000000E+000  1.0000000000000000E+000
  1.0000000000000000E+000  1.0000000000000000E+000  1.0000000000000000E+000  1.0000000000000000E+000  1.0000000000000000E+000
  1.0000000000000000E+000  1.0000000000000000E+000  1.0000000000000000E+000  1.0000000000000000E+000  1.0000000000000000E+000
  1.0000000000000000E+000  1.0000000000000000E+000  1.0000000000000000E+000  1.0000000000000000E+000  1.0000000000000000E+000
  1.0000000000000000E+000  1.0000000000000000E+000  1.0000000000000000E+000  1.0000000000000000E+000  1.0000000000000000E+000
  1.0000000000000000E+000  1.0000000000000000E+000  1.0000000000000000E+000  1.0000000000000000E+000  1.0000000000000000E+000
  1.0000000000000000E+000  1.0000000000000000E+000  1.0000000000000000E+000  1.0000000000000000E+000  1.0000000000000000E+000
  1.0000000000000000E+000  1.0000000000000000E+000  1.0000000000000000E+000  1.0000000000000000E+000  1.0000000000000000E+000
  1.0000000000000000E+000  1.0000000000000000E+000  1.0000000000000000E+000  1.0000000000000000E+000  1.0000000000000000E+000
  1.0000000000000000E+000  1.0000000000000000E+000  1.0000000000000000E+000  1.0000000000000000E+000  1.0000000000000000E+000
  1.0000000000000000E+000  1.0000000000000000E+000  1.0000000000000000E+000  1.0000000000000000E+000  1.0000000000000000E+000
  1.0000000000000000E+000  1.0000000000000000E+000  1.0000000000000000E+000  1.0000000000000000E+000  1.0000000000000000E+000
  1.0000000000000000E+000  1.0000000000000000E+000  1.0000000000000000E+000  1.0000000000000000E+000  1.0000000000000000E+000
  1.0000000000000000E+000  1.0000000000000000E+000  1.0000000000000000E+000  1.0000000000000000E+000  1.0000000000000000E+000
  1.0000000000000000E+000  1.0000000000000000E+000
BLOCK 103   6.7209605420401060E+000
  1.0000000000000000E+000  1.0000000000000000E+000  1.0000000000000000E+000  1.0000000000000000E+000  1.0000000000000000E+000
  1.0000000000000000E+000  1.0000000000000000E+000  1.0000000000000000E+000  1.0000000000000000E+000  1.0000000000000000E+000
  1.0000000000000000E+000  1.0000000000000000E+000  1.0000000000000000E+000  1.0000000000000000E+000  1.0000000000000000E+000
  1.0000000000000000E+000  1.0000000000000000E+000  1.0000000000000000E+000  1.0000000000000000E+000  1.0000000000000000E+000
  1.0000000000000000E+000  1.0000000000000000E+000  1.0000000000000000E+000  1.0000000000000000E+000  1.0000000000000000E+000
  1.0000000000000000E+000  1.0000000000000000E+000  1.0000000000000000E+000  1.0000000000000000E+000  1.0000000000000000E+000
  1.0000000000000000E+000  1.0000000000000000E+000  1.0000000000000000E+000  1.0000000000000000E+000  1.0000000000000000E+000
  1.0000000000000000E+000  1.0000000000000000E+000  1.0000000000000000E+000  1.0000000000000000E+000  1.0000000000000000E+000
  1.0000000000000000E+000  1.0000000000000000E+000  1.0000000000000000E+000  1.0000000000000000E+000  1.0000000000000000E+000
  1.0000000000000000E+000  1.0000000000000000E+000  1.0000000000000000E+000  1.0000000000000000E+000  1.0000000000000000E+000
  1.0000000000000000E+000  1.0000000000000000E+000  1.0000000000000000E+000  1.0000000000000000E+000  1.0000000000000000E+000
  1.0000000000000000E+000  1.0000000000000000E+000  1.0000000000000000E+000  1.0000000000000000E+000  1.0000000000000000E+000
  1.0000000000000000E+000  1.0000000000000000E+000  1.0000000000000000E+000  1.0000000000000000E+000  1.0000000000000000E+000
  1.0000000000000000E+000  1.0000000000000000E+000  1.0000000000000000E+000  1.0000000000000000E+000  1.0000000000000000E+000
  1.0000000000000000E+000  1.0000000000000000E+000
BLOCK 104   6.7868523120601072E+000
  1.0000000000000000E+000  1.0000000000000000E+000  1.0000000000000000E+000  1.0000000000000000E+000  1.0000000000000000E+000
  1.0000000000000000E+000  1.0000000000000000E+000  1.0000000000000000E+000  1.0000000000000000E+000  1.0000000000000000E+000
  1.0000000000000000E+000  1.0000000000000000E+000  1.0000000000000000E+000  1.0000000000000000E+000  1.0000000000000000E+000
  1.0000000000000000E+000  1.0000000000000000E+000  1.0000000000000000E+000  1.0000000000000000E+000  1.0000000000000000E+000
  1.0000000000000000E+000  1.0000000000000000E+000  1.0000000000000000E+000  1.0000000000000000E+000  1.0000000000000000E+000
  1.0000000000000000E+000  1.0000000000000000E+000  1.0000000000000000E+000  1.0000000000000000E+000  1.0000000000000000E+000
  1.0000000000000000E+000  1.0000000000000000E+000  1.0000000000000000E+000  1.0000000000000000E+000  1.0000000000000000E+000
  1.0000000000000000E+000  1.0000000000000000E+000  1.0000000000000000E+000  1.0000000000000000E+000  1.0000000000000000E+000
  1.0000000000000000E+000  1.0000000000000000E+000  1.0000000000000000E+000  1.0000000000000000E+000  1.0000000000000000E+000
  1.0000000000000000E+000  1.0000000000000000E+000  1.0000000000000000E+000  1.0000000000000000E+000  1.0000000000000000E+000
  1.0000000000000000E+000  1.0000000000000000E+000  1.0000000000000000E+000  1.0000000000000000E+000  1.0000000000000000E+000
  1.0000000000000000E+000  1.0000000000000000E+000  1.0000000000000000E+000  1.0000000000000000E+000  1.0000000000000000E+000
  1.0000000000000000E+000  1.0000000000000000E+000  1.0000000000000000E+000  1.0000000000000000E+000  1.0000000000000000E+000
  1.0000000000000000E+000  1.0000000000000000E+000  1.0000000000000000E+000  1.0000000000000000E+000  1.0000000000000000E+000
  1.0000000000000000E+000  1.0000000000000000E+000
BLOCK 105   6.8527440820801084E+000
  1.0000000000000000E+000  1.0000000000000000E+000  1.0000000000000000E+000  1.0000000000000000E+000  1.0000000000000000E+000
  1.0000000000000000E+000  1.0000000000000000E+000  1.0000000000000000E+000  1.0000000000000000E+000  1.0000000000000000E+000
  1.0000000000000000E+000  1.0000000000000000E+000  1.0000000000000000E+000  1.0000000000000000E+000  1.0000000000000000E+000
  1.0000000000000000E+000  1.0000000000000000E+000  1.0000000000000000E+000  1.0000000000000000E+000  1.0000000000000000E+000
  1.0000000000000000E+000  1.0000000000000000E+000  1.0000000000000000E+000  1.0000000000000000E+000  1.0000000000000000E+000
  1.0000000000000000E+000  1.0000000000000000E+000  1.0000000000000000E+000  1.0000000000000000E+000  1.0000000000000000E+000
  1.0000000000000000E+000  1.0000000000000000E+000  1.0000000000000000E+000  1.0000000000000000E+000  1.0000000000000000E+000
  1.0000000000000000E+000  1.0000000000000000E+000  1.0000000000000000E+000  1.0000000000000000E+000  1.0000000000000000E+000
  1.0000000000000000E+000  1.0000000000000000E+000  1.0000000000000000E+000  1.0000000000000000E+000  1.0000000000000000E+000
  1.0000000000000000E+000  1.0000000000000000E+000  1.0000000000000000E+000  1.0000000000000000E+000  1.0000000000000000E+000
  1.0000000000000000E+000  1.0000000000000000E+000  1.0000000000000000E+000  1.0000000000000000E+000  1.0000000000000000E+000
  1.0000000000000000E+000  1.0000000000000000E+000  1.0000000000000000E+000  1.0000000000000000E+000  1.0000000000000000E+000
  1.0000000000000000E+000  1.0000000000000000E+000  1.0000000000000000E+000  1.0000000000000000E+000  1.0000000000000000E+000
  1.0000000000000000E+000  1.0000000000000000E+000  1.0000000000000000E+000  1.0000000000000000E+000  1.0000000000000000E+000
  1.0000000000000000E+000  1.0000000000000000E+000
BLOCK 106   6.9186358521001097E+000
  1.0000000000000000E+000  1.0000000000000000E+000  1.0000000000000000E+000  1.0000000000000000E+000  1.0000000000000000E+000
  1.0000000000000000E+000  1.0000000000000000E+000  1.0000000000000000E+000  1.0000000000000000E+000  1.0000000000000000E+000
  1.0000000000000000E+000  1.0000000000000000E+000  1.0000000000000000E+000  1.0000000000000000E+000  1.0000000000000000E+000
  1.0000000000000000E+000  1.0000000000000000E+000  1.0000000000000000E+000  1.0000000000000000E+000  1.0000000000000000E+000
  1.0000000000000000E+000  1.0000000000000000E+000  1.0000000000000000E+000  1.0000000000000000E+000  1.0000000000000000E+000
  1.0000000000000000E+000  1.0000000000000000E+000  1.0000000000000000E+000  1.0000000000000000E+000  1.0000000000000000E+000
  1.0000000000000000E+000  1.0000000000000000E+000  1.0000000000000000E+000  1.0000000000000000E+000  1.0000000000000000E+000
  1.0000000000000000E+000  1.0000000000000000E+000  1.0000000000000000E+000  1.0000000000000000E+000  1.0000000000000000E+000
  1.0000000000000000E+000  1.0000000000000000E+000  1.0000000000000000E+000  1.0000000000000000E+000  1.0000000000000000E+000
  1.0000000000000000E+000  1.0000000000000000E+000  1.0000000000000000E+000  1.0000000000000000E+000  1.0000000000000000E+000
  1.0000000000000000E+000  1.0000000000000000E+000  1.0000000000000000E+000  1.0000000000000000E+000  1.0000000000000000E+000
  1.0000000000000000E+000  1.0000000000000000E+000  1.0000000000000000E+000  1.0000000000000000E+000  1.0000000000000000E+000
  1.0000000000000000E+000  1.0000000000000000E+000  1.0000000000000000E+000  1.0000000000000000E+000  1.0000000000000000E+000
  1.0000000000000000E+000  1.0000000000000000E+000  1.0000000000000000E+000  1.0000000000000000E+000  1.0000000000000000E+000
  1.0000000000000000E+000  1.0000000000000000E+000
BLOCK 107   6.9845276221201109E+000
  1.0000000000000000E+000  1.0000000000000000E+000  1.0000000000000000E+000  1.0000000000000000E+000  1.0000000000000000E+000
  1.0000000000000000E+000  1.0000000000000000E+000  1.0000000000000000E+000  1.0000000000000000E+000  1.0000000000000000E+000
  1.0000000000000000E+000  1.0000000000000000E+000  1.0000000000000000E+000  1.0000000000000000E+000  1.0000000000000000E+000
  1.0000000000000000E+000  1.0000000000000000E+000  1.0000000000000000E+000  1.0000000000000000E+000  1.0000000000000000E+000
  1.0000000000000000E+000  1.0000000000000000E+000  1.0000000000000000E+000  1.0000000000000000E+000  1.0000000000000000E+000
  1.0000000000000000E+000  1.0000000000000000E+000  1.0000000000000000E+000  1.0000000000000000E+000  1.0000000000000000E+000
  1.0000000000000000E+000  1.0000000000000000E+000  1.0000000000000000E+000  1.0000000000000000E+000  1.0000000000000000E+000
  1.0000000000000000E+000  1.0000000000000000E+000  1.0000000000000000E+000  1.0000000000000000E+000  1.0000000000000000E+000
  1.0000000000000000E+000  1.0000000000000000E+000  1.0000000000000000E+000  1.0000000000000000E+000  1.0000000000000000E+000
  1.0000000000000000E+000  1.0000000000000000E+000  1.0000000000000000E+000  1.0000000000000000E+000  1.0000000000000000E+000
  1.0000000000000000E+000  1.0000000000000000E+000  1.0000000000000000E+000  1.0000000000000000E+000  1.0000000000000000E+000
  1.0000000000000000E+000  1.0000000000000000E+000  1.0000000000000000E+000  1.0000000000000000E+000  1.0000000000000000E+000
  1.0000000000000000E+000  1.0000000000000000E+000  1.0000000000000000E+000  1.0000000000000000E+000  1.0000000000000000E+000
  1.0000000000000000E+000  1.0000000000000000E+000  1.0000000000000000E+000  1.0000000000000000E+000  1.0000000000000000E+000
  1.0000000000000000E+000  1.0000000000000000E+000
BLOCK 108   7.0504193921401122E+000
  1.0000000000000000E+000  1.0000000000000000E+000  1.0000000000000000E+000  1.0000000000000000E+000  1.0000000000000000E+000
  1.0000000000000000E+000  1.0000000000000000E+000  1.0000000000000000E+000  1.0000000000000000E+000  1.0000000000000000E+000
  1.0000000000000000E+000  1.0000000000000000E+000  1.0000000000000000E+000  1.0000000000000000E+000  1.0000000000000000E+000
  1.0000000000000000E+000  1.0000000000000000E+000  1.0000000000000000E+000  1.0000000000000000E+000  1.0000000000000000E+000
  1.0000000000000000E+000  1.0000000000000000E+000  1.0000000000000000E+000  1.0000000000000000E+000  1.0000000000000000E+000
  1.0000000000000000E+000  1.0000000000000000E+000  1.0000000000000000E+000  1.0000000000000000E+000  1.0000000000000000E+000
  1.0000000000000000E+000  1.0000000000000000E+000  1.0000000000000000E+000  1.0000000000000000E+000  1.0000000000000000E+000
  1.0000000000000000E+000  1.0000000000000000E+000  1.0000000000000000E+000  1.0000000000000000E+000  1.0000000000000000E+000
  1.0000000000000000E+000  1.0000000000000000E+000  1.0000000000000000E+000  1.0000000000000000E+000  1.0000000000000000E+000
  1.0000000000000000E+000  1.0000000000000000E+000  1.0000000000000000E+000  1.0000000000000000E+000  1.0000000000000000E+000
  1.0000000000000000E+000  1.0000000000000000E+000  1.0000000000000000E+000  1.0000000000000000E+000  1.0000000000000000E+000
  1.0000000000000000E+000  1.0000000000000000E+000  1.0000000000000000E+000  1.0000000000000000E+000  1.0000000000000000E+000
  1.0000000000000000E+000  1.0000000000000000E+000  1.0000000000000000E+000  1.0000000000000000E+000  1.0000000000000000E+000
  1.0000000000000000E+000  1.0000000000000000E+000  1.0000000000000000E+000  1.0000000000000000E+000  1.0000000000000000E+000
  1.0000000000000000E+000  1.0000000000000000E+000
BLOCK 109   7.1163111621601134E+000
  1.0000000000000000E+000  1.0000000000000000E+000  1.0000000000000000E+000  1.0000000000000000E+000  1.0000000000000000E+000
  1.0000000000000000E+000  1.0000000000000000E+000  1.0000000000000000E+000  1.0000000000000000E+000  1.0000000000000000E+000
  1.0000000000000000E+000  1.0000000000000000E+000  1.0000000000000000E+000  1.0000000000000000E+000  1.0000000000000000E+000
  1.0000000000000000E+000  1.0000000000000000E+000  1.0000000000000000E+000  1.0000000000000000E+000  1.0000000000000000E+000
  1.0000000000000000E+000  1.0000000000000000E+000  1.0000000000000000E+000  1.0000000000000000E+000  1.0000000000000000E+000
  1.0000000000000000E+000  1.0000000000000000E+000  1.0000000000000000E+000  1.0000000000000000E+000  1.0000000000000000E+000
  1.0000000000000000E+000  1.0000000000000000E+000  1.0000000000000000E+000  1.0000000000000000E+000  1.0000000000000000E+000
  1.0000000000000000E+000  1.0000000000000000E+000  1.0000000000000000E+000  1.0000000000000000E+000  1.0000000000000000E+000
  1.0000000000000000E+000  1.0000000000000000E+000  1.0000000000000000E+000  1.0000000000000000E+000  1.0000000000000000E+000
  1.0000000000000000E+000  1.0000000000000000E+000  1.0000000000000000E+000  1.0000000000000000E+000  1.0000000000000000E+000
  1.0000000000000000E+000  1.0000000000000000E+000  1.0000000000000000E+000  1.0000000000000000E+000  1.0000000000000000E+000
  1.0000000000000000E+000  1.0000000000000000E+000  1.0000000000000000E+000  1.0000000000000000E+000  1.0000000000000000E+000
  1.0000000000000000E+000  1.0000000000000000E+000  1.0000000000000000E+000  1.0000000000000000E+000  1.0000000000000000E+000
  1.0000000000000000E+000  1.0000000000000000E+000  1.0000000000000000E+000  1.0000000000000000E+000  1.0000000000000000E+000
  1.0000000000000000E+000  1.0000000000000000E+000
BLOCK 110   7.1822029321801146E+000
  1.0000000000000000E+000  1.0000000000000000E+000  1.0000000000000000E+000  1.0000000000000000E+000  1.0000000000000000E+000
  1.0000000000000000E+000  1.0000000000000000E+000  1.0000000000000000E+000  1.0000000000000000E+000  1.0000000000000000E+000
  1.0000000000000000E+000  1.0000000000000000E+000  1.0000000000000000E+000  1.0000000000000000E+000  1.0000000000000000E+000
  1.0000000000000000E+000  1.0000000000000000E+000  1.0000000000000000E+000  1.0000000000000000E+000  1.0000000000000000E+000
  1.0000000000000000E+000  1.0000000000000000E+000  1.0000000000000000E+000  1.0000000000000000E+000  1.0000000000000000E+000
  1.0000000000000000E+000  1.0000000000000000E+000  1.0000000000000000E+000  1.0000000000000000E+000  1.0000000000000000E+000
  1.0000000000000000E+000  1.0000000000000000E+000  1.0000000000000000E+000  1.0000000000000000E+000  1.0000000000000000E+000
  1.0000000000000000E+000  1.0000000000000000E+000  1.0000000000000000E+000  1.0000000000000000E+000  1.0000000000000000E+000
  1.0000000000000000E+000  1.0000000000000000E+000  1.0000000000000000E+000  1.0000000000000000E+000  1.0000000000000000E+000
  1.0000000000000000E+000  1.0000000000000000E+000  1.0000000000000000E+000  1.0000000000000000E+000  1.0000000000000000E+000
  1.0000000000000000E+000  1.0000000000000000E+000  1.0000000000000000E+000  1.0000000000000000E+000  1.0000000000000000E+000
  1.0000000000000000E+000  1.0000000000000000E+000  1.0000000000000000E+000  1.0000000000000000E+000  1.0000000000000000E+000
  1.0000000000000000E+000  1.0000000000000000E+000  1.0000000000000000E+000  1.0000000000000000E+000  1.0000000000000000E+000
  1.0000000000000000E+000  1.0000000000000000E+000  1.0000000000000000E+000  1.0000000000000000E+000  1.0000000000000000E+000
  1.0000000000000000E+000  1.0000000000000000E+000
BLOCK 111   7.2480947022001159E+000
  1.0000000000000000E+000  1.0000000000000000E+000  1.0000000000000000E+000  1.0000000000000000E+000  1.0000000000000000E+000
  1.0000000000000000E+000  1.0000000000000000E+000  1.0000000000000000E+000  1.0000000000000000E+000  1.0000000000000000E+000
  1.0000000000000000E+000  1.0000000000000000E+000  1.0000000000000000E+000  1.0000000000000000E+000  1.0000000000000000E+000
  1.0000000000000000E+000  1.0000000000000000E+000  1.0000000000000000E+000  1.0000000000000000E+000  1.0000000000000000E+000
  1.0000000000000000E+000  1.0000000000000000E+000  1.0000000000000000E+000  1.0000000000000000E+000  1.0000000000000000E+000
  1.0000000000000000E+000  1.0000000000000000E+000  1.0000000000000000E+000  1.0000000000000000E+000  1.0000000000000000E+000
  1.0000000000000000E+000  1.0000000000000000E+000  1.0000000000000000E+000  1.0000000000000000E+000  1.0000000000000000E+000
  1.0000000000000000E+000  1.0000000000000000E+000  1.0000000000000000E+000  1.0000000000000000E+000  1.0000000000000000E+000
  1.0000000000000000E+000  1.0000000000000000E+000  1.0000000000000000E+000  1.0000000000000000E+000  1.0000000000000000E+000
  1.0000000000000000E+000  1.0000000000000000E+000  1.0000000000000000E+000  1.0000000000000000E+000  1.0000000000000000E+000
  1.0000000000000000E+000  1.0000000000000000E+000  1.0000000000000000E+000  1.0000000000000000E+000  1.0000000000000000E+000
  1.0000000000000000E+000  1.0000000000000000E+000  1.0000000000000000E+000  1.0000000000000000E+000  1.0000000000000000E+000
  1.0000000000000000E+000  1.0000000000000000E+000  1.0000000000000000E+000  1.0000000000000000E+000  1.0000000000000000E+000
  1.0000000000000000E+000  1.0000000000000000E+000  1.0000000000000000E+000  1.0000000000000000E+000  1.0000000000000000E+000
  1.0000000000000000E+000  1.0000000000000000E+000
BLOCK 112   7.3139864722201171E+000
  1.0000000000000000E+000  1.0000000000000000E+000  1.0000000000000000E+000  1.0000000000000000E+000  1.0000000000000000E+000
  1.0000000000000000E+000  1.0000000000000000E+000  1.0000000000000000E+000  1.0000000000000000E+000  1.0000000000000000E+000
  1.0000000000000000E+000  1.0000000000000000E+000  1.0000000000000000E+000  1.0000000000000000E+000  1.0000000000000000E+000
  1.0000000000000000E+000  1.0000000000000000E+000  1.0000000000000000E+000  1.0000000000000000E+000  1.0000000000000000E+000
  1.0000000000000000E+000  1.0000000000000000E+000  1.0000000000000000E+000  1.0000000000000000E+000  1.0000000000000000E+000
  1.0000000000000000E+000  1.0000000000000000E+000  1.0000000000000000E+000  1.0000000000000000E+000  1.0000000000000000E+000
  1.0000000000000000E+000  1.0000000000000000E+000  1.0000000000000000E+000  1.0000000000000000E+000  1.0000000000000000E+000
  1.0000000000000000E+000  1.0000000000000000E+000  1.0000000000000000E+000  1.0000000000000000E+000  1.0000000000000000E+000
  1.0000000000000000E+000  1.0000000000000000E+000  1.0000000000000000E+000  1.0000000000000000E+000  1.0000000000000000E+000
  1.0000000000000000E+000  1.0000000000000000E+000  1.0000000000000000E+000  1.0000000000000000E+000  1.0000000000000000E+000
  1.0000000000000000E+000  1.0000000000000000E+000  1.0000000000000000E+000  1.0000000000000000E+000  1.0000000000000000E+000
  1.0000000000000000E+000  1.0000000000000000E+000  1.0000000000000000E+000  1.0000000000000000E+000  1.0000000000000000E+000
  1.0000000000000000E+000  1.0000000000000000E+000  1.0000000000000000E+000  1.0000000000000000E+000  1.0000000000000000E+000
  1.0000000000000000E+000  1.0000000000000000E+000  1.0000000000000000E+000  1.0000000000000000E+000  1.0000000000000000E+000
  1.0000000000000000E+000  1.0000000000000000E+000
BLOCK 113   7.3798782422401183E+000
  1.0000000000000000E+000  1.0000000000000000E+000  1.0000000000000000E+000  1.0000000000000000E+000  1.0000000000000000E+000
  1.0000000000000000E+000  1.0000000000000000E+000  1.0000000000000000E+000  1.0000000000000000E+000  1.0000000000000000E+000
  1.0000000000000000E+000  1.0000000000000000E+000  1.0000000000000000E+000  1.0000000000000000E+000  1.0000000000000000E+000
  1.0000000000000000E+000  1.0000000000000000E+000  1.0000000000000000E+000  1.0000000000000000E+000  1.0000000000000000E+000
  1.0000000000000000E+000  1.0000000000000000E+000  1.0000000000000000E+000  1.0000000000000000E+000  1.0000000000000000E+000
  1.0000000000000000E+000  1.0000000000000000E+000  1.0000000000000000E+000  1.0000000000000000E+000  1.0000000000000000E+000
  1.0000000000000000E+000  1.0000000000000000E+000  1.0000000000000000E+000  1.0000000000000000E+000  1.0000000000000000E+000
  1.0000000000000000E+000  1.0000000000000000E+000  1.0000000000000000E+000  1.0000000000000000E+000  1.0000000000000000E+000
  1.0000000000000000E+000  1.0000000000000000E+000  1.0000000000000000E+000  1.0000000000000000E+000  1.0000000000000000E+000
  1.0000000000000000E+000  1.0000000000000000E+000  1.0000000000000000E+000  1.0000000000000000E+000  1.0000000000000000E+000
  1.0000000000000000E+000  1.0000000000000000E+000  1.0000000000000000E+000  1.0000000000000000E+000  1.0000000000000000E+000
  1.0000000000000000E+000  1.0000000000000000E+000  1.0000000000000000E+000  1.0000000000000000E+000  1.0000000000000000E+000
  1.0000000000000000E+000  1.0000000000000000E+000  1.0000000000000000E+000  1.0000000000000000E+000  1.0000000000000000E+000
  1.0000000000000000E+000  1.0000000000000000E+000  1.0000000000000000E+000  1.0000000000000000E+000  1.0000000000000000E+000
  1.0000000000000000E+000  1.0000000000000000E+000
BLOCK 114   7.4457700122601196E+000
  1.0000000000000000E+000  1.0000000000000000E+000  1.0000000000000000E+000  1.0000000000000000E+000  1.0000000000000000E+000
  1.0000000000000000E+000  1.0000000000000000E+000  1.0000000000000000E+000  1.0000000000000000E+000  1.0000000000000000E+000
  1.0000000000000000E+000  1.0000000000000000E+000  1.0000000000000000E+000  1.0000000000000000E+000  1.0000000000000000E+000
  1.0000000000000000E+000  1.0000000000000000E+000  1.0000000000000000E+000  1.0000000000000000E+000  1.0000000000000000E+000
  1.0000000000000000E+000  1.0000000000000000E+000  1.0000000000000000E+000  1.0000000000000000E+000  1.0000000000000000E+000
  1.0000000000000000E+000  1.0000000000000000E+000  1.0000000000000000E+000  1.0000000000000000E+000  1.0000000000000000E+000
  1.0000000000000000E+000  1.0000000000000000E+000  1.0000000000000000E+000  1.0000000000000000E+000  1.0000000000000000E+000
  1.0000000000000000E+000  1.0000000000000000E+000  1.0000000000000000E+000  1.0000000000000000E+000  1.0000000000000000E+000
  1.0000000000000000E+000  1.0000000000000000E+000  1.0000000000000000E+000  1.0000000000000000E+000  1.0000000000000000E+000
  1.0000000000000000E+000  1.0000000000000000E+000  1.0000000000000000E+000  1.0000000000000000E+000  1.0000000000000000E+000
  1.0000000000000000E+000  1.0000000000000000E+000  1.0000000000000000E+000  1.0000000000000000E+000  1.0000000000000000E+000
  1.0000000000000000E+000  1.0000000000000000E+000  1.0000000000000000E+000  1.0000000000000000E+000  1.0000000000000000E+000
  1.0000000000000000E+000  1.0000000000000000E+000  1.0000000000000000E+000  1.0000000000000000E+000  1.0000000000000000E+000
  1.0000000000000000E+000  1.0000000000000000E+000  1.0000000000000000E+000  1.0000000000000000E+000  1.0000000000000000E+000
  1.0000000000000000E+000  1.0000000000000000E+000
BLOCK 115   7.5116617822801208E+000
  1.0000000000000000E+000  1.0000000000000000E+000  1.0000000000000000E+000  1.0000000000000000E+000  1.0000000000000000E+000
  1.0000000000000000E+000  1.0000000000000000E+000  1.0000000000000000E+000  1.0000000000000000E+000  1.0000000000000000E+000
  1.0000000000000000E+000  1.0000000000000000E+000  1.0000000000000000E+000  1.0000000000000000E+000  1.0000000000000000E+000
  1.0000000000000000E+000  1.0000000000000000E+000  1.0000000000000000E+000  1.0000000000000000E+000  1.0000000000000000E+000
  1.0000000000000000E+000  1.0000000000000000E+000  1.0000000000000000E+000  1.0000000000000000E+000  1.0000000000000000E+000
  1.0000000000000000E+000  1.0000000000000000E+000  1.0000000000000000E+000  1.0000000000000000E+000  1.0000000000000000E+000
  1.0000000000000000E+000  1.0000000000000000E+000  1.0000000000000000E+000  1.0000000000000000E+000  1.0000000000000000E+000
  1.0000000000000000E+000  1.0000000000000000E+000  1.0000000000000000E+000  1.0000000000000000E+000  1.0000000000000000E+000
  1.0000000000000000E+000  1.0000000000000000E+000  1.0000000000000000E+000  1.0000000000000000E+000  1.0000000000000000E+000
  1.0000000000000000E+000  1.0000000000000000E+000  1.0000000000000000E+000  1.0000000000000000E+000  1.0000000000000000E+000
  1.0000000000000000E+000  1.0000000000000000E+000  1.0000000000000000E+000  1.0000000000000000E+000  1.0000000000000000E+000
  1.0000000000000000E+000  1.0000000000000000E+000  1.0000000000000000E+000  1.0000000000000000E+000  1.0000000000000000E+000
  1.0000000000000000E+000  1.0000000000000000E+000  1.0000000000000000E+000  1.0000000000000000E+000  1.0000000000000000E+000
  1.0000000000000000E+000  1.0000000000000000E+000  1.0000000000000000E+000  1.0000000000000000E+000  1.0000000000000000E+000
  1.0000000000000000E+000  1.0000000000000000E+000
BLOCK 116   7.5775535523001221E+000
  1.0000000000000000E+000  1.0000000000000000E+000  1.0000000000000000E+000  1.0000000000000000E+000  1.0000000000000000E+000
  1.0000000000000000E+000  1.0000000000000000E+000  1.0000000000000000E+000  1.0000000000000000E+000  1.0000000000000000E+000
  1.0000000000000000E+000  1.0000000000000000E+000  1.0000000000000000E+000  1.0000000000000000E+000  1.0000000000000000E+000
  1.0000000000000000E+000  1.0000000000000000E+000  1.0000000000000000E+000  1.0000000000000000E+000  1.0000000000000000E+000
  1.0000000000000000E+000  1.0000000000000000E+000  1.0000000000000000E+000  1.0000000000000000E+000  1.0000000000000000E+000
  1.0000000000000000E+000  1.0000000000000000E+000  1.0000000000000000E+000  1.0000000000000000E+000  1.0000000000000000E+000
  1.0000000000000000E+000  1.0000000000000000E+000  1.0000000000000000E+000  1.0000000000000000E+000  1.0000000000000000E+000
  1.0000000000000000E+000  1.0000000000000000E+000  1.0000000000000000E+000  1.0000000000000000E+000  1.0000000000000000E+000
  1.0000000000000000E+000  1.0000000000000000E+000  1.0000000000000000E+000  1.0000000000000000E+000  1.0000000000000000E+000
  1.0000000000000000E+000  1.0000000000000000E+000  1.0000000000000000E+000  1.0000000000000000E+000  1.0000000000000000E+000
  1.0000000000000000E+000  1.0000000000000000E+000  1.0000000000000000E+000  1.0000000000000000E+000  1.0000000000000000E+000
  1.0000000000000000E+000  1.0000000000000000E+000  1.0000000000000000E+000  1.0000000000000000E+000  1.0000000000000000E+000
  1.0000000000000000E+000  1.0000000000000000E+000  1.0000000000000000E+000  1.0000000000000000E+000  1.0000000000000000E+000
  1.0000000000000000E+000  1.0000000000000000E+000  1.0000000000000000E+000  1.0000000000000000E+000  1.0000000000000000E+000
  1.0000000000000000E+000  1.0000000000000000E+000
BLOCK 117   7.6434453223201233E+000
  1.0000000000000000E+000  1.0000000000000000E+000  1.0000000000000000E+000  1.0000000000000000E+000  1.0000000000000000E+000
  1.0000000000000000E+000  1.0000000000000000E+000  1.0000000000000000E+000  1.0000000000000000E+000  1.0000000000000000E+000
  1.0000000000000000E+000  1.0000000000000000E+000  1.0000000000000000E+000  1.0000000000000000E+000  1.0000000000000000E+000
  1.0000000000000000E+000  1.0000000000000000E+000  1.0000000000000000E+000  1.0000000000000000E+000  1.0000000000000000E+000
  1.0000000000000000E+000  1.0000000000000000E+000  1.0000000000000000E+000  1.0000000000000000E+000  1.0000000000000000E+000
  1.0000000000000000E+000  1.0000000000000000E+000  1.0000000000000000E+000  1.0000000000000000E+000  1.0000000000000000E+000
  1.0000000000000000E+000  1.0000000000000000E+000  1.0000000000000000E+000  1.0000000000000000E+000  1.0000000000000000E+000
  1.0000000000000000E+000  1.0000000000000000E+000  1.0000000000000000E+000  1.0000000000000000E+000  1.0000000000000000E+000
  1.0000000000000000E+000  1.0000000000000000E+000  1.0000000000000000E+000  1.0000000000000000E+000  1.0000000000000000E+000
  1.0000000000000000E+000  1.0000000000000000E+000  1.0000000000000000E+000  1.0000000000000000E+000  1.0000000000000000E+000
  1.0000000000000000E+000  1.0000000000000000E+000  1.0000000000000000E+000  1.0000000000000000E+000  1.0000000000000000E+000
  1.0000000000000000E+000  1.0000000000000000E+000  1.0000000000000000E+000  1.0000000000000000E+000  1.0000000000000000E+000
  1.0000000000000000E+000  1.0000000000000000E+000  1.0000000000000000E+000  1.0000000000000000E+000  1.0000000000000000E+000
  1.0000000000000000E+000  1.0000000000000000E+000  1.0000000000000000E+000  1.0000000000000000E+000  1.0000000000000000E+000
  1.0000000000000000E+000  1.0000000000000000E+000
BLOCK 118   7.7093370923401245E+000
  1.0000000000000000E+000  1.0000000000000000E+000  1.0000000000000000E+000  1.0000000000000000E+000  1.0000000000000000E+000
  1.0000000000000000E+000  1.0000000000000000E+000  1.0000000000000000E+000  1.0000000000000000E+000  1.0000000000000000E+000
  1.0000000000000000E+000  1.0000000000000000E+000  1.0000000000000000E+000  1.0000000000000000E+000  1.0000000000000000E+000
  1.0000000000000000E+000  1.0000000000000000E+000  1.0000000000000000E+000  1.0000000000000000E+000  1.0000000000000000E+000
  1.0000000000000000E+000  1.0000000000000000E+000  1.0000000000000000E+000  1.0000000000000000E+000  1.0000000000000000E+000
  1.0000000000000000E+000  1.0000000000000000E+000  1.0000000000000000E+000  1.0000000000000000E+000  1.0000000000000000E+000
  1.0000000000000000E+000  1.0000000000000000E+000  1.0000000000000000E+000  1.0000000000000000E+000  1.0000000000000000E+000
  1.0000000000000000E+000  1.0000000000000000E+000  1.0000000000000000E+000  1.0000000000000000E+000  1.0000000000000000E+000
  1.0000000000000000E+000  1.0000000000000000E+000  1.0000000000000000E+000  1.0000000000000000E+000  1.0000000000000000E+000
  1.0000000000000000E+000  1.0000000000000000E+000  1.0000000000000000E+000  1.0000000000000000E+000  1.0000000000000000E+000
  1.0000000000000000E+000  1.0000000000000000E+000  1.0000000000000000E+000  1.0000000000000000E+000  1.0000000000000000E+000
  1.0000000000000000E+000  1.0000000000000000E+000  1.0000000000000000E+000  1.0000000000000000E+000  1.0000000000000000E+000
  1.0000000000000000E+000  1.0000000000000000E+000  1.0000000000000000E+000  1.0000000000000000E+000  1.0000000000000000E+000
  1.0000000000000000E+000  1.0000000000000000E+000  1.0000000000000000E+000  1.0000000000000000E+000  1.0000000000000000E+000
  1.0000000000000000E+000  1.0000000000000000E+000
BLOCK 119   7.7752288623601258E+000
  1.0000000000000000E+000  1.0000000000000000E+000  1.0000000000000000E+000  1.0000000000000000E+000  1.0000000000000000E+000
  1.0000000000000000E+000  1.0000000000000000E+000  1.0000000000000000E+000  1.0000000000000000E+000  1.0000000000000000E+000
  1.0000000000000000E+000  1.0000000000000000E+000  1.0000000000000000E+000  1.0000000000000000E+000  1.0000000000000000E+000
  1.0000000000000000E+000  1.0000000000000000E+000  1.0000000000000000E+000  1.0000000000000000E+000  1.0000000000000000E+000
  1.0000000000000000E+000  1.0000000000000000E+000  1.0000000000000000E+000  1.0000000000000000E+000  1.0000000000000000E+000
  1.0000000000000000E+000  1.0000000000000000E+000  1.0000000000000000E+000  1.0000000000000000E+000  1.0000000000000000E+000
  1.0000000000000000E+000  1.0000000000000000E+000  1.0000000000000000E+000  1.0000000000000000E+000  1.0000000000000000E+000
  1.0000000000000000E+000  1.0000000000000000E+000  1.0000000000000000E+000  1.0000000000000000E+000  1.0000000000000000E+000
  1.0000000000000000E+000  1.0000000000000000E+000  1.0000000000000000E+000  1.0000000000000000E+000  1.0000000000000000E+000
  1.0000000000000000E+000  1.0000000000000000E+000  1.0000000000000000E+000  1.0000000000000000E+000  1.0000000000000000E+000
  1.0000000000000000E+000  1.0000000000000000E+000  1.0000000000000000E+000  1.0000000000000000E+000  1.0000000000000000E+000
  1.0000000000000000E+000  1.0000000000000000E+000  1.0000000000000000E+000  1.0000000000000000E+000  1.0000000000000000E+000
  1.0000000000000000E+000  1.0000000000000000E+000  1.0000000000000000E+000  1.0000000000000000E+000  1.0000000000000000E+000
  1.0000000000000000E+000  1.0000000000000000E+000  1.0000000000000000E+000  1.0000000000000000E+000  1.0000000000000000E+000
  1.0000000000000000E+000  1.0000000000000000E+000
BLOCK 120   7.8411206323801270E+000
  1.0000000000000000E+000  1.0000000000000000E+000  1.0000000000000000E+000  1.0000000000000000E+000  1.0000000000000000E+000
  1.0000000000000000E+000  1.0000000000000000E+000  1.0000000000000000E+000  1.0000000000000000E+000  1.0000000000000000E+000
  1.0000000000000000E+000  1.0000000000000000E+000  1.0000000000000000E+000  1.0000000000000000E+000  1.0000000000000000E+000
  1.0000000000000000E+000  1.0000000000000000E+000  1.0000000000000000E+000  1.0000000000000000E+000  1.0000000000000000E+000
  1.0000000000000000E+000  1.0000000000000000E+000  1.0000000000000000E+000  1.0000000000000000E+000  1.0000000000000000E+000
  1.0000000000000000E+000  1.0000000000000000E+000  1.0000000000000000E+000  1.0000000000000000E+000  1.0000000000000000E+000
  1.0000000000000000E+000  1.0000000000000000E+000  1.0000000000000000E+000  1.0000000000000000E+000  1.0000000000000000E+000
  1.0000000000000000E+000  1.0000000000000000E+000  1.0000000000000000E+000  1.0000000000000000E+000  1.0000000000000000E+000
  1.0000000000000000E+000  1.0000000000000000E+000  1.0000000000000000E+000  1.0000000000000000E+000  1.0000000000000000E+000
  1.0000000000000000E+000  1.0000000000000000E+000  1.0000000000000000E+000  1.0000000000000000E+000  1.0000000000000000E+000
  1.0000000000000000E+000  1.0000000000000000E+000  1.0000000000000000E+000  1.0000000000000000E+000  1.0000000000000000E+000
  1.0000000000000000E+000  1.0000000000000000E+000  1.0000000000000000E+000  1.0000000000000000E+000  1.0000000000000000E+000
  1.0000000000000000E+000  1.0000000000000000E+000  1.0000000000000000E+000  1.0000000000000000E+000  1.0000000000000000E+000
  1.0000000000000000E+000  1.0000000000000000E+000  1.0000000000000000E+000  1.0000000000000000E+000  1.0000000000000000E+000
  1.0000000000000000E+000  1.0000000000000000E+000
BLOCK 121   7.9070124024001283E+000
  1.0000000000000000E+000  1.0000000000000000E+000  1.0000000000000000E+000  1.0000000000000000E+000  1.0000000000000000E+000
  1.0000000000000000E+000  1.0000000000000000E+000  1.0000000000000000E+000  1.0000000000000000E+000  1.0000000000000000E+000
  1.0000000000000000E+000  1.0000000000000000E+000  1.0000000000000000E+000  1.0000000000000000E+000  1.0000000000000000E+000
  1.0000000000000000E+000  1.0000000000000000E+000  1.0000000000000000E+000  1.0000000000000000E+000  1.0000000000000000E+000
  1.0000000000000000E+000  1.0000000000000000E+000  1.0000000000000000E+000  1.0000000000000000E+000  1.0000000000000000E+000
  1.0000000000000000E+000  1.0000000000000000E+000  1.0000000000000000E+000  1.0000000000000000E+000  1.0000000000000000E+000
  1.0000000000000000E+000  1.0000000000000000E+000  1.0000000000000000E+000  1.0000000000000000E+000  1.0000000000000000E+000
  1.0000000000000000E+000  1.0000000000000000E+000  1.0000000000000000E+000  1.0000000000000000E+000  1.0000000000000000E+000
  1.0000000000000000E+000  1.0000000000000000E+000  1.0000000000000000E+000  1.0000000000000000E+000  1.0000000000000000E+000
  1.0000000000000000E+000  1.0000000000000000E+000  1.0000000000000000E+000  1.0000000000000000E+000  1.0000000000000000E+000
  1.0000000000000000E+000  1.0000000000000000E+000  1.0000000000000000E+000  1.0000000000000000E+000  1.0000000000000000E+000
  1.0000000000000000E+000  1.0000000000000000E+000  1.0000000000000000E+000  1.0000000000000000E+000  1.0000000000000000E+000
  1.0000000000000000E+000  1.0000000000000000E+000  1.0000000000000000E+000  1.0000000000000000E+000  1.0000000000000000E+000
  1.0000000000000000E+000  1.0000000000000000E+000  1.0000000000000000E+000  1.0000000000000000E+000  1.0000000000000000E+000
  1.0000000000000000E+000  1.0000000000000000E+000
BLOCK 122   7.9729041724201295E+000
  1.0000000000000000E+000  1.0000000000000000E+000  1.0000000000000000E+000  1.0000000000000000E+000  1.0000000000000000E+000
  1.0000000000000000E+000  1.0000000000000000E+000  1.0000000000000000E+000  1.0000000000000000E+000  1.0000000000000000E+000
  1.0000000000000000E+000  1.0000000000000000E+000  1.0000000000000000E+000  1.0000000000000000E+000  1.0000000000000000E+000
  1.0000000000000000E+000  1.0000000000000000E+000  1.0000000000000000E+000  1.0000000000000000E+000  1.0000000000000000E+000
  1.0000000000000000E+000  1.0000000000000000E+000  1.0000000000000000E+000  1.0000000000000000E+000  1.0000000000000000E+000
  1.0000000000000000E+000  1.0000000000000000E+000  1.0000000000000000E+000  1.0000000000000000E+000  1.0000000000000000E+000
  1.0000000000000000E+000  1.0000000000000000E+000  1.0000000000000000E+000  1.0000000000000000E+000  1.0000000000000000E+000
  1.0000000000000000E+000  1.0000000000000000E+000  1.0000000000000000E+000  1.0000000000000000E+000  1.0000000000000000E+000
  1.0000000000000000E+000  1.0000000000000000E+000  1.0000000000000000E+000  1.0000000000000000E+000  1.0000000000000000E+000
  1.0000000000000000E+000  1.0000000000000000E+000  1.0000000000000000E+000  1.0000000000000000E+000  1.0000000000000000E+000
  1.0000000000000000E+000  1.0000000000000000E+000  1.0000000000000000E+000  1.0000000000000000E+000  1.0000000000000000E+000
  1.0000000000000000E+000  1.0000000000000000E+000  1.0000000000000000E+000  1.0000000000000000E+000  1.0000000000000000E+000
  1.0000000000000000E+000  1.0000000000000000E+000  1.0000000000000000E+000  1.0000000000000000E+000  1.0000000000000000E+000
  1.0000000000000000E+000  1.0000000000000000E+000  1.0000000000000000E+000  1.0000000000000000E+000  1.0000000000000000E+000
  1.0000000000000000E+000  1.0000000000000000E+000
BLOCK 123   8.0387959424401227E+000
  1.0000000000000000E+000  1.0000000000000000E+000  1.0000000000000000E+000  1.0000000000000000E+000  1.0000000000000000E+000
  1.0000000000000000E+000  1.0000000000000000E+000  1.0000000000000000E+000  1.0000000000000000E+000  1.0000000000000000E+000
  1.0000000000000000E+000  1.0000000000000000E+000  1.0000000000000000E+000  1.0000000000000000E+000  1.0000000000000000E+000
  1.0000000000000000E+000  1.0000000000000000E+000  1.0000000000000000E+000  1.0000000000000000E+000  1.0000000000000000E+000
  1.0000000000000000E+000  1.0000000000000000E+000  1.0000000000000000E+000  1.0000000000000000E+000  1.0000000000000000E+000
  1.0000000000000000E+000  1.0000000000000000E+000  1.0000000000000000E+000  1.0000000000000000E+000  1.0000000000000000E+000
  1.0000000000000000E+000  1.0000000000000000E+000  1.0000000000000000E+000  1.0000000000000000E+000  1.0000000000000000E+000
  1.0000000000000000E+000  1.0000000000000000E+000  1.0000000000000000E+000  1.0000000000000000E+000  1.0000000000000000E+000
  1.0000000000000000E+000  1.0000000000000000E+000  1.0000000000000000E+000  1.0000000000000000E+000  1.0000000000000000E+000
  1.0000000000000000E+000  1.0000000000000000E+000  1.0000000000000000E+000  1.0000000000000000E+000  1.0000000000000000E+000
  1.0000000000000000E+000  1.0000000000000000E+000  1.0000000000000000E+000  1.0000000000000000E+000  1.0000000000000000E+000
  1.0000000000000000E+000  1.0000000000000000E+000  1.0000000000000000E+000  1.0000000000000000E+000  1.0000000000000000E+000
  1.0000000000000000E+000  1.0000000000000000E+000  1.0000000000000000E+000  1.0000000000000000E+000  1.0000000000000000E+000
  1.0000000000000000E+000  1.0000000000000000E+000  1.0000000000000000E+000  1.0000000000000000E+000  1.0000000000000000E+000
  1.0000000000000000E+000  1.0000000000000000E+000
BLOCK 124   8.1046877124601107E+000
  1.0000000000000000E+000  1.0000000000000000E+000  1.0000000000000000E+000  1.0000000000000000E+000  1.0000000000000000E+000
  1.0000000000000000E+000  1.0000000000000000E+000  1.0000000000000000E+000  1.0000000000000000E+000  1.0000000000000000E+000
  1.0000000000000000E+000  1.0000000000000000E+000  1.0000000000000000E+000  1.0000000000000000E+000  1.0000000000000000E+000
  1.0000000000000000E+000  1.0000000000000000E+000  1.0000000000000000E+000  1.0000000000000000E+000  1.0000000000000000E+000
  1.0000000000000000E+000  1.0000000000000000E+000  1.0000000000000000E+000  1.0000000000000000E+000  1.0000000000000000E+000
  1.0000000000000000E+000  1.0000000000000000E+000  1.0000000000000000E+000  1.0000000000000000E+000  1.0000000000000000E+000
  1.0000000000000000E+000  1.0000000000000000E+000  1.0000000000000000E+000  1.0000000000000000E+000  1.0000000000000000E+000
  1.0000000000000000E+000  1.0000000000000000E+000  1.0000000000000000E+000  1.0000000000000000E+000  1.0000000000000000E+000
  1.0000000000000000E+000  1.0000000000000000E+000  1.0000000000000000E+000  1.0000000000000000E+000  1.0000000000000000E+000
  1.0000000000000000E+000  1.0000000000000000E+000  1.0000000000000000E+000  1.0000000000000000E+000  1.0000000000000000E+000
  1.0000000000000000E+000  1.0000000000000000E+000  1.0000000000000000E+000  1.0000000000000000E+000  1.0000000000000000E+000
  1.0000000000000000E+000  1.0000000000000000E+000  1.0000000000000000E+000  1.0000000000000000E+000  1.0000000000000000E+000
  1.0000000000000000E+000  1.0000000000000000E+000  1.0000000000000000E+000  1.0000000000000000E+000  1.0000000000000000E+000
  1.0000000000000000E+000  1.0000000000000000E+000  1.0000000000000000E+000  1.0000000000000000E+000  1.0000000000000000E+000
  1.0000000000000000E+000  1.0000000000000000E+000
BLOCK 125   8.1705794824800986E+000
  1.0000000000000000E+000  1.0000000000000000E+000  1.0000000000000000E+000  1.0000000000000000E+000  1.0000000000000000E+000
  1.0000000000000000E+000  1.0000000000000000E+000  1.0000000000000000E+000  1.0000000000000000E+000  1.0000000000000000E+000
  1.0000000000000000E+000  1.0000000000000000E+000  1.0000000000000000E+000  1.0000000000000000E+000  1.0000000000000000E+000
  1.0000000000000000E+000  1.0000000000000000E+000  1.0000000000000000E+000  1.0000000000000000E+000  1.0000000000000000E+000
  1.0000000000000000E+000  1.0000000000000000E+000  1.0000000000000000E+000  1.0000000000000000E+000  1.0000000000000000E+000
  1.0000000000000000E+000  1.0000000000000000E+000  1.0000000000000000E+000  1.0000000000000000E+000  1.0000000000000000E+000
  1.0000000000000000E+000  1.0000000000000000E+000  1.0000000000000000E+000  1.0000000000000000E+000  1.0000000000000000E+000
  1.0000000000000000E+000  1.0000000000000000E+000  1.0000000000000000E+000  1.0000000000000000E+000  1.0000000000000000E+000
  1.0000000000000000E+000  1.0000000000000000E+000  1.0000000000000000E+000  1.0000000000000000E+000  1.0000000000000000E+000
  1.0000000000000000E+000  1.0000000000000000E+000  1.0000000000000000E+000  1.0000000000000000E+000  1.0000000000000000E+000
  1.0000000000000000E+000  1.0000000000000000E+000  1.0000000000000000E+000  1.0000000000000000E+000  1.0000000000000000E+000
  1.0000000000000000E+000  1.0000000000000000E+000  1.0000000000000000E+000  1.0000000000000000E+000  1.0000000000000000E+000
  1.0000000000000000E+000  1.0000000000000000E+000  1.0000000000000000E+000  1.0000000000000000E+000  1.0000000000000000E+000
  1.0000000000000000E+000  1.0000000000000000E+000  1.0000000000000000E+000  1.0000000000000000E+000  1.0000000000000000E+000
  1.0000000000000000E+000  1.0000000000000000E+000
BLOCK 126   8.2364712525000865E+000
  1.0000000000000000E+000  1.0000000000000000E+000  1.0000000000000000E+000  1.0000000000000000E+000  1.0000000000000000E+000
  1.0000000000000000E+000  1.0000000000000000E+000  1.0000000000000000E+000  1.0000000000000000E+000  1.0000000000000000E+000
  1.0000000000000000E+000  1.0000000000000000E+000  1.0000000000000000E+000  1.0000000000000000E+000  1.0000000000000000E+000
  1.0000000000000000E+000  1.0000000000000000E+000  1.0000000000000000E+000  1.0000000000000000E+000  1.0000000000000000E+000
  1.0000000000000000E+000  1.0000000000000000E+000  1.0000000000000000E+000  1.0000000000000000E+000  1.0000000000000000E+000
  1.0000000000000000E+000  1.0000000000000000E+000  1.0000000000000000E+000  1.0000000000000000E+000  1.0000000000000000E+000
  1.0000000000000000E+000  1.0000000000000000E+000  1.0000000000000000E+000  1.0000000000000000E+000  1.0000000000000000E+000
  1.0000000000000000E+000  1.0000000000000000E+000  1.0000000000000000E+000  1.0000000000000000E+000  1.0000000000000000E+000
  1.0000000000000000E+000  1.0000000000000000E+000  1.0000000000000000E+000  1.0000000000000000E+000  1.0000000000000000E+000
  1.0000000000000000E+000  1.0000000000000000E+000  1.0000000000000000E+000  1.0000000000000000E+000  1.0000000000000000E+000
  1.0000000000000000E+000  1.0000000000000000E+000  1.0000000000000000E+000  1.0000000000000000E+000  1.0000000000000000E+000
  1.0000000000000000E+000  1.0000000000000000E+000  1.0000000000000000E+000  1.0000000000000000E+000  1.0000000000000000E+000
  1.0000000000000000E+000  1.0000000000000000E+000  1.0000000000000000E+000  1.0000000000000000E+000  1.0000000000000000E+000
  1.0000000000000000E+000  1.0000000000000000E+000  1.0000000000000000E+000  1.0000000000000000E+000  1.0000000000000000E+000
  1.0000000000000000E+000  1.0000000000000000E+000
BLOCK 127   8.3023630225200744E+000
  1.0000000000000000E+000  1.0000000000000000E+000  1.0000000000000000E+000  1.0000000000000000E+000  1.0000000000000000E+000
  1.0000000000000000E+000  1.0000000000000000E+000  1.0000000000000000E+000  1.0000000000000000E+000  1.0000000000000000E+000
  1.0000000000000000E+000  1.0000000000000000E+000  1.0000000000000000E+000  1.0000000000000000E+000  1.0000000000000000E+000
  1.0000000000000000E+000  1.0000000000000000E+000  1.0000000000000000E+000  1.0000000000000000E+000  1.0000000000000000E+000
  1.0000000000000000E+000  1.0000000000000000E+000  1.0000000000000000E+000  1.0000000000000000E+000  1.0000000000000000E+000
  1.0000000000000000E+000  1.0000000000000000E+000  1.0000000000000000E+000  1.0000000000000000E+000  1.0000000000000000E+000
  1.0000000000000000E+000  1.0000000000000000E+000  1.0000000000000000E+000  1.0000000000000000E+000  1.0000000000000000E+000
  1.0000000000000000E+000  1.0000000000000000E+000  1.0000000000000000E+000  1.0000000000000000E+000  1.0000000000000000E+000
  1.0000000000000000E+000  1.0000000000000000E+000  1.0000000000000000E+000  1.0000000000000000E+000  1.0000000000000000E+000
  1.0000000000000000E+000  1.0000000000000000E+000  1.0000000000000000E+000  1.0000000000000000E+000  1.0000000000000000E+000
  1.0000000000000000E+000  1.0000000000000000E+000  1.0000000000000000E+000  1.0000000000000000E+000  1.0000000000000000E+000
  1.0000000000000000E+000  1.0000000000000000E+000  1.0000000000000000E+000  1.0000000000000000E+000  1.0000000000000000E+000
  1.0000000000000000E+000  1.0000000000000000E+000  1.0000000000000000E+000  1.0000000000000000E+000  1.0000000000000000E+000
  1.0000000000000000E+000  1.0000000000000000E+000  1.0000000000000000E+000  1.0000000000000000E+000  1.0000000000000000E+000
  1.0000000000000000E+000  1.0000000000000000E+000
BLOCK 128   8.3682547925400623E+000
  1.0000000000000000E+000  1.0000000000000000E+000  1.0000000000000000E+000  1.0000000000000000E+000  1.0000000000000000E+000
  1.0000000000000000E+000  1.0000000000000000E+000  1.0000000000000000E+000  1.0000000000000000E+000  1.0000000000000000E+000
  1.0000000000000000E+000  1.0000000000000000E+000  1.0000000000000000E+000  1.0000000000000000E+000  1.0000000000000000E+000
  1.0000000000000000E+000  1.0000000000000000E+000  1.0000000000000000E+000  1.0000000000000000E+000  1.0000000000000000E+000
  1.0000000000000000E+000  1.0000000000000000E+000  1.0000000000000000E+000  1.0000000000000000E+000  1.0000000000000000E+000
  1.0000000000000000E+000  1.0000000000000000E+000  1.0000000000000000E+000  1.0000000000000000E+000  1.0000000000000000E+000
  1.0000000000000000E+000  1.0000000000000000E+000  1.0000000000000000E+000  1.0000000000000000E+000  1.0000000000000000E+000
  1.0000000000000000E+000  1.0000000000000000E+000  1.0000000000000000E+000  1.0000000000000000E+000  1.0000000000000000E+000
  1.0000000000000000E+000  1.0000000000000000E+000  1.0000000000000000E+000  1.0000000000000000E+000  1.0000000000000000E+000
  1.0000000000000000E+000  1.0000000000000000E+000  1.0000000000000000E+000  1.0000000000000000E+000  1.0000000000000000E+000
  1.0000000000000000E+000  1.0000000000000000E+000  1.0000000000000000E+000  1.0000000000000000E+000  1.0000000000000000E+000
  1.0000000000000000E+000  1.0000000000000000E+000  1.0000000000000000E+000  1.0000000000000000E+000  1.0000000000000000E+000
  1.0000000000000000E+000  1.0000000000000000E+000  1.0000000000000000E+000  1.0000000000000000E+000  1.0000000000000000E+000
  1.0000000000000000E+000  1.0000000000000000E+000  1.0000000000000000E+000  1.0000000000000000E+000  1.0000000000000000E+000
  1.0000000000000000E+000  1.0000000000000000E+000
BLOCK 129   8.4341465625600502E+000
  1.0000000000000000E+000  1.0000000000000000E+000  1.0000000000000000E+000  1.0000000000000000E+000  1.0000000000000000E+000
  1.0000000000000000E+000  1.0000000000000000E+000  1.0000000000000000E+000  1.0000000000000000E+000  1.0000000000000000E+000
  1.0000000000000000E+000  1.0000000000000000E+000  1.0000000000000000E+000  1.0000000000000000E+000  1.0000000000000000E+000
  1.0000000000000000E+000  1.0000000000000000E+000  1.0000000000000000E+000  1.0000000000000000E+000  1.0000000000000000E+000
  1.0000000000000000E+000  1.0000000000000000E+000  1.0000000000000000E+000  1.0000000000000000E+000  1.0000000000000000E+000
  1.0000000000000000E+000  1.0000000000000000E+000  1.0000000000000000E+000  1.0000000000000000E+000  1.0000000000000000E+000
  1.0000000000000000E+000  1.0000000000000000E+000  1.0000000000000000E+000  1.0000000000000000E+000  1.0000000000000000E+000
  1.0000000000000000E+000  1.0000000000000000E+000  1.0000000000000000E+000  1.0000000000000000E+000  1.0000000000000000E+000
  1.0000000000000000E+000  1.0000000000000000E+000  1.0000000000000000E+000  1.0000000000000000E+000  1.0000000000000000E+000
  1.0000000000000000E+000  1.0000000000000000E+000  1.0000000000000000E+000  1.0000000000000000E+000  1.0000000000000000E+000
  1.0000000000000000E+000  1.0000000000000000E+000  1.0000000000000000E+000  1.0000000000000000E+000  1.0000000000000000E+000
  1.0000000000000000E+000  1.0000000000000000E+000  1.0000000000000000E+000  1.0000000000000000E+000  1.0000000000000000E+000
  1.0000000000000000E+000  1.0000000000000000E+000  1.0000000000000000E+000  1.0000000000000000E+000  1.0000000000000000E+000
  1.0000000000000000E+000  1.0000000000000000E+000  1.0000000000000000E+000  1.0000000000000000E+000  1.0000000000000000E+000
  1.0000000000000000E+000  1.0000000000000000E+000
BLOCK 130   8.5000383325800382E+000
  1.0000000000000000E+000  1.0000000000000000E+000  1.0000000000000000E+000  1.0000000000000000E+000  1.0000000000000000E+000
  1.0000000000000000E+000  1.0000000000000000E+000  1.0000000000000000E+000  1.0000000000000000E+000  1.0000000000000000E+000
  1.0000000000000000E+000  1.0000000000000000E+000  1.0000000000000000E+000  1.0000000000000000E+000  1.0000000000000000E+000
  1.0000000000000000E+000  1.0000000000000000E+000  1.0000000000000000E+000  1.0000000000000000E+000  1.0000000000000000E+000
  1.0000000000000000E+000  1.0000000000000000E+000  1.0000000000000000E+000  1.0000000000000000E+000  1.0000000000000000E+000
  1.0000000000000000E+000  1.0000000000000000E+000  1.0000000000000000E+000  1.0000000000000000E+000  1.0000000000000000E+000
  1.0000000000000000E+000  1.0000000000000000E+000  1.0000000000000000E+000  1.0000000000000000E+000  1.0000000000000000E+000
  1.0000000000000000E+000  1.0000000000000000E+000  1.0000000000000000E+000  1.0000000000000000E+000  1.0000000000000000E+000
  1.0000000000000000E+000  1.0000000000000000E+000  1.0000000000000000E+000  1.0000000000000000E+000  1.0000000000000000E+000
  1.0000000000000000E+000  1.0000000000000000E+000  1.0000000000000000E+000  1.0000000000000000E+000  1.0000000000000000E+000
  1.0000000000000000E+000  1.0000000000000000E+000  1.0000000000000000E+000  1.0000000000000000E+000  1.0000000000000000E+000
  1.0000000000000000E+000  1.0000000000000000E+000  1.0000000000000000E+000  1.0000000000000000E+000  1.0000000000000000E+000
  1.0000000000000000E+000  1.0000000000000000E+000  1.0000000000000000E+000  1.0000000000000000E+000  1.0000000000000000E+000
  1.0000000000000000E+000  1.0000000000000000E+000  1.0000000000000000E+000  1.0000000000000000E+000  1.0000000000000000E+000
  1.0000000000000000E+000  1.0000000000000000E+000
BLOCK 131   8.5659301026000261E+000
  1.0000000000000000E+000  1.0000000000000000E+000  1.0000000000000000E+000  1.0000000000000000E+000  1.0000000000000000E+000
  1.0000000000000000E+000  1.0000000000000000E+000  1.0000000000000000E+000  1.0000000000000000E+000  1.0000000000000000E+000
  1.0000000000000000E+000  1.0000000000000000E+000  1.0000000000000000E+000  1.0000000000000000E+000  1.0000000000000000E+000
  1.0000000000000000E+000  1.0000000000000000E+000  1.0000000000000000E+000  1.0000000000000000E+000  1.0000000000000000E+000
  1.0000000000000000E+000  1.0000000000000000E+000  1.0000000000000000E+000  1.0000000000000000E+000  1.0000000000000000E+000
  1.0000000000000000E+000  1.0000000000000000E+000  1.0000000000000000E+000  1.0000000000000000E+000  1.0000000000000000E+000
  1.0000000000000000E+000  1.0000000000000000E+000  1.0000000000000000E+000  1.0000000000000000E+000  1.0000000000000000E+000
  1.0000000000000000E+000  1.0000000000000000E+000  1.0000000000000000E+000  1.0000000000000000E+000  1.0000000000000000E+000
  1.0000000000000000E+000  1.0000000000000000E+000  1.0000000000000000E+000  1.0000000000000000E+000  1.0000000000000000E+000
  1.0000000000000000E+000  1.0000000000000000E+000  1.0000000000000000E+000  1.0000000000000000E+000  1.0000000000000000E+000
  1.0000000000000000E+000  1.0000000000000000E+000  1.0000000000000000E+000  1.0000000000000000E+000  1.0000000000000000E+000
  1.0000000000000000E+000  1.0000000000000000E+000  1.0000000000000000E+000  1.0000000000000000E+000  1.0000000000000000E+000
  1.0000000000000000E+000  1.0000000000000000E+000  1.0000000000000000E+000  1.0000000000000000E+000  1.0000000000000000E+000
  1.0000000000000000E+000  1.0000000000000000E+000  1.0000000000000000E+000  1.0000000000000000E+000  1.0000000000000000E+000
  1.0000000000000000E+000  1.0000000000000000E+000
BLOCK 132   8.6318218726200140E+000
  1.0000000000000000E+000  1.0000000000000000E+000  1.0000000000000000E+000  1.0000000000000000E+000  1.0000000000000000E+000
  1.0000000000000000E+000  1.0000000000000000E+000  1.0000000000000000E+000  1.0000000000000000E+000  1.0000000000000000E+000
  1.0000000000000000E+000  1.0000000000000000E+000  1.0000000000000000E+000  1.0000000000000000E+000  1.0000000000000000E+000
  1.0000000000000000E+000  1.0000000000000000E+000  1.0000000000000000E+000  1.0000000000000000E+000  1.0000000000000000E+000
  1.0000000000000000E+000  1.0000000000000000E+000  1.0000000000000000E+000  1.0000000000000000E+000  1.0000000000000000E+000
  1.0000000000000000E+000  1.0000000000000000E+000  1.0000000000000000E+000  1.0000000000000000E+000  1.0000000000000000E+000
  1.0000000000000000E+000  1.0000000000000000E+000  1.0000000000000000E+000  1.0000000000000000E+000  1.0000000000000000E+000
  1.0000000000000000E+000  1.0000000000000000E+000  1.0000000000000000E+000  1.0000000000000000E+000  1.0000000000000000E+000
  1.0000000000000000E+000  1.0000000000000000E+000  1.0000000000000000E+000  1.0000000000000000E+000  1.0000000000000000E+000
  1.0000000000000000E+000  1.0000000000000000E+000  1.0000000000000000E+000  1.0000000000000000E+000  1.0000000000000000E+000
  1.0000000000000000E+000  1.0000000000000000E+000  1.0000000000000000E+000  1.0000000000000000E+000  1.0000000000000000E+000
  1.0000000000000000E+000  1.0000000000000000E+000  1.0000000000000000E+000  1.0000000000000000E+000  1.0000000000000000E+000
  1.0000000000000000E+000  1.0000000000000000E+000  1.0000000000000000E+000  1.0000000000000000E+000  1.0000000000000000E+000
  1.0000000000000000E+000  1.0000000000000000E+000  1.0000000000000000E+000  1.0000000000000000E+000  1.0000000000000000E+000
  1.0000000000000000E+000  1.0000000000000000E+000
BLOCK 133   8.6977136426400019E+000
  1.0000000000000000E+000  1.0000000000000000E+000  1.0000000000000000E+000  1.0000000000000000E+000  1.0000000000000000E+000
  1.0000000000000000E+000  1.0000000000000000E+000  1.0000000000000000E+000  1.0000000000000000E+000  1.0000000000000000E+000
  1.0000000000000000E+000  1.0000000000000000E+000  1.0000000000000000E+000  1.0000000000000000E+000  1.0000000000000000E+000
  1.0000000000000000E+000  1.0000000000000000E+000  1.0000000000000000E+000  1.0000000000000000E+000  1.0000000000000000E+000
  1.0000000000000000E+000  1.0000000000000000E+000  1.0000000000000000E+000  1.0000000000000000E+000  1.0000000000000000E+000
  1.0000000000000000E+000  1.0000000000000000E+000  1.0000000000000000E+000  1.0000000000000000E+000  1.0000000000000000E+000
  1.0000000000000000E+000  1.0000000000000000E+000  1.0000000000000000E+000  1.0000000000000000E+000  1.0000000000000000E+000
  1.0000000000000000E+000  1.0000000000000000E+000  1.0000000000000000E+000  1.0000000000000000E+000  1.0000000000000000E+000
  1.0000000000000000E+000  1.0000000000000000E+000  1.0000000000000000E+000  1.0000000000000000E+000  1.0000000000000000E+000
  1.0000000000000000E+000  1.0000000000000000E+000  1.0000000000000000E+000  1.0000000000000000E+000  1.0000000000000000E+000
  1.0000000000000000E+000  1.0000000000000000E+000  1.0000000000000000E+000  1.0000000000000000E+000  1.0000000000000000E+000
  1.0000000000000000E+000  1.0000000000000000E+000  1.0000000000000000E+000  1.0000000000000000E+000  1.0000000000000000E+000
  1.0000000000000000E+000  1.0000000000000000E+000  1.0000000000000000E+000  1.0000000000000000E+000  1.0000000000000000E+000
  1.0000000000000000E+000  1.0000000000000000E+000  1.0000000000000000E+000  1.0000000000000000E+000  1.0000000000000000E+000
  1.0000000000000000E+000  1.0000000000000000E+000
BLOCK 134   8.7636054126599898E+000
  1.0000000000000000E+000  1.0000000000000000E+000  1.0000000000000000E+000  1.0000000000000000E+000  1.0000000000000000E+000
  1.0000000000000000E+000  1.0000000000000000E+000  1.0000000000000000E+000  1.0000000000000000E+000  1.0000000000000000E+000
  1.0000000000000000E+000  1.0000000000000000E+000  1.0000000000000000E+000  1.0000000000000000E+000  1.0000000000000000E+000
  1.0000000000000000E+000  1.0000000000000000E+000  1.0000000000000000E+000  1.0000000000000000E+000  1.0000000000000000E+000
  1.0000000000000000E+000  1.0000000000000000E+000  1.0000000000000000E+000  1.0000000000000000E+000  1.0000000000000000E+000
  1.0000000000000000E+000  1.0000000000000000E+000  1.0000000000000000E+000  1.0000000000000000E+000  1.0000000000000000E+000
  1.0000000000000000E+000  1.0000000000000000E+000  1.0000000000000000E+000  1.0000000000000000E+000  1.0000000000000000E+000
  1.0000000000000000E+000  1.0000000000000000E+000  1.0000000000000000E+000  1.0000000000000000E+000  1.0000000000000000E+000
  1.0000000000000000E+000  1.0000000000000000E+000  1.0000000000000000E+000  1.0000000000000000E+000  1.0000000000000000E+000
  1.0000000000000000E+000  1.0000000000000000E+000  1.0000000000000000E+000  1.0000000000000000E+000  1.0000000000000000E+000
  1.0000000000000000E+000  1.0000000000000000E+000  1.0000000000000000E+000  1.0000000000000000E+000  1.0000000000000000E+000
  1.0000000000000000E+000  1.0000000000000000E+000  1.0000000000000000E+000  1.0000000000000000E+000  1.0000000000000000E+000
  1.0000000000000000E+000  1.0000000000000000E+000  1.0000000000000000E+000  1.0000000000000000E+000  1.0000000000000000E+000
  1.0000000000000000E+000  1.0000000000000000E+000  1.0000000000000000E+000  1.0000000000000000E+000  1.0000000000000000E+000
  1.0000000000000000E+000  1.0000000000000000E+000
BLOCK 135   8.8294971826799777E+000
  1.0000000000000000E+000  1.0000000000000000E+000  1.0000000000000000E+000  1.0000000000000000E+000  1.0000000000000000E+000
  1.0000000000000000E+000  1.0000000000000000E+000  1.0000000000000000E+000  1.0000000000000000E+000  1.0000000000000000E+000
  1.0000000000000000E+000  1.0000000000000000E+000  1.0000000000000000E+000  1.0000000000000000E+000  1.0000000000000000E+000
  1.0000000000000000E+000  1.0000000000000000E+000  1.0000000000000000E+000  1.0000000000000000E+000  1.0000000000000000E+000
  1.0000000000000000E+000  1.0000000000000000E+000  1.0000000000000000E+000  1.0000000000000000E+000  1.0000000000000000E+000
  1.0000000000000000E+000  1.0000000000000000E+000  1.0000000000000000E+000  1.0000000000000000E+000  1.0000000000000000E+000
  1.0000000000000000E+000  1.0000000000000000E+000  1.0000000000000000E+000  1.0000000000000000E+000  1.0000000000000000E+000
  1.0000000000000000E+000  1.0000000000000000E+000  1.0000000000000000E+000  1.0000000000000000E+000  1.0000000000000000E+000
  1.0000000000000000E+000  1.0000000000000000E+000  1.0000000000000000E+000  1.0000000000000000E+000  1.0000000000000000E+000
  1.0000000000000000E+000  1.0000000000000000E+000  1.0000000000000000E+000  1.0000000000000000E+000  1.0000000000000000E+000
  1.0000000000000000E+000  1.0000000000000000E+000  1.0000000000000000E+000  1.0000000000000000E+000  1.0000000000000000E+000
  1.0000000000000000E+000  1.0000000000000000E+000  1.0000000000000000E+000  1.0000000000000000E+000  1.0000000000000000E+000
  1.0000000000000000E+000  1.0000000000000000E+000  1.0000000000000000E+000  1.0000000000000000E+000  1.0000000000000000E+000
  1.0000000000000000E+000  1.0000000000000000E+000  1.0000000000000000E+000  1.0000000000000000E+000  1.0000000000000000E+000
  1.0000000000000000E+000  1.0000000000000000E+000
BLOCK 136   8.8953889526999657E+000
  1.0000000000000000E+000  1.0000000000000000E+000  1.0000000000000000E+000  1.0000000000000000E+000  1.0000000000000000E+000
  1.0000000000000000E+000  1.0000000000000000E+000  1.0000000000000000E+000  1.0000000000000000E+000  1.0000000000000000E+000
  1.0000000000000000E+000  1.0000000000000000E+000  1.0000000000000000E+000  1.0000000000000000E+000  1.0000000000000000E+000
  1.0000000000000000E+000  1.0000000000000000E+000  1.0000000000000000E+000  1.0000000000000000E+000  1.0000000000000000E+000
  1.0000000000000000E+000  1.0000000000000000E+000  1.0000000000000000E+000  1.0000000000000000E+000  1.0000000000000000E+000
  1.0000000000000000E+000  1.0000000000000000E+000  1.0000000000000000E+000  1.0000000000000000E+000  1.0000000000000000E+000
  1.0000000000000000E+000  1.0000000000000000E+000  1.0000000000000000E+000  1.0000000000000000E+000  1.0000000000000000E+000
  1.0000000000000000E+000  1.0000000000000000E+000  1.0000000000000000E+000  1.0000000000000000E+000  1.0000000000000000E+000
  1.0000000000000000E+000  1.0000000000000000E+000  1.0000000000000000E+000  1.0000000000000000E+000  1.0000000000000000E+000
  1.0000000000000000E+000  1.0000000000000000E+000  1.0000000000000000E+000  1.0000000000000000E+000  1.0000000000000000E+000
  1.0000000000000000E+000  1.0000000000000000E+000  1.0000000000000000E+000  1.0000000000000000E+000  1.0000000000000000E+000
  1.0000000000000000E+000  1.0000000000000000E+000  1.0000000000000000E+000  1.0000000000000000E+000  1.0000000000000000E+000
  1.0000000000000000E+000  1.0000000000000000E+000  1.0000000000000000E+000  1.0000000000000000E+000  1.0000000000000000E+000
  1.0000000000000000E+000  1.0000000000000000E+000  1.0000000000000000E+000  1.0000000000000000E+000  1.0000000000000000E+000
  1.0000000000000000E+000  1.0000000000000000E+000
BLOCK 137   8.9612807227199536E+000
  1.0000000000000000E+000  1.0000000000000000E+000  1.0000000000000000E+000  1.0000000000000000E+000  1.0000000000000000E+000
  1.0000000000000000E+000  1.0000000000000000E+000  1.0000000000000000E+000  1.0000000000000000E+000  1.0000000000000000E+000
  1.0000000000000000E+000  1.0000000000000000E+000  1.0000000000000000E+000  1.0000000000000000E+000  1.0000000000000000E+000
  1.0000000000000000E+000  1.0000000000000000E+000  1.0000000000000000E+000  1.0000000000000000E+000  1.0000000000000000E+000
  1.0000000000000000E+000  1.0000000000000000E+000  1.0000000000000000E+000  1.0000000000000000E+000  1.0000000000000000E+000
  1.0000000000000000E+000  1.0000000000000000E+000  1.0000000000000000E+000  1.0000000000000000E+000  1.0000000000000000E+000
  1.0000000000000000E+000  1.0000000000000000E+000  1.0000000000000000E+000  1.0000000000000000E+000  1.0000000000000000E+000
  1.0000000000000000E+000  1.0000000000000000E+000  1.0000000000000000E+000  1.0000000000000000E+000  1.0000000000000000E+000
  1.0000000000000000E+000  1.0000000000000000E+000  1.0000000000000000E+000  1.0000000000000000E+000  1.0000000000000000E+000
  1.0000000000000000E+000  1.0000000000000000E+000  1.0000000000000000E+000  1.0000000000000000E+000  1.0000000000000000E+000
  1.0000000000000000E+000  1.0000000000000000E+000  1.0000000000000000E+000  1.0000000000000000E+000  1.0000000000000000E+000
  1.0000000000000000E+000  1.0000000000000000E+000  1.0000000000000000E+000  1.0000000000000000E+000  1.0000000000000000E+000
  1.0000000000000000E+000  1.0000000000000000E+000  1.0000000000000000E+000  1.0000000000000000E+000  1.0000000000000000E+000
  1.0000000000000000E+000  1.0000000000000000E+000  1.0000000000000000E+000  1.0000000000000000E+000  1.0000000000000000E+000
  1.0000000000000000E+000  1.0000000000000000E+000
BLOCK 138   9.0271724927399415E+000
  1.0000000000000000E+000  1.0000000000000000E+000  1.0000000000000000E+000  1.0000000000000000E+000  1.0000000000000000E+000
  1.0000000000000000E+000  1.0000000000000000E+000  1.0000000000000000E+000  1.0000000000000000E+000  1.0000000000000000E+000
  1.0000000000000000E+000  1.0000000000000000E+000  1.0000000000000000E+000  1.0000000000000000E+000  1.0000000000000000E+000
  1.0000000000000000E+000  1.0000000000000000E+000  1.0000000000000000E+000  1.0000000000000000E+000  1.0000000000000000E+000
  1.0000000000000000E+000  1.0000000000000000E+000  1.0000000000000000E+000  1.0000000000000000E+000  1.0000000000000000E+000
  1.0000000000000000E+000  1.0000000000000000E+000  1.0000000000000000E+000  1.0000000000000000E+000  1.0000000000000000E+000
  1.0000000000000000E+000  1.0000000000000000E+000  1.0000000000000000E+000  1.0000000000000000E+000  1.0000000000000000E+000
  1.0000000000000000E+000  1.0000000000000000E+000  1.0000000000000000E+000  1.0000000000000000E+000  1.0000000000000000E+000
  1.0000000000000000E+000  1.0000000000000000E+000  1.0000000000000000E+000  1.0000000000000000E+000  1.0000000000000000E+000
  1.0000000000000000E+000  1.0000000000000000E+000  1.0000000000000000E+000  1.0000000000000000E+000  1.0000000000000000E+000
  1.0000000000000000E+000  1.0000000000000000E+000  1.0000000000000000E+000  1.0000000000000000E+000  1.0000000000000000E+000
  1.0000000000000000E+000  1.0000000000000000E+000  1.0000000000000000E+000  1.0000000000000000E+000  1.0000000000000000E+000
  1.0000000000000000E+000  1.0000000000000000E+000  1.0000000000000000E+000  1.0000000000000000E+000  1.0000000000000000E+000
  1.0000000000000000E+000  1.0000000000000000E+000  1.0000000000000000E+000  1.0000000000000000E+000  1.0000000000000000E+000
  1.0000000000000000E+000  1.0000000000000000E+000
BLOCK 139   9.0930642627599294E+000
  1.0000000000000000E+000  1.0000000000000000E+000  1.0000000000000000E+000  1.0000000000000000E+000  1.0000000000000000E+000
  1.0000000000000000E+000  1.0000000000000000E+000  1.0000000000000000E+000  1.0000000000000000E+000  1.0000000000000000E+000
  1.0000000000000000E+000  1.0000000000000000E+000  1.0000000000000000E+000  1.0000000000000000E+000  1.0000000000000000E+000
  1.0000000000000000E+000  1.0000000000000000E+000  1.0000000000000000E+000  1.0000000000000000E+000  1.0000000000000000E+000
  1.0000000000000000E+000  1.0000000000000000E+000  1.0000000000000000E+000  1.0000000000000000E+000  1.0000000000000000E+000
  1.0000000000000000E+000  1.0000000000000000E+000  1.0000000000000000E+000  1.0000000000000000E+000  1.0000000000000000E+000
  1.0000000000000000E+000  1.0000000000000000E+000  1.0000000000000000E+000  1.0000000000000000E+000  1.0000000000000000E+000
  1.0000000000000000E+000  1.0000000000000000E+000  1.0000000000000000E+000  1.0000000000000000E+000  1.0000000000000000E+000
  1.0000000000000000E+000  1.0000000000000000E+000  1.0000000000000000E+000  1.0000000000000000E+000  1.0000000000000000E+000
  1.0000000000000000E+000  1.0000000000000000E+000  1.0000000000000000E+000  1.0000000000000000E+000  1.0000000000000000E+000
  1.0000000000000000E+000  1.0000000000000000E+000  1.0000000000000000E+000  1.0000000000000000E+000  1.0000000000000000E+000
  1.0000000000000000E+000  1.0000000000000000E+000  1.0000000000000000E+000  1.0000000000000000E+000  1.0000000000000000E+000
  1.0000000000000000E+000  1.0000000000000000E+000  1.0000000000000000E+000  1.0000000000000000E+000  1.0000000000000000E+000
  1.0000000000000000E+000  1.0000000000000000E+000  1.0000000000000000E+000  1.0000000000000000E+000  1.0000000000000000E+000
  1.0000000000000000E+000  1.0000000000000000E+000
BLOCK 140   9.1589560327799173E+000
  1.0000000000000000E+000  1.0000000000000000E+000  1.0000000000000000E+000  1.0000000000000000E+000  1.0000000000000000E+000
  1.0000000000000000E+000  1.0000000000000000E+000  1.0000000000000000E+000  1.0000000000000000E+000  1.0000000000000000E+000
  1.0000000000000000E+000  1.0000000000000000E+000  1.0000000000000000E+000  1.0000000000000000E+000  1.0000000000000000E+000
  1.0000000000000000E+000  1.0000000000000000E+000  1.0000000000000000E+000  1.0000000000000000E+000  1.0000000000000000E+000
  1.0000000000000000E+000  1.0000000000000000E+000  1.0000000000000000E+000  1.0000000000000000E+000  1.0000000000000000E+000
  1.0000000000000000E+000  1.0000000000000000E+000  1.0000000000000000E+000  1.0000000000000000E+000  1.0000000000000000E+000
  1.0000000000000000E+000  1.0000000000000000E+000  1.0000000000000000E+000  1.0000000000000000E+000  1.0000000000000000E+000
  1.0000000000000000E+000  1.0000000000000000E+000  1.0000000000000000E+000  1.0000000000000000E+000  1.0000000000000000E+000
  1.0000000000000000E+000  1.0000000000000000E+000  1.0000000000000000E+000  1.0000000000000000E+000  1.0000000000000000E+000
  1.0000000000000000E+000  1.0000000000000000E+000  1.0000000000000000E+000  1.0000000000000000E+000  1.0000000000000000E+000
  1.0000000000000000E+000  1.0000000000000000E+000  1.0000000000000000E+000  1.0000000000000000E+000  1.0000000000000000E+000
  1.0000000000000000E+000  1.0000000000000000E+000  1.0000000000000000E+000  1.0000000000000000E+000  1.0000000000000000E+000
  1.0000000000000000E+000  1.0000000000000000E+000  1.0000000000000000E+000  1.0000000000000000E+000  1.0000000000000000E+000
  1.0000000000000000E+000  1.0000000000000000E+000  1.0000000000000000E+000  1.0000000000000000E+000  1.0000000000000000E+000
  1.0000000000000000E+000  1.0000000000000000E+000
BLOCK 141   9.2248478027999052E+000
  1.0000000000000000E+000  1.0000000000000000E+000  1.0000000000000000E+000  1.0000000000000000E+000  1.0000000000000000E+000
  1.0000000000000000E+000  1.0000000000000000E+000  1.0000000000000000E+000  1.0000000000000000E+000  1.0000000000000000E+000
  1.0000000000000000E+000  1.0000000000000000E+000  1.0000000000000000E+000  1.0000000000000000E+000  1.0000000000000000E+000
  1.0000000000000000E+000  1.0000000000000000E+000  1.0000000000000000E+000  1.0000000000000000E+000  1.0000000000000000E+000
  1.0000000000000000E+000  1.0000000000000000E+000  1.0000000000000000E+000  1.0000000000000000E+000  1.0000000000000000E+000
  1.0000000000000000E+000  1.0000000000000000E+000  1.0000000000000000E+000  1.0000000000000000E+000  1.0000000000000000E+000
  1.0000000000000000E+000  1.0000000000000000E+000  1.0000000000000000E+000  1.0000000000000000E+000  1.0000000000000000E+000
  1.0000000000000000E+000  1.0000000000000000E+000  1.0000000000000000E+000  1.0000000000000000E+000  1.0000000000000000E+000
  1.0000000000000000E+000  1.0000000000000000E+000  1.0000000000000000E+000  1.0000000000000000E+000  1.0000000000000000E+000
  1.0000000000000000E+000  1.0000000000000000E+000  1.0000000000000000E+000  1.0000000000000000E+000  1.0000000000000000E+000
  1.0000000000000000E+000  1.0000000000000000E+000  1.0000000000000000E+000  1.0000000000000000E+000  1.0000000000000000E+000
  1.0000000000000000E+000  1.0000000000000000E+000  1.0000000000000000E+000  1.0000000000000000E+000  1.0000000000000000E+000
  1.0000000000000000E+000  1.0000000000000000E+000  1.0000000000000000E+000  1.0000000000000000E+000  1.0000000000000000E+000
  1.0000000000000000E+000  1.0000000000000000E+000  1.0000000000000000E+000  1.0000000000000000E+000  1.0000000000000000E+000
  1.0000000000000000E+000  1.0000000000000000E+000
BLOCK 142   9.2907395728198932E+000
  1.0000000000000000E+000  1.0000000000000000E+000  1.0000000000000000E+000  1.0000000000000000E+000  1.0000000000000000E+000
  1.0000000000000000E+000  1.0000000000000000E+000  1.0000000000000000E+000  1.0000000000000000E+000  1.0000000000000000E+000
  1.0000000000000000E+000  1.0000000000000000E+000  1.0000000000000000E+000  1.0000000000000000E+000  1.0000000000000000E+000
  1.0000000000000000E+000  1.0000000000000000E+000  1.0000000000000000E+000  1.0000000000000000E+000  1.0000000000000000E+000
  1.0000000000000000E+000  1.0000000000000000E+000  1.0000000000000000E+000  1.0000000000000000E+000  1.0000000000000000E+000
  1.0000000000000000E+000  1.0000000000000000E+000  1.0000000000000000E+000  1.0000000000000000E+000  1.0000000000000000E+000
  1.0000000000000000E+000  1.0000000000000000E+000  1.0000000000000000E+000  1.0000000000000000E+000  1.0000000000000000E+000
  1.0000000000000000E+000  1.0000000000000000E+000  1.0000000000000000E+000  1.0000000000000000E+000  1.0000000000000000E+000
  1.0000000000000000E+000  1.0000000000000000E+000  1.0000000000000000E+000  1.0000000000000000E+000  1.0000000000000000E+000
  1.0000000000000000E+000  1.0000000000000000E+000  1.0000000000000000E+000  1.0000000000000000E+000  1.0000000000000000E+000
  1.0000000000000000E+000  1.0000000000000000E+000  1.0000000000000000E+000  1.0000000000000000E+000  1.0000000000000000E+000
  1.0000000000000000E+000  1.0000000000000000E+000  1.0000000000000000E+000  1.0000000000000000E+000  1.0000000000000000E+000
  1.0000000000000000E+000  1.0000000000000000E+000  1.0000000000000000E+000  1.0000000000000000E+000  1.0000000000000000E+000
  1.0000000000000000E+000  1.0000000000000000E+000  1.0000000000000000E+000  1.0000000000000000E+000  1.0000000000000000E+000
  1.0000000000000000E+000  1.0000000000000000E+000
BLOCK 143   9.3566313428398811E+000
  1.0000000000000000E+000  1.0000000000000000E+000  1.0000000000000000E+000  1.0000000000000000E+000  1.0000000000000000E+000
  1.0000000000000000E+000  1.0000000000000000E+000  1.0000000000000000E+000  1.0000000000000000E+000  1.0000000000000000E+000
  1.0000000000000000E+000  1.0000000000000000E+000  1.0000000000000000E+000  1.0000000000000000E+000  1.0000000000000000E+000
  1.0000000000000000E+000  1.0000000000000000E+000  1.0000000000000000E+000  1.0000000000000000E+000  1.0000000000000000E+000
  1.0000000000000000E+000  1.0000000000000000E+000  1.0000000000000000E+000  1.0000000000000000E+000  1.0000000000000000E+000
  1.0000000000000000E+000  1.0000000000000000E+000  1.0000000000000000E+000  1.0000000000000000E+000  1.0000000000000000E+000
  1.0000000000000000E+000  1.0000000000000000E+000  1.0000000000000000E+000  1.0000000000000000E+000  1.0000000000000000E+000
  1.0000000000000000E+000  1.0000000000000000E+000  1.0000000000000000E+000  1.0000000000000000E+000  1.0000000000000000E+000
  1.0000000000000000E+000  1.0000000000000000E+000  1.0000000000000000E+000  1.0000000000000000E+000  1.0000000000000000E+000
  1.0000000000000000E+000  1.0000000000000000E+000  1.0000000000000000E+000  1.0000000000000000E+000  1.0000000000000000E+000
  1.0000000000000000E+000  1.0000000000000000E+000  1.0000000000000000E+000  1.0000000000000000E+000  1.0000000000000000E+000
  1.0000000000000000E+000  1.0000000000000000E+000  1.0000000000000000E+000  1.0000000000000000E+000  1.0000000000000000E+000
  1.0000000000000000E+000  1.0000000000000000E+000  1.0000000000000000E+000  1.0000000000000000E+000  1.0000000000000000E+000
  1.0000000000000000E+000  1.0000000000000000E+000  1.0000000000000000E+000  1.0000000000000000E+000  1.0000000000000000E+000
  1.0000000000000000E+000  1.0000000000000000E+000
BLOCK 144   9.4225231128598690E+000
  1.0000000000000000E+000  1.0000000000000000E+000  1.0000000000000000E+000  1.0000000000000000E+000  1.0000000000000000E+000
  1.0000000000000000E+000  1.0000000000000000E+000  1.0000000000000000E+000  1.0000000000000000E+000  1.0000000000000000E+000
  1.0000000000000000E+000  1.0000000000000000E+000  1.0000000000000000E+000  1.0000000000000000E+000  1.0000000000000000E+000
  1.0000000000000000E+000  1.0000000000000000E+000  1.0000000000000000E+000  1.0000000000000000E+000  1.0000000000000000E+000
  1.0000000000000000E+000  1.0000000000000000E+000  1.0000000000000000E+000  1.0000000000000000E+000  1.0000000000000000E+000
  1.0000000000000000E+000  1.0000000000000000E+000  1.0000000000000000E+000  1.0000000000000000E+000  1.0000000000000000E+000
  1.0000000000000000E+000  1.0000000000000000E+000  1.0000000000000000E+000  1.0000000000000000E+000  1.0000000000000000E+000
  1.0000000000000000E+000  1.0000000000000000E+000  1.0000000000000000E+000  1.0000000000000000E+000  1.0000000000000000E+000
  1.0000000000000000E+000  1.0000000000000000E+000  1.0000000000000000E+000  1.0000000000000000E+000  1.0000000000000000E+000
  1.0000000000000000E+000  1.0000000000000000E+000  1.0000000000000000E+000  1.0000000000000000E+000  1.0000000000000000E+000
  1.0000000000000000E+000  1.0000000000000000E+000  1.0000000000000000E+000  1.0000000000000000E+000  1.0000000000000000E+000
  1.0000000000000000E+000  1.0000000000000000E+000  1.0000000000000000E+000  1.0000000000000000E+000  1.0000000000000000E+000
  1.0000000000000000E+000  1.0000000000000000E+000  1.0000000000000000E+000  1.0000000000000000E+000  1.0000000000000000E+000
  1.0000000000000000E+000  1.0000000000000000E+000  1.0000000000000000E+000  1.0000000000000000E+000  1.0000000000000000E+000
  1.0000000000000000E+000  1.0000000000000000E+000
BLOCK 145   9.4884148828798569E+000
  1.0000000000000000E+000  1.0000000000000000E+000  1.0000000000000000E+000  1.0000000000000000E+000  1.0000000000000000E+000
  1.0000000000000000E+000  1.0000000000000000E+000  1.0000000000000000E+000  1.0000000000000000E+000  1.0000000000000000E+000
  1.0000000000000000E+000  1.0000000000000000E+000  1.0000000000000000E+000  1.0000000000000000E+000  1.0000000000000000E+000
  1.0000000000000000E+000  1.0000000000000000E+000  1.0000000000000000E+000  1.0000000000000000E+000  1.0000000000000000E+000
  1.0000000000000000E+000  1.0000000000000000E+000  1.0000000000000000E+000  1.0000000000000000E+000  1.0000000000000000E+000
  1.0000000000000000E+000  1.0000000000000000E+000  1.0000000000000000E+000  1.0000000000000000E+000  1.0000000000000000E+000
  1.0000000000000000E+000  1.0000000000000000E+000  1.0000000000000000E+000  1.0000000000000000E+000  1.0000000000000000E+000
  1.0000000000000000E+000  1.0000000000000000E+000  1.0000000000000000E+000  1.0000000000000000E+000  1.0000000000000000E+000
  1.0000000000000000E+000  1.0000000000000000E+000  1.0000000000000000E+000  1.0000000000000000E+000  1.0000000000000000E+000
  1.0000000000000000E+000  1.0000000000000000E+000  1.0000000000000000E+000  1.0000000000000000E+000  1.0000000000000000E+000
  1.0000000000000000E+000  1.0000000000000000E+000  1.0000000000000000E+000  1.0000000000000000E+000  1.0000000000000000E+000
  1.0000000000000000E+000  1.0000000000000000E+000  1.0000000000000000E+000  1.0000000000000000E+000  1.0000000000000000E+000
  1.0000000000000000E+000  1.0000000000000000E+000  1.0000000000000000E+000  1.0000000000000000E+000  1.0000000000000000E+000
  1.0000000000000000E+000  1.0000000000000000E+000  1.0000000000000000E+000  1.0000000000000000E+000  1.0000000000000000E+000
  1.0000000000000000E+000  1.0000000000000000E+000
BLOCK 146   9.5543066528998448E+000
  1.0000000000000000E+000  1.0000000000000000E+000  1.0000000000000000E+000  1.0000000000000000E+000  1.0000000000000000E+000
  1.0000000000000000E+000  1.0000000000000000E+000  1.0000000000000000E+000  1.0000000000000000E+000  1.0000000000000000E+000
  1.0000000000000000E+000  1.0000000000000000E+000  1.0000000000000000E+000  1.0000000000000000E+000  1.0000000000000000E+000
  1.0000000000000000E+000  1.0000000000000000E+000  1.0000000000000000E+000  1.0000000000000000E+000  1.0000000000000000E+000
  1.0000000000000000E+000  1.0000000000000000E+000  1.0000000000000000E+000  1.0000000000000000E+000  1.0000000000000000E+000
  1.0000000000000000E+000  1.0000000000000000E+000  1.0000000000000000E+000  1.0000000000000000E+000  1.0000000000000000E+000
  1.0000000000000000E+000  1.0000000000000000E+000  1.0000000000000000E+000  1.0000000000000000E+000  1.0000000000000000E+000
  1.0000000000000000E+000  1.0000000000000000E+000  1.0000000000000000E+000  1.0000000000000000E+000  1.0000000000000000E+000
  1.0000000000000000E+000  1.0000000000000000E+000  1.0000000000000000E+000  1.0000000000000000E+000  1.0000000000000000E+000
  1.0000000000000000E+000  1.0000000000000000E+000  1.0000000000000000E+000  1.0000000000000000E+000  1.0000000000000000E+000
  1.0000000000000000E+000  1.0000000000000000E+000  1.0000000000000000E+000  1.0000000000000000E+000  1.0000000000000000E+000
  1.0000000000000000E+000  1.0000000000000000E+000  1.0000000000000000E+000  1.0000000000000000E+000  1.0000000000000000E+000
  1.0000000000000000E+000  1.0000000000000000E+000  1.0000000000000000E+000  1.0000000000000000E+000  1.0000000000000000E+000
  1.0000000000000000E+000  1.0000000000000000E+000  1.0000000000000000E+000  1.0000000000000000E+000  1.0000000000000000E+000
  1.0000000000000000E+000  1.0000000000000000E+000
BLOCK 147   9.6201984229198327E+000
  1.0000000000000000E+000  1.0000000000000000E+000  1.0000000000000000E+000  1.0000000000000000E+000  1.0000000000000000E+000
  1.0000000000000000E+000  1.0000000000000000E+000  1.0000000000000000E+000  1.0000000000000000E+000  1.0000000000000000E+000
  1.0000000000000000E+000  1.0000000000000000E+000  1.0000000000000000E+000  1.0000000000000000E+000  1.0000000000000000E+000
  1.0000000000000000E+000  1.0000000000000000E+000  1.0000000000000000E+000  1.0000000000000000E+000  1.0000000000000000E+000
  1.0000000000000000E+000  1.0000000000000000E+000  1.0000000000000000E+000  1.0000000000000000E+000  1.0000000000000000E+000
  1.0000000000000000E+000  1.0000000000000000E+000  1.0000000000000000E+000  1.0000000000000000E+000  1.0000000000000000E+000
  1.0000000000000000E+000  1.0000000000000000E+000  1.0000000000000000E+000  1.0000000000000000E+000  1.0000000000000000E+000
  1.0000000000000000E+000  1.0000000000000000E+000  1.0000000000000000E+000  1.0000000000000000E+000  1.0000000000000000E+000
  1.0000000000000000E+000  1.0000000000000000E+000  1.0000000000000000E+000  1.0000000000000000E+000  1.0000000000000000E+000
  1.0000000000000000E+000  1.0000000000000000E+000  1.0000000000000000E+000  1.0000000000000000E+000  1.0000000000000000E+000
  1.0000000000000000E+000  1.0000000000000000E+000  1.0000000000000000E+000  1.0000000000000000E+000  1.0000000000000000E+000
  1.0000000000000000E+000  1.0000000000000000E+000  1.0000000000000000E+000  1.0000000000000000E+000  1.0000000000000000E+000
  1.0000000000000000E+000  1.0000000000000000E+000  1.0000000000000000E+000  1.0000000000000000E+000  1.0000000000000000E+000
  1.0000000000000000E+000  1.0000000000000000E+000  1.0000000000000000E+000  1.0000000000000000E+000  1.0000000000000000E+000
  1.0000000000000000E+000  1.0000000000000000E+000
BLOCK 148   9.6860901929398207E+000
  1.0000000000000000E+000  1.0000000000000000E+000  1.0000000000000000E+000  1.0000000000000000E+000  1.0000000000000000E+000
  1.0000000000000000E+000  1.0000000000000000E+000  1.0000000000000000E+000  1.0000000000000000E+000  1.0000000000000000E+000
  1.0000000000000000E+000  1.0000000000000000E+000  1.0000000000000000E+000  1.0000000000000000E+000  1.0000000000000000E+000
  1.0000000000000000E+000  1.0000000000000000E+000  1.0000000000000000E+000  1.0000000000000000E+000  1.0000000000000000E+000
  1.0000000000000000E+000  1.0000000000000000E+000  1.0000000000000000E+000  1.0000000000000000E+000  1.0000000000000000E+000
  1.0000000000000000E+000  1.0000000000000000E+000  1.0000000000000000E+000  1.0000000000000000E+000  1.0000000000000000E+000
  1.0000000000000000E+000  1.0000000000000000E+000  1.0000000000000000E+000  1.0000000000000000E+000  1.0000000000000000E+000
  1.0000000000000000E+000  1.0000000000000000E+000  1.0000000000000000E+000  1.0000000000000000E+000  1.0000000000000000E+000
  1.0000000000000000E+000  1.0000000000000000E+000  1.0000000000000000E+000  1.0000000000000000E+000  1.0000000000000000E+000
  1.0000000000000000E+000  1.0000000000000000E+000  1.0000000000000000E+000  1.0000000000000000E+000  1.0000000000000000E+000
  1.0000000000000000E+000  1.0000000000000000E+000  1.0000000000000000E+000  1.0000000000000000E+000  1.0000000000000000E+000
  1.0000000000000000E+000  1.0000000000000000E+000  1.0000000000000000E+000  1.0000000000000000E+000  1.0000000000000000E+000
  1.0000000000000000E+000  1.0000000000000000E+000  1.0000000000000000E+000  1.0000000000000000E+000  1.0000000000000000E+000
  1.0000000000000000E+000  1.0000000000000000E+000  1.0000000000000000E+000  1.0000000000000000E+000  1.0000000000000000E+000
  1.0000000000000000E+000  1.0000000000000000E+000
BLOCK 149   9.7519819629598086E+000
  1.0000000000000000E+000  1.0000000000000000E+000  1.0000000000000000E+000  1.0000000000000000E+000  1.0000000000000000E+000
  1.0000000000000000E+000  1.0000000000000000E+000  1.0000000000000000E+000  1.0000000000000000E+000  1.0000000000000000E+000
  1.0000000000000000E+000  1.0000000000000000E+000  1.0000000000000000E+000  1.0000000000000000E+000  1.0000000000000000E+000
  1.0000000000000000E+000  1.0000000000000000E+000  1.0000000000000000E+000  1.0000000000000000E+000  1.0000000000000000E+000
  1.0000000000000000E+000  1.0000000000000000E+000  1.0000000000000000E+000  1.0000000000000000E+000  1.0000000000000000E+000
  1.0000000000000000E+000  1.0000000000000000E+000  1.0000000000000000E+000  1.0000000000000000E+000  1.0000000000000000E+000
  1.0000000000000000E+000  1.0000000000000000E+000  1.0000000000000000E+000  1.0000000000000000E+000  1.0000000000000000E+000
  1.0000000000000000E+000  1.0000000000000000E+000  1.0000000000000000E+000  1.0000000000000000E+000  1.0000000000000000E+000
  1.0000000000000000E+000  1.0000000000000000E+000  1.0000000000000000E+000  1.0000000000000000E+000  1.0000000000000000E+000
  1.0000000000000000E+000  1.0000000000000000E+000  1.0000000000000000E+000  1.0000000000000000E+000  1.0000000000000000E+000
  1.0000000000000000E+000  1.0000000000000000E+000  1.0000000000000000E+000  1.0000000000000000E+000  1.0000000000000000E+000
  1.0000000000000000E+000  1.0000000000000000E+000  1.0000000000000000E+000  1.0000000000000000E+000  1.0000000000000000E+000
  1.0000000000000000E+000  1.0000000000000000E+000  1.0000000000000000E+000  1.0000000000000000E+000  1.0000000000000000E+000
  1.0000000000000000E+000  1.0000000000000000E+000  1.0000000000000000E+000  1.0000000000000000E+000  1.0000000000000000E+000
  1.0000000000000000E+000  1.0000000000000000E+000
BLOCK 150   9.8178737329797965E+000
  1.0000000000000000E+000  1.0000000000000000E+000  1.0000000000000000E+000  1.0000000000000000E+000  1.0000000000000000E+000
  1.0000000000000000E+000  1.0000000000000000E+000  1.0000000000000000E+000  1.0000000000000000E+000  1.0000000000000000E+000
  1.0000000000000000E+000  1.0000000000000000E+000  1.0000000000000000E+000  1.0000000000000000E+000  1.0000000000000000E+000
  1.0000000000000000E+000  1.0000000000000000E+000  1.0000000000000000E+000  1.0000000000000000E+000  1.0000000000000000E+000
  1.0000000000000000E+000  1.0000000000000000E+000  1.0000000000000000E+000  1.0000000000000000E+000  1.0000000000000000E+000
  1.0000000000000000E+000  1.0000000000000000E+000  1.0000000000000000E+000  1.0000000000000000E+000  1.0000000000000000E+000
  1.0000000000000000E+000  1.0000000000000000E+000  1.0000000000000000E+000  1.0000000000000000E+000  1.0000000000000000E+000
  1.0000000000000000E+000  1.0000000000000000E+000  1.0000000000000000E+000  1.0000000000000000E+000  1.0000000000000000E+000
  1.0000000000000000E+000  1.0000000000000000E+000  1.0000000000000000E+000  1.0000000000000000E+000  1.0000000000000000E+000
  1.0000000000000000E+000  1.0000000000000000E+000  1.0000000000000000E+000  1.0000000000000000E+000  1.0000000000000000E+000
  1.0000000000000000E+000  1.0000000000000000E+000  1.0000000000000000E+000  1.0000000000000000E+000  1.0000000000000000E+000
  1.0000000000000000E+000  1.0000000000000000E+000  1.0000000000000000E+000  1.0000000000000000E+000  1.0000000000000000E+000
  1.0000000000000000E+000  1.0000000000000000E+000  1.0000000000000000E+000  1.0000000000000000E+000  1.0000000000000000E+000
  1.0000000000000000E+000  1.0000000000000000E+000  1.0000000000000000E+000  1.0000000000000000E+000  1.0000000000000000E+000
  1.0000000000000000E+000  1.0000000000000000E+000
BLOCK 151   9.8837655029997844E+000
  1.0000000000000000E+000  1.0000000000000000E+000  1.0000000000000000E+000  1.0000000000000000E+000  1.0000000000000000E+000
  1.0000000000000000E+000  1.0000000000000000E+000  1.0000000000000000E+000  1.0000000000000000E+000  1.0000000000000000E+000
  1.0000000000000000E+000  1.0000000000000000E+000  1.0000000000000000E+000  1.0000000000000000E+000  1.0000000000000000E+000
  1.0000000000000000E+000  1.0000000000000000E+000  1.0000000000000000E+000  1.0000000000000000E+000  1.0000000000000000E+000
  1.0000000000000000E+000  1.0000000000000000E+000  1.0000000000000000E+000  1.0000000000000000E+000  1.0000000000000000E+000
  1.0000000000000000E+000  1.0000000000000000E+000  1.0000000000000000E+000  1.0000000000000000E+000  1.0000000000000000E+000
  1.0000000000000000E+000  1.0000000000000000E+000  1.0000000000000000E+000  1.0000000000000000E+000  1.0000000000000000E+000
  1.0000000000000000E+000  1.0000000000000000E+000  1.0000000000000000E+000  1.0000000000000000E+000  1.0000000000000000E+000
  1.0000000000000000E+000  1.0000000000000000E+000  1.0000000000000000E+000  1.0000000000000000E+000  1.0000000000000000E+000
  1.0000000000000000E+000  1.0000000000000000E+000  1.0000000000000000E+000  1.0000000000000000E+000  1.0000000000000000E+000
  1.0000000000000000E+000  1.0000000000000000E+000  1.0000000000000000E+000  1.0000000000000000E+000  1.0000000000000000E+000
  1.0000000000000000E+000  1.0000000000000000E+000  1.0000000000000000E+000  1.0000000000000000E+000  1.0000000000000000E+000
  1.0000000000000000E+000  1.0000000000000000E+000  1.0000000000000000E+000  1.0000000000000000E+000  1.0000000000000000E+000
  1.0000000000000000E+000  1.0000000000000000E+000  1.0000000000000000E+000  1.0000000000000000E+000  1.0000000000000000E+000
  1.0000000000000000E+000  1.0000000000000000E+000
BLOCK 152   9.9496572730197723E+000
  1.0000000000000000E+000  1.0000000000000000E+000  1.0000000000000000E+000  1.0000000000000000E+000  1.0000000000000000E+000
  1.0000000000000000E+000  1.0000000000000000E+000  1.0000000000000000E+000  1.0000000000000000E+000  1.0000000000000000E+000
  1.0000000000000000E+000  1.0000000000000000E+000  1.0000000000000000E+000  1.0000000000000000E+000  1.0000000000000000E+000
  1.0000000000000000E+000  1.0000000000000000E+000  1.0000000000000000E+000  1.0000000000000000E+000  1.0000000000000000E+000
  1.0000000000000000E+000  1.0000000000000000E+000  1.0000000000000000E+000  1.0000000000000000E+000  1.0000000000000000E+000
  1.0000000000000000E+000  1.0000000000000000E+000  1.0000000000000000E+000  1.0000000000000000E+000  1.0000000000000000E+000
  1.0000000000000000E+000  1.0000000000000000E+000  1.0000000000000000E+000  1.0000000000000000E+000  1.0000000000000000E+000
  1.0000000000000000E+000  1.0000000000000000E+000  1.0000000000000000E+000  1.0000000000000000E+000  1.0000000000000000E+000
  1.0000000000000000E+000  1.0000000000000000E+000  1.0000000000000000E+000  1.0000000000000000E+000  1.0000000000000000E+000
  1.0000000000000000E+000  1.0000000000000000E+000  1.0000000000000000E+000  1.0000000000000000E+000  1.0000000000000000E+000
  1.0000000000000000E+000  1.0000000000000000E+000  1.0000000000000000E+000  1.0000000000000000E+000  1.0000000000000000E+000
  1.0000000000000000E+000  1.0000000000000000E+000  1.0000000000000000E+000  1.0000000000000000E+000  1.0000000000000000E+000
  1.0000000000000000E+000  1.0000000000000000E+000  1.0000000000000000E+000  1.0000000000000000E+000  1.0000000000000000E+000
  1.0000000000000000E+000  1.0000000000000000E+000  1.0000000000000000E+000  1.0000000000000000E+000  1.0000000000000000E+000
  1.0000000000000000E+000  1.0000000000000000E+000
BLOCK 153   1.0015549043039760E+001
  1.0000000000000000E+000  1.0000000000000000E+000  1.0000000000000000E+000  1.0000000000000000E+000  1.0000000000000000E+000
  1.0000000000000000E+000  1.0000000000000000E+000  1.0000000000000000E+000  1.0000000000000000E+000  1.0000000000000000E+000
  1.0000000000000000E+000  1.0000000000000000E+000  1.0000000000000000E+000  1.0000000000000000E+000  1.0000000000000000E+000
  1.0000000000000000E+000  1.0000000000000000E+000  1.0000000000000000E+000  1.0000000000000000E+000  1.0000000000000000E+000
  1.0000000000000000E+000  1.0000000000000000E+000  1.0000000000000000E+000  1.0000000000000000E+000  1.0000000000000000E+000
  1.0000000000000000E+000  1.0000000000000000E+000  1.0000000000000000E+000  1.0000000000000000E+000  1.0000000000000000E+000
  1.0000000000000000E+000  1.0000000000000000E+000  1.0000000000000000E+000  1.0000000000000000E+000  1.0000000000000000E+000
  1.0000000000000000E+000  1.0000000000000000E+000  1.0000000000000000E+000  1.0000000000000000E+000  1.0000000000000000E+000
  1.0000000000000000E+000  1.0000000000000000E+000  1.0000000000000000E+000  1.0000000000000000E+000  1.0000000000000000E+000
  1.0000000000000000E+000  1.0000000000000000E+000  1.0000000000000000E+000  1.0000000000000000E+000  1.0000000000000000E+000
  1.0000000000000000E+000  1.0000000000000000E+000  1.0000000000000000E+000  1.0000000000000000E+000  1.0000000000000000E+000
  1.0000000000000000E+000  1.0000000000000000E+000  1.0000000000000000E+000  1.0000000000000000E+000  1.0000000000000000E+000
  1.0000000000000000E+000  1.0000000000000000E+000  1.0000000000000000E+000  1.0000000000000000E+000  1.0000000000000000E+000
  1.0000000000000000E+000  1.0000000000000000E+000  1.0000000000000000E+000  1.0000000000000000E+000  1.0000000000000000E+000
  1.0000000000000000E+000  1.0000000000000000E+000
BLOCK 154   1.0081440813059748E+001
  1.0000000000000000E+000  1.0000000000000000E+000  1.0000000000000000E+000  1.0000000000000000E+000  1.0000000000000000E+000
  1.0000000000000000E+000  1.0000000000000000E+000  1.0000000000000000E+000  1.0000000000000000E+000  1.0000000000000000E+000
  1.0000000000000000E+000  1.0000000000000000E+000  1.0000000000000000E+000  1.0000000000000000E+000  1.0000000000000000E+000
  1.0000000000000000E+000  1.0000000000000000E+000  1.0000000000000000E+000  1.0000000000000000E+000  1.0000000000000000E+000
  1.0000000000000000E+000  1.0000000000000000E+000  1.0000000000000000E+000  1.0000000000000000E+000  1.0000000000000000E+000
  1.0000000000000000E+000  1.0000000000000000E+000  1.0000000000000000E+000  1.0000000000000000E+000  1.0000000000000000E+000
  1.0000000000000000E+000  1.0000000000000000E+000  1.0000000000000000E+000  1.0000000000000000E+000  1.0000000000000000E+000
  1.0000000000000000E+000  1.0000000000000000E+000  1.0000000000000000E+000  1.0000000000000000E+000  1.0000000000000000E+000
  1.0000000000000000E+000  1.0000000000000000E+000  1.0000000000000000E+000  1.0000000000000000E+000  1.0000000000000000E+000
  1.0000000000000000E+000  1.0000000000000000E+000  1.0000000000000000E+000  1.0000000000000000E+000  1.0000000000000000E+000
  1.0000000000000000E+000  1.0000000000000000E+000  1.0000000000000000E+000  1.0000000000000000E+000  1.0000000000000000E+000
  1.0000000000000000E+000  1.0000000000000000E+000  1.0000000000000000E+000  1.0000000000000000E+000  1.0000000000000000E+000
  1.0000000000000000E+000  1.0000000000000000E+000  1.0000000000000000E+000  1.0000000000000000E+000  1.0000000000000000E+000
  1.0000000000000000E+000  1.0000000000000000E+000  1.0000000000000000E+000  1.0000000000000000E+000  1.0000000000000000E+000
  1.0000000000000000E+000  1.0000000000000000E+000
BLOCK 155   1.0147332583079736E+001
  1.0000000000000000E+000  1.0000000000000000E+000  1.0000000000000000E+000  1.0000000000000000E+000  1.0000000000000000E+000
  1.0000000000000000E+000  1.0000000000000000E+000  1.0000000000000000E+000  1.0000000000000000E+000  1.0000000000000000E+000
  1.0000000000000000E+000  1.0000000000000000E+000  1.0000000000000000E+000  1.0000000000000000E+000  1.0000000000000000E+000
  1.0000000000000000E+000  1.0000000000000000E+000  1.0000000000000000E+000  1.0000000000000000E+000  1.0000000000000000E+000
  1.0000000000000000E+000  1.0000000000000000E+000  1.0000000000000000E+000  1.0000000000000000E+000  1.0000000000000000E+000
  1.0000000000000000E+000  1.0000000000000000E+000  1.0000000000000000E+000  1.0000000000000000E+000  1.0000000000000000E+000
  1.0000000000000000E+000  1.0000000000000000E+000  1.0000000000000000E+000  1.0000000000000000E+000  1.0000000000000000E+000
  1.0000000000000000E+000  1.0000000000000000E+000  1.0000000000000000E+000  1.0000000000000000E+000  1.0000000000000000E+000
  1.0000000000000000E+000  1.0000000000000000E+000  1.0000000000000000E+000  1.0000000000000000E+000  1.0000000000000000E+000
  1.0000000000000000E+000  1.0000000000000000E+000  1.0000000000000000E+000  1.0000000000000000E+000  1.0000000000000000E+000
  1.0000000000000000E+000  1.0000000000000000E+000  1.0000000000000000E+000  1.0000000000000000E+000  1.0000000000000000E+000
  1.0000000000000000E+000  1.0000000000000000E+000  1.0000000000000000E+000  1.0000000000000000E+000  1.0000000000000000E+000
  1.0000000000000000E+000  1.0000000000000000E+000  1.0000000000000000E+000  1.0000000000000000E+000  1.0000000000000000E+000
  1.0000000000000000E+000  1.0000000000000000E+000  1.0000000000000000E+000  1.0000000000000000E+000  1.0000000000000000E+000
  1.0000000000000000E+000  1.0000000000000000E+000
BLOCK 156   1.0213224353099724E+001
  1.0000000000000000E+000  1.0000000000000000E+000  1.0000000000000000E+000  1.0000000000000000E+000  1.0000000000000000E+000
  1.0000000000000000E+000  1.0000000000000000E+000  1.0000000000000000E+000  1.0000000000000000E+000  1.0000000000000000E+000
  1.0000000000000000E+000  1.0000000000000000E+000  1.0000000000000000E+000  1.0000000000000000E+000  1.0000000000000000E+000
  1.0000000000000000E+000  1.0000000000000000E+000  1.0000000000000000E+000  1.0000000000000000E+000  1.0000000000000000E+000
  1.0000000000000000E+000  1.0000000000000000E+000  1.0000000000000000E+000  1.0000000000000000E+000  1.0000000000000000E+000
  1.0000000000000000E+000  1.0000000000000000E+000  1.0000000000000000E+000  1.0000000000000000E+000  1.0000000000000000E+000
  1.0000000000000000E+000  1.0000000000000000E+000  1.0000000000000000E+000  1.0000000000000000E+000  1.0000000000000000E+000
  1.0000000000000000E+000  1.0000000000000000E+000  1.0000000000000000E+000  1.0000000000000000E+000  1.0000000000000000E+000
  1.0000000000000000E+000  1.0000000000000000E+000  1.0000000000000000E+000  1.0000000000000000E+000  1.0000000000000000E+000
  1.0000000000000000E+000  1.0000000000000000E+000  1.0000000000000000E+000  1.0000000000000000E+000  1.0000000000000000E+000
  1.0000000000000000E+000  1.0000000000000000E+000  1.0000000000000000E+000  1.0000000000000000E+000  1.0000000000000000E+000
  1.0000000000000000E+000  1.0000000000000000E+000  1.0000000000000000E+000  1.0000000000000000E+000  1.0000000000000000E+000
  1.0000000000000000E+000  1.0000000000000000E+000  1.0000000000000000E+000  1.0000000000000000E+000  1.0000000000000000E+000
  1.0000000000000000E+000  1.0000000000000000E+000  1.0000000000000000E+000  1.0000000000000000E+000  1.0000000000000000E+000
  1.0000000000000000E+000  1.0000000000000000E+000
BLOCK 157   1.0279116123119712E+001
  1.0000000000000000E+000  1.0000000000000000E+000  1.0000000000000000E+000  1.0000000000000000E+000  1.0000000000000000E+000
  1.0000000000000000E+000  1.0000000000000000E+000  1.0000000000000000E+000  1.0000000000000000E+000  1.0000000000000000E+000
  1.0000000000000000E+000  1.0000000000000000E+000  1.0000000000000000E+000  1.0000000000000000E+000  1.0000000000000000E+000
  1.0000000000000000E+000  1.0000000000000000E+000  1.0000000000000000E+000  1.0000000000000000E+000  1.0000000000000000E+000
  1.0000000000000000E+000  1.0000000000000000E+000  1.0000000000000000E+000  1.0000000000000000E+000  1.0000000000000000E+000
  1.0000000000000000E+000  1.0000000000000000E+000  1.0000000000000000E+000  1.0000000000000000E+000  1.0000000000000000E+000
  1.0000000000000000E+000  1.0000000000000000E+000  1.0000000000000000E+000  1.0000000000000000E+000  1.0000000000000000E+000
  1.0000000000000000E+000  1.0000000000000000E+000  1.0000000000000000E+000  1.0000000000000000E+000  1.0000000000000000E+000
  1.0000000000000000E+000  1.0000000000000000E+000  1.0000000000000000E+000  1.0000000000000000E+000  1.0000000000000000E+000
  1.0000000000000000E+000  1.0000000000000000E+000  1.0000000000000000E+000  1.0000000000000000E+000  1.0000000000000000E+000
  1.0000000000000000E+000  1.0000000000000000E+000  1.0000000000000000E+000  1.0000000000000000E+000  1.0000000000000000E+000
  1.0000000000000000E+000  1.0000000000000000E+000  1.0000000000000000E+000  1.0000000000000000E+000  1.0000000000000000E+000
  1.0000000000000000E+000  1.0000000000000000E+000  1.0000000000000000E+000  1.0000000000000000E+000  1.0000000000000000E+000
  1.0000000000000000E+000  1.0000000000000000E+000  1.0000000000000000E+000  1.0000000000000000E+000  1.0000000000000000E+000
  1.0000000000000000E+000  1.0000000000000000E+000
BLOCK 158   1.0345007893139700E+001
  1.0000000000000000E+000  1.0000000000000000E+000  1.0000000000000000E+000  1.0000000000000000E+000  1.0000000000000000E+000
  1.0000000000000000E+000  1.0000000000000000E+000  1.0000000000000000E+000  1.0000000000000000E+000  1.0000000000000000E+000
  1.0000000000000000E+000  1.0000000000000000E+000  1.0000000000000000E+000  1.0000000000000000E+000  1.0000000000000000E+000
  1.0000000000000000E+000  1.0000000000000000E+000  1.0000000000000000E+000  1.0000000000000000E+000  1.0000000000000000E+000
  1.0000000000000000E+000  1.0000000000000000E+000  1.0000000000000000E+000  1.0000000000000000E+000  1.0000000000000000E+000
  1.0000000000000000E+000  1.0000000000000000E+000  1.0000000000000000E+000  1.0000000000000000E+000  1.0000000000000000E+000
  1.0000000000000000E+000  1.0000000000000000E+000  1.0000000000000000E+000  1.0000000000000000E+000  1.0000000000000000E+000
  1.0000000000000000E+000  1.0000000000000000E+000  1.0000000000000000E+000  1.0000000000000000E+000  1.0000000000000000E+000
  1.0000000000000000E+000  1.0000000000000000E+000  1.0000000000000000E+000  1.0000000000000000E+000  1.0000000000000000E+000
  1.0000000000000000E+000  1.0000000000000000E+000  1.0000000000000000E+000  1.0000000000000000E+000  1.0000000000000000E+000
  1.0000000000000000E+000  1.0000000000000000E+000  1.0000000000000000E+000  1.0000000000000000E+000  1.0000000000000000E+000
  1.0000000000000000E+000  1.0000000000000000E+000  1.0000000000000000E+000  1.0000000000000000E+000  1.0000000000000000E+000
  1.0000000000000000E+000  1.0000000000000000E+000  1.0000000000000000E+000  1.0000000000000000E+000  1.0000000000000000E+000
  1.0000000000000000E+000  1.0000000000000000E+000  1.0000000000000000E+000  1.0000000000000000E+000  1.0000000000000000E+000
  1.0000000000000000E+000  1.0000000000000000E+000
BLOCK 159   1.0410899663159688E+001
  1.0000000000000000E+000  1.0000000000000000E+000  1.0000000000000000E+000  1.0000000000000000E+000  1.0000000000000000E+000
  1.0000000000000000E+000  1.0000000000000000E+000  1.0000000000000000E+000  1.0000000000000000E+000  1.0000000000000000E+000
  1.0000000000000000E+000  1.0000000000000000E+000  1.0000000000000000E+000  1.0000000000000000E+000  1.0000000000000000E+000
  1.0000000000000000E+000  1.0000000000000000E+000  1.0000000000000000E+000  1.0000000000000000E+000  1.0000000000000000E+000
  1.0000000000000000E+000  1.0000000000000000E+000  1.0000000000000000E+000  1.0000000000000000E+000  1.0000000000000000E+000
  1.0000000000000000E+000  1.0000000000000000E+000  1.0000000000000000E+000  1.0000000000000000E+000  1.0000000000000000E+000
  1.0000000000000000E+000  1.0000000000000000E+000  1.0000000000000000E+000  1.0000000000000000E+000  1.0000000000000000E+000
  1.0000000000000000E+000  1.0000000000000000E+000  1.0000000000000000E+000  1.0000000000000000E+000  1.0000000000000000E+000
  1.0000000000000000E+000  1.0000000000000000E+000  1.0000000000000000E+000  1.0000000000000000E+000  1.0000000000000000E+000
  1.0000000000000000E+000  1.0000000000000000E+000  1.0000000000000000E+000  1.0000000000000000E+000  1.0000000000000000E+000
  1.0000000000000000E+000  1.0000000000000000E+000  1.0000000000000000E+000  1.0000000000000000E+000  1.0000000000000000E+000
  1.0000000000000000E+000  1.0000000000000000E+000  1.0000000000000000E+000  1.0000000000000000E+000  1.0000000000000000E+000
  1.0000000000000000E+000  1.0000000000000000E+000  1.0000000000000000E+000  1.0000000000000000E+000  1.0000000000000000E+000
  1.0000000000000000E+000  1.0000000000000000E+000  1.0000000000000000E+000  1.0000000000000000E+000  1.0000000000000000E+000
  1.0000000000000000E+000  1.0000000000000000E+000
BLOCK 160   1.0476791433179676E+001
  1.0000000000000000E+000  1.0000000000000000E+000  1.0000000000000000E+000  1.0000000000000000E+000  1.0000000000000000E+000
  1.0000000000000000E+000  1.0000000000000000E+000  1.0000000000000000E+000  1.0000000000000000E+000  1.0000000000000000E+000
  1.0000000000000000E+000  1.0000000000000000E+000  1.0000000000000000E+000  1.0000000000000000E+000  1.0000000000000000E+000
  1.0000000000000000E+000  1.0000000000000000E+000  1.0000000000000000E+000  1.0000000000000000E+000  1.0000000000000000E+000
  1.0000000000000000E+000  1.0000000000000000E+000  1.0000000000000000E+000  1.0000000000000000E+000  1.0000000000000000E+000
  1.0000000000000000E+000  1.0000000000000000E+000  1.0000000000000000E+000  1.0000000000000000E+000  1.0000000000000000E+000
  1.0000000000000000E+000  1.0000000000000000E+000  1.0000000000000000E+000  1.0000000000000000E+000  1.0000000000000000E+000
  1.0000000000000000E+000  1.0000000000000000E+000  1.0000000000000000E+000  1.0000000000000000E+000  1.0000000000000000E+000
  1.0000000000000000E+000  1.0000000000000000E+000  1.0000000000000000E+000  1.0000000000000000E+000  1.0000000000000000E+000
  1.0000000000000000E+000  1.0000000000000000E+000  1.0000000000000000E+000  1.0000000000000000E+000  1.0000000000000000E+000
  1.0000000000000000E+000  1.0000000000000000E+000  1.0000000000000000E+000  1.0000000000000000E+000  1.0000000000000000E+000
  1.0000000000000000E+000  1.0000000000000000E+000  1.0000000000000000E+000  1.0000000000000000E+000  1.0000000000000000E+000
  1.0000000000000000E+000  1.0000000000000000E+000  1.0000000000000000E+000  1.0000000000000000E+000  1.0000000000000000E+000
  1.0000000000000000E+000  1.0000000000000000E+000  1.0000000000000000E+000  1.0000000000000000E+000  1.0000000000000000E+000
  1.0000000000000000E+000  1.0000000000000000E+000
BLOCK 161   1.0542683203199664E+001
  1.0000000000000000E+000  1.0000000000000000E+000  1.0000000000000000E+000  1.0000000000000000E+000  1.0000000000000000E+000
  1.0000000000000000E+000  1.0000000000000000E+000  1.0000000000000000E+000  1.0000000000000000E+000  1.0000000000000000E+000
  1.0000000000000000E+000  1.0000000000000000E+000  1.0000000000000000E+000  1.0000000000000000E+000  1.0000000000000000E+000
  1.0000000000000000E+000  1.0000000000000000E+000  1.0000000000000000E+000  1.0000000000000000E+000  1.0000000000000000E+000
  1.0000000000000000E+000  1.0000000000000000E+000  1.0000000000000000E+000  1.0000000000000000E+000  1.0000000000000000E+000
  1.0000000000000000E+000  1.0000000000000000E+000  1.0000000000000000E+000  1.0000000000000000E+000  1.0000000000000000E+000
  1.0000000000000000E+000  1.0000000000000000E+000  1.0000000000000000E+000  1.0000000000000000E+000  1.0000000000000000E+000
  1.0000000000000000E+000  1.0000000000000000E+000  1.0000000000000000E+000  1.0000000000000000E+000  1.0000000000000000E+000
  1.0000000000000000E+000  1.0000000000000000E+000  1.0000000000000000E+000  1.0000000000000000E+000  1.0000000000000000E+000
  1.0000000000000000E+000  1.0000000000000000E+000  1.0000000000000000E+000  1.0000000000000000E+000  1.0000000000000000E+000
  1.0000000000000000E+000  1.0000000000000000E+000  1.0000000000000000E+000  1.0000000000000000E+000  1.0000000000000000E+000
  1.0000000000000000E+000  1.0000000000000000E+000  1.0000000000000000E+000  1.0000000000000000E+000  1.0000000000000000E+000
  1.0000000000000000E+000  1.0000000000000000E+000  1.0000000000000000E+000  1.0000000000000000E+000  1.0000000000000000E+000
  1.0000000000000000E+000  1.0000000000000000E+000  1.0000000000000000E+000  1.0000000000000000E+000  1.0000000000000000E+000
  1.0000000000000000E+000  1.0000000000000000E+000
BLOCK 162   1.0608574974392784E+001
  1.0000000000000000E+000  1.0000000000000000E+000  1.0000000000000000E+000  1.0000000000000000E+000  1.0000000000000000E+000
  1.0000000000000000E+000  1.0000000000000000E+000  1.0000000000000000E+000  1.0000000000000000E+000  1.0000000000000000E+000
  1.0000000000000000E+000  1.0000000000000000E+000  1.0000000000000000E+000  1.0000000000000000E+000  1.0000000000000000E+000
  1.0000000000000000E+000  1.0000000000000000E+000  1.0000000000000000E+000  1.0000000000000000E+000  1.0000000000000000E+000
  1.0000000000000000E+000  1.0000000000000000E+000  1.0000000000000000E+000  1.0000000000000000E+000  1.0000000000000000E+000
  1.0000000000000000E+000  1.0000000000000000E+000  1.0000000000000000E+000  1.0000000000000000E+000  1.0000000000000000E+000
  1.0000000000000000E+000  1.0000000000000000E+000  1.0000000000000000E+000  1.0000000000000000E+000  1.0000000000000000E+000
  1.0000000000000000E+000  1.0000000000000000E+000  1.0000000000000000E+000  1.0000000000000000E+000  1.0000000000000000E+000
  1.0000000000000000E+000  1.0000000000000000E+000  1.0000000000000000E+000  1.0000000000000000E+000  1.0000000000000000E+000
  1.0000000000000000E+000  1.0000000000000000E+000  1.0000000000000000E+000  1.0000000000000000E+000  1.0000000000000000E+000
  1.0000000000000000E+000  1.0000000000000000E+000  1.0000000000000000E+000  1.0000000000000000E+000  1.0000000000000000E+000
  1.0000000000000000E+000  1.0000000000000000E+000  1.0000000000000000E+000  1.0000000000000000E+000  1.0000000000000000E+000
  1.0000000000000000E+000  1.0000000000000000E+000  1.0000000000000000E+000  1.0000000000000000E+000  1.0000000000000000E+000
  1.0000000000000000E+000  1.0000000000000000E+000  1.0000000000000000E+000  1.0000000000000000E+000  1.0000000000000000E+000
  1.0000000000000000E+000  1.0000000000000000E+000
BLOCK 163   1.0608574974392800E+001
  1.0000000000000000E+000  1.0000000000000000E+000  1.0000000000000000E+000  1.0000000000000000E+000  1.0000000000000000E+000
  1.0000000000000000E+000  1.0000000000000000E+000  1.0000000000000000E+000  1.0000000000000000E+000  1.0000000000000000E+000
  1.0000000000000000E+000  1.0000000000000000E+000  1.0000000000000000E+000  1.0000000000000000E+000  1.0000000000000000E+000
  1.0000000000000000E+000  1.0000000000000000E+000  1.0000000000000000E+000  1.0000000000000000E+000  1.0000000000000000E+000
  1.0000000000000000E+000  1.0000000000000000E+000  1.0000000000000000E+000  1.0000000000000000E+000  1.0000000000000000E+000
  1.0000000000000000E+000  1.0000000000000000E+000  1.0000000000000000E+000  1.0000000000000000E+000  1.0000000000000000E+000
  1.0000000000000000E+000  1.0000000000000000E+000  1.0000000000000000E+000  1.0000000000000000E+000  1.0000000000000000E+000
  1.0000000000000000E+000  1.0000000000000000E+000  1.0000000000000000E+000  1.0000000000000000E+000  1.0000000000000000E+000
  1.0000000000000000E+000  1.0000000000000000E+000  1.0000000000000000E+000  1.0000000000000000E+000  1.0000000000000000E+000
  1.0000000000000000E+000  1.0000000000000000E+000  1.0000000000000000E+000  1.0000000000000000E+000  1.0000000000000000E+000
  1.0000000000000000E+000  1.0000000000000000E+000  1.0000000000000000E+000  1.0000000000000000E+000  1.0000000000000000E+000
  1.0000000000000000E+000  1.0000000000000000E+000  1.0000000000000000E+000  1.0000000000000000E+000  1.0000000000000000E+000
  1.0000000000000000E+000  1.0000000000000000E+000  1.0000000000000000E+000  1.0000000000000000E+000  1.0000000000000000E+000
  1.0000000000000000E+000  1.0000000000000000E+000  1.0000000000000000E+000  1.0000000000000000E+000  1.0000000000000000E+000
  1.0000000000000000E+000  1.0000000000000000E+000
END
