# LSA profile bundle v1
WAVELENGTH   3.1415926540000001E+001
NZ 256
NBLOCKS 124
Z
  6.1359231523437502E-002  1.8407769457031251E-001  3.0679615761718748E-001  4.2951462066406254E-001  5.5223308371093749E-001
  6.7495154675781255E-001  7.9767000980468750E-001  9.2038847285156256E-001  1.0431069358984375E+000  1.1658253989453125E+000
  1.2885438619921876E+000  1.4112623250390626E+000  1.5339807880859375E+000  1.6566992511328125E+000  1.7794177141796876E+000
  1.9021361772265626E+000  2.0248546402734378E+000  2.1475731033203127E+000  2.2702915663671877E+000  2.3930100294140626E+000
  2.5157284924609375E+000  2.6384469555078125E+000  2.7611654185546874E+000  2.8838838816015624E+000  3.0066023446484378E+000
  3.1293208076953127E+000  3.2520392707421877E+000  3.3747577337890626E+000  3.4974761968359376E+000  3.6201946598828125E+000
  3.7429131229296875E+000  3.8656315859765624E+000  3.9883500490234378E+000  4.1110685120703128E+000  4.2337869751171873E+000
  4.3565054381640627E+000  4.4792239012109381E+000  4.6019423642578126E+000  4.7246608273046879E+000  4.8473792903515625E+000
  4.9700977533984378E+000  5.0928162164453123E+000  5.2155346794921877E+000  5.3382531425390622E+000  5.4609716055859376E+000
  5.5836900686328130E+000  5.7064085316796875E+000  5.8291269947265629E+000  5.9518454577734374E+000  6.0745639208203128E+000
  6.1972823838671873E+000  6.3200008469140627E+000  6.4427193099609381E+000  6.5654377730078126E+000  6.6881562360546880E+000
  6.8108746991015625E+000  6.9335931621484379E+000  7.0563116251953124E+000  7.1790300882421878E+000  7.3017485512890623E+000
  7.4244670143359377E+000  7.5471854773828131E+000  7.6699039404296876E+000  7.7926224034765630E+000  7.9153408665234375E+000
  8.0380593295703129E+000  8.1607777926171874E+000  8.2834962556640619E+000  8.4062147187109382E+000  8.5289331817578127E+000
  8.6516516448046872E+000  8.7743701078515635E+000  8.8970885708984380E+000  9.0198070339453125E+000  9.1425254969921870E+000
  9.2652439600390633E+000  9.3879624230859378E+000  9.5106808861328123E+000  9.6333993491796885E+000  9.7561178122265630E+000
  9.8788362752734376E+000  1.0001554738320312E+001  1.0124273201367188E+001  1.0246991664414063E+001  1.0369710127460937E+001
  1.0492428590507814E+001  1.0615147053554688E+001  1.0737865516601563E+001  1.0860583979648437E+001  1.0983302442695313E+001
  1.1106020905742188E+001  1.1228739368789062E+001  1.1351457831835939E+001  1.1474176294882813E+001  1.1596894757929688E+001
  1.1719613220976562E+001  1.1842331684023438E+001  1.1965050147070313E+001  1.2087768610117188E+001  1.2210487073164062E+001
  1.2333205536210938E+001  1.2455923999257813E+001  1.2578642462304687E+001  1.2701360925351564E+001  1.2824079388398438E+001
  1.2946797851445313E+001  1.3069516314492187E+001  1.3192234777539063E+001  1.3314953240585938E+001  1.3437671703632812E+001
  1.3560390166679689E+001  1.3683108629726563E+001  1.3805827092773438E+001  1.3928545555820312E+001  1.4051264018867188E+001
  1.4173982481914063E+001  1.4296700944960937E+001  1.4419419408007814E+001  1.4542137871054688E+001  1.4664856334101563E+001
  1.4787574797148437E+001  1.4910293260195314E+001  1.5033011723242188E+001  1.5155730186289063E+001  1.5278448649335939E+001
  1.5401167112382813E+001  1.5523885575429688E+001  1.5646604038476562E+001  1.5769322501523439E+001  1.5892040964570313E+001
  1.6014759427617189E+001  1.6137477890664062E+001  1.6260196353710938E+001  1.6382914816757815E+001  1.6505633279804687E+001
  1.6628351742851564E+001  1.6751070205898436E+001  1.6873788668945313E+001  1.6996507131992189E+001  1.7119225595039062E+001
  1.7241944058085938E+001  1.7364662521132814E+001  1.7487380984179687E+001  1.7610099447226563E+001  1.7732817910273440E+001
  1.7855536373320312E+001  1.7978254836367189E+001  1.8100973299414061E+001  1.8223691762460938E+001  1.8346410225507814E+001
  1.8469128688554687E+001  1.8591847151601563E+001  1.8714565614648439E+001  1.8837284077695312E+001  1.8960002540742188E+001
  1.9082721003789064E+001  1.9205439466835937E+001  1.9328157929882813E+001  1.9450876392929690E+001  1.9573594855976562E+001
  1.9696313319023439E+001  1.9819031782070311E+001  1.9941750245117188E+001  2.0064468708164064E+001  2.0187187171210937E+001
  2.0309905634257813E+001  2.0432624097304689E+001  2.0555342560351562E+001  2.0678061023398438E+001  2.0800779486445315E+001
  2.0923497949492187E+001  2.1046216412539064E+001  2.1168934875585940E+001  2.1291653338632813E+001  2.1414371801679689E+001
  2.1537090264726562E+001  2.1659808727773438E+001  2.1782527190820314E+001  2.1905245653867187E+001  2.2027964116914063E+001
  2.2150682579960939E+001  2.2273401043007812E+001  2.2396119506054688E+001  2.2518837969101565E+001  2.2641556432148437E+001
  2.2764274895195314E+001  2.2886993358242187E+001  2.3009711821289063E+001  2.3132430284335939E+001  2.3255148747382812E+001
  2.3377867210429688E+001  2.3500585673476564E+001  2.3623304136523437E+001  2.3746022599570313E+001  2.3868741062617190E+001
  2.3991459525664062E+001  2.4114177988710939E+001  2.4236896451757815E+001  2.4359614914804688E+001  2.4482333377851564E+001
  2.4605051840898437E+001  2.4727770303945313E+001  2.4850488766992189E+001  2.4973207230039062E+001  2.5095925693085938E+001
  2.5218644156132815E+001  2.5341362619179687E+001  2.5464081082226564E+001  2.5586799545273440E+001  2.5709518008320313E+001
  2.5832236471367189E+001  2.5954954934414062E+001  2.6077673397460938E+001  2.6200391860507814E+001  2.6323110323554687E+001
  2.6445828786601563E+001  2.6568547249648439E+001  2.6691265712695312E+001  2.6813984175742188E+001  2.6936702638789065E+001
  2.7059421101835937E+001  2.7182139564882814E+001  2.7304858027929690E+001  2.7427576490976563E+001  2.7550294954023439E+001
  2.7673013417070312E+001  2.7795731880117188E+001  2.7918450343164064E+001  2.8041168806210937E+001  2.8163887269257813E+001
  2.8286605732304690E+001  2.8409324195351562E+001  2.8532042658398439E+001  2.8654761121445315E+001  2.8777479584492188E+001
  2.8900198047539064E+001  2.9022916510585940E+001  2.9145634973632813E+001  2.9268353436679689E+001  2.9391071899726562E+001
  2.9513790362773438E+001  2.9636508825820314E+001  2.9759227288867187E+001  2.9881945751914063E+001  3.0004664214960940E+001
  3.0127382678007812E+001  3.0250101141054689E+001  3.0372819604101565E+001  3.0495538067148438E+001  3.0618256530195314E+001
  3.0740974993242187E+001  3.0863693456289063E+001  3.0986411919335939E+001  3.1109130382382812E+001  3.1231848845429688E+001
  3.1354567308476565E+001
BLOCK 1   0.0000000000000000E+000
  1.0001232026322899E+000  1.0003704900158767E+000  1.0006195117088144E+000  1.0017158897209348E+000  1.0022043715273430E+000
  1.0026915255027686E+000  1.0031770582038728E+000  1.0036606771639123E+000  1.0041420910689078E+000  1.0046210099331259E+000
  1.0050971452737498E+000  1.0055702102846544E+000  1.0060399200091661E+000  1.0065059915117107E+000  1.0069681440482428E+000
  1.0074260992353550E+000  1.0078795812179671E+000  1.0083283168354895E+000  1.0087720357863654E+000  1.0092104707908909E+000
  1.0096433577522130E+000  1.0100704359154138E+000  1.0104914480245768E+000  1.0109061404777502E+000  1.0113142634797063E+000
  1.0117155711924102E+000  1.0121098218831013E+000  1.0124967780699057E+000  1.0128762066648862E+000  1.0132478791144439E+000
  1.0136115715369942E+000  1.0139670648578203E+000  1.0143141449410389E+000  1.0146526027185865E+000  1.0149822343161534E+000
  1.0153028411759910E+000  1.0156142301765156E+000  1.0159162137486362E+000  1.0162086099887417E+000  1.0164912427682702E+000
  1.0167639418398040E+000  1.0170265429396192E+000  1.0172788878866326E+000  1.0175208246776837E+000  1.0177522075790968E+000
  1.0179728972144642E+000  1.0181827606486009E+000  1.0183816714676224E+000  1.0185695098550889E+000  1.0187461626641794E+000
  1.0189115234858472E+000  1.0190654927129172E+000  1.0192079776000837E+000  1.0193388923197790E+000  1.0194581580138711E+000
  1.0195657028411655E+000  1.0196614620206796E+000  1.0197453778706642E+000  1.0198173998433497E+000  1.0198774845553926E+000
  1.0199255958140090E+000  1.0199617046387754E+000  1.0199857892790867E+000  1.0199978352272558E+000  1.0199978352272558E+000
  1.0199857892790871E+000  1.0199617046387757E+000  1.0199255958140090E+000  1.0198774845553924E+000  1.0198173998433500E+000
  1.0197453778706642E+000  1.0196614620206796E+000  1.0195657028411653E+000  1.0194581580138709E+000  1.0193388923197784E+000
  1.0192079776000835E+000  1.0190654927129170E+000  1.0189115234858475E+000  1.0187461626641787E+000  1.0185695098550887E+000
  1.0183816714676222E+000  1.0181827606486007E+000  1.0179728972144637E+000  1.0177522075790963E+000  1.0175208246776832E+000
  1.0172788878866319E+000  1.0170265429396188E+000  1.0167639418398036E+000  1.0164912427682697E+000  1.0162086099887409E+000
  1.0159162137486355E+000  1.0156142301765148E+000  1.0153028411759906E+000  1.0149822343161528E+000  1.0146526027185858E+000
  1.0143141449410384E+000  1.0139670648578196E+000  1.0136115715369933E+000  1.0132478791144433E+000  1.0128762066648855E+000
  1.0124967780699050E+000  1.0121098218831006E+000  1.0117155711924095E+000  1.0113142634797057E+000  1.0109061404777495E+000
  1.0104914480245761E+000  1.0100704359154133E+000  1.0096433577522126E+000  1.0092104707908902E+000  1.0087720357863648E+000
  1.0083283168354886E+000  1.0078795812179662E+000  1.0074260992353539E+000  1.0069681440482421E+000  1.0065059915117098E+000
  1.0060399200091654E+000  1.0055702102846535E+000  1.0050971452737487E+000  1.0046210099331250E+000  1.0041420910689072E+000
  1.0036606771639112E+000  1.0031770582038722E+000  1.0026915255027675E+000  1.0022043715273421E+000  1.0017158897209337E+000
  1.0006195117088366E+000  1.0003704900158987E+000  1.0001232026323121E+000  9.9987679737009549E-001  9.9962950998643763E-001
  9.9877362567811101E-001  9.9828411028387942E-001  9.9779562847745040E-001  9.9730847450199867E-001  9.9682294180086306E-001
  9.9633932284078741E-001  9.9585790893574999E-001  9.9537899007148567E-001  9.9490285473081042E-001  9.9442978971984997E-001
  9.9396007999527758E-001  9.9349400849266811E-001  9.9303185595606713E-001  9.9257390076888175E-001  9.9212041878619317E-001
  9.9167168316859033E-001  9.9122796421763093E-001  9.9078952921301855E-001  9.9035664225160625E-001  9.8992956408831367E-001
  9.8950855197905596E-001  9.8909385952578577E-001  9.8868573652373082E-001  9.8828442881092637E-001  9.8789017812013302E-001
  9.8750322193322582E-001  9.8712379333814182E-001  9.8675212088847908E-001  9.8638842846582420E-001  9.8603293514489243E-001
  9.8568585506156892E-001  9.8534739728391718E-001  9.8501776568624555E-001  9.8469715882630537E-001  9.8438576982567894E-001
  9.8408378625345694E-001  9.8379139001325244E-001  9.8350875723362696E-001  9.8323605816199833E-001  9.8297345706209027E-001
  9.8272111211498636E-001  9.8247917532384710E-001  9.8224779242234939E-001  9.8202710278690009E-001  9.8181723935268483E-001
  9.8161832853346631E-001  9.8143049014592210E-001  9.8125383733675708E-001  9.8108847651501863E-001  9.8093450728788223E-001
  9.8079202240065411E-001  9.8066110768090087E-001  9.8054184198675587E-001  9.8043429715941399E-001  9.8033853797985593E-001
  9.8025462212983294E-001  9.8018260015711411E-001  9.8012251544504259E-001  9.8007440418640379E-001  9.8003829536161924E-001
  9.8001421072129546E-001  9.8000216477311908E-001  9.8000216477311941E-001  9.8001421072129524E-001  9.8003829536161902E-001
  9.8007440418640357E-001  9.8012251544504259E-001  9.8018260015711367E-001  9.8025462212983250E-001  9.8033853797985560E-001
  9.8043429715941344E-001  9.8054184198675576E-001  9.8066110768090120E-001  9.8079202240065411E-001  9.8093450728788234E-001
  9.8108847651501829E-001  9.8125383733675664E-001  9.8143049014592143E-001  9.8161832853346631E-001  9.8181723935268417E-001
  9.8202710278690031E-001  9.8224779242234839E-001  9.8247917532384643E-001  9.8272111211498603E-001  9.8297345706208927E-001
  9.8323605816199777E-001  9.8350875723362663E-001  9.8379139001325233E-001  9.8408378625345683E-001  9.8438576982567816E-001
  9.8469715882630460E-001  9.8501776568624488E-001  9.8534739728391585E-001  9.8568585506156814E-001  9.8603293514489199E-001
  9.8638842846582364E-001  9.8675212088847830E-001  9.8712379333814093E-001  9.8750322193322526E-001  9.8789017812013258E-001
  9.8828442881092593E-001  9.8868573652372982E-001  9.8909385952578499E-001  9.8950855197905518E-001  9.8992956408831301E-001
  9.9035664225160591E-001  9.9078952921301777E-001  9.9122796421762993E-001  9.9167168316858967E-001  9.9212041878619239E-001
  9.9257390076888097E-001  9.9303185595606636E-001  9.9349400849266734E-001  9.9396007999527680E-001  9.9442978971984930E-001
  9.9490285473080964E-001  9.9537899007148467E-001  9.9585790893574910E-001  9.9633932284078675E-001  9.9682294180086239E-001
  9.9730847450199778E-001  9.9779562847744963E-001  9.9828411028387876E-001  9.9877362567811012E-001  9.9962950998641786E-001
  9.9987679737007573E-001
BLOCK 2   3.0031624020999970E-001
  1.0001236186860349E+000  1.0003711265329935E+000  1.0006203773896059E+000  1.0017180245262804E+000  1.0022069377965446E+000
  1.0026945108427090E+000  1.0031804446486328E+000  1.0036644522364568E+000  1.0041462512464230E+000  1.0046255542206730E+000
  1.0051020712042311E+000  1.0055755140682217E+000  1.0060455973442901E+000  1.0065120378493260E+000  1.0069745546222753E+000
  1.0074328690771839E+000  1.0078867051743514E+000  1.0083357895820826E+000  1.0087798518378532E+000  1.0092186245111532E+000
  1.0096518433671420E+000  1.0100792475231568E+000  1.0105005795771558E+000  1.0109155857164804E+000  1.0113240159200612E+000
  1.0117256242662787E+000  1.0121201689921013E+000  1.0125074124825384E+000  1.0128871216799582E+000  1.0132590680013676E+000
  1.0136230281465652E+000  1.0139787822293256E+000  1.0143261159678423E+000  1.0146648200952932E+000  1.0149946906936398E+000
  1.0153155290505194E+000  1.0156271419585061E+000  1.0159293418983386E+000  1.0162219469825968E+000  1.0165047810307080E+000
  1.0167776737264747E+000  1.0170404607457528E+000  1.0172929838554405E+000  1.0175350910051946E+000  1.0177666364173998E+000
  1.0179874806744968E+000  1.0181974908028146E+000  1.0183965403525550E+000  1.0185845094738548E+000  1.0187612849888665E+000
  1.0189267604598566E+000  1.0190808362532142E+000  1.0192234195993850E+000  1.0193544246486759E+000  1.0194737725228982E+000
  1.0195813913628065E+000  1.0196772163713390E+000  1.0197611898526238E+000  1.0198332612467405E+000  1.0198933871601557E+000
  1.0199415313917441E+000  1.0199776649542693E+000  1.0200017660914416E+000  1.0200138202905185E+000  1.0200138202905185E+000
  1.0200017660914442E+000  1.0199776649542709E+000  1.0199415313917450E+000  1.0198933871601581E+000  1.0198332612467416E+000
  1.0197611898526278E+000  1.0196772163713415E+000  1.0195813913628071E+000  1.0194737725229002E+000  1.0193544246486788E+000
  1.0192234195993874E+000  1.0190808362532171E+000  1.0189267604598609E+000  1.0187612849888679E+000  1.0185845094738581E+000
  1.0183965403525597E+000  1.0181974908028195E+000  1.0179874806745026E+000  1.0177666364174027E+000  1.0175350910051966E+000
  1.0172929838554465E+000  1.0170404607457582E+000  1.0167776737264798E+000  1.0165047810307128E+000  1.0162219469825997E+000
  1.0159293418983439E+000  1.0156271419585132E+000  1.0153155290505227E+000  1.0149946906936436E+000  1.0146648200952988E+000
  1.0143261159678452E+000  1.0139787822293289E+000  1.0136230281465681E+000  1.0132590680013696E+000  1.0128871216799609E+000
  1.0125074124825415E+000  1.0121201689921053E+000  1.0117256242662807E+000  1.0113240159200647E+000  1.0109155857164820E+000
  1.0105005795771573E+000  1.0100792475231584E+000  1.0096518433671451E+000  1.0092186245111563E+000  1.0087798518378548E+000
  1.0083357895820857E+000  1.0078867051743525E+000  1.0074328690771830E+000  1.0069745546222737E+000  1.0065120378493262E+000
  1.0060455973442903E+000  1.0055755140682223E+000  1.0051020712042318E+000  1.0046255542206735E+000  1.0041462512464254E+000
  1.0036644522364564E+000  1.0031804446486321E+000  1.0026945108427074E+000  1.0022069377965450E+000  1.0017180245262804E+000
  1.0006203773896303E+000  1.0003711265330175E+000  1.0001236186860563E+000  9.9987700379753031E-001  9.9962952289438900E-001
  9.9877327046661013E-001  9.9828335906433607E-001  9.9779446935382765E-001  9.9730689664249039E-001  9.9682093907727443E-001
  9.9633688754161875E-001  9.9585503802259401E-001  9.9537568881659921E-001  9.9489912912142575E-001  9.9442564224996355E-001
  9.9395551133188009E-001  9.9348901941029866E-001  9.9302644781340876E-001  9.9256807539125280E-001  9.9211417834815840E-001
  9.9166503015489815E-001  9.9122090141716723E-001  9.9078205971954680E-001  9.9034876946475203E-001  9.8992129171410737E-001
  9.8949988403013200E-001  9.8908480032129198E-001  9.8867629068893526E-001  9.8827460127650713E-001  9.8787997412111261E-001
  9.8749264700754713E-001  9.8711285332488508E-001  9.8674082192567569E-001  9.8637677698791393E-001  9.8602093787976230E-001
  9.8567351902723588E-001  9.8533472978477010E-001  9.8500477430895628E-001  9.8468385143530235E-001  9.8437215455826976E-001
  9.8406987151457570E-001  9.8377718446987750E-001  9.8349426980872279E-001  9.8322129802775837E-001  9.8295843363270630E-001
  9.8270583504010101E-001  9.8246365448181272E-001  9.8223203791138014E-001  9.8201112491744302E-001  9.8180104863915929E-001
  9.8160193568480947E-001  9.8141390605756373E-001  9.8123707308019048E-001  9.8107154332887181E-001  9.8091741656779896E-001
  9.8077478568861365E-001  9.8064373665591453E-001  9.8052434845349468E-001  9.8041669303683621E-001  9.8032083529060798E-001
  9.8023683298937858E-001  9.8016473676232385E-001  9.8010459006253126E-001  9.8005642914093882E-001  9.8002028302488464E-001
  9.7999617350107304E-001  9.7998411510303418E-001  9.7998411510302874E-001  9.7999617350107049E-001  9.8002028302488375E-001
  9.8005642914093727E-001  9.8010459006252926E-001  9.8016473676232074E-001  9.8023683298937403E-001  9.8032083529060066E-001
  9.8041669303683587E-001  9.8052434845349057E-001  9.8064373665590565E-001  9.8077478568861576E-001  9.8091741656779297E-001
  9.8107154332886770E-001  9.8123707308018671E-001  9.8141390605755641E-001  9.8160193568481058E-001  9.8180104863915818E-001
  9.8201112491744047E-001  9.8223203791137448E-001  9.8246365448180983E-001  9.8270583504009668E-001  9.8295843363270285E-001
  9.8322129802775327E-001  9.8349426980872212E-001  9.8377718446987084E-001  9.8406987151456948E-001  9.8437215455826599E-001
  9.8468385143530046E-001  9.8500477430894551E-001  9.8533472978476544E-001  9.8567351902722911E-001  9.8602093787976064E-001
  9.8637677698791082E-001  9.8674082192567092E-001  9.8711285332487941E-001  9.8749264700754646E-001  9.8787997412110640E-001
  9.8827460127650468E-001  9.8867629068893226E-001  9.8908480032128887E-001  9.8949988403012701E-001  9.8992129171410592E-001
  9.9034876946474726E-001  9.9078205971954136E-001  9.9122090141716346E-001  9.9166503015489682E-001  9.9211417834815652E-001
  9.9256807539125147E-001  9.9302644781340332E-001  9.9348901941029799E-001  9.9395551133187809E-001  9.9442564224996488E-001
  9.9489912912142442E-001  9.9537568881659721E-001  9.9585503802259023E-001  9.9633688754161709E-001  9.9682093907727387E-001
  9.9730689664248762E-001  9.9779446935382488E-001  9.9828335906433530E-001  9.9877327046661124E-001  9.9962952289436835E-001
  9.9987700379751088E-001
BLOCK 3   6.0063248042000061E-001
  1.0001249266368046E+000  1.0003730777572324E+000  1.0006229832146634E+000  1.0017243915960643E+000  1.0022145638795308E+000
  1.0027033933729319E+000  1.0031905812620103E+000  1.0036758302418829E+000  1.0041588480158961E+000  1.0046393418447153E+000
  1.0051170240204623E+000  1.0055916102648581E+000  1.0060628157327922E+000  1.0065303606566576E+000  1.0069939707205520E+000
  1.0074533699084345E+000  1.0079082792621963E+000  1.0083584216443791E+000  1.0088035247088603E+000  1.0092433205749374E+000
  1.0096775448128588E+000  1.0101059361921467E+000  1.0105282369670729E+000  1.0109441930398058E+000  1.0113535541230838E+000
  1.0117560739760714E+000  1.0121515104415695E+000  1.0125396256726991E+000  1.0129201862532542E+000  1.0132929633301451E+000
  1.0136577335586938E+000  1.0140142765071392E+000  1.0143623776193229E+000  1.0147018274358046E+000  1.0150324217078577E+000
  1.0153539615592666E+000  1.0156662535231076E+000  1.0159691097754580E+000  1.0162623481355648E+000  1.0165457922321428E+000
  1.0168192716458309E+000  1.0170826219117224E+000  1.0173356846789676E+000  1.0175783078455369E+000  1.0178103455618350E+000
  1.0180316582772178E+000  1.0182421128668675E+000  1.0184415827508311E+000  1.0186299479731524E+000  1.0188070952636343E+000
  1.0189729180994549E+000  1.0191273167677670E+000  1.0192701984259782E+000  1.0194014771579138E+000  1.0195210740255511E+000
  1.0196289171163198E+000  1.0197249415860350E+000  1.0198090896974750E+000  1.0198813108544675E+000  1.0199415616316145E+000
  1.0199898057995835E+000  1.0200260143459949E+000  1.0200501654919985E+000  1.0200622447045695E+000  1.0200622447045735E+000
  1.0200501654919998E+000  1.0200260143459974E+000  1.0199898057995855E+000  1.0199415616316148E+000  1.0198813108544700E+000
  1.0198090896974796E+000  1.0197249415860417E+000  1.0196289171163240E+000  1.0195210740255587E+000  1.0194014771579232E+000
  1.0192701984259862E+000  1.0191273167677721E+000  1.0189729180994607E+000  1.0188070952636403E+000  1.0186299479731609E+000
  1.0184415827508417E+000  1.0182421128668777E+000  1.0180316582772286E+000  1.0178103455618441E+000  1.0175783078455449E+000
  1.0173356846789765E+000  1.0170826219117322E+000  1.0168192716458444E+000  1.0165457922321535E+000  1.0162623481355693E+000
  1.0159691097754671E+000  1.0156662535231173E+000  1.0153539615592739E+000  1.0150324217078674E+000  1.0147018274358153E+000
  1.0143623776193340E+000  1.0140142765071465E+000  1.0136577335587027E+000  1.0132929633301526E+000  1.0129201862532586E+000
  1.0125396256727064E+000  1.0121515104415746E+000  1.0117560739760767E+000  1.0113535541230880E+000  1.0109441930398131E+000
  1.0105282369670765E+000  1.0101059361921507E+000  1.0096775448128628E+000  1.0092433205749414E+000  1.0088035247088671E+000
  1.0083584216443846E+000  1.0079082792621981E+000  1.0074533699084367E+000  1.0069939707205549E+000  1.0065303606566605E+000
  1.0060628157327913E+000  1.0055916102648617E+000  1.0051170240204641E+000  1.0046393418447179E+000  1.0041588480158989E+000
  1.0036758302418847E+000  1.0031905812620112E+000  1.0027033933729310E+000  1.0022145638795288E+000  1.0017243915960601E+000
  1.0006229832146849E+000  1.0003730777572526E+000  1.0001249266368217E+000  9.9987768225771023E-001  9.9962957649667317E-001
  9.9877213598985570E-001  9.9828097831825169E-001  9.9779084066081192E-001  9.9730201753839076E-001  9.9681480254998245E-001
  9.9632949060114506E-001  9.9584637298995904E-001  9.9536574376504583E-001  9.9488789380334131E-001  9.9441311176678604E-001
  9.9394168874763922E-001  9.9347391023655451E-001  9.9301005861402780E-001  9.9255041760184382E-001  9.9209526538320714E-001
  9.9164487193177442E-001  9.9119950468911378E-001  9.9075943167146951E-001  9.9032491949763246E-001  9.8989623108888469E-001
  9.8947362514154225E-001  9.8905735640176862E-001  9.8864767580795498E-001  9.8824483039333755E-001  9.8784906310956144E-001
  9.8746061265800289E-001  9.8707971333865319E-001  9.8670659490776169E-001  9.8634148243913344E-001  9.8598459618811463E-001
  9.8563615145805139E-001  9.8529635846951702E-001  9.8496542223232153E-001  9.8464354242152319E-001  9.8433091325686950E-001
  9.8402772338449629E-001  9.8373415576175649E-001  9.8345038754714009E-001  9.8317658999234148E-001  9.8291292833758959E-001
  9.8265956171241953E-001  9.8241664303789988E-001  9.8218431893428471E-001  9.8196272963191622E-001  9.8175200888540215E-001
  9.8155228389312477E-001  9.8136367521937151E-001  9.8118629672126700E-001  9.8102025547891947E-001  9.8086565173104301E-001
  9.8072257881317360E-001  9.8059112310075458E-001  9.8047136395700152E-001  9.8036337368352955E-001  9.8026721747782131E-001
  9.8018295339317729E-001  9.8011063230377693E-001  9.8005029787539921E-001  9.8000198653913861E-001  9.7996572746978683E-001
  9.7994154256978538E-001  9.7992944645718572E-001  9.7992944645718683E-001  9.7994154256978971E-001  9.7996572746978461E-001
  9.8000198653912629E-001  9.8005029787539588E-001  9.8011063230377604E-001  9.8018295339317407E-001  9.8026721747781242E-001
  9.8036337368351611E-001  9.8047136395700030E-001  9.8059112310075536E-001  9.8072257881316438E-001  9.8086565173103102E-001
  9.8102025547890359E-001  9.8118629672126423E-001  9.8136367521936496E-001  9.8155228389310933E-001  9.8175200888539249E-001
  9.8196272963190001E-001  9.8218431893428637E-001  9.8241664303788934E-001  9.8265956171240865E-001  9.8291292833757227E-001
  9.8317658999233115E-001  9.8345038754712533E-001  9.8373415576174450E-001  9.8402772338448052E-001  9.8433091325686461E-001
  9.8464354242150676E-001  9.8496542223231220E-001  9.8529635846950503E-001  9.8563615145804351E-001  9.8598459618810330E-001
  9.8634148243912900E-001  9.8670659490775225E-001  9.8707971333864641E-001  9.8746061265799390E-001  9.8784906310955267E-001
  9.8824483039332922E-001  9.8864767580794588E-001  9.8905735640176429E-001  9.8947362514153225E-001  9.8989623108887193E-001
  9.9032491949762846E-001  9.9075943167146319E-001  9.9119950468910645E-001  9.9164487193177087E-001  9.9209526538320136E-001
  9.9255041760183638E-001  9.9301005861402136E-001  9.9347391023654974E-001  9.9394168874763666E-001  9.9441311176678060E-001
  9.9488789380334186E-001  9.9536574376504261E-001  9.9584637298995593E-001  9.9632949060114040E-001  9.9681480254998223E-001
  9.9730201753839298E-001  9.9779084066081347E-001  9.9828097831825457E-001  9.9877213598986125E-001  9.9962957649665563E-001
  9.9987768225769258E-001
BLOCK 4   9.0094872063000409E-001
  1.0001271370744143E+000  1.0003763620029937E+000  1.0006273563261168E+000  1.0017350400118707E+000  1.0022272852833247E+000
  1.0027181793773305E+000  1.0032074212471682E+000  1.0036947109296031E+000  1.0041797514933821E+000  1.0046622489546986E+000
  1.0051419111204241E+000  1.0056184494293574E+000  1.0060915777011668E+000  1.0065610122134028E+000  1.0070264735669525E+000
  1.0074876839627009E+000  1.0079443688406002E+000  1.0083962579129979E+000  1.0088430819777876E+000  1.0092845740769438E+000
  1.0097204715471579E+000  1.0101505131421782E+000  1.0105744372306737E+000  1.0109919850057352E+000  1.0114029039375931E+000
  1.0118069476893494E+000  1.0122038745708632E+000  1.0125934466834599E+000  1.0129754301831151E+000  1.0133495956650960E+000
  1.0137157194856818E+000  1.0140735804874914E+000  1.0144229636820032E+000  1.0147636592048750E+000  1.0150954624183015E+000
  1.0154181740441608E+000  1.0157316002882644E+000  1.0160355529359226E+000  1.0163298495058131E+000  1.0166143132996233E+000
  1.0168887735715406E+000  1.0171530655808743E+000  1.0174070307022232E+000  1.0176505165503973E+000  1.0178833770143882E+000
  1.0181054723805849E+000  1.0183166694254631E+000  1.0185168414426615E+000  1.0187058683396761E+000  1.0188836367331233E+000
  1.0190500399732008E+000  1.0192049781835022E+000  1.0193483583557712E+000  1.0194800944418625E+000  1.0196001074062047E+000
  1.0197083252562738E+000  1.0198046830740062E+000  1.0198891230520732E+000  1.0199615945293057E+000  1.0200220540213254E+000
  1.0200704652458044E+000  1.0201067991429322E+000  1.0201310338915945E+000  1.0201431549215612E+000  1.0201431549215645E+000
  1.0201310338915968E+000  1.0201067991429296E+000  1.0200704652458101E+000  1.0200220540213296E+000  1.0199615945293101E+000
  1.0198891230520812E+000  1.0198046830740142E+000  1.0197083252562826E+000  1.0196001074062127E+000  1.0194800944418752E+000
  1.0193483583557843E+000  1.0192049781835153E+000  1.0190500399732154E+000  1.0188836367331375E+000  1.0187058683396901E+000
  1.0185168414426782E+000  1.0183166694254788E+000  1.0181054723805989E+000  1.0178833770144022E+000  1.0176505165504137E+000
  1.0174070307022380E+000  1.0171530655808896E+000  1.0168887735715546E+000  1.0166143132996392E+000  1.0163298495058239E+000
  1.0160355529359346E+000  1.0157316002882812E+000  1.0154181740441763E+000  1.0150954624183139E+000  1.0147636592048899E+000
  1.0144229636820137E+000  1.0140735804875030E+000  1.0137157194856952E+000  1.0133495956651077E+000  1.0129754301831269E+000
  1.0125934466834678E+000  1.0122038745708717E+000  1.0118069476893561E+000  1.0114029039376020E+000  1.0109919850057436E+000
  1.0105744372306813E+000  1.0101505131421855E+000  1.0097204715471626E+000  1.0092845740769492E+000  1.0088430819777923E+000
  1.0083962579130048E+000  1.0079443688406082E+000  1.0074876839627076E+000  1.0070264735669625E+000  1.0065610122134099E+000
  1.0060915777011765E+000  1.0056184494293654E+000  1.0051419111204301E+000  1.0046622489547008E+000  1.0041797514933828E+000
  1.0036947109296028E+000  1.0032074212471662E+000  1.0027181793773263E+000  1.0022272852833165E+000  1.0017350400118594E+000
  1.0006273563261350E+000  1.0003763620030093E+000  1.0001271370744256E+000  9.9987883716593062E-001  9.9962968089864990E-001
  9.9877024893649113E-001  9.9827698913522056E-001  9.9778474486435065E-001  9.9729381082371771E-001  9.9680448186599702E-001
  9.9631705138080107E-001  9.9583181370798213E-001  9.9534906062154282E-001  9.9486908466432522E-001  9.9439217605229191E-001
  9.9391862347156901E-001  9.9344871553470715E-001  9.9298273634476764E-001  9.9252096989232041E-001  9.9206369756648205E-001
  9.9161119556614263E-001  9.9116373961746329E-001  9.9072160153274424E-001  9.9028504658998007E-001  9.8985433808172218E-001
  9.8942973631870368E-001  9.8901149449078618E-001  9.8859986104408515E-001  9.8819508396493327E-001  9.8779741004606392E-001
  9.8740708153389689E-001  9.8702433466545858E-001  9.8664940026020276E-001  9.8628250447617682E-001  9.8592386891497219E-001
  9.8557371036004493E-001  9.8523224051475211E-001  9.8489966583187372E-001  9.8457618739211761E-001  9.8426200079182324E-001
  9.8395729602671456E-001  9.8366225737635882E-001  9.8337706329114338E-001  9.8310188628183193E-001  9.8283689281446551E-001
  9.8258224320750498E-001  9.8233809153377816E-001  9.8210458552594371E-001  9.8188186648524867E-001  9.8167006919511357E-001
  9.8146932183716318E-001  9.8127974591345890E-001  9.8110145616965905E-001  9.8093456052557448E-001  9.8077916000780174E-001
  9.8063534868817825E-001  9.8050321362571347E-001  9.8038283481356947E-001  9.8027428513081027E-001  9.8017763029773863E-001
  9.8009292883752941E-001  9.8002023204027489E-001  9.7995958393328031E-001  9.7991102125526852E-001  9.7987457343483675E-001
  9.7985026257447916E-001  9.7983810343712918E-001  9.7983810343713607E-001  9.7985026257447649E-001  9.7987457343483619E-001
  9.7991102125526253E-001  9.7995958393327176E-001  9.8002023204026090E-001  9.8009292883751509E-001  9.8017763029773430E-001
  9.8027428513079395E-001  9.8038283481355892E-001  9.8050321362569559E-001  9.8063534868816893E-001  9.8077916000778675E-001
  9.8093456052556838E-001  9.8110145616964151E-001  9.8127974591344069E-001  9.8146932183715341E-001  9.8167006919509370E-001
  9.8188186648522757E-001  9.8210458552591851E-001  9.8233809153376983E-001  9.8258224320748555E-001  9.8283689281444442E-001
  9.8310188628180994E-001  9.8337706329112817E-001  9.8366225737633761E-001  9.8395729602670645E-001  9.8426200079179660E-001
  9.8457618739209862E-001  9.8489966583186317E-001  9.8523224051474401E-001  9.8557371036002661E-001  9.8592386891495798E-001
  9.8628250447616295E-001  9.8664940026019576E-001  9.8702433466544215E-001  9.8740708153388335E-001  9.8779741004604582E-001
  9.8819508396492006E-001  9.8859986104407993E-001  9.8901149449077908E-001  9.8942973631869247E-001  9.8985433808170797E-001
  9.9028504658997085E-001  9.9072160153273592E-001  9.9116373961745163E-001  9.9161119556613408E-001  9.9206369756647539E-001
  9.9252096989230931E-001  9.9298273634476064E-001  9.9344871553470204E-001  9.9391862347156112E-001  9.9439217605228758E-001
  9.9486908466432211E-001  9.9534906062154116E-001  9.9583181370798179E-001  9.9631705138080395E-001  9.9680448186600157E-001
  9.9729381082372437E-001  9.9778474486436231E-001  9.9827698913523444E-001  9.9877024893650557E-001  9.9962968089863713E-001
  9.9987883716591819E-001
BLOCK 5   1.2012649608400074E+000
  1.0001302591540762E+000  1.0003809909066619E+000  1.0006335103887443E+000  1.0017500029896376E+000  1.0022451403112058E+000
  1.0027389117543242E+000  1.0032310144434993E+000  1.0037211452347683E+000  1.0042090049518133E+000  1.0046942956224896E+000
  1.0051767229727928E+000  1.0056559945848256E+000  1.0061318215539041E+000  1.0066039175975554E+000  1.0070719995051725E+000
  1.0075357876862185E+000  1.0079950051609847E+000  1.0084493788862334E+000  1.0088986390094816E+000  1.0093425185409806E+000
  1.0097807546248454E+000  1.0102130871159534E+000  1.0106392586541186E+000  1.0110590159224282E+000  1.0114721081026090E+000
  1.0118782866315010E+000  1.0122773073247850E+000  1.0126689300068212E+000  1.0130529168138829E+000  1.0134290352792146E+000
  1.0137970589564274E+000  1.0141567679288779E+000  1.0145079481240944E+000  1.0148503901571619E+000  1.0151838888716598E+000
  1.0155082440707341E+000  1.0158232612436586E+000  1.0161287516595183E+000  1.0164245323822207E+000  1.0167104263215674E+000
  1.0169862623115149E+000  1.0172518752405275E+000  1.0175071061181356E+000  1.0177518022022656E+000  1.0179858170699880E+000
  1.0182090107012369E+000  1.0184212495835026E+000  1.0186224067577607E+000  1.0188123619116638E+000  1.0189910014543773E+000
  1.0191582185540025E+000  1.0193139132192277E+000  1.0194579923601892E+000  1.0195903698136430E+000  1.0197109664022461E+000
  1.0198197099974176E+000  1.0199165355431832E+000  1.0200013850839045E+000  1.0200742078234351E+000  1.0201349601790894E+000
  1.0201836058019345E+000  1.0202201155775221E+000  1.0202444676302593E+000  1.0202566473361414E+000  1.0202566473361445E+000
  1.0202444676302600E+000  1.0202201155775279E+000  1.0201836058019411E+000  1.0201349601790957E+000  1.0200742078234404E+000
  1.0200013850839149E+000  1.0199165355431905E+000  1.0198197099974267E+000  1.0197109664022554E+000  1.0195903698136592E+000
  1.0194579923602052E+000  1.0193139132192444E+000  1.0191582185540189E+000  1.0189910014543939E+000  1.0188123619116833E+000
  1.0186224067577780E+000  1.0184212495835225E+000  1.0182090107012600E+000  1.0179858170700102E+000  1.0177518022022867E+000
  1.0175071061181544E+000  1.0172518752405493E+000  1.0169862623115333E+000  1.0167104263215843E+000  1.0164245323822396E+000
  1.0161287516595365E+000  1.0158232612436768E+000  1.0155082440707504E+000  1.0151838888716744E+000  1.0148503901571806E+000
  1.0145079481241066E+000  1.0141567679288959E+000  1.0137970589564416E+000  1.0134290352792301E+000  1.0130529168138975E+000
  1.0126689300068363E+000  1.0122773073247988E+000  1.0118782866315135E+000  1.0114721081026217E+000  1.0110590159224400E+000
  1.0106392586541304E+000  1.0102130871159636E+000  1.0097807546248554E+000  1.0093425185409937E+000  1.0088986390094938E+000
  1.0084493788862483E+000  1.0079950051609983E+000  1.0075357876862316E+000  1.0070719995051829E+000  1.0066039175975674E+000
  1.0061318215539141E+000  1.0056559945848347E+000  1.0051767229728001E+000  1.0046942956224958E+000  1.0042090049518162E+000
  1.0037211452347636E+000  1.0032310144434906E+000  1.0027389117543137E+000  1.0022451403111889E+000  1.0017500029896145E+000
  1.0006335103887558E+000  1.0003809909066719E+000  1.0001302591540826E+000  9.9988047759898313E-001  9.9962984315141035E-001
  9.9876762262068663E-001  9.9827140199109610E-001  9.9777618980004168E-001  9.9728228231326554E-001  9.9678997486317078E-001
  9.9629956308895185E-001  9.9581134130521498E-001  9.9532560405337100E-001  9.9484264396473920E-001  9.9436275324120571E-001
  9.9388622238890800E-001  9.9341333996764425E-001  9.9294439374795174E-001  9.9247966789701181E-001  9.9201944577309165E-001
  9.9156400740034345E-001  9.9111362946016723E-001  9.9066858717484851E-001  9.9022915054145577E-001  9.8979558651333333E-001
  9.8936815930503685E-001  9.8894712686295061E-001  9.8853274358087151E-001  9.8812526065935402E-001  9.8772492264243517E-001
  9.8733196939454648E-001  9.8694663828681573E-001  9.8656916149173901E-001  9.8619976530416553E-001  9.8583867329442421E-001
  9.8548610697756944E-001  9.8514228271862070E-001  9.8480740943346712E-001  9.8448168913831657E-001  9.8416531839707755E-001
  9.8385848882028082E-001  9.8356138667857540E-001  9.8327419240650793E-001  9.8299708035434830E-001  9.8273021870931354E-001
  9.8247376944350540E-001  9.8222788823534724E-001  9.8199272437349039E-001  9.8176842065979886E-001  9.8155511331555101E-001
  9.8135293189810979E-001  9.8116199921716196E-001  9.8098243126046503E-001  9.8081433711954236E-001  9.8065781892387505E-001
  9.8051297177686625E-001  9.8037988369711404E-001  9.8025863556435522E-001  9.8014930107069342E-001  9.8005194667631146E-001
  9.7996663156871722E-001  9.7989340762812238E-001  9.7983231939623028E-001  9.7978340405042796E-001  9.7974669138119141E-001
  9.7972220377487895E-001  9.7970995620083223E-001  9.7970995620083401E-001  9.7972220377488339E-001  9.7974669138117731E-001
  9.7978340405041808E-001  9.7983231939621540E-001  9.7989340762810495E-001  9.7996663156870745E-001  9.8005194667630258E-001
  9.8014930107068599E-001  9.8025863556433157E-001  9.8037988369709439E-001  9.8051297177681518E-001  9.8065781892383519E-001
  9.8081433711958299E-001  9.8098243126057638E-001  9.8116199921706615E-001  9.8135293189793904E-001  9.8155511331564582E-001
  9.8176842065961933E-001  9.8199272437339546E-001  9.8222788823545126E-001  9.8247376944354392E-001  9.8273021870927568E-001
  9.8299708035432065E-001  9.8327419240647163E-001  9.8356138667855164E-001  9.8385848882025839E-001  9.8416531839706223E-001
  9.8448168913829415E-001  9.8480740943345701E-001  9.8514228271859428E-001  9.8548610697755146E-001  9.8583867329440600E-001
  9.8619976530414910E-001  9.8656916149171414E-001  9.8694663828679585E-001  9.8733196939452594E-001  9.8772492264242207E-001
  9.8812526065932893E-001  9.8853274358084953E-001  9.8894712686293151E-001  9.8936815930502386E-001  9.8979558651331723E-001
  9.9022915054144345E-001  9.9066858717483497E-001  9.9111362946015413E-001  9.9156400740033257E-001  9.9201944577307644E-001
  9.9247966789699749E-001  9.9294439374794385E-001  9.9341333996763626E-001  9.9388622238890090E-001  9.9436275324119738E-001
  9.9484264396474054E-001  9.9532560405337278E-001  9.9581134130522220E-001  9.9629956308896217E-001  9.9678997486317999E-001
  9.9728228231328264E-001  9.9777618980006166E-001  9.9827140199111830E-001  9.9876762262071461E-001  9.9962984315140424E-001
  9.9988047759897758E-001
BLOCK 6   1.5015812010500109E+000
  1.0001343042941533E+000  1.0003869786533388E+000  1.0006414631258944E+000  1.0017693191104347E+000  1.0022681739412715E+000
  1.0027656410953296E+000  1.0032614156421109E+000  1.0037551919099874E+000  1.0042466678320967E+000  1.0047355426667957E+000
  1.0052215188218145E+000  1.0057043011396181E+000  1.0061835974242435E+000  1.0066591184757459E+000  1.0071305782723814E+000
  1.0075976939887477E+000  1.0080601864376819E+000  1.0085177795823010E+000  1.0089702012791151E+000  1.0094171827860825E+000
  1.0098584592516560E+000  1.0102937697898104E+000  1.0107228566554309E+000  1.0111454662295782E+000  1.0115613486185415E+000
  1.0119702570077380E+000  1.0123719489111092E+000  1.0127661852042931E+000  1.0131527302405705E+000  1.0135313536636159E+000
  1.0139018273095393E+000  1.0142639268519382E+000  1.0146174338238152E+000  1.0149621353709954E+000  1.0152978239754087E+000
  1.0156242978364405E+000  1.0159413626698015E+000  1.0162488312025169E+000  1.0165465216597123E+000  1.0168342570413746E+000
  1.0171118652797480E+000  1.0173791800880962E+000  1.0176360416615666E+000  1.0178822967874144E+000  1.0181177987325449E+000
  1.0183424071690907E+000  1.0185559882501449E+000  1.0187584147005204E+000  1.0189495659015437E+000  1.0191293279806373E+000
  1.0192975938579154E+000  1.0194542633152694E+000  1.0195992430553003E+000  1.0197324467367084E+000  1.0198537950350723E+000
  1.0199632156847362E+000  1.0200606435037516E+000  1.0201460204416566E+000  1.0202192956144867E+000  1.0202804253199991E+000
  1.0203293730690164E+000  1.0203661096159991E+000  1.0203906129630365E+000  1.0204028683656226E+000  1.0204028683656241E+000
  1.0203906129630393E+000  1.0203661096160010E+000  1.0203293730690202E+000  1.0202804253200100E+000  1.0202192956145011E+000
  1.0201460204416704E+000  1.0200606435037696E+000  1.0199632156847493E+000  1.0198537950350917E+000  1.0197324467367226E+000
  1.0195992430553165E+000  1.0194542633152921E+000  1.0192975938579325E+000  1.0191293279806588E+000  1.0189495659015664E+000
  1.0187584147005433E+000  1.0185559882501694E+000  1.0183424071691165E+000  1.0181177987325738E+000  1.0178822967874410E+000
  1.0176360416615939E+000  1.0173791800881247E+000  1.0171118652797768E+000  1.0168342570414006E+000  1.0165465216597400E+000
  1.0162488312025419E+000  1.0159413626698259E+000  1.0156242978364611E+000  1.0152978239754304E+000  1.0149621353710168E+000
  1.0146174338238376E+000  1.0142639268519584E+000  1.0139018273095599E+000  1.0135313536636343E+000  1.0131527302405898E+000
  1.0127661852043113E+000  1.0123719489111260E+000  1.0119702570077593E+000  1.0115613486185606E+000  1.0111454662295984E+000
  1.0107228566554507E+000  1.0102937697898302E+000  1.0098584592516768E+000  1.0094171827861040E+000  1.0089702012791366E+000
  1.0085177795823206E+000  1.0080601864377037E+000  1.0075976939887654E+000  1.0071305782723980E+000  1.0066591184757607E+000
  1.0061835974242557E+000  1.0057043011396263E+000  1.0052215188218212E+000  1.0047355426667974E+000  1.0042466678320949E+000
  1.0037551919099790E+000  1.0032614156420967E+000  1.0027656410953107E+000  1.0022681739412433E+000  1.0017693191104011E+000
  1.0006414631259002E+000  1.0003869786533417E+000  1.0001343042941522E+000  9.9988261367113496E-001  9.9963007017617767E-001
  9.9876426692443354E-001  9.9826422281274452E-001  9.9776517766875927E-001  9.9726742912620570E-001  9.9677127494823337E-001
  9.9627701205788100E-001  9.9578493756039665E-001  9.9529534732545155E-001  9.9480853678797398E-001  9.9432479985205313E-001
  9.9384442921981109E-001  9.9336771616977926E-001  9.9289494971151182E-001  9.9242641767593753E-001  9.9196240466680941E-001
  9.9150319377362428E-001  9.9104906485910171E-001  9.9060029473073352E-001  9.9015715786656733E-001  9.8971992405906817E-001
  9.8928886049033593E-001  9.8886423020332315E-001  9.8844629121564764E-001  9.8803529858558181E-001  9.8763150185321080E-001
  9.8723514537424928E-001  9.8684647003787940E-001  9.8646571064048372E-001  9.8609309643702026E-001  9.8572885315842518E-001
  9.8537320085105018E-001  9.8502635352080059E-001  9.8468852163933140E-001  9.8435991140523649E-001  9.8404072268257725E-001
  9.8373115012459467E-001  9.8343138449773659E-001  9.8314161079999840E-001  9.8286200582111460E-001  9.8259273835476491E-001
  9.8233397103150755E-001  9.8208586125605613E-001  9.8184856073057092E-001  9.8162221462176258E-001  9.8140696116078252E-001
  9.8120293163854166E-001  9.8101025047930890E-001  9.8082903523191300E-001  9.8065939649386447E-001  9.8050143782068744E-001
  9.8035525565160109E-001  9.8022093924689668E-001  9.8009857063457517E-001  9.7998822456085877E-001  9.7988996844487442E-001
  9.7980386233812344E-001  9.7972995888789904E-001  9.7966830330589871E-001  9.7961893334008232E-001  9.7958187925219475E-001
  9.7955716379924096E-001  9.7954480221904516E-001  9.7954480221905382E-001  9.7955716379924351E-001  9.7958187925219153E-001
  9.7961893334006978E-001  9.7966830330586241E-001  9.7972995888782866E-001  9.7980386233809502E-001  9.7988996844495135E-001
  9.7998822456091372E-001  9.8009857063449146E-001  9.8022093924681786E-001  9.8035525565163661E-001  9.8050143782059995E-001
  9.8065939649383049E-001  9.8082903523191622E-001  9.8101025047922263E-001  9.8120293163855099E-001  9.8140696116070258E-001
  9.8162221462177068E-001  9.8184856073049753E-001  9.8208586125606279E-001  9.8233397103146414E-001  9.8259273835469074E-001
  9.8286200582114147E-001  9.8314161079991691E-001  9.8343138449762957E-001  9.8373115012464818E-001  9.8404072268263498E-001
  9.8435991140521018E-001  9.8468852163926002E-001  9.8502635352074608E-001  9.8537320085101565E-001  9.8572885315840508E-001
  9.8609309643699616E-001  9.8646571064045885E-001  9.8684647003785442E-001  9.8723514537423307E-001  9.8763150185318582E-001
  9.8803529858555983E-001  9.8844629121562644E-001  9.8886423020329151E-001  9.8928886049031006E-001  9.8971992405904463E-001
  9.9015715786654113E-001  9.9060029473071198E-001  9.9104906485907762E-001  9.9150319377360130E-001  9.9196240466679408E-001
  9.9242641767592532E-001  9.9289494971150205E-001  9.9336771616977404E-001  9.9384442921980620E-001  9.9432479985205469E-001
  9.9480853678797676E-001  9.9529534732545655E-001  9.9578493756041064E-001  9.9627701205790042E-001  9.9677127494825890E-001
  9.9726742912623156E-001  9.9776517766879225E-001  9.9826422281278282E-001  9.9876426692447640E-001  9.9963007017617866E-001
  9.9988261367113995E-001
BLOCK 7   1.8018974412600144E+000
  1.0001392870745003E+000  1.0003943433034475E+000  1.0006512364202100E+000  1.0017930347175712E+000  1.0022964389409630E+000
  1.0027984263088590E+000  1.0032986900107579E+000  1.0037969214093103E+000  1.0042928160059998E+000  1.0047860697233701E+000
  1.0052763821998794E+000  1.0057634548109216E+000  1.0062469923489175E+000  1.0067267022580006E+000  1.0072022954991626E+000
  1.0076734862241938E+000  1.0081399920581984E+000  1.0086015343963946E+000  1.0090578382463880E+000  1.0095086325649241E+000
  1.0099536501560942E+000  1.0103926278805093E+000  1.0108253066076143E+000  1.0112514312122349E+000  1.0116707507702585E+000
  1.0120830183009895E+000  1.0124879909393754E+000  1.0128854300174961E+000  1.0132751008202172E+000  1.0136567741332467E+000
  1.0140302223588911E+000  1.0143952224265644E+000  1.0147515566528060E+000  1.0150990117807592E+000  1.0154373791924338E+000
  1.0157664556747550E+000  1.0160860435897312E+000  1.0163959509243605E+000  1.0166959919407772E+000  1.0169859879132341E+000
  1.0172657666492906E+000  1.0175351624712217E+000  1.0177940168671225E+000  1.0180421780379718E+000  1.0182794998282449E+000
  1.0185058413094776E+000  1.0187210672903375E+000  1.0189250492471726E+000  1.0191176658789338E+000  1.0192988030846275E+000
  1.0194683536918767E+000  1.0196262173220720E+000  1.0197723004389871E+000  1.0199065164459948E+000  1.0200287857893484E+000
  1.0201390360044265E+000  1.0202372017352563E+000  1.0203232247634748E+000  1.0203970540425562E+000  1.0204586457238012E+000
  1.0205079632097909E+000  1.0205449771497690E+000  1.0205696654659093E+000  1.0205820133684425E+000  1.0205820133684218E+000
  1.0205696654658509E+000  1.0205449771497666E+000  1.0205079632101133E+000  1.0204586457241835E+000  1.0203970540424401E+000
  1.0203232247639427E+000  1.0202372017356327E+000  1.0201390360045439E+000  1.0200287857895010E+000  1.0199065164462202E+000
  1.0197723004392318E+000  1.0196262173222486E+000  1.0194683536922740E+000  1.0192988030846235E+000  1.0191176658788816E+000
  1.0189250492471760E+000  1.0187210672903602E+000  1.0185058413095054E+000  1.0182794998282731E+000  1.0180421780380058E+000
  1.0177940168671533E+000  1.0175351624712514E+000  1.0172657666493214E+000  1.0169859879132666E+000  1.0166959919408121E+000
  1.0163959509243923E+000  1.0160860435897587E+000  1.0157664556747867E+000  1.0154373791924629E+000  1.0150990117807879E+000
  1.0147515566528345E+000  1.0143952224265884E+000  1.0140302223589175E+000  1.0136567741332734E+000  1.0132751008202401E+000
  1.0128854300175227E+000  1.0124879909394009E+000  1.0120830183010161E+000  1.0116707507702831E+000  1.0112514312122609E+000
  1.0108253066076431E+000  1.0103926278805411E+000  1.0099536501561246E+000  1.0095086325649536E+000  1.0090578382464177E+000
  1.0086015343964247E+000  1.0081399920582244E+000  1.0076734862242194E+000  1.0072022954991848E+000  1.0067267022580193E+000
  1.0062469923489308E+000  1.0057634548109300E+000  1.0052763821998811E+000  1.0047860697233668E+000  1.0042928160059856E+000
  1.0037969214092917E+000  1.0032986900107312E+000  1.0027984263088241E+000  1.0022964389409221E+000  1.0017930347175219E+000
  1.0006512364202080E+000  1.0003943433034426E+000  1.0001392870744905E+000  9.9988525834730824E-001  9.9963037015943645E-001
  9.9876019177978703E-001  9.9825545571257757E-001  9.9775170612445296E-001  9.9724924339023180E-001  9.9674836747383666E-001
  9.9624937822965554E-001  9.9575257503254522E-001  9.9525825682914271E-001  9.9476672154731904E-001  9.9427826612375514E-001
  9.9379318619114543E-001  9.9331177570098528E-001  9.9283432720255327E-001  9.9236113079272814E-001  9.9189247501399080E-001
  9.9142864535786057E-001  9.9096992524990757E-001  9.9051659501669442E-001  9.9006893181417666E-001  9.8962721004255660E-001
  9.8919169974877574E-001  9.8876266803981550E-001  9.8834037755827120E-001  9.8792508656151345E-001  9.8751704962871645E-001
  9.8711651568763548E-001  9.8672372942781816E-001  9.8633893072892997E-001  9.8596235333557380E-001  9.8559422666003793E-001
  9.8523477456303943E-001  9.8488421458830822E-001  9.8454275984341777E-001  9.8421061780102204E-001  9.8388798948632816E-001
  9.8357507139338063E-001  9.8327205487110791E-001  9.8297912464174431E-001  9.8269646017616996E-001  9.8242423619639530E-001
  9.8216262070999016E-001  9.8191177453463352E-001  9.8167185253118994E-001  9.8144300312418553E-001  9.8122536642583769E-001
  9.8101907405743183E-001  9.8082425087560943E-001  9.8064101617970167E-001  9.8046948322635585E-001  9.8030975808906695E-001
  9.8016193907570326E-001  9.8002611682958385E-001  9.7990237460119733E-001  9.7979078835050437E-001  9.7969142668153730E-001
  9.7960435073758878E-001  9.7952961413004735E-001  9.7946726290172448E-001  9.7941733550514531E-001  9.7937986278334388E-001
  9.7935486795136129E-001  9.7934236657939988E-001  9.7934236657945684E-001  9.7935486795146220E-001  9.7937986278336697E-001
  9.7941733550507259E-001  9.7946726290168873E-001  9.7952961413006234E-001  9.7960435073752172E-001  9.7969142668150377E-001
  9.7979078835049938E-001  9.7990237460111296E-001  9.8002611682957574E-001  9.8016193907564786E-001  9.8030975808901621E-001
  9.8046948322634342E-001  9.8064101617964017E-001  9.8082425087559311E-001  9.8101907405726374E-001  9.8122536642570124E-001
  9.8144300312413502E-001  9.8167185253105416E-001  9.8191177453447198E-001  9.8216262070995763E-001  9.8242423619635144E-001
  9.8269646017612011E-001  9.8297912464172033E-001  9.8327205487102620E-001  9.8357507139336253E-001  9.8388798948628808E-001
  9.8421061780092678E-001  9.8454275984342321E-001  9.8488421458828856E-001  9.8523477456296304E-001  9.8559422666003238E-001
  9.8596235333562310E-001  9.8633893072890566E-001  9.8672372942773334E-001  9.8711651568755665E-001  9.8751704962868281E-001
  9.8792508656149580E-001  9.8834037755823700E-001  9.8876266803980017E-001  9.8919169974874177E-001  9.8962721004252430E-001
  9.9006893181414535E-001  9.9051659501666434E-001  9.9096992524988381E-001  9.9142864535783437E-001  9.9189247501396771E-001
  9.9236113079271315E-001  9.9283432720254228E-001  9.9331177570097895E-001  9.9379318619114376E-001  9.9427826612375503E-001
  9.9476672154732981E-001  9.9525825682916202E-001  9.9575257503257208E-001  9.9624937822968662E-001  9.9674836747387296E-001
  9.9724924339027465E-001  9.9775170612450093E-001  9.9825545571262997E-001  9.9876019177984310E-001  9.9963037015944589E-001
  9.9988525834732545E-001
BLOCK 8   2.1022136814700176E+000
  1.0001452243989242E+000  1.0004031061085756E+000  1.0006628561011455E+000  1.0018212047341972E+000  1.0023299978813827E+000
  1.0028373379169475E+000  1.0033429156028115E+000  1.0038464193473600E+000  1.0043475418056627E+000  1.0048459755877770E+000
  1.0053414170838875E+000  1.0058335643503042E+000  1.0063221189171880E+000  1.0068067849153939E+000  1.0072872700067483E+000
  1.0077632850504563E+000  1.0082345445768852E+000  1.0087007667666337E+000  1.0091616737230988E+000  1.0096169914315993E+000
  1.0100664501058523E+000  1.0105097839908970E+000  1.0109467317211411E+000  1.0113770361722398E+000  1.0118004445760591E+000
  1.0122167086276086E+000  1.0126255842024019E+000  1.0130268317278870E+000  1.0134202176240881E+000  1.0138055104018826E+000
  1.0141824836050461E+000  1.0145509147160363E+000  1.0149105863938586E+000  1.0152612860237340E+000  1.0156028055839306E+000
  1.0159349421208197E+000  1.0162574977694112E+000  1.0165702798518488E+000  1.0168731014406860E+000  1.0171657814678559E+000
  1.0174481449240105E+000  1.0177200233478223E+000  1.0179812551564746E+000  1.0182316855181051E+000  1.0184711666652126E+000
  1.0186995582133518E+000  1.0189167266613464E+000  1.0191225451099089E+000  1.0193168934341446E+000  1.0194996580205706E+000
  1.0196707312403523E+000  1.0198300114277439E+000  1.0199774035499121E+000  1.0201128200066965E+000  1.0202361809215510E+000
  1.0203474139211328E+000  1.0204464537489384E+000  1.0205332421271607E+000  1.0206077278375074E+000  1.0206698668416658E+000
  1.0207196223814219E+000  1.0207569649906743E+000  1.0207818725007407E+000  1.0207943300437194E+000  1.0207943300439588E+000
  1.0207818725009041E+000  1.0207569649906740E+000  1.0207196223816950E+000  1.0206698668421539E+000  1.0206077278377534E+000
  1.0205332421273288E+000  1.0204464537491922E+000  1.0203474139213338E+000  1.0202361809217173E+000  1.0201128200067633E+000
  1.0199774035500908E+000  1.0198300114279955E+000  1.0196707312404953E+000  1.0194996580205622E+000  1.0193168934342944E+000
  1.0191225451099872E+000  1.0189167266612589E+000  1.0186995582134675E+000  1.0184711666653952E+000  1.0182316855180824E+000
  1.0179812551563650E+000  1.0177200233477841E+000  1.0174481449240376E+000  1.0171657814679016E+000  1.0168731014407282E+000
  1.0165702798518874E+000  1.0162574977694456E+000  1.0159349421208577E+000  1.0156028055839641E+000  1.0152612860237702E+000
  1.0149105863938956E+000  1.0145509147160712E+000  1.0141824836050779E+000  1.0138055104019199E+000  1.0134202176241214E+000
  1.0130268317279230E+000  1.0126255842024370E+000  1.0122167086276419E+000  1.0118004445760964E+000  1.0113770361722776E+000
  1.0109467317211800E+000  1.0105097839909380E+000  1.0100664501058929E+000  1.0096169914316391E+000  1.0091616737231379E+000
  1.0087007667666692E+000  1.0082345445769201E+000  1.0077632850504874E+000  1.0072872700067739E+000  1.0068067849154143E+000
  1.0063221189172011E+000  1.0058335643503087E+000  1.0053414170838852E+000  1.0048459755877635E+000  1.0043475418056418E+000
  1.0038464193473293E+000  1.0033429156027704E+000  1.0028373379168956E+000  1.0023299978813225E+000  1.0018212047341344E+000
  1.0006628561011346E+000  1.0004031061085616E+000  1.0001452243989049E+000  9.9988842683757317E-001  9.9963075243530708E-001
  9.9875540878572622E-001  9.9824510473714667E-001  9.9773577196922414E-001  9.9722771377769626E-001  9.9672123346382691E-001
  9.9621663395176829E-001  9.9571421811239147E-001  9.9521428816437352E-001  9.9471714557988411E-001  9.9422309079275151E-001
  9.9373242288807440E-001  9.9324543963544509E-001  9.9276243686164545E-001  9.9228370882956929E-001  9.9180954728856008E-001
  9.9134024208986715E-001  9.9087608014931106E-001  9.9041734588187003E-001  9.8996432062886275E-001  9.8951728234866843E-001
  9.8907650594937224E-001  9.8864226209036088E-001  9.8821481811334322E-001  9.8779443684736989E-001  9.8738137683379112E-001
  9.8697589242225614E-001  9.8657823253048649E-001  9.8618864176512455E-001  9.8580735926068230E-001  9.8543461858565540E-001
  9.8507064852399806E-001  9.8471567152879969E-001  9.8436990456604423E-001  9.8403355925156522E-001  9.8370684050597557E-001
  9.8338994781199240E-001  9.8308307502716519E-001  9.8278640921021576E-001  9.8250013193807217E-001  9.8222441920364689E-001
  9.8195944011070246E-001  9.8170535789256330E-001  9.8146233024998930E-001  9.8123050779467680E-001  9.8101003417300170E-001
  9.8080104696218884E-001  9.8060367653878600E-001  9.8041804493796758E-001  9.8024426664641418E-001  9.8008244913660914E-001
  9.7993269187564269E-001  9.7979508585945252E-001  9.7966971482682241E-001  9.7955665643904377E-001  9.7945598187980243E-001
  9.7936775456823599E-001  9.7929202944473248E-001  9.7922885318544994E-001  9.7917826471074576E-001  9.7914029542138870E-001
  9.7911496912340290E-001  9.7910230187088154E-001  9.7910230187083469E-001  9.7911496912338214E-001  9.7914029542141856E-001
  9.7917826471068803E-001  9.7922885318538910E-001  9.7929202944469640E-001  9.7936775456823322E-001  9.7945598187984717E-001
  9.7955665643901990E-001  9.7966971482677156E-001  9.7979508585931552E-001  9.7993269187552623E-001  9.8008244913656839E-001
  9.8024426664630493E-001  9.8041804493789730E-001  9.8060367653870528E-001  9.8080104696212345E-001  9.8101003417292831E-001
  9.8123050779459153E-001  9.8146233024992513E-001  9.8170535789246949E-001  9.8195944011061098E-001  9.8222441920356529E-001
  9.8250013193795793E-001  9.8278640921016069E-001  9.8308307502706871E-001  9.8338994781185085E-001  9.8370684050595614E-001
  9.8403355925154457E-001  9.8436990456602591E-001  9.8471567152878725E-001  9.8507064852392678E-001  9.8543461858562653E-001
  9.8580735926065488E-001  9.8618864176505661E-001  9.8657823253044163E-001  9.8697589242225470E-001  9.8738137683374350E-001
  9.8779443684730694E-001  9.8821481811336298E-001  9.8864226209032369E-001  9.8907650594930163E-001  9.8951728234856717E-001
  9.8996432062882067E-001  9.9041734588187125E-001  9.9087608014929707E-001  9.9134024208984395E-001  9.9180954728853332E-001
  9.9228370882954731E-001  9.9276243686163101E-001  9.9324543963543843E-001  9.9373242288808072E-001  9.9422309079276094E-001
  9.9471714557990187E-001  9.9521428816440494E-001  9.9571421811242755E-001  9.9621663395181315E-001  9.9672123346388020E-001
  9.9722771377775465E-001  9.9773577196928998E-001  9.9824510473721961E-001  9.9875540878580571E-001  9.9963075243532562E-001
  9.9988842683760504E-001
BLOCK 9   2.4025299216800211E+000
  1.0001521367789270E+000  1.0004132964343195E+000  1.0013376905519000E+000  1.0018538967726196E+000  1.0023689242001834E+000
  1.0028824578835056E+000  1.0033941831127526E+000  1.0039037848609145E+000  1.0044109525912086E+000  1.0049153753067583E+000
  1.0054167461896466E+000  1.0059147596400748E+000  1.0064091137821853E+000  1.0068995091361410E+000  1.0073856499061309E+000
  1.0078672434333558E+000  1.0083440008784090E+000  1.0088156370922248E+000  1.0092818708947204E+000  1.0097424251272309E+000
  1.0101970267375275E+000  1.0106454072467490E+000  1.0110873027876939E+000  1.0115224537752576E+000  1.0119506050958964E+000
  1.0123715066242305E+000  1.0127849125341635E+000  1.0131905819985523E+000  1.0135882800580205E+000  1.0139777741373170E+000
  1.0143588365010727E+000  1.0147312447275609E+000  1.0150947813146924E+000  1.0154492339528582E+000  1.0157943948510739E+000
  1.0161300613125035E+000  1.0164560360811221E+000  1.0167721267391341E+000  1.0170781461774852E+000  1.0173739129386195E+000
  1.0176592513272127E+000  1.0179339917530932E+000  1.0181979708558444E+000  1.0184510317202955E+000  1.0186930242366006E+000
  1.0189238052915035E+000  1.0191432388112229E+000  1.0193511960253172E+000  1.0195475555902538E+000  1.0197322033223013E+000
  1.0199050322211689E+000  1.0200659424885981E+000  1.0202148411177998E+000  1.0203516416372529E+000  1.0204762642264056E+000
  1.0205886357458986E+000  1.0206886896542895E+000  1.0207763662398426E+000  1.0208516132029279E+000  1.0209143861257031E+000
  1.0209646484561341E+000  1.0210023711116831E+000  1.0210275321008360E+000  1.0210401164689662E+000  1.0210401164690759E+000
  1.0210275321007833E+000  1.0210023711119418E+000  1.0209646484561510E+000  1.0209143861255763E+000  1.0208516132030103E+000
  1.0207763662400831E+000  1.0206886896545238E+000  1.0205886357460163E+000  1.0204762642267153E+000  1.0203516416376543E+000
  1.0202148411179632E+000  1.0200659424887473E+000  1.0199050322212133E+000  1.0197322033224769E+000  1.0195475555903708E+000
  1.0193511960255219E+000  1.0191432388113228E+000  1.0189238052918370E+000  1.0186930242368017E+000  1.0184510317202871E+000
  1.0181979708559505E+000  1.0179339917531420E+000  1.0176592513271367E+000  1.0173739129386397E+000  1.0170781461775635E+000
  1.0167721267391052E+000  1.0164560360810353E+000  1.0161300613124820E+000  1.0157943948511332E+000  1.0154492339529346E+000
  1.0150947813147564E+000  1.0147312447276058E+000  1.0143588365011136E+000  1.0139777741373623E+000  1.0135882800580651E+000
  1.0131905819986002E+000  1.0127849125342143E+000  1.0123715066242798E+000  1.0119506050959461E+000  1.0115224537753098E+000
  1.0110873027877429E+000  1.0106454072468016E+000  1.0101970267375768E+000  1.0097424251272806E+000  1.0092818708947666E+000
  1.0088156370922645E+000  1.0083440008784470E+000  1.0078672434333875E+000  1.0073856499061560E+000  1.0068995091361588E+000
  1.0064091137821909E+000  1.0059147596400713E+000  1.0054167461896348E+000  1.0049153753067377E+000  1.0044109525911782E+000
  1.0039037848608723E+000  1.0033941831126980E+000  1.0028824578834410E+000  1.0023689242001064E+000  1.0018538967725306E+000
  1.0013376905518026E+000  1.0004132964342940E+000  1.0001521367788957E+000  9.9989213414080136E-001  9.9963122511994440E-001
  9.9874992757019099E-001  9.9823317197859673E-001  9.9771736869155669E-001  9.9720282515454584E-001  9.9668984855083598E-001
  9.9617874573177845E-001  9.9566982357135736E-001  9.9516338835838469E-001  9.9465974574445515E-001  9.9415920027587401E-001
  9.9366205542043973E-001  9.9316861304029858E-001  9.9267917355947033E-001  9.9219403529338146E-001  9.9171349475942550E-001
  9.9123784591409625E-001  9.9076738046921964E-001  9.9030238722868291E-001  9.8984315215743046E-001  9.8938995809967467E-001
  9.8894308432782374E-001  9.8850280682738501E-001  9.8806939734042865E-001  9.8764312394336795E-001  9.8722425013714876E-001
  9.8681303499311002E-001  9.8640973305225477E-001  9.8601459351566456E-001  9.8562786096485788E-001  9.8524977428689930E-001
  9.8488056697607973E-001  9.8452046714852104E-001  9.8416969657235209E-001  9.8382847156950226E-001  9.8349700222989878E-001
  9.8317549218653721E-001  9.8286413942343398E-001  9.8256313515964444E-001  9.8227266422924941E-001  9.8199290560366814E-001
  9.8172403125645069E-001  9.8146620680171615E-001  9.8121959186908292E-001  9.8098433895851189E-001  9.8076059399414528E-001
  9.8054849676102163E-001  9.8034817969689780E-001  9.8015976800374183E-001  9.7998338031272447E-001  9.7981912763303891E-001
  9.7966711274108520E-001  9.7952743097357686E-001  9.7940017001184609E-001  9.7928540884176329E-001  9.7918321807424724E-001
  9.7909366091454175E-001  9.7901679293795540E-001  9.7895266145255244E-001  9.7890130596408231E-001  9.7886275907430176E-001
  9.7883704637054514E-001  9.7882418548859373E-001  9.7882418548858097E-001  9.7883704637058488E-001  9.7886275907434994E-001
  9.7890130596405567E-001  9.7895266145248627E-001  9.7901679293789867E-001  9.7909366091450922E-001  9.7918321807412367E-001
  9.7928540884169180E-001  9.7940017001180857E-001  9.7952743097344974E-001  9.7966711274101803E-001  9.7981912763296164E-001
  9.7998338031265697E-001  9.8015976800365401E-001  9.8034817969684873E-001  9.8054849676092992E-001  9.8076059399404736E-001
  9.8098433895850012E-001  9.8121959186897978E-001  9.8146620680168617E-001  9.8172403125635277E-001  9.8199290560360675E-001
  9.8227266422924964E-001  9.8256313515957094E-001  9.8286413942333717E-001  9.8317549218642497E-001  9.8349700222980341E-001
  9.8382847156942987E-001  9.8416969657223108E-001  9.8452046714847019E-001  9.8488056697603299E-001  9.8524977428678973E-001
  9.8562786096484700E-001  9.8601459351565590E-001  9.8640973305223645E-001  9.8681303499309103E-001  9.8722425013706416E-001
  9.8764312394331111E-001  9.8806939734039179E-001  9.8850280682733427E-001  9.8894308432775613E-001  9.8938995809966235E-001
  9.8984315215738727E-001  9.9030238722862596E-001  9.9076738046919388E-001  9.9123784591407915E-001  9.9171349475938708E-001
  9.9219403529332306E-001  9.9267917355944668E-001  9.9316861304033666E-001  9.9366205542048380E-001  9.9415920027590121E-001
  9.9465974574447158E-001  9.9516338835841334E-001  9.9566982357140243E-001  9.9617874573183374E-001  9.9668984855090714E-001
  9.9720282515462400E-001  9.9771736869164074E-001  9.9823317197869010E-001  9.9874992757029191E-001  9.9963122511997593E-001
  9.9989213414085321E-001
BLOCK 10   2.7028461618900246E+000
  1.0001600523916840E+000  1.0004249447455282E+000  1.0013678499752869E+000  1.0018912018639048E+000  1.0024133215917104E+000
  1.0029338959412277E+000  1.0034526058115516E+000  1.0039691350995630E+000  1.0044831710809188E+000  1.0049943977015086E+000
  1.0055025059490714E+000  1.0060071872161505E+000  1.0065081339965229E+000  1.0070050412980391E+000  1.0074976093633776E+000
  1.0079855422131931E+000  1.0084685477842747E+000  1.0089463373965419E+000  1.0094186264699778E+000  1.0098851346020929E+000
  1.0103455856394836E+000  1.0107997078918953E+000  1.0112472343914278E+000  1.0116879026325560E+000  1.0121214551020827E+000
  1.0125476389427630E+000  1.0129662063083211E+000  1.0133769143373241E+000  1.0137795268235017E+000  1.0141738090167811E+000
  1.0145595320742602E+000  1.0149364726110903E+000  1.0153044126074011E+000  1.0156631389619992E+000  1.0160124438735194E+000
  1.0163521244837102E+000  1.0166819834098604E+000  1.0170018284223050E+000  1.0173114726930590E+000  1.0176107350969834E+000
  1.0178994399209578E+000  1.0181774173298299E+000  1.0184445036028358E+000  1.0187005410138594E+000  1.0189453781586111E+000
  1.0191788702738844E+000  1.0194008794724110E+000  1.0196112749463317E+000  1.0198099330674355E+000  1.0199967374897438E+000
  1.0201715793524542E+000  1.0203343573242878E+000  1.0204849774896294E+000  1.0206233533889053E+000  1.0207494059265760E+000
  1.0208630630624393E+000  1.0209642597277113E+000  1.0210529378078921E+000  1.0211290459916886E+000  1.0211925397646799E+000
  1.0212433816000244E+000  1.0212815410138980E+000  1.0213069944697792E+000  1.0213197255551729E+000  1.0213197255552080E+000
  1.0213069944697075E+000  1.0212815410138556E+000  1.0212433815999997E+000  1.0211925397646435E+000  1.0211290459918030E+000
  1.0210529378079332E+000  1.0209642597277837E+000  1.0208630630625954E+000  1.0207494059266855E+000  1.0206233533889706E+000
  1.0204849774898275E+000  1.0203343573246675E+000  1.0201715793528601E+000  1.0199967374899677E+000  1.0198099330677615E+000
  1.0196112749465296E+000  1.0194008794725620E+000  1.0191788702738922E+000  1.0189453781587474E+000  1.0187005410139072E+000
  1.0184445036030276E+000  1.0181774173299707E+000  1.0178994399210213E+000  1.0176107350971457E+000  1.0173114726931272E+000
  1.0170018284222437E+000  1.0166819834098504E+000  1.0163521244836988E+000  1.0160124438734592E+000  1.0156631389619990E+000
  1.0153044126074549E+000  1.0149364726111043E+000  1.0145595320742489E+000  1.0141738090168211E+000  1.0137795268236087E+000
  1.0133769143374447E+000  1.0129662063084126E+000  1.0125476389428276E+000  1.0121214551021398E+000  1.0116879026326160E+000
  1.0112472343914898E+000  1.0107997078919584E+000  1.0103455856395487E+000  1.0098851346021522E+000  1.0094186264700293E+000
  1.0089463373965877E+000  1.0084685477843112E+000  1.0079855422132251E+000  1.0074976093633996E+000  1.0070050412980491E+000
  1.0065081339965283E+000  1.0060071872161438E+000  1.0055025059490499E+000  1.0049943977014750E+000  1.0044831710808735E+000
  1.0039691350995039E+000  1.0034526058114812E+000  1.0029338959411411E+000  1.0024133215916142E+000  1.0018912018637971E+000
  1.0013678499751688E+000  1.0004249447454889E+000  1.0001600523916379E+000  9.9989641027806631E-001  9.9963180394787399E-001
  9.9874375559135820E-001  9.9821964681662489E-001  9.9769647219487523E-001  9.9717454367643288E-001  9.9665417025671399E-001
  9.9613566434369627E-001  9.9561933649933732E-001  9.9510549452218666E-001  9.9459444829796595E-001  9.9408650899105822E-001
  9.9358198594476788E-001  9.9308118629747910E-001  9.9258441517726692E-001  9.9209197611425870E-001  9.9160417049393768E-001
  9.9112129764474377E-001  9.9064365428540646E-001  9.9017153458197316E-001  9.8970522974614439E-001  9.8924502786047475E-001
  9.8879121376603518E-001  9.8834406855470569E-001  9.8790386978330635E-001  9.8747089070032756E-001  9.8704540058523316E-001
  9.8662766405787361E-001  9.8621794110104688E-001  9.8581648690650037E-001  9.8542355128157100E-001  9.8503937906887917E-001
  9.8466420926742881E-001  9.8429827536443792E-001  9.8394180503832585E-001  9.8359501965936014E-001  9.8325813483484648E-001
  9.8293135953777799E-001  9.8261489641145427E-001  9.8230894180734707E-001  9.8201368502959063E-001  9.8172930906132594E-001
  9.8145599008948314E-001  9.8119389719932681E-001  9.8094319311123235E-001  9.8070403343142099E-001  9.8047656666492766E-001
  9.8026093483332155E-001  9.8005727261421627E-001  9.7986570744914259E-001  9.7968636009769905E-001  9.7951934376310934E-001
  9.7936476401930506E-001  9.7922271930479687E-001  9.7909329999087358E-001  9.7897658791113296E-001  9.7887265718872185E-001
  9.7878157422669609E-001  9.7870339713731613E-001  9.7863817584173751E-001  9.7858595167921791E-001  9.7854675645331302E-001
  9.7852061300178272E-001  9.7850753694496628E-001  9.7850753694498105E-001  9.7852061300172932E-001  9.7854675645326417E-001
  9.7858595167916473E-001  9.7863817584162482E-001  9.7870339713728149E-001  9.7878157422662815E-001  9.7887265718860694E-001
  9.7897658791109665E-001  9.7909329999080330E-001  9.7922271930469829E-001  9.7936476401920081E-001  9.7951934376306848E-001
  9.7968636009756715E-001  9.7986570744905743E-001  9.8005727261415687E-001  9.8026093483318955E-001  9.8047656666485739E-001
  9.8070403343142476E-001  9.8094319311126421E-001  9.8119389719920480E-001  9.8145599008946782E-001  9.8172930906129097E-001
  9.8201368502953656E-001  9.8230894180728112E-001  9.8261489641136190E-001  9.8293135953772992E-001  9.8325813483474578E-001
  9.8359501965926777E-001  9.8394180503827700E-001  9.8429827536435932E-001  9.8466420926731446E-001  9.8503937906875183E-001
  9.8542355128147441E-001  9.8581648690644996E-001  9.8621794110095740E-001  9.8662766405781321E-001  9.8704540058520751E-001
  9.8747089070025940E-001  9.8790386978327482E-001  9.8834406855467716E-001  9.8879121376600920E-001  9.8924502786043012E-001
  9.8970522974607400E-001  9.9017153458189133E-001  9.9064365428538004E-001  9.9112129764472345E-001  9.9160417049390293E-001
  9.9209197611425803E-001  9.9258441517727558E-001  9.9308118629746911E-001  9.9358198594477742E-001  9.9408650899109141E-001
  9.9459444829801091E-001  9.9510549452221975E-001  9.9561933649939016E-001  9.9613566434379952E-001  9.9665417025683933E-001
  9.9717454367654168E-001  9.9769647219496571E-001  9.9821964681672337E-001  9.9874375559147877E-001  9.9963180394791773E-001
  9.9989641027814158E-001
BLOCK 11   3.0031624021000281E+000
  1.0001689919355126E+000  1.0004380768421588E+000  1.0014018117443100E+000  1.0019331843192483E+000  1.0024632712694128E+000
  1.0029917531143362E+000  1.0035183079777807E+000  1.0040426158447580E+000  1.0045643580938770E+000  1.0050832176145308E+000
  1.0055988792151493E+000  1.0061110305693288E+000  1.0066193617640469E+000  1.0071235653957968E+000  1.0076233387601097E+000
  1.0081183806084382E+000  1.0086083942804098E+000  1.0090930874373314E+000  1.0095721708568117E+000  1.0100453591182201E+000
  1.0105123723295633E+000  1.0109729360132504E+000  1.0114267805420798E+000  1.0118736411018883E+000  1.0123132569060562E+000
  1.0127453722784052E+000  1.0131697371746786E+000  1.0135861073388219E+000  1.0139942418951464E+000  1.0143939045230352E+000
  1.0147848653251177E+000  1.0151668993726866E+000  1.0155397873333494E+000  1.0159033156063426E+000  1.0162572756860551E+000
  1.0166014641394574E+000  1.0169356830125951E+000  1.0172597400095407E+000  1.0175734482452243E+000  1.0178766265261905E+000
  1.0181690992767569E+000  1.0184506966576274E+000  1.0187212548461546E+000  1.0189806159265571E+000  1.0192286282314140E+000
  1.0194651465253084E+000  1.0196900320025784E+000  1.0199031526368654E+000  1.0201043833743328E+000  1.0202936061704073E+000
  1.0204707101716992E+000  1.0206355919568781E+000  1.0207881557244711E+000  1.0209283134413298E+000  1.0210559848261518E+000
  1.0211710971799495E+000  1.0212735851822801E+000  1.0213633906083830E+000  1.0214404622131028E+000  1.0215047559637587E+000
  1.0215562352034360E+000  1.0215948705683022E+000  1.0216206399401211E+000  1.0216335284617988E+000  1.0216335284617644E+000
  1.0216206399401615E+000  1.0215948705682718E+000  1.0215562352034804E+000  1.0215047559637294E+000  1.0214404622130751E+000
  1.0213633906084043E+000  1.0212735851823174E+000  1.0211710971800771E+000  1.0210559848262395E+000  1.0209283134414768E+000
  1.0207881557246716E+000  1.0206355919570609E+000  1.0204707101719184E+000  1.0202936061706578E+000  1.0201043833745835E+000
  1.0199031526371001E+000  1.0196900320027766E+000  1.0194651465255906E+000  1.0192286282317398E+000  1.0189806159266830E+000
  1.0187212548462912E+000  1.0184506966576596E+000  1.0181690992768015E+000  1.0178766265261265E+000  1.0175734482452097E+000
  1.0172597400096177E+000  1.0169356830127576E+000  1.0166014641395451E+000  1.0162572756860746E+000  1.0159033156063966E+000
  1.0155397873333543E+000  1.0151668993726208E+000  1.0147848653250962E+000  1.0143939045230548E+000  1.0139942418951644E+000
  1.0135861073388763E+000  1.0131697371747810E+000  1.0127453722784965E+000  1.0123132569061268E+000  1.0118736411019817E+000
  1.0114267805422070E+000  1.0109729360133770E+000  1.0105123723296501E+000  1.0100453591182710E+000  1.0095721708568497E+000
  1.0090930874373718E+000  1.0086083942804474E+000  1.0081183806084721E+000  1.0076233387601352E+000  1.0071235653958064E+000
  1.0066193617640420E+000  1.0061110305693086E+000  1.0055988792151145E+000  1.0050832176144862E+000  1.0045643580938131E+000
  1.0040426158446791E+000  1.0035183079776873E+000  1.0029917531142194E+000  1.0024632712692909E+000  1.0019331843191241E+000
  1.0014018117441879E+000  1.0004380768421159E+000  1.0001689919354508E+000  9.9990127029701426E-001  9.9963250479997134E-001
  9.9873692693437022E-001  9.9820455855859636E-001  9.9767309972266249E-001  9.9714286614839187E-001  9.9661417485512094E-001
  9.9608734083570427E-001  9.9556268176465224E-001  9.9504051284254058E-001  9.9452114934116609E-001  9.9400490674795650E-001
  9.9349209734079269E-001  9.9298303313386471E-001  9.9247802565666765E-001  9.9197738283130055E-001  9.9148141133092826E-001
  9.9099041783414976E-001  9.9050470685177294E-001  9.9002457871465366E-001  9.8955033007051152E-001  9.8908225461682775E-001
  9.8862064301210695E-001  9.8816578263783006E-001  9.8771795694898501E-001  9.8727744558155495E-001  9.8684452373461873E-001
  9.8641946233400779E-001  9.8600252750799400E-001  9.8559398051393332E-001  9.8519407757335187E-001  9.8480306939063733E-001
  9.8442120138453537E-001  9.8404871298327090E-001  9.8368583786690889E-001  9.8333280357241970E-001  9.8298983124065931E-001
  9.8265713585211656E-001  9.8233492552728197E-001  9.8202340191100079E-001  9.8172275983407964E-001  9.8143318702010129E-001
  9.8115486451108269E-001  9.8088796599929140E-001  9.8063265813444345E-001  9.8038910065588347E-001  9.8015744579960518E-001
  9.7993783874783802E-001  9.7973041717710541E-001  9.7953531079857603E-001  9.7935264219306783E-001  9.7918252680620144E-001
  9.7902507296034325E-001  9.7888038199376204E-001  9.7874854692050672E-001  9.7862965188010176E-001  9.7852377308245864E-001
  9.7843097870607687E-001  9.7835132832884253E-001  9.7828487320483792E-001  9.7823165637638843E-001  9.7819171258406190E-001
  9.7816506835884698E-001  9.7815174167571761E-001  9.7815174167568752E-001  9.7816506835878980E-001  9.7819171258401516E-001
  9.7823165637634102E-001  9.7828487320476210E-001  9.7835132832876937E-001  9.7843097870599249E-001  9.7852377308234739E-001
  9.7862965187999584E-001  9.7874854692039759E-001  9.7888038199357175E-001  9.7902507296029051E-001  9.7918252680619611E-001
  9.7935264219301754E-001  9.7953531079849732E-001  9.7973041717702403E-001  9.7993783874773588E-001  9.8015744579948083E-001
  9.8038910065582607E-001  9.8063265813431999E-001  9.8088796599921901E-001  9.8115486451098299E-001  9.8143318702005244E-001
  9.8172275983395707E-001  9.8202340191093129E-001  9.8233492552722335E-001  9.8265713585201897E-001  9.8298983124060357E-001
  9.8333280357235220E-001  9.8368583786685138E-001  9.8404871298317143E-001  9.8442120138441391E-001  9.8480306939055773E-001
  9.8519407757323962E-001  9.8559398051381408E-001  9.8600252750788608E-001  9.8641946233390487E-001  9.8684452373451492E-001
  9.8727744558143637E-001  9.8771795694889941E-001  9.8816578263778998E-001  9.8862064301205921E-001  9.8908225461679278E-001
  9.8955033007050475E-001  9.9002457871464233E-001  9.9050470685175174E-001  9.9099041783414155E-001  9.9148141133091239E-001
  9.9197738283128889E-001  9.9247802565665222E-001  9.9298303313384673E-001  9.9349209734081712E-001  9.9400490674802322E-001
  9.9452114934122171E-001  9.9504051284261119E-001  9.9556268176474272E-001  9.9608734083579942E-001  9.9661417485522252E-001
  9.9714286614850944E-001  9.9767309972280616E-001  9.9820455855874490E-001  9.9873692693451543E-001  9.9963250480003329E-001
  9.9990127029712228E-001
BLOCK 12   3.3034786423100315E+000
  1.0001789849308500E+000  1.0004527329627191E+000  1.0014396609357088E+000  1.0019799461163033E+000  1.0025188830743939E+000
  1.0030561490208747E+000  1.0035914165712361E+000  1.0041243622625593E+000  1.0046546628662618E+000  1.0051819965275959E+000
  1.0057060447948605E+000  1.0062264898182267E+000  1.0067430184926804E+000  1.0072553189575881E+000  1.0077630836823930E+000
  1.0082660082286166E+000  1.0087637919010939E+000  1.0092561385378922E+000  1.0097427555072658E+000  1.0102233543257855E+000
  1.0106976519234996E+000  1.0111653688586861E+000  1.0116262307204236E+000  1.0120799686489224E+000  1.0125263185064124E+000
  1.0129650213887360E+000  1.0133958240132288E+000  1.0138184816116518E+000  1.0142327498660975E+000  1.0146383911543151E+000
  1.0150351728166291E+000  1.0154228682907640E+000  1.0158012564960921E+000  1.0161701221877946E+000  1.0165292556739400E+000
  1.0168784527331374E+000  1.0172175150315150E+000  1.0175462496503946E+000  1.0178644693438788E+000  1.0181719927983843E+000
  1.0184686444144004E+000  1.0187542541645924E+000  1.0190286580583989E+000  1.0192916982249705E+000  1.0195432228883143E+000
  1.0197830865273163E+000  1.0200111499254774E+000  1.0202272805411770E+000  1.0204313527656721E+000  1.0206232479473916E+000
  1.0208028544847980E+000  1.0209700677330198E+000  1.0211247899907130E+000  1.0212669308125863E+000  1.0213964073207178E+000
  1.0215131443750609E+000  1.0216170747485023E+000  1.0217081392891008E+000  1.0217862869540948E+000  1.0218514746528413E+000
  1.0219036669152717E+000  1.0219428356346618E+000  1.0219689599047272E+000  1.0219820257224852E+000  1.0219820257225047E+000
  1.0219689599047495E+000  1.0219428356346951E+000  1.0219036669152948E+000  1.0218514746528942E+000  1.0217862869541183E+000
  1.0217081392891745E+000  1.0216170747485607E+000  1.0215131443751546E+000  1.0213964073208408E+000  1.0212669308126869E+000
  1.0211247899907918E+000  1.0209700677330948E+000  1.0208028544849783E+000  1.0206232479476141E+000  1.0204313527658371E+000
  1.0202272805414465E+000  1.0200111499256788E+000  1.0197830865275648E+000  1.0195432228885408E+000  1.0192916982252314E+000
  1.0190286580586985E+000  1.0187542541647481E+000  1.0184686444146558E+000  1.0181719927985720E+000  1.0178644693440502E+000
  1.0175462496504659E+000  1.0172175150314717E+000  1.0168784527331143E+000  1.0165292556739258E+000  1.0161701221877877E+000
  1.0158012564961192E+000  1.0154228682908653E+000  1.0150351728167757E+000  1.0146383911543913E+000  1.0142327498661026E+000
  1.0138184816116698E+000  1.0133958240132448E+000  1.0129650213887329E+000  1.0125263185064495E+000  1.0120799686490092E+000
  1.0116262307205244E+000  1.0111653688587972E+000  1.0106976519236270E+000  1.0102233543258985E+000  1.0097427555073475E+000
  1.0092561385379635E+000  1.0087637919011685E+000  1.0082660082286787E+000  1.0077630836824132E+000  1.0072553189575646E+000
  1.0067430184926338E+000  1.0062264898181734E+000  1.0057060447948074E+000  1.0051819965275448E+000  1.0046546628662050E+000
  1.0041243622624749E+000  1.0035914165711155E+000  1.0030561490207344E+000  1.0025188830742451E+000  1.0019799461161396E+000
  1.0014396609355236E+000  1.0004527329626502E+000  1.0001789849307803E+000  9.9990673929012586E-001  9.9963333947483957E-001
  9.9872944897935723E-001  9.9818790032600568E-001  9.9764723319846449E-001  9.9710776937596712E-001  9.9656983021134160E-001
  9.9603373838302711E-001  9.9549981547956379E-001  9.9496838431803047E-001  9.9443976611518892E-001  9.9391428177406671E-001
  9.9339225163572342E-001  9.9287399352284555E-001  9.9235982516838983E-001  9.9185006185677371E-001  9.9134501644377948E-001
  9.9084500104838935E-001  9.9035032440249715E-001  9.8986129251030330E-001  9.8937820998680093E-001  9.8890137794567134E-001
  9.8843109370392634E-001  9.8796765222902871E-001  9.8751134547126418E-001  9.8706245999985720E-001  9.8662127705607472E-001
  9.8618807333302538E-001  9.8576312162752666E-001  9.8534669014392162E-001  9.8493904194874704E-001  9.8454043469434349E-001
  9.8415112026106621E-001  9.8377134491936047E-001  9.8340134877103447E-001  9.8304136587618951E-001  9.8269162383061748E-001
  9.8235234362050561E-001  9.8202373971443346E-001  9.8170601964328597E-001  9.8139938431306495E-001  9.8110402741667890E-001
  9.8082013514164679E-001  9.8054788613998933E-001  9.8028745127612182E-001  9.8003899452640864E-001  9.7980267294563517E-001
  9.7957863620294128E-001  9.7936702635711248E-001  9.7916797717761139E-001  9.7898161462419886E-001  9.7880805701182561E-001
  9.7864741419764423E-001  9.7849978795999593E-001  9.7836527238565341E-001  9.7824395372666995E-001  9.7813591050445514E-001
  9.7804121314744963E-001  9.7795992400786902E-001  9.7789209767317420E-001  9.7783778009657818E-001  9.7779700822924087E-001
  9.7776981066566859E-001  9.7775620698214749E-001  9.7775620698212506E-001  9.7776981066567470E-001  9.7779700822921911E-001
  9.7783778009647548E-001  9.7789209767308649E-001  9.7795992400780118E-001  9.7804121314740977E-001  9.7813591050434212E-001
  9.7824395372656969E-001  9.7836527238556203E-001  9.7849978795990777E-001  9.7864741419753831E-001  9.7880805701174078E-001
  9.7898161462410149E-001  9.7916797717751647E-001  9.7936702635697526E-001  9.7957863620274743E-001  9.7980267294556767E-001
  9.8003899452627208E-001  9.8028745127600436E-001  9.8054788613984756E-001  9.8082013514151378E-001  9.8110402741653002E-001
  9.8139938431294360E-001  9.8170601964314019E-001  9.8202373971437840E-001  9.8235234362035240E-001  9.8269162383046427E-001
  9.8304136587614133E-001  9.8340134877092700E-001  9.8377134491926832E-001  9.8415112026098484E-001  9.8454043469423513E-001
  9.8493904194864901E-001  9.8534669014380549E-001  9.8576312162743762E-001  9.8618807333289971E-001  9.8662127705592251E-001
  9.8706245999975373E-001  9.8751134547116481E-001  9.8796765222892724E-001  9.8843109370384730E-001  9.8890137794560506E-001
  9.8937820998675174E-001  9.8986129251024368E-001  9.9035032440246151E-001  9.9084500104840956E-001  9.9134501644381334E-001
  9.9185006185679458E-001  9.9235982516843579E-001  9.9287399352289474E-001  9.9339225163576494E-001  9.9391428177411822E-001
  9.9443976611525065E-001  9.9496838431810475E-001  9.9549981547966115E-001  9.9603373838312825E-001  9.9656983021147005E-001
  9.9710776937614265E-001  9.9764723319864679E-001  9.9818790032617855E-001  9.9872944897953664E-001  9.9963333947491018E-001
  9.9990673929024654E-001
BLOCK 13   3.6037948825200350E+000
  1.0001900661495227E+000  1.0004689562449811E+000  1.0014814939677976E+000  1.0020315961566000E+000  1.0025802806780026E+000
  1.0031272201771768E+000  1.0036720820428908E+000  1.0042145386703620E+000  1.0047542612392064E+000  1.0052909240013892E+000
  1.0058242029517146E+000  1.0063537764979245E+000  1.0068793259910274E+000  1.0074005357109908E+000  1.0079170936046278E+000
  1.0084286908029700E+000  1.0089350227898746E+000  1.0094357885730114E+000  1.0099306918418136E+000  1.0104194401033983E+000
  1.0109017457833265E+000  1.0113773265564356E+000  1.0118459048728539E+000  1.0123072077072386E+000  1.0127609679554204E+000
  1.0132069232834466E+000  1.0136448190178704E+000  1.0140744023946546E+000  1.0144954265361337E+000  1.0149076510955375E+000
  1.0153108421806973E+000  1.0157047706645463E+000  1.0160892146148122E+000  1.0164639578224259E+000  1.0168287894596040E+000
  1.0171835038076800E+000  1.0175279009772968E+000  1.0178617870388089E+000  1.0181849740169939E+000  1.0184972800140093E+000
  1.0187985289110770E+000  1.0190885505554659E+000  1.0193671810406810E+000  1.0196342626533621E+000  1.0198896438929321E+000
  1.0201331795913067E+000  1.0203647306534545E+000  1.0205841640414197E+000  1.0207913531595743E+000  1.0209861780486440E+000
  1.0211685256161516E+000  1.0213382898630847E+000  1.0214953721184621E+000  1.0216396813391131E+000  1.0217711342081488E+000
  1.0218896551859853E+000  1.0219951765926358E+000  1.0220876385104651E+000  1.0221669886454721E+000  1.0222331822989379E+000
  1.0222861822795177E+000  1.0223259587580884E+000  1.0223524892281530E+000  1.0223657584792596E+000  1.0223657584792787E+000
  1.0223524892281630E+000  1.0223259587581410E+000  1.0222861822795892E+000  1.0222331822990287E+000  1.0221669886455373E+000
  1.0220876385105295E+000  1.0219951765927415E+000  1.0218896551860661E+000  1.0217711342082383E+000  1.0216396813392028E+000
  1.0214953721185593E+000  1.0213382898631727E+000  1.0211685256162846E+000  1.0209861780487883E+000  1.0207913531597588E+000
  1.0205841640415956E+000  1.0203647306536558E+000  1.0201331795915463E+000  1.0198896438931824E+000  1.0196342626536550E+000
  1.0193671810409324E+000  1.0190885505557270E+000  1.0187985289112584E+000  1.0184972800142158E+000  1.0181849740171816E+000
  1.0178617870389801E+000  1.0175279009774116E+000  1.0171835038078014E+000  1.0168287894597190E+000  1.0164639578225059E+000
  1.0160892146148648E+000  1.0157047706645295E+000  1.0153108421806396E+000  1.0149076510955191E+000  1.0144954265361728E+000
  1.0140744023947268E+000  1.0136448190179639E+000  1.0132069232835663E+000  1.0127609679555454E+000  1.0123072077073063E+000
  1.0118459048728621E+000  1.0113773265564587E+000  1.0109017457833764E+000  1.0104194401034545E+000  1.0099306918418864E+000
  1.0094357885731065E+000  1.0089350227899692E+000  1.0084286908030529E+000  1.0079170936046962E+000  1.0074005357110243E+000
  1.0068793259910154E+000  1.0063537764978840E+000  1.0058242029516555E+000  1.0052909240013039E+000  1.0047542612390843E+000
  1.0042145386702106E+000  1.0036720820427241E+000  1.0031272201770103E+000  1.0025802806778414E+000  1.0020315961564303E+000
  1.0014814939675962E+000  1.0004689562448892E+000  1.0001900661494252E+000  9.9991284486309662E-001  9.9963432577685285E-001
  9.9872133994102807E-001  9.9816967376891119E-001  9.9761885817862284E-001  9.9706922038316870E-001  9.9652108876120771E-001
  9.9597479125160338E-001  9.9543065717461754E-001  9.9488901486024095E-001  9.9435019310347139E-001  9.9381451955072053E-001
  9.9328232106922831E-001  9.9275392374406557E-001  9.9222965141530406E-001  9.9170982723290912E-001  9.9119477171404735E-001
  9.9068480343783072E-001  9.9018023922997067E-001  9.8968139238993147E-001  9.8918857424052309E-001  9.8870209313405255E-001
  9.8822225342186731E-001  9.8774935699190602E-001  9.8728370190875692E-001  9.8682558173089907E-001  9.8637528657233231E-001
  9.8593310252502708E-001  9.8549931008038094E-001  9.8507418496249854E-001  9.8465799820779987E-001  9.8425101471060106E-001
  9.8385349264097377E-001  9.8346568431436154E-001  9.8308783719348547E-001  9.8272019302205593E-001  9.8236298690783408E-001
  9.8201644649420106E-001  9.8168079218675319E-001  9.8135623770359326E-001  9.8104299000243622E-001  9.8074124922163664E-001
  9.8045120792917195E-001  9.8017305119842313E-001  9.7990695661943672E-001  9.7965309381142673E-001  9.7941162432849727E-001
  9.7918270134022400E-001  9.7896647011995208E-001  9.7876306809632707E-001  9.7857262432368541E-001  9.7839526002358135E-001
  9.7823108867860054E-001  9.7808021578140636E-001  9.7794273884573535E-001  9.7781874721924289E-001  9.7770832226888083E-001
  9.7761153702865267E-001  9.7752845569729374E-001  9.7745913411342289E-001  9.7740361937644948E-001  9.7736194918713859E-001
  9.7733415244439681E-001  9.7732024901531078E-001  9.7732024901532133E-001  9.7733415244440236E-001  9.7736194918715169E-001
  9.7740361937640718E-001  9.7745913411333496E-001  9.7752845569723412E-001  9.7761153702856973E-001  9.7770832226887194E-001
  9.7781874721916662E-001  9.7794273884559990E-001  9.7808021578128357E-001  9.7823108867848996E-001  9.7839526002342825E-001
  9.7857262432350411E-001  9.7876306809619040E-001  9.7896647011977922E-001  9.7918270134007823E-001  9.7941162432829365E-001
  9.7965309381128352E-001  9.7990695661930116E-001  9.8017305119825737E-001  9.8045120792908114E-001  9.8074124922146177E-001
  9.8104299000231920E-001  9.8135623770342550E-001  9.8168079218661553E-001  9.8201644649404984E-001  9.8236298690760382E-001
  9.8272019302189895E-001  9.8308783719335990E-001  9.8346568431421411E-001  9.8385349264088839E-001  9.8425101471046572E-001
  9.8465799820763589E-001  9.8507418496240762E-001  9.8549931008028990E-001  9.8593310252493294E-001  9.8637528657221951E-001
  9.8682558173077994E-001  9.8728370190864789E-001  9.8774935699178645E-001  9.8822225342177727E-001  9.8870209313396773E-001
  9.8918857424042006E-001  9.8968139238986841E-001  9.9018023922993870E-001  9.9068480343782439E-001  9.9119477171405168E-001
  9.9170982723293555E-001  9.9222965141535857E-001  9.9275392374413085E-001  9.9328232106929881E-001  9.9381451955083622E-001
  9.9435019310361927E-001  9.9488901486037518E-001  9.9543065717475376E-001  9.9597479125175015E-001  9.9652108876135614E-001
  9.9706922038332602E-001  9.9761885817879570E-001  9.9816967376909926E-001  9.9872133994124135E-001  9.9963432577694078E-001
  9.9991284486325493E-001
BLOCK 14   3.9041111227300385E+000
  1.0002022728026667E+000  1.0004867940291067E+000  1.0015274155715921E+000  1.0020882559774991E+000  1.0026476018363195E+000
  1.0032051202885606E+000  1.0037604731554377E+000  1.0043133278224883E+000  1.0048633503096049E+000  1.0054102099295861E+000
  1.0059535777824329E+000  1.0064931272221813E+000  1.0070285348902868E+000  1.0075594797300695E+000  1.0080856449898326E+000
  1.0086067171691468E+000  1.0091223872030162E+000  1.0096323495162989E+000  1.0101363034366970E+000  1.0106339527398245E+000
  1.0111250055927345E+000  1.0116091756172556E+000  1.0120861810310138E+000  1.0125557452654357E+000  1.0130175971965596E+000
  1.0134714740806370E+000  1.0139171138480672E+000  1.0143542621372423E+000  1.0147826691120521E+000  1.0152020912313693E+000
  1.0156122913250067E+000  1.0160130381328529E+000  1.0164041066700833E+000  1.0167852781421967E+000  1.0171563392300260E+000
  1.0175170832972920E+000  1.0178673097790578E+000  1.0182068240650906E+000  1.0185354379926299E+000  1.0188529697134019E+000
  1.0191592429754215E+000  1.0194540870362243E+000  1.0197373371842413E+000  1.0200088348662131E+000  1.0202684277847436E+000
  1.0205159699340123E+000  1.0207513215618405E+000  1.0209743493686105E+000  1.0211849268025111E+000  1.0213829341367231E+000
  1.0215682586788888E+000  1.0217407949712116E+000  1.0219004446936202E+000  1.0220471167040071E+000  1.0221807271470782E+000
  1.0223011994677560E+000  1.0224084644248359E+000  1.0225024600463077E+000  1.0225831316371239E+000  1.0226504318963077E+000
  1.0227043210232025E+000  1.0227447668173637E+000  1.0227717447950155E+000  1.0227852382504616E+000  1.0227852382504568E+000
  1.0227717447950337E+000  1.0227447668173899E+000  1.0227043210232598E+000  1.0226504318963787E+000  1.0225831316372087E+000
  1.0225024600463741E+000  1.0224084644249243E+000  1.0223011994678519E+000  1.0221807271471866E+000  1.0220471167041350E+000
  1.0219004446937336E+000  1.0217407949713659E+000  1.0215682586790340E+000  1.0213829341368790E+000  1.0211849268027013E+000
  1.0209743493687644E+000  1.0207513215620216E+000  1.0205159699341810E+000  1.0202684277849672E+000  1.0200088348664249E+000
  1.0197373371844445E+000  1.0194540870364435E+000  1.0191592429756577E+000  1.0188529697136515E+000  1.0185354379928893E+000
  1.0182068240654665E+000  1.0178673097792883E+000  1.0175170832975826E+000  1.0171563392302110E+000  1.0167852781422881E+000
  1.0164041066701783E+000  1.0160130381329482E+000  1.0156122913250663E+000  1.0152020912314290E+000  1.0147826691121000E+000
  1.0143542621372725E+000  1.0139171138480869E+000  1.0134714740806341E+000  1.0130175971965569E+000  1.0125557452654728E+000
  1.0120861810311066E+000  1.0116091756173775E+000  1.0111250055928462E+000  1.0106339527399191E+000  1.0101363034367761E+000
  1.0096323495163322E+000  1.0091223872030046E+000  1.0086067171691349E+000  1.0080856449898477E+000  1.0075594797300935E+000
  1.0070285348903016E+000  1.0064931272221911E+000  1.0059535777824198E+000  1.0054102099295257E+000  1.0048633503094895E+000
  1.0043133278223284E+000  1.0037604731552463E+000  1.0032051202883401E+000  1.0026476018360804E+000  1.0020882559772539E+000
  1.0015274155713454E+000  1.0004867940290043E+000  1.0002022728025644E+000  9.9991961634221216E-001  9.9963548293036930E-001
  9.9871262107674730E-001  9.9814988333930355E-001  9.9758796089819102E-001  9.9702718817276026E-001  9.9646789979750305E-001
  9.9591043144553359E-001  9.9535511894004947E-001  9.9480229860775560E-001  9.9425230623589389E-001  9.9370547730920145E-001
  9.9316214645518663E-001  9.9262264702677028E-001  9.9208731150851193E-001  9.9155647019421922E-001  9.9103045224629249E-001
  9.9050958424444691E-001  9.8999419072853734E-001  9.8948459393390520E-001  9.8898111277049883E-001  9.8848406385117971E-001
  9.8799376016569262E-001  9.8751051112262322E-001  9.8703462295990818E-001  9.8656639713142191E-001  9.8610613128457503E-001
  9.8565411912077572E-001  9.8521064937465841E-001  9.8477600628348561E-001  9.8435046907280010E-001  9.8393431046534618E-001
  9.8352779737607388E-001  9.8313119138360516E-001  9.8274474748679919E-001  9.8236871405679416E-001  9.8200333320305699E-001
  9.8164884050322176E-001  9.8130546403528518E-001  9.8097342458752468E-001  9.8065293618602156E-001  9.8034420582948112E-001
  9.8004743291462015E-001  9.7976280828447349E-001  9.7949051436985846E-001  9.7923072557263724E-001  9.7898360846414056E-001
  9.7874932169504281E-001  9.7852801562628700E-001  9.7831983277428047E-001  9.7812490758553550E-001  9.7794336606509025E-001
  9.7777532607706841E-001  9.7762089710802147E-001  9.7748018007133397E-001  9.7735326719073856E-001  9.7724024194405690E-001
  9.7714117905528641E-001  9.7705614407225860E-001  9.7698519354832514E-001  9.7692837510893715E-001  9.7688572690734787E-001
  9.7685727799108779E-001  9.7684304835234681E-001  9.7684304835236135E-001  9.7685727799113464E-001  9.7688572690733955E-001
  9.7692837510890052E-001  9.7698519354830904E-001  9.7705614407220853E-001  9.7714117905519948E-001  9.7724024194397219E-001
  9.7735326719069515E-001  9.7748018007118931E-001  9.7762089710784816E-001  9.7777532607688200E-001  9.7794336606489030E-001
  9.7812490758542003E-001  9.7831983277408907E-001  9.7852801562613023E-001  9.7874932169485473E-001  9.7898360846395993E-001
  9.7923072557248203E-001  9.7949051436959833E-001  9.7976280828420392E-001  9.8004743291444418E-001  9.8034420582929382E-001
  9.8065293618584781E-001  9.8097342458733749E-001  9.8130546403510710E-001  9.8164884050297563E-001  9.8200333320283584E-001
  9.8236871405661630E-001  9.8274474748665297E-001  9.8313119138341210E-001  9.8352779737589546E-001  9.8393431046519864E-001
  9.8435046907258472E-001  9.8477600628332540E-001  9.8521064937454050E-001  9.8565411912064926E-001  9.8610613128448943E-001
  9.8656639713130867E-001  9.8703462295976641E-001  9.8751051112252808E-001  9.8799376016561702E-001  9.8848406385111542E-001
  9.8898111277041900E-001  9.8948459393382537E-001  9.8999419072848360E-001  9.9050958424440061E-001  9.9103045224629238E-001
  9.9155647019424709E-001  9.9208731150854745E-001  9.9262264702683878E-001  9.9316214645529310E-001  9.9370547730933767E-001
  9.9425230623604788E-001  9.9480229860791936E-001  9.9535511894023654E-001  9.9591043144574642E-001  9.9646789979771355E-001
  9.9702718817299041E-001  9.9758796089844248E-001  9.9814988333954136E-001  9.9871262107695835E-001  9.9963548293045512E-001
  9.9991961634239512E-001
BLOCK 15   4.2044273629400415E+000
  1.0002156467356915E+000  1.0005062992495921E+000  1.0015775417796278E+000  1.0021500587530796E+000  1.0027209962544243E+000
  1.0032900159500193E+000  1.0038567733257417E+000  1.0044209304525320E+000  1.0049821472230147E+000  1.0055400880328254E+000
  1.0060944179955249E+000  1.0066448054390515E+000  1.0071909216295123E+000  1.0077324408562114E+000  1.0082690411387296E+000
  1.0088004041276439E+000  1.0093262154904918E+000  1.0098461647543751E+000  1.0103599466563435E+000  1.0108672606258589E+000
  1.0113678108531752E+000  1.0118613059935966E+000  1.0123474609131915E+000  1.0128259948869445E+000  1.0132966334722047E+000
  1.0137591100449410E+000  1.0142131586519056E+000  1.0146585205078615E+000  1.0150949430910128E+000  1.0155221797076770E+000
  1.0159399904843944E+000  1.0163481410875408E+000  1.0167464039222207E+000  1.0171345582905655E+000  1.0175123893850404E+000
  1.0178796884642034E+000  1.0182362534430798E+000  1.0185818882849651E+000  1.0189164034441873E+000  1.0192396153652794E+000
  1.0195513464416872E+000  1.0198514254307407E+000  1.0201396873012190E+000  1.0204159730990701E+000  1.0206801303430799E+000
  1.0209320131825290E+000  1.0211714821286217E+000  1.0213984042153075E+000  1.0216126533968293E+000  1.0218141106630230E+000
  1.0220026639719755E+000  1.0221782080770208E+000  1.0223406443034095E+000  1.0224898806079634E+000  1.0226258317403258E+000
  1.0227484192951537E+000  1.0228575718981263E+000  1.0229532253852238E+000  1.0230353228986255E+000  1.0231038150729561E+000
  1.0231586602521432E+000  1.0231998246647183E+000  1.0232272825541211E+000  1.0232410162627241E+000  1.0232410162627139E+000
  1.0232272825541229E+000  1.0231998246647405E+000  1.0231586602521703E+000  1.0231038150730016E+000  1.0230353228986910E+000
  1.0229532253853080E+000  1.0228575718982178E+000  1.0227484192952745E+000  1.0226258317404795E+000  1.0224898806081275E+000
  1.0223406443035548E+000  1.0221782080771882E+000  1.0220026639721407E+000  1.0218141106632015E+000  1.0216126533969834E+000
  1.0213984042154647E+000  1.0211714821287785E+000  1.0209320131826913E+000  1.0206801303432707E+000  1.0204159730993261E+000
  1.0201396873014734E+000  1.0198514254309472E+000  1.0195513464419703E+000  1.0192396153655423E+000  1.0189164034445124E+000
  1.0185818882852531E+000  1.0182362534433462E+000  1.0178796884645025E+000  1.0175123893852944E+000  1.0171345582908167E+000
  1.0167464039225174E+000  1.0163481410877422E+000  1.0159399904845441E+000  1.0155221797078233E+000  1.0150949430910912E+000
  1.0146585205078742E+000  1.0142131586519283E+000  1.0137591100449805E+000  1.0132966334722413E+000  1.0128259948869789E+000
  1.0123474609132206E+000  1.0118613059936159E+000  1.0113678108531956E+000  1.0108672606258777E+000  1.0103599466563724E+000
  1.0098461647544350E+000  1.0093262154905762E+000  1.0088004041277194E+000  1.0082690411387594E+000  1.0077324408561905E+000
  1.0071909216294546E+000  1.0066448054389527E+000  1.0060944179953928E+000  1.0055400880326917E+000  1.0049821472228997E+000
  1.0044209304524188E+000  1.0038567733256070E+000  1.0032900159498610E+000  1.0027209962542338E+000  1.0021500587528420E+000
  1.0015775417793373E+000  1.0005062992494624E+000  1.0002156467355565E+000  9.9992708568356692E-001  9.9963683222287780E-001
  9.9870331544414137E-001  9.9812853212906860E-001  9.9755452554546020E-001  9.9698163701385412E-001  9.9641020891561960E-001
  9.9584058422843791E-001  9.9527310694365101E-001  9.9470812107047735E-001  9.9414597078099198E-001  9.9358699979768117E-001
  9.9303155112858243E-001  9.9247996692399676E-001  9.9193258783456284E-001  9.9138975344562430E-001  9.9085180121505678E-001
  9.9031906704548944E-001  9.8979188414626618E-001  9.8927058322149042E-001  9.8875549235166194E-001  9.8824693650796569E-001
  9.8774523821620597E-001  9.8725071628583649E-001  9.8676368581567409E-001  9.8628445784491525E-001  9.8581333847182373E-001
  9.8535062980115851E-001  9.8489662891737606E-001  9.8445162773893813E-001  9.8401591347991202E-001  9.8358976778734830E-001
  9.8317346682452522E-001  9.8276728122464452E-001  9.8237147495553934E-001  9.8198630545851373E-001  9.8161202389398972E-001
  9.8124887374521208E-001  9.8089709086919885E-001  9.8055690397420492E-001  9.8022853398023724E-001  9.7991219341296387E-001
  9.7960808705251357E-001  9.7931641230648891E-001  9.7903735828211624E-001  9.7877110589184091E-001  9.7851782852418501E-001
  9.7827769204409221E-001  9.7805085384045864E-001  9.7783746216498679E-001  9.7763765649335266E-001  9.7745156743128558E-001
  9.7727931687774550E-001  9.7712101809785457E-001  9.7697677515355918E-001  9.7684668290692056E-001  9.7673082703258840E-001
  9.7662928388089643E-001  9.7654212048873845E-001  9.7646939456865156E-001  9.7641115454726701E-001  9.7636743942354942E-001
  9.7633827884356661E-001  9.7632369315860268E-001  9.7632369315857326E-001  9.7633827884353763E-001  9.7636743942354798E-001
  9.7641115454721428E-001  9.7646939456855741E-001  9.7654212048864508E-001  9.7662928388080683E-001  9.7673082703251934E-001
  9.7684668290679177E-001  9.7697677515343484E-001  9.7712101809773499E-001  9.7727931687760927E-001  9.7745156743113615E-001
  9.7763765649312506E-001  9.7783746216478273E-001  9.7805085384023172E-001  9.7827769204382931E-001  9.7851782852392766E-001
  9.7877110589160632E-001  9.7903735828186711E-001  9.7931641230628852E-001  9.7960808705238689E-001  9.7991219341279445E-001
  9.8022853397997056E-001  9.8055690397406159E-001  9.8089709086893506E-001  9.8124887374508063E-001  9.8161202389387270E-001
  9.8198630545833809E-001  9.8237147495531085E-001  9.8276728122442392E-001  9.8317346682430862E-001  9.8358976778711438E-001
  9.8401591347968342E-001  9.8445162773875561E-001  9.8489662891724816E-001  9.8535062980098631E-001  9.8581333847165853E-001
  9.8628445784479024E-001  9.8676368581551432E-001  9.8725071628569194E-001  9.8774523821617199E-001  9.8824693650790929E-001
  9.8875549235163385E-001  9.8927058322145589E-001  9.8979188414621555E-001  9.9031906704546524E-001  9.9085180121506999E-001
  9.9138975344567182E-001  9.9193258783460903E-001  9.9247996692405493E-001  9.9303155112868580E-001  9.9358699979781706E-001
  9.9414597078116351E-001  9.9470812107067919E-001  9.9527310694385684E-001  9.9584058422865740E-001  9.9641020891587850E-001
  9.9698163701413867E-001  9.9755452554575708E-001  9.9812853212936381E-001  9.9870331544444546E-001  9.9963683222301569E-001
  9.9992708568382194E-001
BLOCK 16   4.5047436031500450E+000
  1.0002302329271853E+000  1.0005275290176001E+000  1.0016319989520179E+000  1.0022171506584197E+000  1.0028006296748091E+000
  1.0033820912224880E+000  1.0039611843874847E+000  1.0045375654089512E+000  1.0051108880689754E+000  1.0056808110733073E+000
  1.0062469934087521E+000  1.0068090977075330E+000  1.0073667896128609E+000  1.0079197380609413E+000  1.0084676156975334E+000
  1.0090100987278403E+000  1.0095468680595772E+000  1.0100776084256857E+000  1.0106020094751520E+000  1.0111197656259423E+000
  1.0116305758705018E+000  1.0121341450833836E+000  1.0126301843144265E+000  1.0131184086223826E+000  1.0135985411483190E+000
  1.0140703069190224E+000  1.0145334370684953E+000  1.0149876687001653E+000  1.0154327473524305E+000  1.0158684237530504E+000
  1.0162944548184136E+000  1.0167106041507221E+000  1.0171166417249797E+000  1.0175123440829337E+000  1.0178974938389516E+000
  1.0182718798881749E+000  1.0186352977413295E+000  1.0189875489069702E+000  1.0193284414714261E+000  1.0196577904011328E+000
  1.0199754169042907E+000  1.0202811488455379E+000  1.0205748208961942E+000  1.0208562745700371E+000  1.0211253582813236E+000
  1.0213819270143749E+000  1.0216258421922217E+000  1.0218569718015462E+000  1.0220751902217353E+000  1.0222803780303307E+000
  1.0224724221869756E+000  1.0226512161159134E+000  1.0228166596209045E+000  1.0229686590724689E+000  1.0231071277513313E+000
  1.0232319860061727E+000  1.0233431613137431E+000  1.0234405882969093E+000  1.0235242088204484E+000  1.0235939723134426E+000
  1.0236498360544724E+000  1.0236917653280588E+000  1.0237197336020447E+000  1.0237337226791938E+000  1.0237337226792003E+000
  1.0237197336020620E+000  1.0236917653280990E+000  1.0236498360545274E+000  1.0235939723135201E+000  1.0235242088205194E+000
  1.0234405882969972E+000  1.0233431613138577E+000  1.0232319860063004E+000  1.0231071277514672E+000  1.0229686590725973E+000
  1.0228166596210464E+000  1.0226512161160424E+000  1.0224724221871295E+000  1.0222803780305285E+000  1.0220751902219483E+000
  1.0218569718017392E+000  1.0216258421924278E+000  1.0213819270146141E+000  1.0211253582815512E+000  1.0208562745702960E+000
  1.0205748208964220E+000  1.0202811488458039E+000  1.0199754169045836E+000  1.0196577904014301E+000  1.0193284414717259E+000
  1.0189875489072591E+000  1.0186352977416517E+000  1.0182718798884498E+000  1.0178974938392762E+000  1.0175123440832041E+000
  1.0171166417252853E+000  1.0167106041509999E+000  1.0162944548186570E+000  1.0158684237533315E+000  1.0154327473526452E+000
  1.0149876687003330E+000  1.0145334370686436E+000  1.0140703069191050E+000  1.0135985411483472E+000  1.0131184086224072E+000
  1.0126301843144256E+000  1.0121341450833548E+000  1.0116305758704871E+000  1.0111197656259503E+000  1.0106020094751611E+000
  1.0100776084256782E+000  1.0095468680595534E+000  1.0090100987278050E+000  1.0084676156974877E+000  1.0079197380608922E+000
  1.0073667896128149E+000  1.0068090977074924E+000  1.0062469934087039E+000  1.0056808110732223E+000  1.0051108880688380E+000
  1.0045375654087674E+000  1.0039611843872671E+000  1.0033820912222482E+000  1.0028006296745613E+000  1.0022171506581647E+000
  1.0016319989517515E+000  1.0005275290174822E+000  1.0002302329270454E+000  9.9993528568345114E-001  9.9963839684616640E-001
  9.9869344876202026E-001  9.9810562561150684E-001  9.9751853612795283E-001  9.9693252962910617E-001  9.9634795644475815E-001
  9.9576516805718485E-001  9.9518451689887133E-001  9.9460635592379942E-001  9.9403103828413331E-001  9.9345891678575149E-001
  9.9289034361883888E-001  9.9232566977756664E-001  9.9176524529042864E-001  9.9120941865606937E-001  9.9065853731701814E-001
  9.9011294669012173E-001  9.8957299026666112E-001  9.8903900876342177E-001  9.8851134014848208E-001  9.8799031943523519E-001
  9.8747627802802984E-001  9.8696954401709047E-001  9.8647044147087670E-001  9.8597929080390367E-001  9.8549640836366903E-001
  9.8502210579814853E-001  9.8455669049032568E-001  9.8410046458410638E-001  9.8365372509683713E-001  9.8321676345029341E-001
  9.8278986475822028E-001  9.8237330826670399E-001  9.8196736657616590E-001  9.8157230522949457E-001  9.8118838316305423E-001
  9.8081585209552191E-001  9.8045495612108335E-001  9.8010593220594755E-001  9.7976900955242008E-001  9.7944440942035182E-001
  9.7913234537738081E-001  9.7883302283557638E-001  9.7854663877750614E-001  9.7827338187886093E-001  9.7801343246561412E-001
  9.7776696190942369E-001  9.7753413275810108E-001  9.7731509898604751E-001  9.7711000558469729E-001  9.7691898819114353E-001
  9.7674217319393464E-001  9.7657967809726698E-001  9.7643161077285245E-001  9.7629806888461079E-001  9.7617914030600605E-001
  9.7607490326169810E-001  9.7598542668192745E-001  9.7591077022306871E-001  9.7585098380201241E-001  9.7580610770957188E-001
  9.7577617259073512E-001  9.7576119935830818E-001  9.7576119935829964E-001  9.7577617259069238E-001  9.7580610770949439E-001
  9.7585098380191226E-001  9.7591077022298700E-001  9.7598542668186772E-001  9.7607490326160262E-001  9.7617914030586228E-001
  9.7629806888446335E-001  9.7643161077271856E-001  9.7657967809708568E-001  9.7674217319373324E-001  9.7691898819094436E-001
  9.7711000558444017E-001  9.7731509898584235E-001  9.7753413275793910E-001  9.7776696190920065E-001  9.7801343246538242E-001
  9.7827338187862045E-001  9.7854663877726122E-001  9.7883302283532747E-001  9.7913234537714178E-001  9.7944440942005950E-001
  9.7976900955213342E-001  9.8010593220564790E-001  9.8045495612087763E-001  9.8081585209524447E-001  9.8118838316278500E-001
  9.8157230522921468E-001  9.8196736657593309E-001  9.8237330826651348E-001  9.8278986475799901E-001  9.8321676345009168E-001
  9.8365372509666305E-001  9.8410046458390910E-001  9.8455669049009698E-001  9.8502210579791150E-001  9.8549640836345254E-001
  9.8597929080372182E-001  9.8647044147069607E-001  9.8696954401701165E-001  9.8747627802792515E-001  9.8799031943518156E-001
  9.8851134014840969E-001  9.8903900876339768E-001  9.8957299026664425E-001  9.9011294669011829E-001  9.9065853731708386E-001
  9.9120941865616496E-001  9.9176524529052590E-001  9.9232566977766301E-001  9.9289034361894324E-001  9.9345891678588094E-001
  9.9403103828430084E-001  9.9460635592401336E-001  9.9518451689910814E-001  9.9576516805743709E-001  9.9634795644505125E-001
  9.9693252962944712E-001  9.9751853612832986E-001  9.9810562561191440E-001  9.9869344876242694E-001  9.9963839684633637E-001
  9.9993528568375745E-001
BLOCK 17   4.8050598433600484E+000
  1.0002460811930403E+000  1.0005505462290358E+000  1.0016909242968213E+000  1.0022896894035758E+000  1.0028866801264753E+000
  1.0034815448260588E+000  1.0040739254134425E+000  1.0046634717315097E+000  1.0052498306522328E+000  1.0058326548597989E+000
  1.0064115971694048E+000  1.0069863146289590E+000  1.0075564665969139E+000  1.0081217161130493E+000  1.0086817297886352E+000
  1.0092361787272983E+000  1.0097847387495713E+000  1.0103270892184237E+000  1.0108629146353894E+000  1.0113919044312085E+000
  1.0119137527214588E+000  1.0124281592377526E+000  1.0129348292747611E+000  1.0134334738289508E+000  1.0139238134117818E+000
  1.0144055673291315E+000  1.0148784636456214E+000  1.0153422368184690E+000  1.0157966278884605E+000  1.0162413845352640E+000
  1.0166762601557067E+000  1.0171010153878028E+000  1.0175154166852189E+000  1.0179192370092132E+000  1.0183122565521197E+000
  1.0186942616640009E+000  1.0190650452409664E+000  1.0194244070556358E+000  1.0197721539996671E+000  1.0201081001636880E+000
  1.0204320663592039E+000  1.0207438803724611E+000  1.0210433769570000E+000  1.0213303973628467E+000  1.0216047896168394E+000
  1.0218664083649391E+000  1.0221151145442460E+000  1.0223507754226608E+000  1.0225732646249235E+000  1.0227824621642974E+000
  1.0229782544234411E+000  1.0231605340023007E+000  1.0233291998119118E+000  1.0234841573766462E+000  1.0236253189466251E+000
  1.0237526036046090E+000  1.0238659375854333E+000  1.0239652545418716E+000  1.0240504956865966E+000  1.0241216100311852E+000
  1.0241785546287256E+000  1.0242212946981455E+000  1.0242498036826333E+000  1.0242640632509858E+000  1.0242640632509954E+000
  1.0242498036826757E+000  1.0242212946982050E+000  1.0241785546288076E+000  1.0241216100312782E+000  1.0240504956866852E+000
  1.0239652545419564E+000  1.0238659375855246E+000  1.0237526036047242E+000  1.0236253189467517E+000  1.0234841573767683E+000
  1.0233291998120515E+000  1.0231605340024672E+000  1.0229782544236274E+000  1.0227824621644999E+000  1.0225732646251371E+000
  1.0223507754228829E+000  1.0221151145445144E+000  1.0218664083652089E+000  1.0216047896171165E+000  1.0213303973631400E+000
  1.0210433769573011E+000  1.0207438803727649E+000  1.0204320663594937E+000  1.0201081001640007E+000  1.0197721539999587E+000
  1.0194244070559533E+000  1.0190650452412258E+000  1.0186942616643109E+000  1.0183122565524336E+000  1.0179192370095187E+000
  1.0175154166855378E+000  1.0171010153879598E+000  1.0166762601559978E+000  1.0162413845355294E+000  1.0157966278886970E+000
  1.0153422368186993E+000  1.0148784636458728E+000  1.0144055673293293E+000  1.0139238134119386E+000  1.0134334738290849E+000
  1.0129348292748306E+000  1.0124281592377646E+000  1.0119137527214319E+000  1.0113919044311399E+000  1.0108629146352897E+000
  1.0103270892183289E+000  1.0097847387494767E+000  1.0092361787271975E+000  1.0086817297885475E+000  1.0081217161129785E+000
  1.0075564665968408E+000  1.0069863146288722E+000  1.0064115971693000E+000  1.0058326548596732E+000  1.0052498306520854E+000
  1.0046634717313385E+000  1.0040739254132454E+000  1.0034815448258287E+000  1.0028866801262009E+000  1.0022896894032467E+000
  1.0016909242964420E+000  1.0005505462288546E+000  1.0002460811928531E+000  9.9994425155186384E-001  9.9964020246418372E-001
  9.9868304897241333E-001  9.9808116794013624E-001  9.9747997339078598E-001  9.9687982342339065E-001  9.9628107717681325E-001
  9.9568409498205046E-001  9.9508923825031848E-001  9.9449686913490476E-001  9.9390735016265908E-001  9.9332104396912957E-001
  9.9273831278744451E-001  9.9215951832675853E-001  9.9158502112172020E-001  9.9101518047932657E-001  9.9045035372093626E-001
  9.8989089633590444E-001  9.8933716145125550E-001  9.8878949998583443E-001  9.8824826014022604E-001  9.8771378722327974E-001
  9.8718642361457487E-001  9.8666650827453761E-001  9.8615437673421502E-001  9.8565036029371800E-001  9.8515478613144802E-001
  9.8466797681106044E-001  9.8419024975427227E-001  9.8372191731740921E-001  9.8326328604558255E-001  9.8281465683640645E-001
  9.8237632432295219E-001  9.8194857667913549E-001  9.8153169585829569E-001  9.8112595676743863E-001  9.8073162744233011E-001
  9.8034896898671986E-001  9.7997823497873504E-001  9.7961967158704977E-001  9.7927351736886681E-001  9.7894000275885196E-001
  9.7861935025048374E-001  9.7831177391514623E-001  9.7801747906663428E-001  9.7773666240081791E-001  9.7746951150972683E-001
  9.7721620469109172E-001  9.7697691099508854E-001  9.7675179007123303E-001  9.7654099180297060E-001  9.7634465644352475E-001
  9.7616291478080131E-001  9.7599588772392498E-001  9.7584368631829954E-001  9.7570641203776787E-001  9.7558415671170784E-001
  9.7547700204686072E-001  9.7538501973336245E-001  9.7530827182532887E-001  9.7524681029198734E-001  9.7520067683965261E-001
  9.7516990297745121E-001  9.7515451015520260E-001  9.7515451015519894E-001  9.7516990297740769E-001  9.7520067683962097E-001
  9.7524681029196347E-001  9.7530827182524127E-001  9.7538501973323144E-001  9.7547700204668286E-001  9.7558415671146836E-001
  9.7570641203758868E-001  9.7584368631812435E-001  9.7599588772370194E-001  9.7616291478061978E-001  9.7634465644332413E-001
  9.7654099180276410E-001  9.7675179007101587E-001  9.7697691099488349E-001  9.7721620469084125E-001  9.7746951150945216E-001
  9.7773666240056911E-001  9.7801747906635217E-001  9.7831177391486279E-001  9.7861935025016611E-001  9.7894000275854109E-001
  9.7927351736855095E-001  9.7961967158673602E-001  9.7997823497834280E-001  9.8034896898642476E-001  9.8073162744193498E-001
  9.8112595676714109E-001  9.8153169585800915E-001  9.8194857667885338E-001  9.8237632432268873E-001  9.8281465683613145E-001
  9.8326328604532898E-001  9.8372191731716130E-001  9.8419024975405056E-001  9.8466797681088658E-001  9.8515478613127705E-001
  9.8565036029350972E-001  9.8615437673408768E-001  9.8666650827438307E-001  9.8718642361443920E-001  9.8771378722312309E-001
  9.8824826014014766E-001  9.8878949998581511E-001  9.8933716145126394E-001  9.8989089633594007E-001  9.9045035372100187E-001
  9.9101518047942494E-001  9.9158502112181046E-001  9.9215951832689053E-001  9.9273831278760638E-001  9.9332104396932186E-001
  9.9390735016291143E-001  9.9449686913521895E-001  9.9508923825066231E-001  9.9568409498239396E-001  9.9628107717715164E-001
  9.9687982342372927E-001  9.9747997339113503E-001  9.9808116794051149E-001  9.9868304897280713E-001  9.9964020246435592E-001
  9.9994425155223998E-001
BLOCK 18   5.1053760835700519E+000
  1.0002632448645239E+000  1.0005754189942810E+000  1.0017544672243350E+000  1.0023678469885786E+000  1.0029793415554775E+000
  1.0035885920126857E+000  1.0041952325888006E+000  1.0047989060796081E+000  1.0053992521226807E+000  1.0059959170230730E+000
  1.0065885469404789E+000  1.0071767926398130E+000  1.0077603073024848E+000  1.0083387482856476E+000  1.0089117762422171E+000
  1.0094790559722162E+000  1.0100402564485815E+000  1.0105950511470643E+000  1.0111431198382110E+000  1.0116841467961375E+000
  1.0122178209933914E+000  1.0127438382726928E+000  1.0132618994022786E+000  1.0137717144609200E+000  1.0142729930580339E+000
  1.0147654525031911E+000  1.0152488161521589E+000  1.0157228150750703E+000  1.0161871852220521E+000  1.0166416703018084E+000
  1.0170860207912837E+000  1.0175199928855003E+000  1.0179433498357879E+000  1.0183558616532553E+000  1.0187573060438873E+000
  1.0191474675005576E+000  1.0195261376975304E+000  1.0198931157615148E+000  1.0202482075906549E+000  1.0205912262214871E+000
  1.0209219918765735E+000  1.0212403314385259E+000  1.0215460784110899E+000  1.0218390729105944E+000  1.0221191618738359E+000
  1.0223861988152860E+000  1.0226400434687171E+000  1.0228805620087855E+000  1.0231076269723858E+000  1.0233211171809524E+000
  1.0235209179507723E+000  1.0237069211287133E+000  1.0238790251136909E+000  1.0240371350146062E+000  1.0241811628188313E+000
  1.0243110275928684E+000  1.0244266556138886E+000  1.0245279804443330E+000  1.0246149431938310E+000  1.0246874928416136E+000
  1.0247455863326078E+000  1.0247891885905791E+000  1.0248182726740263E+000  1.0248328199325984E+000  1.0248328199325927E+000
  1.0248182726740263E+000  1.0247891885906066E+000  1.0247455863326524E+000  1.0246874928416736E+000  1.0246149431939120E+000
  1.0245279804444405E+000  1.0244266556140087E+000  1.0243110275929945E+000  1.0241811628189719E+000  1.0240371350147610E+000
  1.0238790251138676E+000  1.0237069211289145E+000  1.0235209179509763E+000  1.0233211171811794E+000  1.0231076269726298E+000
  1.0228805620090498E+000  1.0226400434689993E+000  1.0223861988155831E+000  1.0221191618741616E+000  1.0218390729109119E+000
  1.0215460784114068E+000  1.0212403314388396E+000  1.0209219918769252E+000  1.0205912262218233E+000  1.0202482075909862E+000
  1.0198931157618250E+000  1.0195261376978397E+000  1.0191474675008936E+000  1.0187573060441890E+000  1.0183558616535924E+000
  1.0179433498362092E+000  1.0175199928858822E+000  1.0170860207915897E+000  1.0166416703021874E+000  1.0161871852224302E+000
  1.0157228150753725E+000  1.0152488161523827E+000  1.0147654525033711E+000  1.0142729930582119E+000  1.0137717144610832E+000
  1.0132618994023903E+000  1.0127438382727689E+000  1.0122178209934536E+000  1.0116841467961439E+000  1.0111431198381664E+000
  1.0105950511469914E+000  1.0100402564484732E+000  1.0094790559720692E+000  1.0089117762420552E+000  1.0083387482854724E+000
  1.0077603073023034E+000  1.0071767926396331E+000  1.0065885469402924E+000  1.0059959170228701E+000  1.0053992521224595E+000
  1.0047989060793749E+000  1.0041952325885493E+000  1.0035885920124021E+000  1.0029793415551500E+000  1.0023678469882105E+000
  1.0017544672239518E+000  1.0005754189941121E+000  1.0002632448643489E+000  9.9995401857416077E-001  9.9964227606642808E-001
  9.9867214652294312E-001  9.9805516651258153E-001  9.9743882075942536E-001  9.9682347629053236E-001  9.9620950164417632E-001
  9.9559726715899133E-001  9.9498714481396344E-001  9.9437950740192349E-001  9.9377472814910717E-001  9.9317318012098688E-001
  9.9257523608222153E-001  9.9198126794978547E-001  9.9139164675966118E-001  9.9080674221074538E-001  9.9022692275048463E-001
  9.8965255502541216E-001  9.8908400389001461E-001  9.8852163194009879E-001  9.8796579937946394E-001  9.8741686351864355E-001
  9.8687517841445460E-001  9.8634109473278087E-001  9.8581495921167095E-001  9.8529711452554936E-001  9.8478789865800687E-001
  9.8428764490942067E-001  9.8379668143771570E-001  9.8331533091140166E-001  9.8284391053580433E-001  9.8238273149793587E-001
  9.8193209904469725E-001  9.8149231197045028E-001  9.8106366262113520E-001  9.8064643673801100E-001  9.8024091283042725E-001
  9.7984736240160941E-001  9.7946604939157222E-001  9.7909722988806036E-001  9.7874115216454649E-001  9.7839805613399111E-001
  9.7806817316885786E-001  9.7775172604327021E-001  9.7744892839371877E-001  9.7715998473474330E-001  9.7688509025399595E-001
  9.7662443040763680E-001  9.7637818106165153E-001  9.7614650820784310E-001  9.7592956773621165E-001  9.7572750550903264E-001
  9.7554045733267880E-001  9.7536854871617740E-001  9.7521189502866201E-001  9.7507060173292448E-001  9.7494476389800522E-001
  9.7483446622491288E-001  9.7473978326548039E-001  9.7466077918698302E-001  9.7459750802294021E-001  9.7455001404852504E-001
  9.7451833149958367E-001  9.7450248391255301E-001  9.7450248391251737E-001  9.7451833149946943E-001  9.7455001404841368E-001
  9.7459750802284428E-001  9.7466077918683880E-001  9.7473978326533695E-001  9.7483446622475967E-001  9.7494476389782658E-001
  9.7507060173277349E-001  9.7521189502849981E-001  9.7536854871595691E-001  9.7554045733243755E-001  9.7572750550878251E-001
  9.7592956773592887E-001  9.7614650820758975E-001  9.7637818106135910E-001  9.7662443040737124E-001  9.7688509025371872E-001
  9.7715998473443622E-001  9.7744892839337538E-001  9.7775172604290594E-001  9.7806817316852179E-001  9.7839805613362607E-001
  9.7874115216422775E-001  9.7909722988768932E-001  9.7946604939121418E-001  9.7984736240116110E-001  9.8024091282984005E-001
  9.8064643673753449E-001  9.8106366262080280E-001  9.8149231197008291E-001  9.8193209904436973E-001  9.8238273149760524E-001
  9.8284391053547882E-001  9.8331533091112455E-001  9.8379668143746346E-001  9.8428764490920861E-001  9.8478789865780492E-001
  9.8529711452538093E-001  9.8581495921149620E-001  9.8634109473263842E-001  9.8687517841432282E-001  9.8741686351858093E-001
  9.8796579937939633E-001  9.8852163194002340E-001  9.8908400388996798E-001  9.8965255502539884E-001  9.9022692275052204E-001
  9.9080674221081499E-001  9.9139164675982705E-001  9.9198126795003649E-001  9.9257523608252041E-001  9.9317318012128197E-001
  9.9377472814941670E-001  9.9437950740225090E-001  9.9498714481428552E-001  9.9559726715933061E-001  9.9620950164455946E-001
  9.9682347629094858E-001  9.9743882075986467E-001  9.9805516651304083E-001  9.9867214652340386E-001  9.9964227606662304E-001
  9.9995401857459865E-001
BLOCK 19   5.4056923237800554E+000
  1.0002817833866211E+000  1.0006022219013508E+000  1.0018227886948716E+000  1.0024518076408004E+000  1.0030788212236410E+000
  1.0037034627454509E+000  1.0043253585503145E+000  1.0049441443593590E+000  1.0055594522139519E+000  1.0061709209527179E+000
  1.0067781887738738E+000  1.0073808995831888E+000  1.0079786998213522E+000  1.0085712402245981E+000  1.0091581749277474E+000
  1.0097391631675754E+000  1.0103138684668302E+000  1.0108819591101428E+000  1.0114431089180058E+000  1.0119969960575370E+000
  1.0125433058423132E+000  1.0130817299081460E+000  1.0136119649859860E+000  1.0141337121299336E+000  1.0146466749888192E+000
  1.0151505674373429E+000  1.0156451089839023E+000  1.0161300247384057E+000  1.0166050471151142E+000  1.0170699151421250E+000
  1.0175243756357542E+000  1.0179681818116375E+000  1.0184010947276818E+000  1.0188228827611907E+000  1.0192333211453932E+000
  1.0196321929884771E+000  1.0200192886457711E+000  1.0203944054464369E+000  1.0207573475463962E+000  1.0211079263521643E+000
  1.0214459605591066E+000  1.0217712754853314E+000  1.0220837032325127E+000  1.0223830825975837E+000  1.0226692587587771E+000
  1.0229420834802558E+000  1.0232014150869755E+000  1.0234471183669158E+000  1.0236790645072780E+000  1.0238971312532781E+000
  1.0241012031969225E+000  1.0242911716545002E+000  1.0244669346901090E+000  1.0246283973911976E+000  1.0247754719448758E+000
  1.0249080776948911E+000  1.0250261412719099E+000  1.0251295966809526E+000  1.0252183854288215E+000  1.0252924566875181E+000
  1.0253517674592427E+000  1.0253962827427132E+000  1.0254259756448576E+000  1.0254408274346603E+000  1.0254408274346736E+000
  1.0254259756448814E+000  1.0253962827427430E+000  1.0253517674592751E+000  1.0252924566875725E+000  1.0252183854288923E+000
  1.0251295966810401E+000  1.0250261412720187E+000  1.0249080776950263E+000  1.0247754719450486E+000  1.0246283973913899E+000
  1.0244669346903295E+000  1.0242911716547469E+000  1.0241012031971850E+000  1.0238971312535472E+000  1.0236790645075471E+000
  1.0234471183672074E+000  1.0232014150872866E+000  1.0229420834805829E+000  1.0226692587591009E+000  1.0223830825979090E+000
  1.0220837032328407E+000  1.0217712754856705E+000  1.0214459605594362E+000  1.0211079263525205E+000  1.0207573475468243E+000
  1.0203944054468421E+000  1.0200192886461532E+000  1.0196321929888823E+000  1.0192333211458211E+000  1.0188228827616559E+000
  1.0184010947281326E+000  1.0179681818119821E+000  1.0175243756361887E+000  1.0170699151424334E+000  1.0166050471153869E+000
  1.0161300247386829E+000  1.0156451089842427E+000  1.0151505674376922E+000  1.0146466749890528E+000  1.0141337121301324E+000
  1.0136119649861619E+000  1.0130817299082642E+000  1.0125433058423596E+000  1.0119969960575519E+000  1.0114431089180143E+000
  1.0108819591101343E+000  1.0103138684667663E+000  1.0097391631674537E+000  1.0091581749275871E+000  1.0085712402243905E+000
  1.0079786998210944E+000  1.0073808995828977E+000  1.0067781887735476E+000  1.0061709209523615E+000  1.0055594522135909E+000
  1.0049441443590057E+000  1.0043253585499694E+000  1.0037034627451069E+000  1.0030788212232846E+000  1.0024518076404272E+000
  1.0018227886944790E+000  1.0006022219011710E+000  1.0002817833864279E+000  9.9996462488351423E-001  9.9964464767674366E-001
  9.9866077223155048E-001  9.9802762297087277E-001  9.9739505144347940E-001  9.9676343482811847E-001  9.9613315201396568E-001
  9.9550458390588503E-001  9.9487811280010763E-001  9.9425412198536345E-001  9.9363299531859983E-001  9.9301511695671574E-001
  9.9240087083549833E-001  9.9179064062224354E-001  9.9118480935219166E-001  9.9058375923351816E-001  9.8998787112105135E-001
  9.8939752436925699E-001  9.8881309629952985E-001  9.8823496195932914E-001  9.8766349374014806E-001  9.8709906113279444E-001
  9.8654203030359577E-001  9.8599276367689170E-001  9.8545161982453744E-001  9.8491895299185528E-001  9.8439511293804649E-001
  9.8388044447564804E-001  9.8337528744642277E-001  9.8287997633963153E-001  9.8239484005510214E-001  9.8192020180599326E-001
  9.8145637858012957E-001  9.8100368111215175E-001  9.8056241339883377E-001  9.8013287257536807E-001  9.7971534857122944E-001
  9.7931012373476356E-001  9.7891747280030705E-001  9.7853766225294281E-001  9.7817095033680168E-001  9.7781758675809205E-001
  9.7747781220093910E-001  9.7715185835898200E-001  9.7683994752960912E-001  9.7654229231047252E-001  9.7625909569942948E-001
  9.7599055067396279E-001  9.7573684018617768E-001  9.7549813725915380E-001  9.7527460447557812E-001  9.7506639394945416E-001
  9.7487364715378810E-001  9.7469649474000375E-001  9.7453505698645326E-001  9.7438944394077720E-001  9.7425975498516104E-001
  9.7414607882456428E-001  9.7404849363671542E-001  9.7396706682656198E-001  9.7390185515997374E-001  9.7385290463774121E-001
  9.7382025025596275E-001  9.7380391632328267E-001  9.7380391632326424E-001  9.7382025025594510E-001  9.7385290463767760E-001
  9.7390185515987548E-001  9.7396706682646739E-001  9.7404849363658075E-001  9.7414607882438542E-001  9.7425975498493278E-001
  9.7438944394052807E-001  9.7453505698622822E-001  9.7469649473977993E-001  9.7487364715354863E-001  9.7506639394917616E-001
  9.7527460447526715E-001  9.7549813725883461E-001  9.7573684018585638E-001  9.7599055067360174E-001  9.7625909569910030E-001
  9.7654229231013101E-001  9.7683994752923486E-001  9.7715185835855767E-001  9.7747781220045737E-001  9.7781758675772712E-001
  9.7817095033635171E-001  9.7853766225251559E-001  9.7891747279989128E-001  9.7931012373426707E-001  9.7971534857083165E-001
  9.8013287257490023E-001  9.8056241339841932E-001  9.8100368111174063E-001  9.8145637857966050E-001  9.8192020180565520E-001
  9.8239484005466737E-001  9.8287997633920077E-001  9.8337528744614700E-001  9.8388044447540390E-001  9.8439511293782922E-001
  9.8491895299162735E-001  9.8545161982432272E-001  9.8599276367669653E-001  9.8654203030345389E-001  9.8709906113269064E-001
  9.8766349374011086E-001  9.8823496195932670E-001  9.8881309629957082E-001  9.8939752436933437E-001  9.8998787112115072E-001
  9.9058375923367703E-001  9.9118480935236986E-001  9.9179064062244027E-001  9.9240087083572182E-001  9.9301511695700351E-001
  9.9363299531894367E-001  9.9425412198575158E-001  9.9487811280053795E-001  9.9550458390636043E-001  9.9613315201446784E-001
  9.9676343482860530E-001  9.9739505144394947E-001  9.9802762297134739E-001  9.9866077223202421E-001  9.9964464767694916E-001
  9.9996462488405369E-001
BLOCK 20   5.7060085639900588E+000
  1.0003017549128692E+000  1.0006310304909167E+000  1.0018960567077062E+000  1.0025417695900531E+000  1.0031853470274901E+000
  1.0038264135598651E+000  1.0044645864452240E+000  1.0050994930012189E+000  1.0057307571396494E+000  1.0063580107220893E+000
  1.0069808848837978E+000  1.0075990166258504E+000  1.0082120447600371E+000  1.0088196131695748E+000  1.0094213702494759E+000
  1.0100169693821837E+000  1.0106060676191224E+000  1.0111883279400600E+000  1.0117634184180346E+000  1.0123310115935780E+000
  1.0128907866067289E+000  1.0134424270938767E+000  1.0139856276524322E+000  1.0145200792482394E+000  1.0150454828709967E+000
  1.0155615454400999E+000  1.0160679821801224E+000  1.0165645140155644E+000  1.0170508701217331E+000  1.0175267866324014E+000
  1.0179920064948855E+000  1.0184462812002133E+000  1.0188893693233079E+000  1.0193210365353595E+000  1.0197410556007511E+000
  1.0201492071775502E+000  1.0205452794601357E+000  1.0209290675721701E+000  1.0213003740941553E+000  1.0216590084902832E+000
  1.0220047870799631E+000  1.0223375331602949E+000  1.0226570768852414E+000  1.0229632549581884E+000  1.0232559105305030E+000
  1.0235348936790776E+000  1.0238000613586935E+000  1.0240512771765300E+000  1.0242884115718962E+000  1.0245113417765823E+000
  1.0247199518224268E+000  1.0249141326645983E+000  1.0250937822931354E+000  1.0252588057772130E+000  1.0254091152640341E+000
  1.0255446302287852E+000  1.0256652776796997E+000  1.0257709921142077E+000  1.0258617155824616E+000  1.0259373978714832E+000
  1.0259979966323900E+000  1.0260434774427052E+000  1.0260738138396341E+000  1.0260889873707133E+000  1.0260889873707226E+000
  1.0260738138396592E+000  1.0260434774427434E+000  1.0259979966324420E+000  1.0259373978715554E+000  1.0258617155825496E+000
  1.0257709921143354E+000  1.0256652776798527E+000  1.0255446302289497E+000  1.0254091152642149E+000  1.0252588057774161E+000
  1.0250937822933768E+000  1.0249141326648614E+000  1.0247199518227150E+000  1.0245113417768821E+000  1.0242884115722179E+000
  1.0240512771768464E+000  1.0238000613590019E+000  1.0235348936794009E+000  1.0232559105308641E+000  1.0229632549585563E+000
  1.0226570768855907E+000  1.0223375331606808E+000  1.0220047870803797E+000  1.0216590084907446E+000  1.0213003740946420E+000
  1.0209290675726355E+000  1.0205452794606309E+000  1.0201492071780422E+000  1.0197410556011719E+000  1.0193210365358163E+000
  1.0188893693237384E+000  1.0184462812006430E+000  1.0179920064952739E+000  1.0175267866327316E+000  1.0170508701219696E+000
  1.0165645140159707E+000  1.0160679821803087E+000  1.0155615454403399E+000  1.0150454828712732E+000  1.0145200792484874E+000
  1.0139856276526598E+000  1.0134424270940541E+000  1.0128907866069039E+000  1.0123310115937176E+000  1.0117634184180730E+000
  1.0111883279400133E+000  1.0106060676190249E+000  1.0100169693820260E+000  1.0094213702492543E+000  1.0088196131693123E+000
  1.0082120447597609E+000  1.0075990166255508E+000  1.0069808848834498E+000  1.0063580107216923E+000  1.0057307571392193E+000
  1.0050994930007604E+000  1.0044645864447461E+000  1.0038264135593824E+000  1.0031853470270140E+000  1.0025417695895784E+000
  1.0018960567072404E+000  1.0006310304907089E+000  1.0003017549126432E+000  9.9997610405898074E-001  9.9964734754660256E-001
  9.9864896286623817E-001  9.9799854998230531E-001  9.9734865271453244E-001  9.9669965852508424E-001  9.9605195687069237E-001
  9.9540593966849322E-001  9.9476200071161947E-001  9.9412053501992559E-001  9.9348193858441214E-001  9.9284660801418723E-001
  9.9221494020366030E-001  9.9158733184233350E-001  9.9096417912622259E-001  9.9034587721133294E-001  9.8973281995972806E-001
  9.8912539955764323E-001  9.8852400623895220E-001  9.8792902779408343E-001  9.8734084935481647E-001  9.8675985309490610E-001
  9.8618641786388583E-001  9.8562091884253245E-001  9.8506372724004054E-001  9.8451521015879795E-001  9.8397573016628381E-001
  9.8344564519350874E-001  9.8292530812276679E-001  9.8241506654500921E-001  9.8191526238659099E-001  9.8142623168485110E-001
  9.8094830429820679E-001  9.8048180341031288E-001  9.8002704546756703E-001  9.7958433967535441E-001  9.7915398783158758E-001
  9.7873628394984646E-001  9.7833151387707662E-001  9.7793995505437770E-001  9.7756187605918032E-001  9.7719753658319430E-001
  9.7684718709667717E-001  9.7651106875916671E-001  9.7618941318594810E-001  9.7588244186637008E-001  9.7559036606685812E-001
  9.7531338667167911E-001  9.7505169411830828E-001  9.7480546860493333E-001  9.7457487965687173E-001  9.7436008600233726E-001
  9.7416123580072966E-001  9.7397846630931295E-001  9.7381190387522720E-001  9.7366166375189855E-001  9.7352784993467967E-001
  9.7341055543262034E-001  9.7330986203384029E-001  9.7322584011982116E-001  9.7315854895299969E-001  9.7310803670835744E-001
  9.7307434014082905E-001  9.7305748470123254E-001  9.7305748470119635E-001  9.7307434014078509E-001  9.7310803670828749E-001
  9.7315854895289944E-001  9.7322584011973035E-001  9.7330986203371361E-001  9.7341055543246313E-001  9.7352784993449515E-001
  9.7366166375164420E-001  9.7381190387493111E-001  9.7397846630902496E-001  9.7416123580044955E-001  9.7436008600204871E-001
  9.7457487965652490E-001  9.7480546860452455E-001  9.7505169411790837E-001  9.7531338667131384E-001  9.7559036606644356E-001
  9.7588244186591333E-001  9.7618941318551200E-001  9.7651106875867644E-001  9.7684718709621654E-001  9.7719753658266373E-001
  9.7756187605865341E-001  9.7793995505390463E-001  9.7833151387654538E-001  9.7873628394940115E-001  9.7915398783108853E-001
  9.7958433967489389E-001  9.8002704546708486E-001  9.8048180340987556E-001  9.8094830429774160E-001  9.8142623168440402E-001
  9.8191526238617577E-001  9.8241506654451927E-001  9.8292530812235468E-001  9.8344564519314093E-001  9.8397573016592244E-001
  9.8451521015854448E-001  9.8506372723975333E-001  9.8562091884232517E-001  9.8618641786379135E-001  9.8675985309487557E-001
  9.8734084935480149E-001  9.8792902779413161E-001  9.8852400623897851E-001  9.8912539955768897E-001  9.8973281995987517E-001
  9.9034587721154088E-001  9.9096417912647805E-001  9.9158733184260850E-001  9.9221494020397483E-001  9.9284660801453395E-001
  9.9348193858479450E-001  9.9412053502035369E-001  9.9476200071208776E-001  9.9540593966897628E-001  9.9605195687117309E-001
  9.9669965852558173E-001  9.9734865271505324E-001  9.9799854998283422E-001  9.9864896286676197E-001  9.9964734754683782E-001
  9.9997610405966175E-001
BLOCK 21   6.0063248042000623E+000
  1.0003232325003359E+000  1.0006619351670745E+000  1.0019744617604991E+000  1.0026379465984629E+000  1.0032991559552873E+000
  1.0039577048263988E+000  1.0046132004838340E+000  1.0052652615042557E+000  1.0059135033883382E+000  1.0065575500187676E+000
  1.0071970246541100E+000  1.0078315577875205E+000  1.0084607816932076E+000  1.0090843338298685E+000  1.0097018552294612E+000
  1.0103129915321178E+000  1.0109173938238729E+000  1.0115147189882840E+000  1.0121046269171130E+000  1.0126867844089071E+000
  1.0132608640383345E+000  1.0138265471413679E+000  1.0143835149195559E+000  1.0149314553271600E+000  1.0154700647203634E+000
  1.0159990466559665E+000  1.0165181106341052E+000  1.0170269756585337E+000  1.0175253670207516E+000  1.0180130172633324E+000
  1.0184896660667910E+000  1.0189550614095091E+000  1.0194089589345374E+000  1.0198511213831014E+000  1.0202813196220957E+000
  1.0206993315187964E+000  1.0211049423395748E+000  1.0214979447857273E+000  1.0218781387909297E+000  1.0222453309601010E+000
  1.0225993347527707E+000  1.0229399711141098E+000  1.0232670680505858E+000  1.0235804605047591E+000  1.0238799903956088E+000
  1.0241655064905868E+000  1.0244368644124990E+000  1.0246939267415047E+000  1.0249365630989877E+000  1.0251646499401650E+000
  1.0253780706874138E+000  1.0255767160856433E+000  1.0257604841418977E+000  1.0259292800907605E+000  1.0260830165076038E+000
  1.0262216133900512E+000  1.0263449982182791E+000  1.0264531060576882E+000  1.0265458796927827E+000  1.0266232696020197E+000
  1.0266852339392563E+000  1.0267317386787329E+000  1.0267627576730689E+000  1.0267782725932939E+000  1.0267782725933139E+000
  1.0267627576731209E+000  1.0267317386787989E+000  1.0266852339393420E+000  1.0266232696021247E+000  1.0265458796929123E+000
  1.0264531060578512E+000  1.0263449982184600E+000  1.0262216133902577E+000  1.0260830165078270E+000  1.0259292800909914E+000
  1.0257604841421315E+000  1.0255767160858991E+000  1.0253780706877036E+000  1.0251646499404643E+000  1.0249365630992806E+000
  1.0246939267418247E+000  1.0244368644128583E+000  1.0241655064909849E+000  1.0238799903960478E+000  1.0235804605052188E+000
  1.0232670680510778E+000  1.0229399711146190E+000  1.0225993347532505E+000  1.0222453309605957E+000  1.0218781387914486E+000
  1.0214979447862409E+000  1.0211049423400897E+000  1.0206993315192552E+000  1.0202813196225351E+000  1.0198511213835784E+000
  1.0194089589349968E+000  1.0189550614099387E+000  1.0184896660672340E+000  1.0180130172636896E+000  1.0175253670211852E+000
  1.0170269756588795E+000  1.0165181106344794E+000  1.0159990466562550E+000  1.0154700647206922E+000  1.0149314553273519E+000
  1.0143835149197513E+000  1.0138265471415564E+000  1.0132608640384233E+000  1.0126867844089684E+000  1.0121046269171670E+000
  1.0115147189883034E+000  1.0109173938238281E+000  1.0103129915319975E+000  1.0097018552292847E+000  1.0090843338296329E+000
  1.0084607816928841E+000  1.0078315577871240E+000  1.0071970246536814E+000  1.0065575500183259E+000  1.0059135033878757E+000
  1.0052652615037558E+000  1.0046132004833019E+000  1.0039577048258437E+000  1.0032991559546938E+000  1.0026379465978281E+000
  1.0019744617598425E+000  1.0006619351667752E+000  1.0003232325000426E+000  9.9998849929808742E-001  9.9965041385058029E-001
  9.9863676060804962E-001  9.9796795505021574E-001  9.9729959656796119E-001  9.9663208386238700E-001  9.9596581799637174E-001
  9.9530120301650193E-001  9.9463864527987644E-001  9.9397855302234972E-001  9.9332133574976877E-001  9.9266740371315110E-001
  9.9201716727431122E-001  9.9137103659166625E-001  9.9072942121695906E-001  9.9009272974381346E-001  9.8946136937953855E-001
  9.8883574575305455E-001  9.8821626259002415E-001  9.8760332136477258E-001  9.8699732089358716E-001  9.8639865703324114E-001
  9.8580772241045145E-001  9.8522490614094826E-001  9.8465059359314211E-001  9.8408516599080198E-001  9.8352900016333455E-001
  9.8298246816207857E-001  9.8244593704268690E-001  9.8191976836761297E-001  9.8140431797679106E-001  9.8089993565646660E-001
  9.8040696477281486E-001  9.7992574190805048E-001  9.7945659641868021E-001  9.7899985020759006E-001  9.7855581733521779E-001
  9.7812480397722634E-001  9.7770710791906112E-001  9.7730301810641873E-001  9.7691281431792432E-001  9.7653676681873192E-001
  9.7617513640990206E-001  9.7582817406407774E-001  9.7549612069170677E-001  9.7517920696423088E-001  9.7487765321300068E-001
  9.7459166937105290E-001  9.7432145462554443E-001  9.7406719726475177E-001  9.7382907465208357E-001  9.7360725301143825E-001
  9.7340188729593558E-001  9.7321312105168933E-001  9.7304108641081977E-001  9.7288590410133624E-001  9.7274768315291882E-001
  9.7262652102085545E-001  9.7252250369003579E-001  9.7243570539250646E-001  9.7236618864381563E-001  9.7231400437718452E-001
  9.7227919167323651E-001  9.7226177767254907E-001  9.7226177767253052E-001  9.7227919167319043E-001  9.7231400437710525E-001
  9.7236618864369606E-001  9.7243570539236601E-001  9.7252250368990023E-001  9.7262652102068858E-001  9.7274768315272619E-001
  9.7288590410107789E-001  9.7304108641053277E-001  9.7321312105140823E-001  9.7340188729558363E-001  9.7360725301104800E-001
  9.7382907465170843E-001  9.7406719726431390E-001  9.7432145462505171E-001  9.7459166937057506E-001  9.7487765321246211E-001
  9.7517920696373328E-001  9.7549612069114466E-001  9.7582817406351152E-001  9.7617513640935216E-001  9.7653676681812118E-001
  9.7691281431744204E-001  9.7730301810599818E-001  9.7770710791858173E-001  9.7812480397666990E-001  9.7855581733480435E-001
  9.7899985020699209E-001  9.7945659641821536E-001  9.7992574190745918E-001  9.8040696477242584E-001  9.8089993565592548E-001
  9.8140431797634686E-001  9.8191976836732464E-001  9.8244593704228111E-001  9.8298246816164325E-001  9.8352900016293221E-001
  9.8408516599043838E-001  9.8465059359288043E-001  9.8522490614066938E-001  9.8580772241028058E-001  9.8639865703315466E-001
  9.8699732089352255E-001  9.8760332136478801E-001  9.8821626259012607E-001  9.8883574575317268E-001  9.8946136937975038E-001
  9.9009272974411577E-001  9.9072942121728291E-001  9.9137103659203996E-001  9.9201716727468692E-001  9.9266740371353179E-001
  9.9332133575019699E-001  9.9397855302282856E-001  9.9463864528037371E-001  9.9530120301698621E-001  9.9596581799685791E-001
  9.9663208386288960E-001  9.9729959656848766E-001  9.9796795505076830E-001  9.9863676060863371E-001  9.9965041385086095E-001
  9.9998849929895994E-001
BLOCK 22   6.3066410444100658E+000
  1.0003463093374874E+000  1.0013738396678973E+000  1.0020582180739834E+000  1.0027405719304308E+000  1.0034204969026801E+000
  1.0040976091815450E+000  1.0047715019363708E+000  1.0054417790622121E+000  1.0061080488728393E+000  1.0067699274873987E+000
  1.0074270298164765E+000  1.0080789780745676E+000  1.0087253956425084E+000  1.0093659125081136E+000  1.0100001621689709E+000
  1.0106277828718244E+000  1.0112484181004431E+000  1.0118617158725636E+000  1.0124673309487007E+000  1.0130649259948030E+000
  1.0136541680454456E+000  1.0142347288809261E+000  1.0148062822348194E+000  1.0153685145108782E+000  1.0159211171332596E+000
  1.0164637886637200E+000  1.0169962350155231E+000  1.0175181701078295E+000  1.0180293158054547E+000  1.0185294008288288E+000
  1.0190181626207111E+000  1.0194953454598414E+000  1.0199607013583982E+000  1.0204139901581375E+000  1.0208549792805501E+000
  1.0212834430114854E+000  1.0216991629449828E+000  1.0221019287271340E+000  1.0224915372700192E+000  1.0228677928223664E+000
  1.0232305069557190E+000  1.0235794983792705E+000  1.0239145928848452E+000  1.0242356235293901E+000  1.0245424305648521E+000
  1.0248348610593117E+000  1.0251127692560058E+000  1.0253760168468646E+000  1.0256244728197346E+000  1.0258580133739021E+000
  1.0260765219412469E+000  1.0262798892488612E+000  1.0264680133621782E+000  1.0266407998586813E+000  1.0267981618457795E+000
  1.0269400198321146E+000  1.0270663018736628E+000  1.0271769437168006E+000  1.0272718887429253E+000  1.0273510878930496E+000
  1.0274144996697083E+000  1.0274620901817209E+000  1.0274938331971295E+000  1.0275097102497572E+000  1.0275097102497799E+000
  1.0274938331971908E+000  1.0274620901818128E+000  1.0274144996698336E+000  1.0273510878931917E+000  1.0272718887430867E+000
  1.0271769437169882E+000  1.0270663018738786E+000  1.0269400198323355E+000  1.0267981618459989E+000  1.0266407998589044E+000
  1.0264680133624251E+000  1.0262798892491349E+000  1.0260765219415469E+000  1.0258580133742428E+000  1.0256244728201112E+000
  1.0253760168472819E+000  1.0251127692564399E+000  1.0248348610597711E+000  1.0245424305653636E+000  1.0242356235299186E+000
  1.0239145928853921E+000  1.0235794983798128E+000  1.0232305069562466E+000  1.0228677928229237E+000  1.0224915372705730E+000
  1.0221019287276718E+000  1.0216991629455154E+000  1.0212834430119935E+000  1.0208549792810595E+000  1.0204139901586549E+000
  1.0199607013588747E+000  1.0194953454603559E+000  1.0190181626212351E+000  1.0185294008293413E+000  1.0180293158059144E+000
  1.0175181701082892E+000  1.0169962350159263E+000  1.0164637886641066E+000  1.0159211171335640E+000  1.0153685145112021E+000
  1.0148062822350257E+000  1.0142347288811462E+000  1.0136541680455815E+000  1.0130649259948585E+000  1.0124673309487067E+000
  1.0118617158724781E+000  1.0112484181003347E+000  1.0106277828717083E+000  1.0100001621687968E+000  1.0093659125078853E+000
  1.0087253956422393E+000  1.0080789780742454E+000  1.0074270298160746E+000  1.0067699274869029E+000  1.0061080488722782E+000
  1.0054417790616070E+000  1.0047715019357149E+000  1.0040976091808356E+000  1.0034204969019467E+000  1.0027405719296976E+000
  1.0020582180732498E+000  1.0013738396671561E+000  1.0003463093371479E+000  1.0000000000000000E+000  9.9965388295383273E-001
  9.9862419346575249E-001  9.9793581931881470E-001  9.9724782875482842E-001  9.9656063012177065E-001  9.9587462758154233E-001
  9.9519023745138491E-001  9.9450788171783000E-001  9.9382798313866649E-001  9.9315096488615995E-001  9.9247725079943017E-001
  9.9180726504606387E-001  9.9114143171271307E-001  9.9048017447715853E-001  9.8982391628513278E-001  9.8917307898555107E-001
  9.8852808286277694E-001  9.8788934624999591E-001  9.8725728522731926E-001  9.8663231339983259E-001  9.8601484160095620E-001
  9.8540527755448337E-001  9.8480402560434466E-001  9.8421148641598122E-001  9.8362805663862996E-001  9.8305412839541439E-001
  9.8249008890773437E-001  9.8193632005568010E-001  9.8139319816747550E-001  9.8086109372079622E-001  9.8034037108392225E-001
  9.7983138801189373E-001  9.7933449519692650E-001  9.7885003585584107E-001  9.7837834529654866E-001  9.7791975071117132E-001
  9.7747457075559896E-001  9.7704311527787513E-001  9.7662568500165936E-001  9.7622257139989677E-001  9.7583405634235776E-001
  9.7546041175388765E-001  9.7510189950082715E-001  9.7475877110533804E-001  9.7443126763153254E-001  9.7411961927062385E-001
  9.7382404522965804E-001  9.7354475370893090E-001  9.7328194152180125E-001  9.7303579400970119E-001  9.7280648497937827E-001
  9.7259417656539071E-001  9.7239901918399874E-001  9.7222115138067811E-001  9.7206069989801425E-001  9.7191777953493053E-001
  9.7179249291523973E-001  9.7168493071370976E-001  9.7159517139169271E-001  9.7152328106090324E-001  9.7146931366432598E-001
  9.7143331066748773E-001  9.7141530100016082E-001  9.7141530100016227E-001  9.7143331066745886E-001  9.7146931366427081E-001
  9.7152328106080699E-001  9.7159517139154528E-001  9.7168493071349926E-001  9.7179249291500025E-001  9.7191777953468828E-001
  9.7206069989775301E-001  9.7222115138034815E-001  9.7239901918366156E-001  9.7259417656498781E-001  9.7280648497895061E-001
  9.7303579400924589E-001  9.7328194152126246E-001  9.7354475370836457E-001  9.7382404522901322E-001  9.7411961927005475E-001
  9.7443126763100762E-001  9.7475877110475284E-001  9.7510189950025095E-001  9.7546041175331744E-001  9.7583405634177678E-001
  9.7622257139927593E-001  9.7662568500112035E-001  9.7704311527722543E-001  9.7747457075496413E-001  9.7791975071049475E-001
  9.7837834529600587E-001  9.7885003585518249E-001  9.7933449519639570E-001  9.7983138801124881E-001  9.8034037108343763E-001
  9.8086109372021257E-001  9.8139319816698378E-001  9.8193632005521803E-001  9.8249008890730871E-001  9.8305412839511219E-001
  9.8362805663830721E-001  9.8421148641569800E-001  9.8480402560417335E-001  9.8540527755429708E-001  9.8601484160078834E-001
  9.8663231339969848E-001  9.8725728522730205E-001  9.8788934625011426E-001  9.8852808286294847E-001  9.8917307898578055E-001
  9.8982391628545496E-001  9.9048017447750558E-001  9.9114143171308733E-001  9.9180726504650119E-001  9.9247725079987159E-001
  9.9315096488662724E-001  9.9382798313918030E-001  9.9450788171834881E-001  9.9519023745192092E-001  9.9587462758209599E-001
  9.9656063012234541E-001  9.9724782875544904E-001  9.9793581931950270E-001  9.9862419346647968E-001  9.9965388295417124E-001
  1.0000000000000000E+000
BLOCK 23   6.6069572846200693E+000
  1.0003710307267570E+000  1.0014429813665211E+000  1.0021475349101605E+000  1.0028499042571224E+000  1.0035496891373843E+000
  1.0042464726962426E+000  1.0049398544283725E+000  1.0056294295984727E+000  1.0063148000256135E+000  1.0069955733323681E+000
  1.0076713515382103E+000  1.0083417507248846E+000  1.0090063855658233E+000  1.0096648727472464E+000  1.0103168351784082E+000
  1.0109619058714534E+000  1.0115997220164059E+000  1.0122299245136668E+000  1.0128521616583244E+000  1.0134660869084708E+000
  1.0140713665472032E+000  1.0146676614382033E+000  1.0152546439131647E+000  1.0158319926264714E+000  1.0163993955078090E+000
  1.0169565460770529E+000  1.0175031472400451E+000  1.0180389084146089E+000  1.0185635466349079E+000  1.0190767874973434E+000
  1.0195783640758591E+000  1.0200680165057805E+000  1.0205454923453907E+000  1.0210105477340397E+000  1.0214629462841591E+000
  1.0219024592917474E+000  1.0223288657779273E+000  1.0227419521394896E+000  1.0231415121456038E+000  1.0235273472604101E+000
  1.0238992664747755E+000  1.0242570857503401E+000  1.0246006285993989E+000  1.0249297262825370E+000  1.0252442175399252E+000
  1.0255439484633508E+000  1.0258287725823887E+000  1.0260985508205120E+000  1.0263531514923638E+000  1.0265924505391797E+000
  1.0268163313950880E+000  1.0270246848758209E+000  1.0272174094160400E+000  1.0273944111686544E+000  1.0275556038420628E+000
  1.0277009085383104E+000  1.0278302537851296E+000  1.0279435755726158E+000  1.0280408174082845E+000  1.0281219303962137E+000
  1.0281868731794128E+000  1.0282356119431537E+000  1.0282681205428796E+000  1.0282843805301716E+000  1.0282843805301871E+000
  1.0282681205429354E+000  1.0282356119432408E+000  1.0281868731795250E+000  1.0281219303963454E+000  1.0280408174084454E+000
  1.0279435755727919E+000  1.0278302537853288E+000  1.0277009085385369E+000  1.0275556038423235E+000  1.0273944111689493E+000
  1.0272174094163642E+000  1.0270246848761708E+000  1.0268163313954837E+000  1.0265924505396149E+000  1.0263531514928177E+000
  1.0260985508209899E+000  1.0258287725828785E+000  1.0255439484638664E+000  1.0252442175404695E+000  1.0249297262830861E+000
  1.0246006285999592E+000  1.0242570857509090E+000  1.0238992664753497E+000  1.0235273472609945E+000  1.0231415121461769E+000
  1.0227419521400760E+000  1.0223288657785501E+000  1.0219024592923660E+000  1.0214629462847806E+000  1.0210105477346523E+000
  1.0205454923459947E+000  1.0200680165063634E+000  1.0195783640764167E+000  1.0190767874978861E+000  1.0185635466354190E+000
  1.0180389084151034E+000  1.0175031472404756E+000  1.0169565460774177E+000  1.0163993955081418E+000  1.0158319926267791E+000
  1.0152546439133996E+000  1.0146676614383432E+000  1.0140713665473693E+000  1.0134660869085605E+000  1.0128521616583814E+000
  1.0122299245136575E+000  1.0115997220163131E+000  1.0109619058713066E+000  1.0103168351781839E+000  1.0096648727469488E+000
  1.0090063855654623E+000  1.0083417507244483E+000  1.0076713515377229E+000  1.0069955733318463E+000  1.0063148000250304E+000
  1.0056294295978327E+000  1.0049398544276920E+000  1.0042464726955085E+000  1.0035496891365858E+000  1.0028499042562689E+000
  1.0021475349092823E+000  1.0014429813656507E+000  1.0003710307263511E+000  1.0000130172950017E+000  9.9965779618271733E-001
  9.9861131833880201E-001  9.9790218731838753E-001  9.9719335043548873E-001  9.9648523850846005E-001  9.9577827473480141E-001
  9.9507289093680062E-001  9.9436952486952856E-001  9.9366860559837222E-001  9.9297057160886326E-001  9.9227586351757258E-001
  9.9158491417893369E-001  9.9089815894622701E-001  9.9021603936508118E-001  9.8953899685659663E-001  9.8886746930602187E-001
  9.8820189205310460E-001  9.8754269893096780E-001  9.8689032214706018E-001  9.8624519172905056E-001  9.8560773500533061E-001
  9.8497837616490369E-001  9.8435753584294527E-001  9.8374563082305677E-001  9.8314307373523879E-001  9.8255027278429730E-001
  9.8196763130448272E-001  9.8139554734128231E-001  9.8083441319262132E-001  9.8028461507233944E-001  9.7974653255553468E-001
  9.7922053814172305E-001  9.7870699691602214E-001  9.7820626626342266E-001  9.7771869552619572E-001  9.7724462564697356E-001
  9.7678438889168551E-001  9.7633830844852643E-001  9.7590669817288567E-001  9.7548986216608113E-001  9.7508809459271417E-001
  9.7470167939854013E-001  9.7433088997803019E-001  9.7397598898518500E-001  9.7363722811394682E-001  9.7331484790416556E-001
  9.7300907742212683E-001  9.7272013422283743E-001  9.7244822420778765E-001  9.7219354143461989E-001  9.7195626805156787E-001
  9.7173657417023196E-001  9.7153461774297512E-001  9.7135054442838598E-001  9.7118448754248499E-001  9.7103656794560123E-001
  9.7090689384257911E-001  9.7079556082004825E-001  9.7070265174279635E-001  9.7062823655092734E-001  9.7057237234662341E-001
  9.7053510317899372E-001  9.7051645985022650E-001  9.7051645985022128E-001  9.7053510317894509E-001  9.7057237234650828E-001
  9.7062823655079189E-001  9.7070265174263382E-001  9.7079556081984730E-001  9.7090689384235551E-001  9.7103656794533788E-001
  9.7118448754215470E-001  9.7135054442795843E-001  9.7153461774245675E-001  9.7173657416970916E-001  9.7195626805107493E-001
  9.7219354143406977E-001  9.7244822420726540E-001  9.7272013422231396E-001  9.7300907742155451E-001  9.7331484790357625E-001
  9.7363722811334308E-001  9.7397598898453464E-001  9.7433088997731399E-001  9.7470167939786256E-001  9.7508809459198964E-001
  9.7548986216536748E-001  9.7590669817211739E-001  9.7633830844785396E-001  9.7678438889094299E-001  9.7724462564624914E-001
  9.7771869552537971E-001  9.7820626626276586E-001  9.7870699691532737E-001  9.7922053814107968E-001  9.7974653255486632E-001
  9.8028461507180598E-001  9.8083441319193010E-001  9.8139554734076195E-001  9.8196763130402398E-001  9.8255027278386697E-001
  9.8314307373491527E-001  9.8374563082275168E-001  9.8435753584274177E-001  9.8497837616477257E-001  9.8560773500525600E-001
  9.8624519172909308E-001  9.8689032214712136E-001  9.8754269893105528E-001  9.8820189205325915E-001  9.8886746930621061E-001
  9.8953899685680469E-001  9.9021603936531477E-001  9.9089815894654065E-001  9.9158491417937200E-001  9.9227586351807906E-001
  9.9297057160939206E-001  9.9366860559896930E-001  9.9436952487016550E-001  9.9507289093745421E-001  9.9577827473551150E-001
  9.9648523850920145E-001  9.9719335043624369E-001  9.9790218731917890E-001  9.9861131833962757E-001  9.9965779618311568E-001
  1.0000130172993178E+000
BLOCK 24   6.9072735248300727E+000
  1.0003974724423974E+000  1.0015166775822388E+000  1.0022425971659308E+000  1.0029661725133390E+000  1.0036869858055133E+000
  1.0044046132243438E+000  1.0051186375191334E+000  1.0058286478988221E+000  1.0065342319982240E+000  1.0072349874199957E+000
  1.0079305118991808E+000  1.0086204083376651E+000  1.0093042852293590E+000  1.0099817532215536E+000  1.0106524301119502E+000
  1.0113159414292896E+000  1.0119719116312687E+000  1.0126199759541668E+000  1.0132597758912736E+000  1.0138909605209832E+000
  1.0145131791356621E+000  1.0151260913932678E+000  1.0157293664132332E+000  1.0163226793940265E+000  1.0169057110548534E+000
  1.0174781525198691E+000  1.0180397013996645E+000  1.0185900626791460E+000  1.0191289483111485E+000  1.0196560791915930E+000
  1.0201711836893794E+000  1.0206739979133264E+000  1.0211642662520819E+000  1.0216417405656706E+000  1.0221061804934002E+000
  1.0225573537406771E+000  1.0229950359420874E+000  1.0234190097776947E+000  1.0238290657937330E+000  1.0242250026681572E+000
  1.0246066268714404E+000  1.0249737525204243E+000  1.0253262014768945E+000  1.0256638031818692E+000  1.0259863946835206E+000
  1.0262938209919608E+000  1.0265859348293713E+000  1.0268625964863489E+000  1.0271236740864189E+000  1.0273690436623502E+000
  1.0275985888909414E+000  1.0278122009664290E+000  1.0280097786469229E+000  1.0281912281496064E+000  1.0283564632064031E+000
  1.0285054051689819E+000  1.0286379829047037E+000  1.0287541327395511E+000  1.0288537985537050E+000  1.0289369317744945E+000
  1.0290034911946857E+000  1.0290534429555287E+000  1.0290867606935141E+000  1.0291034255567060E+000  1.0291034255567137E+000
  1.0290867606935348E+000  1.0290534429555687E+000  1.0290034911947485E+000  1.0289369317746027E+000  1.0288537985538522E+000
  1.0287541327397332E+000  1.0286379829049352E+000  1.0285054051692717E+000  1.0283564632067399E+000  1.0281912281499788E+000
  1.0280097786473330E+000  1.0278122009668622E+000  1.0275985888914188E+000  1.0273690436628418E+000  1.0271236740869323E+000
  1.0268625964868854E+000  1.0265859348299220E+000  1.0262938209925228E+000  1.0259863946840784E+000  1.0256638031824403E+000
  1.0253262014774969E+000  1.0249737525210469E+000  1.0246066268720819E+000  1.0242250026688227E+000  1.0238290657944131E+000
  1.0234190097783851E+000  1.0229950359427813E+000  1.0225573537413855E+000  1.0221061804941101E+000  1.0216417405663729E+000
  1.0211642662527651E+000  1.0206739979139567E+000  1.0201711836899940E+000  1.0196560791921767E+000  1.0191289483116883E+000
  1.0185900626796380E+000  1.0180397014001570E+000  1.0174781525203265E+000  1.0169057110552673E+000  1.0163226793943574E+000
  1.0157293664135651E+000  1.0151260913934963E+000  1.0145131791358510E+000  1.0138909605211504E+000  1.0132597758913120E+000
  1.0126199759541441E+000  1.0119719116311396E+000  1.0113159414290760E+000  1.0106524301116926E+000  1.0099817532212310E+000
  1.0093042852289764E+000  1.0086204083371944E+000  1.0079305118986175E+000  1.0072349874193722E+000  1.0065342319975472E+000
  1.0058286478980925E+000  1.0051186375183685E+000  1.0044046132235409E+000  1.0036869858046666E+000  1.0029661725124628E+000
  1.0022425971650146E+000  1.0015166775812709E+000  1.0003974724419196E+000  1.0000284798427836E+000  9.9966217819152337E-001
  9.9859816642665222E-001  9.9786704824333994E-001  9.9713614226021174E-001  9.9640588313845657E-001  9.9567671536951174E-001
  9.9494908309742647E-001  9.9422343505921751E-001  9.9350022383796066E-001  9.9277989849573300E-001  9.9206291622878173E-001
  9.9134972963207191E-001  9.9064079175109465E-001  9.8993656025807342E-001  9.8923748633841235E-001  9.8854402135978048E-001
  9.8785662027128607E-001  9.8717573299841865E-001  9.8650180608274551E-001  9.8583528863583514E-001  9.8517662940236206E-001
  9.8452627144333815E-001  9.8388465187931295E-001  9.8325220389253098E-001  9.8262935725241440E-001  9.8201653747128503E-001
  9.8141416497516787E-001  9.8082265449778894E-001  9.8024241467160911E-001  9.7967384762750043E-001  9.7911734871027101E-001
  9.7857330614580207E-001  9.7804210070753927E-001  9.7752410523325961E-001  9.7701968426606900E-001  9.7652919367133650E-001
  9.7605298017783215E-001  9.7559138107825449E-001  9.7514472389669349E-001  9.7471332607988215E-001  9.7429749468157056E-001
  9.7389752621278425E-001  9.7351370627449618E-001  9.7314630928234658E-001  9.7279559827637396E-001  9.7246182475406040E-001
  9.7214522848564677E-001  9.7184603726588770E-001  9.7156446690371767E-001  9.7130072095712328E-001  9.7105499058036249E-001
  9.7082745445761498E-001  9.7061827855241001E-001  9.7042761603887973E-001  9.7025560721903370E-001  9.7010237937119370E-001
  9.6996804664722303E-001  9.6985270992652450E-001  9.6975645672118438E-001  9.6967936101845431E-001  9.6962148320695152E-001
  9.6958286995656751E-001  9.6956355399990402E-001  9.6956355399990779E-001  9.6958286995654752E-001  9.6962148320686792E-001
  9.6967936101826990E-001  9.6975645672090971E-001  9.6985270992621964E-001  9.6996804664692271E-001  9.7010237937079191E-001
  9.7025560721859161E-001  9.7042761603847028E-001  9.7061827855192351E-001  9.7082745445715768E-001  9.7105499057987765E-001
  9.7130072095655484E-001  9.7156446690312293E-001  9.7184603726525431E-001  9.7214522848496043E-001  9.7246182475333254E-001
  9.7279559827566175E-001  9.7314630928163726E-001  9.7351370627377187E-001  9.7389752621195314E-001  9.7429749468074500E-001
  9.7471332607901495E-001  9.7514472389585893E-001  9.7559138107735521E-001  9.7605298017702480E-001  9.7652919367047675E-001
  9.7701968426527097E-001  9.7752410523242494E-001  9.7804210070664799E-001  9.7857330614502347E-001  9.7911734870956602E-001
  9.7967384762679921E-001  9.8024241467093987E-001  9.8082265449718176E-001  9.8141416497473977E-001  9.8201653747082829E-001
  9.8262935725207279E-001  9.8325220389230417E-001  9.8388465187897978E-001  9.8452627144320637E-001  9.8517662940227113E-001
  9.8583528863582981E-001  9.8650180608275939E-001  9.8717573299853234E-001  9.8785662027140608E-001  9.8854402135995723E-001
  9.8923748633867525E-001  9.8993656025841947E-001  9.9064079175147901E-001  9.9134972963248513E-001  9.9206291622925491E-001
  9.9277989849627379E-001  9.9350022383856729E-001  9.9422343505989053E-001  9.9494908309817620E-001  9.9567671537037350E-001
  9.9640588313941003E-001  9.9713614226118352E-001  9.9786704824433203E-001  9.9859816642766608E-001  9.9966217819200509E-001
  1.0000284798466752E+000
BLOCK 25   7.2075897650400762E+000
  1.0004257327445714E+000  1.0015951482766625E+000  1.0023436632407234E+000  1.0030896575369195E+000  1.0038327049259679E+000
  1.0045723641820881E+000  1.0053082099939701E+000  1.0060398145635374E+000  1.0067667584546811E+000  1.0074886263458087E+000
  1.0082050057304566E+000  1.0089154917908807E+000  1.0096196823017565E+000  1.0103171826417983E+000  1.0110076013838130E+000
  1.0116905545598567E+000  1.0123656633552240E+000  1.0130325590528826E+000  1.0136908784570284E+000  1.0143402602957612E+000
  1.0149803464365670E+000  1.0156107934746146E+000  1.0162312603331325E+000  1.0168414149229488E+000  1.0174409336160279E+000
  1.0180295002119084E+000  1.0186068071042897E+000  1.0191725555866127E+000  1.0197264561804145E+000  1.0202682250211992E+000
  1.0207975854148010E+000  1.0213142690614228E+000  1.0218180161771169E+000  1.0223085740324116E+000  1.0227856978723437E+000
  1.0232491514547044E+000  1.0236987065685923E+000  1.0241341429933619E+000  1.0245552486545353E+000  1.0249618193991761E+000
  1.0253536589677894E+000  1.0257305794849083E+000  1.0260924010731438E+000  1.0264389515914993E+000  1.0267700670188440E+000
  1.0270855916441051E+000  1.0273853777288533E+000  1.0276692853512994E+000  1.0279371824042567E+000  1.0281889444424555E+000
  1.0284244548302828E+000  1.0286436048379133E+000  1.0288462934258529E+000  1.0290324271038480E+000  1.0292019200218947E+000
  1.0293546939292291E+000  1.0294906779781865E+000  1.0296098086714442E+000  1.0297120298346019E+000  1.0297972926404499E+000
  1.0298655557599605E+000  1.0299167854044426E+000  1.0299509552409871E+000  1.0299680463314502E+000  1.0299680463314642E+000
  1.0299509552410204E+000  1.0299167854045217E+000  1.0298655557600713E+000  1.0297972926405958E+000  1.0297120298347862E+000
  1.0296098086716707E+000  1.0294906779784609E+000  1.0293546939295517E+000  1.0292019200222582E+000  1.0290324271042686E+000
  1.0288462934263181E+000  1.0286436048384007E+000  1.0284244548307910E+000  1.0281889444429870E+000  1.0279371824048202E+000
  1.0276692853518881E+000  1.0273853777294566E+000  1.0270855916447321E+000  1.0267700670194935E+000  1.0264389515921659E+000
  1.0260924010738321E+000  1.0257305794856248E+000  1.0253536589685404E+000  1.0249618193999439E+000  1.0245552486553060E+000
  1.0241341429941333E+000  1.0236987065693601E+000  1.0232491514554760E+000  1.0227856978730860E+000  1.0223085740331419E+000
  1.0218180161778521E+000  1.0213142690621504E+000  1.0207975854154994E+000  1.0202682250218722E+000  1.0197264561810642E+000
  1.0191725555872146E+000  1.0186068071048080E+000  1.0180295002123951E+000  1.0174409336164680E+000  1.0168414149233411E+000
  1.0162312603334271E+000  1.0156107934748759E+000  1.0149803464367224E+000  1.0143402602958715E+000  1.0136908784570737E+000
  1.0130325590528031E+000  1.0123656633550893E+000  1.0116905545596415E+000  1.0110076013835341E+000  1.0103171826414452E+000
  1.0096196823013064E+000  1.0089154917903518E+000  1.0082050057298466E+000  1.0074886263451335E+000  1.0067667584539566E+000
  1.0060398145627509E+000  1.0053082099931225E+000  1.0045723641811817E+000  1.0038327049250024E+000  1.0030896575359083E+000
  1.0023436632396663E+000  1.0015951482755263E+000  1.0004257327440045E+000  1.0000451505982677E+000  9.9966707963098345E-001
  9.9858478387084881E-001  9.9783041278459350E-001  9.9707615875973232E-001  9.9632247422164133E-001  9.9556981441286119E-001
  9.9481864030311073E-001  9.9406941600272569E-001  9.9332260794386640E-001  9.9257868668203220E-001  9.9183812080475797E-001
  9.9110138404618564E-001  9.9036894704403644E-001  9.8964128231913773E-001  9.8891886304700138E-001  9.8820215827339319E-001
  9.8749164026087366E-001  9.8678777797924677E-001  9.8609103672430565E-001  9.8540188348617364E-001  9.8472078052732892E-001
  9.8404818556245854E-001  9.8338455669643632E-001  9.8273034799847980E-001  9.8208600661326129E-001  9.8145197669264139E-001
  9.8082869946677753E-001  9.8021660866197868E-001  9.7961612888694005E-001  9.7902767775629340E-001  9.7845166724793076E-001
  9.7788850297201313E-001  9.7733858275287777E-001  9.7680229579217748E-001  9.7628002238200973E-001  9.7577213373708627E-001
  9.7527899165070742E-001  9.7480094819542096E-001  9.7433834544872111E-001  9.7389151508054594E-001  9.7346077799793440E-001
  9.7304644403482443E-001  9.7264881178306239E-001  9.7226816826992035E-001  9.7190478877208109E-001  9.7155893664358173E-001
  9.7123086309248297E-001  9.7092080700602534E-001  9.7062899476585540E-001  9.7035564002480035E-001  9.7010094350156584E-001
  9.6986509294298817E-001  9.6964826290457007E-001  9.6945061459826365E-001  9.6927229579238283E-001  9.6911344058861681E-001
  9.6897416931249181E-001  9.6885458838792415E-001  9.6875479015574029E-001  9.6867485280302801E-001  9.6861484023895938E-001
  9.6857480193313494E-001  9.6855477279948976E-001  9.6855477279946078E-001  9.6857480193299605E-001  9.6861484023875155E-001
  9.6867485280276111E-001  9.6875479015539046E-001  9.6885458838758054E-001  9.6897416931218938E-001  9.6911344058822735E-001
  9.6927229579196261E-001  9.6945061459780690E-001  9.6964826290402650E-001  9.6986509294240264E-001  9.7010094350099141E-001
  9.7035564002419228E-001  9.7062899476519238E-001  9.7092080700530381E-001  9.7123086309171636E-001  9.7155893664281290E-001
  9.7190478877123743E-001  9.7226816826904472E-001  9.7264881178217477E-001  9.7304644403393614E-001  9.7346077799699560E-001
  9.7389151507959082E-001  9.7433834544769160E-001  9.7480094819447172E-001  9.7527899164974341E-001  9.7577213373608318E-001
  9.7628002238107636E-001  9.7680229579124300E-001  9.7733858275197039E-001  9.7788850297118624E-001  9.7845166724712118E-001
  9.7902767775543220E-001  9.7961612888620853E-001  9.8021660866141169E-001  9.8082869946625517E-001  9.8145197669216866E-001
  9.8208600661287371E-001  9.8273034799811843E-001  9.8338455669615754E-001  9.8404818556217233E-001  9.8472078052726353E-001
  9.8540188348608404E-001  9.8609103672431653E-001  9.8678777797929296E-001  9.8749164026102099E-001  9.8820215827356161E-001
  9.8891886304728138E-001  9.8964128231950865E-001  9.9036894704446854E-001  9.9110138404669557E-001  9.9183812080533795E-001
  9.9257868668268623E-001  9.9332260794460747E-001  9.9406941600356502E-001  9.9481864030402045E-001  9.9556981441381709E-001
  9.9632247422264630E-001  9.9707615876079048E-001  9.9783041278570250E-001  9.9858478387199368E-001  9.9966707963153900E-001
  1.0000451506017363E+000
BLOCK 26   7.5079060052500797E+000
  1.0004559167587372E+000  1.0016786322711895E+000  1.0024510052555333E+000  1.0032206694011123E+000  1.0039871836987126E+000
  1.0047500946651708E+000  1.0055089645802064E+000  1.0062633535729848E+000  1.0070128298478196E+000  1.0077569658973464E+000
  1.0084953396426490E+000  1.0092275369668120E+000  1.0099531462673583E+000  1.0106717637113343E+000  1.0113829918000588E+000
  1.0120864377790786E+000  1.0127817174063987E+000  1.0134684516599768E+000  1.0141462754605910E+000  1.0148148169960802E+000
  1.0154737154975626E+000  1.0161226181967349E+000  1.0167611807926944E+000  1.0173890647404960E+000  1.0180059421535166E+000
  1.0186114901909891E+000  1.0192053950263957E+000  1.0197873521199268E+000  1.0203570638170689E+000  1.0209142403823366E+000
  1.0214586009089055E+000  1.0219898732388639E+000  1.0225077932489701E+000  1.0230121058257275E+000  1.0235025640307926E+000
  1.0239789277942153E+000  1.0244409643754986E+000  1.0248884499858626E+000  1.0253211696133273E+000  1.0257389163048951E+000
  1.0261414915337923E+000  1.0265287055005874E+000  1.0269003767822840E+000  1.0272563321993764E+000  1.0275964068883792E+000
  1.0279204440442962E+000  1.0282282950406141E+000  1.0285198195466843E+000  1.0287948852132549E+000  1.0290533674705058E+000
  1.0292951497656937E+000  1.0295201235191982E+000  1.0297281877890452E+000  1.0299192491749247E+000  1.0300932217904308E+000
  1.0302500272510349E+000  1.0303895947529953E+000  1.0305118610415487E+000  1.0306167701876612E+000  1.0307042735115930E+000
  1.0307743297110579E+000  1.0308269048380545E+000  1.0308619722107411E+000  1.0308795124171291E+000  1.0308795124171595E+000
  1.0308619722108170E+000  1.0308269048381908E+000  1.0307743297112446E+000  1.0307042735118217E+000  1.0306167701879430E+000
  1.0305118610418520E+000  1.0303895947533213E+000  1.0302500272513968E+000  1.0300932217908239E+000  1.0299192491753468E+000
  1.0297281877895017E+000  1.0295201235196980E+000  1.0292951497662366E+000  1.0290533674710864E+000  1.0287948852138711E+000
  1.0285198195473488E+000  1.0282282950413144E+000  1.0279204440450382E+000  1.0275964068891488E+000  1.0272563322001731E+000
  1.0269003767831009E+000  1.0265287055014141E+000  1.0261414915346134E+000  1.0257389163057093E+000  1.0253211696141584E+000
  1.0248884499867086E+000  1.0244409643763419E+000  1.0239789277950702E+000  1.0235025640316526E+000  1.0230121058265707E+000
  1.0225077932497768E+000  1.0219898732396548E+000  1.0214586009096882E+000  1.0209142403830973E+000  1.0203570638177941E+000
  1.0197873521205942E+000  1.0192053950269564E+000  1.0186114901914822E+000  1.0180059421540235E+000  1.0173890647408792E+000
  1.0167611807930264E+000  1.0161226181969865E+000  1.0154737154977242E+000  1.0148148169961588E+000  1.0141462754605930E+000
  1.0134684516598740E+000  1.0127817174062457E+000  1.0120864377787986E+000  1.0113829917996757E+000  1.0106717637109388E+000
  1.0099531462669011E+000  1.0092275369662567E+000  1.0084953396420213E+000  1.0077569658966503E+000  1.0070128298470340E+000
  1.0062633535720864E+000  1.0055089645792024E+000  1.0047500946640890E+000  1.0039871836975585E+000  1.0032206693999033E+000
  1.0024510052543050E+000  1.0016786322699474E+000  1.0004559167581306E+000  1.0000631008041321E+000  9.9967255638332930E-001
  9.9857123954352500E-001  9.9779229625949817E-001  9.9701336994099266E-001  9.9623492630402199E-001  9.9545743718420043E-001
  9.9468137924903144E-001  9.9390723285895166E-001  9.9313548212876601E-001  9.9236661254486669E-001  9.9160111349354585E-001
  9.9083947349087431E-001  9.9008218445338059E-001  9.8932973681560943E-001  9.8858262252059870E-001  9.8784133329016766E-001
  9.8710635814073289E-001  9.8637818724071769E-001  9.8565730642906457E-001  9.8494420033909780E-001  9.8423935188654399E-001
  9.8354323832161283E-001  9.8285633581828291E-001  9.8217911643658351E-001  9.8151204577523998E-001  9.8085558705138876E-001
  9.8021019814080290E-001  9.7957632918320514E-001  9.7895442608861216E-001  9.7834492911406579E-001  9.7774826904368828E-001
  9.7716486864481344E-001  9.7659514417883941E-001  9.7603950254169447E-001  9.7549833916420514E-001  9.7497203954614897E-001
  9.7446098106198109E-001  9.7396553235744965E-001  9.7348605166887725E-001  9.7302288584791163E-001  9.7257637021787269E-001
  9.7214682869047775E-001  9.7173457366011884E-001  9.7133990573498630E-001  9.7096311342232555E-001  9.7060447288734553E-001
  9.7026424759963315E-001  9.6994268816069673E-001  9.6964003214125705E-001  9.6935650387171479E-001  9.6909231428970466E-001
  9.6884766075876272E-001  9.6862272690979623E-001  9.6841768243832704E-001  9.6823268296686127E-001  9.6806786979715032E-001
  9.6792336977123439E-001  9.6779929519151309E-001  9.6769574358981048E-001  9.6761279763630670E-001  9.6755052496374483E-001
  9.6750897799258717E-001  9.6748819384461815E-001  9.6748819384459961E-001  9.6750897799253066E-001  9.6755052496359362E-001
  9.6761279763612795E-001  9.6769574358950905E-001  9.6779929519113717E-001  9.6792336977080917E-001  9.6806786979669757E-001
  9.6823268296635723E-001  9.6841768243774473E-001  9.6862272690915774E-001  9.6884766075810913E-001  9.6909231428903020E-001
  9.6935650387098315E-001  9.6964003214049754E-001  9.6994268815990325E-001  9.7026424759878671E-001  9.7060447288642637E-001
  9.7096311342137009E-001  9.7133990573398810E-001  9.7173457365909699E-001  9.7214682868938762E-001  9.7257637021681009E-001
  9.7302288584683372E-001  9.7348605166776658E-001  9.7396553235637751E-001  9.7446098106083046E-001  9.7497203954503864E-001
  9.7549833916315576E-001  9.7603950254069527E-001  9.7659514417789040E-001  9.7716486864394281E-001  9.7774826904284451E-001
  9.7834492911327342E-001  9.7895442608784533E-001  9.7957632918253301E-001  9.8021019814014931E-001  9.8085558705082998E-001
  9.8151204577475737E-001  9.8217911643615541E-001  9.8285633581788523E-001  9.8354323832135715E-001  9.8423935188636924E-001
  9.8494420033900243E-001  9.8565730642898397E-001  9.8637818724079196E-001  9.8710635814082925E-001  9.8784133329037294E-001
  9.8858262252092655E-001  9.8932973681605452E-001  9.9008218445390306E-001  9.9083947349148005E-001  9.9160111349426894E-001
  9.9236661254565994E-001  9.9313548212965241E-001  9.9390723285993188E-001  9.9468137925007383E-001  9.9545743718529023E-001
  9.9623492630515809E-001  9.9701336994216938E-001  9.9779229626071286E-001  9.9857123954478988E-001  9.9967255638395536E-001
  1.0000631008071625E+000
BLOCK 27   7.8082222454600831E+000
  1.0004881321329746E+000  1.0017673699258969E+000  1.0025649041663831E+000  1.0033595248474223E+000  1.0041507777765406E+000
  1.0049381948067995E+000  1.0057213259853863E+000  1.0064997184798583E+000  1.0072729308022295E+000  1.0080405237731007E+000
  1.0088020652648659E+000  1.0095571287138472E+000  1.0103052932931962E+000  1.0110461483045845E+000  1.0117792861602721E+000
  1.0125043067088533E+000  1.0132208184327576E+000  1.0139284401107118E+000  1.0146267888024347E+000  1.0153154882315731E+000
  1.0159941737962632E+000  1.0166624858950373E+000  1.0173200742732693E+000  1.0179665977474268E+000  1.0186017210087208E+000
  1.0192251164558530E+000  1.0198364638076822E+000  1.0204354526021715E+000  1.0210217792047904E+000  1.0215951487553174E+000
  1.0221552752742138E+000  1.0227018803703603E+000  1.0232346946771054E+000  1.0237534580810763E+000  1.0242579187314078E+000
  1.0247478330751709E+000  1.0252229668620159E+000  1.0256830946393076E+000  1.0261279994372334E+000  1.0265574729681755E+000
  1.0269713152677331E+000  1.0273693339187511E+000  1.0277513447425626E+000  1.0281171727988969E+000  1.0284666521380406E+000
  1.0287996251646909E+000  1.0291159426999297E+000  1.0294154639766961E+000  1.0296980563509395E+000  1.0299635952365656E+000
  1.0302119640006984E+000  1.0304430538043290E+000  1.0306567636364758E+000  1.0308530002777301E+000  1.0310316780192910E+000
  1.0311927186041352E+000  1.0313360513058754E+000  1.0314616127852734E+000  1.0315693469706004E+000  1.0316592050694895E+000
  1.0317311455634810E+000  1.0317851342222699E+000  1.0318211442060294E+000  1.0318391559767643E+000  1.0318391559768021E+000
  1.0318211442061274E+000  1.0317851342224289E+000  1.0317311455637015E+000  1.0316592050697488E+000  1.0315693469709064E+000
  1.0314616127856211E+000  1.0313360513062648E+000  1.0311927186045589E+000  1.0310316780197408E+000  1.0308530002782195E+000
  1.0306567636369957E+000  1.0304430538048874E+000  1.0302119640013034E+000  1.0299635952372230E+000  1.0296980563516405E+000
  1.0294154639774478E+000  1.0291159427007144E+000  1.0287996251655067E+000  1.0284666521388881E+000  1.0281171727997793E+000
  1.0277513447434650E+000  1.0273693339196812E+000  1.0269713152686828E+000  1.0265574729691302E+000  1.0261279994381851E+000
  1.0256830946402589E+000  1.0252229668629733E+000  1.0247478330761335E+000  1.0242579187323733E+000  1.0237534580820178E+000
  1.0232346946779958E+000  1.0227018803712196E+000  1.0221552752750716E+000  1.0215951487561272E+000  1.0210217792055400E+000
  1.0204354526028929E+000  1.0198364638083202E+000  1.0192251164564352E+000  1.0186017210092426E+000  1.0179665977478694E+000
  1.0173200742736435E+000  1.0166624858953195E+000  1.0159941737964640E+000  1.0153154882316724E+000  1.0146267888024487E+000
  1.0139284401106354E+000  1.0132208184326013E+000  1.0125043067086150E+000  1.0117792861599242E+000  1.0110461483041340E+000
  1.0103052932926355E+000  1.0095571287131710E+000  1.0088020652640914E+000  1.0080405237722156E+000  1.0072729308012531E+000
  1.0064997184788411E+000  1.0057213259843101E+000  1.0049381948056268E+000  1.0041507777752865E+000  1.0033595248461198E+000
  1.0025649041650382E+000  1.0017673699245113E+000  1.0004881321322867E+000  1.0000823964368457E+000  9.9967866611284195E-001
  9.9855760195927268E-001  9.9775272118684033E-001  9.9694774653547125E-001  9.9614316048851181E-001  9.9533945199872442E-001
  9.9453711485659280E-001  9.9373664802563788E-001  9.9293855306289425E-001  9.9214333531160537E-001  9.9135150105588210E-001
  9.9056355991144784E-001  9.8978002160128686E-001  9.8900139806826026E-001  9.8822820035599435E-001  9.8746093986774242E-001
  9.8670012750070468E-001  9.8594627203954022E-001  9.8519988211545195E-001  9.8446146248099708E-001  9.8373151669648207E-001
  9.8301054483693606E-001  9.8229904233574716E-001  9.8159750207340490E-001  9.8090641060304873E-001  9.8022625004957387E-001
  9.7955749795514568E-001  9.7890062404421030E-001  9.7825609288461968E-001  9.7762436261411834E-001  9.7700588224278584E-001
  9.7640109410465059E-001  9.7581043280509805E-001  9.7523432250106845E-001  9.7467317863557101E-001  9.7412740807346343E-001
  9.7359740604999201E-001  9.7308355617910669E-001  9.7258623220488771E-001  9.7210579684669263E-001  9.7164259985564139E-001
  9.7119697881763500E-001  9.7076926079758386E-001  9.7035976193517981E-001  9.6996878572320744E-001  9.6959662189753615E-001
  9.6924354650325617E-001  9.6890982225088285E-001  9.6859569857402206E-001  9.6830141130081171E-001  9.6802718234039831E-001
  9.6777321939019723E-001  9.6753971565433095E-001  9.6732684970743621E-001  9.6713478534399444E-001  9.6696367143407425E-001
  9.6681364177369677E-001  9.6668481488401703E-001  9.6657729381992019E-001  9.6649116601021090E-001  9.6642650305914213E-001
  9.6638336056299035E-001  9.6636177792575306E-001  9.6636177792574918E-001  9.6638336056291763E-001  9.6642650305899513E-001
  9.6649116600999041E-001  9.6657729381963686E-001  9.6668481488364899E-001  9.6681364177326834E-001  9.6696367143357498E-001
  9.6713478534343145E-001  9.6732684970683180E-001  9.6753971565363805E-001  9.6777321938942540E-001  9.6802718233954888E-001
  9.6830141129993996E-001  9.6859569857308492E-001  9.6890982224989153E-001  9.6924354650223155E-001  9.6959662189648688E-001
  9.6996878572214351E-001  9.7035976193408624E-001  9.7076926079638926E-001  9.7119697881640310E-001  9.7164259985442103E-001
  9.7210579684543175E-001  9.7258623220367912E-001  9.7308355617789710E-001  9.7359740604879785E-001  9.7412740807225362E-001
  9.7467317863447156E-001  9.7523432250008479E-001  9.7581043280412005E-001  9.7640109410361142E-001  9.7700588224191820E-001
  9.7762436261320407E-001  9.7825609288387272E-001  9.7890062404340095E-001  9.7955749795455704E-001  9.8022625004890374E-001
  9.8090641060253048E-001  9.8159750207299734E-001  9.8229904233530474E-001  9.8301054483655104E-001  9.8373151669618164E-001
  9.8446146248078925E-001  9.8519988211541376E-001  9.8594627203957619E-001  9.8670012750086866E-001  9.8746093986800387E-001
  9.8822820035642833E-001  9.8900139806879694E-001  9.8978002160188772E-001  9.9056355991216871E-001  9.9135150105669634E-001
  9.9214333531250420E-001  9.9293855306389323E-001  9.9373664802675732E-001  9.9453711485777818E-001  9.9533945199994867E-001
  9.9614316048979801E-001  9.9694774653681073E-001  9.9775272118822411E-001  9.9855760196070786E-001  9.9967866611354772E-001
  1.0000823964394860E+000
BLOCK 28   8.1085384856700635E+000
  1.0005224879273691E+000  1.0018616048197699E+000  1.0026856438073755E+000  1.0035065496887612E+000  1.0043238535472661E+000
  1.0051370719673951E+000  1.0059457427205056E+000  1.0067494004892181E+000  1.0075475917035948E+000  1.0083398654523199E+000
  1.0091257800105207E+000  1.0099048986388397E+000  1.0106767915657286E+000  1.0114410366205924E+000  1.0121972163029740E+000
  1.0129449242819799E+000  1.0136837673441870E+000  1.0144133440130048E+000  1.0151332672074187E+000  1.0158431568358632E+000
  1.0165426383702092E+000  1.0172313474237167E+000  1.0179089264079979E+000  1.0185750271965635E+000  1.0192293084233628E+000
  1.0198714372737676E+000  1.0205010895429518E+000  1.0211179481264090E+000  1.0217217050114797E+000  1.0223120606570830E+000
  1.0228887239305320E+000  1.0234514110009925E+000  1.0239998475024061E+000  1.0245337685071321E+000  1.0250529176990195E+000
  1.0255570480632736E+000  1.0260459218040070E+000  1.0265193097997913E+000  1.0269769922957854E+000  1.0274187589455779E+000
  1.0278444080142259E+000  1.0282537464615125E+000  1.0286465903212401E+000  1.0290227643206609E+000  1.0293821015498634E+000
  1.0297244435820232E+000  1.0300496401426458E+000  1.0303575488373085E+000  1.0306480357405738E+000  1.0309209758740119E+000
  1.0311762526766521E+000  1.0314137574332711E+000  1.0316333892192970E+000  1.0318350548355788E+000  1.0320186686511081E+000
  1.0321841525203315E+000  1.0323314356614319E+000  1.0324604545681382E+000  1.0325711530858599E+000  1.0326634823587508E+000
  1.0327374006574708E+000  1.0327928733877350E+000  1.0328298732722601E+000  1.0328483803364248E+000  1.0328483803364519E+000
  1.0328298732723504E+000  1.0327928733878753E+000  1.0327374006576677E+000  1.0326634823590017E+000  1.0325711530861663E+000
  1.0324604545685112E+000  1.0323314356618589E+000  1.0321841525208271E+000  1.0320186686516506E+000  1.0318350548361770E+000
  1.0316333892199383E+000  1.0314137574339470E+000  1.0311762526773667E+000  1.0309209758747637E+000  1.0306480357413603E+000
  1.0303575488381265E+000  1.0300496401435091E+000  1.0297244435829156E+000  1.0293821015507909E+000  1.0290227643216250E+000
  1.0286465903222399E+000  1.0282537464625559E+000  1.0278444080153089E+000  1.0274187589466839E+000  1.0269769922968832E+000
  1.0265193098008767E+000  1.0260459218051041E+000  1.0255570480643537E+000  1.0250529177000667E+000  1.0245337685081632E+000
  1.0239998475034022E+000  1.0234514110019459E+000  1.0228887239314561E+000  1.0223120606579512E+000  1.0217217050123086E+000
  1.0211179481271824E+000  1.0205010895436601E+000  1.0198714372744160E+000  1.0192293084239226E+000  1.0185750271970595E+000
  1.0179089264084134E+000  1.0172313474240664E+000  1.0165426383704630E+000  1.0158431568360322E+000  1.0151332672074813E+000
  1.0144133440129581E+000  1.0136837673440044E+000  1.0129449242816797E+000  1.0121972163025514E+000  1.0114410366200506E+000
  1.0106767915650705E+000  1.0099048986380568E+000  1.0091257800096314E+000  1.0083398654513391E+000  1.0075475917025187E+000
  1.0067494004880642E+000  1.0059457427192684E+000  1.0051370719660682E+000  1.0043238535458734E+000  1.0035065496873108E+000
  1.0026856438058682E+000  1.0018616048182303E+000  1.0005224879266177E+000  1.0001031005663075E+000  9.9968546367516509E-001
  9.9854393209020909E-001  9.9771169902251244E-001  9.9687925122214072E-001  9.9604708939734077E-001  9.9521572092690769E-001
  9.9438565926896716E-001  9.9355742194325569E-001  9.9273153059780306E-001  9.9190850959904031E-001  9.9108888685920904E-001
  9.9027319145064108E-001  9.8946195470094211E-001  9.8865570814761572E-001  9.8785498457298049E-001  9.8706031626430790E-001
  9.8627223517819773E-001  9.8549127256315283E-001  9.8471795779239191E-001  9.8395281923227873E-001  9.8319638139981902E-001
  9.8244916655437786E-001  9.8171169263577140E-001  9.8098447332074989E-001  9.8026801820871390E-001  9.7956283035822844E-001
  9.7886940816922219E-001  9.7818824320263964E-001  9.7751981964397239E-001  9.7686461539611169E-001  9.7622309944526697E-001
  9.7559573300517910E-001  9.7498296946435592E-001  9.7438525188312453E-001  9.7380301449892426E-001  9.7323668218606674E-001
  9.7268666817424909E-001  9.7215337536127489E-001  9.7163719614403210E-001  9.7113851013519392E-001  9.7065768488952231E-001
  9.7019507657778792E-001  9.6975102797386248E-001  9.6932586790526887E-001  9.6891991276814293E-001  9.6853346628102532E-001
  9.6816681789596815E-001  9.6782024293662405E-001  9.6749400375330163E-001  9.6718834946738363E-001  9.6690351437944821E-001
  9.6663971693424222E-001  9.6639715987246466E-001  9.6617603082779879E-001  9.6597650237453636E-001  9.6579873165874797E-001
  9.6564285998963573E-001  9.6550901247293930E-001  9.6539729789030260E-001  9.6530780856223464E-001  9.6524062023350354E-001
  9.6519579189992100E-001  9.6517336552214494E-001  9.6517336552208166E-001  9.6519579189976901E-001  9.6524062023329726E-001
  9.6530780856196718E-001  9.6539729788998052E-001  9.6550901247254950E-001  9.6564285998919031E-001  9.6579873165823749E-001
  9.6597650237388510E-001  9.6617603082707382E-001  9.6639715987169161E-001  9.6663971693338124E-001  9.6690351437853239E-001
  9.6718834946639665E-001  9.6749400375220684E-001  9.6782024293544366E-001  9.6816681789474390E-001  9.6853346627974257E-001
  9.6891991276682943E-001  9.6932586790396136E-001  9.6975102797249468E-001  9.7019507657641790E-001  9.7065768488819826E-001
  9.7113851013393138E-001  9.7163719614275668E-001  9.7215337535998514E-001  9.7268666817298699E-001  9.7323668218482673E-001
  9.7380301449767226E-001  9.7438525188196246E-001  9.7498296946318230E-001  9.7559573300415725E-001  9.7622309944428609E-001
  9.7686461539516634E-001  9.7751981964298862E-001  9.7818824320183906E-001  9.7886940816837475E-001  9.7956283035751524E-001
  9.8026801820808696E-001  9.8098447332021432E-001  9.8171169263530467E-001  9.8244916655399461E-001  9.8319638139957022E-001
  9.8395281923217859E-001  9.8471795779230453E-001  9.8549127256331126E-001  9.8627223517838125E-001  9.8706031626456969E-001
  9.8785498457338183E-001  9.8865570814818360E-001  9.8946195470165821E-001  9.9027319145147541E-001  9.9108888686014762E-001
  9.9190850960006383E-001  9.9273153059895680E-001  9.9355742194451868E-001  9.9438565927029354E-001  9.9521572092830091E-001
  9.9604708939881192E-001  9.9687925122366605E-001  9.9771169902408285E-001  9.9854393209182679E-001  9.9968546367595723E-001
  1.0001031005685697E+000
BLOCK 29   8.4088547258800048E+000
  1.0005590909068127E+000  1.0019615836221860E+000  1.0028135207081519E+000  1.0036620871951945E+000  1.0045067995921306E+000
  1.0053471603108577E+000  1.0061826939325889E+000  1.0070129205066400E+000  1.0078373743691842E+000  1.0086555939624740E+000
  1.0094671273996685E+000  1.0102715266755176E+000  1.0110683528821607E+000  1.0118571744204978E+000  1.0126375655552027E+000
  1.0134091107522916E+000  1.0141714066270491E+000  1.0149240448609544E+000  1.0156666266574079E+000  1.0163987645673918E+000
  1.0171200773227995E+000  1.0178301936371397E+000  1.0185287501693754E+000  1.0192153902658081E+000  1.0198897682399013E+000
  1.0205515455783014E+000  1.0212003915704431E+000  1.0218359833906572E+000  1.0224580076587506E+000  1.0230661600064566E+000
  1.0236601443353266E+000  1.0242396737635002E+000  1.0248044702689958E+000  1.0253542646950859E+000  1.0258887969432524E+000
  1.0264078165893928E+000  1.0269110820316638E+000  1.0273983604572323E+000  1.0278694290309820E+000  1.0283240746551836E+000
  1.0287620934620363E+000  1.0291832910133989E+000  1.0295874819514386E+000  1.0299744897562109E+000  1.0303441470292101E+000
  1.0306962952122440E+000  1.0310307840219926E+000  1.0313474715378228E+000  1.0316462243094013E+000  1.0319269169729288E+000
  1.0321894320756151E+000  1.0324336601054391E+000  1.0326594992719362E+000  1.0328668554840279E+000  1.0330556427386155E+000
  1.0332257830654896E+000  1.0333772059679898E+000  1.0335098481158553E+000  1.0336236533285881E+000  1.0337185725229019E+000
  1.0337945636981032E+000  1.0338515919443907E+000  1.0338896294970779E+000  1.0339086558071362E+000  1.0339086558071606E+000
  1.0338896294971565E+000  1.0338515919445312E+000  1.0337945636983024E+000  1.0337185725231754E+000  1.0336236533289349E+000
  1.0335098481162686E+000  1.0333772059684656E+000  1.0332257830660332E+000  1.0330556427392183E+000  1.0328668554846860E+000
  1.0326594992726634E+000  1.0324336601062236E+000  1.0321894320764433E+000  1.0319269169737895E+000  1.0316462243103020E+000
  1.0313474715387672E+000  1.0310307840229889E+000  1.0306962952132812E+000  1.0303441470302739E+000  1.0299744897572980E+000
  1.0295874819525661E+000  1.0291832910145526E+000  1.0287620934632020E+000  1.0283240746563729E+000  1.0278694290321904E+000
  1.0273983604584394E+000  1.0269110820328782E+000  1.0264078165905968E+000  1.0258887969444366E+000  1.0253542646962510E+000
  1.0248044702701111E+000  1.0242396737645705E+000  1.0236601443363407E+000  1.0230661600074082E+000  1.0224580076596572E+000
  1.0218359833914994E+000  1.0212003915712355E+000  1.0205515455790335E+000  1.0198897682405643E+000  1.0192153902663905E+000
  1.0185287501698659E+000  1.0178301936375265E+000  1.0171200773230726E+000  1.0163987645675092E+000  1.0156666266574326E+000
  1.0149240448608599E+000  1.0141714066267957E+000  1.0134091107519412E+000  1.0126375655547086E+000  1.0118571744198597E+000
  1.0110683528814270E+000  1.0102715266746816E+000  1.0094671273986968E+000  1.0086555939613817E+000  1.0078373743679809E+000
  1.0070129205053406E+000  1.0061826939311960E+000  1.0053471603093680E+000  1.0045067995905586E+000  1.0036620871935620E+000
  1.0028135207064595E+000  1.0019615836204456E+000  1.0005590909059572E+000  1.0001252674622889E+000  9.9969299779629639E-001
  9.9853028163128565E-001  9.9766923443657196E-001  9.9680784179569792E-001  9.9594662286078739E-001  9.9508610466590830E-001
  9.9422682023785103E-001  9.9336930859816530E-001  9.9251411259666744E-001  9.9166177889581475E-001  9.9081285637510774E-001
  9.8996789673353358E-001  9.8912745276987679E-001  9.8829207881875969E-001  9.8746232936752310E-001  9.8663875953645619E-001
  9.8582192419914150E-001  9.8501237737479097E-001  9.8421067170643051E-001  9.8341735735365243E-001  9.8263298255380382E-001
  9.8185809172704730E-001  9.8109322624492712E-001  9.8033892266608758E-001  9.7959571299951931E-001  9.7886412401066436E-001
  9.7814467569760544E-001  9.7743788212684779E-001  9.7674424944958049E-001  9.7606427663043915E-001  9.7539845472893250E-001
  9.7474726546969226E-001  9.7411118240004435E-001  9.7349066906254411E-001  9.7288617887226403E-001  9.7229815560383870E-001
  9.7172703147887185E-001  9.7117322797929095E-001  9.7063715568597664E-001  9.7011921237391430E-001  9.6961978387075665E-001
  9.6913924378701288E-001  9.6867795173035542E-001  9.6823625406253522E-001  9.6781448402728443E-001  9.6741296007370936E-001
  9.6703198608126695E-001  9.6667185214353002E-001  9.6633283329686193E-001  9.6601518882461856E-001  9.6571916335139796E-001
  9.6544498688733704E-001  9.6519287358227956E-001  9.6496302139760926E-001  9.6475561278048061E-001  9.6457081446478832E-001
  9.6440877614957665E-001  9.6426962961312790E-001  9.6415348900480125E-001  9.6406045145197061E-001  9.6399059715905822E-001
  9.6394398895764088E-001  9.6392067173861351E-001  9.6392067173857920E-001  9.6394398895753652E-001  9.6399059715885338E-001
  9.6406045145168373E-001  9.6415348900444675E-001  9.6426962961269402E-001  9.6440877614901577E-001  9.6457081446416693E-001
  9.6475561277973976E-001  9.6496302139677637E-001  9.6519287358136108E-001  9.6544498688634051E-001  9.6571916335033869E-001
  9.6601518882347370E-001  9.6633283329555486E-001  9.6667185214215712E-001  9.6703198607989826E-001  9.6741296007230493E-001
  9.6781448402585168E-001  9.6823625406103864E-001  9.6867795172889515E-001  9.6913924378552263E-001  9.6961978386924008E-001
  9.7011921237242493E-001  9.7063715568448983E-001  9.7117322797790029E-001  9.7172703147754658E-001  9.7229815560249588E-001
  9.7288617887097217E-001  9.7349066906125936E-001  9.7411118239880645E-001  9.7474726546843282E-001  9.7539845472774078E-001
  9.7606427662923334E-001  9.7674424944851612E-001  9.7743788212579219E-001  9.7814467569671149E-001  9.7886412400983147E-001
  9.7959571299880177E-001  9.8033892266544997E-001  9.8109322624442341E-001  9.8185809172663807E-001  9.8263298255355780E-001
  9.8341735735349034E-001  9.8421067170646015E-001  9.8501237737493030E-001  9.8582192419940251E-001  9.8663875953678493E-001
  9.8746232936804856E-001  9.8829207881942094E-001  9.8912745277062963E-001  9.8996789673445174E-001  9.9081285637615590E-001
  9.9166177889695384E-001  9.9251411259792366E-001  9.9336930859957662E-001  9.9422682023937359E-001  9.9508610466750924E-001
  9.9594662286244462E-001  9.9680784179739523E-001  9.9766923443831268E-001  9.9853028163307134E-001  9.9969299779717247E-001
  1.0001252674642378E+000
BLOCK 30   8.7091709660899461E+000
  1.0005980535904226E+000  1.0020675603288383E+000  1.0029488391640835E+000  1.0038264933803442E+000  1.0047000231451177E+000
  1.0055689150669846E+000  1.0064326803064025E+000  1.0072908259364546E+000  1.0081428747529084E+000  1.0089883522008545E+000
  1.0098267937055652E+000  1.0106577404252499E+000  1.0114807451798589E+000  1.0122953674620916E+000  1.0131011713040887E+000
  1.0138977391517618E+000  1.0146846446840216E+000  1.0154614754459417E+000  1.0162278237762947E+000  1.0169832944405981E+000
  1.0177275017511547E+000  1.0184600649808191E+000  1.0191806129999901E+000  1.0198887829076604E+000  1.0205842211791172E+000
  1.0212665830777314E+000  1.0219355318035206E+000  1.0225907407190584E+000  1.0232318911880394E+000  1.0238586736970663E+000
  1.0244707882725652E+000  1.0250679441139725E+000  1.0256498588201866E+000  1.0262162591121082E+000  1.0267668818301718E+000
  1.0273014734010379E+000  1.0278197896088037E+000  1.0283215957076988E+000  1.0288066665489786E+000  1.0292747862119034E+000
  1.0297257483775710E+000  1.0301593564592437E+000  1.0305754229312345E+000  1.0309737695246821E+000  1.0313542276774543E+000
  1.0317166380496581E+000  1.0320608501488699E+000  1.0323867221740590E+000  1.0326941206329363E+000  1.0329829201995524E+000
  1.0332530037703676E+000  1.0335042621378441E+000  1.0337365937049958E+000  1.0339499045578657E+000  1.0341441083958571E+000
  1.0343191262697438E+000  1.0344748865639786E+000  1.0346113250512565E+000  1.0347283847789608E+000  1.0348260161316818E+000
  1.0349041770340603E+000  1.0349628327989471E+000  1.0350019558019459E+000  1.0350215252735684E+000  1.0350215252736059E+000
  1.0350019558020656E+000  1.0349628327991374E+000  1.0349041770343224E+000  1.0348260161320026E+000  1.0347283847793538E+000
  1.0346113250517148E+000  1.0344748865645039E+000  1.0343191262703260E+000  1.0341441083965031E+000  1.0339499045585847E+000
  1.0337365937057938E+000  1.0335042621387163E+000  1.0332530037712990E+000  1.0329829202005401E+000  1.0326941206339884E+000
  1.0323867221751601E+000  1.0320608501500190E+000  1.0317166380508427E+000  1.0313542276786742E+000  1.0309737695259200E+000
  1.0305754229324999E+000  1.0301593564605325E+000  1.0297257483788771E+000  1.0292747862132263E+000  1.0288066665503064E+000
  1.0283215957090233E+000  1.0278197896101213E+000  1.0273014734023393E+000  1.0267668818314515E+000  1.0262162591133706E+000
  1.0256498588214227E+000  1.0250679441151858E+000  1.0244707882737401E+000  1.0238586736981923E+000  1.0232318911891112E+000
  1.0225907407200612E+000  1.0219355318044245E+000  1.0212665830785301E+000  1.0205842211798226E+000  1.0198887829082686E+000
  1.0191806130004697E+000  1.0184600649811939E+000  1.0177275017514156E+000  1.0169832944407364E+000  1.0162278237763180E+000
  1.0154614754458244E+000  1.0146846446837707E+000  1.0138977391513653E+000  1.0131011713035603E+000  1.0122953674614228E+000
  1.0114807451790533E+000  1.0106577404242818E+000  1.0098267937044760E+000  1.0089883521996350E+000  1.0081428747515593E+000
  1.0072908259349882E+000  1.0064326803048551E+000  1.0055689150653480E+000  1.0047000231433771E+000  1.0038264933785217E+000
  1.0029488391621957E+000  1.0020675603268823E+000  1.0005980535894365E+000  1.0001489553992020E+000  9.9970132053226735E-001
  9.9851670486987554E-001  9.9762533131554709E-001  9.9673346914745331E-001  9.9584165745484277E-001  9.9495044424457668E-001
  9.9406038501582727E-001  9.9317204065084030E-001  9.9228597692944998E-001  9.9140276338926148E-001  9.9052297266102252E-001
  9.8964717945787817E-001  9.8877596052155259E-001  9.8790989392019679E-001  9.8704955896734337E-001  9.8619553489585299E-001
  9.8534840053549833E-001  9.8450873377954651E-001  9.8367711100844757E-001  9.8285410673809215E-001  9.8204029257228165E-001
  9.8123623742828825E-001  9.8044250620912088E-001  9.7965965995201265E-001  9.7888825416371850E-001  9.7812883889547697E-001
  9.7738195801463335E-001  9.7664814850286719E-001  9.7592794044443998E-001  9.7522185546966822E-001  9.7453040733254248E-001
  9.7385410056624677E-001  9.7319343009739001E-001  9.7254888122956340E-001  9.7192092829911891E-001  9.7131003544805572E-001
  9.7071665553568887E-001  9.7014122947492287E-001  9.6958418679494451E-001  9.6904594416079970E-001  9.6852690554426946E-001
  9.6802746225663405E-001  9.6754799155229654E-001  9.6708885721204751E-001  9.6665040923833534E-001  9.6623298239348177E-001
  9.6583689679291151E-001  9.6546245771955175E-001  9.6510995430558977E-001  9.6477966000871929E-001  9.6447183280297988E-001
  9.6418671391747213E-001  9.6392452786839500E-001  9.6368548307271196E-001  9.6346977100889097E-001  9.6327756557594924E-001
  9.6310902375381979E-001  9.6296428574099757E-001  9.6284347377833379E-001  9.6274669143505298E-001  9.6267402387087264E-001
  9.6262553779442828E-001  9.6260128085053454E-001  9.6260128085049346E-001  9.6262553779429683E-001  9.6267402387064549E-001
  9.6274669143469893E-001  9.6284347377788448E-001  9.6296428574044268E-001  9.6310902375318097E-001  9.6327756557521127E-001
  9.6346977100801523E-001  9.6368548307169877E-001  9.6392452786734828E-001  9.6418671391631605E-001  9.6447183280169735E-001
  9.6477966000738491E-001  9.6510995430420421E-001  9.6546245771812733E-001  9.6583689679138529E-001  9.6623298239191369E-001
  9.6665040923675183E-001  9.6708885721041993E-001  9.6754799155069238E-001  9.6802746225497194E-001  9.6852690554264309E-001
  9.6904594415920808E-001  9.6958418679333003E-001  9.7014122947331050E-001  9.7071665553407871E-001  9.7131003544648054E-001
  9.7192092829756216E-001  9.7254888122806238E-001  9.7319343009591674E-001  9.7385410056488775E-001  9.7453040733119534E-001
  9.7522185546842100E-001  9.7592794044322784E-001  9.7664814850173520E-001  9.7738195801357763E-001  9.7812883889454749E-001
  9.7888825416285252E-001  9.7965965995132132E-001  9.8044250620851503E-001  9.8123623742786237E-001  9.8204029257198244E-001
  9.8285410673795104E-001  9.8367711100843691E-001  9.8450873377968939E-001  9.8534840053577144E-001  9.8619553489631595E-001
  9.8704955896796598E-001  9.8790989392097805E-001  9.8877596052246874E-001  9.8964717945894143E-001  9.9052297266221800E-001
  9.9140276339053357E-001  9.9228597693086362E-001  9.9317204065239695E-001  9.9406038501746652E-001  9.9495044424629886E-001
  9.9584165745666564E-001  9.9673346914934369E-001  9.9762533131747777E-001  9.9851670487186761E-001  9.9970132053326499E-001
  1.0001489554009309E+000
BLOCK 31   9.0094872062998874E+000
  1.0006394966736516E+000  1.0021798063191154E+000  1.0030919231044932E+000  1.0040001440985804E+000  1.0049039514607017E+000
  1.0058028157913386E+000  1.0066962341148875E+000  1.0075836992532108E+000  1.0084647208176065E+000  1.0093388119092355E+000
  1.0102054973649699E+000  1.0110643072724386E+000  1.0119147825091386E+000  1.0127564701876832E+000  1.0135889274376164E+000
  1.0144117272955053E+000  1.0152244328563500E+000  1.0160266208397337E+000  1.0168178782619484E+000  1.0175977998490748E+000
  1.0183659906037335E+000  1.0191220628061561E+000  1.0198656383604523E+000  1.0205963486854612E+000  1.0213138323397755E+000
  1.0220177389527008E+000  1.0227077270261911E+000  1.0233834632987093E+000  1.0240446234599092E+000  1.0246908928520277E+000
  1.0253219672800382E+000  1.0259375515616982E+000  1.0265373602507630E+000  1.0271211176525317E+000  1.0276885575257642E+000
  1.0282394231207805E+000  1.0287734677606499E+000  1.0292904543700889E+000  1.0297901551010475E+000  1.0302723519043981E+000
  1.0307368369121366E+000  1.0311834120290784E+000  1.0316118885052932E+000  1.0320220870229884E+000  1.0324138375062917E+000
  1.0327869789128235E+000  1.0331413595101540E+000  1.0334768365802771E+000  1.0337932759341353E+000  1.0340905520274621E+000
  1.0343685478761020E+000  1.0346271545668841E+000  1.0348662709595771E+000  1.0350858034269159E+000  1.0352856656212759E+000
  1.0354657785652415E+000  1.0356260706670082E+000  1.0357664774606317E+000  1.0358869415547900E+000  1.0359874127954971E+000
  1.0360678482039827E+000  1.0361282118082120E+000  1.0361684746794841E+000  1.0361886148260164E+000  1.0361886148260666E+000
  1.0361684746796165E+000  1.0361282118084163E+000  1.0360678482042618E+000  1.0359874127958573E+000  1.0358869415552361E+000
  1.0357664774611572E+000  1.0356260706676168E+000  1.0354657785659154E+000  1.0352856656220273E+000  1.0350858034277404E+000
  1.0348662709604679E+000  1.0346271545678518E+000  1.0343685478771347E+000  1.0340905520285653E+000  1.0337932759353017E+000
  1.0334768365815092E+000  1.0331413595114491E+000  1.0327869789141668E+000  1.0324138375076772E+000  1.0320220870244083E+000
  1.0316118885067311E+000  1.0311834120305334E+000  1.0307368369135939E+000  1.0302723519058563E+000  1.0297901551025030E+000
  1.0292904543715371E+000  1.0287734677620965E+000  1.0282394231222238E+000  1.0276885575272132E+000  1.0271211176539701E+000
  1.0265373602521684E+000  1.0259375515630595E+000  1.0253219672813529E+000  1.0246908928532792E+000  1.0240446234610809E+000
  1.0233834632997969E+000  1.0227077270271914E+000  1.0220177389535980E+000  1.0213138323405633E+000  1.0205963486861276E+000
  1.0198656383609843E+000  1.0191220628065596E+000  1.0183659906039968E+000  1.0175977998492172E+000  1.0168178782619803E+000
  1.0160266208396116E+000  1.0152244328560427E+000  1.0144117272950854E+000  1.0135889274370022E+000  1.0127564701869700E+000
  1.0119147825082353E+000  1.0110643072714174E+000  1.0102054973638075E+000  1.0093388119079056E+000  1.0084647208161266E+000
  1.0075836992515903E+000  1.0066962341131307E+000  1.0058028157894543E+000  1.0049039514587161E+000  1.0040001440965254E+000
  1.0030919231023694E+000  1.0021798063169238E+000  1.0006394966725625E+000  1.0001742310699533E+000  9.9971048760867676E-001
  9.9850325707127496E-001  9.9757998587279784E-001  9.9665607157644009E-001  9.9573207443512479E-001  9.9480856458437050E-001
  9.9388612069379989E-001  9.9296532763896928E-001  9.9204677483201542E-001  9.9113105607075613E-001  9.9021876848326174E-001
  9.8931051250078295E-001  9.8840689063180032E-001  9.8750850674885149E-001  9.8661596539400487E-001  9.8572987150716951E-001
  9.8485082952051217E-001  9.8397944285891004E-001  9.8311631339783412E-001  9.8226204100280101E-001  9.8141722322977587E-001
  9.8058245408750588E-001  9.7975832373574268E-001  9.7894541748809927E-001  9.7814431592474682E-001  9.7735559371144853E-001
  9.7657981944833117E-001  9.7581755476502063E-001  9.7506935388699201E-001  9.7433576312141124E-001  9.7361731965255671E-001
  9.7291455166080887E-001  9.7222797722550025E-001  9.7155810446931856E-001  9.7090543075166968E-001  9.7027044194200740E-001
  9.6965361259883065E-001  9.6905540475045382E-001  9.6847626807109433E-001  9.6791663927178095E-001  9.6737694146356035E-001
  9.6685758467553273E-001  9.6635896470748295E-001  9.6588146296718302E-001  9.6542544652531681E-001  9.6499126696877280E-001
  9.6457926067437927E-001  9.6418974848855010E-001  9.6382303469001729E-001  9.6347940751431171E-001  9.6315913876035375E-001
  9.6286248279171072E-001  9.6258967691085151E-001  9.6234094095595912E-001  9.6211647615449092E-001  9.6191646549279719E-001
  9.6174107422528077E-001  9.6159044936108284E-001  9.6146471952062362E-001  9.6136399475667844E-001  9.6128836546376017E-001
  9.6123790189783254E-001  9.6121265484879093E-001  9.6121265484874285E-001  9.6123790189768021E-001  9.6128836546344287E-001
  9.6136399475621193E-001  9.6146471952003043E-001  9.6159044936038707E-001  9.6174107422445509E-001  9.6191646549189014E-001
  9.6211647615349327E-001  9.6234094095484324E-001  9.6258967690961827E-001  9.6286248279036424E-001  9.6315913875892800E-001
  9.6347940751282912E-001  9.6382303468848862E-001  9.6418974848692784E-001  9.6457926067272493E-001  9.6499126696710835E-001
  9.6542544652359041E-001  9.6588146296541877E-001  9.6635896470569160E-001  9.6685758467373895E-001  9.6737694146173292E-001
  9.6791663926992511E-001  9.6847626806924181E-001  9.6905540474860619E-001  9.6965361259698013E-001  9.7027044194018242E-001
  9.7090543074990998E-001  9.7155810446758040E-001  9.7222797722383036E-001  9.7291455165918062E-001  9.7361731965103804E-001
  9.7433576312000625E-001  9.7506935388564697E-001  9.7581755476377297E-001  9.7657981944722960E-001  9.7735559371041925E-001
  9.7814431592388951E-001  9.7894541748730435E-001  9.7975832373510208E-001  9.8058245408701716E-001  9.8141722322946134E-001
  9.8226204100261816E-001  9.8311631339781902E-001  9.8397944285908334E-001  9.8485082952087166E-001  9.8572987150770730E-001
  9.8661596539473317E-001  9.8750850674972324E-001  9.8840689063283493E-001  9.8931051250196367E-001  9.9021876848458090E-001
  9.9113105607223240E-001  9.9204677483362436E-001  9.9296532764070633E-001  9.9388612069563009E-001  9.9480856458630251E-001
  9.9573207443716305E-001  9.9665607157853320E-001  9.9757998587494801E-001  9.9850325707349774E-001  9.9971048760977799E-001
  1.0001742310714787E+000
BLOCK 32   9.3098034465098287E+000
  1.0013504630662868E+000  1.0022986032380510E+000  1.0032431178751955E+000  1.0041834388801147E+000  1.0051190382666526E+000
  1.0060493718608952E+000  1.0069739193014453E+000  1.0078921570492139E+000  1.0088035808779363E+000  1.0097076915492824E+000
  1.0106040026144065E+000  1.0114920311937510E+000  1.0123713076395171E+000  1.0132413690387203E+000  1.0141017690050647E+000
  1.0149520549955049E+000  1.0157917852977216E+000  1.0166205285150107E+000  1.0174378641758923E+000  1.0182433781584175E+000
  1.0190366679588856E+000  1.0198173409009170E+000  1.0205850104434848E+000  1.0213392998275723E+000  1.0220798415759318E+000
  1.0228062782028853E+000  1.0235182620902090E+000  1.0242154543082840E+000  1.0248975267449301E+000  1.0255641604986265E+000
  1.0262150463154842E+000  1.0268498853317352E+000  1.0274683886328495E+000  1.0280702767203258E+000  1.0286552797068145E+000
  1.0292231383920565E+000  1.0297736040173406E+000  1.0303064376119955E+000  1.0308214100449278E+000  1.0313183020805017E+000
  1.0317969040597015E+000  1.0322570160674758E+000  1.0326984480628312E+000  1.0331210194411626E+000  1.0335245588208439E+000
  1.0339089043140242E+000  1.0342739035400923E+000  1.0346194130261137E+000  1.0349452978855633E+000  1.0352514317832642E+000
  1.0355376966818148E+000  1.0358039828076750E+000  1.0360501886444604E+000  1.0362762205565403E+000  1.0364819925677593E+000
  1.0366674263041054E+000  1.0368324506003701E+000  1.0369770010503137E+000  1.0371010198720096E+000  1.0372044559919362E+000
  1.0372872652392158E+000  1.0373494105254399E+000  1.0373908620020713E+000  1.0374115969736919E+000  1.0374115969737412E+000
  1.0373908620022072E+000  1.0373494105256642E+000  1.0372872652395317E+000  1.0372044559923386E+000  1.0371010198725132E+000
  1.0369770010509127E+000  1.0368324506010600E+000  1.0366674263048810E+000  1.0364819925686186E+000  1.0362762205574836E+000
  1.0360501886454849E+000  1.0358039828087773E+000  1.0355376966829961E+000  1.0352514317845154E+000  1.0349452978868796E+000
  1.0346194130274846E+000  1.0342739035415160E+000  1.0339089043154983E+000  1.0335245588223569E+000  1.0331210194427172E+000
  1.0326984480644146E+000  1.0322570160690920E+000  1.0317969040613422E+000  1.0313183020821683E+000  1.0308214100466027E+000
  1.0303064376136639E+000  1.0297736040190046E+000  1.0292231383937027E+000  1.0286552797084292E+000  1.0280702767219025E+000
  1.0274683886343872E+000  1.0268498853332166E+000  1.0262150463169095E+000  1.0255641604999894E+000  1.0248975267462117E+000
  1.0242154543094724E+000  1.0235182620912939E+000  1.0228062782038747E+000  1.0220798415768282E+000  1.0213392998283308E+000
  1.0205850104440983E+000  1.0198173409013869E+000  1.0190366679592016E+000  1.0182433781585678E+000  1.0174378641758863E+000
  1.0166205285148229E+000  1.0157917852973910E+000  1.0149520549949982E+000  1.0141017690044112E+000  1.0132413690378785E+000
  1.0123713076385155E+000  1.0114920311925615E+000  1.0106040026130776E+000  1.0097076915477758E+000  1.0088035808762810E+000
  1.0078921570474253E+000  1.0069739192995111E+000  1.0060493718588313E+000  1.0051190382644752E+000  1.0041834388778406E+000
  1.0032431178728345E+000  1.0022986032356169E+000  1.0013504630638097E+000  1.0002011969319351E+000  9.9972056204596671E-001
  9.9848997768608094E-001  9.9753317929548158E-001  9.9657557525229745E-001  9.9561774269365722E-001  9.9466027562227743E-001
  9.9370377719907810E-001  9.9274885710890970E-001  9.9179613065174776E-001  9.9084621818892427E-001  9.8989974368278333E-001
  9.8895733399573882E-001  9.8801961854461573E-001  9.8708722829712525E-001  9.8616079493205533E-001  9.8524095034617554E-001
  9.8432832621235755E-001  9.8342355351383060E-001  9.8252726178132255E-001  9.8164007813921850E-001  9.8076262665269909E-001
  9.7989552805535740E-001  9.7903939891758307E-001  9.7819485128832784E-001  9.7736249173631340E-001  9.7654292123768338E-001
  9.7573673424060547E-001  9.7494451820455408E-001  9.7416685254418722E-001  9.7340430834863656E-001  9.7265744790612307E-001
  9.7192682402059205E-001  9.7121297964093734E-001  9.7051644683697280E-001  9.6983774679532586E-001  9.6917738882581217E-001
  9.6853587002947128E-001  9.6791367486846824E-001  9.6731127458345534E-001  9.6672912735085148E-001  9.6616767724120278E-001
  9.6562735408510048E-001  9.6510857307082243E-001  9.6461173410769308E-001  9.6413722212396369E-001  9.6368540629917088E-001
  9.6325663992228927E-001  9.6285126023766587E-001  9.6246958721737164E-001  9.6211192358730679E-001  9.6177855480971930E-001
  9.6146974873504210E-001  9.6118575592401845E-001  9.6092680870102365E-001  9.6069312014694264E-001  9.6048488459711256E-001
  9.6030227733784701E-001  9.6014545352937852E-001  9.6001454816336462E-001  9.5990967611430600E-001  9.5983093191109892E-001
  9.5977838970932638E-001  9.5975210285722778E-001  9.5975210285713453E-001  9.5977838970906526E-001  9.5983093191072177E-001
  9.5990967611376354E-001  9.6001454816265375E-001  9.6014545352851277E-001  9.6030227733686591E-001  9.6048488459601888E-001
  9.6069312014575092E-001  9.6092680869971114E-001  9.6118575592260092E-001  9.6146974873356861E-001  9.6177855480818786E-001
  9.6211192358569242E-001  9.6246958721572407E-001  9.6285126023591427E-001  9.6325663992048027E-001  9.6368540629727095E-001
  9.6413722212202535E-001  9.6461173410573497E-001  9.6510857306880204E-001  9.6562735408305245E-001  9.6616767723914487E-001
  9.6672912734874639E-001  9.6731127458133737E-001  9.6791367486637303E-001  9.6853587002740626E-001  9.6917738882381110E-001
  9.6983774679332491E-001  9.7051644683501470E-001  9.7121297963906783E-001  9.7192682401877295E-001  9.7265744790438946E-001
  9.7340430834699598E-001  9.7416685254264768E-001  9.7494451820315309E-001  9.7573673423929308E-001  9.7654292123656894E-001
  9.7736249173529077E-001  9.7819485128751893E-001  9.7903939891690261E-001  9.7989552805486602E-001  9.8076262665238589E-001
  9.8164007813909104E-001  9.8252726178134486E-001  9.8342355351406674E-001  9.8432832621272814E-001  9.8524095034675874E-001
  9.8616079493282993E-001  9.8708722829807383E-001  9.8801961854573361E-001  9.8895733399705132E-001  9.8989974368427969E-001
  9.9084621819059604E-001  9.9179613065358141E-001  9.9274885711086103E-001  9.9370377720114555E-001  9.9466027562444548E-001
  9.9561774269591996E-001  9.9657557525464369E-001  9.9753317929789465E-001  9.9848997768855474E-001  9.9972056204718818E-001
  1.0002011969333586E+000
BLOCK 33   9.6101196867197700E+000
  1.0014419525751284E+000  1.0024243540212052E+000  1.0034028298959163E+000  1.0043768208027277E+000  1.0053457587922903E+000
  1.0063090981526845E+000  1.0072662900646550E+000  1.0082168089120540E+000  1.0091601360848412E+000  1.0100957390359113E+000
  1.0110231116582147E+000  1.0119417643016080E+000  1.0128512175749873E+000  1.0137510092019886E+000  1.0146406643767167E+000
  1.0155197273832759E+000  1.0163877479624179E+000  1.0172442848121166E+000  1.0180889076536395E+000  1.0189211957404649E+000
  1.0197407373056815E+000  1.0205471311116794E+000  1.0213399840768584E+000  1.0221189137680016E+000  1.0228835475005169E+000
  1.0236335209979095E+000  1.0243684813970704E+000  1.0250880854650355E+000  1.0257919989863085E+000  1.0264798976551526E+000
  1.0271514676345113E+000  1.0278064063765910E+000  1.0284444212478383E+000  1.0290652299377729E+000  1.0296685606663478E+000
  1.0302541517514052E+000  1.0308217517003824E+000  1.0313711194905641E+000  1.0319020243237067E+000  1.0324142450920522E+000
  1.0329075707134696E+000  1.0333818005386839E+000  1.0338367438618463E+000  1.0342722193460518E+000  1.0346880550178432E+000
  1.0350840881123251E+000  1.0354601649029491E+000  1.0358161408049888E+000  1.0361518803192566E+000  1.0364672566462985E+000
  1.0367621514423737E+000  1.0370364547721473E+000  1.0372900646892820E+000  1.0375228867711237E+000  1.0377348340544887E+000
  1.0379258269233058E+000  1.0380957929928925E+000  1.0382446672159664E+000  1.0383723917596841E+000  1.0384789157484675E+000
  1.0385641953200182E+000  1.0386281936607702E+000  1.0386708809700824E+000  1.0386922343468672E+000  1.0386922343469260E+000
  1.0386708809702454E+000  1.0386281936610391E+000  1.0385641953203901E+000  1.0384789157489382E+000  1.0383723917602574E+000
  1.0382446672166497E+000  1.0380957929936721E+000  1.0379258269241829E+000  1.0377348340554680E+000  1.0375228867722026E+000
  1.0372900646904499E+000  1.0370364547734015E+000  1.0367621514437027E+000  1.0364672566476887E+000  1.0361518803207144E+000
  1.0358161408065039E+000  1.0354601649045234E+000  1.0350840881139540E+000  1.0346880550195312E+000  1.0342722193477898E+000
  1.0338367438636291E+000  1.0333818005405064E+000  1.0329075707153204E+000  1.0324142450939218E+000  1.0319020243255919E+000
  1.0313711194924535E+000  1.0308217517022531E+000  1.0302541517532546E+000  1.0296685606681606E+000  1.0290652299395300E+000
  1.0284444212495321E+000  1.0278064063782266E+000  1.0271514676360898E+000  1.0264798976566565E+000  1.0257919989877147E+000
  1.0250880854663451E+000  1.0243684813982690E+000  1.0236335209989864E+000  1.0228835475014659E+000  1.0221189137688178E+000
  1.0213399840775321E+000  1.0205471311122034E+000  1.0197407373060352E+000  1.0189211957406490E+000  1.0180889076536226E+000
  1.0172442848119452E+000  1.0163877479621100E+000  1.0155197273827397E+000  1.0146406643759307E+000  1.0137510092010849E+000
  1.0128512175738047E+000  1.0119417643003141E+000  1.0110231116566673E+000  1.0100957390342680E+000  1.0091601360830635E+000
  1.0082168089100660E+000  1.0072662900625031E+000  1.0063090981504057E+000  1.0053457587898984E+000  1.0043768208002284E+000
  1.0034028298933277E+000  1.0024243540185440E+000  1.0014419525723992E+000  1.0002299443597487E+000  9.9973162663204684E-001
  9.9847699997765826E-001  9.9748493677153205E-001  9.9649189723690135E-001  9.9549847975946937E-001  9.9450531730453196E-001
  9.9351302432557964E-001  9.9252223662737327E-001  9.9153360645429067E-001  9.9054776878605777E-001  9.8956536206119405E-001
  9.8858704274218423E-001  9.8761347450123216E-001  9.8664531977434489E-001  9.8568323956519599E-001  9.8472789499552560E-001
  9.8377994691857273E-001  9.8284005506667471E-001  9.8190887760925105E-001  9.8098707042606315E-001  9.8007528630583451E-001
  9.7917417433412690E-001  9.7828437946791003E-001  9.7740654191252629E-001  9.7654129655306721E-001  9.7568927181026899E-001
  9.7485108925302111E-001  9.7402736291965164E-001  9.7321869905895964E-001  9.7242569524320888E-001  9.7164893991270285E-001
  9.7088901170933484E-001  9.7014647901902018E-001  9.6942189930905742E-001  9.6871581826929332E-001  9.6802876957975259E-001
  9.6736127417951179E-001  9.6671384014936756E-001  9.6608696195885546E-001  9.6548112016721033E-001  9.6489678110417421E-001
  9.6433439599388149E-001  9.6379440061587840E-001  9.6327721449433978E-001  9.6278324111456104E-001  9.6231286801169658E-001
  9.6186646615326765E-001  9.6144438968329338E-001  9.6104697510172088E-001  9.6067454125826079E-001  9.6032738934910133E-001
  9.6000580181492268E-001  9.5971004209299537E-001  9.5944035444460118E-001  9.5919696352670869E-001  9.5898007422332832E-001
  9.5878987083079492E-001  9.5862651692341883E-001  9.5849015577616437E-001  9.5838090941040721E-001  9.5829887813134174E-001
  9.5824414114987722E-001  9.5821675578092991E-001  9.5821675578083210E-001  9.5824414114956957E-001  9.5829887813086279E-001
  9.5838090940975040E-001  9.5849015577534902E-001  9.5862651692246592E-001  9.5878987082969791E-001  9.5898007422207665E-001
  9.5919696352537831E-001  9.5944035444313891E-001  9.5971004209141619E-001  9.6000580181326012E-001  9.6032738934735828E-001
  9.6067454125644780E-001  9.6104697509982928E-001  9.6144438968132151E-001  9.6186646615121685E-001  9.6231286800958504E-001
  9.6278324111237656E-001  9.6327721449212478E-001  9.6379440061361510E-001  9.6433439599159021E-001  9.6489678110184296E-001
  9.6548112016484955E-001  9.6608696195651422E-001  9.6671384014704398E-001  9.6736127417719198E-001  9.6802876957747785E-001
  9.6871581826703512E-001  9.6942189930685652E-001  9.7014647901688245E-001  9.7088901170729081E-001  9.7164893991074441E-001
  9.7242569524135636E-001  9.7321869905726255E-001  9.7402736291804293E-001  9.7485108925159192E-001  9.7568927180897735E-001
  9.7654129655196720E-001  9.7740654191158616E-001  9.7828437946719227E-001  9.7917417433357579E-001  9.8007528630550156E-001
  9.8098707042589872E-001  9.8190887760932311E-001  9.8284005506691519E-001  9.8377994691904969E-001  9.8472789499620716E-001
  9.8568323956608961E-001  9.8664531977543179E-001  9.8761347450250558E-001  9.8858704274366349E-001  9.8956536206283829E-001
  9.9054776878787365E-001  9.9153360645629407E-001  9.9252223662954331E-001  9.9351302432787902E-001  9.9450531730696123E-001
  9.9549847976202810E-001  9.9649189723956433E-001  9.9748493677426697E-001  9.9847699998042039E-001  9.9973162663340853E-001
  1.0002299443611642E+000
BLOCK 34   9.9104359269297113E+000
  1.0015388942955115E+000  1.0025572915070116E+000  1.0035714500564079E+000  1.0045807921351684E+000  1.0055847266615230E+000
  1.0065826801000384E+000  1.0075740992238347E+000  1.0085584303166297E+000  1.0095351440470655E+000  1.0105037084950172E+000
  1.0114636110186168E+000  1.0124143468343203E+000  1.0133554165305882E+000  1.0142863424396635E+000  1.0152066404483455E+000
  1.0161158299165327E+000  1.0170134469517784E+000  1.0178990460292370E+000  1.0187721954311975E+000  1.0196324673367767E+000
  1.0204794411287472E+000  1.0213127087617806E+000  1.0221318711924794E+000  1.0229365377751998E+000  1.0237263288626497E+000
  1.0245008749288029E+000  1.0252598173648033E+000  1.0260028077904624E+000  1.0267295075777874E+000  1.0274395894535444E+000
  1.0281327360237276E+000  1.0288086403334511E+000  1.0294670064954192E+000  1.0301075491213687E+000  1.0307299930651135E+000
  1.0313340735548420E+000  1.0319195371744068E+000  1.0324861414250688E+000  1.0330336540373115E+000  1.0335618529319275E+000
  1.0340705261804315E+000  1.0345594717201767E+000  1.0350284974203812E+000  1.0354774212148172E+000  1.0359060707138787E+000
  1.0363142827844360E+000  1.0367019036537712E+000  1.0370687887888936E+000  1.0374148023004195E+000  1.0377398165789962E+000
  1.0380437121803656E+000  1.0383263776958163E+000  1.0385877096940357E+000  1.0388276127051628E+000  1.0390459990160321E+000
  1.0392427883946993E+000  1.0394179080689832E+000  1.0395712927023466E+000  1.0397028841712501E+000  1.0398126314274547E+000
  1.0399004904256921E+000  1.0399664240133570E+000  1.0400104020830037E+000  1.0400324014276372E+000  1.0400324014276963E+000
  1.0400104020831833E+000  1.0399664240136630E+000  1.0399004904261202E+000  1.0398126314280032E+000  1.0397028841719320E+000
  1.0395712927031353E+000  1.0394179080698844E+000  1.0392427883957036E+000  1.0390459990171343E+000  1.0388276127063487E+000
  1.0385877096953202E+000  1.0383263776971887E+000  1.0380437121818251E+000  1.0377398165805447E+000  1.0374148023020520E+000
  1.0370687887906063E+000  1.0367019036555594E+000  1.0363142827862839E+000  1.0359060707157894E+000  1.0354774212167799E+000
  1.0350284974223871E+000  1.0345594717222191E+000  1.0340705261825027E+000  1.0335618529340105E+000  1.0330336540393874E+000
  1.0324861414271465E+000  1.0319195371764749E+000  1.0313340735568994E+000  1.0307299930671350E+000  1.0301075491233491E+000
  1.0294670064973390E+000  1.0288086403352941E+000  1.0281327360254799E+000  1.0274395894552024E+000  1.0267295075793370E+000
  1.0260028077919017E+000  1.0252598173661140E+000  1.0245008749299684E+000  1.0237263288636647E+000  1.0229365377760899E+000
  1.0221318711932426E+000  1.0213127087623584E+000  1.0204794411291294E+000  1.0196324673369999E+000  1.0187721954312070E+000
  1.0178990460290338E+000  1.0170134469513572E+000  1.0161158299158026E+000  1.0152066404474438E+000  1.0142863424385971E+000
  1.0133554165292544E+000  1.0124143468328359E+000  1.0114636110168869E+000  1.0105037084931350E+000  1.0095351440449760E+000
  1.0085584303143342E+000  1.0075740992214766E+000  1.0065826800975686E+000  1.0055847266588969E+000  1.0045807921324263E+000
  1.0035714500535602E+000  1.0025572915040473E+000  1.0015388942924512E+000  1.0002605754417100E+000  9.9974369892903825E-001
  9.9846430528997687E-001  9.9743524793102978E-001  9.9640501551419614E-001  9.9537424476775105E-001  9.9434357305768706E-001
  9.9331366400900756E-001  9.9228517440498187E-001  9.9125877906397586E-001  9.9023515343201240E-001  9.8921497157443739E-001
  9.8819892494837303E-001  9.8718769563373565E-001  9.8618196657561419E-001  9.8518243382421211E-001  9.8418978615674579E-001
  9.8320470564388163E-001  9.8222788343632128E-001  9.8126001693221554E-001  9.8030179798935901E-001  9.7935390984549531E-001
  9.7841703040003181E-001  9.7749183379597815E-001  9.7657898964965550E-001  9.7567916196821625E-001  9.7479300841703076E-001
  9.7392117946023171E-001  9.7306431790993075E-001  9.7222305818844412E-001  9.7139802592929614E-001  9.7058983704844737E-001
  9.6979909710925349E-001  9.6902640068764900E-001  9.6827233125090340E-001  9.6753746067699198E-001  9.6682234851081095E-001
  9.6612754110732557E-001  9.6545357087015471E-001  9.6480095612789096E-001  9.6417020057194147E-001  9.6356179299697930E-001
  9.6297620661032224E-001  9.6241389879902828E-001  9.6187531099174217E-001  9.6136086801011966E-001  9.6087097763598783E-001
  9.6040602977590406E-001  9.5996639643838144E-001  9.5955243150611402E-001  9.5916446999396321E-001  9.5880282790927107E-001
  9.5846780188537672E-001  9.5815966901053251E-001  9.5787868627999673E-001  9.5762508994269635E-001  9.5739909587830851E-001
  9.5720089908392059E-001  9.5703067288112442E-001  9.5688856916936249E-001  9.5677471791094770E-001  9.5668922635060194E-001
  9.5663217897716568E-001  9.5660363703894136E-001  9.5660363703884044E-001  9.5663217897690001E-001  9.5668922635010345E-001
  9.5677471791029467E-001  9.5688856916850451E-001  9.5703067288011290E-001  9.5720089908273254E-001  9.5739909587691696E-001
  9.5762508994119178E-001  9.5787868627834394E-001  9.5815966900876337E-001  9.5846780188352843E-001  9.5880282790725302E-001
  9.5916446999185723E-001  9.5955243150393965E-001  9.5996639643610926E-001  9.6040602977357237E-001  9.6087097763357077E-001
  9.6136086800767828E-001  9.6187531098925250E-001  9.6241389879651307E-001  9.6297620660777006E-001  9.6356179299437827E-001
  9.6417020056929614E-001  9.6480095612526784E-001  9.6545357086753192E-001  9.6612754110471633E-001  9.6682234850821314E-001
  9.6753746067445179E-001  9.6827233124840506E-001  9.6902640068525281E-001  9.6979909710698675E-001  9.7058983704625901E-001
  9.7139802592725466E-001  9.7222305818650590E-001  9.7306431790813019E-001  9.7392117945863643E-001  9.7479300841559968E-001
  9.7567916196696269E-001  9.7657898964861012E-001  9.7749183379512827E-001  9.7841703039941363E-001  9.7935390984509108E-001
  9.8030179798917561E-001  9.8126001693224607E-001  9.8222788343663792E-001  9.8320470564443752E-001  9.8418978615753350E-001
  9.8518243382522019E-001  9.8618196657683732E-001  9.8718769563517372E-001  9.8819892495002437E-001  9.8921497157631144E-001
  9.9023515343407931E-001  9.9125877906624027E-001  9.9228517440740049E-001  9.9331366401157584E-001  9.9434357306039767E-001
  9.9537424477059511E-001  9.9640501551708804E-001  9.9743524793402172E-001  9.9846430529303820E-001  9.9974369893056403E-001
  1.0002605754432234E+000
BLOCK 35   1.0210752167139653E+001
  1.0016415773377865E+000  1.0026977399328498E+000  1.0037493303077532E+000  1.0047957540136048E+000  1.0058363891702791E+000
  1.0068706526737630E+000  1.0078979622939030E+000  1.0089177506791700E+000  1.0099294634346887E+000  1.0109325612904898E+000
  1.0119265148796979E+000  1.0129108105098543E+000  1.0138849447288305E+000  1.0148484149598764E+000  1.0158007266473859E+000
  1.0167414014005662E+000  1.0176699691327282E+000  1.0185859706234868E+000  1.0194889529797997E+000  1.0203784772607956E+000
  1.0212541161139306E+000  1.0221154500249290E+000  1.0229620712170546E+000  1.0237935884988754E+000  1.0246096231589890E+000
  1.0254098016942548E+000  1.0261937582540983E+000  1.0269611389630404E+000  1.0277116006003200E+000  1.0284448107623556E+000
  1.0291604481088943E+000  1.0298582026594882E+000  1.0305377759655237E+000  1.0311988798779843E+000  1.0318412371967867E+000
  1.0324645815827631E+000  1.0330686572454171E+000  1.0336532191549879E+000  1.0342180332671245E+000  1.0347628762218133E+000
  1.0352875348454869E+000  1.0357918064198905E+000  1.0362754988465603E+000  1.0367384299852818E+000  1.0371804270436606E+000
  1.0376013264298534E+000  1.0380009735921165E+000  1.0383792227807560E+000  1.0387359370200031E+000  1.0390709879828075E+000
  1.0393842555704973E+000  1.0396756277694759E+000  1.0399450007788642E+000  1.0401922788141602E+000  1.0404173737105373E+000
  1.0406202047205735E+000  1.0408006984431979E+000  1.0409587887182694E+000  1.0410944165764429E+000  1.0412075301560466E+000
  1.0412980844474973E+000  1.0413660411999470E+000  1.0414113692714817E+000  1.0414340444700618E+000  1.0414340444701391E+000
  1.0414113692717064E+000  1.0413660412003165E+000  1.0412980844480038E+000  1.0412075301566783E+000  1.0410944165771965E+000
  1.0409587887191403E+000  1.0408006984441893E+000  1.0406202047216819E+000  1.0404173737117570E+000  1.0401922788154978E+000
  1.0399450007803073E+000  1.0396756277710189E+000  1.0393842555721429E+000  1.0390709879845579E+000  1.0387359370218454E+000
  1.0383792227826836E+000  1.0380009735941287E+000  1.0376013264319361E+000  1.0371804270458032E+000  1.0367384299874687E+000
  1.0362754988487985E+000  1.0357918064221645E+000  1.0352875348477923E+000  1.0347628762241394E+000  1.0342180332694524E+000
  1.0336532191573180E+000  1.0330686572477201E+000  1.0324645815850435E+000  1.0318412371990249E+000  1.0311988798801741E+000
  1.0305377759676482E+000  1.0298582026615251E+000  1.0291604481108356E+000  1.0284448107642010E+000  1.0277116006020697E+000
  1.0269611389646585E+000  1.0261937582555749E+000  1.0254098016955941E+000  1.0246096231601711E+000  1.0237935884998723E+000
  1.0229620712178484E+000  1.0221154500254790E+000  1.0212541161142814E+000  1.0203784772609574E+000  1.0194889529797138E+000
  1.0185859706231979E+000  1.0176699691322215E+000  1.0167414013998048E+000  1.0158007266463858E+000  1.0148484149586265E+000
  1.0138849447274156E+000  1.0129108105081814E+000  1.0119265148778314E+000  1.0109325612883726E+000  1.0099294634323979E+000
  1.0089177506766331E+000  1.0078979622912128E+000  1.0068706526709408E+000  1.0058363891672932E+000  1.0047957540105137E+000
  1.0037493303045624E+000  1.0026977399295527E+000  1.0016415773344520E+000  1.0002932518174135E+000  9.9975685424265137E-001
  9.9845197602180102E-001  9.9738408920276367E-001  9.9631482278145433E-001  9.9524483126002206E-001  9.9417479199391401E-001
  9.9310538320504649E-001  9.9203730228674369E-001  9.9097125104031847E-001  9.8990793710859104E-001  9.8884806879937082E-001
  9.8779235895556838E-001  9.8674153084995075E-001  9.8569630171956568E-001  9.8465739641320327E-001  9.8362553816355547E-001
  9.8260144489104184E-001  9.8158584215092715E-001  9.8057944969912691E-001  9.7958298057360849E-001  9.7859715278642578E-001
  9.7762268020140219E-001  9.7666026620146140E-001  9.7571061313543739E-001  9.7477442396969549E-001  9.7385239240043597E-001
  9.7294519807982682E-001  9.7205351027312137E-001  9.7117799135917338E-001  9.7031929617556634E-001  9.6947807009282028E-001
  9.6865494747944325E-001  9.6785055119499663E-001  9.6706549210132153E-001  9.6630036870411895E-001  9.6555576648894426E-001
  9.6483225747408574E-001  9.6413039966681136E-001  9.6345073662536518E-001  9.6279379697027134E-001  9.6216009380143108E-001
  9.6155012438920229E-001  9.6096436945701769E-001  9.6040329268510061E-001  9.5986734004961616E-001  9.5935693959649682E-001
  9.5887250105454958E-001  9.5841441517214321E-001  9.5798305361688718E-001  9.5757876862576630E-001  9.5720189266990952E-001
  9.5685273783892255E-001  9.5653159561575496E-001  9.5623873688476557E-001  9.5597441102136227E-001  9.5573884583535207E-001
  9.5553224742111209E-001  9.5535479927278111E-001  9.5520666208383287E-001  9.5508797340125073E-001  9.5499884710342264E-001
  9.5493937299598852E-001  9.5490961633914972E-001  9.5490961633905680E-001  9.5493937299569875E-001  9.5499884710293814E-001
  9.5508797340059948E-001  9.5520666208295624E-001  9.5535479927169120E-001  9.5553224741981935E-001  9.5573884583381352E-001
  9.5597441101958258E-001  9.5623873688280137E-001  9.5653159561375611E-001  9.5685273783681246E-001  9.5720189266762679E-001
  9.5757876862338387E-001  9.5798305361439529E-001  9.5841441516957981E-001  9.5887250105191013E-001  9.5935693959377222E-001
  9.5986734004682905E-001  9.6040329268223723E-001  9.6096436945413244E-001  9.6155012438627496E-001  9.6216009379846956E-001
  9.6279379696730982E-001  9.6345073662239800E-001  9.6413039966387959E-001  9.6483225747119450E-001  9.6555576648606534E-001
  9.6630036870127578E-001  9.6706549209854487E-001  9.6785055119233565E-001  9.6865494747688985E-001  9.6947807009037024E-001
  9.7031929617325008E-001  9.7117799135699945E-001  9.7205351027112608E-001  9.7294519807803348E-001  9.7385239239884702E-001
  9.7477442396832115E-001  9.7571061313417928E-001  9.7666026620035984E-001  9.7762268020060994E-001  9.7859715278599835E-001
  9.7958298057342641E-001  9.8057944969918720E-001  9.8158584215125055E-001  9.8260144489163948E-001  9.8362553816440212E-001
  9.8465739641432759E-001  9.8569630172094103E-001  9.8674153085158023E-001  9.8779235895746476E-001  9.8884806880150644E-001
  9.8990793711092662E-001  9.9097125104283401E-001  9.9203730228944198E-001  9.9310538320791220E-001  9.9417479199694836E-001
  9.9524483126318319E-001  9.9631482278470440E-001  9.9738408920606580E-001  9.9845197602515845E-001  9.9975685424429850E-001
  1.0002932518190515E+000
BLOCK 36   1.0511068407349594E+001
  1.0017503263915306E+000  1.0028460925274150E+000  1.0039369333471744E+000  1.0050222244638727E+000  1.0061013258949603E+000
  1.0071736317769060E+000  1.0082385407260108E+000  1.0092954680591808E+000  1.0103438451252937E+000  1.0113831117319252E+000
  1.0124127242847354E+000  1.0134321481892132E+000  1.0144408750859499E+000  1.0154383825929374E+000  1.0164241670030651E+000
  1.0173977398841971E+000  1.0183586232365056E+000  1.0193063488676073E+000  1.0202404598333403E+000  1.0211605087193667E+000
  1.0220660603788903E+000  1.0229566902820073E+000  1.0238319852094515E+000  1.0246915413852073E+000  1.0255349648843974E+000
  1.0263618753322750E+000  1.0271719053353274E+000  1.0279646977675960E+000  1.0287399071568526E+000  1.0294972025600080E+000
  1.0302362637280598E+000  1.0309567768710641E+000  1.0316584376383544E+000  1.0323409537369750E+000  1.0330040452218194E+000
  1.0336474437561782E+000  1.0342708923016697E+000  1.0348741453829766E+000  1.0354569683190142E+000  1.0360191368101705E+000
  1.0365604370128259E+000  1.0370806653744944E+000  1.0375796283307130E+000  1.0380571422587199E+000  1.0385130334034662E+000
  1.0389471373608439E+000  1.0393592988284999E+000  1.0397493718060606E+000  1.0401172194177264E+000  1.0404627133053939E+000
  1.0407857332766126E+000  1.0410861672238019E+000  1.0413639109484301E+000  1.0416188680097738E+000  1.0418509496252888E+000
  1.0420600743398674E+000  1.0422461677662087E+000  1.0424091626614458E+000  1.0425489989071353E+000  1.0426656232490334E+000
  1.0427589891706455E+000  1.0428290569526206E+000  1.0428757939677917E+000  1.0428991746263965E+000  1.0428991746264697E+000
  1.0428757939680195E+000  1.0428290569529954E+000  1.0427589891711726E+000  1.0426656232497149E+000  1.0425489989079610E+000
  1.0424091626624188E+000  1.0422461677673227E+000  1.0420600743411157E+000  1.0418509496266719E+000  1.0416188680112881E+000
  1.0413639109500614E+000  1.0410861672255594E+000  1.0407857332784805E+000  1.0404627133073632E+000  1.0401172194197932E+000
  1.0397493718082185E+000  1.0393592988307414E+000  1.0389471373631654E+000  1.0385130334058670E+000  1.0380571422611728E+000
  1.0375796283332221E+000  1.0370806653770355E+000  1.0365604370154047E+000  1.0360191368127714E+000  1.0354569683216177E+000
  1.0348741453855579E+000  1.0342708923042181E+000  1.0336474437586953E+000  1.0330040452243043E+000  1.0323409537393966E+000
  1.0316584376407099E+000  1.0309567768733494E+000  1.0302362637302656E+000  1.0294972025621056E+000  1.0287399071588170E+000
  1.0279646977693944E+000  1.0271719053369519E+000  1.0263618753337369E+000  1.0255349648856509E+000  1.0246915413862574E+000
  1.0238319852102984E+000  1.0229566902826055E+000  1.0220660603792451E+000  1.0211605087194822E+000  1.0202404598332240E+000
  1.0193063488672514E+000  1.0183586232358908E+000  1.0173977398833500E+000  1.0164241670019463E+000  1.0154383825915956E+000
  1.0144408750843856E+000  1.0134321481873874E+000  1.0124127242826235E+000  1.0113831117296275E+000  1.0103438451227247E+000
  1.0092954680564479E+000  1.0082385407230796E+000  1.0071736317737865E+000  1.0061013258916527E+000  1.0050222244604263E+000
  1.0039369333436292E+000  1.0028460925237586E+000  1.0017503263878054E+000  1.0003280901404654E+000  9.9977114361775943E-001
  9.9844005390326152E-001  9.9733143141715386E-001  9.9622120479510901E-001  9.9511006311408801E-001  9.9399870315393879E-001
  9.9288784349872405E-001  9.9177820470818912E-001  9.9067052187679316E-001  9.8956553347818477E-001  9.8846398395494850E-001
  9.8736662419384991E-001  9.8627420475703365E-001  9.8518748200024542E-001  9.8410721261707057E-001  9.8303415662671012E-001
  9.8196906763739056E-001  9.8091270015327314E-001  9.7986581175087750E-001  9.7882915266108628E-001  9.7780347300719228E-001
  9.7678951775187062E-001  9.7578802351911176E-001  9.7479972702855877E-001  9.7382535795674585E-001  9.7286563508245461E-001
  9.7192127407455753E-001  9.7099298385158583E-001  9.7008145964992987E-001  9.6918738748825184E-001  9.6831144705770078E-001
  9.6745430523260312E-001  9.6661661142015176E-001  9.6579900073365221E-001  9.6500209785390167E-001  9.6422651688716488E-001
  9.6347285874344502E-001  9.6274170926131286E-001  9.6203363847273526E-001  9.6134920059747253E-001  9.6068893367660380E-001
  9.6005335902447098E-001  9.5944298065505773E-001  9.5885828480126667E-001  9.5829973951236924E-001  9.5776779411823021E-001
  9.5726287911617569E-001  9.5678540558798775E-001  9.5633576457136937E-001  9.5591432674342891E-001  9.5552144245036030E-001
  9.5515744047256379E-001  9.5482262819856689E-001  9.5451729119332318E-001  9.5424169283150595E-001  9.5399607362105321E-001
  9.5378065092070563E-001  9.5359561839047935E-001  9.5344114556453219E-001  9.5331737765374247E-001  9.5322443509678700E-001
  9.5316241309529870E-001  9.5313138110070406E-001  9.5313138110064388E-001  9.5316241309495975E-001  9.5322443509627863E-001
  9.5331737765302837E-001  9.5344114556358162E-001  9.5359561838932372E-001  9.5378065091932174E-001  9.5399607361945737E-001
  9.5424169282968285E-001  9.5451729119130713E-001  9.5482262819633434E-001  9.5515744047012052E-001  9.5552144244759385E-001
  9.5591432674074039E-001  9.5633576456789782E-001  9.5678540558472580E-001  9.5726287911316543E-001  9.5776779411518820E-001
  9.5829973950921377E-001  9.5885828479801527E-001  9.5944298065177502E-001  9.6005335902113864E-001  9.6068893367324892E-001
  9.6134920059414020E-001  9.6203363846939616E-001  9.6274170925799329E-001  9.6347285874017252E-001  9.6422651688394045E-001
  9.6500209785074453E-001  9.6579900073059499E-001  9.6661661141721589E-001  9.6745430522978004E-001  9.6831144705500949E-001
  9.6918738748560840E-001  9.7008145964744819E-001  9.7099298384937505E-001  9.7192127407250595E-001  9.7286563508064183E-001
  9.7382535795519742E-001  9.7479972702720274E-001  9.7578802351805993E-001  9.7678951775103007E-001  9.7780347300670123E-001
  9.7882915266087012E-001  9.7986581175091358E-001  9.8091270015368215E-001  9.8196906763801484E-001  9.8303415662761018E-001
  9.8410721261831902E-001  9.8518748200183415E-001  9.8627420475889371E-001  9.8736662419597709E-001  9.8846398395732449E-001
  9.8956553348079190E-001  9.9067052187962390E-001  9.9177820471121081E-001  9.9288784350189174E-001  9.9399870315725469E-001
  9.9511006311756833E-001  9.9622120479870180E-001  9.9733143142080849E-001  9.9844005390696322E-001  9.9977114361959785E-001
  1.0003280901423079E+000
BLOCK 37   1.0811384647559535E+001
  1.0018654489578322E+000  1.0030027344235262E+000  1.0041347135361320E+000  1.0052607403128371E+000  1.0063801463613393E+000
  1.0074923065130537E+000  1.0085965941716790E+000  1.0096924084368322E+000  1.0107791569651914E+000  1.0118562686063997E+000
  1.0129231853443057E+000  1.0139793623017614E+000  1.0150242638515332E+000  1.0160573557406467E+000  1.0170781257667183E+000
  1.0180860757805312E+000  1.0190807156101511E+000  1.0200615670576367E+000  1.0210281658242166E+000  1.0219800579661393E+000
  1.0229168015266901E+000  1.0238379672581899E+000  1.0247431362059500E+000  1.0256319000981151E+000  1.0265038611514894E+000
  1.0273586333144353E+000  1.0281958423443180E+000  1.0290151259153779E+000  1.0298161336404885E+000  1.0305985259209667E+000
  1.0313619748491192E+000  1.0321061662400572E+000  1.0328307988853536E+000  1.0335355819921559E+000  1.0342202363675013E+000
  1.0348844953169034E+000  1.0355281013145015E+000  1.0361508049376462E+000  1.0367523671480603E+000  1.0373325612144948E+000
  1.0378911723112347E+000  1.0384279963110967E+000  1.0389428394460603E+000  1.0394355179874348E+000  1.0399058577488405E+000
  1.0403536939153382E+000  1.0407788710606409E+000  1.0411812429085670E+000  1.0415606720515049E+000  1.0419170298018237E+000
  1.0422501958317065E+000  1.0425600577469138E+000  1.0428465110004672E+000  1.0431094588171219E+000  1.0433488117779652E+000
  1.0435644874053469E+000  1.0437564100712551E+000  1.0439245110337467E+000  1.0440687284313792E+000  1.0441890072941185E+000
  1.0442852995618768E+000  1.0443575641058545E+000  1.0444057670597044E+000  1.0444298817177096E+000  1.0444298817177975E+000
  1.0444057670599518E+000  1.0443575641062679E+000  1.0442852995624505E+000  1.0441890072948621E+000  1.0440687284322907E+000
  1.0439245110348250E+000  1.0437564100725014E+000  1.0435644874067469E+000  1.0433488117795249E+000  1.0431094588188263E+000
  1.0428465110023064E+000  1.0425600577488909E+000  1.0422501958338033E+000  1.0419170298040454E+000  1.0415606720538291E+000
  1.0411812429109861E+000  1.0407788710631560E+000  1.0403536939179514E+000  1.0399058577515294E+000  1.0394355179901846E+000
  1.0389428394488558E+000  1.0384279963139220E+000  1.0378911723140924E+000  1.0373325612173661E+000  1.0367523671509331E+000
  1.0361508049405155E+000  1.0355281013173749E+000  1.0348844953197498E+000  1.0342202363703086E+000  1.0335355819948924E+000
  1.0328307988879994E+000  1.0321061662426063E+000  1.0313619748515495E+000  1.0305985259232493E+000  1.0298161336426321E+000
  1.0290151259173430E+000  1.0281958423460833E+000  1.0273586333160039E+000  1.0265038611528448E+000  1.0256319000992500E+000
  1.0247431362068493E+000  1.0238379672588380E+000  1.0229168015270795E+000  1.0219800579662734E+000  1.0210281658241074E+000
  1.0200615670572295E+000  1.0190807156094572E+000  1.0180860757795642E+000  1.0170781257654631E+000  1.0160573557391073E+000
  1.0150242638497289E+000  1.0139793622996840E+000  1.0129231853419829E+000  1.0118562686038128E+000  1.0107791569623781E+000
  1.0096924084337728E+000  1.0085965941684381E+000  1.0074923065096064E+000  1.0063801463577380E+000  1.0052607403090823E+000
  1.0041347135322223E+000  1.0030027344195083E+000  1.0018654489537222E+000  1.0003652194053063E+000  9.9978662642819183E-001
  9.9842862398698262E-001  9.9727726343010126E-001  9.9612406423440469E-001  9.9496974067380517E-001  9.9381502521308529E-001
  9.9266066378972861E-001  9.9150741350147442E-001  9.9035603849351450E-001  9.8920731252484539E-001  9.8806201462352128E-001
  9.8692092896190331E-001  9.8578484534213728E-001  9.8465455342089747E-001  9.8353084800852864E-001  9.8241452234494786E-001
  9.8130637131452325E-001  9.8020718783336125E-001  9.7911776335777811E-001  9.7803888596015187E-001  9.7697134042947120E-001
  9.7591590957537322E-001  9.7487336583456941E-001  9.7384447741071511E-001  9.7283000894752114E-001  9.7183071524641296E-001
  9.7084734480490220E-001  9.6988063603297714E-001  9.6893131544852407E-001  9.6800010332890407E-001  9.6708770924828014E-001
  9.6619482831961978E-001  9.6532214592203514E-001  9.6447033603209464E-001  9.6364005570245914E-001  9.6283194709933262E-001
  9.6204664009505136E-001  9.6128474806914299E-001  9.6054686451916127E-001  9.5983356568921718E-001  9.5914541409682375E-001
  9.5848295774872583E-001  9.5784672708377927E-001  9.5723723305208142E-001  9.5665496704258912E-001  9.5610040082820003E-001
  9.5557398644411928E-001  9.5507615609004060E-001  9.5460732145937977E-001  9.5416787277105208E-001  9.5375817893929338E-001
  9.5337858657451990E-001  9.5302942002179813E-001  9.5271098036059521E-001  9.5242354531984452E-001  9.5216736845247063E-001
  9.5194267901826435E-001  9.5174968149016037E-001  9.5158855495193950E-001  9.5145945283866107E-001  9.5136250257351751E-001
  9.5129780503595740E-001  9.5126543394059970E-001  9.5126543394053364E-001  9.5129780503555816E-001  9.5136250257293509E-001
  9.5145945283785960E-001  9.5158855495089201E-001  9.5174968148889094E-001  9.5194267901676455E-001  9.5216736845073613E-001
  9.5242354531787232E-001  9.5271098035841106E-001  9.5302942001935054E-001  9.5337858657186270E-001  9.5375817893629578E-001
  9.5416787276804471E-001  9.5460732145585503E-001  9.5507615608669283E-001  9.5557398644024094E-001  9.5610040082418091E-001
  9.5665496703843433E-001  9.5723723304784236E-001  9.5784672707954477E-001  9.5848295774480430E-001  9.5914541409320453E-001
  9.5983356568567257E-001  9.6054686451553040E-001  9.6128474806546704E-001  9.6204664009138352E-001  9.6283194709567888E-001
  9.6364005569887856E-001  9.6447033602868282E-001  9.6532214591871612E-001  9.6619482831639603E-001  9.6708770924526821E-001
  9.6800010332604625E-001  9.6893131544583799E-001  9.6988063603050623E-001  9.7084734480264911E-001  9.7183071524441156E-001
  9.7283000894574700E-001  9.7384447740925795E-001  9.7487336583337636E-001  9.7591590957449903E-001  9.7697134042888101E-001
  9.7803888595991262E-001  9.7911776335785206E-001  9.8020718783376881E-001  9.8130637131530130E-001  9.8241452234602666E-001
  9.8353084800998591E-001  9.8465455342264685E-001  9.8578484534414890E-001  9.8692092896422401E-001  9.8806201462612675E-001
  9.8920731252768179E-001  9.9035603849661358E-001  9.9150741350484006E-001  9.9266066379328699E-001  9.9381502521679077E-001
  9.9496974067765298E-001  9.9612406423837241E-001  9.9727726343417822E-001  9.9842862399115340E-001  9.9978662643027161E-001
  1.0003652194073702E+000
BLOCK 38   1.1111700887769477E+001
  1.0019872717672755E+000  1.0031680758324655E+000  1.0043431648181906E+000  1.0055118666324225E+000  1.0066734877992654E+000
  1.0078273781272180E+000  1.0089728909036602E+000  1.0101094052868311E+000  1.0112363107982847E+000  1.0123530166725137E+000
  1.0134589443579438E+000  1.0145535437900586E+000  1.0156362522728495E+000  1.0167065299552309E+000  1.0177638490684899E+000
  1.0188076989615058E+000  1.0198375796753261E+000  1.0208530054211455E+000  1.0218535038156629E+000  1.0228386125596423E+000
  1.0238078834443856E+000  1.0247608815107008E+000  1.0256971809550675E+000  1.0266163678086084E+000  1.0275180410693279E+000
  1.0284018114272615E+000  1.0292673018582783E+000  1.0301141473057895E+000  1.0309419942078726E+000  1.0317505001433418E+000
  1.0325393345696212E+000  1.0333081794473422E+000  1.0340567290877347E+000  1.0347846901576452E+000  1.0354917811367050E+000
  1.0361777315718830E+000  1.0368422827107020E+000  1.0374851885860403E+000  1.0381062141554349E+000  1.0387051339167968E+000
  1.0392817330418025E+000  1.0398358069092826E+000  1.0403671594946684E+000  1.0408756037079223E+000  1.0413609633101339E+000
  1.0418230734982670E+000  1.0422617796988860E+000  1.0426769363788098E+000  1.0430684065042666E+000  1.0434360611627009E+000
  1.0437797792922014E+000  1.0440994476484746E+000  1.0443949607145100E+000  1.0446662204191004E+000  1.0449131359437027E+000
  1.0451356236103133E+000  1.0453336066815264E+000  1.0455070152573194E+000  1.0456557863452114E+000  1.0457798638114530E+000
  1.0458791982174040E+000  1.0459537468934008E+000  1.0460034744654001E+000  1.0460283527243144E+000  1.0460283527244163E+000
  1.0460034744656908E+000  1.0459537468938875E+000  1.0458791982180671E+000  1.0457798638122970E+000  1.0456557863462352E+000
  1.0455070152585231E+000  1.0453336066829100E+000  1.0451356236118676E+000  1.0449131359454318E+000  1.0446662204209938E+000
  1.0443949607165557E+000  1.0440994476506842E+000  1.0437797792945636E+000  1.0434360611652056E+000  1.0430684065068907E+000
  1.0426769363815456E+000  1.0422617797017097E+000  1.0418230735011822E+000  1.0413609633131125E+000  1.0408756037109628E+000
  1.0403671594977675E+000  1.0398358069124463E+000  1.0392817330450179E+000  1.0387051339200317E+000  1.0381062141586839E+000
  1.0374851885892771E+000  1.0368422827139210E+000  1.0361777315750531E+000  1.0354917811398194E+000  1.0347846901606823E+000
  1.0340567290906597E+000  1.0333081794501422E+000  1.0325393345722960E+000  1.0317505001458529E+000  1.0309419942102060E+000
  1.0301141473079281E+000  1.0292673018602092E+000  1.0284018114289815E+000  1.0275180410708245E+000  1.0266163678098559E+000
  1.0256971809560489E+000  1.0247608815114171E+000  1.0238078834448150E+000  1.0228386125597724E+000  1.0218535038154948E+000
  1.0208530054206688E+000  1.0198375796745374E+000  1.0188076989604067E+000  1.0177638490670653E+000  1.0167065299534974E+000
  1.0156362522708131E+000  1.0145535437877413E+000  1.0134589443553446E+000  1.0123530166696504E+000  1.0112363107951547E+000
  1.0101094052834620E+000  1.0089728909000504E+000  1.0078273781234042E+000  1.0066734877952528E+000  1.0055118666282528E+000
  1.0043431648138854E+000  1.0031680758280443E+000  1.0019872717627532E+000  1.0004047685360409E+000  9.9980335619228367E-001
  9.9841775304848046E-001  9.9722157079708329E-001  9.9602329674381607E-001  9.9482367671217986E-001  9.9362347326180034E-001
  9.9242346789047631E-001  9.9122445127779168E-001  9.9002722516253705E-001  9.8883259779527655E-001  9.8764138517428723E-001
  9.8645440905781934E-001  9.8527249506862125E-001  9.8409647251152144E-001  9.8292717151393472E-001  9.8176542606043826E-001
  9.8061206834088066E-001  9.7946793138707933E-001  9.7833384533607104E-001  9.7721063748683046E-001  9.7609913138681048E-001
  9.7500014552543546E-001  9.7391449305725031E-001  9.7284297988237456E-001  9.7178640608184286E-001  9.7074556189083838E-001
  9.6972123023398304E-001  9.6871418616262905E-001  9.6772519125845757E-001  9.6675499806621668E-001  9.6580434931430970E-001
  9.6487397444879008E-001  9.6396459119755873E-001  9.6307690218885311E-001  9.6221159462301653E-001  9.6136934378637251E-001
  9.6055080939336990E-001  9.5975663293828573E-001  9.5898744083488541E-001  9.5824384296750875E-001  9.5752642883268657E-001
  9.5683576934905434E-001  9.5617241875650683E-001  9.5553691160986054E-001  9.5492976067698143E-001  9.5435145928996212E-001
  9.5380248314331006E-001  9.5328328923504246E-001  9.5279431249074231E-001  9.5233596406761722E-001  9.5190863156511751E-001
  9.5151267948613905E-001  9.5114844904241325E-001  9.5081625763638633E-001  9.5051639811385147E-001  9.5024913814914402E-001
  9.5001471969112705E-001  9.4981335875999984E-001  9.4964524485567692E-001  9.4951054052336026E-001  9.4940938081506165E-001
  9.4934187274683224E-001  9.4930809482825251E-001  9.4930809482812839E-001  9.4934187274645032E-001  9.4940938081443771E-001
  9.4951054052247652E-001  9.4964524485452151E-001  9.4981335875858641E-001  9.5001471968942386E-001  9.5024913814719614E-001
  9.5051639811166988E-001  9.5081625763389632E-001  9.5114844903976059E-001  9.5151267948308194E-001  9.5190863156201699E-001
  9.5233596406411081E-001  9.5279431248703372E-001  9.5328328923123407E-001  9.5380248313910110E-001  9.5435145928560561E-001
  9.5492976067265778E-001  9.5553691160507304E-001  9.5617241875168069E-001  9.5683576934407100E-001  9.5752642882762440E-001
  9.5824384296257614E-001  9.5898744083023357E-001  9.5975663293383651E-001  9.6055080938915061E-001  9.6136934378247918E-001
  9.6221159461938210E-001  9.6307690218531405E-001  9.6396459119394784E-001  9.6487397444520151E-001  9.6580434931086812E-001
  9.6675499806299270E-001  9.6772519125548639E-001  9.6871418615989591E-001  9.6972123023152634E-001  9.7074556188860461E-001
  9.7178640607992051E-001  9.7284297988074930E-001  9.7391449305596522E-001  9.7500014552449044E-001  9.7609913138623339E-001
  9.7721063748658765E-001  9.7833384533618650E-001  9.7946793138754717E-001  9.8061206834172709E-001  9.8176542606165218E-001
  9.8292717151547815E-001  9.8409647251344057E-001  9.8527249507085046E-001  9.8645440906036752E-001  9.8764138517716316E-001
  9.8883259779842103E-001  9.9002722516598096E-001  9.9122445128151915E-001  9.9242346789441005E-001  9.9362347326592204E-001
  9.9482367671648086E-001  9.9602329674824830E-001  9.9722157080161411E-001  9.9841775305309988E-001  9.9980335619460270E-001
  1.0004047685383319E+000
BLOCK 39   1.1412017127979418E+001
  1.0021161285174687E+000  1.0033425333885870E+000  1.0045627879673891E+000  1.0057761908389169E+000  1.0069820194079666E+000
  1.0081796008404020E+000  1.0093682617679891E+000  1.0105473592688545E+000  1.0117162657171377E+000  1.0128743749116393E+000
  1.0140210955700262E+000  1.0151558472612752E+000  1.0162780542342118E+000  1.0173871654450057E+000  1.0184826462930916E+000
  1.0195639714746252E+000  1.0206306314898663E+000  1.0216821299835059E+000  1.0227179855662387E+000  1.0237377290463121E+000
  1.0247409047259202E+000  1.0257270702163996E+000  1.0266957948980546E+000  1.0276466618347486E+000  1.0285792666495652E+000
  1.0294932162675683E+000  1.0303881313546785E+000  1.0312636448524048E+000  1.0321194005334959E+000  1.0329550543753343E+000
  1.0337702749748443E+000  1.0345647431759684E+000  1.0353381517585540E+000  1.0360902053113930E+000  1.0368206197994732E+000
  1.0375291226820125E+000  1.0382154534989216E+000  1.0388793639593326E+000  1.0395206175704708E+000  1.0401389893357371E+000
  1.0407342650217899E+000  1.0413062405310300E+000  1.0418547227159711E+000  1.0423795289132882E+000  1.0428804851709967E+000
  1.0433574260570218E+000  1.0438101951771062E+000  1.0442386445282681E+000  1.0446426339161270E+000  1.0450220318428927E+000
  1.0453767164282144E+000  1.0457065747749659E+000  1.0460115015876044E+000  1.0462913983784718E+000  1.0465461732768826E+000
  1.0467757410335610E+000  1.0469800231986406E+000  1.0471589482916532E+000  1.0473124517188397E+000  1.0474404757240141E+000
  1.0475429695513423E+000  1.0476198895187934E+000  1.0476711993135175E+000  1.0476968698168450E+000  1.0476968698169544E+000
  1.0476711993138359E+000  1.0476198895193325E+000  1.0475429695520886E+000  1.0474404757249722E+000  1.0473124517200052E+000
  1.0471589482930179E+000  1.0469800232002029E+000  1.0467757410353209E+000  1.0465461732788259E+000  1.0462913983805924E+000
  1.0460115015899067E+000  1.0457065747774328E+000  1.0453767164308276E+000  1.0450220318456476E+000  1.0446426339190094E+000
  1.0442386445312946E+000  1.0438101951802599E+000  1.0433574260602909E+000  1.0428804851743629E+000  1.0423795289167390E+000
  1.0418547227194837E+000  1.0413062405345999E+000  1.0407342650253943E+000  1.0401389893393649E+000  1.0395206175740987E+000
  1.0388793639629339E+000  1.0382154535024966E+000  1.0375291226855270E+000  1.0368206198029051E+000  1.0360902053147287E+000
  1.0353381517617704E+000  1.0345647431790470E+000  1.0337702749777802E+000  1.0329550543781043E+000  1.0321194005360699E+000
  1.0312636448547781E+000  1.0303881313568202E+000  1.0294932162694628E+000  1.0285792666512021E+000  1.0276466618361055E+000
  1.0266957948991169E+000  1.0257270702171593E+000  1.0247409047263512E+000  1.0237377290464171E+000  1.0227179855660100E+000
  1.0216821299829462E+000  1.0206306314889757E+000  1.0195639714733902E+000  1.0184826462915162E+000  1.0173871654430897E+000
  1.0162780542319585E+000  1.0151558472586899E+000  1.0140210955671218E+000  1.0128743749084363E+000  1.0117162657136638E+000
  1.0105473592651202E+000  1.0093682617639899E+000  1.0081796008361477E+000  1.0069820194035117E+000  1.0057761908342702E+000
  1.0045627879626029E+000  1.0033425333836665E+000  1.0021161285124374E+000  1.0004468756386387E+000  9.9982138994776881E-001
  9.9840751864386723E-001  9.9716433521962911E-001  9.9591878876044460E-001  9.9467165586235740E-001  9.9342373445367926E-001
  9.9217584260384850E-001  9.9092880918955528E-001  9.8968347303706028E-001  9.8844068068179536E-001  9.8720128661069295E-001
  9.8596615148265010E-001  9.8473614104990692E-001  9.8351212428958423E-001  9.8229497350262629E-001  9.8108556115042955E-001
  9.7988476105841016E-001  9.7869344522981683E-001  9.7751248497064447E-001  9.7634274721836034E-001  9.7518509564746292E-001
  9.7404038956666017E-001  9.7290948243976816E-001  9.7179322133135437E-001  9.7069244510150532E-001  9.6960798430019857E-001
  9.6854065947804580E-001  9.6749128191255229E-001  9.6646065111154211E-001  9.6544955529877552E-001  9.6445877111337519E-001
  9.6348906061632722E-001  9.6254117417800988E-001  9.6161584815970202E-001  9.6071380212671786E-001  9.5983574185850684E-001
  9.5898235758149730E-001  9.5815432257398137E-001  9.5735229353174978E-001  9.5657690777363202E-001  9.5582878391243475E-001
  9.5510852405723046E-001  9.5441671021748731E-001  9.5375390294427331E-001  9.5312064347610470E-001  9.5251745215805417E-001
  9.5194482604244013E-001  9.5140324041061364E-001  9.5089314969336713E-001  9.5041498520255763E-001  9.4996915358306144E-001
  9.4955603852586945E-001  9.4917600145002512E-001  9.4882937970527048E-001  9.4851648340606987E-001  9.4823759463178103E-001
  9.4799296783266340E-001  9.4778283055280177E-001  9.4760738311890114E-001  9.4746679789330646E-001  9.4736121854564082E-001
  9.4729075923456185E-001  9.4725550397233838E-001  9.4725550397216973E-001  9.4729075923414041E-001  9.4736121854492994E-001
  9.4746679789231225E-001  9.4760738311759851E-001  9.4778283055123314E-001  9.4799296783076081E-001  9.4823759462965140E-001
  9.4851648340360750E-001  9.4882937970250347E-001  9.4917600144707293E-001  9.4955603852241377E-001  9.4996915357962586E-001
  9.5041498519866685E-001  9.5089314968929561E-001  9.5140324040638347E-001  9.5194482603789643E-001  9.5251745215321670E-001
  9.5312064347125092E-001  9.5375390293916795E-001  9.5441671021203589E-001  9.5510852405187296E-001  9.5582878390698944E-001
  9.5657690776773996E-001  9.5735229352598161E-001  9.5815432256827093E-001  9.5898235757604466E-001  9.5983574185337128E-001
  9.6071380212185886E-001  9.6161584815520718E-001  9.6254117417392582E-001  9.6348906061258510E-001  9.6445877110985989E-001
  9.6544955529555943E-001  9.6646065110857771E-001  9.6749128190977141E-001  9.6854065947534917E-001  9.6960798429766681E-001
  9.7069244509927777E-001  9.7179322132956114E-001  9.7290948243837361E-001  9.7404038956565231E-001  9.7518509564686029E-001
  9.7634274721812231E-001  9.7751248497077126E-001  9.7869344523036594E-001  9.7988476105931588E-001  9.8108556115172130E-001
  9.8229497350432871E-001  9.8351212429169366E-001  9.8473614105238083E-001  9.8596615148548561E-001  9.8720128661390638E-001
  9.8844068068533431E-001  9.8968347304087789E-001  9.9092880919366677E-001  9.9217584260820835E-001  9.9342373445824150E-001
  9.9467165586710726E-001  9.9591878876533757E-001  9.9716433522462444E-001  9.9840751864894983E-001  9.9982138995033876E-001
  1.0004468756411662E+000
BLOCK 40   1.1712333368189359E+001
  1.0022523837308350E+000  1.0035265618746627E+000  1.0047941218226777E+000  1.0060543313529500E+000  1.0073064382579444E+000
  1.0085497446178258E+000  1.0097835531525394E+000  1.0110071999751391E+000  1.0122200341205314E+000  1.0134214265717334E+000
  1.0146107780153060E+000  1.0157874793153103E+000  1.0169509469583600E+000  1.0181006124803753E+000  1.0192359269665361E+000
  1.0203563544903707E+000  1.0214613760714202E+000  1.0225504878899800E+000  1.0236231983492807E+000  1.0246790328240298E+000
  1.0257175304531871E+000  1.0267382424418190E+000  1.0277407326684687E+000  1.0287245794613356E+000  1.0296893750469771E+000
  1.0306347241806035E+000  1.0315602449755370E+000  1.0324655678234362E+000  1.0333503353895870E+000  1.0342142034985897E+000
  1.0350568396805173E+000  1.0358779235527178E+000  1.0366771475110415E+000  1.0374542156439164E+000  1.0382088434114414E+000
  1.0389407583620787E+000  1.0396497002983354E+000  1.0403354207693050E+000  1.0409976827561072E+000  1.0416362603094054E+000
  1.0422509382914189E+000  1.0428415124602908E+000  1.0434077895638871E+000  1.0439495867166433E+000  1.0444667308941566E+000
  1.0449590583579655E+000  1.0454264137215543E+000  1.0458686500509469E+000  1.0462856290536620E+000  1.0466772200241421E+000
  1.0470432991119711E+000  1.0473837498002743E+000  1.0476984631231967E+000  1.0479873372488002E+000  1.0482502777116478E+000
  1.0484871981820336E+000  1.0486980203542322E+000  1.0488826729091636E+000  1.0490410907016665E+000  1.0491732146799366E+000
  1.0492789922537833E+000  1.0493583777894173E+000  1.0494113333057336E+000  1.0494378281881995E+000  1.0494378281883250E+000
  1.0494113333060917E+000  1.0493583777900251E+000  1.0492789922546304E+000  1.0491732146810251E+000  1.0490410907029830E+000
  1.0488826729107179E+000  1.0486980203559986E+000  1.0484871981840027E+000  1.0482502777138114E+000  1.0479873372511621E+000
  1.0476984631257469E+000  1.0473837498030112E+000  1.0470432991148746E+000  1.0466772200272190E+000  1.0462856290568916E+000
  1.0458686500543339E+000  1.0454264137250902E+000  1.0449590583616293E+000  1.0444667308979356E+000  1.0439495867205140E+000
  1.0434077895678306E+000  1.0428415124642980E+000  1.0422509382954528E+000  1.0416362603134570E+000  1.0409976827601461E+000
  1.0403354207733031E+000  1.0396497003022847E+000  1.0389407583659582E+000  1.0382088434152377E+000  1.0374542156476105E+000
  1.0366771475146079E+000  1.0358779235561331E+000  1.0350568396837596E+000  1.0342142035016484E+000  1.0333503353924220E+000
  1.0324655678260479E+000  1.0315602449778833E+000  1.0306347241826666E+000  1.0296893750487484E+000  1.0287245794627982E+000
  1.0277407326696104E+000  1.0267382424426270E+000  1.0257175304536461E+000  1.0246790328241369E+000  1.0236231983490149E+000
  1.0225504878893319E+000  1.0214613760703928E+000  1.0203563544889720E+000  1.0192359269647862E+000  1.0181006124782488E+000
  1.0169509469558322E+000  1.0157874793124160E+000  1.0146107780120861E+000  1.0134214265681545E+000  1.0122200341166423E+000
  1.0110071999709473E+000  1.0097835531480643E+000  1.0085497446131031E+000  1.0073064382529837E+000  1.0060543313477774E+000
  1.0047941218173759E+000  1.0035265618691849E+000  1.0022523837252506E+000  1.0004916867007350E+000  9.9984078331723170E-001
  9.9839798292640181E-001  9.9710551900813282E-001  9.9581040095461792E-001  9.9451343940088843E-001  9.9321546958978513E-001
  9.9191734795209685E-001  9.9061994210674365E-001  9.8932413132187280E-001  9.8803080392585640E-001  9.8674085586915583E-001
  9.8545518934416543E-001  9.8417471202264450E-001  9.8290033567320767E-001  9.8163297392635507E-001  9.8037354188749726E-001
  9.7912295497284629E-001  9.7788212911628780E-001  9.7665197778348023E-001  9.7543341218474366E-001  9.7422733884489532E-001
  9.7303465965614822E-001  9.7185626986340623E-001  9.7069305781373116E-001  9.6954590387542028E-001  9.6841567879380874E-001
  9.6730324367235632E-001  9.6620944882155524E-001  9.6513513328836487E-001  9.6408112322771045E-001  9.6304823188991606E-001
  9.6203725801696960E-001  9.6104898617968182E-001  9.6008418650445382E-001  9.5914361260107650E-001  9.5822800310003542E-001
  9.5733807964836481E-001  9.5647454595965753E-001  9.5563808958816121E-001  9.5482937915188459E-001  9.5404906361989350E-001
  9.5329777334937049E-001  9.5257611840736844E-001  9.5188468845058938E-001  9.5122405174474101E-001  9.5059475309496999E-001
  9.4999731567823609E-001  9.4943224120987590E-001  9.4890000692870580E-001  9.4840106526579393E-001  9.4793584496687422E-001
  9.4750474944660146E-001  9.4710815545857074E-001  9.4674641444427798E-001  9.4641985240223780E-001  9.4612876785715316E-001
  9.4587343077467234E-001  9.4565408343127177E-001  9.4547094033919521E-001  9.4532418595003720E-001  9.4521397274603403E-001
  9.4514042069270698E-001  9.4510361775771734E-001  9.4510361775750984E-001  9.4514042069224602E-001  9.4521397274521679E-001
  9.4532418594888656E-001  9.4547094033773360E-001  9.4565408342946633E-001  9.4587343077251540E-001  9.4612876785480104E-001
  9.4641985239943094E-001  9.4674641444124696E-001  9.4710815545531069E-001  9.4750474944285601E-001  9.4793584496297700E-001
  9.4840106526161405E-001  9.4890000692408416E-001  9.4943224120507685E-001  9.4999731567329226E-001  9.5059475308965413E-001
  9.5122405173911817E-001  9.5188468844497331E-001  9.5257611840153311E-001  9.5329777334324473E-001  9.5404906361366437E-001
  9.5482937914577781E-001  9.5563808958189222E-001  9.5647454595309789E-001  9.5733807964186046E-001  9.5822800309373768E-001
  9.5914361259501724E-001  9.6008418649873106E-001  9.6104898617436518E-001  9.6203725801205864E-001  9.6304823188548816E-001
  9.6408112322380113E-001  9.6513513328489697E-001  9.6620944881849591E-001  9.6730324366976461E-001  9.6841567879159751E-001
  9.6954590387348449E-001  9.7069305781208792E-001  9.7185626986205909E-001  9.7303465965506852E-001  9.7422733884408041E-001
  9.7543341218427304E-001  9.7665197778346591E-001  9.7788212911681860E-001  9.7912295497391033E-001  9.8037354188902881E-001
  9.8163297392832671E-001  9.8290033567556123E-001  9.8417471202539708E-001  9.8545518934732768E-001  9.8674085587269089E-001
  9.8803080392974341E-001  9.8932413132608987E-001  9.9061994211127047E-001  9.9191734795690267E-001  9.9321546959481855E-001
  9.9451343940613457E-001  9.9581040096002693E-001  9.9710551901364775E-001  9.9839798293199589E-001  9.9984078332010062E-001
  1.0004916867035374E+000
BLOCK 41   1.2012649608399300E+001
  1.0023963925779289E+000  1.0037206172363515E+000  1.0050377218765434E+000  1.0063469404211589E+000  1.0076474912624080E+000
  1.0089386479515654E+000  1.0102196860092962E+000  1.0114899179270911E+000  1.0127486740306746E+000  1.0139953171451126E+000
  1.0152292055783692E+000  1.0164497203546532E+000  1.0176562658817516E+000  1.0188482602466085E+000  1.0200251389933030E+000
  1.0211863565540515E+000  1.0223313827428253E+000  1.0234597047685030E+000  1.0245708242264717E+000  1.0256642587079772E+000
  1.0267395407185591E+000  1.0277962164792958E+000  1.0288338478037697E+000  1.0298520098000379E+000  1.0308502909684669E+000
  1.0318282941271844E+000  1.0327856354962091E+000  1.0337219431863034E+000  1.0346368580220568E+000  1.0355300348370911E+000
  1.0364011413689087E+000  1.0372498580585108E+000  1.0380758777461589E+000  1.0388789050325831E+000  1.0396586569433441E+000
  1.0404148625305516E+000  1.0411472622589928E+000  1.0418556083269597E+000  1.0425396644568035E+000  1.0431992051016135E+000
  1.0438340154294348E+000  1.0444438915189631E+000  1.0450286400208804E+000  1.0455880775654620E+000  1.0461220303250569E+000
  1.0466303336017915E+000  1.0471128316334191E+000  1.0475693775989592E+000  1.0479998330802258E+000  1.0484040675340205E+000
  1.0487819579385047E+000  1.0491333881326668E+000  1.0494582486841324E+000  1.0497564372921431E+000  1.0500278585054061E+000
  1.0502724231713301E+000  1.0504900487336557E+000  1.0506806597961578E+000  1.0508441880762036E+000  1.0509805723970165E+000
  1.0510897591882933E+000  1.0511717026750054E+000  1.0512263647827103E+000  1.0512537143654439E+000  1.0512537143655956E+000
  1.0512263647831361E+000  1.0511717026757061E+000  1.0510897591892447E+000  1.0509805723982302E+000  1.0508441880776620E+000
  1.0506806597978715E+000  1.0504900487356066E+000  1.0502724231735183E+000  1.0500278585078298E+000  1.0497564372947867E+000
  1.0494582486869974E+000  1.0491333881357459E+000  1.0487819579417796E+000  1.0484040675374917E+000  1.0479998330838742E+000
  1.0475693776027775E+000  1.0471128316373839E+000  1.0466303336058853E+000  1.0461220303292660E+000  1.0455880775697644E+000
  1.0450286400252566E+000  1.0444438915234011E+000  1.0438340154339176E+000  1.0431992051061056E+000  1.0425396644612923E+000
  1.0418556083314197E+000  1.0411472622634010E+000  1.0404148625348781E+000  1.0396586569475759E+000  1.0388789050366865E+000
  1.0380758777501111E+000  1.0372498580622802E+000  1.0364011413724770E+000  1.0355300348404404E+000  1.0346368580251606E+000
  1.0337219431891558E+000  1.0327856354987743E+000  1.0318282941294512E+000  1.0308502909704078E+000  1.0298520098016231E+000
  1.0288338478049976E+000  1.0277962164801577E+000  1.0267395407190545E+000  1.0256642587080786E+000  1.0245708242261466E+000
  1.0234597047677652E+000  1.0223313827416787E+000  1.0211863565524752E+000  1.0200251389913031E+000  1.0188482602442059E+000
  1.0176562658789297E+000  1.0164497203514380E+000  1.0152292055747556E+000  1.0139953171411384E+000  1.0127486740263538E+000
  1.0114899179224353E+000  1.0102196860043418E+000  1.0089386479463311E+000  1.0076474912569260E+000  1.0063469404154646E+000
  1.0050377218706448E+000  1.0037206172303061E+000  1.0023963925717603E+000  1.0005393455052336E+000  9.9986159152872578E-001
  9.9838921105512413E-001  9.9704508406189030E-001  9.9569798894772299E-001  9.9434877365543661E-001  9.9299831305157327E-001
  9.9164750486212472E-001  9.9029726000204144E-001  9.8894850113616661E-001  9.8760215913129257E-001  9.8625917313720346E-001
  9.8492048906038132E-001  9.8358705929387302E-001  9.8225984010562495E-001  9.8093979095410200E-001  9.7962787305348631E-001
  9.7832504826764422E-001  9.7703227720616936E-001  9.7575051903098231E-001  9.7448072953548337E-001  9.7322386028256080E-001
  9.7198085657969757E-001  9.7075265795280663E-001  9.6954019651094991E-001  9.6834439597809607E-001  9.6716616997905103E-001
  9.6600642148084748E-001  9.6486604193968251E-001  9.6374591016756705E-001  9.6264689214140520E-001  9.6156983987581590E-001
  9.6051559075098569E-001  9.5948496670166594E-001  9.5847877436819739E-001  9.5749780363388093E-001  9.5654282733742024E-001
  9.5561460063783721E-001  9.5471386001271807E-001  9.5384132412736256E-001  9.5299769210263419E-001  9.5218364348166618E-001
  9.5139983850133436E-001  9.5064691566628456E-001  9.4992549250120151E-001  9.4923616528339105E-001  9.4857950691985360E-001
  9.4795606730188176E-001  9.4736637260807421E-001  9.4681092455362059E-001  9.4629020040802880E-001  9.4580465111816037E-001
  9.4535470048218440E-001  9.4494074670641848E-001  9.4456316118486716E-001  9.4422228620309845E-001  9.4391843518428065E-001
  9.4365189264175886E-001  9.4342291237014142E-001  9.4323171739797618E-001  9.4307850117848302E-001  9.4296342736747385E-001
  9.4288662721674388E-001  9.4284819758904259E-001  9.4284819758883054E-001  9.4288662721620886E-001  9.4296342736655769E-001
  9.4307850117716074E-001  9.4323171739639178E-001  9.4342291236815279E-001  9.4365189263934512E-001  9.4391843518167884E-001
  9.4422228619997395E-001  9.4456316118140071E-001  9.4494074670274852E-001  9.4535470047814174E-001  9.4580465111366030E-001
  9.4629020040333112E-001  9.4681092454862537E-001  9.4736637260270073E-001  9.4795606729619930E-001  9.4857950691406112E-001
  9.4923616527733523E-001  9.4992549249476843E-001  9.5064691565971371E-001  9.5139983849472665E-001  9.5218364347480933E-001
  9.5299769209551755E-001  9.5384132412031597E-001  9.5471386000574399E-001  9.5561460063078396E-001  9.5654282733020402E-001
  9.5749780362675985E-001  9.5847877436139950E-001  9.5948496669520467E-001  9.6051559074491821E-001  9.6156983987025058E-001
  9.6264689213637877E-001  9.6374591016308786E-001  9.6486604193577741E-001  9.6600642147754390E-001  9.6716616997632310E-001
  9.6834439597586885E-001  9.6954019650921119E-001  9.7075265795159404E-001  9.7198085657894162E-001  9.7322386028216745E-001
  9.7448072953555209E-001  9.7575051903133514E-001  9.7703227720689712E-001  9.7832504826875022E-001  9.7962787305494115E-001
  9.8093979095602002E-001  9.8225984010805023E-001  9.8358705929681067E-001  9.8492048906387653E-001  9.8625917314119671E-001
  9.8760215913568195E-001  9.8894850114088317E-001  9.9029726000703089E-001  9.9164750486736486E-001  9.9299831305709241E-001
  9.9434877366120222E-001  9.9569798895367323E-001  9.9704508406798531E-001  9.9838921106133061E-001  9.9986159153197174E-001
  1.0005393455083489E+000
BLOCK 42   1.2312965848609242E+001
  1.0025485418444646E+000  1.0039251841360868E+000  1.0052941680775029E+000  1.0066546928432167E+000  1.0080059431075703E+000
  1.0093471641627199E+000  1.0106776053560267E+000  1.0119965552648742E+000  1.0133033184156846E+000  1.0145972377010497E+000
  1.0158776511440823E+000  1.0171439210580666E+000  1.0183954340985384E+000  1.0196315952247301E+000  1.0208518289569495E+000
  1.0220555796279429E+000  1.0232423064441274E+000  1.0244114879217860E+000  1.0255626207264008E+000  1.0266952148055457E+000
  1.0278087957803230E+000  1.0289029049374057E+000  1.0299770998628548E+000  1.0310309527539647E+000  1.0320640500166813E+000
  1.0330759926796211E+000  1.0340663951987079E+000  1.0350348859086376E+000  1.0359811069995026E+000  1.0369047135980085E+000
  1.0378053737636832E+000  1.0386827690107565E+000  1.0395365932929792E+000  1.0403665522705590E+000  1.0411723643358211E+000
  1.0419537604352462E+000  1.0427104834750334E+000  1.0434422878242300E+000  1.0441489385880125E+000  1.0448302116604751E+000
  1.0454858937454861E+000  1.0461157817012947E+000  1.0467196822940052E+000  1.0472974121224090E+000  1.0478487970734383E+000
  1.0483736719234700E+000  1.0488718803488903E+000  1.0493432747752223E+000  1.0497877158517321E+000  1.0502050720270415E+000
  1.0505952191792907E+000  1.0509580404167123E+000  1.0512934260916222E+000  1.0516012734617748E+000  1.0518814862804386E+000
  1.0521339746350375E+000  1.0523586546944088E+000  1.0525554488366466E+000  1.0527242863736725E+000  1.0528651039111994E+000
  1.0529778450387961E+000  1.0530624601687513E+000  1.0531189072143616E+000  1.0531471516108606E+000  1.0531471516110122E+000
  1.0531189072148051E+000  1.0530624601694925E+000  1.0529778450398235E+000  1.0528651039125279E+000  1.0527242863752928E+000
  1.0525554488385584E+000  1.0523586546965935E+000  1.0521339746374960E+000  1.0518814862831591E+000  1.0516012734647620E+000
  1.0512934260948619E+000  1.0509580404201806E+000  1.0505952191829855E+000  1.0502050720309462E+000  1.0497877158558220E+000
  1.0493432747794897E+000  1.0488718803533152E+000  1.0483736719280328E+000  1.0478487970781236E+000  1.0472974121272003E+000
  1.0467196822988745E+000  1.0461157817062290E+000  1.0454858937504650E+000  1.0448302116654724E+000  1.0441489385930032E+000
  1.0434422878291891E+000  1.0427104834799343E+000  1.0419537604400551E+000  1.0411723643405120E+000  1.0403665522751075E+000
  1.0395365932973510E+000  1.0386827690149352E+000  1.0378053737676345E+000  1.0369047136017024E+000  1.0359811070029152E+000
  1.0350348859117648E+000  1.0340663952015201E+000  1.0330759926820992E+000  1.0320640500187976E+000  1.0310309527557004E+000
  1.0299770998642028E+000  1.0289029049383347E+000  1.0278087957808164E+000  1.0266952148056092E+000  1.0255626207260051E+000
  1.0244114879209325E+000  1.0232423064428093E+000  1.0220555796261594E+000  1.0208518289547091E+000  1.0196315952220236E+000
  1.0183954340953860E+000  1.0171439210544797E+000  1.0158776511400744E+000  1.0145972376966370E+000  1.0133033184108811E+000
  1.0119965552597183E+000  1.0106776053505693E+000  1.0093471641569134E+000  1.0080059431014905E+000  1.0066546928369104E+000
  1.0052941680710332E+000  1.0039251841294272E+000  1.0025485418376814E+000  1.0005900089014998E+000  9.9988387455854943E-001
  9.9838125743355011E-001  9.9698297274398517E-001  9.9558138409262320E-001  9.9417737708863796E-001  9.9277186984526988E-001
  9.9136580382940154E-001  9.8996013441650488E-001  9.8855582935822339E-001  9.8715386639597646E-001  9.8575523284778666E-001
  9.8436092258272390E-001  9.8297193546265382E-001  9.8158927640944971E-001  9.8021395317906457E-001  9.7884697466277726E-001
  9.7748934976919655E-001  9.7614208701167926E-001  9.7480619328379869E-001  9.7348267219736617E-001  9.7217252234937557E-001
  9.7087673670763464E-001  9.6959630089103355E-001  9.6833219240634694E-001  9.6708537930642358E-001  9.6585681974053994E-001
  9.6464746022563053E-001  9.6345823509939221E-001  9.6229006581048016E-001  9.6114386035514321E-001  9.6002051195600180E-001
  9.5892089799559566E-001  9.5784587958922862E-001  9.5679630091120760E-001  9.5577298874757821E-001  9.5477675210284163E-001
  9.5380838151595249E-001  9.5286864814170014E-001  9.5195830388690361E-001  9.5107808058803223E-001  9.5022868932499271E-001
  9.4941082038792546E-001  9.4862514184866342E-001  9.4787230021432112E-001  9.4715291972718174E-001  9.4646760106670580E-001
  9.4581692193146660E-001  9.4520143548697588E-001  9.4462166940589110E-001  9.4407812611296726E-001  9.4357128103211951E-001
  9.4310158149999979E-001  9.4266944656889551E-001  9.4227526626639524E-001  9.4191940217662562E-001  9.4160218649787775E-001
  9.4132391933936299E-001  9.4108486806607228E-001  9.4088526781744619E-001  9.4072532041339385E-001  9.4060519405481446E-001
  9.4052502310684138E-001  9.4048490709135901E-001  9.4048490709111854E-001  9.4052502310622832E-001  9.4060519405386778E-001
  9.4072532041190404E-001  9.4088526781565751E-001  9.4108486806394331E-001  9.4132391933669801E-001  9.4160218649485150E-001
  9.4191940217325221E-001  9.4227526626260882E-001  9.4266944656462470E-001  9.4310158149549950E-001  9.4357128102726384E-001
  9.4407812610765518E-001  9.4462166940020098E-001  9.4520143548112523E-001  9.4581692192526323E-001  9.4646760106006567E-001
  9.4715291972033588E-001  9.4787230020732993E-001  9.4862514184142666E-001  9.4941082038035696E-001  9.5022868931733262E-001
  9.5107808058037213E-001  9.5195830387913905E-001  9.5286864813374916E-001  9.5380838150797209E-001  9.5477675209508139E-001
  9.5577298874000360E-001  9.5679630090323864E-001  9.5784587958176293E-001  9.5892089798845581E-001  9.6002051194931703E-001
  9.6114386034892774E-001  9.6229006580483556E-001  9.6345823509441875E-001  9.6464746022128056E-001  9.6585681973687909E-001
  9.6708537930347960E-001  9.6833219240410273E-001  9.6959630088948656E-001  9.7087673670671248E-001  9.7217252234910156E-001
  9.7348267219764639E-001  9.7480619328461393E-001  9.7614208701295901E-001  9.7748934977099455E-001  9.7884697466493853E-001
  9.8021395318159255E-001  9.8158927641234661E-001  9.8297193546594330E-001  9.8436092258638952E-001  9.8575523285186983E-001
  9.8715386640046321E-001  9.8855582936315956E-001  9.8996013442191200E-001  9.9136580383523021E-001  9.9277186985146770E-001
  9.9417737709514065E-001  9.9558138409931340E-001  9.9698297275076664E-001  9.9838125744037653E-001  9.9988387456218653E-001
  1.0005900089049220E+000
BLOCK 43   1.2613282088819183E+001
  1.0027092209045190E+000  1.0041407653383327E+000  1.0055640742031677E+000  1.0069783076348746E+000  1.0083826172768335E+000
  1.0097762156378423E+000  1.0111583231438510E+000  1.0125282033350300E+000  1.0138851352997409E+000  1.0152284454410190E+000
  1.0165574452005537E+000  1.0178714822803314E+000  1.0191699258806066E+000  1.0204521684227663E+000  1.0217176214831978E+000
  1.0229657174698434E+000  1.0241959072028810E+000  1.0254076599212516E+000  1.0266004635534176E+000  1.0277738220227837E+000
  1.0289272574015327E+000  1.0300603080133379E+000  1.0311725271298933E+000  1.0322634849874495E+000  1.0333327670750538E+000
  1.0343799728159415E+000  1.0354047156453383E+000  1.0364066242410634E+000  1.0373853420741952E+000  1.0383405261617578E+000
  1.0392718470063751E+000  1.0401789881236609E+000  1.0410616457043345E+000  1.0419195287443936E+000  1.0427523586555889E+000
  1.0435598684710259E+000  1.0443418031135105E+000  1.0450979190677911E+000  1.0458279833905721E+000  1.0465317738190323E+000
  1.0472090788464206E+000  1.0478596972831742E+000  1.0484834376822776E+000  1.0490801175888860E+000  1.0496495633083434E+000
  1.0501916100127298E+000  1.0507061013679051E+000  1.0511928891203923E+000  1.0516518329158466E+000  1.0520827999459565E+000
  1.0524856644883742E+000  1.0528603078375434E+000  1.0532066184166631E+000  1.0535244917182798E+000  1.0538138301595423E+000
  1.0540745427088292E+000  1.0543065444213164E+000  1.0545097562759072E+000  1.0546841051768665E+000  1.0548295242115966E+000
  1.0549459531125431E+000  1.0550333385867954E+000  1.0550916352807567E+000  1.0551208064556352E+000  1.0551208064557980E+000
  1.0550916352812432E+000  1.0550333385876154E+000  1.0549459531136856E+000  1.0548295242130783E+000  1.0546841051786777E+000
  1.0545097562780461E+000  1.0543065444237689E+000  1.0540745427116023E+000  1.0538138301626103E+000  1.0535244917216375E+000
  1.0532066184203073E+000  1.0528603078414305E+000  1.0524856644925056E+000  1.0520827999503122E+000  1.0516518329204176E+000
  1.0511928891251572E+000  1.0507061013728420E+000  1.0501916100178237E+000  1.0496495633135809E+000  1.0490801175942361E+000
  1.0484834376877166E+000  1.0478596972886685E+000  1.0472090788519552E+000  1.0465317738245823E+000  1.0458279833961066E+000
  1.0450979190732828E+000  1.0443418031189335E+000  1.0435598684763434E+000  1.0427523586607650E+000  1.0419195287494136E+000
  1.0410616457091650E+000  1.0401789881282872E+000  1.0392718470107492E+000  1.0383405261658549E+000  1.0373853420779908E+000
  1.0364066242445209E+000  1.0354047156484312E+000  1.0343799728186560E+000  1.0333327670773624E+000  1.0322634849893240E+000
  1.0311725271313323E+000  1.0300603080143111E+000  1.0289272574020316E+000  1.0277738220227921E+000  1.0266004635529316E+000
  1.0254076599202606E+000  1.0241959072013798E+000  1.0229657174678268E+000  1.0217176214806756E+000  1.0204521684197496E+000
  1.0191699258771061E+000  1.0178714822763335E+000  1.0165574451960839E+000  1.0152284454361071E+000  1.0138851352943836E+000
  1.0125282033292935E+000  1.0111583231377710E+000  1.0097762156314656E+000  1.0083826172701855E+000  1.0069783076279493E+000
  1.0055640741959613E+000  1.0041407653309138E+000  1.0027092208968973E+000  1.0006438344799182E+000  9.9990769672228286E-001
  9.9837418061804506E-001  9.9691912455894527E-001  9.9546040099184085E-001  9.9399893710182086E-001  9.9253569676209608E-001
  9.9107166913935940E-001  9.8960785907611482E-001  9.8814528492571041E-001  9.8668497397905452E-001  9.8522796307775962E-001
  9.8377529650792983E-001  9.8232802512718731E-001  9.8088720461449908E-001  9.7945389364013546E-001  9.7802915237830790E-001
  9.7661404174886168E-001  9.7520962117687071E-001  9.7381694751294923E-001  9.7243707401285873E-001  9.7107104885225792E-001
  9.6971991341744868E-001  9.6838470138183097E-001  9.6706643803076087E-001  9.6576613946833278E-001  9.6448481067011060E-001
  9.6322344437797647E-001  9.6198302007692305E-001  9.6076450340688246E-001  9.5956884496343986E-001  9.5839697988654926E-001
  9.5724982698030803E-001  9.5612828796049576E-001  9.5503324649731469E-001  9.5396556820386680E-001  9.5292609979507470E-001
  9.5191566831091312E-001  9.5093508038646002E-001  9.4998512208210473E-001  9.4906655857981292E-001  9.4818013370010834E-001
  9.4732656995300091E-001  9.4650656746708828E-001  9.4572080382893653E-001  9.4496993341530355E-001  9.4425458625611169E-001
  9.4357536798919772E-001  9.4293285888746659E-001  9.4232761421087641E-001  9.4176016441306176E-001  9.4123101313979085E-001
  9.4074063616658699E-001  9.4028947990854861E-001  9.3987795976374522E-001  9.3950645973475932E-001  9.3917533081650328E-001
  9.3888489277272358E-001  9.3863542845116088E-001  9.3842717863773839E-001  9.3826034169468486E-001  9.3813507373750449E-001
  9.3805148984927378E-001  9.3800967110570177E-001  9.3800967110551015E-001  9.3805148984857556E-001  9.3813507373643401E-001
  9.3826034169315142E-001  9.3842717863568803E-001  9.3863542844866421E-001  9.3888489276986498E-001  9.3917533081315929E-001
  9.3950645973088265E-001  9.3987795975955646E-001  9.4028947990395073E-001  9.4074063616148174E-001  9.4123101313423796E-001
  9.4176016440721533E-001  9.4232761420463440E-001  9.4293285888078282E-001  9.4357536798216135E-001  9.4425458624885694E-001
  9.4496993340781243E-001  9.4572080382100454E-001  9.4650656745890549E-001  9.4732656994474107E-001  9.4818013369176257E-001
  9.4906655857120104E-001  9.4998512207332098E-001  9.5093508037775754E-001  9.5191566830229768E-001  9.5292609978646570E-001
  9.5396556819506195E-001  9.5503324648880317E-001  9.5612828795197990E-001  9.5724982697232763E-001  9.5839697987864891E-001
  9.5956884495607198E-001  9.6076450340015862E-001  9.6198302007081526E-001  9.6322344437255736E-001  9.6448481066547231E-001
  9.6576613946448508E-001  9.6706643802774028E-001  9.6838470137965438E-001  9.6971991341607944E-001  9.7107104885162221E-001
  9.7243707401303847E-001  9.7381694751377434E-001  9.7520962117844123E-001  9.7661404175100841E-001  9.7802915238104560E-001
  9.7945389364340973E-001  9.8088720461820456E-001  9.8232802513129447E-001  9.8377529651244455E-001  9.8522796308263205E-001
  9.8668497398427057E-001  9.8814528493122622E-001  9.8960785908195381E-001  9.9107166914554934E-001  9.9253569676861209E-001
  9.9399893710864473E-001  9.9546040099893029E-001  9.9691912456627207E-001  9.9837418062560701E-001  9.9990769672647073E-001
  1.0006438344837860E+000
BLOCK 44   1.2913598329029124E+001
  1.0028788532930673E+000  1.0043678341904236E+000  1.0058480408316188E+000  1.0073185084730558E+000  1.0087783428227948E+000
  1.0102267302633861E+000  1.0116628676294772E+000  1.0130859897196787E+000  1.0144953661676841E+000  1.0158902715316174E+000
  1.0172700095705938E+000  1.0186339079413635E+000  1.0199813234634219E+000  1.0213116317777335E+000  1.0226242326018997E+000
  1.0239185497050067E+000  1.0251940246488520E+000  1.0264501169010969E+000  1.0276863063942130E+000  1.0289020921542096E+000
  1.0300969914337206E+000  1.0312705392847528E+000  1.0324222871536024E+000  1.0335518038273335E+000  1.0346586737529513E+000
  1.0357424970548943E+000  1.0368028897797348E+000  1.0378394823771517E+000  1.0388519197642967E+000  1.0398398615176705E+000
  1.0408029809957717E+000  1.0417409642204207E+000  1.0426535103901242E+000  1.0435403321997145E+000  1.0444011549143788E+000
  1.0452357155783527E+000  1.0460437626449233E+000  1.0468250554855814E+000  1.0475793643199940E+000  1.0483064700964111E+000
  1.0490061637196031E+000  1.0496782458901510E+000  1.0503225269666556E+000  1.0509388261986725E+000  1.0515269713229454E+000
  1.0520867984154978E+000  1.0526181516242785E+000  1.0531208828628731E+000  1.0535948513922075E+000  1.0540399236630043E+000
  1.0544559733098302E+000  1.0548428807210026E+000  1.0552005324293434E+000  1.0555288209218083E+000  1.0558276446508919E+000
  1.0560969079526403E+000  1.0563365211835278E+000  1.0565464011379040E+000  1.0567264713481903E+000  1.0568766622319803E+000
  1.0569969112589979E+000  1.0570871635513821E+000  1.0571473730369925E+000  1.0571775026176793E+000  1.0571775026178758E+000
  1.0571473730375653E+000  1.0570871635523333E+000  1.0569969112603230E+000  1.0568766622336772E+000  1.0567264713502458E+000
  1.0565464011403107E+000  1.0563365211862739E+000  1.0560969079557301E+000  1.0558276446543178E+000  1.0555288209255469E+000
  1.0552005324333928E+000  1.0548428807253436E+000  1.0544559733144447E+000  1.0540399236678795E+000  1.0535948513973346E+000
  1.0531208828682137E+000  1.0526181516298014E+000  1.0520867984211886E+000  1.0515269713287820E+000  1.0509388262046293E+000
  1.0503225269727103E+000  1.0496782458962655E+000  1.0490061637257559E+000  1.0483064701025555E+000  1.0475793643261222E+000
  1.0468250554916605E+000  1.0460437626509198E+000  1.0452357155842278E+000  1.0444011549201149E+000  1.0435403322052734E+000
  1.0426535103954682E+000  1.0417409642255226E+000  1.0408029810005988E+000  1.0398398615221873E+000  1.0388519197684711E+000
  1.0378394823809565E+000  1.0368028897831449E+000  1.0357424970578710E+000  1.0346586737554748E+000  1.0335518038293738E+000
  1.0324222871551458E+000  1.0312705392857735E+000  1.0300969914342126E+000  1.0289020921541701E+000  1.0276863063936310E+000
  1.0264501168999478E+000  1.0251940246471405E+000  1.0239185497027259E+000  1.0226242325990378E+000  1.0213116317743201E+000
  1.0199813234594919E+000  1.0186339079369380E+000  1.0172700095656901E+000  1.0158902715262270E+000  1.0144953661618028E+000
  1.0130859897133151E+000  1.0116628676226533E+000  1.0102267302561527E+000  1.0087783428152219E+000  1.0073185084652239E+000
  1.0058480408236059E+000  1.0043678341822844E+000  1.0028788532848767E+000  1.0013819505584747E+000  9.9993320293166510E-001
  9.9836814750989999E-001  9.9685345090503974E-001  9.9533472767772546E-001  9.9381301504678177E-001  9.9228926060725220E-001
  9.9076446197542767E-001  9.8923967655528400E-001  9.8771598134202232E-001  9.8619446035380709E-001  9.8467620607435058E-001
  9.8316231772177476E-001  9.8165390057776625E-001  9.8015206516272091E-001  9.7865792508577154E-001  9.7717259435661485E-001
  9.7569718682484519E-001  9.7423281521831906E-001  9.7278058989614524E-001  9.7134161729496937E-001  9.6991699793560149E-001
  9.6850782521784495E-001  9.6711518449530676E-001  9.6574015144689751E-001  9.6438379093986148E-001  9.6304715615961889E-001
  9.6173128742631608E-001  9.6043721089929557E-001  9.5916593769809244E-001  9.5791846348844922E-001  9.5669576747988094E-001
  9.5549881133697545E-001  9.5432853791038286E-001  9.5318587111966657E-001  9.5207171522241396E-001  9.5098695463916116E-001
  9.4993245348581867E-001  9.4890905524574876E-001  9.4791758181124863E-001  9.4695883292757688E-001  9.4603358579560115E-001
  9.4514259492418917E-001  9.4428659191492614E-001  9.4346628586999126E-001  9.4268236354172941E-001  9.4193548871104882E-001
  9.4122630232489946E-001  9.4055542323413399E-001  9.3992345679196665E-001  9.3933103399579387E-001  9.3877894119162442E-001
  9.3826837993529244E-001  9.3780113098873585E-001  9.3737458811869101E-001  9.3697661249168795E-001  9.3662879796066778E-001
  9.3632560017667088E-001  9.3606624564194052E-001  9.3585067459428739E-001  9.3567828342379711E-001  9.3554936340740336E-001
  9.3546326435744265E-001  9.3542038882997292E-001  9.3542038882978851E-001  9.3546326435671345E-001  9.3554936340615102E-001
  9.3567828342212844E-001  9.3585067459214344E-001  9.3606624563928809E-001  9.3632560017349298E-001  9.3662879795704967E-001
  9.3697661248759778E-001  9.3737458811395735E-001  9.3780113098339468E-001  9.3826837992958201E-001  9.3877894118554028E-001
  9.3933103398920659E-001  9.3992345678489031E-001  9.4055542322673102E-001  9.4122630231721982E-001  9.4193548870294375E-001
  9.4268236353320589E-001  9.4346628586120185E-001  9.4428659190603326E-001  9.4514259491506247E-001  9.4603358578614005E-001
  9.4695883291793992E-001  9.4791758180164576E-001  9.4890905523617064E-001  9.4993245347609878E-001  9.5098695462934979E-001
  9.5207171521277068E-001  9.5318587111023390E-001  9.5432853790135741E-001  9.5549881132776826E-001  9.5669576747119733E-001
  9.5791846347970711E-001  9.5916593769035474E-001  9.6043721089212897E-001  9.6173128741977576E-001  9.6304715615396597E-001
  9.6438379093504645E-001  9.6574015144292802E-001  9.6711518449230283E-001  9.6850782521573664E-001  9.6991699793440245E-001
  9.7134161729468138E-001  9.7278058989676708E-001  9.7423281521979332E-001  9.7569718682711604E-001  9.7717259435961290E-001
  9.7865792508947558E-001  9.8015206516706432E-001  9.8165390058268098E-001  9.8316231772722606E-001  9.8467620608022277E-001
  9.8619446036003522E-001  9.8771598134859517E-001  9.8923967656213752E-001  9.9076446198250423E-001  9.9228926061455636E-001
  9.9381301505429875E-001  9.9533472768542253E-001  9.9685345091290678E-001  9.9836814751790015E-001  9.9993320293623356E-001
  1.0013819505666819E+000
BLOCK 45   1.3213914569239066E+001
  1.0030581336431397E+000  1.0046072899749967E+000  1.0061469359941118E+000  1.0076761381456258E+000  1.0091939775813961E+000
  1.0106996254174718E+000  1.0121922301349282E+000  1.0136710053363569E+000  1.0151352130210431E+000  1.0165840655188667E+000
  1.0180168111867138E+000  1.0194327647228911E+000  1.0208312775215926E+000  1.0222117201243965E+000  1.0235734793279239E+000
  1.0249159657893656E+000  1.0262386106982460E+000  1.0275408678025504E+000  1.0288222122438742E+000  1.0300821377706963E+000
  1.0313201583390255E+000  1.0325358079081934E+000  1.0337286366998300E+000  1.0348982117012493E+000  1.0360441175860260E+000
  1.0371659562775823E+000  1.0382633462378508E+000  1.0393359209252697E+000  1.0403833289906261E+000  1.0414052336233499E+000
  1.0424013118747963E+000  1.0433712546843110E+000  1.0443147662600247E+000  1.0452315632653932E+000  1.0461213748280156E+000
  1.0469839423503027E+000  1.0478190185004526E+000  1.0486263668574907E+000  1.0494057621519057E+000  1.0501569897127272E+000
  1.0508798444704577E+000  1.0515741304115707E+000  1.0522396601927371E+000  1.0528762552102739E+000  1.0534837456939650E+000
  1.0540619700681169E+000  1.0546107743635895E+000  1.0551300117924114E+000  1.0556195421160870E+000  1.0560792312055147E+000
  1.0565089508106640E+000  1.0569085784402181E+000  1.0572779972727839E+000  1.0576170959384268E+000  1.0579257684358137E+000
  1.0582039145202959E+000  1.0584514402079201E+000  1.0586682580460258E+000  1.0588542872240547E+000  1.0590094537991097E+000
  1.0591336910066955E+000  1.0592269399373133E+000  1.0592891506677533E+000  1.0593202835546109E+000  1.0593202835548303E+000
  1.0592891506684015E+000  1.0592269399383971E+000  1.0591336910082008E+000  1.0590094538010260E+000  1.0588542872263733E+000
  1.0586682580487410E+000  1.0584514402110121E+000  1.0582039145237643E+000  1.0579257684396466E+000  1.0576170959426159E+000
  1.0572779972773119E+000  1.0569085784450529E+000  1.0565089508158076E+000  1.0560792312109579E+000  1.0556195421217911E+000
  1.0551300117983589E+000  1.0546107743697468E+000  1.0540619700744576E+000  1.0534837457004682E+000  1.0528762552169058E+000
  1.0522396601994672E+000  1.0515741304183597E+000  1.0508798444772849E+000  1.0501569897195484E+000  1.0494057621587141E+000
  1.0486263668642326E+000  1.0478190185071010E+000  1.0469839423568210E+000  1.0461213748343619E+000  1.0452315632715368E+000
  1.0443147662659333E+000  1.0433712546899447E+000  1.0424013118801125E+000  1.0414052336283146E+000  1.0403833289952165E+000
  1.0393359209294379E+000  1.0382633462415740E+000  1.0371659562808335E+000  1.0360441175887816E+000  1.0348982117034815E+000
  1.0337286367015031E+000  1.0325358079092934E+000  1.0313201583395146E+000  1.0300821377705700E+000  1.0288222122431294E+000
  1.0275408678012172E+000  1.0262386106963255E+000  1.0249159657868512E+000  1.0235734793247981E+000  1.0222117201206462E+000
  1.0208312775172024E+000  1.0194327647178631E+000  1.0180168111810790E+000  1.0165840655126681E+000  1.0151352130143296E+000
  1.0136710053291766E+000  1.0121922301273314E+000  1.0106996254095473E+000  1.0091939775732568E+000  1.0076761381372537E+000
  1.0061469359855841E+000  1.0046072899663245E+000  1.0030581336343851E+000  1.0015003837201408E+000  9.9996039516305191E-001
  9.9836314869940013E-001  9.9678600079385782E-001  9.9520440504291152E-001  9.9361937430008418E-001  9.9203199822123256E-001
  9.9044334591870198E-001  9.8885456318717813E-001  9.8726675473060577E-001  9.8568104370723375E-001  9.8409860335348354E-001
  9.8252056165750656E-001  9.8094803771348771E-001  9.7938219972200680E-001  9.7782424107726407E-001  9.7627534683632033E-001
  9.7473669083586822E-001  9.7320944170219792E-001  9.7169476503464070E-001  9.7019382277979038E-001  9.6870777084272386E-001
  9.6723775677345247E-001  9.6578491888316320E-001  9.6435038543921725E-001  9.6293527351219044E-001  9.6154068749977506E-001
  9.6016771728281880E-001  9.5881743739811331E-001  9.5749090636270984E-001  9.5618916564126055E-001  9.5491323895097435E-001
  9.5366413197441025E-001  9.5244283121920637E-001  9.5125030332022065E-001  9.5008749416972182E-001  9.4895532909096847E-001
  9.4785471267561627E-001  9.4678652853225842E-001  9.4575163859064348E-001  9.4475088084335757E-001  9.4378506580363375E-001
  9.4285498433337711E-001  9.4196148440902339E-001  9.4110577419347630E-001  9.4029014242284004E-001  9.3951856994719796E-001
  9.3879409317907780E-001  9.3810804394077152E-001  9.3743097644823781E-001  9.3675319669435508E-001  9.3618061257700380E-001
  9.3563926086355353E-001  9.3515020675738669E-001  9.3470801444515905E-001  9.3431016996019756E-001  9.3395795025431905E-001
  9.3364972045434480E-001  9.3338577278291190E-001  9.3316567917043292E-001  9.3298943861157302E-001  9.3285748757713483E-001
  9.3276925252200593E-001  9.3272510547744014E-001  9.3272510547715404E-001  9.3276925252121856E-001  9.3285748757588460E-001
  9.3298943860976769E-001  9.3316567916807491E-001  9.3338577278004853E-001  9.3364972045096051E-001  9.3395795025041051E-001
  9.3431016995573657E-001  9.3470801444008000E-001  9.3515020675176963E-001  9.3563926085736537E-001  9.3618061257005758E-001
  9.3675319668674184E-001  9.3743097644065043E-001  9.3810804393251312E-001  9.3879409317023588E-001  9.3951856993796257E-001
  9.4029014241339370E-001  9.4110577418384245E-001  9.4196148439907090E-001  9.4285498432304560E-001  9.4378506579307808E-001
  9.4475088083278191E-001  9.4575163858002265E-001  9.4678652852148482E-001  9.4785471266466836E-001  9.4895532908007563E-001
  9.5008749415909743E-001  9.5125030330983307E-001  9.5244283120904583E-001  9.5366413196412991E-001  9.5491323894141455E-001
  9.5618916563169498E-001  9.5749090635399603E-001  9.5881743738991854E-001  9.6016771727498407E-001  9.6154068749307453E-001
  9.6293527350636776E-001  9.6435038543418139E-001  9.6578491887919848E-001  9.6723775677052726E-001  9.6870777084089577E-001
  9.7019382277911015E-001  9.7169476503477126E-001  9.7320944170350088E-001  9.7473669083798742E-001  9.7627534683958628E-001
  9.7782424108133892E-001  9.7938219972675933E-001  9.8094803771895567E-001  9.8252056166366353E-001  9.8409860336021826E-001
  9.8568104371444742E-001  9.8726675473826320E-001  9.8885456319520415E-001  9.9044334592700189E-001  9.9203199822976618E-001
  9.9361937430877711E-001  9.9520440505169905E-001  9.9678600080271007E-001  9.9836314870830045E-001  9.9996039516822455E-001
  1.0015003837290293E+000
BLOCK 46   1.3514230809449007E+001
  1.0032471304337860E+000  1.0048593763716889E+000  1.0064613925709680E+000  1.0080521704347949E+000  1.0096307809199221E+000
  1.0111963256986800E+000  1.0127479497076841E+000  1.0142848359391357E+000  1.0158061921773283E+000  1.0173112491226886E+000
  1.0187992633947798E+000  1.0202695419716976E+000  1.0217213950181530E+000  1.0231541621588232E+000  1.0245672171107942E+000
  1.0259599396048320E+000  1.0273317325990803E+000  1.0286820473556915E+000  1.0300103709375814E+000  1.0313162039008992E+000
  1.0325990582971420E+000  1.0338584632979397E+000  1.0350939676346425E+000  1.0363051406000405E+000  1.0374915697706872E+000
  1.0386528593664091E+000  1.0397886311744964E+000  1.0408985229115675E+000  1.0419821868906787E+000  1.0430392900970578E+000
  1.0440695146560188E+000  1.0450725574549888E+000  1.0460481287141628E+000  1.0469959513521749E+000  1.0479157605722320E+000
  1.0488073031392440E+000  1.0496703370688336E+000  1.0505046314080375E+000  1.0513099656455791E+000  1.0520861295026886E+000
  1.0528329228725000E+000  1.0535501550414264E+000  1.0542376438713514E+000  1.0548952156419724E+000  1.0555227046139495E+000
  1.0561199521636848E+000  1.0566868061159429E+000  1.0572231202469800E+000  1.0577287541516380E+000  1.0582035731945099E+000
  1.0586474481691686E+000  1.0590602551493040E+000  1.0594418754262156E+000  1.0597921952127058E+000  1.0601111053691881E+000
  1.0603985013791830E+000  1.0606542834651855E+000  1.0608783568450741E+000  1.0610706320014365E+000  1.0612310252887149E+000
  1.0613594598272431E+000  1.0614558671768763E+000  1.0615201889636530E+000  1.0615523809108516E+000  1.0615523809110905E+000
  1.0615201889643717E+000  1.0614558671780741E+000  1.0613594598289104E+000  1.0612310252908566E+000  1.0610706320040471E+000
  1.0608783568481239E+000  1.0606542834686774E+000  1.0603985013830961E+000  1.0601111053735044E+000  1.0597921952174045E+000
  1.0594418754312900E+000  1.0590602551547317E+000  1.0586474481749253E+000  1.0582035732005692E+000  1.0577287541579823E+000
  1.0572231202535862E+000  1.0566868061227817E+000  1.0561199521707276E+000  1.0555227046211808E+000  1.0548952156493407E+000
  1.0542376438788361E+000  1.0535501550489790E+000  1.0528329228800921E+000  1.0520861295102752E+000  1.0513099656531431E+000
  1.0505046314155171E+000  1.0496703370762059E+000  1.0488073031464538E+000  1.0479157605792486E+000  1.0469959513589593E+000
  1.0460481287206742E+000  1.0450725574611874E+000  1.0440695146618715E+000  1.0430392901025298E+000  1.0419821868957222E+000
  1.0408985229161543E+000  1.0397886311785720E+000  1.0386528593699278E+000  1.0374915697736358E+000  1.0363051406024149E+000
  1.0350939676364290E+000  1.0338584632991334E+000  1.0325990582977100E+000  1.0313162039008150E+000  1.0300103709368083E+000
  1.0286820473541987E+000  1.0273317325968516E+000  1.0259599396018633E+000  1.0245672171070970E+000  1.0231541621544000E+000
  1.0217213950130384E+000  1.0202695419659600E+000  1.0187992633884879E+000  1.0173112491158702E+000  1.0158061921700452E+000
  1.0142848359314554E+000  1.0127479496996272E+000  1.0111963256902965E+000  1.0096307809112166E+000  1.0080521704258076E+000
  1.0064613925617172E+000  1.0048593763622984E+000  1.0032471304240271E+000  1.0016256105718295E+000  9.9999586859971568E-001
  9.9835901650059711E-001  9.9671642532730909E-001  9.9506892684840320E-001  9.9341759675070418E-001  9.9176355796848370E-001
  9.9010797488007962E-001  9.8845200875380734E-001  9.8679686088781426E-001  9.8514371970695103E-001  9.8349380150064114E-001
  9.8184832500065866E-001  9.8020850007764770E-001  9.7857556813794100E-001  9.7695074692846562E-001  9.7533525055494619E-001
  9.7373032014122851E-001  9.7213717570278158E-001  9.7055701976664965E-001  9.6899107959616426E-001  9.6744059674296679E-001
  9.6590679217328834E-001  9.6439085902904120E-001  9.6289397341912675E-001  9.6141730142017068E-001  9.5996199853039377E-001
  9.5852920593392466E-001  9.5712004776333737E-001  9.5573563032548148E-001  9.5437704167675297E-001  9.5304535089369891E-001
  9.5174160484830050E-001  9.5046681660519194E-001  9.4922193417502687E-001  9.4800778245644413E-001  9.4682502213368414E-001
  9.4567431931807122E-001  9.4455709957614664E-001  9.4347699988327993E-001  9.4244056293509038E-001  9.4145337693119968E-001
  9.4051008804416936E-001  9.3958962682448133E-001  9.3867509188410847E-001  9.3778306493996011E-001  9.3694266914221958E-001
  9.3615961030758965E-001  9.3539917688570351E-001  9.3470871385504073E-001  9.3405060677103358E-001  9.3345344885093473E-001
  9.3289819755175230E-001  9.3239709248408653E-001  9.3194158562369434E-001  9.3153531479230334E-001  9.3117577136784402E-001
  9.3086221137076886E-001  9.3059457090455799E-001  9.3037195049425114E-001  9.3019385603569349E-001  9.3006024379625873E-001
  9.2997102264551090E-001  9.2992646497451625E-001  9.2992646497426679E-001  9.2997102264470421E-001  9.3006024379490426E-001
  9.3019385603379112E-001  9.3037195049179455E-001  9.3059457090149422E-001  9.3086221136714742E-001  9.3117577136346807E-001
  9.3153531478715268E-001  9.3194158561786677E-001  9.3239709247746161E-001  9.3289819754415826E-001  9.3345344884262660E-001
  9.3405060676200979E-001  9.3470871384564658E-001  9.3539917687567842E-001  9.3615961029772510E-001  9.3694266913206903E-001
  9.3778306493054042E-001  9.3867509187492137E-001  9.3958962681445735E-001  9.4051008803312675E-001  9.4145337691966158E-001
  9.4244056292342648E-001  9.4347699987147071E-001  9.4455709956415213E-001  9.4567431930599610E-001  9.4682502212177189E-001
  9.4800778244467976E-001  9.4922193416354661E-001  9.5046681659357435E-001  9.5174160483716719E-001  9.5304535088282072E-001
  9.5437704166649817E-001  9.5573563031584541E-001  9.5712004775365744E-001  9.5852920592504209E-001  9.5996199852284458E-001
  9.6141730141324822E-001  9.6289397341295579E-001  9.6439085902428401E-001  9.6590679216956266E-001  9.6744059674024063E-001
  9.6899107959464736E-001  9.7055701976636899E-001  9.7213717570353952E-001  9.7373032014314209E-001  9.7533525055798165E-001
  9.7695074693252559E-001  9.7857556814296343E-001  9.8020850008355853E-001  9.8184832500745800E-001  9.8349380150814303E-001
  9.8514371971513726E-001  9.8679686089657814E-001  9.8845200876295791E-001  9.9010797488956359E-001  9.9176355797827576E-001
  9.9341759676073094E-001  9.9506892685856774E-001  9.9671642533751870E-001  9.9835901651080561E-001  9.9999586861463807E-001
  1.0016256105818058E+000
BLOCK 47   1.3814547049658948E+001
  1.0034463025345606E+000  1.0051246474365894E+000  1.0067919814093977E+000  1.0084472530829538E+000  1.0100894848279516E+000
  1.0117177401378692E+000  1.0133311224777748E+000  1.0149287982886730E+000  1.0165099295989366E+000  1.0180737301487173E+000
  1.0196194403004954E+000  1.0211463378828107E+000  1.0226537298435867E+000  1.0241409471126472E+000  1.0256073567046653E+000
  1.0270523417504280E+000  1.0284753137448182E+000  1.0298757130168155E+000  1.0312529927099785E+000  1.0326066318864631E+000
  1.0339361366807451E+000  1.0352410286197808E+000  1.0365208546105715E+000  1.0377751982077246E+000  1.0390036665441094E+000
  1.0402058749787224E+000  1.0413814471286089E+000  1.0425300209653232E+000  1.0436512530114852E+000  1.0447448175371716E+000
  1.0458104036350206E+000  1.0468477143681123E+000  1.0478564663053844E+000  1.0488363886455616E+000  1.0497872226878218E+000
  1.0507087221549587E+000  1.0516006531965190E+000  1.0524627932904116E+000  1.0532949302438914E+000  1.0540968617036925E+000
  1.0548683946125408E+000  1.0556093448597643E+000  1.0563195370761542E+000  1.0569988041197216E+000  1.0576469867405156E+000
  1.0582639338249935E+000  1.0588495026214426E+000  1.0594035591576378E+000  1.0599259797954685E+000  1.0604166546565836E+000
  1.0608754952999455E+000  1.0613024420507322E+000  1.0616973321723053E+000  1.0620600362892818E+000  1.0623931074012425E+000
  1.0626949480850960E+000  1.0629559070961965E+000  1.0631837140702611E+000  1.0633789297186362E+000  1.0635414028204262E+000
  1.0636712286870957E+000  1.0637684955403459E+000  1.0638331520729938E+000  1.0638654831482239E+000  1.0638654831485230E+000
  1.0638331520738782E+000  1.0637684955417901E+000  1.0636712286890830E+000  1.0635414028229566E+000  1.0633789297216791E+000
  1.0631837140737805E+000  1.0629559071001693E+000  1.0626949480894208E+000  1.0623931074060242E+000  1.0620600362945392E+000
  1.0616973321779712E+000  1.0613024420567805E+000  1.0608754953063666E+000  1.0604166546633464E+000  1.0599259798025362E+000
  1.0594035591649840E+000  1.0588495026290536E+000  1.0582639338328219E+000  1.0576469867485379E+000  1.0569988041279090E+000
  1.0563195370844676E+000  1.0556093448681578E+000  1.0548683946209645E+000  1.0540968617121220E+000  1.0532949302522840E+000
  1.0524627932986983E+000  1.0516006532046756E+000  1.0507087221629399E+000  1.0497872226955918E+000  1.0488363886530683E+000
  1.0478564663125840E+000  1.0468477143749395E+000  1.0458104036414257E+000  1.0447448175431269E+000  1.0436512530169664E+000
  1.0425300209703141E+000  1.0413814471330827E+000  1.0402058749826391E+000  1.0390036665474309E+000  1.0377751982104009E+000
  1.0365208546125606E+000  1.0352410286210365E+000  1.0339361366812396E+000  1.0326066318861460E+000  1.0312529927088514E+000
  1.0298757130148839E+000  1.0284753137421023E+000  1.0270523417469450E+000  1.0256073567004551E+000  1.0241409471077580E+000
  1.0226537298380549E+000  1.0211463378766752E+000  1.0196194402937924E+000  1.0180737301414822E+000  1.0165099295912188E+000
  1.0149287982804656E+000  1.0133311224690693E+000  1.0117177401287090E+000  1.0100894848183575E+000  1.0084472530729258E+000
  1.0067919813989945E+000  1.0051246474258033E+000  1.0034463025235056E+000  1.0017579634229195E+000  1.0000395042672401E+000
  9.9835577816622112E-001  9.9664456769007859E-001  9.9492796583325793E-001  9.9320709327022982E-001  9.9148314930504289E-001
  9.8975734682379191E-001  9.8803092954114302E-001  9.8630514547668324E-001  9.8458126755663078E-001  9.8286056770500341E-001
  9.8114433500363540E-001  9.7943385919368930E-001  9.7773043302154838E-001  9.7603535809925690E-001  9.7434992263378484E-001
  9.7267542659911932E-001  9.7101315728975612E-001  9.6936439250481765E-001  9.6773041826316386E-001  9.6611249760352624E-001
  9.6451188303416158E-001  9.6292983618973804E-001  9.6136760394279597E-001  9.5982642449128475E-001  9.5830755597276451E-001
  9.5681224267249676E-001  9.5534158958176696E-001  9.5389635790397531E-001  9.5247678665525926E-001  9.5108283004471639E-001
  9.4971540886522310E-001  9.4837860134025154E-001  9.4708061307622204E-001  9.4582969680255757E-001  9.4462481151190103E-001
  9.4345092133082109E-001  9.4229154315641939E-001  9.4114895495486495E-001  9.4003973668125718E-001  9.3896598197886261E-001
  9.3791582070566604E-001  9.3689632253331490E-001  9.3595034255998422E-001  9.3504373511910577E-001  9.3419340504385762E-001
  9.3339297852609349E-001  9.3263424294974018E-001  9.3192785602979455E-001  9.3126304478124933E-001  9.3064795922391264E-001
  9.3007645770116287E-001  9.2955697132186454E-001  9.2908299550864282E-001  9.2866127113647456E-001  9.2828813627407292E-001
  9.2796479807482335E-001  9.2769046770968189E-001  9.2746363898286188E-001  9.2728390067147304E-001  9.2715006657107091E-001
  9.2706125371259196E-001  9.2701700889860428E-001  9.2701700889837935E-001  9.2706125371179626E-001  9.2715006656965526E-001
  9.2728390066934363E-001  9.2746363898009210E-001  9.2769046770603436E-001  9.2796479807024412E-001  9.2828813626852158E-001
  9.2866127113004515E-001  9.2908299550130047E-001  9.2955697131362203E-001  9.3007645769221803E-001  9.3064795921461907E-001
  9.3126304477163080E-001  9.3192785601993755E-001  9.3263424293962638E-001  9.3339297851567837E-001  9.3419340503317372E-001
  9.3504373510805805E-001  9.3595034254835030E-001  9.3689632252132360E-001  9.3791582069425616E-001  9.3896598196698677E-001
  9.4003973666905605E-001  9.4114895494278517E-001  9.4229154314414953E-001  9.4345092131804742E-001  9.4462481149866517E-001
  9.4582969678920770E-001  9.4708061306311075E-001  9.4837860132720353E-001  9.4971540885291938E-001  9.5108283003256655E-001
  9.5247678664404933E-001  9.5389635789315219E-001  9.5534158957121096E-001  9.5681224266284848E-001  9.5830755596376138E-001
  9.5982642448301203E-001  9.6136760393580600E-001  9.6292983618402539E-001  9.6451188302937374E-001  9.6611249759987927E-001
  9.6773041826103678E-001  9.6936439250392670E-001  9.7101315728993542E-001  9.7267542660090733E-001  9.7434992263666709E-001
  9.7603535810320274E-001  9.7773043302663876E-001  9.7943385919991144E-001  9.8114433501084508E-001  9.8286056771310559E-001
  9.8458126756556441E-001  9.8630514548636805E-001  9.8803092955139993E-001  9.8975734683458794E-001  9.9148314931620929E-001
  9.9320709328169376E-001  9.9492796584484955E-001  9.9664456770177268E-001  9.9835577817791199E-001  1.0000395042762806E+000
  1.0017579634342437E+000
BLOCK 48   1.4114863289868889E+001
  1.0036561262486456E+000  1.0054037299705170E+000  1.0071394861365817E+000  1.0088622879131879E+000  1.0105711160014745E+000
  1.0122649870455362E+000  1.0139429739045513E+000  1.0156042075169214E+000  1.0172478219413348E+000  1.0188730005775857E+000
  1.0204789666698022E+000  1.0220649760288667E+000  1.0236303204125474E+000  1.0251743205630743E+000  1.0266963288824409E+000
  1.0281957264502664E+000  1.0296719196433721E+000  1.0311243450056224E+000  1.0325524591222193E+000  1.0339557457398239E+000
  1.0353337115802252E+000  1.0366858814378634E+000  1.0380118059515484E+000  1.0393110557630920E+000  1.0405832181606351E+000
  1.0418279048016368E+000  1.0430447482165208E+000  1.0442333973345674E+000  1.0453935247283941E+000  1.0465248263801881E+000
  1.0476270094297326E+000  1.0486997853546431E+000  1.0497428738106696E+000  1.0507560094900672E+000  1.0517389441429841E+000
  1.0526914441195654E+000  1.0536132880928903E+000  1.0545042663999795E+000  1.0553641808673735E+000  1.0561928447819962E+000
  1.0569900838950894E+000  1.0577557385559095E+000  1.0584896677660571E+000  1.0591917595441540E+000  1.0598619487655101E+000
  1.0605002147632592E+000  1.0611065165961571E+000  1.0616809651973356E+000  1.0622253481024542E+000  1.0627346722218622E+000
  1.0632032728066330E+000  1.0636414169899833E+000  1.0640462918304952E+000  1.0644179230893485E+000  1.0647562227888168E+000
  1.0650609037339105E+000  1.0653320947310141E+000  1.0655695123627396E+000  1.0657731873827243E+000  1.0659430947636870E+000
  1.0660791232210203E+000  1.0661812611972705E+000  1.0662493803112529E+000  1.0662834563326942E+000  1.0662834563330224E+000
  1.0662493803122359E+000  1.0661812611989046E+000  1.0660791232232889E+000  1.0659430947665782E+000  1.0657731873862173E+000
  1.0655695123667941E+000  1.0653320947356200E+000  1.0650609037390200E+000  1.0647562227944185E+000  1.0644179230954025E+000
  1.0640462918369753E+000  1.0636414169968473E+000  1.0632032728138612E+000  1.0627346722293953E+000  1.0622253481103088E+000
  1.0616809652054673E+000  1.0611065166045723E+000  1.0605002147719491E+000  1.0598619487744085E+000  1.0591917595532281E+000
  1.0584896677752504E+000  1.0577557385651943E+000  1.0569900839044228E+000  1.0561928447913365E+000  1.0553641808766741E+000
  1.0545042664091802E+000  1.0536132881019262E+000  1.0526914441283619E+000  1.0517389441515297E+000  1.0507560094983082E+000
  1.0497428738185663E+000  1.0486997853621638E+000  1.0476270094368392E+000  1.0465248263868305E+000  1.0453935247345310E+000
  1.0442333973401461E+000  1.0430447482214715E+000  1.0418279048059003E+000  1.0405832181641514E+000  1.0393110557658247E+000
  1.0380118059534751E+000  1.0366858814389521E+000  1.0353337115804737E+000  1.0339557457392321E+000  1.0325524591208128E+000
  1.0311243450034144E+000  1.0296719196403843E+000  1.0281957264465476E+000  1.0266963288780182E+000  1.0251743205579524E+000
  1.0236303204067301E+000  1.0220649760223832E+000  1.0204789666626473E+000  1.0188730005697606E+000  1.0172478219328618E+000
  1.0156042075078224E+000  1.0139429738948698E+000  1.0122649870352842E+000  1.0105711159906545E+000  1.0088622879018729E+000
  1.0071394861247587E+000  1.0054037299582135E+000  1.0036561262359838E+000  1.0018977479597215E+000  1.0000744837677853E+000
  9.9835339505503529E-001  9.9657022148720198E-001  9.9478113367867038E-001  9.9298731616413294E-001  9.9119002716069926E-001
  9.8939055500473538E-001  9.8759020734722580E-001  9.8579031186898258E-001  9.8399220491541950E-001  9.8219723963363126E-001
  9.8040677277415456E-001  9.7862216980579408E-001  9.7684479449730133E-001  9.7507601104794850E-001  9.7331718060322481E-001
  9.7156965848973609E-001  9.6983481900555313E-001  9.6811407770948965E-001  9.6640894360404306E-001  9.6472098441458043E-001
  9.6305161701212816E-001  9.6140166131233462E-001  9.5977085639877913E-001  9.5815811541778173E-001  9.5656329712966204E-001
  9.5499009797535994E-001  9.5344736701867772E-001  9.5194519486060880E-001  9.5048648919157619E-001  9.4906259356720069E-001
  9.4766135069697888E-001  9.4628042442711413E-001  9.4492651720116205E-001  9.4359985794589063E-001  9.4229159644176874E-001
  9.4100253184070681E-001  9.3974631173642742E-001  9.3852719707959797E-001  9.3734377851751549E-001  9.3620978819042278E-001
  9.3513808828283174E-001  9.3412143183440399E-001  9.3314583542491902E-001  9.3222434277367616E-001  9.3135277753012424E-001
  9.3052448825601686E-001  9.2975084091426619E-001  9.2902524287387245E-001  9.2834857248820801E-001  9.2772502941902746E-001
  9.2714727069533176E-001  9.2661925600204953E-001  9.2613649434475409E-001  9.2570334097863105E-001  9.2531595374670172E-001
  9.2497822370086358E-001  9.2468951380810216E-001  9.2444973330763536E-001  9.2425961953312430E-001  9.2411782987339808E-001
  9.2402388513520139E-001  9.2397709855406984E-001  9.2397709855363519E-001  9.2402388513385125E-001  9.2411782987118696E-001
  9.2425961952995206E-001  9.2444973330346902E-001  9.2468951380291442E-001  9.2497822369479021E-001  9.2531595373987585E-001
  9.2570334097120588E-001  9.2613649433675282E-001  9.2661925599358164E-001  9.2714727068635794E-001  9.2772502940953983E-001
  9.2834857247813107E-001  9.2902524286301058E-001  9.2975084090272675E-001  9.3052448824388034E-001  9.3135277751781254E-001
  9.3222434276110944E-001  9.3314583541205176E-001  9.3412143182146468E-001  9.3513808826969713E-001  9.3620978817696177E-001
  9.3734377850443129E-001  9.3852719706608145E-001  9.3974631172255430E-001  9.4100253182726179E-001  9.4229159642836835E-001
  9.4359985793231937E-001  9.4492651718740728E-001  9.4628042441346794E-001  9.4766135068370894E-001  9.4906259355370459E-001
  9.5048648917856537E-001  9.5194519484805662E-001  9.5344736700663513E-001  9.5499009796450463E-001  9.5656329711944243E-001
  9.5815811540882045E-001  9.5977085639068116E-001  9.6140166130527871E-001  9.6305161700645869E-001  9.6472098441032950E-001
  9.6640894360110674E-001  9.6811407770767544E-001  9.6983481900527457E-001  9.7156965849098276E-001  9.7331718060580741E-001
  9.7507601105167785E-001  9.7684479450250683E-001  9.7862216981233341E-001  9.8040677278169930E-001  9.8219723964227001E-001
  9.8399220492511674E-001  9.8579031187948474E-001  9.8759020735844127E-001  9.8939055501659667E-001  9.9119002717313343E-001
  9.9298731617695590E-001  9.9478113369176135E-001  9.9657022150044161E-001  9.9835339506828724E-001  1.0000744837771363E+000
  1.0018977479727225E+000
BLOCK 49   1.4415179530078831E+001
  1.0038770657243528E+000  1.0056972490751910E+000  1.0075046817967368E+000  1.0092982036501863E+000  1.0110767442268493E+000
  1.0128392815633118E+000  1.0145848594462219E+000  1.0163125503219457E+000  1.0180214646218255E+000  1.0197107655655313E+000
  1.0213796500469197E+000  1.0230273571379238E+000  1.0246531638311878E+000  1.0262563795410391E+000  1.0278363430936932E+000
  1.0293924277154460E+000  1.0309240353400693E+000  1.0324305984972282E+000  1.0339115757623702E+000  1.0353664519442762E+000
  1.0367947372991604E+000  1.0381959636489180E+000  1.0395696873031759E+000  1.0409154844286883E+000  1.0422329513383255E+000
  1.0435217061940314E+000  1.0447813839819984E+000  1.0460116392148109E+000  1.0472121469012741E+000  1.0483825979212382E+000
  1.0495227017999709E+000  1.0506321883833625E+000  1.0517108030245068E+000  1.0527583071047770E+000  1.0537744800404256E+000
  1.0547591139437571E+000  1.0557120095457133E+000  1.0566329885509114E+000  1.0575219303007182E+000  1.0583788336081588E+000
  1.0592038924632687E+000  1.0599974357456041E+000  1.0607589810976104E+000  1.0614845813315827E+000  1.0621684791783379E+000
  1.0628180881787337E+000  1.0634389966507096E+000  1.0640273650174745E+000  1.0645828074715769E+000  1.0651068277920765E+000
  1.0655966060899185E+000  1.0660535549237116E+000  1.0664760883332096E+000  1.0668645976497597E+000  1.0672185129522469E+000
  1.0675375811713337E+000  1.0678217476843486E+000  1.0680706673037599E+000  1.0682843585727977E+000  1.0684626452480805E+000
  1.0686053353468505E+000  1.0687124804423449E+000  1.0687839938522918E+000  1.0688197729516764E+000  1.0688197729520419E+000
  1.0687839938533856E+000  1.0687124804441621E+000  1.0686053353493883E+000  1.0684626452513162E+000  1.0682843585767314E+000
  1.0680706673083615E+000  1.0678217476895928E+000  1.0675375811771914E+000  1.0672185129586840E+000  1.0668645976567328E+000
  1.0664760883406659E+000  1.0660535549315950E+000  1.0655966060981865E+000  1.0651068278006695E+000  1.0645828074804551E+000
  1.0640273650265879E+000  1.0634389966600275E+000  1.0628180881882754E+000  1.0621684791880577E+000  1.0614845813416152E+000
  1.0607589811077842E+000  1.0599974357558588E+000  1.0592038924735763E+000  1.0583788336184439E+000  1.0575219303109438E+000
  1.0566329885610020E+000  1.0557120095556543E+000  1.0547591139534991E+000  1.0537744800499222E+000  1.0527583071139812E+000
  1.0517108030333477E+000  1.0506321883917731E+000  1.0495227018078779E+000  1.0483825979285650E+000  1.0472121469079521E+000
  1.0460116392207839E+000  1.0447813839872024E+000  1.0435217061984401E+000  1.0422329513419035E+000  1.0409154844314272E+000
  1.0395696873050664E+000  1.0381959636499680E+000  1.0367947372993807E+000  1.0353664519436749E+000  1.0339115757609521E+000
  1.0324305984950068E+000  1.0309240353370408E+000  1.0293924277115953E+000  1.0278363430890149E+000  1.0262563795355542E+000
  1.0246531638249046E+000  1.0230273571308510E+000  1.0213796500390553E+000  1.0197107655568918E+000  1.0180214646123884E+000
  1.0163125503117176E+000  1.0145848594352542E+000  1.0128392815516134E+000  1.0110767442144721E+000  1.0092982036371905E+000
  1.0075046817831872E+000  1.0056972490611531E+000  1.0038770657099116E+000  1.0020452668962201E+000  1.0001115134916512E+000
  9.9835181828067165E-001  9.9649314643692177E-001  9.9462800371767612E-001  9.9275763651783022E-001  9.9088338199920334E-001
  9.8900660298515430E-001  9.8712868556335098E-001  9.8525101774403334E-001  9.8337498031451975E-001  9.8150194045907357E-001
  9.7963329789436682E-001  9.7777058840439113E-001  9.7591562753841588E-001  9.7407051439873371E-001  9.7223726598563764E-001
  9.7041697734078192E-001  9.6860897319089556E-001  9.6681105488359831E-001  9.6502176183455979E-001  9.6324381742669529E-001
  9.6148553469477149E-001  9.5975717055592125E-001  9.5806389061024133E-001  9.5640253214307835E-001  9.5476707095481428E-001
  9.5315649901816413E-001  9.5157363762426495E-001  9.5001638750822825E-001  9.4847694002447325E-001  9.4695241658286489E-001
  9.4544819094079946E-001  9.4396700464069505E-001  9.4250626715735708E-001  9.4106975123229109E-001  9.3966731971280848E-001
  9.3830467072538815E-001  9.3698135748104461E-001  9.3572707797253796E-001  9.3452199422965321E-001  9.3337404060551421E-001
  9.3227909222010175E-001  9.3122964486377247E-001  9.3023339724753040E-001  9.2929191456341853E-001  9.2839662265273626E-001
  9.2755476191459252E-001  9.2676628477918077E-001  9.2602299985299585E-001  9.2533268600190699E-001  9.2469235497089164E-001
  9.2409939264860341E-001  9.2356006328906282E-001  9.2306823958791151E-001  9.2262713640410854E-001  9.2223365635380439E-001
  9.2188833020310834E-001  9.2158871752985438E-001  9.2133594302941690E-001  9.2113121270247245E-001  9.2097482026122579E-001
  9.2086949998316836E-001  9.2081633094076254E-001  9.2081633093996518E-001  9.2086949998085521E-001  9.2097482025771882E-001
  9.2113121269792120E-001  9.2133594302398347E-001  9.2158871752372484E-001  9.2188833019642780E-001  9.2223365634658339E-001
  9.2262713639626259E-001  9.2306823957923345E-001  9.2356006327962137E-001  9.2409939263842211E-001  9.2469235496010760E-001
  9.2533268599056306E-001  9.2602299984104453E-001  9.2676628476683542E-001  9.2755476190172559E-001  9.2839662263937284E-001
  9.2929191454954663E-001  9.3023339723311027E-001  9.3122964484900494E-001  9.3227909220533722E-001  9.3337404059069828E-001
  9.3452199421468496E-001  9.3572707795741172E-001  9.3698135746594058E-001  9.3830467071057655E-001  9.3966731969781137E-001
  9.4106975121773839E-001  9.4250626714288499E-001  9.4396700462603045E-001  9.4544819092636823E-001  9.4695241656879581E-001
  9.4847694001103844E-001  9.5001638749515149E-001  9.5157363761125657E-001  9.5315649900602006E-001  9.5476707094338131E-001
  9.5640253213237314E-001  9.5806389060042274E-001  9.5975717054756404E-001  9.6148553468773701E-001  9.6324381742121590E-001
  9.6502176183083233E-001  9.6681105488152363E-001  9.6860897319016559E-001  9.7041697734135746E-001  9.7223726598775362E-001
  9.7407051440251802E-001  9.7591562754364647E-001  9.7777058841088726E-001  9.7963329790214537E-001  9.8150194046824146E-001
  9.8337498032488024E-001  9.8525101775526869E-001  9.8712868557547784E-001  9.8900660299821130E-001  9.9088338201286608E-001
  9.9275763653194971E-001  9.9462800373224813E-001  9.9649314645174158E-001  9.9835181829559394E-001  1.0001115135013723E+000
  1.0020452669109423E+000
BLOCK 50   1.4715495770288772E+001
  1.0041095442062227E+000  1.0060058199900717E+000  1.0078883720390028E+000  1.0097559769973719E+000  1.0116075167307346E+000
  1.0134419195744857E+000  1.0152581989744316E+000  1.0170553813864254E+000  1.0188325530484972E+000  1.0205888464312154E+000
  1.0223234396203555E+000  1.0240355508337287E+000  1.0257244394168403E+000  1.0273894010484623E+000  1.0290297677410301E+000
  1.0306449068036392E+000  1.0322342159874094E+000  1.0337971252023699E+000  1.0353330950988520E+000  1.0368416118408583E+000
  1.0383221878576052E+000  1.0397743607972361E+000  1.0411976941464667E+000  1.0425917742675601E+000  1.0439562093733685E+000
  1.0452906295511830E+000  1.0465946840744034E+000  1.0478680427025986E+000  1.0491103926088887E+000  1.0503214347159724E+000
  1.0515008816534324E+000  1.0526484558374383E+000  1.0537639143206321E+000  1.0548471407387972E+000  1.0558983354906124E+000
  1.0569181873162479E+000  1.0579074325059425E+000  1.0588649790385580E+000  1.0597857516491833E+000  1.0606631340823567E+000
  1.0614968749568257E+000  1.0622958883585765E+000  1.0630725296508501E+000  1.0638107276231770E+000  1.0645213531439637E+000
  1.0651995030185228E+000  1.0658448851879483E+000  1.0664586625741568E+000  1.0670378419574207E+000  1.0675844696141965E+000
  1.0680960293600614E+000  1.0685735912765502E+000  1.0690159530206300E+000  1.0694229315303507E+000  1.0697941916392053E+000
  1.0701291538162847E+000  1.0704277651313778E+000  1.0706895373788852E+000  1.0709143363818348E+000  1.0711019397451211E+000
  1.0712521409687275E+000  1.0713649264289340E+000  1.0714401682386125E+000  1.0714777973038896E+000  1.0714777973043175E+000
  1.0714401682398811E+000  1.0713649264310212E+000  1.0712521409716449E+000  1.0711019397488333E+000  1.0709143363863343E+000
  1.0706895373841336E+000  1.0704277651373442E+000  1.0701291538229292E+000  1.0697941916464717E+000  1.0694229315381996E+000
  1.0690159530290038E+000  1.0685735912854151E+000  1.0680960293693718E+000  1.0675844696239167E+000  1.0670378419675117E+000
  1.0664586625845491E+000  1.0658448851985669E+000  1.0651995030293415E+000  1.0645213531548483E+000  1.0638107276341946E+000
  1.0630725296618171E+000  1.0622958883697302E+000  1.0614968749680120E+000  1.0606631340935886E+000  1.0597857516604747E+000
  1.0588649790498039E+000  1.0579074325170481E+000  1.0569181873271316E+000  1.0558983355011868E+000  1.0548471407489843E+000
  1.0537639143303359E+000  1.0526484558465790E+000  1.0515008816619444E+000  1.0503214347237981E+000  1.0491103926159715E+000
  1.0478680427089091E+000  1.0465946840799023E+000  1.0452906295558693E+000  1.0439562093772179E+000  1.0425917742705701E+000
  1.0411976941486287E+000  1.0397743607985259E+000  1.0383221878580082E+000  1.0368416118403727E+000  1.0353330950974786E+000
  1.0337971252001017E+000  1.0322342159842508E+000  1.0306449067995636E+000  1.0290297677360152E+000  1.0273894010424902E+000
  1.0257244394099112E+000  1.0240355508258259E+000  1.0223234396114851E+000  1.0205888464213821E+000  1.0188325530377087E+000
  1.0170553813747154E+000  1.0152581989618594E+000  1.0134419195611175E+000  1.0116075167166156E+000  1.0097559769825648E+000
  1.0078883720236127E+000  1.0060058199742032E+000  1.0041095441899457E+000  1.0022007624140454E+000  1.0001506572033931E+000
  9.9835103609788634E-001  9.9641325742345488E-001  9.9446834115081806E-001  9.9251740623244222E-001  9.9056165160373655E-001
  9.8860254754299548E-001  9.8664216829984408E-001  9.8468327272470524E-001  9.8272871288091346E-001  9.8078010870572363E-001
  9.7883659932421452E-001  9.7689515732525056E-001  9.7495325947213463E-001  9.7301245878804710E-001  9.7107950556075084E-001
  9.6916303445897034E-001  9.6726839607270632E-001  9.6539616870305478E-001  9.6354605738313004E-001  9.6172052750626580E-001
  9.5992231834952757E-001  9.5814943338677905E-001  9.5639629737671716E-001  9.5466015334217613E-001  9.5294212004716561E-001
  9.5124132280217422E-001  9.4955387917982936E-001  9.4787944086891451E-001  9.4622235539392652E-001  9.4458546320955350E-001
  9.4297016805728495E-001  9.4138193611548171E-001  9.3982915917205456E-001  9.3831858144270475E-001  9.3685010998128881E-001
  9.3545846121288190E-001  9.3411617076492592E-001  9.3283086555096784E-001  9.3160372114056111E-001  9.3042546697221562E-001
  9.2929831172546273E-001  9.2822925879547458E-001  9.2721189246629820E-001  9.2624476149773749E-001  9.2533314184990034E-001
  9.2447478515791159E-001  9.2366501365009368E-001  9.2290829929145446E-001  9.2220516906897210E-001  9.2155013767910032E-001
  9.2094600990155140E-001  9.2039325308811748E-001  9.1988547263142817E-001  9.1942810403637132E-001  9.1901817006249120E-001
  9.1865776219059458E-001  9.1834836147662680E-001  9.1809071640556650E-001  9.1788511662666050E-001  9.1773150561869843E-001
  9.1763015257044933E-001  9.1757909737982546E-001  9.1757909737931309E-001  9.1763015256885405E-001  9.1773150561595307E-001
  9.1788511662269634E-001  9.1809071640024686E-001  9.1834836146997068E-001  9.1865776218277750E-001  9.1901817005371500E-001
  9.1942810402686104E-001  9.1988547262124931E-001  9.2039325307743280E-001  9.2094600989031306E-001  9.2155013766729643E-001
  9.2220516905654937E-001  9.2290829927827756E-001  9.2366501363632081E-001  9.2447478514373682E-001  9.2533314183529536E-001
  9.2624476148260826E-001  9.2721189245064350E-001  9.2822925877934681E-001  9.2929831170902544E-001  9.3042546695570738E-001
  9.3160372112403500E-001  9.3283086553427030E-001  9.3411617074804032E-001  9.3545846119613818E-001  9.3685010996467533E-001
  9.3831858142662294E-001  9.3982915915602550E-001  9.4138193609954202E-001  9.4297016804185840E-001  9.4458546319434467E-001
  9.4622235537915989E-001  9.4787944085506770E-001  9.4955387916638911E-001  9.5124132278901907E-001  9.5294212003490675E-001
  9.5466015333063470E-001  9.5639629736633736E-001  9.5814943337724146E-001  9.5992231834140862E-001  9.6172052749952919E-001
  9.6354605737777499E-001  9.6539616869931699E-001  9.6726839607078074E-001  9.6916303445902485E-001  9.7107950556251565E-001
  9.7301245879161702E-001  9.7495325947739475E-001  9.7689515733207877E-001  9.7883659933247325E-001  9.8078010871518506E-001
  9.8272871289164043E-001  9.8468327273672018E-001  9.8664216831302798E-001  9.8860254755708643E-001  9.9056165161853693E-001
  9.9251740624794493E-001  9.9446834116693672E-001  9.9641325743991194E-001  9.9835103611447773E-001  1.0001506572135594E+000
  1.0022007624306448E+000
BLOCK 51   1.5015812010498713E+001
  1.0043549077387806E+000  1.0063309954122517E+000  1.0082918980941549E+000  1.0102367610193868E+000  1.0121645637270456E+000
  1.0140741585113879E+000  1.0159644392710734E+000  1.0178343353022543E+000  1.0196828807654985E+000  1.0215091823617248E+000
  1.0233124012589232E+000  1.0250917423078489E+000  1.0268464506155388E+000  1.0285758109580900E+000  1.0302791459977760E+000
  1.0319558160666751E+000  1.0336052160921874E+000  1.0352267749929742E+000  1.0368199539285341E+000  1.0383842439967947E+000
  1.0399191670918351E+000  1.0414242731477024E+000  1.0428991382578099E+000  1.0443433609057553E+000  1.0457565485836684E+000
  1.0471382971610568E+000  1.0484881779470601E+000  1.0498057889717265E+000  1.0510909596264215E+000  1.0523441321107527E+000
  1.0535665739939488E+000  1.0547595851666787E+000  1.0559222978876208E+000  1.0570499285586812E+000  1.0581358638388236E+000
  1.0591766886841836E+000  1.0601736059540630E+000  1.0611297951186338E+000  1.0620515162591422E+000  1.0629581334829734E+000
  1.0638204646612943E+000  1.0646580044208040E+000  1.0654643759669391E+000  1.0662349602736714E+000  1.0669773143129924E+000
  1.0676856244330890E+000  1.0683589198417849E+000  1.0690003618209121E+000  1.0696055058570098E+000  1.0701762468293246E+000
  1.0707111931415476E+000  1.0712103126207664E+000  1.0716732694585831E+000  1.0720992827352211E+000  1.0724884885244446E+000
  1.0728400255769459E+000  1.0731538163222767E+000  1.0734293540183895E+000  1.0736662524938727E+000  1.0738642666701905E+000
  1.0740230277075113E+000  1.0741423428659309E+000  1.0742220012714676E+000  1.0742618758902100E+000  1.0742618758907005E+000
  1.0742220012729282E+000  1.0741423428683430E+000  1.0740230277108591E+000  1.0738642666744198E+000  1.0736662524989586E+000
  1.0734293540242914E+000  1.0731538163289649E+000  1.0728400255843862E+000  1.0724884885325947E+000  1.0720992827440463E+000
  1.0716732694680287E+000  1.0712103126307762E+000  1.0707111931520676E+000  1.0701762468402745E+000  1.0696055058683394E+000
  1.0690003618325468E+000  1.0683589198536729E+000  1.0676856244451798E+000  1.0669773143252064E+000  1.0662349602860608E+000
  1.0654643759792954E+000  1.0646580044331917E+000  1.0638204646737193E+000  1.0629581334951710E+000  1.0620515162716646E+000
  1.0611297951310363E+000  1.0601736059662039E+000  1.0591766886959872E+000  1.0581358638502516E+000  1.0570499285696802E+000
  1.0559222978980860E+000  1.0547595851765230E+000  1.0535665740031177E+000  1.0523441321191986E+000  1.0510909596341176E+000
  1.0498057889786314E+000  1.0484881779531303E+000  1.0471382971662762E+000  1.0457565485880143E+000  1.0443433609092156E+000
  1.0428991382603698E+000  1.0414242731493373E+000  1.0399191670925121E+000  1.0383842439964881E+000  1.0368199539272203E+000
  1.0352267749906230E+000  1.0336052160887668E+000  1.0319558160621538E+000  1.0302791459921312E+000  1.0285758109513108E+000
  1.0268464506076218E+000  1.0250917422988057E+000  1.0233124012487498E+000  1.0215091823504434E+000  1.0196828807531542E+000
  1.0178343352888801E+000  1.0159644392567126E+000  1.0140741584961381E+000  1.0121645637110126E+000  1.0102367610026122E+000
  1.0082918980767299E+000  1.0063309953943893E+000  1.0043549077206135E+000  1.0023643530469688E+000  1.0001906015258950E+000
  9.9834545631194616E-001  9.9632317673742632E-001  9.9429695764259196E-001  9.9226896681601995E-001  9.9023847206396043E-001
  9.8820226830234792E-001  9.8615750158908655E-001  9.8410475837621003E-001  9.8204852477405546E-001  9.7999444067090913E-001
  9.7794638866932326E-001  9.7590676504715013E-001  9.7387907925299799E-001  9.7186849743370229E-001  9.6987878964596363E-001
  9.6790992337855719E-001  9.6596010007549493E-001  9.6402902849203853E-001  9.6211704476548354E-001  9.6022194441538899E-001
  9.5833978899780803E-001  9.5646873978468649E-001  9.5460912870003645E-001  9.5276025892934113E-001  9.5092087402118908E-001
  9.4909252974258818E-001  9.4727910857420528E-001  9.4548391345395999E-001  9.4371055092955725E-001  9.4196541667595524E-001
  9.4025601232924172E-001  9.3859004126285572E-001  9.3696988169588646E-001  9.3542588889000788E-001  9.3393650144644913E-001
  9.3250837566425837E-001  9.3114001090563525E-001  9.2982290195961592E-001  9.2855953598363150E-001  9.2735593445452702E-001
  9.2620816789944060E-001  9.2511230889539209E-001  9.2407187176032524E-001  9.2308912969951873E-001  9.2215821604618020E-001
  9.2127868419388470E-001  9.2045371315640701E-001  9.1968084637567526E-001  9.1895628044885591E-001  9.1828309082443016E-001
  9.1766112899821695E-001  9.1708832138920215E-001  9.1656595896567494E-001  9.1609822066171120E-001  9.1568082916365778E-001
  9.1531675187200956E-001  9.1500582451457635E-001  9.1474583723553149E-001  9.1453744985270180E-001  9.1438017653045101E-001
  9.1427501767839192E-001  9.1422193818397912E-001  9.1422193818329678E-001  9.1427501767639430E-001  9.1438017652719039E-001
  9.1453744984831808E-001  9.1474583723006930E-001  9.1500582450805279E-001  9.1531675186435579E-001  9.1568082915477356E-001
  9.1609822065160251E-001  9.1656595895435977E-001  9.1708832137692253E-001  9.1766112898515551E-001  9.1828309081073689E-001
  9.1895628043460875E-001  9.1968084636088698E-001  9.2045371314106483E-001  9.2127868417811798E-001  9.2215821603007897E-001
  9.2308912968305656E-001  9.2407187174333438E-001  9.2511230887786888E-001  9.2620816788156335E-001  9.2735593443638109E-001
  9.2855953596526863E-001  9.2982290194117379E-001  9.3114001088707721E-001  9.3250837564572797E-001  9.3393650142800821E-001
  9.3542588887199341E-001  9.3696988167828099E-001  9.3859004124540923E-001  9.4025601231210931E-001  9.4196541665926470E-001
  9.4371055091330003E-001  9.4548391343852989E-001  9.4727910855969033E-001  9.4909252972872693E-001  9.5092087400798098E-001
  9.5276025891714866E-001  9.5460912868855252E-001  9.5646873977460689E-001  9.5833978898881012E-001  9.6022194440796838E-001
  9.6211704475939408E-001  9.6402902848737693E-001  9.6596010007273103E-001  9.6790992337762416E-001  9.6987878964692842E-001
  9.7186849743645298E-001  9.7387907925755346E-001  9.7590676505352703E-001  9.7794638867761274E-001  9.7999444068093677E-001
  9.8204852478567961E-001  9.8410475838925826E-001  9.8615750160335003E-001  9.8820226831763536E-001  9.9023847208016647E-001
  9.9226896683291599E-001  9.9429695766003223E-001  9.9632317675538318E-001  9.9834545633035121E-001  1.0001906015366253E+000
  1.0023643530654216E+000
BLOCK 52   1.5316128250708655E+001
  1.0046074312397590E+000  1.0066616977616827E+000  1.0087052997452661E+000  1.0107353736282134E+000  1.0127477584496867E+000
  1.0147390228428841E+000  1.0167074744932725E+000  1.0186527777178120E+000  1.0205749826830655E+000  1.0224738019589583E+000
  1.0243484873446429E+000  1.0261980632117640E+000  1.0280215704407583E+000  1.0298181808457312E+000  1.0315871925413875E+000
  1.0333279835345872E+000  1.0350399765421465E+000  1.0367226261515292E+000  1.0383754095179101E+000  1.0399977983566395E+000
  1.0415892063174108E+000  1.0431489487461241E+000  1.0446763304683071E+000  1.0461710038803629E+000  1.0476335408426447E+000
  1.0490656758385497E+000  1.0504693604978550E+000  1.0518446077265335E+000  1.0531879703433609E+000  1.0544938116786644E+000
  1.0557573307935160E+000  1.0569758358766836E+000  1.0581481882274242E+000  1.0592753529257748E+000  1.0603608967146381E+000
  1.0614107949846963E+000  1.0624386210081695E+000  1.0634411423407573E+000  1.0644115809414880E+000  1.0653430993050970E+000
  1.0662470668745150E+000  1.0671233652601460E+000  1.0679618982727044E+000  1.0687678340903992E+000  1.0695439586887290E+000
  1.0702825009976555E+000  1.0709859819796832E+000  1.0716568672401094E+000  1.0722893941014122E+000  1.0728862147152010E+000
  1.0734469441496566E+000  1.0739693721678516E+000  1.0744545802183476E+000  1.0749013567295280E+000  1.0753095337662528E+000
  1.0756784273078295E+000  1.0760077871657339E+000  1.0762973299115874E+000  1.0765463985925510E+000  1.0767547984540844E+000
  1.0769220719819479E+000  1.0770478779134209E+000  1.0771319609192791E+000  1.0771740580387346E+000  1.0771740580392595E+000
  1.0771319609208454E+000  1.0770478779160468E+000  1.0769220719856165E+000  1.0767547984587789E+000  1.0765463985982464E+000
  1.0762973299182383E+000  1.0760077871732920E+000  1.0756784273162359E+000  1.0753095337754386E+000  1.0749013567394401E+000
  1.0744545802289074E+000  1.0739693721790200E+000  1.0734469441613661E+000  1.0728862147274045E+000  1.0722893941140614E+000
  1.0716568672531230E+000  1.0709859819930665E+000  1.0702825010112973E+000  1.0695439587025068E+000  1.0687678341043829E+000
  1.0679618982866650E+000  1.0671233652739640E+000  1.0662470668883379E+000  1.0653430993186712E+000  1.0644115809545875E+000
  1.0634411423537373E+000  1.0624386210211265E+000  1.0614107949976463E+000  1.0603608967271942E+000  1.0592753529378027E+000
  1.0581481882388253E+000  1.0569758358873991E+000  1.0557573308035226E+000  1.0544938116879574E+000  1.0531879703519254E+000
  1.0518446077343053E+000  1.0504693605047726E+000  1.0490656758445571E+000  1.0476335408477038E+000  1.0461710038844596E+000
  1.0446763304713829E+000  1.0431489487481378E+000  1.0415892063183185E+000  1.0399977983563926E+000  1.0383754095164774E+000
  1.0367226261488769E+000  1.0350399765382319E+000  1.0333279835293836E+000  1.0315871925348805E+000  1.0298181808379081E+000
  1.0280215704316142E+000  1.0261980632013334E+000  1.0243484873329354E+000  1.0224738019459840E+000  1.0205749826688959E+000
  1.0186527777025525E+000  1.0167074744769617E+000  1.0147390228255553E+000  1.0127477584314935E+000  1.0107353736093607E+000
  1.0087052997258870E+000  1.0066616977418563E+000  1.0046074312195981E+000  1.0025424678453414E+000  1.0002430238463498E+000
  9.9837146642268415E-001  9.9626363865912093E-001  9.9414262598274572E-001  9.9201056264946075E-001  9.8986919330195899E-001
  9.8772113369320824E-001  9.8557109582473157E-001  9.8342471635416984E-001  9.8128617646629546E-001  9.7915774728519767E-001
  9.7704152486162854E-001  9.7494015728771832E-001  9.7285513136939628E-001  9.7078551858077333E-001  9.6872946910323676E-001
  9.6668596513910798E-001  9.6465398560180471E-001  9.6263114923598603E-001  9.6061487161111014E-001  9.5860418338580788E-001
  9.5659913986817335E-001  9.5459954306793748E-001  9.5260584859003561E-001  9.5062055030338333E-001  9.4864737758328488E-001
  9.4669008592160420E-001  9.4475356912700070E-001  9.4284513608252385E-001  9.4097162966584924E-001  9.3913964657170479E-001
  9.3736393699167941E-001  9.3564927898835926E-001  9.3400495510936909E-001  9.3242611123305730E-001  9.3090625334271815E-001
  9.2944078608143810E-001  9.2803467831160347E-001  9.2669064321079531E-001  9.2540339772349811E-001  9.2417094661047461E-001
  9.2299722392966133E-001  9.2188216049957050E-001  9.2082022489503101E-001  9.1981107676686236E-001  9.1885722539980863E-001
  9.1795768877396977E-001  9.1710872152125011E-001  9.1631215871863136E-001  9.1557030384889404E-001  9.1488210168129636E-001
  9.1424555623099801E-001  9.1366370234217831E-001  9.1313587048130196E-001  9.1266000287164173E-001  9.1223563156425780E-001
  9.1186527440993859E-001  9.1154669761208562E-001  9.1128010501317036E-001  9.1106846989063150E-001  9.1090946282802010E-001
  9.1080354730281110E-001  9.1075104860568334E-001  9.1075104860507972E-001  9.1080354730096436E-001  9.1090946282481788E-001
  9.1106846988602064E-001  9.1128010500714185E-001  9.1154669760480855E-001  9.1186527440148635E-001  9.1223563155464660E-001
  9.1266000286093085E-001  9.1313587046947964E-001  9.1366370232925886E-001  9.1424555621706050E-001  9.1488210166640227E-001
  9.1557030383308513E-001  9.1631215870196203E-001  9.1710872150382439E-001  9.1795768875599693E-001  9.1885722538142112E-001
  9.1981107674819218E-001  9.2082022487611637E-001  9.2188216048036631E-001  9.2299722391013472E-001  9.2417094659073495E-001
  9.2540339770364410E-001  9.2669064319081595E-001  9.2803467829136721E-001  9.2944078606109604E-001  9.3090625332247257E-001
  9.3242611121292651E-001  9.3400495508959935E-001  9.3564927896911843E-001  9.3736393697289322E-001  9.3913964655336468E-001
  9.4097162964805914E-001  9.4284513606528930E-001  9.4475356911071606E-001  9.4669008590651382E-001  9.4864737756908324E-001
  9.5062055028988124E-001  9.5260584857787534E-001  9.5459954305682126E-001  9.5659913985848799E-001  9.5860418337741637E-001
  9.6061487160464354E-001  9.6263114923086768E-001  9.6465398559828242E-001  9.6668596513754224E-001  9.6872946910372126E-001
  9.7078551858322781E-001  9.7285513137363433E-001  9.7494015729376682E-001  9.7704152486962192E-001  9.7915774729515748E-001
  9.8128617647806371E-001  9.8342471636760687E-001  9.8557109583965774E-001  9.8772113370949133E-001  9.8986919331948064E-001
  9.9201056266809351E-001  9.9414262600220238E-001  9.9626363867914569E-001  9.9837146644303953E-001  1.0002430238576270E+000
  1.0025424678657164E+000
BLOCK 53   1.5616444490918596E+001
  1.0049054425595523E+000  1.0070525696782175E+000  1.0091782385993595E+000  1.0112828135028693E+000  1.0133663376136313E+000
  1.0154291023207762E+000  1.0174721239486497E+000  1.0194962546542627E+000  1.0215005442718030E+000  1.0234818388465583E+000
  1.0254362483928663E+000  1.0273611306216306E+000  1.0292558698782583E+000  1.0311211191938243E+000  1.0329574773158070E+000
  1.0347646537419537E+000  1.0365414589792341E+000  1.0382863783715650E+000  1.0399984195459244E+000  1.0416779207825533E+000
  1.0433267548845635E+000  1.0449473455396878E+000  1.0465407824184718E+000  1.0481055170244822E+000  1.0496378497994292E+000
  1.0511334121182427E+000  1.0525879541822587E+000  1.0539975949583527E+000  1.0553596792731412E+000  1.0566735614573668E+000
  1.0579405137955389E+000  1.0591636386297079E+000  1.0603475739397488E+000  1.0614995892576518E+000  1.0626359817851339E+000
  1.0637373749829251E+000  1.0648136071489949E+000  1.0658539197497763E+000  1.0668582120373618E+000  1.0678361668118195E+000
  1.0687845212501861E+000  1.0696939740122211E+000  1.0705691878130568E+000  1.0714151927723787E+000  1.0722243124377782E+000
  1.0729947704311982E+000  1.0737324865064666E+000  1.0744341279513598E+000  1.0750954997119109E+000  1.0757210561836013E+000
  1.0763091626133421E+000  1.0768563251372969E+000  1.0773654485698134E+000  1.0778346964862717E+000  1.0782628383684245E+000
  1.0786504388672107E+000  1.0789964013046560E+000  1.0793002712907473E+000  1.0795615472114373E+000  1.0797799805890391E+000
  1.0799551023850589E+000  1.0800865599384706E+000  1.0801743813020677E+000  1.0802183203715379E+000  1.0802183203721321E+000
  1.0801743813038396E+000  1.0800865599414087E+000  1.0799551023891565E+000  1.0797799805942714E+000  1.0795615472177948E+000
  1.0793002712981992E+000  1.0789964013130442E+000  1.0786504388764890E+000  1.0782628383785986E+000  1.0778346964972922E+000
  1.0773654485816200E+000  1.0768563251498369E+000  1.0763091626265173E+000  1.0757210561973758E+000  1.0750954997262103E+000
  1.0744341279660037E+000  1.0737324865214943E+000  1.0729947704465190E+000  1.0722243124531265E+000  1.0714151927878004E+000
  1.0705691878285548E+000  1.0696939740274731E+000  1.0687845212651415E+000  1.0678361668266727E+000  1.0668582120519101E+000
  1.0658539197636852E+000  1.0648136071625085E+000  1.0637373749962848E+000  1.0626359817980875E+000  1.0614995892708015E+000
  1.0603475739525827E+000  1.0591636386420069E+000  1.0579405138071292E+000  1.0566735614681244E+000  1.0553596792829858E+000
  1.0539975949672395E+000  1.0525879541901626E+000  1.0511334121251346E+000  1.0496378498052898E+000  1.0481055170292530E+000
  1.0465407824220694E+000  1.0449473455420459E+000  1.0433267548856011E+000  1.0416779207822280E+000  1.0399984195441971E+000
  1.0382863783684129E+000  1.0365414589746185E+000  1.0347646537358450E+000  1.0329574773081993E+000  1.0311211191847409E+000
  1.0292558698676666E+000  1.0273611306095267E+000  1.0254362483793178E+000  1.0234818388316818E+000  1.0215005442556828E+000
  1.0194962546369766E+000  1.0174721239302973E+000  1.0154291023014368E+000  1.0133663375933519E+000  1.0112828134817460E+000
  1.0091782385775254E+000  1.0070525696558563E+000  1.0049054425368966E+000  1.0027368212866357E+000  1.0002843765476643E+000
  9.9834360993736793E-001  9.9612711832991208E-001  9.9390197384281054E-001  9.9167167769288667E-001  9.8944058924747835E-001
  9.8721306219420268E-001  9.8499210280431326E-001  9.8277936374170205E-001  9.8057617690522125E-001  9.7838364511740128E-001
  9.7620165692681227E-001  9.7402873304065285E-001  9.7186315534863521E-001  9.6970355930003349E-001  9.6754831356166593E-001
  9.6539531194432737E-001  9.6324291989730448E-001  9.6109057510048945E-001  9.5893826715402219E-001  9.5678631411253323E-001
  9.5463620402794125E-001  9.5249095492513836E-001  9.5035426968590719E-001  9.4823053396050261E-001  9.4612571966263437E-001
  9.4404672892916441E-001  9.4200191075579787E-001  9.3999900778617762E-001  9.3804358661170995E-001  9.3615681799790240E-001
  9.3434702106032275E-001  9.3260542044366057E-001  9.3092223703406685E-001  9.2930127023906739E-001  9.2774574179078828E-001
  9.2625200943346764E-001  9.2481543840864699E-001  9.2343814280960757E-001  9.2212257410724807E-001  9.2086531472461630E-001
  9.1966241348418409E-001  9.1851549564274204E-001  9.1742682840784806E-001  9.1639467151054887E-001  9.1541651614015318E-001
  9.1449440119909664E-001  9.1362958095072810E-001  9.1282000869094304E-001  9.1206346449932740E-001  9.1136177892798009E-001
  9.1071539316624450E-001  9.1012272908599057E-001  9.0958290130661301E-001  9.0909781859985306E-001  9.0866754016545570E-001
  9.0829055598226061E-001  9.0796693143623941E-001  9.0769763197347197E-001  9.0748263392034501E-001  9.0732014641950887E-001
  9.0721178936708979E-001  9.0715810768112615E-001  9.0715810768044225E-001  9.0721178936499203E-001  9.0732014641595038E-001
  9.0748263391533601E-001  9.0769763196703945E-001  9.0796693142847562E-001  9.0829055597322872E-001  9.0866754015515783E-001
  9.0909781858826622E-001  9.0958290129373631E-001  9.1012272907190250E-001  9.1071539315106642E-001  9.1136177891178338E-001
  9.1206346448221409E-001  9.1282000867296353E-001  9.1362958093187685E-001  9.1449440117941516E-001  9.1541651611981811E-001
  9.1639467148967879E-001  9.1742682838650658E-001  9.1851549562099888E-001  9.1966241346220534E-001  9.2086531470251221E-001
  9.2212257408507525E-001  9.2343814278751735E-001  9.2481543838668367E-001  9.2625200941149877E-001  9.2774574176879843E-001
  9.2930127021714581E-001  9.3092223701243071E-001  9.3260542042250016E-001  9.3434702103971634E-001  9.3615681797757755E-001
  9.3804358659215159E-001  9.3999900776734246E-001  9.4200191073765038E-001  9.4404672891202479E-001  9.4612571964698655E-001
  9.4823053394609003E-001  9.5035426967233616E-001  9.5249095491298663E-001  9.5463620401721605E-001  9.5678631410338788E-001
  9.5893826714649777E-001  9.6109057509495499E-001  9.6324291989324806E-001  9.6539531194228401E-001  9.6754831356179871E-001
  9.6970355930225560E-001  9.7186315535296797E-001  9.7402873304685256E-001  9.7620165693484462E-001  9.7838364512739806E-001
  9.8057617691724186E-001  9.8277936375562192E-001  9.8499210281988092E-001  9.8721306221121363E-001  9.8944058926587608E-001
  9.9167167771261944E-001  9.9390197386369217E-001  9.9612711835163326E-001  9.9834360995968296E-001  1.0002843765597536E+000
  1.0027368213093815E+000
BLOCK 54   1.5916760731128537E+001
  1.0051397813825296E+000  1.0073981961785909E+000  1.0096352556335861E+000  1.0118477990830081E+000  1.0140338919738450E+000
  1.0161921864573153E+000  1.0183217304976075E+000  1.0204226610972971E+000  1.0224963261830540E+000  1.0245441587488591E+000
  1.0265664565418986E+000  1.0285623604131029E+000  1.0305306148364004E+000  1.0324699410873766E+000  1.0343790150563836E+000
  1.0362568422896381E+000  1.0381034762387480E+000  1.0399201042169404E+000  1.0417081162424544E+000  1.0434678389324439E+000
  1.0451976740736479E+000  1.0468939581521599E+000  1.0485517271735876E+000  1.0501661038688557E+000  1.0517333442432490E+000
  1.0532511235627500E+000  1.0547185707179982E+000  1.0561362392907401E+000  1.0575062689650807E+000  1.0588328175385555E+000
  1.0601208821095802E+000  1.0613794114683079E+000  1.0626218734969628E+000  1.0638327389937186E+000  1.0650173706628943E+000
  1.0661670971976589E+000  1.0672795006772715E+000  1.0683632057945212E+000  1.0694207582651774E+000  1.0704417744091941E+000
  1.0714239509853509E+000  1.0723754440362960E+000  1.0732959009827894E+000  1.0741774405616926E+000  1.0750206222575729E+000
  1.0758309885849504E+000  1.0766049086638172E+000  1.0773369008708378E+000  1.0780307778143692E+000  1.0786883801638616E+000
  1.0793042513604836E+000  1.0798779084646739E+000  1.0804128164958291E+000  1.0809052631624290E+000  1.0813537551544525E+000
  1.0817606073140502E+000  1.0821234382899583E+000  1.0824415322502221E+000  1.0827155118795591E+000  1.0829444396498078E+000
  1.0831279443738422E+000  1.0832659403160398E+000  1.0833581659682689E+000  1.0834042240975748E+000  1.0834042240981931E+000
  1.0833581659701532E+000  1.0832659403191680E+000  1.0831279443782134E+000  1.0829444396554113E+000  1.0827155118863629E+000
  1.0824415322582277E+000  1.0821234382990883E+000  1.0817606073243224E+000  1.0813537551658023E+000  1.0809052631748310E+000
  1.0804128165091962E+000  1.0798779084789234E+000  1.0793042513760667E+000  1.0786883801794716E+000  1.0780307778303317E+000
  1.0773369008871507E+000  1.0766049086803779E+000  1.0758309886018320E+000  1.0750206222746250E+000  1.0741774405786140E+000
  1.0732959009996001E+000  1.0723754440530924E+000  1.0714239510018599E+000  1.0704417744252057E+000  1.0694207582808828E+000
  1.0683632058100145E+000  1.0672795006921878E+000  1.0661670972118595E+000  1.0650173706767450E+000  1.0638327390073887E+000
  1.0626218735102428E+000  1.0613794114817732E+000  1.0601208821227481E+000  1.0588328175511330E+000  1.0575062689768326E+000
  1.0561362393014817E+000  1.0547185707275699E+000  1.0532511235710169E+000  1.0517333442501180E+000  1.0501661038742891E+000
  1.0485517271775637E+000  1.0468939581546595E+000  1.0451976740746296E+000  1.0434678389319096E+000  1.0417081162403199E+000
  1.0399201042131125E+000  1.0381034762331882E+000  1.0362568422823688E+000  1.0343790150474212E+000  1.0324699410767750E+000
  1.0305306148242124E+000  1.0285623603993601E+000  1.0265664565266095E+000  1.0245441587320341E+000  1.0224963261647386E+000
  1.0204226610776006E+000  1.0183217304766794E+000  1.0161921864352839E+000  1.0140338919508372E+000  1.0118477990591770E+000
  1.0096352556091506E+000  1.0073981961538216E+000  1.0051397813576928E+000  1.0028641476837967E+000  1.0002993537684468E+000
  9.9827793314927693E-001  9.9597577057175823E-001  9.9367223924009174E-001  9.9137031678570875E-001  9.8907190792408584E-001
  9.8677804553420190E-001  9.8448934812266786E-001  9.8220582424773739E-001  9.7992652768090793E-001  9.7764986229355810E-001
  9.7537417219339306E-001  9.7309779873447833E-001  9.7081887117797916E-001  9.6853560537189354E-001  9.6624688307614737E-001
  9.6395229756638934E-001  9.6165189193794487E-001  9.5934646442366200E-001  9.5703811485004975E-001  9.5473010294518712E-001
  9.5242641811024153E-001  9.5013187117360332E-001  9.4785296328999546E-001  9.4559790161713264E-001  9.4337289839598992E-001
  9.4118651181463520E-001  9.3905700022429583E-001  9.3697673331461806E-001  9.3498599104936553E-001  9.3306673143170027E-001
  9.3121450131475680E-001  9.2943188628629081E-001  9.2771329044455408E-001  9.2605576976371873E-001  9.2446084277379592E-001
  9.2293030839637225E-001  9.2146127236913855E-001  9.2005048844349591E-001  9.1869907537889950E-001  9.1740962050770647E-001
  9.1618087922634051E-001  9.1500968759114687E-001  9.1389608149275836E-001  9.1284217940095369E-001  9.1184700569967059E-001
  9.1090776517760319E-001  9.1002407031558408E-001  9.0919790294178682E-001  9.0842903470209735E-001  9.0771552257123944E-001
  9.0705682329862547E-001  9.0645403014050274E-001  9.0590717621397077E-001  9.0541455000088411E-001  9.0497598791299605E-001
  9.0459277285615391E-001  9.0426533959498767E-001  9.0399166125540231E-001  9.0377209014961957E-001  9.0360818080463401E-001
  9.0349879066217043E-001  9.0344324388288844E-001  9.0344324388213959E-001  9.0349879065984673E-001  9.0360818080076388E-001
  9.0377209014422721E-001  9.0399166124851715E-001  9.0426533958663247E-001  9.0459277284637407E-001  9.0497598790177269E-001
  9.0541454998829451E-001  9.0590717620001260E-001  9.0645403012527370E-001  9.0705682328221071E-001  9.0771552255372157E-001
  9.0842903468350988E-001  9.0919790292216096E-001  9.1002407029498444E-001  9.1090776515613170E-001  9.1184700567742072E-001
  9.1284217937803258E-001  9.1389608146934798E-001  9.1500968756731416E-001  9.1618087920205915E-001  9.1740962048306007E-001
  9.1869907535400686E-001  9.2005048841859371E-001  9.2146127234444997E-001  9.2293030837193712E-001  9.2446084274957185E-001
  9.2605576973984716E-001  9.2771329042111272E-001  9.2943188626315276E-001  9.3121450129213024E-001  9.3306673140984431E-001
  9.3498599102816071E-001  9.3697673329409448E-001  9.3905700020450966E-001  9.4118651179576129E-001  9.4337289837807536E-001
  9.4559790160070378E-001  9.4785296327527513E-001  9.5013187116032782E-001  9.5242641809805950E-001  9.5473010293517346E-001
  9.5703811484132595E-001  9.5934646441733906E-001  9.6165189193349732E-001  9.6395229756364309E-001  9.6624688307588691E-001
  9.6853560537395733E-001  9.7081887118226740E-001  9.7309779874092339E-001  9.7537417220176725E-001  9.7764986230398754E-001
  9.7992652769345856E-001  9.8220582426232239E-001  9.8448934813910483E-001  9.8677804555224991E-001  9.8907190794355482E-001
  9.9137031680651677E-001  9.9367223926217896E-001  9.9597577059497333E-001  9.9827793317333013E-001  1.0002993537813145E+000
  1.0028641477085583E+000
BLOCK 55   1.6217076971338567E+001
  1.0053670821220468E+000  1.0077154758316342E+000  1.0100500627534896E+000  1.0123670997314418E+000  1.0146625357467736E+000
  1.0169322548444755E+000  1.0191723258360514E+000  1.0213790436777259E+000  1.0235495118906752E+000  1.0256827851201442E+000
  1.0277803626783373E+000  1.0298452746424687E+000  1.0318808095991494E+000  1.0338899910502828E+000  1.0358752396742037E+000
  1.0378373726813066E+000  1.0397746857241146E+000  1.0416832865556371E+000  1.0435581943664132E+000  1.0453939067198559E+000
  1.0471845470542149E+000  1.0489246973641573E+000  1.0506108766738209E+000  1.0522424725994004E+000  1.0538212517914813E+000
  1.0553497793265048E+000  1.0568307165167541E+000  1.0582680044081274E+000  1.0596658690465084E+000  1.0610309313071069E+000
  1.0623839246261260E+000  1.0637091800479137E+000  1.0650071444709925E+000  1.0662645915568802E+000  1.0674885405358723E+000
  1.0686867540864724E+000  1.0698573559797500E+000  1.0709902103881064E+000  1.0720851313357724E+000  1.0731497860961536E+000
  1.0741841907781127E+000  1.0751807099581028E+000  1.0761372317457660E+000  1.0770597570994809E+000  1.0779487385241628E+000
  1.0787971250062964E+000  1.0796034323385439E+000  1.0803725255369279E+000  1.0811039260722402E+000  1.0817918182336399E+000
  1.0824361217601135E+000  1.0830403683907739E+000  1.0836018525131808E+000  1.0841166086853342E+000  1.0845870284559649E+000
  1.0850145283959636E+000  1.0853947946468514E+000  1.0857279617242508E+000  1.0860159929322708E+000  1.0862562563126739E+000
  1.0864484021511396E+000  1.0865934030084765E+000  1.0866901841827286E+000  1.0867383524723289E+000  1.0867383524729999E+000
  1.0866901841847780E+000  1.0865934030118938E+000  1.0864484021559182E+000  1.0862562563188189E+000  1.0860159929397648E+000
  1.0857279617331059E+000  1.0853947946569489E+000  1.0850145284073114E+000  1.0845870284685091E+000  1.0841166086989564E+000
  1.0836018525277680E+000  1.0830403684063663E+000  1.0824361217765743E+000  1.0817918182507049E+000  1.0811039260900044E+000
  1.0803725255553307E+000  1.0796034323573549E+000  1.0787971250258506E+000  1.0779487385434754E+000  1.0770597571182221E+000
  1.0761372317640641E+000  1.0751807099761235E+000  1.0741841907960574E+000  1.0731497861140309E+000  1.0720851313532398E+000
  1.0709902104049505E+000  1.0698573559961799E+000  1.0686867541026368E+000  1.0674885405514840E+000  1.0662645915716538E+000
  1.0650071444851361E+000  1.0637091800618539E+000  1.0623839246397724E+000  1.0610309313207757E+000  1.0596658690596181E+000
  1.0582680044204449E+000  1.0568307165280286E+000  1.0553497793364992E+000  1.0538212517999601E+000  1.0522424726061643E+000
  1.0506108766787028E+000  1.0489246973671036E+000  1.0471845470551921E+000  1.0453939067188895E+000  1.0435581943635386E+000
  1.0416832865509185E+000  1.0397746857175572E+000  1.0378373726728836E+000  1.0358752396638997E+000  1.0338899910380928E+000
  1.0318808095850969E+000  1.0298452746265701E+000  1.0277803626606177E+000  1.0256827851006807E+000  1.0235495118696183E+000
  1.0213790436552868E+000  1.0191723258124075E+000  1.0169322548197446E+000  1.0146625357211090E+000  1.0123670997050722E+000
  1.0100500627267175E+000  1.0077154758046967E+000  1.0053670820951048E+000  1.0030082888177076E+000  1.0003341510924944E+000
  9.9827257258447455E-001  9.9590160985654941E-001  9.9353012817849840E-001  9.9115858398813728E-001  9.8878697895560830E-001
  9.8641460130285596E-001  9.8404007534856341E-001  9.8166170838181099E-001  9.7927772326344920E-001  9.7688621117424435E-001
  9.7448522932503745E-001  9.7207321196492613E-001  9.6964924313684053E-001  9.6721295720663047E-001  9.6476455325850385E-001
  9.6230523520898414E-001  9.5983749384436312E-001  9.5736462579739590E-001  9.5489057047180126E-001  9.5242136368421804E-001
  9.4996458246373183E-001  9.4752574021068570E-001  9.4511363036177864E-001  9.4274355201472504E-001  9.4041677076965102E-001
  9.3814333403144601E-001  9.3595672293132459E-001  9.3384546515214717E-001  9.3181608210027256E-001  9.2985140031721403E-001
  9.2795424554433392E-001  9.2612414203333637E-001  9.2436162631916408E-001  9.2266345307114772E-001  9.2102856932109267E-001
  9.1945842856976068E-001  9.1795396756580461E-001  9.1651310872358405E-001  9.1513337694301433E-001  9.1381496540433094E-001
  9.1255922690477587E-001  9.1136530484945999E-001  9.1023089391561751E-001  9.0915538684445163E-001  9.0813999616571051E-001
  9.0718465026391293E-001  9.0628734752119522E-001  9.0544679637780856E-001  9.0466372741038148E-001  9.0393881324486958E-001
  9.0327103751592630E-001  9.0265870035563123E-001  9.0210222536761908E-001  9.0160263715594646E-001  9.0115916929844153E-001
  9.0077027311411551E-001  9.0043695064775187E-001  9.0015984931061377E-001  8.9993794553554429E-001  8.9977129334870487E-001
  8.9966003616216328E-001  8.9960464513038740E-001  8.9960464512955818E-001  8.9966003615965318E-001  8.9977129334455408E-001
  8.9993794552972983E-001  9.0015984930313375E-001  9.0043695063866769E-001  9.0077027310345925E-001  9.0115916928624828E-001
  9.0160263714230160E-001  9.0210222535253293E-001  9.0265870033919005E-001  9.0327103749814042E-001  9.0393881322578240E-001
  9.0466372739008794E-001  9.0544679635645042E-001  9.0628734749880346E-001  9.0718465024055306E-001  9.0813999614144214E-001
  9.0915538681936270E-001  9.1023089388985978E-001  9.1136530482320111E-001  9.1255922687807201E-001  9.1381496537731455E-001
  9.1513337691577057E-001  9.1651310869622171E-001  9.1795396753836178E-001  9.1945842854246029E-001  9.2102856929416344E-001
  9.2266345304457986E-001  9.2436162629296825E-001  9.2612414200766524E-001  9.2795424551937677E-001  9.2985140029317259E-001
  9.3181608207724853E-001  9.3384546513004441E-001  9.3595672290982690E-001  9.3814333401112271E-001  9.4041677075049002E-001
  9.4274355199639204E-001  9.4511363034497253E-001  9.4752574019577496E-001  9.4996458245076842E-001  9.5242136367238350E-001
  9.5489057046214010E-001  9.5736462578964254E-001  9.5983749383909811E-001  9.6230523520554201E-001  9.6476455325760246E-001
  9.6721295720848310E-001  9.6964924314104506E-001  9.7207321197161578E-001  9.7448522933393633E-001  9.7688621118516472E-001
  9.7927772327665130E-001  9.8166170839725031E-001  9.8404007536602067E-001  9.8641460132211911E-001  9.8878697897645706E-001
  9.9115858401036161E-001  9.9353012820212427E-001  9.9590160988138410E-001  9.9827257261032565E-001  1.0003341511061470E+000
  1.0030082888445073E+000
BLOCK 56   1.6517393211548633E+001
  1.0056771365770301E+000  1.0081004399441862E+000  1.0105123126365818E+000  1.0129087060538524E+000  1.0152859239738732E+000
  1.0176408832941588E+000  1.0199711435817425E+000  1.0222749288159900E+000  1.0245511236191382E+000  1.0267989054139104E+000
  1.0290172654874457E+000  1.0312049050986265E+000  1.0333603082921057E+000  1.0354815831004729E+000  1.0375663528177581E+000
  1.0396120579053760E+000  1.0416162246983136E+000  1.0435763402379343E+000  1.0454898708879661E+000  1.0473546415379826E+000
  1.0491689344586324E+000  1.0509313447867872E+000  1.0526409707958000E+000  1.0542977126701858E+000  1.0559027430480126E+000
  1.0574591374653917E+000  1.0589729170542375E+000  1.0604479733876384E+000  1.0618972868402472E+000  1.0633563256316758E+000
  1.0647575074080551E+000  1.0661261874393917E+000  1.0674710123377527E+000  1.0687910916291556E+000  1.0700760473607522E+000
  1.0713212273556805E+000  1.0725340019350877E+000  1.0737193416380821E+000  1.0748714501335277E+000  1.0759839832410623E+000
  1.0770589588864941E+000  1.0781019032740318E+000  1.0791106022310013E+000  1.0800781683479583E+000  1.0810037698424770E+000
  1.0818919327128087E+000  1.0827428877389758E+000  1.0835508598526220E+000  1.0843134670674850E+000  1.0850343935977043E+000
  1.0857142418666230E+000  1.0863481194762024E+000  1.0869339533199585E+000  1.0874749946099849E+000  1.0879714914485872E+000
  1.0884192008658140E+000  1.0888172380215984E+000  1.0891681666295825E+000  1.0894709831798979E+000  1.0897222288460287E+000
  1.0899234711600116E+000  1.0900762121366752E+000  1.0901778077481799E+000  1.0902279957102088E+000  1.0902279957110188E+000
  1.0901778077505566E+000  1.0900762121406231E+000  1.0899234711655150E+000  1.0897222288529971E+000  1.0894709831883134E+000
  1.0891681666394422E+000  1.0888172380328394E+000  1.0884192008782423E+000  1.0879714914622811E+000  1.0874749946248743E+000
  1.0869339533358835E+000  1.0863481194930145E+000  1.0857142418841905E+000  1.0850343936164293E+000  1.0843134670863543E+000
  1.0835508598725310E+000  1.0827428877588499E+000  1.0818919327334502E+000  1.0810037698634933E+000  1.0800781683686815E+000
  1.0791106022525698E+000  1.0781019032954213E+000  1.0770589589075434E+000  1.0759839832614602E+000  1.0748714501529610E+000
  1.0737193416567550E+000  1.0725340019532961E+000  1.0713212273733461E+000  1.0700760473778270E+000  1.0687910916457986E+000
  1.0674710123539337E+000  1.0661261874547139E+000  1.0647575074223010E+000  1.0633563256451357E+000  1.0618972868540257E+000
  1.0604479734007184E+000  1.0589729170663789E+000  1.0574591374763902E+000  1.0559027430575865E+000  1.0542977126781283E+000
  1.0526409708018993E+000  1.0509313447908388E+000  1.0491689344604580E+000  1.0473546415374753E+000  1.0454898708850557E+000
  1.0435763402326075E+000  1.0416162246905767E+000  1.0396120578952539E+000  1.0375663528053485E+000  1.0354815830859112E+000
  1.0333603082755085E+000  1.0312049050800682E+000  1.0290172654670042E+000  1.0267989053917459E+000  1.0245511235954379E+000
  1.0222749287909223E+000  1.0199711435554484E+000  1.0176408832667947E+000  1.0152859239456127E+000  1.0129087060249742E+000
  1.0105123126073920E+000  1.0081004399148943E+000  1.0056771365478032E+000  1.0032460054766004E+000  1.0004173897595448E+000
  9.9836890161557656E-001  9.9592470688594203E-001  9.9347529098701093E-001  9.9101889484322392E-001  9.8855363189419931E-001
  9.8607762176539304E-001  9.8358896038197952E-001  9.8108564691633993E-001  9.7856580321018427E-001  9.7602798582702543E-001
  9.7347121840443362E-001  9.7089498751379055E-001  9.6829973242181067E-001  9.6568719254876501E-001  9.6305970930066842E-001
  9.6042023260290821E-001  9.5777417117070796E-001  9.5512831948695764E-001  9.5248771572026991E-001  9.4986099584458972E-001
  9.4726189038257369E-001  9.4469352615948032E-001  9.4216217503965849E-001  9.3969914036072255E-001  9.3730013310548255E-001
  9.3496746204883507E-001  9.3274366882881699E-001  9.3058394116359211E-001  9.2849976259868849E-001  9.2648363588143301E-001
  9.2453795906560121E-001  9.2266146766717594E-001  9.2085444432542107E-001  9.1911582641351131E-001  9.1744395824488068E-001
  9.1583806704355109E-001  9.1429893883178104E-001  9.1282655309362681E-001  9.1141916798474787E-001  9.1007511627128257E-001
  9.0879435425819244E-001  9.0757733589444312E-001  9.0642320694418443E-001  9.0533007111655506E-001  9.0429711400960167E-001
  9.0332474764155324E-001  9.0241306393362708E-001  9.0156083047280566E-001  9.0076653149855557E-001  9.0002993350935734E-001
  8.9935194846291655E-001  8.9873211972632672E-001  8.9816869648681763E-001  8.9766159667185852E-001  8.9721174522446900E-001
  8.9681881617817916E-001  8.9648186988655265E-001  8.9620070727609102E-001  8.9597588007113549E-001  8.9580759746809302E-001
  8.9569518881329979E-001  8.9563877081855048E-001  8.9563877081762944E-001  8.9569518881054988E-001  8.9580759746352834E-001
  8.9597588006481521E-001  8.9620070726800527E-001  8.9648186987674372E-001  8.9681881616663683E-001  8.9721174521125513E-001
  8.9766159665707190E-001  8.9816869647049369E-001  8.9873211970848099E-001  8.9935194844358390E-001  9.0002993348858207E-001
  9.0076653147645291E-001  9.0156083044949165E-001  9.0241306390920173E-001  9.0332474761610371E-001  9.0429711398319867E-001
  9.0533007108926955E-001  9.0642320691605927E-001  9.0757733586562284E-001  9.0879435422891397E-001  9.1007511624169701E-001
  9.1141916795487476E-001  9.1282655306351157E-001  9.1429893880154089E-001  9.1583806701338943E-001  9.1744395821505575E-001
  9.1911582638415368E-001  9.2085444429656127E-001  9.2266146763886725E-001  9.2453795903805625E-001  9.2648363585471849E-001
  9.2849976257268796E-001  9.3058394113867438E-001  9.3274366880549076E-001  9.3496746202676573E-001  9.3730013308463012E-001
  9.3969914034107072E-001  9.4216217502163224E-001  9.4469352614272206E-001  9.4726189036779962E-001  9.4986099583199113E-001
  9.5248771570987334E-001  9.5512831947775045E-001  9.5777417116437524E-001  9.6042023259855402E-001  9.6305970929875306E-001
  9.6568719255000846E-001  9.6829973242546175E-001  9.7089498752032688E-001  9.7347121841365036E-001  9.7602798583854367E-001
  9.7856580322407594E-001  9.8108564693272193E-001  9.8358896040062627E-001  9.8607762178610858E-001  9.8855363191665768E-001
  9.9101889486719519E-001  9.9347529101238996E-001  9.9592470691264778E-001  9.9836890164342984E-001  1.0004173897740605E+000
  1.0032460055056165E+000
BLOCK 57   1.6817709451758699E+001
  1.0060985467635768E+000  1.0085791107595523E+000  1.0110467120981783E+000  1.0135022938602938E+000  1.0159466472625986E+000
  1.0183799485637357E+000  1.0208015602169800E+000  1.0232098233550992E+000  1.0256018628291226E+000  1.0279735621585724E+000
  1.0303197718077470E+000  1.0326345779622279E+000  1.0349116162939713E+000  1.0371445633397196E+000  1.0393276351532226E+000
  1.0414558671983212E+000  1.0435254098301272E+000  1.0455338838956045E+000  1.0474804001864091E+000  1.0493654762322135E+000
  1.0511912644229464E+000  1.0529613216297045E+000  1.0546799501535897E+000  1.0563523988125141E+000  1.0579828204043642E+000
  1.0595799942276023E+000  1.0611579870783745E+000  1.0627154968470967E+000  1.0642546496315124E+000  1.0657552698342849E+000
  1.0672296338714555E+000  1.0686617888275163E+000  1.0700552116106188E+000  1.0714193917314507E+000  1.0727580517429793E+000
  1.0740646741432134E+000  1.0753330835935033E+000  1.0765657874556720E+000  1.0777680690761788E+000  1.0789387818213836E+000
  1.0800702172785215E+000  1.0811589077490338E+000  1.0822091709852428E+000  1.0832242319480510E+000  1.0842003639581514E+000
  1.0851320137008902E+000  1.0860194722810970E+000  1.0868662874827943E+000  1.0876713793534201E+000  1.0884296575039423E+000
  1.0891392382077649E+000  1.0898029697815186E+000  1.0904219402479376E+000  1.0909921065814672E+000  1.0915104904917212E+000
  1.0919792857381532E+000  1.0924000828316172E+000  1.0927693735879815E+000  1.0930848496342316E+000  1.0933490738095710E+000
  1.0935624652295166E+000  1.0937222699256066E+000  1.0938284943604131E+000  1.0938822466615761E+000  1.0938822466625171E+000
  1.0938284943631136E+000  1.0937222699299847E+000  1.0935624652356690E+000  1.0933490738174516E+000  1.0930848496436507E+000
  1.0927693735988711E+000  1.0924000828439757E+000  1.0919792857519364E+000  1.0915104905066817E+000  1.0909921065974928E+000
  1.0904219402651825E+000  1.0898029697996063E+000  1.0891392382269478E+000  1.0884296575236116E+000  1.0876713793738759E+000
  1.0868662875042481E+000  1.0860194723027470E+000  1.0851320137229830E+000  1.0842003639808733E+000  1.0832242319707857E+000
  1.0822091710084076E+000  1.0811589077724062E+000  1.0800702173016494E+000  1.0789387818447740E+000  1.0777680690994216E+000
  1.0765657874783281E+000  1.0753330836151282E+000  1.0740646741637598E+000  1.0727580517627326E+000  1.0714193917502131E+000
  1.0700552116279061E+000  1.0686617888434282E+000  1.0672296338865717E+000  1.0657552698489918E+000  1.0642546496453764E+000
  1.0627154968600505E+000  1.0611579870906973E+000  1.0595799942390820E+000  1.0579828204145594E+000  1.0563523988211896E+000
  1.0546799501604454E+000  1.0529613216344347E+000  1.0511912644252999E+000  1.0493654762320110E+000  1.0474804001835110E+000
  1.0455338838898864E+000  1.0435254098215299E+000  1.0414558671868652E+000  1.0393276351390537E+000  1.0371445633230021E+000
  1.0349116162748475E+000  1.0326345779408794E+000  1.0303197717843782E+000  1.0279735621334312E+000  1.0256018628024735E+000
  1.0232098233271476E+000  1.0208015601878768E+000  1.0183799485336047E+000  1.0159466472316423E+000  1.0135022938288152E+000
  1.0110467120664246E+000  1.0085791107276811E+000  1.0060985467317296E+000  1.0036042645370442E+000  1.0005601280927963E+000
  9.9857234160301200E-001  9.9603432762242472E-001  9.9348025708704624E-001  9.9090907181430832E-001  9.8831930525100653E-001
  9.8570895869871578E-001  9.8307581991919635E-001  9.8041764275833820E-001  9.7773250482121143E-001  9.7501974514695289E-001
  9.7228030306175184E-001  9.6951574714566680E-001  9.6672856751440239E-001  9.6392383334101162E-001  9.6110709733759492E-001
  9.5828201430773707E-001  9.5545665064332830E-001  9.5264426985394779E-001  9.4984866389520939E-001  9.4707259067295246E-001
  9.4434181550434826E-001  9.4166939404092032E-001  9.3903657585409872E-001  9.3647901413761492E-001  9.3403645409584568E-001
  9.3165951297026284E-001  9.2937380533875946E-001  9.2716093589719706E-001  9.2502160795415700E-001  9.2295340165489437E-001
  9.2095849193716617E-001  9.1903746993301616E-001  9.1718814730587561E-001  9.1540935025630876E-001  9.1370036417108691E-001
  9.1206089006987834E-001  9.1049040988646812E-001  9.0898827784252612E-001  9.0755365214486339E-001  9.0618525734138899E-001
  9.0488198157178523E-001  9.0364359082716716E-001  9.0246994248342172E-001  9.0135992654459041E-001  9.0031210045493282E-001
  8.9932558533470563E-001  8.9840016161336989E-001  8.9753583537859483E-001  8.9673179049532770E-001  8.9598645491230255E-001
  8.9529936114425701E-001  8.9467116678656211E-001  8.9410164752713728E-001  8.9358965526031442E-001  8.9313433701721179E-001
  8.9273623336775898E-001  8.9239583898139130E-001  8.9211240226732658E-001  8.9188521821833500E-001  8.9171447010406102E-001
  8.9160100570195955E-001  8.9154459562611910E-001  8.9154459562512089E-001  8.9160100569897383E-001  8.9171447009915383E-001
  8.9188521821153754E-001  8.9211240225863186E-001  8.9239583897078389E-001  8.9273623335525831E-001  8.9313433700285194E-001
  8.9358965524417788E-001  8.9410164750931365E-001  8.9467116676712832E-001  8.9529936112328012E-001  8.9598645488980921E-001
  8.9673179047136409E-001  8.9753583535322079E-001  8.9840016158673974E-001  8.9932558530695716E-001  9.0031210042615706E-001
  9.0135992651482832E-001  9.0246994245275769E-001  9.0364359079570977E-001  9.0488198153973709E-001  9.0618525730892840E-001
  9.0755365211210459E-001  9.0898827780954139E-001  9.1049040985341545E-001  9.1206089003695912E-001  9.1370036413831723E-001
  9.1540935022372594E-001  9.1718814727384379E-001  9.1903746990177926E-001  9.2095849190670842E-001  9.2295340162521966E-001
  9.2502160792544741E-001  9.2716093586962334E-001  9.2937380531262914E-001  9.3165951294561966E-001  9.3403645407287705E-001
  9.3647901411577006E-001  9.3903657583438382E-001  9.4166939402289851E-001  9.4434181548801621E-001  9.4707259065886673E-001
  9.4984866388332778E-001  9.5264426984486095E-001  9.5545665063616325E-001  9.5828201430266891E-001  9.6110709733466304E-001
  9.6392383334149778E-001  9.6672856751785052E-001  9.6951574715183642E-001  9.7228030307090874E-001  9.7501974515873113E-001
  9.7773250483558127E-001  9.8041764277553634E-001  9.8307581993898574E-001  9.8570895872077502E-001  9.8831930527516776E-001
  9.9090907184025867E-001  9.9348025711452781E-001  9.9603432765136224E-001  9.9857234163324138E-001  1.0005601281083680E+000
  1.0036042645686984E+000
BLOCK 58   1.7118025691968764E+001
  1.0065932989515156E+000  1.0091500681161052E+000  1.0116953488407598E+000  1.0142321640957432E+000  1.0167623398848806E+000
  1.0192861922584653E+000  1.0218024646830057E+000  1.0243082599437854E+000  1.0267991520833073E+000  1.0292694245969791E+000
  1.0317123603296667E+000  1.0341205893795311E+000  1.0364864907624347E+000  1.0388026136873347E+000  1.0410622028489849E+000
  1.0432597328281035E+000  1.0453911456888081E+000  1.0474538844347827E+000  1.0494470779463181E+000  1.0513721143358656E+000
  1.0532333177846900E+000  1.0550355979067811E+000  1.0567848344844379E+000  1.0584946552776897E+000  1.0601622282750185E+000
  1.0618134685181864E+000  1.0634809909857483E+000  1.0650910611294686E+000  1.0666673234100410E+000  1.0682260989925698E+000
  1.0697617123901604E+000  1.0712687643013654E+000  1.0727352141833819E+000  1.0741642281969228E+000  1.0755618290276223E+000
  1.0769297113524394E+000  1.0782619236556428E+000  1.0795521126658518E+000  1.0808015102000068E+000  1.0820166898956061E+000
  1.0832000046177417E+000  1.0843463241596116E+000  1.0854500232372351E+000  1.0865110131561322E+000  1.0875325625345766E+000
  1.0885140961890987E+000  1.0894500988228168E+000  1.0903370441547575E+000  1.0911769948107140E+000  1.0919729032834944E+000
  1.0927227798324977E+000  1.0934216679449817E+000  1.0940685456018437E+000  1.0946659593662471E+000  1.0952136619532020E+000
  1.0957084541205442E+000  1.0961487278632094E+000  1.0965350291550235E+000  1.0968684769004684E+000  1.0971488846022199E+000
  1.0973725039225184E+000  1.0975381771649599E+000  1.0976501839370740E+000  1.0977084294590382E+000  1.0977084294599817E+000
  1.0976501839399604E+000  1.0975381771698145E+000  1.0973725039292317E+000  1.0971488846106769E+000  1.0968684769106964E+000
  1.0965350291669427E+000  1.0961487278766207E+000  1.0957084541353537E+000  1.0952136619693271E+000  1.0946659593839017E+000
  1.0940685456204065E+000  1.0934216679645412E+000  1.0927227798532686E+000  1.0919729033049375E+000  1.0911769948331040E+000
  1.0903370441778328E+000  1.0894500988462921E+000  1.0885140962131390E+000  1.0875325625595067E+000  1.0865110131811824E+000
  1.0854500232622588E+000  1.0843463241850946E+000  1.0832000046435406E+000  1.0820166899211701E+000  1.0808015102253243E+000
  1.0795521126911944E+000  1.0782619236805038E+000  1.0769297113766536E+000  1.0755618290509743E+000  1.0741642282188990E+000
  1.0727352142037625E+000  1.0712687643202878E+000  1.0697617124077308E+000  1.0682260990086712E+000  1.0666673234244695E+000
  1.0650910611421092E+000  1.0634809909967800E+000  1.0618134685290457E+000  1.0601622282847485E+000  1.0584946552861008E+000
  1.0567848344911253E+000  1.0550355979112516E+000  1.0532333177867421E+000  1.0513721143353414E+000  1.0494470779430269E+000
  1.0474538844285668E+000  1.0453911456795417E+000  1.0432597328157842E+000  1.0410622028336896E+000  1.0388026136691606E+000
  1.0364864907414848E+000  1.0341205893559624E+000  1.0317123603037255E+000  1.0292694245689957E+000  1.0267991520535908E+000
  1.0243082599125690E+000  1.0218024646505022E+000  1.0192861922249332E+000  1.0167623398506060E+000  1.0142321640610299E+000
  1.0116953488058547E+000  1.0091500680811891E+000  1.0065932989167590E+000  1.0040214156750902E+000  1.0014306540916391E+000
  9.9881583306317112E-001  9.9617410725116118E-001  9.9350058360630877E-001  9.9079323876883074E-001  9.8805021803707982E-001
  9.8527066903587590E-001  9.8245529062577919E-001  9.7960562843229637E-001  9.7672277922915274E-001  9.7380868335255977E-001
  9.7086786118915414E-001  9.6790396460126271E-001  9.6491771168583240E-001  9.6191490966195659E-001  9.5890853817724964E-001
  9.5590406447321608E-001  9.5290125926791291E-001  9.4991836656373962E-001  9.4697854060036080E-001  9.4407626858788662E-001
  9.4121329928990971E-001  9.3843096568163009E-001  9.3573513964088706E-001  9.3313279683627226E-001  9.3062453303165427E-001
  9.2818583277507227E-001  9.2583591129669840E-001  9.2356600416679091E-001  9.2137235224663128E-001  9.1925276855779214E-001
  9.1720847202714695E-001  9.1524309095873646E-001  9.1335379745880496E-001  9.1153770089521657E-001  9.0979319937527858E-001
  9.0812095011021232E-001  9.0652115443046111E-001  9.0499232249470551E-001  9.0353269514641399E-001  9.0214114796866374E-001
  9.0081699343380595E-001  8.9955972125516359E-001  8.9836865809436872E-001  8.9724267462794172E-001  8.9618063208337373E-001
  8.9518169884953547E-001  8.9424508301700678E-001  8.9337022406465250E-001  8.9255667346622147E-001  8.9180367185896470E-001
  8.9111021894754860E-001  8.9047552466528979E-001  8.8989960330931583E-001  8.8938258030806572E-001  8.8892387158814912E-001
  8.8852254611814385E-001  8.8817831364674982E-001  8.8789175656716623E-001  8.8766309408213462E-001  8.8749168745926676E-001
  8.8737689186761126E-001  8.8731906446952080E-001  8.8731906446851805E-001  8.8737689186436208E-001  8.8749168745388674E-001
  8.8766309407467858E-001  8.8789175655771824E-001  8.8817831363533828E-001  8.8852254610461734E-001  8.8892387157261421E-001
  8.8938258029057560E-001  8.8989960328996076E-001  8.9047552464416979E-001  8.9111021892472353E-001  8.9180367183449172E-001
  8.9255667344014666E-001  8.9337022403705713E-001  8.9424508298799932E-001  8.9518169881926013E-001  8.9618063205195564E-001
  8.9724267459546003E-001  8.9836865806097588E-001  8.9955972122100680E-001  9.0081699339896582E-001  9.0214114793317446E-001
  9.0353269511045431E-001  9.0499232245857242E-001  9.0652115439432923E-001  9.0812095007408500E-001  9.0979319933926717E-001
  9.1153770085946084E-001  9.1335379742350853E-001  9.1524309092413914E-001  9.1720847199346034E-001  9.1925276852507298E-001
  9.2137235221495872E-001  9.2356600413639778E-001  9.2583591126771791E-001  9.2818583274726840E-001  9.3062453300554160E-001
  9.3313279681218886E-001  9.3573513961934995E-001  9.3843096566159412E-001  9.4121329927203623E-001  9.4407626857258775E-001
  9.4697854058678588E-001  9.4991836655286754E-001  9.5290125925960556E-001  9.5590406446829490E-001  9.5890853817388844E-001
  9.6191490966217474E-001  9.6491771168928353E-001  9.6790396460740091E-001  9.7086786119839896E-001  9.7380868336461712E-001
  9.7672277924381468E-001  9.7960562845000854E-001  9.8245529064651071E-001  9.8527066905919813E-001  9.8805021806276327E-001
  9.9079323879665326E-001  9.9350058363597371E-001  9.9617410728245792E-001  9.9881583309573230E-001  1.0014306541254956E+000
  1.0040214157095306E+000
BLOCK 59   1.7418341932178830E+001
  1.0071932688001479E+000  1.0098668816366365E+000  1.0125240830756104E+000  1.0151675224237025E+000  1.0177982887272543E+000
  1.0204163157465722E+000  1.0230201025231642E+000  1.0256063451570423E+000  1.0281704366504441E+000  1.0307070365741853E+000
  1.0332102439562787E+000  1.0356736885826745E+000  1.0380908015981161E+000  1.0404553374916361E+000  1.0427620419598218E+000
  1.0450068928585774E+000  1.0471868625016123E+000  1.0493006237415039E+000  1.0513485085863397E+000  1.0533306125860709E+000
  1.0552519314868545E+000  1.0571172896019785E+000  1.0589273028205444E+000  1.0607168365953108E+000  1.0624667255429285E+000
  1.0642173910230166E+000  1.0659185129423780E+000  1.0675977482913244E+000  1.0692272580867721E+000  1.0708310874734714E+000
  1.0724125921296321E+000  1.0739741668906975E+000  1.0755049177817488E+000  1.0769979510514476E+000  1.0784570482333558E+000
  1.0798872123576639E+000  1.0812881415193536E+000  1.0826518350179060E+000  1.0839713501891948E+000  1.0852470784784913E+000
  1.0864836509497480E+000  1.0876827664692936E+000  1.0888405343549326E+000  1.0899519852281803E+000  1.0910169301040271E+000
  1.0920394120331560E+000  1.0930212574217124E+000  1.0939585622487851E+000  1.0948454934549710E+000  1.0956806657015490E+000
  1.0964665718205286E+000  1.0972029422265068E+000  1.0978863059997963E+000  1.0985145124553526E+000  1.0990871157358546E+000
  1.0996055150797017E+000  1.1000713514807523E+000  1.1004812892928735E+000  1.1008310442782152E+000  1.1011223001705790E+000
  1.1013584567966404E+000  1.1015376544770246E+000  1.1016551607190594E+000  1.1017115852374482E+000  1.1017115852384662E+000
  1.1016551607221077E+000  1.1015376544820767E+000  1.1013584568036698E+000  1.1011223001794950E+000  1.1008310442890403E+000
  1.1004812893054163E+000  1.1000713514951643E+000  1.0996055150956021E+000  1.0990871157534037E+000  1.0985145124743201E+000
  1.0978863060198067E+000  1.0972029422479510E+000  1.0964665718432516E+000  1.0956806657250788E+000  1.0948454934792109E+000
  1.0939585622741470E+000  1.0930212574478659E+000  1.0920394120598169E+000  1.0910169301311508E+000  1.0899519852557895E+000
  1.0888405343826195E+000  1.0876827664971940E+000  1.0864836509780158E+000  1.0852470785067041E+000  1.0839713502168495E+000
  1.0826518350452188E+000  1.0812881415468520E+000  1.0798872123846961E+000  1.0784570482598546E+000  1.0769979510766330E+000
  1.0755049178055365E+000  1.0739741669130598E+000  1.0724125921503798E+000  1.0708310874921736E+000  1.0692272581031623E+000
  1.0675977483052885E+000  1.0659185129543651E+000  1.0642173910329686E+000  1.0624667255509790E+000  1.0607168366016937E+000
  1.0589273028252753E+000  1.0571172896046543E+000  1.0552519314875384E+000  1.0533306125845547E+000  1.0513485085823060E+000
  1.0493006237345901E+000  1.0471868624915828E+000  1.0450068928453911E+000  1.0427620419435566E+000  1.0404553374723189E+000
  1.0380908015757728E+000  1.0356736885574169E+000  1.0332102439283049E+000  1.0307070365437752E+000  1.0281704366178868E+000
  1.0256063451226023E+000  1.0230201024871197E+000  1.0204163157092361E+000  1.0177982886890304E+000  1.0151675223850147E+000
  1.0125240830368054E+000  1.0098668815979630E+000  1.0071932687618490E+000  1.0044995216518999E+000  1.0017812197136380E+000
  9.9950355300467353E-001  9.9625076616184804E-001  9.9342818637549835E-001  9.9056219218328490E-001  9.8765053047254470E-001
  9.8469049151858146E-001  9.8168174318145929E-001  9.7862881550059644E-001  9.7553644493885394E-001  9.7240565547150337E-001
  9.6924145747512402E-001  9.6605748061214025E-001  9.6286306704910385E-001  9.5965773181639791E-001  9.5645002673377932E-001
  9.5326196219426462E-001  9.5010272247522853E-001  9.4696782249704003E-001  9.4387314729175653E-001  9.4084952225657981E-001
  9.3790138963643455E-001  9.3502728898319520E-001  9.3228085264773852E-001  9.2961439422734093E-001  9.2703695566934741E-001
  9.2453378691767318E-001  9.2211990739009841E-001  9.1979117316582659E-001  9.1754362183796101E-001  9.1537427261012017E-001
  9.1328233739748887E-001  9.1127290417540197E-001  9.0934432973008938E-001  9.0749303277594662E-001  9.0571580412251484E-001
  9.0401258873215640E-001  9.0238483310425510E-001  9.0083154199283000E-001  8.9934997072958067E-001  8.9793796750683086E-001
  8.9659485260296634E-001  8.9532055826656587E-001  8.9411445138966261E-001  8.9297507276246468E-001  8.9190085156362320E-001
  8.9089072712597739E-001  8.8994420761255300E-001  8.8906087324871885E-001  8.8823983741086532E-001  8.8748002273434556E-001
  8.8678058450146335E-001  8.8614104101705893E-001  8.8556105445357913E-001  8.8504015740610398E-001  8.8457789028897182E-001
  8.8417385390337100E-001  8.8382779379591359E-001  8.8353950543929782E-001  8.8330886087817162E-001  8.8313586888752438E-001
  8.8302054768242522E-001  8.8296289406423867E-001  8.8296289406305284E-001  8.8302054767898575E-001  8.8313586888176487E-001
  8.8330886087012050E-001  8.8353950542898185E-001  8.8382779378331222E-001  8.8417385388864211E-001  8.8457789027214129E-001
  8.8504015738711406E-001  8.8556105443259703E-001  8.8614104099408042E-001  8.8678058447660091E-001  8.8748002270767268E-001
  8.8823983738246926E-001  8.8906087321875937E-001  8.8994420758109993E-001  8.9089072709307371E-001  8.9190085152935983E-001
  8.9297507272703747E-001  8.9411445135327217E-001  8.9532055822931833E-001  8.9659485256494065E-001  8.9793796746812904E-001
  8.9934997069034894E-001  9.0083154195326776E-001  9.0238483306457162E-001  9.0401258869251666E-001  9.0571580408303543E-001
  9.0749303273682036E-001  9.0934432969149692E-001  9.1127290413739304E-001  9.1328233736005682E-001  9.1537427257363591E-001
  9.1754362180286464E-001  9.1979117313223246E-001  9.2211990735793026E-001  9.2453378688696841E-001  9.2703695564047628E-001
  9.2961439420030501E-001  9.3228085262307059E-001  9.3502728896099074E-001  9.3790138961697522E-001  9.4084952223910734E-001
  9.4387314727680949E-001  9.4696782248530054E-001  9.5010272246585681E-001  9.5326196218792858E-001  9.5645002673026047E-001
  9.5965773181639746E-001  9.6286306705208480E-001  9.6605748061822017E-001  9.6924145748469459E-001  9.7240565548411073E-001
  9.7553644495436787E-001  9.7862881551942527E-001  9.8168174320349544E-001  9.8469049154326238E-001  9.8765053049963669E-001
  9.9056219221268682E-001  9.9342818640690256E-001  9.9625076619516151E-001  9.9950355302217841E-001  1.0017812197503464E+000
  1.0044995216895451E+000
BLOCK 60   1.7718658172388896E+001
  1.0079072076052540E+000  1.0107359998727174E+000  1.0135354407907802E+000  1.0163064128865937E+000  1.0190489025982052E+000
  1.0217626006297400E+000  1.0244462488347255E+000  1.0270974194078761E+000  1.0297131316068613E+000  1.0322900655914016E+000
  1.0348245522766917E+000  1.0373130025206849E+000  1.0397521009976718E+000  1.0421384232405135E+000  1.0444686845463058E+000
  1.0467408092369557E+000  1.0489530834885228E+000  1.0511054096413717E+000  1.0532013925868025E+000  1.0552383672976300E+000
  1.0572253961134943E+000  1.0591820687145352E+000  1.0610758213967653E+000  1.0630153260401705E+000  1.0648458158062701E+000
  1.0666749693574415E+000  1.0684592741107595E+000  1.0702172523585194E+000  1.0719271940593633E+000  1.0735920545046664E+000
  1.0752279329835082E+000  1.0768396853614233E+000  1.0784267292794074E+000  1.0799783698349030E+000  1.0814920176440947E+000
  1.0829728019193980E+000  1.0844268280760536E+000  1.0858527629072270E+000  1.0872417684147637E+000  1.0885872075259670E+000
  1.0898892735122159E+000  1.0911512756300152E+000  1.0923728983301375E+000  1.0935488257441977E+000  1.0946735581627471E+000
  1.0957461412924361E+000  1.0967703815115588E+000  1.0977491398070611E+000  1.0986791628317143E+000  1.0995556142379843E+000
  1.1003785573326712E+000  1.1011498222643012E+000  1.1018691475931235E+000  1.1025348705122218E+000  1.1031435236874672E+000
  1.1036915955722417E+000  1.1041788755852695E+000  1.1046077698893513E+000  1.1049787691809814E+000  1.1052883523316910E+000
  1.1055341414215345E+000  1.1057185817824686E+000  1.1058444471683981E+000  1.1059096175682595E+000  1.1059096175692074E+000
  1.1058444471716815E+000  1.1057185817877193E+000  1.1055341414288933E+000  1.1052883523410930E+000  1.1049787691922406E+000
  1.1046077699028185E+000  1.1041788756006308E+000  1.1036915955891500E+000  1.1031435237060727E+000  1.1025348705326639E+000
  1.1018691476152149E+000  1.1011498222877698E+000  1.1003785573574794E+000  1.0995556142638914E+000  1.0986791628586601E+000
  1.0977491398349888E+000  1.0967703815404621E+000  1.0957461413217162E+000  1.0946735581924791E+000  1.0935488257744652E+000
  1.0923728983610752E+000  1.0911512756611923E+000  1.0898892735431747E+000  1.0885872075568035E+000  1.0872417684456288E+000
  1.0858527629378216E+000  1.0844268281060605E+000  1.0829728019487246E+000  1.0814920176728706E+000  1.0799783698624632E+000
  1.0784267293061753E+000  1.0768396853867097E+000  1.0752279330069416E+000  1.0735920545258077E+000  1.0719271940779018E+000
  1.0702172523744149E+000  1.0684592741242862E+000  1.0666749693681787E+000  1.0648458158144267E+000  1.0630153260451545E+000
  1.0610758213998857E+000  1.0591820687150502E+000  1.0572253961118756E+000  1.0552383672935501E+000  1.0532013925802852E+000
  1.0511054096323353E+000  1.0489530834768170E+000  1.0467408092224835E+000  1.0444686845289510E+000  1.0421384232200890E+000
  1.0397521009740309E+000  1.0373130024937818E+000  1.0348245522467117E+000  1.0322900655586513E+000  1.0297131315716279E+000
  1.0270974193704017E+000  1.0244462487952910E+000  1.0217626005887219E+000  1.0190489025561045E+000  1.0163064128439645E+000
  1.0135354407480421E+000  1.0107359998301904E+000  1.0079072075632918E+000  1.0050465594890829E+000  1.0021511272040509E+000
  9.9959518585660356E-001  9.9624803144219598E-001  9.9323258511450152E-001  9.9016815852579665E-001  9.8705539650832042E-001
  9.8389526593047583E-001  9.8068426017559673E-001  9.7742085141845880E-001  9.7411281471257616E-001  9.7076977052089886E-001
  9.6739386904799485E-001  9.6398871340559078E-001  9.6057085841048806E-001  9.5715959403587270E-001  9.5376231588629823E-001
  9.5038380414907708E-001  9.4704253060555776E-001  9.4376279480938619E-001  9.4055512038142053E-001  9.3742363978554732E-001
  9.3438384563860233E-001  9.3146807635572171E-001  9.2864686840329103E-001  9.2591027715875107E-001  9.2326074530678215E-001
  9.2069117974940218E-001  9.1821459475597000E-001  9.1582783809466295E-001  9.1352703404001245E-001  9.1130928142387790E-001
  9.0917249692943236E-001  9.0712094003227095E-001  9.0515397220045946E-001  9.0326859426423101E-001  9.0146115540151184E-001
  8.9972985296923269E-001  8.9807609139838851E-001  8.9649997310515905E-001  8.9499891124337028E-001  8.9356961929429468E-001
  8.9221040225341719E-001  8.9092144900302850E-001  8.8970268801375885E-001  8.8855251930646917E-001  8.8746875392377422E-001
  8.8644993008533546E-001  8.8549556781179772E-001  8.8460533262127083E-001  8.8377839081532228E-001  8.8301358893700665E-001
  8.8230990359345463E-001  8.8166664712255871E-001  8.8108335053731990E-001  8.8055968036317056E-001  8.8009526685224571E-001
  8.7968965798250054E-001  8.7934232238776544E-001  8.7905287182204772E-001  8.7882125818074674E-001  8.7864765587685711E-001
  8.7853214402792801E-001  8.7847450177522712E-001  8.7847450177400166E-001  8.7853214402419078E-001  8.7864765587060423E-001
  8.7882125817198653E-001  8.7905287181081249E-001  8.7934232237407750E-001  8.7968965796642995E-001  8.8009526683387518E-001
  8.8055968034259879E-001  8.8108335051459163E-001  8.8166664709765685E-001  8.8230990356637307E-001  8.8301358890803183E-001
  8.8377839078448672E-001  8.8460533258874707E-001  8.8549556777764649E-001  8.8644993004958272E-001  8.8746875388653468E-001
  8.8855251926790724E-001  8.8970268797402441E-001  8.9092144896230219E-001  8.9221040221186121E-001  8.9356961925208234E-001
  8.9499891120069686E-001  8.9649997306209583E-001  8.9807609135498767E-001  8.9972985292564656E-001  9.0146115535806393E-001
  9.0326859422122596E-001  9.0515397215799787E-001  9.0712093999044352E-001  9.0917249688836121E-001  9.1130928138374534E-001
  9.1352703400105972E-001  9.1582783805716139E-001  9.1821459472020284E-001  9.2069117971538794E-001  9.2326074527470037E-001
  9.2591027712887686E-001  9.2864686837581067E-001  9.3146807633058826E-001  9.3438384561608168E-001  9.3742363976617982E-001
  9.4055512036533184E-001  9.4376279479593161E-001  9.4704253059488874E-001  9.5038380414201318E-001  9.5376231588221105E-001
  9.5715959403516404E-001  9.6057085841317880E-001  9.6398871341198000E-001  9.6739386905803604E-001  9.7076977053387603E-001
  9.7411281472883149E-001  9.7742085143839819E-001  9.8068426019878774E-001  9.8389526595646293E-001  9.8705539653712282E-001
  9.9016815855728613E-001  9.9323258514832180E-001  9.9624803147824148E-001  9.9959518587563145E-001  1.0021511272440613E+000
  1.0050465595302092E+000
BLOCK 61   1.8018974412598961E+001
  1.0087052866316106E+000  1.0117174558568607E+000  1.0146815637149709E+000  1.0175958524054169E+000  1.0204607306796412E+000
  1.0232762118777536E+000  1.0260407679802852E+000  1.0287532549002454E+000  1.0314132551439885E+000  1.0340199705728981E+000
  1.0365722821123018E+000  1.0390694127431013E+000  1.0415112375941047E+000  1.0438975896713307E+000  1.0462281166015859E+000
  1.0485062863594332E+000  1.0507345267847534E+000  1.0529083623995315E+000  1.0550433263993879E+000  1.0571503885946729E+000
  1.0591993708030369E+000  1.0612347641304172E+000  1.0633135399198195E+000  1.0653115083488640E+000  1.0672443097558424E+000
  1.0691700732631222E+000  1.0710544609173318E+000  1.0729037386890667E+000  1.0747131450600229E+000  1.0764650059397376E+000
  1.0781773733305986E+000  1.0798581383556809E+000  1.0815106166876736E+000  1.0831294434900338E+000  1.0847057719004369E+000
  1.0862410877360156E+000  1.0877429367805489E+000  1.0892172792720980E+000  1.0906612143744889E+000  1.0920662303893323E+000
  1.0934276303696704E+000  1.0947471465311409E+000  1.0960276013769923E+000  1.0972675686936766E+000  1.0984611285359143E+000
  1.0996010631616480E+000  1.1006849058007671E+000  1.1017164274589617E+000  1.1026975730600637E+000  1.1036238924335766E+000
  1.1044901566373806E+000  1.1052963885379201E+000  1.1060462964550957E+000  1.1067411519604473E+000  1.1073785750960268E+000
  1.1079557745032718E+000  1.1084714481807685E+000  1.1089254389850904E+000  1.1093171730538223E+000  1.1096454989224394E+000
  1.1099089847232593E+000  1.1101061192993806E+000  1.1102363925302150E+000  1.1103008013248525E+000  1.1103008013261870E+000
  1.1102363925335770E+000  1.1101061193047999E+000  1.1099089847309440E+000  1.1096454989324291E+000  1.1093171730660103E+000
  1.1089254389993957E+000  1.1084714481971589E+000  1.1079557745215753E+000  1.1073785751162464E+000  1.1067411519826564E+000
  1.1060462964790700E+000  1.1052963885633356E+000  1.1044901566642098E+000  1.1036238924619453E+000  1.1026975730898034E+000
  1.1017164274898115E+000  1.1006849058324077E+000  1.0996010631943212E+000  1.0984611285692696E+000  1.0972675687276410E+000
  1.0960276014112553E+000  1.0947471465656557E+000  1.0934276304043613E+000  1.0920662304236579E+000  1.0906612144083963E+000
  1.0892172793057466E+000  1.0877429368138190E+000  1.0862410877683379E+000  1.0847057719312796E+000  1.0831294435195589E+000
  1.0815106167163180E+000  1.0798581383829007E+000  1.0781773733562157E+000  1.0764650059628611E+000  1.0747131450804048E+000
  1.0729037387067613E+000  1.0710544609323391E+000  1.0691700732749918E+000  1.0672443097646653E+000  1.0653115083540161E+000
  1.0633135399217009E+000  1.0612347641300679E+000  1.0591993707997662E+000  1.0571503885883546E+000  1.0550433263904209E+000
  1.0529083623876536E+000  1.0507345267699915E+000  1.0485062863419110E+000  1.0462281165812584E+000  1.0438975896481266E+000
  1.0415112375679585E+000  1.0390694127139497E+000  1.0365722820802317E+000  1.0340199705380464E+000  1.0314132551065034E+000
  1.0287532548602805E+000  1.0260407679380772E+000  1.0232762118336569E+000  1.0204607306342000E+000  1.0175958523592565E+000
  1.0146815636685242E+000  1.0117174558104824E+000  1.0087052865857635E+000  1.0056470629004028E+000  1.0025412746194817E+000
  9.9967663668216922E-001  9.9618040882203596E-001  9.9292882178109831E-001  9.8962832288000380E-001  9.8627524723939042E-001
  9.8287151495558156E-001  9.7942372057579463E-001  9.7593486025026865E-001  9.7240384721762885E-001  9.6883475843640254E-001
  9.6524042772157415E-001  9.6163418800069023E-001  9.5802305210395822E-001  9.5441357084283585E-001  9.5082247368306227E-001
  9.4727481065031782E-001  9.4378770797603684E-001  9.4036729463679225E-001  9.3702325744879622E-001  9.3380813823244690E-001
  9.3069844443456118E-001  9.2770308011651403E-001  9.2480127493178632E-001  9.2199343741308082E-001  9.1927536548929023E-001
  9.1664554584334756E-001  9.1411223461835445E-001  9.1167043329641717E-001  9.0931729638420045E-001  9.0705091041596475E-001
  9.0486988034344562E-001  9.0277822914882033E-001  9.0077552574918707E-001  8.9885823080746463E-001  8.9702276186092600E-001
  8.9526651874378127E-001  8.9358989476698381E-001  8.9199310910530882E-001  8.9047424636253159E-001  8.8903026432093779E-001
  8.8765845518056607E-001  8.8635790842673634E-001  8.8512875511047628E-001  8.8397019122736542E-001  8.8287996666558088E-001
  8.8185563239623721E-001  8.8089593850108538E-001  8.8000080963830829E-001  8.7917008241974648E-001  8.7840258141326388E-001
  8.7769660205244582E-001  8.7705098707690210E-001  8.7646554874062632E-001  8.7547404310529786E-001  8.7523876887489560E-001
  8.7503479399887030E-001  8.7486024460793854E-001  8.7471439717708832E-001  8.7459732547647373E-001  8.7450936533961354E-001
  8.7445068313154195E-001  8.7442132686011720E-001  8.7442132685939911E-001  8.7445068312941232E-001  8.7450936533612089E-001
  8.7459732547165137E-001  8.7471439717093313E-001  8.7486024460049616E-001  8.7503479399012030E-001  8.7523876886483265E-001
  8.7547404309391330E-001  8.7646554871587501E-001  8.7705098704982176E-001  8.7769660202313204E-001  8.7840258138178029E-001
  8.7917008238623184E-001  8.8000080960283711E-001  8.8089593846380931E-001  8.8185563235729791E-001  8.8287996662514645E-001
  8.8397019118556608E-001  8.8512875506734756E-001  8.8635790838239215E-001  8.8765845513521768E-001  8.8903026427481280E-001
  8.9047424631581273E-001  8.9199310905816154E-001  8.9358989471953187E-001  8.9526651869617002E-001  8.9702276181334739E-001
  8.9885823076012628E-001  9.0077552570236152E-001  9.0277822910269023E-001  9.0486988029817417E-001  9.0705091037176533E-001
  9.0931729634135039E-001  9.1167043325503816E-001  9.1411223457856638E-001  9.1664554580546598E-001  9.1927536545378308E-001
  9.2199343738009010E-001  9.2480127490122366E-001  9.2770308008860747E-001  9.3069844440950622E-001  9.3380813821028674E-001
  9.3702325742991244E-001  9.4036729462139923E-001  9.4378770796442490E-001  9.4727481064221619E-001  9.5082247367802819E-001
  9.5441357084177836E-001  9.5802305210602079E-001  9.6163418800698353E-001  9.6524042773128294E-001  9.6883475844959333E-001
  9.7240384723494233E-001  9.7593486027141940E-001  9.7942372060035343E-001  9.8287151498352188E-001  9.8627524727068405E-001
  9.8962832291427882E-001  9.9292882181793163E-001  9.9618040886159387E-001  9.9967663670319118E-001  1.0025412746632758E+000
  1.0056470629453578E+000
BLOCK 62   1.8319290652809027E+001
  1.0095510861971158E+000  1.0127632253993673E+000  1.0159045924778027E+000  1.0189761845226792E+000  1.0219769723522978E+000
  1.0249041491685951E+000  1.0277573115798957E+000  1.0305379102272823E+000  1.0332459793198339E+000  1.0358818378009811E+000
  1.0384483478520774E+000  1.0409476089324263E+000  1.0433822574579141E+000  1.0457613407020840E+000  1.0480883064016568E+000
  1.0503579582643816E+000  1.0525891069444784E+000  1.0548007991423054E+000  1.0569702047344787E+000  1.0591007688152982E+000
  1.0612470941558709E+000  1.0634252818940657E+000  1.0655506001668786E+000  1.0676184219916447E+000  1.0696609164621869E+000
  1.0716915103033910E+000  1.0736791314669123E+000  1.0756294697331601E+000  1.0775434568953173E+000  1.0793971696405993E+000
  1.0812065677470761E+000  1.0829828545982720E+000  1.0847219385193141E+000  1.0864236596175294E+000  1.0880798778607925E+000
  1.0896868074684736E+000  1.0912507223330328E+000  1.0927796819743483E+000  1.0942773066415472E+000  1.0957380251944320E+000
  1.0971539961587504E+000  1.0985244638641787E+000  1.0998538329949330E+000  1.1011445560522510E+000  1.1023937645427457E+000
  1.1035949439589088E+000  1.1047421511171807E+000  1.1058332077987050E+000  1.1068697166018457E+000  1.1078527945981307E+000
  1.1087784163069196E+000  1.1096396746497548E+000  1.1104333070208352E+000  1.1111621733801742E+000  1.1118303582283275E+000
  1.1124369312965940E+000  1.1129771614968218E+000  1.1134489815755759E+000  1.1138555629392666E+000  1.1142003662570368E+000
  1.1144816898348611E+000  1.1146938115625831E+000  1.1148329895641951E+000  1.1149008710839765E+000  1.1149008710852273E+000
  1.1148329895678568E+000  1.1146938115685567E+000  1.1144816898434822E+000  1.1142003662679834E+000  1.1138555629523506E+000
  1.1134489815908679E+000  1.1129771615143997E+000  1.1124369313164844E+000  1.1118303582503255E+000  1.1111621734041159E+000
  1.1104333070466879E+000  1.1096396746775565E+000  1.1087784163365013E+000  1.1078527946292849E+000  1.1068697166345636E+000
  1.1058332078328132E+000  1.1047421511525468E+000  1.1035949439951163E+000  1.1023937645797668E+000  1.1011445560900879E+000
  1.0998538330333818E+000  1.0985244639026137E+000  1.0971539961969501E+000  1.0957380252324536E+000  1.0942773066794207E+000
  1.0927796820116737E+000  1.0912507223691827E+000  1.0896868075032811E+000  1.0880798778942740E+000  1.0864236596497521E+000
  1.0847219385498701E+000  1.0829828546269402E+000  1.0812065677732876E+000  1.0793971696656115E+000  1.0775434569170119E+000
  1.0756294697523197E+000  1.0736791314831338E+000  1.0716915103163152E+000  1.0696609164718534E+000  1.0676184219975520E+000
  1.0655506001688990E+000  1.0634252818925742E+000  1.0612470941512149E+000  1.0591007688075569E+000  1.0569702047231304E+000
  1.0548007991275270E+000  1.0525891069265925E+000  1.0503579582432596E+000  1.0480883063774236E+000  1.0457613406749546E+000
  1.0433822574279079E+000  1.0409476088995886E+000  1.0384483478165927E+000  1.0358818377630346E+000  1.0332459792795519E+000
  1.0305379101847809E+000  1.0277573115353364E+000  1.0249041491221369E+000  1.0219769723042336E+000  1.0189761844735314E+000
  1.0159045924280570E+000  1.0127632253493648E+000  1.0095510861473163E+000  1.0062697591282077E+000  1.0029241913889730E+000
  9.9974014547172496E-001  9.9605052296617358E-001  9.9252361839820746E-001  9.8894211172411550E-001  9.8531311770376118E-001
  9.8164011855718714E-001  9.7792381483916901E-001  9.7416833500104394E-001  9.7038422543549563E-001  9.6658318573882929E-001
  9.6277162718337139E-001  9.5895381389379342E-001  9.5514170863019732E-001  9.5135607815319689E-001  9.4761467443736291E-001
  9.4392632433604839E-001  9.4030215528390659E-001  9.3675367044222391E-001  9.3334549817021362E-001  9.3003402342539432E-001
  9.2683670540459517E-001  9.2374534624375326E-001  9.2075232322637723E-001  9.1786090804230924E-001  9.1506618323789701E-001
  9.1237277663499627E-001  9.0978381773372741E-001  9.0729205098773158E-001  9.0489392803158564E-001  9.0258651794726763E-001
  9.0036842866135569E-001  8.9824224842061962E-001  8.9620682707635402E-001  8.9425877264196163E-001  8.9239563600365024E-001
  8.9061545229000083E-001  8.8891834243986145E-001  8.8730448503356851E-001  8.8577152884786914E-001  8.8431589009896006E-001
  8.8293445428437167E-001  8.8162570730066214E-001  8.8038948722822719E-001  8.7922509273071836E-001  8.7813051848187162E-001
  8.7710350308185447E-001  8.7557753750835587E-001  8.7512458385469249E-001  8.7470566410921513E-001  8.7364994195551482E-001
  8.7294305299650721E-001  8.7229625504077757E-001  8.7170974035177196E-001  8.7118335003669811E-001  8.7071723263282053E-001
  8.7031078446247090E-001  8.6996280861949471E-001  8.6967260926023615E-001  8.6944025772432842E-001  8.6926626466818280E-001
  8.6915075125126551E-001  8.6909318111633593E-001  8.6909318111482114E-001  8.6915075124671959E-001  8.6926626466064705E-001
  8.6944025771387012E-001  8.6967260924690648E-001  8.6996280860332531E-001  8.7031078444347343E-001  8.7071723261104106E-001
  8.7118335001223912E-001  8.7170974032476090E-001  8.7229625501137620E-001  8.7294305296487340E-001  8.7364994192159828E-001
  8.7470566409111372E-001  8.7512458383555614E-001  8.7557753748768041E-001  8.7710350303940776E-001  8.7813051843777856E-001
  8.7922509268513072E-001  8.8038948718126675E-001  8.8162570725242606E-001  8.8293445423500583E-001  8.8431589004862277E-001
  8.8577152879677046E-001  8.8730448498192438E-001  8.8891834238784184E-001  8.9061545223782035E-001  8.9239563595152616E-001
  8.9425877259007158E-001  8.9620682702483212E-001  8.9824224836968347E-001  9.0036842861138044E-001  9.0258651789860012E-001
  9.0489392798440771E-001  9.0729205094219012E-001  9.0978381768998273E-001  9.1237277659328853E-001  9.1506618319833066E-001
  9.1786090800522424E-001  9.2075232319221290E-001  9.2374534621285143E-001  9.2683670537688045E-001  9.3003402340079866E-001
  9.3334549814911383E-001  9.3675367042456403E-001  9.4030215526984684E-001  9.4392632432578538E-001  9.4761467443120317E-001
  9.5135607815151724E-001  9.5514170863167969E-001  9.5895381389938372E-001  9.6277162719250275E-001  9.6658318575259972E-001
  9.7038422545401626E-001  9.7416833502375588E-001  9.7792381486579771E-001  9.8164011858774813E-001  9.8531311773794816E-001
  9.8894211176151114E-001  9.9252361843877590E-001  9.9605052300974273E-001  9.9974014549493107E-001  1.0029241914367300E+000
  1.0062697591771956E+000
BLOCK 63   1.8619606893019093E+001
  1.0103888324845489E+000  1.0138214233018354E+000  1.0171628372419306E+000  1.0204078742383231E+000  1.0235542077647919E+000
  1.0266025552582241E+000  1.0295535949485886E+000  1.0324084551733261E+000  1.0351704416186933E+000  1.0378419128307184E+000
  1.0404268367483969E+000  1.0429382191587513E+000  1.0453848677614006E+000  1.0477611307900654E+000  1.0500762605379292E+000
  1.0523591525308749E+000  1.0546152732789240E+000  1.0568307653558959E+000  1.0590147106692072E+000  1.0612195930329333E+000
  1.0634733036576844E+000  1.0656785881302171E+000  1.0678391699659830E+000  1.0699889346499551E+000  1.0721340547151559E+000
  1.0742529339912759E+000  1.0763369030667864E+000  1.0783906984655078E+000  1.0804017941161972E+000  1.0823590800623994E+000
  1.0842812016398240E+000  1.0861725027325917E+000  1.0880183243858290E+000  1.0898191421640342E+000  1.0915713734830867E+000
  1.0932679534262097E+000  1.0949160838811109E+000  1.0965230634386309E+000  1.0980899796784922E+000  1.0996151244062804E+000
  1.1010929312397340E+000  1.1025193179048205E+000  1.1038972193986827E+000  1.1052335098872390E+000  1.1065305642215704E+000
  1.1077826815242227E+000  1.1089816860273038E+000  1.1101240543984696E+000  1.1112116460260304E+000  1.1122460432457246E+000
  1.1132242847282272E+000  1.1141404973338522E+000  1.1149901825006694E+000  1.1157720456061062E+000  1.1164863421792148E+000
  1.1171325176996343E+000  1.1177083161793069E+000  1.1182111510283341E+000  1.1186398246574174E+000  1.1189949196463238E+000
  1.1192778866552959E+000  1.1194898760252754E+000  1.1196312822569028E+000  1.1197020189428453E+000  1.1197020189440920E+000
  1.1196312822607257E+000  1.1194898760318741E+000  1.1192778866645630E+000  1.1189949196581441E+000  1.1186398246716558E+000
  1.1182111510451598E+000  1.1177083161985766E+000  1.1171325177212279E+000  1.1164863422033344E+000  1.1157720456324847E+000
  1.1149901825290742E+000  1.1141404973642657E+000  1.1132242847607736E+000  1.1122460432803938E+000  1.1112116460623764E+000
  1.1101240544361473E+000  1.1089816860662007E+000  1.1077826815644491E+000  1.1065305642629379E+000  1.1052335099293158E+000
  1.1038972194410008E+000  1.1025193179472317E+000  1.1010929312821318E+000  1.0996151244485080E+000  1.0980899797200632E+000
  1.0965230634792007E+000  1.0949160839205416E+000  1.0932679534643219E+000  1.0915713735196035E+000  1.0898191421985948E+000
  1.0880183244183439E+000  1.0861725027627818E+000  1.0842812016681631E+000  1.0823590800881115E+000  1.0804017941391262E+000
  1.0783906984854028E+000  1.0763369030841388E+000  1.0742529340049405E+000  1.0721340547252911E+000  1.0699889346562881E+000
  1.0678391699682133E+000  1.0656785881281936E+000  1.0634733036515507E+000  1.0612195930229418E+000  1.0590147106556789E+000
  1.0568307653384508E+000  1.0546152732576901E+000  1.0523591525062521E+000  1.0500762605100651E+000  1.0477611307588992E+000
  1.0453848677271609E+000  1.0429382191217014E+000  1.0404268367086371E+000  1.0378419127885181E+000  1.0351704415743606E+000
  1.0324084551270085E+000  1.0295535949004671E+000  1.0266025552085241E+000  1.0235542077136945E+000  1.0204078741861593E+000
  1.0171628371891928E+000  1.0138214232488694E+000  1.0103888324316439E+000  1.0068692643173835E+000  1.0032650035072790E+000
  9.9976777490031266E-001  9.9582012395414699E-001  9.9199644284249366E-001  9.8811475538158766E-001  9.8417947741725698E-001
  9.8019717465906631E-001  9.7617980852669128E-001  9.7214111174902385E-001  9.6809077651848296E-001  9.6403470755043952E-001
  9.5998114194871442E-001  9.5594496919306704E-001  9.5194506413417368E-001  9.4799556177829147E-001  9.4410314696603381E-001
  9.4027676196447674E-001  9.3653387473027583E-001  9.3294141746761139E-001  9.2944034454590629E-001  9.2605032099921158E-001
  9.2276884032812134E-001  9.1958591918602473E-001  9.1650548824192057E-001  9.1352717622498525E-001  9.1065276750762558E-001
  9.0788979150074334E-001  9.0523638553936592E-001  9.0268683618891254E-001  9.0023898718986206E-001  8.9788992994171257E-001
  8.9563870521885180E-001  8.9348576697284610E-001  8.9142732261568447E-001  8.8945828584408193E-001  8.8757570334324343E-001
  8.8577781711607062E-001  8.8406442594572332E-001  8.8243549406586175E-001  8.8088914283445185E-001  8.7942319446171657E-001
  8.7803624566561378E-001  8.7672671670563207E-001  8.7524840719954433E-001  8.7466008027230280E-001  8.7323039990262585E-001
  8.7219895596130848E-001  8.7123667478016076E-001  8.7033789691244379E-001  8.6950550184432684E-001  8.6873705843350668E-001
  8.6803200346870013E-001  8.6738813917634594E-001  8.6680435664698274E-001  8.6628033804980142E-001  8.6581616433660169E-001
  8.6541135811492043E-001  8.6506491863580570E-001  8.6477598730059879E-001  8.6454453081008154E-001  8.6437109506442322E-001
  8.6425595980710412E-001  8.6419869194128540E-001  8.6419869193964416E-001  8.6425595980218128E-001  8.6437109505621590E-001
  8.6454453079863580E-001  8.6477598728601424E-001  8.6506491861812962E-001  8.6541135809420533E-001  8.6581616431290098E-001
  8.6628033802315163E-001  8.6680435661751065E-001  8.6738813914419066E-001  8.6803200343400111E-001  8.6873705839634630E-001
  8.6950550180487707E-001  8.7033789687069529E-001  8.7123667473646216E-001  8.7219895591552066E-001  8.7323039985535822E-001
  8.7466008024744368E-001  8.7524840717419417E-001  8.7672671665373769E-001  8.7803624561186733E-001  8.7942319440653982E-001
  8.8088914277837416E-001  8.8243549400917609E-001  8.8406442588863143E-001  8.8577781705880332E-001  8.8757570328603552E-001
  8.8945828578716502E-001  8.9142732255925738E-001  8.9348576691713688E-001  8.9563870516400934E-001  8.9788992988797078E-001
  9.0023898713756578E-001  9.0268683613848377E-001  9.0523638549109520E-001  9.0788979145480031E-001  9.1065276746420332E-001
  9.1352717618430490E-001  9.1650548820407496E-001  9.1958591915122301E-001  9.2276884029676232E-001  9.2605032097153417E-001
  9.2944034452189417E-001  9.3294141744726711E-001  9.3653387471383986E-001  9.4027676195234500E-001  9.4410314695796504E-001
  9.4799556177448296E-001  9.5194506413465085E-001  9.5594496919866778E-001  9.5998114195841766E-001  9.6403470756546428E-001
  9.6809077653838527E-001  9.7214111177343632E-001  9.7617980855571107E-001  9.8019717469251677E-001  9.8417947745459067E-001
  9.8811475542262905E-001  9.9199644288719058E-001  9.9582012400194408E-001  9.9976777492566482E-001  1.0032650035587463E+000
  1.0068692643697961E+000
BLOCK 64   1.8919923133229158E+001
  1.0111810696865353E+000  1.0148488412895937E+000  1.0183998275640036E+000  1.0218310400913153E+000  1.0251381027286044E+000
  1.0283208607364640E+000  1.0313845928757674E+000  1.0343316301076120E+000  1.0371615160585708E+000  1.0398837390030560E+000
  1.0425149411289525E+000  1.0450605764612606E+000  1.0475186165377455E+000  1.0499024662262080E+000  1.0522404098857849E+000
  1.0545438116154118E+000  1.0568000459405320E+000  1.0590216249013535E+000  1.0612738459461433E+000  1.0635715683866398E+000
  1.0658340492881619E+000  1.0680538346941562E+000  1.0702688591290090E+000  1.0724933501430052E+000  1.0747034055995610E+000
  1.0768918565032990E+000  1.0790613893358023E+000  1.0811977002138100E+000  1.0832932506972979E+000  1.0853600508510355E+000
  1.0874038793628067E+000  1.0894107325483988E+000  1.0913688437591607E+000  1.0932805114397337E+000  1.0951408892667998E+000
  1.0969424813315463E+000  1.0986949875855878E+000  1.1004057035237131E+000  1.1020674301014175E+000  1.1036752284476452E+000
  1.1052278519262075E+000  1.1067237372107843E+000  1.1081662456108361E+000  1.1095605882717650E+000  1.1109078445500669E+000
  1.1122057755603767E+000  1.1134508296429948E+000  1.1146398096903014E+000  1.1157718262395659E+000  1.1168486393296810E+000
  1.1178715868160249E+000  1.1188376775090421E+000  1.1197395176819840E+000  1.1205697668583190E+000  1.1213259268446965E+000
  1.1220101581302946E+000  1.1226241856629040E+000  1.1231651148454795E+000  1.1236272140728687E+000  1.1244995523309578E+000
  1.1246519229970369E+000  1.1247663040594014E+000  1.1248441839686658E+000  1.1248841345641181E+000  1.1248841345648304E+000
  1.1248441839708143E+000  1.1247663040630054E+000  1.1246519230021290E+000  1.1244995523375099E+000  1.1236272140885417E+000
  1.1231651148639057E+000  1.1226241856841570E+000  1.1220101581543953E+000  1.1213259268714184E+000  1.1205697668875212E+000
  1.1197395177135137E+000  1.1188376775430431E+000  1.1178715868523792E+000  1.1168486393679744E+000  1.1157718262796517E+000
  1.1146398097320438E+000  1.1134508296862418E+000  1.1122057756048978E+000  1.1109078445955909E+000  1.1095605883179964E+000
  1.1081662456575325E+000  1.1067237372576026E+000  1.1052278519728109E+000  1.1036752284936895E+000  1.1020674301466575E+000
  1.1004057035680086E+000  1.0986949876288041E+000  1.0969424813731856E+000  1.0951408893063634E+000  1.0932805114770916E+000
  1.0913688437940441E+000  1.0894107325810809E+000  1.0874038793930696E+000  1.0853600508781347E+000  1.0832932507217059E+000
  1.0811977002340660E+000  1.0790613893538430E+000  1.0768918565167276E+000  1.0747034056095419E+000  1.0724933501490626E+000
  1.0702688591304799E+000  1.0680538346913961E+000  1.0658340492810345E+000  1.0635715683748992E+000  1.0612738459297473E+000
  1.0590216248811564E+000  1.0568000459162876E+000  1.0545438115871804E+000  1.0522404098539859E+000  1.0499024661910441E+000
  1.0475186164992569E+000  1.0450605764196268E+000  1.0425149410845154E+000  1.0398837389561080E+000  1.0371615160093792E+000
  1.0343316300564935E+000  1.0313845928230123E+000  1.0283208606823107E+000  1.0251381026732249E+000  1.0218310400350226E+000
  1.0183998275073340E+000  1.0148488412330512E+000  1.0111810696303531E+000  1.0073994683792313E+000  1.0035117463923924E+000
  9.9973817912484075E-001  9.9546299338261923E-001  9.9132154386270965E-001  9.8711256759128785E-001  9.8284852308600468E-001
  9.7854549589587747E-001  9.7421894237984619E-001  9.6987979328176543E-001  9.6553648740704867E-001  9.6120183456887887E-001
  9.5689586503276658E-001  9.5263864830303868E-001  9.4844150722945442E-001  9.4431194567916299E-001  9.4026137188728409E-001
  9.3631288687246972E-001  9.3252567613187265E-001  9.2883880599512103E-001  9.2526282984264008E-001  9.2180102933231378E-001
  9.1844083110452290E-001  9.1518226700662686E-001  9.1202639574803812E-001  9.0897346048792016E-001  9.0603170372621833E-001
  9.0320379892299751E-001  9.0048519121301296E-001  8.9787422920972604E-001  8.9537074286622487E-001  8.9297380871396603E-001
  8.9068380899127553E-001  8.8849921381607322E-001  8.8641498793636120E-001  8.8442729638029793E-001  8.8253485610391946E-001
  8.8073594557532697E-001  8.7902674122139257E-001  8.7740098714845516E-001  8.7543132849126637E-001  8.7468377862525271E-001
  8.7297788584851599E-001  8.7165364480631435E-001  8.7040639505512729E-001  8.6923690817170729E-001  8.6813787253486741E-001
  8.6711210862397536E-001  8.6615275745447373E-001  8.6526103321535353E-001  8.6443495279469373E-001  8.6367311468660657E-001
  8.6297406510816599E-001  8.6233539623562638E-001  8.6175642879240577E-001  8.6123676253507897E-001  8.6077643963416062E-001
  8.6037496708435268E-001  8.6003154920174019E-001  8.5974549812248069E-001  8.5951657799586478E-001  8.5934487221235956E-001
  8.5923047288366816E-001  8.5917334781780763E-001  8.5917334781605015E-001  8.5923047287838483E-001  8.5934487220351552E-001
  8.5951657798346481E-001  8.5974549810656509E-001  8.6003154918239533E-001  8.6037496706173167E-001  8.6077643960834382E-001
  8.6123676250614134E-001  8.6175642876041880E-001  8.6233539620069866E-001  8.6297406507036234E-001  8.6367311464607954E-001
  8.6443495275150184E-001  8.6526103316985237E-001  8.6615275740657260E-001  8.6711210857412868E-001  8.6813787248285346E-001
  8.6923690811787679E-001  8.7040639499957240E-001  8.7165364474918317E-001  8.7297788579028257E-001  8.7468377859622071E-001
  8.7543132846088967E-001  8.7740098708781711E-001  8.7902674115983881E-001  8.8073594551295797E-001  8.8253485604092419E-001
  8.8442729631717998E-001  8.8641498787382611E-001  8.8849921375460938E-001  8.9068380893111931E-001  8.9297380865523068E-001
  8.9537074280905493E-001  8.9787422915432591E-001  9.0048519115972003E-001  9.0320379887217728E-001  9.0603170367814534E-001
  9.0897346044273086E-001  9.1202639570589161E-001  9.1518226696775662E-001  9.1844083106915264E-001  9.2180102930055652E-001
  9.2526282981481833E-001  9.2883880597177582E-001  9.3252567611324455E-001  9.3631288685799241E-001  9.4026137187735070E-001
  9.4431194567434518E-001  9.4844150722935572E-001  9.5263864830824674E-001  9.5689586504312596E-001  9.6120183458509700E-001
  9.6553648742864784E-001  9.6987979330851859E-001  9.7421894241171392E-001  9.7854549593217088E-001  9.8284852312637971E-001
  9.8711256763581778E-001  9.9132154391093508E-001  9.9546299343356459E-001  9.9973817915172181E-001  1.0035117464468977E+000
  1.0073994684347913E+000
BLOCK 65   1.9220239373439224E+001
  1.0118576923344069E+000  1.0157808493511311E+000  1.0195600940810452E+000  1.0231911887207485E+000  1.0266786056693649E+000
  1.0300255866372812E+000  1.0332279481688744E+000  1.0362841105519167E+000  1.0392064251592452E+000  1.0420127742212102E+000
  1.0447087556195325E+000  1.0472921881533948E+000  1.0497797369598596E+000  1.0522052293980508E+000  1.0545775551390815E+000
  1.0568831283738354E+000  1.0591542506404530E+000  1.0614643745532328E+000  1.0637889507782134E+000  1.0661002015311147E+000
  1.0683686163338253E+000  1.0706200384308753E+000  1.0728898010580477E+000  1.0751601109215632E+000  1.0774176434395839E+000
  1.0796670780633457E+000  1.0818963302210358E+000  1.0840951057141872E+000  1.0862759550507699E+000  1.0884455902563035E+000
  1.0905904577091734E+000  1.0926990648041799E+000  1.0947682013037958E+000  1.0967913074182658E+000  1.0987623738979186E+000
  1.1006853619153616E+000  1.1025661102417723E+000  1.1043975600195413E+000  1.1061670980302560E+000  1.1078736776704050E+000
  1.1095205393855208E+000  1.1111057564500282E+000  1.1126319268084521E+000  1.1141052844742623E+000  1.1155247967479396E+000
  1.1168858345041259E+000  1.1181861823534966E+000  1.1194242236701875E+000  1.1206003894474299E+000  1.1217189917196226E+000
  1.1227826004348775E+000  1.1237845861753517E+000  1.1248564465320303E+000  1.1252887914669778E+000  1.1263604089599442E+000
  1.1270793345318451E+000  1.1277311043902327E+000  1.1283116908391033E+000  1.1288139271719833E+000  1.1292328580478794E+000
  1.1295687791252356E+000  1.1298243644780293E+000  1.1299993700123991E+000  1.1300892226048129E+000  1.1300892226064703E+000
  1.1299993700173356E+000  1.1298243644861670E+000  1.1295687791364946E+000  1.1292328580622919E+000  1.1288139271895692E+000
  1.1283116908598505E+000  1.1277311044140219E+000  1.1270793345585275E+000  1.1263604089894466E+000  1.1252887914832008E+000
  1.1248564465497677E+000  1.1237845862132727E+000  1.1227826004752091E+000  1.1217189917621913E+000  1.1206003894920864E+000
  1.1194242237166758E+000  1.1181861824013355E+000  1.1168858345530341E+000  1.1155247967978070E+000  1.1141052845249624E+000
  1.1126319268596949E+000  1.1111057565013382E+000  1.1095205394364065E+000  1.1078736777206017E+000  1.1061670980796432E+000
  1.1043975600680140E+000  1.1025661102889481E+000  1.1006853619606698E+000  1.0987623739410579E+000  1.0967913074587627E+000
  1.0947682013416398E+000  1.0926990648395021E+000  1.0905904577411067E+000  1.0884455902850583E+000  1.0862759550759233E+000
  1.0840951057350947E+000  1.0818963302386402E+000  1.0796670780771738E+000  1.0774176434495826E+000  1.0751601109266069E+000
  1.0728898010583716E+000  1.0706200384269631E+000  1.0683686163252062E+000  1.0661002015176686E+000  1.0637889507598302E+000
  1.0614643745295551E+000  1.0591542506124514E+000  1.0568831283419320E+000  1.0545775551031120E+000  1.0522052293583111E+000
  1.0497797369167277E+000  1.0472921881069843E+000  1.0447087555700032E+000  1.0420127741688994E+000  1.0392064251046169E+000
  1.0362841104953378E+000  1.0332279481106339E+000  1.0300255865777510E+000  1.0266786056089041E+000  1.0231911886595446E+000
  1.0195600940194838E+000  1.0157808492899274E+000  1.0118576922740992E+000  1.0078025185450343E+000  1.0036273480979006E+000
  9.9963868184428406E-001  9.9495167514507965E-001  9.9047324345014298E-001  9.8592272092648914E-001  9.8132038466979199E-001
  9.7668348321574661E-001  9.7202542281984294E-001  9.6736006521666784E-001  9.6270670734946850E-001  9.5808952440818596E-001
  9.5352970390714031E-001  9.4903954303266891E-001  9.4462967213311744E-001  9.4031420485545836E-001  9.3612247509364965E-001
  9.3210655458447511E-001  9.2820889743048318E-001  9.2443200414101989E-001  9.2078112352414898E-001  9.1724269304777906E-001
  9.1381144491521338E-001  9.1048781039664473E-001  9.0726941911861447E-001  9.0416145844724005E-001  9.0116797930120673E-001
  8.9828463285985682E-001  8.9550889422931668E-001  8.9284316466133462E-001  8.9029065055288681E-001  8.8785462866239873E-001
  8.8553562908938122E-001  8.8332849056951768E-001  8.8122570627210395E-001  8.7922095490409824E-001  8.7730917228122351E-001
  8.7524804847919169E-001  8.7375483056855952E-001  8.7211371864386256E-001  8.7056223517056397E-001  8.6909004391131961E-001
  8.6769769213911951E-001  8.6638529093958816E-001  8.6514623923550382E-001  8.6398286837665483E-001  8.6289213366988371E-001
  8.6186855665911588E-001  8.6091552798372062E-001  8.6002854114682759E-001  8.5920888239465421E-001  8.5845483704166170E-001
  8.5776353857990240E-001  8.5713401547687762E-001  8.5656390661824533E-001  8.5605291007263273E-001  8.5560012936271335E-001
  8.5520495712498323E-001  8.5486663395029516E-001  8.5458462287782488E-001  8.5435884446239319E-001  8.5418937340509971E-001
  8.5407634817263511E-001  8.5401980924585008E-001  8.5401980924393528E-001  8.5407634816683597E-001  8.5418937339541523E-001
  8.5435884444891330E-001  8.5458462286061210E-001  8.5486663392938256E-001  8.5520495710045219E-001  8.5560012933464558E-001
  8.5605291004115791E-001  8.5656390658342918E-001  8.5713401543887002E-001  8.5776353853876497E-001  8.5845483699746772E-001
  8.5920888234771076E-001  8.6002854109704718E-001  8.6091552793146253E-001  8.6186855660439798E-001  8.6289213361297379E-001
  8.6398286831779003E-001  8.6514623917471434E-001  8.6638529087710259E-001  8.6769769207522862E-001  8.6909004384606081E-001
  8.7056223510417718E-001  8.7211371857702802E-001  8.7375483050116542E-001  8.7524804844533577E-001  8.7730917221386562E-001
  8.7922095483682106E-001  8.8122570620509855E-001  8.8332849050296003E-001  8.8553562902351579E-001  8.8785462859759723E-001
  8.9029065048952893E-001  8.9284316459985258E-001  8.9550889417019919E-001  8.9828463280342175E-001  9.0116797924761416E-001
  9.0416145839672502E-001  9.0726941907154135E-001  9.1048781035323223E-001  9.1381144487551491E-001  9.1724269301202666E-001
  9.2078112349277852E-001  9.2443200411401882E-001  9.2820889740816503E-001  9.3210655456743396E-001  9.3612247508256119E-001
  9.4031420485028183E-001  9.4462967213295868E-001  9.4903954303845783E-001  9.5352970391856529E-001  9.5808952442541806E-001
  9.6270670737251340E-001  9.6736006524561158E-001  9.7202542285361582E-001  9.7668348325404963E-001  9.8132038471281002E-001
  9.8592272097382161E-001  9.9047324350095023E-001  9.9495167519865890E-001  9.9963868187258798E-001  1.0036273481558149E+000
  1.0078025186042683E+000
BLOCK 66   1.9520555613649289E+001
  1.0123853943734724E+000  1.0165731381929550E+000  1.0205997210336346E+000  1.0244610207046845E+000  1.0281561477028101E+000
  1.0316829809921026E+000  1.0350411020902042E+000  1.0382392380047398E+000  1.0412903480207056E+000  1.0441979544951947E+000
  1.0469643434781715E+000  1.0496141721491645E+000  1.0521777276639090E+000  1.0546509368354917E+000  1.0570362608020643E+000
  1.0594058096253798E+000  1.0617807709087359E+000  1.0641557447217038E+000  1.0665046594829468E+000  1.0688401231989686E+000
  1.0711273010824429E+000  1.0734150289776618E+000  1.0757213797478613E+000  1.0780237504765531E+000  1.0803228879425686E+000
  1.0826158929606815E+000  1.0848870020748163E+000  1.0871430884357447E+000  1.0893997481780722E+000  1.0916503530093411E+000
  1.0938797892958412E+000  1.0960814738600502E+000  1.0982481101741948E+000  1.1003716280303852E+000  1.1024547358425090E+000
  1.1045025803167154E+000  1.1065078947168121E+000  1.1084578068742355E+000  1.1103467745788504E+000  1.1121743681205711E+000
  1.1139384990779326E+000  1.1156381202772963E+000  1.1172778086275612E+000  1.1188606324069876E+000  1.1203791670582246E+000
  1.1218223708272472E+000  1.1231868566824919E+000  1.1247356004155686E+000  1.1253521207373141E+000  1.1268547159518187E+000
  1.1279520012191573E+000  1.1289825065918013E+000  1.1299425943211101E+000  1.1308322711071161E+000  1.1316540130661223E+000
  1.1324094619607683E+000  1.1330968014793976E+000  1.1337102926630258E+000  1.1342428444390396E+000  1.1346902763682736E+000
  1.1350520352645832E+000  1.1353283363799862E+000  1.1355169435611956E+000  1.1356132020468772E+000  1.1356132020487881E+000
  1.1355169435668548E+000  1.1353283363892639E+000  1.1350520352774411E+000  1.1346902763847668E+000  1.1342428444591723E+000
  1.1337102926866700E+000  1.1330968015063991E+000  1.1324094619910801E+000  1.1316540130996326E+000  1.1308322711437155E+000
  1.1299425943603876E+000  1.1289825066337877E+000  1.1279520012633428E+000  1.1268547159986804E+000  1.1253521207619006E+000
  1.1247356004410096E+000  1.1231868567348069E+000  1.1218223708812416E+000  1.1203791671133927E+000  1.1188606324628876E+000
  1.1172778086838298E+000  1.1156381203335501E+000  1.1139384991337116E+000  1.1121743681755112E+000  1.1103467746328775E+000
  1.1084578069270856E+000  1.1065078947679348E+000  1.1045025803658504E+000  1.1024547358891557E+000  1.1003716280740876E+000
  1.0982481102151953E+000  1.0960814738978486E+000  1.0938797893298804E+000  1.0916503530396744E+000  1.0893997482040396E+000
  1.0871430884573150E+000  1.0848870020928392E+000  1.0826158929742131E+000  1.0803228879515157E+000  1.0780237504806791E+000
  1.0757213797476572E+000  1.0734150289719853E+000  1.0711273010717031E+000  1.0688401231839966E+000  1.0665046594624545E+000
  1.0641557446952874E+000  1.0617807708770479E+000  1.0594058095884269E+000  1.0570362607610206E+000  1.0546509367906529E+000
  1.0521777276151727E+000  1.0496141720969958E+000  1.0469643434229721E+000  1.0441979544370679E+000  1.0412903479599744E+000
  1.0382392379419949E+000  1.0350411020259331E+000  1.0316829809266017E+000  1.0281561476364902E+000  1.0244610206379310E+000
  1.0205997209667372E+000  1.0165731381264400E+000  1.0123853943080900E+000  1.0080460675724126E+000  1.0035669505117586E+000
  9.9893829627808384E-001  9.9423362637375645E-001  9.8941202837857345E-001  9.8451507422147644E-001  9.7956413026006339E-001
  9.7457671032386006E-001  9.6957083463857374E-001  9.6457125262706966E-001  9.5960784330135751E-001  9.5470546632041642E-001
  9.4987957117442379E-001  9.4514526693559864E-001  9.4052018909914936E-001  9.3603881837917979E-001  9.3175101767060420E-001
  9.2760161065075442E-001  9.2358911064693461E-001  9.1971905384022523E-001  9.1597751683983153E-001  9.1235484164523095E-001
  9.0884961976559664E-001  9.0545875622446159E-001  9.0218646454490170E-001  8.9903853940124012E-001  8.9601160863909379E-001
  8.9310024387899045E-001  8.9030272638853680E-001  8.8761747308172867E-001  8.8504320005174897E-001  8.8257959073818482E-001
  8.8022348841509834E-001  8.7796931591570859E-001  8.7541453018079063E-001  8.7375927340510873E-001  8.7181335679243532E-001
  8.6997562760864200E-001  8.6823736280886843E-001  8.6659618714658593E-001  8.6504932386311717E-001  8.6358727061686036E-001
  8.6220847742800288E-001  8.6091327724049216E-001  8.5969445366750108E-001  8.5854883702440099E-001  8.5747527369592380E-001
  8.5646791796667354E-001  8.5552658440929796E-001  8.5465286677834817E-001  8.5384244911407869E-001  8.5309702211602700E-001
  8.5241368548441265E-001  8.5179087525101260E-001  8.5122901396002904E-001  8.5072639747765133E-001  8.5028292534838301E-001
  8.4989694859596387E-001  8.4956716554932199E-001  8.4929270085085384E-001  8.4907315109438974E-001  8.4890862326358718E-001
  8.4879908555906247E-001  8.4874438255405504E-001  8.4874438255192874E-001  8.4879908555271988E-001  8.4890862325309924E-001
  8.4907315107984838E-001  8.4929270083227604E-001  8.4956716552674916E-001  8.4989694856947073E-001  8.5028292531800465E-001
  8.5072639744344414E-001  8.5122901392210393E-001  8.5179087520956731E-001  8.5241368543958207E-001  8.5309702206801674E-001
  8.5384244906290530E-001  8.5465286672427598E-001  8.5552658435225770E-001  8.5646791790692689E-001  8.5747527363364440E-001
  8.5854883695985895E-001  8.5969445360080010E-001  8.6091327717197319E-001  8.6220847735793815E-001  8.6358727054525253E-001
  8.6504932379043431E-001  8.6659618707301156E-001  8.6823736273477903E-001  8.6997562753436453E-001  8.7181335671834215E-001
  8.7375927333178238E-001  8.7541453014379500E-001  8.7796931584374571E-001  8.8022348834410957E-001  8.8257959066835034E-001
  8.8504319998330794E-001  8.8761747301495841E-001  8.9030272632373408E-001  8.9310024381645181E-001  8.9601160857915907E-001
  8.9903853934427758E-001  9.0218646449124762E-001  9.0545875617462257E-001  9.0884961972027500E-001  9.1235484160501101E-001
  9.1597751680484907E-001  9.1971905381037589E-001  9.2358911062247406E-001  9.2760161063204494E-001  9.3175101765782142E-001
  9.3603881837257963E-001  9.4052018909891510E-001  9.4514526694226575E-001  9.4987957118744704E-001  9.5470546633828002E-001
  9.5960784332571047E-001  9.6457125265636368E-001  9.6957083467318805E-001  9.7457671036411686E-001  9.7956413030532929E-001
  9.8451507427098883E-001  9.8941202843182163E-001  9.9423362643047952E-001  9.9893829633735554E-001  1.0035669505736833E+000
  1.0080460676361480E+000
BLOCK 67   1.9820871853859355E+001
  1.0127320564187896E+000  1.0172041409631023E+000  1.0215009230391310E+000  1.0256157039457796E+000  1.0295373216510058E+000
  1.0332625091747829E+000  1.0368028044169386E+000  1.0401689237730005E+000  1.0433581644785370E+000  1.0463776977544956E+000
  1.0492601325007518E+000  1.0520205881168541E+000  1.0546493062440050E+000  1.0571927013427260E+000  1.0597089241384376E+000
  1.0621643300248089E+000  1.0646427489358623E+000  1.0670522452266247E+000  1.0694510895837335E+000  1.0718138190539048E+000
  1.0741301034284916E+000  1.0764537652684167E+000  1.0787893946549925E+000  1.0811206319737836E+000  1.0834542980408142E+000
  1.0857803623011884E+000  1.0880872106323927E+000  1.0903916485677390E+000  1.0927053569638252E+000  1.0950168906859217E+000
  1.0973148331026550E+000  1.0995924056783815E+000  1.1018403538246766E+000  1.1040565510869296E+000  1.1062467950689525E+000
  1.1084086790364136E+000  1.1105307292274962E+000  1.1126059266134372E+000  1.1146307116677887E+000  1.1165969884320242E+000
  1.1184979628028899E+000  1.1203326063229975E+000  1.1220972388715593E+000  1.1237835574419264E+000  1.1251961916331716E+000
  1.1269085336162024E+000  1.1283545185770545E+000  1.1297255479807564E+000  1.1310235883726758E+000  1.1322533459226511E+000
  1.1334099918608183E+000  1.1344892155625304E+000  1.1354905902582992E+000  1.1364182568651839E+000  1.1372748973396698E+000
  1.1380596076947604E+000  1.1387694180825596E+000  1.1393976659896869E+000  1.1399386309240103E+000  1.1403913260811331E+000
  1.1407575593993453E+000  1.1410376975904426E+000  1.1412289945407170E+000  1.1413266186758153E+000  1.1413266186779378E+000
  1.1412289945471141E+000  1.1410376976011549E+000  1.1407575594143005E+000  1.1403913261001779E+000  1.1399386309470059E+000
  1.1393976660165619E+000  1.1387694181132777E+000  1.1380596077291962E+000  1.1372748973775590E+000  1.1364182569062957E+000
  1.1354905903024384E+000  1.1344892156094011E+000  1.1334099919104685E+000  1.1322533459745150E+000  1.1310235884269206E+000
  1.1297255480366872E+000  1.1283545186343453E+000  1.1269085336748452E+000  1.1251961916605255E+000  1.1237835575020434E+000
  1.1220972389324022E+000  1.1203326063842365E+000  1.1184979628641007E+000  1.1165969884927627E+000  1.1146307117274814E+000
  1.1126059266712220E+000  1.1105307292829780E+000  1.1084086790893948E+000  1.1062467951189123E+000  1.1040565511338898E+000
  1.1018403538686894E+000  1.0995924057187094E+000  1.0973148331388773E+000  1.0950168907178128E+000  1.0927053569907308E+000
  1.0903916485901353E+000  1.0880872106507329E+000  1.0857803623145870E+000  1.0834542980492756E+000  1.0811206319768625E+000
  1.0787893946528737E+000  1.0764537652607853E+000  1.0741301034162378E+000  1.0718138190366577E+000  1.0694510895604856E+000
  1.0670522451972646E+000  1.0646427489012491E+000  1.0621643299837062E+000  1.0597089240917046E+000  1.0571927012909177E+000
  1.0546493061886499E+000  1.0520205880579439E+000  1.0492601324384196E+000  1.0463776976893939E+000  1.0433581644110168E+000
  1.0401689237033642E+000  1.0368028043457831E+000  1.0332625091026253E+000  1.0295373215781765E+000  1.0256157038727183E+000
  1.0215009229663334E+000  1.0172041408909633E+000  1.0127320563478335E+000  1.0080882004922229E+000  1.0032821084447991E+000
  9.9831725724645615E-001  9.9325859106855796E-001  9.8808860035129142E-001  9.8283852772779690E-001  9.7752798992841139E-001
  9.7218214187909591E-001  9.6683165346843059E-001  9.6150843278137743E-001  9.5623904769380952E-001  9.5104530099639761E-001
  9.4595206517764763E-001  9.4097848354330105E-001  9.3615056098058114E-001  9.3154328486713778E-001  9.2708573784261894E-001
  9.2278841373285991E-001  9.1865059651296965E-001  9.1466244483841963E-001  9.1081640582517709E-001  9.0711155650442543E-001
  9.0354328106022330E-001  9.0011071428428824E-001  8.9681476960038187E-001  8.9364829967589310E-001  8.9060101386981738E-001
  8.8766704947150210E-001  8.8484294478913406E-001  8.8212619961478711E-001  8.7951635576841147E-001  8.7701158310332039E-001
  8.7479341524241550E-001  8.7232359313169872E-001  8.7014486373482780E-001  8.6807544672309334E-001  8.6611975922174045E-001
  8.6427266757031895E-001  8.6252752890500772E-001  8.6088378923330156E-001  8.5933727495042700E-001  8.5788104516786801E-001
  8.5651446993327107E-001  8.5523631104963982E-001  8.5403831128042773E-001  8.5291547505145859E-001  8.5186586453957425E-001
  8.5088372925596800E-001  8.4996752842047429E-001  8.4911770382530249E-001  8.4833000225100308E-001  8.4760182145734020E-001
  8.4693353098122248E-001  8.4632190721932998E-001  8.4576907804762436E-001  8.4527536366264744E-001  8.4483943410122153E-001
  8.4446117544757071E-001  8.4413853890087143E-001  8.4387102407625747E-001  8.4365841440435196E-001  8.4350031153559302E-001
  8.4339601235770978E-001  8.4334426267494067E-001  8.4334426267271312E-001  8.4339601235097816E-001  8.4350031152437754E-001
  8.4365841438864919E-001  8.4387102405610603E-001  8.4413853887635093E-001  8.4446117541877419E-001  8.4483943406826856E-001
  8.4527536362562816E-001  8.4576907800666778E-001  8.4632190717437161E-001  8.4693353093250745E-001  8.4760182140496598E-001
  8.4833000219510779E-001  8.4911770376605822E-001  8.4996752835813738E-001  8.5088372919055177E-001  8.5186586447143842E-001
  8.5291547498073372E-001  8.5403831120735030E-001  8.5523631097460817E-001  8.5651446985650781E-001  8.5788104508966911E-001
  8.5933727487097045E-001  8.6088378915303732E-001  8.6252752882392636E-001  8.6427266748883647E-001  8.6611975914031036E-001
  8.6807544664201219E-001  8.7014486365434973E-001  8.7232359305177365E-001  8.7479341520680054E-001  8.7701158302678106E-001
  8.7951635569337416E-001  8.8212619954176297E-001  8.8484294471819247E-001  8.8766704940294316E-001  8.9060101380414425E-001
  8.9364829961342196E-001  8.9681476954137362E-001  9.0011071422928846E-001  9.0354328100966508E-001  9.0711155645886499E-001
  9.1081640578505896E-001  9.1466244480443482E-001  9.1865059648574521E-001  9.2278841371254583E-001  9.2708573782892434E-001
  9.3154328486004934E-001  9.3615056097988791E-001  9.4097848354893632E-001  9.4595206518948238E-001  9.5104530101461948E-001
  9.5623904771824009E-001  9.6150843281212650E-001  9.6683165350493827E-001  9.7218214192125119E-001  9.7752798997561408E-001
  9.8283852777966874E-001  9.8808860040764424E-001  9.9325859112869230E-001  9.9831725730847731E-001  1.0032821085111741E+000
  1.0080882005612009E+000
BLOCK 68   2.0121188094069421E+001
  1.0128531700094796E+000  1.0176392683159863E+000  1.0222256740039430E+000  1.0266032726315044E+000  1.0307706134107504E+000
  1.0347304487716416E+000  1.0384789158740675E+000  1.0420165962570287E+000  1.0453688435922490E+000  1.0485576842294813E+000
  1.0515725876666542E+000  1.0544360865209690E+000  1.0572186632397074E+000  1.0599122991372547E+000  1.0625407398566404E+000
  1.0651406705032920E+000  1.0676855011683184E+000  1.0701686633735987E+000  1.0726293730620846E+000  1.0750368341235754E+000
  1.0773962508328561E+000  1.0797580560688265E+000  1.0821242085491578E+000  1.0844850660816319E+000  1.0868459739233354E+000
  1.0891953578224063E+000  1.0915299312903577E+000  1.0938709773857755E+000  1.0962251724335381E+000  1.0985796817695532E+000
  1.1009281860272535E+000  1.1032675436813990E+000  1.1055911307958535E+000  1.1079001013900254E+000  1.1101991795674402E+000
  1.1124801261961275E+000  1.1147257211996249E+000  1.1169230551357821E+000  1.1190626837666267E+000  1.1211373163679215E+000
  1.1231464705024810E+000  1.1250499692709415E+000  1.1269723677096235E+000  1.1287781739857672E+000  1.1305029654220187E+000
  1.1321459532552465E+000  1.1337085879883100E+000  1.1351918754221257E+000  1.1365962261601394E+000  1.1379195840019016E+000
  1.1391564416407034E+000  1.1403024753574644E+000  1.1413613179117470E+000  1.1423352198114431E+000  1.1432252450583293E+000
  1.1440318011229975E+000  1.1447518276653033E+000  1.1453805615499286E+000  1.1459164472900292E+000  1.1463625607313523E+000
  1.1467215809511531E+000  1.1469941357293019E+000  1.1471792009391844E+000  1.1472735317563325E+000  1.1472735317587441E+000
  1.1471792009464723E+000  1.1469941357415188E+000  1.1467215809682414E+000  1.1463625607531285E+000  1.1459164473162629E+000
  1.1453805615804387E+000  1.1447518277000230E+000  1.1440318011617792E+000  1.1432252451009630E+000  1.1423352198576391E+000
  1.1413613179611437E+000  1.1403024754099129E+000  1.1391564416960840E+000  1.1379195840599636E+000  1.1365962262204647E+000
  1.1351918754842090E+000  1.1337085880519462E+000  1.1321459533203100E+000  1.1305029654879117E+000  1.1287781740519858E+000
  1.1269723677759764E+000  1.1250499692992924E+000  1.1231464705674625E+000  1.1211373164324110E+000  1.1190626838302833E+000
  1.1169230551980338E+000  1.1147257212599806E+000  1.1124801262538273E+000  1.1101991796219333E+000  1.1079001014412972E+000
  1.1055911308434487E+000  1.1032675437244810E+000  1.1009281860655100E+000  1.0985796818026656E+000  1.0962251724615084E+000
  1.0938709774091924E+000  1.0915299313088693E+000  1.0891953578357176E+000  1.0868459739311294E+000  1.0844850660826746E+000
  1.0821242085449851E+000  1.0797580560595383E+000  1.0773962508184964E+000  1.0750368341033250E+000  1.0726293730362524E+000
  1.0701686633408911E+000  1.0676855011293980E+000  1.0651406704587032E+000  1.0625407398049043E+000  1.0599122990800616E+000
  1.0572186631764948E+000  1.0544360864534772E+000  1.0515725875961792E+000  1.0485576841558890E+000  1.0453688435159603E+000
  1.0420165961791068E+000  1.0384789157947774E+000  1.0347304486916535E+000  1.0307706133306351E+000  1.0266032725516243E+000
  1.0222256739247004E+000  1.0176392682379123E+000  1.0128531699329897E+000  1.0078790037715255E+000  1.0027310105456564E+000
  9.9742708512614442E-001  9.9199705085523504E-001  9.8646329231286756E-001  9.8084916452764770E-001  9.7517849893790620E-001
  9.6948156061236712E-001  9.6379576283568735E-001  9.5815531377615837E-001  9.5258325188677928E-001  9.4710475375835002E-001
  9.4174815594230776E-001  9.3652664272518993E-001  9.3154186394302863E-001  9.2672906834242363E-001  9.2210528886188403E-001
  9.1766452519094122E-001  9.1339713496318253E-001  9.0929648918320360E-001  9.0535867031636796E-001  9.0157741995953300E-001
  8.9795013360263787E-001  8.9447338802723819E-001  8.9113682203896416E-001  8.8792818928657158E-001  8.8483983518309806E-001
  8.8186712095985842E-001  8.7900619162619487E-001  8.7564284442689555E-001  8.7362025327336590E-001  8.7110737679169370E-001
  8.6871142178706806E-001  8.6642369808943698E-001  8.6424488254311838E-001  8.6218028335844021E-001  8.6022662743757539E-001
  8.5837741427459258E-001  8.5663206806015513E-001  8.5498920328650629E-001  8.5344316973642831E-001  8.5199211390741203E-001
  8.5063724483792191E-001  8.4937332148664957E-001  8.4819226981312379E-001  8.4709075328054884E-001  8.4606514218706386E-001
  8.4511007237583746E-001  8.4422390096505506E-001  8.4340525587033732E-001  8.4264800885027979E-001  8.4194872369149842E-001
  8.4130655039118230E-001  8.4071928143711316E-001  8.4018713133150658E-001  8.3971158093189391E-001  8.3928939967092531E-001
  8.3892011769546637E-001  8.3860287069954265E-001  8.3833706960983034E-001  8.3812471077091677E-001  8.3796621310409058E-001
  8.3786144194662693E-001  8.3780954525868878E-001  8.3780954525624152E-001  8.3786144193931689E-001  8.3796621309193553E-001
  8.3812471075392603E-001  8.3833706958801701E-001  8.3860287067302153E-001  8.3892011766436059E-001  8.3928939963520177E-001
  8.3971158089172582E-001  8.4018713128694766E-001  8.4071928138823515E-001  8.4130655033806467E-001  8.4194872363430984E-001
  8.4264800878912283E-001  8.4340525580555292E-001  8.4422390089687949E-001  8.4511007230442869E-001  8.4606514211266681E-001
  8.4709075320344174E-001  8.4819226973345130E-001  8.4937332140463695E-001  8.5063724475404090E-001  8.5199211382189477E-001
  8.5344316964946398E-001  8.5498920319839500E-001  8.5663206797155111E-001  8.5837741418551450E-001  8.6022662734830080E-001
  8.6218028326919971E-001  8.6424488245436792E-001  8.6642369800130647E-001  8.6871142169966309E-001  8.7110737670626404E-001
  8.7362025318998726E-001  8.7564284438518036E-001  8.7900619154774173E-001  8.8186712088407182E-001  8.8483983511079267E-001
  8.8792818921816630E-001  8.9113682197478838E-001  8.9447338796791143E-001  8.9795013354855824E-001  9.0157741991089635E-001
  9.0535867027345351E-001  9.0929648914627292E-001  9.1339713493243446E-001  9.1766452516674168E-001  9.2210528884459086E-001
  9.2672906833248292E-001  9.3154186394051663E-001  9.3652664272921426E-001  9.4174815595373995E-001  9.4710475377678827E-001
  9.5258325191161319E-001  9.5815531380741692E-001  9.6379576287361557E-001  9.6948156065602542E-001  9.7517849898740416E-001
  9.8084916458229854E-001  9.8646329237208719E-001  9.9199705091904966E-001  9.9742708519352796E-001  1.0027310106176786E+000
  1.0078790038460399E+000
BLOCK 69   2.0421504334279486E+001
  1.0126997944969514E+000  1.0178113011202665E+000  1.0227025106622889E+000  1.0273717573654966E+000  1.0318140399482636E+000
  1.0360194308702306E+000  1.0399956645656465E+000  1.0437627005811836E+000  1.0473179938176713E+000  1.0506665296326743E+000
  1.0538666603924027E+000  1.0569436194141892E+000  1.0598727417264464E+000  1.0627620755950700E+000  1.0655455477101092E+000
  1.0682745426912819E+000  1.0709229471876192E+000  1.0735050098314847E+000  1.0760428333523302E+000  1.0785096996595693E+000
  1.0809270795980019E+000  1.0833396132505722E+000  1.0857440349475731E+000  1.0881328510228749E+000  1.0905129404762479E+000
  1.0928783956861237E+000  1.0952331142253322E+000  1.0976011715681127E+000  1.0999921880378851E+000  1.1023974155678580E+000
  1.1048091324208509E+000  1.1072180327595749E+000  1.1096140864260651E+000  1.1119986560808321E+000  1.1143753883544436E+000
  1.1167346154481639E+000  1.1190609343173621E+000  1.1213433144633227E+000  1.1235738651883547E+000  1.1253823316797578E+000
  1.1278764715609810E+000  1.1299518621879960E+000  1.1319668736878303E+000  1.1339089954905399E+000  1.1357714391941864E+000
  1.1375519618146168E+000  1.1392492714616458E+000  1.1408621850688574E+000  1.1423871291201959E+000  1.1438175558161197E+000
  1.1451477482833989E+000  1.1463767500675479E+000  1.1475061242786320E+000  1.1485367241771980E+000  1.1494680543881035E+000
  1.1503006013580386E+000  1.1510329986715586E+000  1.1516661044101331E+000  1.1522037553905586E+000  1.1526487033679282E+000
  1.1530024280721554E+000  1.1532664597992859E+000  1.1534418817559950E+000  1.1535292268738728E+000  1.1535292268765178E+000
  1.1534418817641467E+000  1.1532664598129911E+000  1.1530024280913866E+000  1.1526487033923785E+000  1.1522037554200282E+000
  1.1516661044444336E+000  1.1510329987106631E+000  1.1503006014016646E+000  1.1494680544360727E+000  1.1485367242290823E+000
  1.1475061243341376E+000  1.1463767501265680E+000  1.1451477483454731E+000  1.1438175558809889E+000  1.1423871291874037E+000
  1.1408621851378611E+000  1.1392492715321503E+000  1.1375519618865297E+000  1.1357714392670708E+000  1.1339089955636745E+000
  1.1319668737606807E+000  1.1299518622601046E+000  1.1278764716319769E+000  1.1253823317135820E+000  1.1235738652563723E+000
  1.1213433145294442E+000  1.1190609343809643E+000  1.1167346155087496E+000  1.1143753884120164E+000  1.1119986561353974E+000
  1.1096140864770108E+000  1.1072180328062848E+000  1.1048091324625142E+000  1.1023974156037404E+000  1.0999921880682122E+000
  1.0976011715926939E+000  1.0952331142438660E+000  1.0928783956987644E+000  1.0905129404822524E+000  1.0881328510224462E+000
  1.0857440349415710E+000  1.0833396132379414E+000  1.0809270795802397E+000  1.0785096996359635E+000  1.0760428333236896E+000
  1.0735050097950201E+000  1.0709229471440498E+000  1.0682745426420104E+000  1.0655455476534221E+000  1.0627620755327156E+000
  1.0598727416568263E+000  1.0569436193390613E+000  1.0538666603117999E+000  1.0506665295490678E+000  1.0473179937320711E+000
  1.0437627004933332E+000  1.0399956644765098E+000  1.0360194307807213E+000  1.0318140398589828E+000  1.0273717572771961E+000
  1.0227025105755463E+000  1.0178113010353158E+000  1.0126997944142793E+000  1.0073813620733481E+000  1.0018902327883361E+000
  9.9622298549339461E-001  9.9043179362426093E-001  9.8452962621138163E-001  9.7854447094918695E-001  9.7250781968547417E-001
  9.6645542706832444E-001  9.6042809196501489E-001  9.5446039455894094E-001  9.4858041775537338E-001  9.4282672839730264E-001
  9.3722760355856560E-001  9.3181803726312062E-001  9.2664220761875549E-001  9.2166358837012763E-001  9.1688102988412368E-001
  9.1228472314273057E-001  9.0787411323734080E-001  9.0364497554583700E-001  8.9959312671481029E-001  8.9571679378264557E-001
  8.9200974982959913E-001  8.8845960466295915E-001  8.8505403444586528E-001  8.8178467891575374E-001  8.7864646813978053E-001
  8.7532979065931771E-001  8.7275726130606102E-001  8.7001169900147812E-001  8.6739687797467402E-001  8.6490294599594353E-001
  8.6251932926590946E-001  8.6024770471053280E-001  8.5809203363846465E-001  8.5604718644761080E-001  8.5410731559399145E-001
  8.5227288760786613E-001  8.5054209282176785E-001  8.4890913761144282E-001  8.4737307171354148E-001  8.4593635988946048E-001
  8.4459550793746718E-001  8.4334356431605484E-001  8.4217747134866927E-001  8.4109475271744483E-001  8.4009037399398601E-001
  8.3916135091546284E-001  8.3830662173107895E-001  8.3752090903167331E-001  8.3679740309714989E-001  8.3613294779374980E-001
  8.3552481067966455E-001  8.3496963784253875E-001  8.3446708163174999E-001  8.3401649163906089E-001  8.3361441512260426E-001
  8.3325974833671723E-001  8.3295303263457854E-001  8.3269381858537506E-001  8.3248523101881422E-001  8.3232879089619349E-001
  8.3222442603759095E-001  8.3217272771690243E-001  8.3217272771428985E-001  8.3222442602978286E-001  8.3232879088313105E-001
  8.3248523100053007E-001  8.3269381856186730E-001  8.3295303260592668E-001  8.3325974830281524E-001  8.3361441508344192E-001
  8.3401649159498492E-001  8.3446708158298244E-001  8.3496963778908406E-001  8.3552481062172179E-001  8.3613294773153679E-001
  8.3679740303071570E-001  8.3752090896119880E-001  8.3830662165685299E-001  8.3916135083769927E-001  8.4009037391277908E-001
  8.4109475263313804E-001  8.4217747126173925E-001  8.4334356422677548E-001  8.4459550784603643E-001  8.4593635979623727E-001
  8.4737307161871800E-001  8.4890913751512276E-001  8.5054209272425096E-001  8.5227288750978580E-001  8.5410731549555940E-001
  8.5604718634888333E-001  8.5809203354001951E-001  8.6024770461270961E-001  8.6251932916901264E-001  8.6490294590044625E-001
  8.6739687788103670E-001  8.7001169891090524E-001  8.7275726121834207E-001  8.7532979061749838E-001  8.7864646806010183E-001
  8.8178467884113820E-001  8.8505403437633412E-001  8.8845960459859041E-001  8.9200974977081793E-001  8.9571679372979673E-001
  8.9959312666836433E-001  9.0364497550597500E-001  9.0787411320397182E-001  9.1228472311605036E-001  9.1688102986434550E-001
  9.2166358835726037E-001  9.2664220761308425E-001  9.3181803726467438E-001  9.3722760356770374E-001  9.4282672841458626E-001
  9.4858041778030500E-001  9.5446039458983734E-001  9.6042809200360224E-001  9.6645542711330712E-001  9.7250781973690070E-001
  9.7854447100742825E-001  9.8452962627551699E-001  9.9043179369327039E-001  9.9622298556676148E-001  1.0018902328644190E+000
  1.0073813621533918E+000
BLOCK 70   2.0721820574489552E+001
  1.0122334970680218E+000  1.0176818955796163E+000  1.0228985444653620E+000  1.0278678011025888E+000  1.0325895363377180E+000
  1.0370794135927544E+000  1.0413358182499082E+000  1.0453413498172988E+000  1.0491197736867244E+000  1.0527282933452580E+000
  1.0561726937889904E+000  1.0594512331647594E+000  1.0626320297367455E+000  1.0657174869566766E+000  1.0686971088513122E+000
  1.0715780229361258E+000  1.0743586057711361E+000  1.0770645862977624E+000  1.0796850907767541E+000  1.0822160835627801E+000
  1.0847020706970489E+000  1.0871739712843007E+000  1.0896234016307764E+000  1.0920520127015074E+000  1.0944712737694779E+000
  1.0968777687821003E+000  1.0992770309229807E+000  1.1016904741766296E+000  1.1041242000446405E+000  1.1065680829217364E+000
  1.1090151341171881E+000  1.1114585709696003E+000  1.1138913596828128E+000  1.1163169121327516E+000  1.1187401916231612E+000
  1.1211539279735592E+000  1.1235453875471180E+000  1.1254621194688150E+000  1.1282319394602982E+000  1.1305193383441337E+000
  1.1327687705323863E+000  1.1349747920131326E+000  1.1371238738733107E+000  1.1392032797325262E+000  1.1412060778796731E+000
  1.1431272700374742E+000  1.1449632912167618E+000  1.1467105571878815E+000  1.1483611321442022E+000  1.1499049373000068E+000
  1.1513371427856656E+000  1.1526585063248336E+000  1.1538704257793369E+000  1.1549727470082345E+000  1.1559635008685287E+000
  1.1568406915416822E+000  1.1576055400298937E+000  1.1582641519548835E+000  1.1588235144421999E+000  1.1592858255855680E+000
  1.1596514404785507E+000  1.1599212058734372E+000  1.1600967837788978E+000  1.1601822606771821E+000  1.1601822606802141E+000
  1.1600967837880971E+000  1.1599212058887491E+000  1.1596514404999423E+000  1.1592858256128544E+000  1.1588235144751504E+000
  1.1582641519933925E+000  1.1576055400738077E+000  1.1568406915907679E+000  1.1559635009224560E+000  1.1549727470664415E+000
  1.1538704258415549E+000  1.1526585063909065E+000  1.1513371428551913E+000  1.1499049373724206E+000  1.1483611322190435E+000
  1.1467105572646168E+000  1.1449632912950329E+000  1.1431272701169706E+000  1.1412060779600375E+000  1.1392032798130769E+000
  1.1371238739532783E+000  1.1349747920920312E+000  1.1327687706100817E+000  1.1305193384203811E+000  1.1282319395344131E+000
  1.1254621195039909E+000  1.1235453876149497E+000  1.1211539280379363E+000  1.1187401916840800E+000  1.1163169121900109E+000
  1.1138913597359743E+000  1.1114585710182687E+000  1.1090151341604952E+000  1.1065680829595466E+000  1.1041242000766618E+000
  1.1016904742023628E+000  1.0992770309424971E+000  1.0968777687952596E+000  1.0944712737757283E+000  1.0920520127005002E+000
  1.0896234016219235E+000  1.0871739712682378E+000  1.0847020706735699E+000  1.0822160835334467E+000  1.0796850907441613E+000
  1.0770645862575261E+000  1.0743586057225945E+000  1.0715780228816405E+000  1.0686971087896144E+000  1.0657174868878088E+000
  1.0626320296617520E+000  1.0594512330820243E+000  1.0561726937004687E+000  1.0527282932511917E+000  1.0491197735893474E+000
  1.0453413497186437E+000  1.0413358181502090E+000  1.0370794134923389E+000  1.0325895362377602E+000  1.0278678010040110E+000
  1.0228985443684955E+000  1.0176818954852043E+000  1.0122334969770206E+000  1.0065692999207267E+000  1.0004172327384653E+000
  9.9467470081047193E-001  9.8850363590042711E-001  9.8222399313052189E-001  9.7586619714768164E-001  9.6946245721904356E-001
  9.6305816251441145E-001  9.5670303536257684E-001  9.5042944047278266E-001  9.4426585055466794E-001  9.3826032663175551E-001
  9.3244249229672538E-001  9.2686640536847109E-001  9.2150099812547981E-001  9.1633575973913972E-001  9.1136777690525528E-001
  9.0659651656700246E-001  9.0202166380084203E-001  8.9764604232291745E-001  8.9346623977249062E-001  8.8947302588856214E-001
  8.8565497680433325E-001  8.8200379433222209E-001  8.7851244925199390E-001  8.7510654012464539E-001  8.7200908741774574E-001
  8.6899473689999862E-001  8.6613276369133296E-001  8.6341496220847813E-001  8.6082545910730723E-001  8.5835522931158281E-001
  8.5600696918974373E-001  8.5377911438571708E-001  8.5166194243093130E-001  8.4965069511090641E-001  8.4774588928185979E-001
  8.4594332717413412E-001  8.4423740023953719E-001  8.4262928925474356E-001  8.4112137207230009E-001  8.3970942989754327E-001
  8.3838829457028863E-001  8.3715701915364393E-001  8.3601347169494333E-001  8.3495275394847035E-001  8.3397252383408016E-001
  8.3307175689677482E-001  8.3224534484440171E-001  8.3148668964714922E-001  8.3079236922799227E-001  8.3015918515451159E-001
  8.2958251505938785E-001  8.2905960833999881E-001  8.2858922186904760E-001  8.2816784945072952E-001  8.2779277459347544E-001
  8.2746398296618262E-001  8.2718115074343201E-001  8.2694348969468934E-001  8.2675292401050771E-001  8.2660982096121582E-001
  8.2651348411863734E-001  8.2646579831913380E-001  8.2646579831630473E-001  8.2651348411008230E-001  8.2660982094702207E-001
  8.2675292399070277E-001  8.2694348966917186E-001  8.2718115071237563E-001  8.2746398292958012E-001  8.2779277455140110E-001
  8.2816784940312438E-001  8.2858922181615768E-001  8.2905960828198844E-001  8.2958251499619218E-001  8.3015918508635089E-001
  8.3079236915511268E-001  8.3148668956984362E-001  8.3224534476294665E-001  8.3307175681130030E-001  8.3397252374432407E-001
  8.3495275385691181E-001  8.3601347160062101E-001  8.3715701905652351E-001  8.3838829447057461E-001  8.3970942979542973E-001
  8.4112137196819892E-001  8.4262928914893942E-001  8.4423740013217563E-001  8.4594332706560549E-001  8.4774588917256410E-001
  8.4965069500143531E-001  8.5166194232141657E-001  8.5377911427672482E-001  8.5600696908240570E-001  8.5835522920622664E-001
  8.6082545900402496E-001  8.6341496210800850E-001  8.6613276359459990E-001  8.6899473680725425E-001  8.7200908732969240E-001
  8.7510654008412447E-001  8.7851244917499349E-001  8.8200379426159536E-001  8.8565497673989269E-001  8.8947302583071219E-001
  8.9346623972128003E-001  8.9764604227855294E-001  9.0202166376357129E-001  9.0659651653719386E-001  9.1136777688320980E-001
  9.1633575972455150E-001  9.2150099811809139E-001  9.2686640536866760E-001  9.3244249230444898E-001  9.3826032664718395E-001
  9.4426585057779977E-001  9.5042944050346667E-001  9.5670303540100798E-001  9.6305816256094823E-001  9.6946245727283564E-001
  9.7586619720839940E-001  9.8222399319767406E-001  9.8850363597350133E-001  9.9467470088917098E-001  1.0004172327799583E+000
  1.0065693000080149E+000
BLOCK 71   2.1022136814699618E+001
  1.0113836280092665E+000  1.0171925209895643E+000  1.0227461425394355E+000  1.0280462940068464E+000  1.0331028731066032E+000
  1.0379072834941614E+000  1.0424423351578207E+000  1.0467218868768011E+000  1.0507986175441668E+000  1.0546969904085590E+000
  1.0584050414117894E+000  1.0619862414355756E+000  1.0654564792321970E+000  1.0687859715089356E+000  1.0719649327176524E+000
  1.0750148481998680E+000  1.0779576994232738E+000  1.0807771750246034E+000  1.0834870504150049E+000  1.0861323945453909E+000
  1.0887417359370821E+000  1.0913109347345220E+000  1.0938360767224427E+000  1.0963306940714861E+000  1.0988022851759092E+000
  1.1012499050515028E+000  1.1036885328990704E+000  1.1061393238054531E+000  1.1086019707468566E+000  1.1110648022836191E+000
  1.1135249872768169E+000  1.1159821151215892E+000  1.1184345039300454E+000  1.1208875862104348E+000  1.1233474046014162E+000
  1.1254138052275353E+000  1.1282633294567626E+000  1.1307017451552104E+000  1.1331184259434046E+000  1.1355081854829663E+000
  1.1378693142291880E+000  1.1401951269464363E+000  1.1424705083267765E+000  1.1446801077958921E+000  1.1468137260719882E+000
  1.1488658187935807E+000  1.1508336249671098E+000  1.1527112400564097E+000  1.1544863105532071E+000  1.1561473387732899E+000
  1.1576899607644091E+000  1.1591146486212378E+000  1.1604235674655401E+000  1.1616170856050148E+000  1.1626913854099075E+000
  1.1636426239196684E+000  1.1644729432083625E+000  1.1651890926238206E+000  1.1657982889280858E+000  1.1663041939549228E+000
  1.1667061230227183E+000  1.1670021385909690E+000  1.1671943938740514E+000  1.1672887069750029E+000  1.1672887069784685E+000
  1.1671943938844571E+000  1.1670021386082496E+000  1.1667061230467675E+000  1.1663041939855636E+000  1.1657982889650296E+000
  1.1651890926670254E+000  1.1644729432576100E+000  1.1636426239746067E+000  1.1626913854701504E+000  1.1616170856700947E+000
  1.1604235675350665E+000  1.1591146486949451E+000  1.1576899608419486E+000  1.1561473388540433E+000  1.1544863106364269E+000
  1.1527112401415152E+000  1.1508336250538425E+000  1.1488658188815932E+000  1.1468137261606182E+000  1.1446801078844504E+000
  1.1424705084146496E+000  1.1401951270332265E+000  1.1378693143144170E+000  1.1355081855661433E+000  1.1331184260241050E+000
  1.1307017452328696E+000  1.1282633295305364E+000  1.1254138052611253E+000  1.1233474046661889E+000  1.1208875862705341E+000
  1.1184345039856085E+000  1.1159821151722962E+000  1.1135249873220414E+000  1.1110648023227210E+000  1.1086019707791241E+000
  1.1061393238308461E+000  1.1036885329176820E+000  1.1012499050639997E+000  1.0988022851819355E+000  1.0963306940693749E+000
  1.0938360767119868E+000  1.0913109347157772E+000  1.0887417359095419E+000  1.0861323945110792E+000  1.0834870503745107E+000
  1.0807771749788246E+000  1.0779576993701083E+000  1.0750148481390089E+000  1.0719649326488627E+000  1.0687859714343084E+000
  1.0654564791501495E+000  1.0619862413462253E+000  1.0584050413151791E+000  1.0546969903059042E+000  1.0507986174356476E+000
  1.0467218867654822E+000  1.0424423350456460E+000  1.0379072833813379E+000  1.0331028729936018E+000  1.0280462938953139E+000
  1.0227461424308606E+000  1.0171925208845618E+000  1.0113836279081840E+000  1.0053441608403546E+000  9.9902890870375405E-001
  9.9270440311952735E-001  9.8616443437929269E-001  9.7951913538893143E-001  9.7280938443808185E-001  9.6606860971406761E-001
  9.5933531642843894E-001  9.5266482171732436E-001  9.4610171862910641E-001  9.3967079308944745E-001  9.3341922015804912E-001
  9.2741835911596937E-001  9.2162778612134177E-001  9.1603973883535716E-001  9.1065447200325145E-001  9.0547752606541498E-001
  9.0051966983440523E-001  8.9577701657057329E-001  8.9124302265159905E-001  8.8691074126586078E-001  8.8277506446559850E-001
  8.7882773417308413E-001  8.7506042746368384E-001  8.7151736012993941E-001  8.6815321319354433E-001  8.6497419806139664E-001
  8.6197164867668741E-001  8.5912885121562277E-001  8.5642956199846487E-001  8.5387139774617815E-001  8.5145277901975303E-001
  8.4916167910205287E-001  8.4698598237515910E-001  8.4492279992795982E-001  8.4296890980220684E-001  8.4111592521377432E-001
  8.3936009309003035E-001  8.3770443217233292E-001  8.3614786737029123E-001  8.3468374885814811E-001  8.3330889107476214E-001
  8.3202357164500051E-001  8.3082515027794346E-001  8.2971019714829630E-001  8.2867856530026174E-001  8.2772866820247593E-001
  8.2685440180428715E-001  8.2605057960904382E-001  8.2531541806226871E-001  8.2464626199010160E-001  8.2403924407742735E-001
  8.2349211450741444E-001  8.2300237540783283E-001  8.2256518225371522E-001  8.2217681020342492E-001  8.2183653722604511E-001
  8.2154350690845346E-001  8.2129549286514791E-001  8.2109117389605402E-001  8.2092948529555887E-001  8.2080777765261703E-001
  8.2072525450415812E-001  8.2068452314727902E-001  8.2068452314422580E-001  8.2072525449481937E-001  8.2080777763704948E-001
  8.2092948527387188E-001  8.2109117386830954E-001  8.2129549283132541E-001  8.2154350686851718E-001  8.2183653718025662E-001
  8.2217681015183341E-001  8.2256518219647101E-001  8.2300237534510157E-001  8.2349211443936177E-001  8.2403924400419704E-001
  8.2464626191174373E-001  8.2531541797914054E-001  8.2605057952124172E-001  8.2685440171215330E-001  8.2772866810610279E-001
  8.2867856520005290E-001  8.2971019704451998E-001  8.3082515017006475E-001  8.3202357153433881E-001  8.3330889096128546E-001
  8.3468374873899842E-001  8.3614786725151358E-001  8.3770443205412015E-001  8.3936009297101699E-001  8.4111592509330113E-001
  8.4296890968106608E-001  8.4492279980700447E-001  8.4698598225496691E-001  8.4916167898315598E-001  8.5145277890296178E-001
  8.5387139763236719E-001  8.5642956188801134E-001  8.5912885110869686E-001  8.6197164857442110E-001  8.6497419796434705E-001
  8.6815321310201388E-001  8.7151736004344860E-001  8.7506042742531509E-001  8.7882773410071258E-001  8.8277506440098197E-001
  8.8691074120890634E-001  8.9124302260217969E-001  8.9577701652902975E-001  9.0051966980077836E-001  9.0547752603960341E-001
  9.1065447198531657E-001  9.1603973882540779E-001  9.2162778611977725E-001  9.2741835912319814E-001  9.3341922017342038E-001
  9.3967079311247048E-001  9.4610171866061465E-001  9.5266482175628231E-001  9.5933531647545289E-001  9.6606860976895015E-001
  9.7280938450094701E-001  9.7951913545937275E-001  9.8616443445621060E-001  9.9270440320311792E-001  9.9902890879571982E-001
  1.0053441609368106E+000
BLOCK 72   2.1322453054909683E+001
  1.0100937996092976E+000  1.0162566962301565E+000  1.0221689217166920E+000  1.0278377579721494E+000  1.0332603920146186E+000
  1.0384238506293690E+000  1.0433183407337239E+000  1.0479382641605637E+000  1.0523305634999294E+000  1.0565599180165852E+000
  1.0605889885773629E+000  1.0645489704486721E+000  1.0682736778734565E+000  1.0718560702469260E+000  1.0752727537384212E+000
  1.0784999691125465E+000  1.0816011198408784E+000  1.0846131097183853E+000  1.0875370167233347E+000  1.0903707111740899E+000
  1.0931148385132725E+000  1.0957843439277306E+000  1.0983983688604220E+000  1.1009625445471927E+000  1.1034804503850717E+000
  1.1059710796598619E+000  1.1084579315047367E+000  1.1109462378647124E+000  1.1134260304392996E+000  1.1158943904007066E+000
  1.1183585800741027E+000  1.1208225129340095E+000  1.1232892548558489E+000  1.1253945965875876E+000  1.1282708063562703E+000
  1.1307843101854680E+000  1.1332964822878036E+000  1.1357996125035670E+000  1.1382896333565886E+000  1.1407636152659315E+000
  1.1432187787971926E+000  1.1456455544212913E+000  1.1480264846750579E+000  1.1503458893158678E+000  1.1525937052161692E+000
  1.1547635009445043E+000  1.1568512429179343E+000  1.1588500695950961E+000  1.1607475124318536E+000  1.1625316254230931E+000
  1.1641960864490091E+000  1.1657402883703372E+000  1.1671666402147056E+000  1.1684746036109226E+000  1.1696591463175505E+000
  1.1707162464253871E+000  1.1716468269986604E+000  1.1724553345672082E+000  1.1731468003833767E+000  1.1737232749369899E+000
  1.1741832417393019E+000  1.1745245903331800E+000  1.1747483023629413E+000  1.1748586112631325E+000  1.1748586112670094E+000
  1.1747483023746177E+000  1.1745245903526300E+000  1.1741832417663496E+000  1.1737232749714481E+000  1.1731468004249208E+000
  1.1724553346156497E+000  1.1716468270537681E+000  1.1707162464868264E+000  1.1696591463847923E+000  1.1684746036834384E+000
  1.1671666402921479E+000  1.1657402884523558E+000  1.1641960865350778E+000  1.1625316255125542E+000  1.1607475125240931E+000
  1.1588500696895330E+000  1.1568512430140199E+000  1.1547635010417254E+000  1.1525937053140107E+000  1.1503458894136691E+000
  1.1480264847719994E+000  1.1456455545166508E+000  1.1432187788904506E+000  1.1407636153567970E+000  1.1382896334447299E+000
  1.1357996125882881E+000  1.1332964823684288E+000  1.1307843102611810E+000  1.1282708064261970E+000  1.1253945966180439E+000
  1.1232892549140356E+000  1.1208225129870331E+000  1.1183585801210856E+000  1.1158943904408045E+000  1.1134260304720991E+000
  1.1109462378893822E+000  1.1084579315215242E+000  1.1059710796696813E+000  1.1034804503882101E+000  1.1009625445429523E+000
  1.0983983688475494E+000  1.0957843439055321E+000  1.0931148384829497E+000  1.0903707111357666E+000  1.0875370166758358E+000
  1.0846131096629728E+000  1.0816011197785442E+000  1.0784999690446300E+000  1.0752727536651014E+000  1.0718560701664832E+000
  1.0682736777826241E+000  1.0645489703507813E+000  1.0605889884708295E+000  1.0565599179028540E+000  1.0523305633798545E+000
  1.0479382640386483E+000  1.0433183406098885E+000  1.0384238505038046E+000  1.0332603918887306E+000  1.0278377578474995E+000
  1.0221689215949843E+000  1.0162566961130786E+000  1.0100937994976440E+000  1.0036915038626790E+000  9.9706712646676499E-001
  9.9031389983172657E-001  9.8342179249592687E-001  9.7643332427726814E-001  9.6938662538532139E-001  9.6232301829119749E-001
  9.5527956822502624E-001  9.4830228084852308E-001  9.4145168361643661E-001  9.3476034780947326E-001  9.2830456243808879E-001
  9.2205851183939413E-001  9.1600804362995436E-001  9.1017069252058214E-001  9.0456064641445499E-001  8.9917346417861543E-001
  8.9400990850003714E-001  8.8906804026764663E-001  8.8434879281860213E-001  8.7984728742171303E-001  8.7530748978402784E-001
  8.7152040383407259E-001  8.6769962973967774E-001  8.6410807802860368E-001  8.6072852966046409E-001  8.5754471621848816E-001
  8.5453848436393709E-001  8.5170720124608867E-001  8.4904697745142843E-001  8.4654309676131589E-001  8.4417954063521172E-001
  8.4194925370183649E-001  8.3984598106001762E-001  8.3785751608436754E-001  8.3597460450407390E-001  8.3419670297416204E-001
  8.3252244578395651E-001  8.3094355393216901E-001  8.2945319804249029E-001  8.2805033018008012E-001  8.2673292842392909E-001
  8.2549662518660238E-001  8.2434092501859979E-001  8.2326760402527444E-001  8.2227381805900968E-001  8.2135418165106722E-001
  8.2050649510880569E-001  8.1972980381859706E-001  8.1902136386115887E-001  8.1837933287033215E-001  8.1780335100159063E-001
  8.1729020913051020E-001  8.1683418035045730E-001  8.1643157304164804E-001  8.1608049844063291E-001  8.1577788978529298E-001
  8.1552146646509649E-001  8.1530979621097344E-001  8.1513907320764811E-001  8.1500499467352450E-001  8.1490524402532416E-001
  8.1483833553675167E-001  8.1480476798547119E-001  8.1480476798203105E-001  8.1483833552645080E-001  8.1490524400833719E-001
  8.1500499464981757E-001  8.1513907317727652E-001  8.1530979617415344E-001  8.1552146642185963E-001  8.1577788973571830E-001
  8.1608049838486241E-001  8.1643157297990010E-001  8.1683418028283838E-001  8.1729020905719352E-001  8.1780335092284540E-001
  8.1837933278629083E-001  8.1902136377187018E-001  8.1972980372413762E-001  8.2050649500939299E-001  8.2135418154663553E-001
  8.2227381794974097E-001  8.2326760391160592E-001  8.2434092490101507E-001  8.2549662506480459E-001  8.2673292829903777E-001
  8.2805033005142781E-001  8.2945319791197669E-001  8.3094355379837692E-001  8.3252244564907685E-001  8.3419670283763203E-001
  8.3597460436646798E-001  8.3785751594762647E-001  8.3984598092662355E-001  8.4194925357254036E-001  8.4417954050864896E-001
  8.4654309663656913E-001  8.4904697732926004E-001  8.5170720112792153E-001  8.5453848425053536E-001  8.5754471611032401E-001
  8.6072852955841517E-001  8.6410807793336286E-001  8.6769962965171044E-001  8.7152040375276074E-001  8.7530748974809525E-001
  8.7984728735609330E-001  8.8434879276204725E-001  8.8906804021980257E-001  8.9400990846122141E-001  8.9917346414873323E-001
  9.0456064639323186E-001  9.1017069250805438E-001  9.1600804362609423E-001  9.2205851184416521E-001  9.2830456245156756E-001
  9.3476034783146200E-001  9.4145168364740084E-001  9.4830228088882751E-001  9.5527956827523608E-001  9.6232301834765654E-001
  9.6938662545120358E-001  9.7643332435245811E-001  9.8342179257965101E-001  9.9031389992348151E-001  9.9706712656183349E-001
  1.0036915039688312E+000
BLOCK 73   2.1622769295119749E+001
  1.0083685174640167E+000  1.0149055984138451E+000  1.0211942421049782E+000  1.0272385720266399E+000  1.0330431749562390E+000
  1.0385929796797970E+000  1.0438829109883470E+000  1.0489190420420629E+000  1.0537046977842752E+000  1.0582599802921471E+000
  1.0626672216172464E+000  1.0669049312354300E+000  1.0709676309380609E+000  1.0748491095779400E+000  1.0785572541927613E+000
  1.0820955296183494E+000  1.0854859955859750E+000  1.0887336493680679E+000  1.0918438076130981E+000  1.0948423830092804E+000
  1.0977383297696466E+000  1.1005288360526448E+000  1.1032348602067086E+000  1.1058890603799227E+000  1.1085074818505956E+000
  1.1110884943525108E+000  1.1136274878032781E+000  1.1161296322432266E+000  1.1186103579909947E+000  1.1210834434033055E+000
  1.1235546753857437E+000  1.1255267469239485E+000  1.1285256279121829E+000  1.1310464594683967E+000  1.1335872500590587E+000
  1.1361346466166413E+000  1.1386827031382554E+000  1.1412322993806787E+000  1.1437806649070232E+000  1.1463218386894189E+000
  1.1488495551556486E+000  1.1513515231852534E+000  1.1538109181286491E+000  1.1562151844327131E+000  1.1585567170241267E+000
  1.1608296333232384E+000  1.1630282266367020E+000  1.1651428758313565E+000  1.1671607723140609E+000  1.1690719132870289E+000
  1.1708705677555433E+000  1.1725543922399746E+000  1.1741221951817022E+000  1.1755699619189190E+000  1.1768918011488723E+000
  1.1780833370068640E+000  1.1791429044846014E+000  1.1800717705240700E+000  1.1808715921390580E+000  1.1815409195253541E+000
  1.1820770534656477E+000  1.1824786829281599E+000  1.1827454816907697E+000  1.1828782937797955E+000  1.1828782937841380E+000
  1.1827454817038316E+000  1.1824786829499594E+000  1.1820770534960159E+000  1.1815409195639806E+000  1.1808715921855775E+000
  1.1800717705782457E+000  1.1791429045461204E+000  1.1780833370753325E+000  1.1768918012237621E+000  1.1755699619997146E+000
  1.1741221952678633E+000  1.1725543923309842E+000  1.1708705678509308E+000  1.1690719133862415E+000  1.1671607724163340E+000
  1.1651428759358875E+000  1.1630282267428278E+000  1.1608296334304722E+000  1.1585567171319944E+000  1.1562151845405659E+000
  1.1538109182356613E+000  1.1513515232904432E+000  1.1488495552580873E+000  1.1463218387887402E+000  1.1437806650031954E+000
  1.1412322994733000E+000  1.1386827032263453E+000  1.1361346466992295E+000  1.1335872501351949E+000  1.1310464595374701E+000
  1.1285256279741669E+000  1.1255267469511496E+000  1.1235546754338728E+000  1.1210834434440380E+000  1.1186103580236155E+000
  1.1161296322678724E+000  1.1136274878198844E+000  1.1110884943601240E+000  1.1085074818486795E+000  1.1058890603691931E+000
  1.1032348601877626E+000  1.1005288360260705E+000  1.0977383297355623E+000  1.0948423829660956E+000  1.0918438075601071E+000
  1.0887336493067781E+000  1.0854859955163501E+000  1.0820955295399859E+000  1.0785572541064830E+000  1.0748491094835344E+000
  1.0709676308357252E+000  1.0669049311273890E+000  1.0626672215018538E+000  1.0582599801703325E+000  1.0537046976567703E+000
  1.0489190419095393E+000  1.0438829108515733E+000  1.0385929795409572E+000  1.0330431748169477E+000  1.0272385718893335E+000
  1.0211942419712519E+000  1.0149055982850235E+000  1.0083685173410404E+000  1.0016305511291090E+000  9.9462481582157647E-001
  9.8750500179746381E-001  9.8027015798079897E-001  9.7294837783744104E-001  9.6557232916246760E-001  9.5818450628509144E-001
  9.5083703490688054E-001  9.4356993188712424E-001  9.3641630210482707E-001  9.2950327504439290E-001  9.2276959061800634E-001
  9.1625839708433154E-001  9.0995828177621751E-001  9.0387237158824063E-001  8.9801162990609684E-001  8.9237958578736509E-001
  8.8698099291886223E-001  8.8182940486283679E-001  8.7691515050735247E-001  8.7225297285290071E-001  8.6787546774070135E-001
  8.6375834063277179E-001  8.5989286741093762E-001  8.5625675114463218E-001  8.5284311856447748E-001  8.4965181600899820E-001
  8.4667109824438624E-001  8.4388097330375778E-001  8.4126606944229965E-001  8.3881852333092299E-001  8.3652733779099131E-001
  8.3437597531432617E-001  8.3235288273942809E-001  8.3045423402994911E-001  8.2867355969051426E-001  8.2699785104022672E-001
  8.2541678137581731E-001  8.2392669744546343E-001  8.2252353676790513E-001  8.2120066237361067E-001  8.1995523474013299E-001
  8.1878826417957917E-001  8.1769756933426685E-001  8.1667828313231772E-001  8.1572917413447144E-001  8.1485146454821200E-001
  8.1404391061815695E-001  8.1330507040626632E-001  8.1263658059988442E-001  8.1203238717280701E-001  8.1148751052144230E-001
  8.1100629847840655E-001  8.1058394117034593E-001  8.1021738568588975E-001  8.0990361473462547E-001  8.0963772613945273E-001
  8.0941728186871609E-001  8.0923630655795831E-001  8.0909089186213801E-001  8.0897857908117266E-001  8.0889786541656183E-001
  8.0884507522043747E-001  8.0881829412869144E-001  8.0881829412512796E-001  8.0884507520963844E-001  8.0889786539853681E-001
  8.0897857905599646E-001  8.0909089182985661E-001  8.0923630651872835E-001  8.0941728182277939E-001  8.0963772608704343E-001
  8.0990361467577665E-001  8.1021738562059309E-001  8.1058394109863641E-001  8.1100629840032057E-001  8.1148751043674039E-001
  8.1203238708152137E-001  8.1263658050214294E-001  8.1330507030297217E-001  8.1404391050939739E-001  8.1485146443421819E-001
  8.1572917401532941E-001  8.1667828300813394E-001  8.1769756920530656E-001  8.1878826404635252E-001  8.1995523460272313E-001
  8.2120066223295252E-001  8.2252353662373134E-001  8.2392669729989498E-001  8.2541678122750717E-001  8.2699785089138533E-001
  8.2867355954013999E-001  8.3045423387986583E-001  8.3235288259063311E-001  8.3437597516536333E-001  8.3652733764381260E-001
  8.3881852318842587E-001  8.4126606930529568E-001  8.4388097317238786E-001  8.4667109811939667E-001  8.4965181589111383E-001
  8.5284311845327743E-001  8.5625675103942922E-001  8.5989286731174008E-001  8.6375834054124234E-001  8.6787546765704704E-001
  8.7225297277978742E-001  8.7691515044187107E-001  8.8182940480769512E-001  8.8698099287315935E-001  8.9237958575077214E-001
  8.9801162987900807E-001  9.0387237157080036E-001  9.0995828176873306E-001  9.1625839708667978E-001  9.2276959062986030E-001
  9.2950327506570496E-001  9.3641630213593519E-001  9.4356993192798000E-001  9.5083703495757765E-001  9.5818450634548236E-001
  9.6557232923389447E-001  9.7294837791996081E-001  9.8027015807276485E-001  9.8750500189985757E-001  9.9462481593220586E-001
  1.0016305512440458E+000
BLOCK 74   2.1923085535329815E+001
  1.0062097067324633E+000  1.0131530267912505E+000  1.0198706912048880E+000  1.0263303458208344E+000  1.0325034508021520E+000
  1.0383934576147378E+000  1.0440442563001773E+000  1.0494729131055256E+000  1.0546588476313650E+000  1.0596631050303165E+000
  1.0645558752136466E+000  1.0692216912383974E+000  1.0736640802166699E+000  1.0778985301933508E+000  1.0819513774272045E+000
  1.0857940034364444E+000  1.0894296449124807E+000  1.0929087025735047E+000  1.0962619735450827E+000  1.0994907804195644E+000
  1.1025902643539589E+000  1.1055648259935402E+000  1.1084323749898970E+000  1.1112099228287464E+000  1.1139071535614031E+000
  1.1165384836261281E+000  1.1191210537222827E+000  1.1216634541280817E+000  1.1245776161521499E+000  1.1266747979459222E+000
  1.1291863537080613E+000  1.1317129950571010E+000  1.1342472449198016E+000  1.1367834937662715E+000  1.1393244120445987E+000
  1.1418785629432548E+000  1.1444500804988238E+000  1.1470337455505200E+000  1.1496219096571494E+000  1.1522086002984770E+000
  1.1547835734885128E+000  1.1573312504615481E+000  1.1598410366721341E+000  1.1623098813703636E+000  1.1647331365424780E+000
  1.1671022475140405E+000  1.1694070377575381E+000  1.1716347363340165E+000  1.1737735718868576E+000  1.1758168566786857E+000
  1.1777605500111101E+000  1.1796003408384712E+000  1.1813293774551388E+000  1.1829383457457223E+000  1.1844196236901259E+000
  1.1857694729944437E+000  1.1869953287645287E+000  1.1880877348620975E+000  1.1889904870058161E+000  1.1897495649990322E+000
  1.1903543665046232E+000  1.1908075332446431E+000  1.1911099312758471E+000  1.1912597675648535E+000  1.1912597675699230E+000
  1.1911099312909674E+000  1.1908075332696240E+000  1.1903543665395226E+000  1.1897495650432619E+000  1.1889904870583079E+000
  1.1880877349220582E+000  1.1869953288327051E+000  1.1857694730704194E+000  1.1844196237734022E+000  1.1829383458355376E+000
  1.1813293775507510E+000  1.1796003409393054E+000  1.1777605501167290E+000  1.1758168567885563E+000  1.1737735720002209E+000
  1.1716347364498749E+000  1.1694070378748762E+000  1.1671022476322082E+000  1.1647331366611988E+000  1.1623098814891599E+000
  1.1598410367901233E+000  1.1573312505776412E+000  1.1547835736015648E+000  1.1522086004076020E+000  1.1496219097621461E+000
  1.1470337456509858E+000  1.1444500805942710E+000  1.1418785630327530E+000  1.1393244121275996E+000  1.1367834938423111E+000
  1.1342472449879661E+000  1.1317129951162412E+000  1.1291863537575753E+000  1.1266747979858929E+000  1.1245776161679779E+000
  1.1216634541510506E+000  1.1191210537365635E+000  1.1165384836309822E+000  1.1139071535570744E+000  1.1112099228153802E+000
  1.1084323749664455E+000  1.1055648259595499E+000  1.1025902643093801E+000  1.0994907803647069E+000  1.0962619734804064E+000
  1.0929087025002415E+000  1.0894296448331515E+000  1.0857940033518769E+000  1.0819513773353746E+000  1.0778985300915280E+000
  1.0736640801056205E+000  1.0692216911207217E+000  1.0645558750875621E+000  1.0596631048937208E+000  1.0546588474892125E+000
  1.0494729129584432E+000  1.0440442561490859E+000  1.0383934574636036E+000  1.0325034506526007E+000  1.0263303456728226E+000
  1.0198706910584465E+000  1.0131530266478590E+000  1.0062097065939484E+000  9.9893924717061944E-001  9.9172544923596351E-001
  9.8424636971559842E-001  9.7665634839917015E-001  9.6899166598575026E-001  9.6128329932004819E-001  9.5357431550197136E-001
  9.4592102261226374E-001  9.3836844483562432E-001  9.3095435019644146E-001  9.2377688234762845E-001  9.1678270164634568E-001
  9.0998896188112521E-001  9.0340497077038884E-001  8.9704663659136263E-001  8.9091734942040679E-001  8.8501959547687592E-001
  8.7939380730247108E-001  8.7396007109148144E-001  8.6896422994424416E-001  8.6420159049080525E-001  8.5971028286278761E-001
  8.5549472780193259E-001  8.5156300502395865E-001  8.4789930916666978E-001  8.4448618670333786E-001  8.4130702143717728E-001
  8.3835463708058766E-001  8.3561501391398985E-001  8.3306695929739416E-001  8.3069225975440020E-001  8.2848281192781781E-001
  8.2643104877853479E-001  8.2452126848741447E-001  8.2273549312788252E-001  8.2106244231303394E-001  8.1949514714405070E-001
  8.1802415124362526E-001  8.1664009797291215E-001  8.1534011381839233E-001  8.1412525389636514E-001  8.1299163563082744E-001
  8.1190701733186721E-001  8.1085058271746402E-001  8.0989028215954251E-001  8.0900337069577799E-001  8.0818646039818731E-001
  8.0743792677689219E-001  8.0675869357004459E-001  8.0614340226593539E-001  8.0559106474875886E-001  8.0509930053125023E-001
  8.0466660161527626E-001  8.0428939682356715E-001  8.0396555376490553E-001  8.0369169482024860E-001  8.0346250609834802E-001
  8.0327185958573621E-001  8.0311494033210851E-001  8.0299125806373162E-001  8.0289621585036230E-001  8.0282805126862178E-001
  8.0278508584985575E-001  8.0276405751295987E-001  8.0276405750914392E-001  8.0278508583848762E-001  8.0282805124980106E-001
  8.0289621582421244E-001  8.0299125803030147E-001  8.0311494029156427E-001  8.0327185953810765E-001  8.0346250604353930E-001
  8.0369169475842583E-001  8.0396555369625533E-001  8.0428939674804756E-001  8.0466660153301506E-001  8.0509930044235123E-001
  8.0559106465322572E-001  8.0614340216376457E-001  8.0675869346136508E-001  8.0743792666177072E-001  8.0818646027668195E-001
  8.0900337056776694E-001  8.0989028202542390E-001  8.1085058257674358E-001  8.1190701718076885E-001  8.1299163547281583E-001
  8.1412525373763189E-001  8.1534011365842929E-001  8.1664009781169111E-001  8.1802415108017190E-001  8.1949514698023596E-001
  8.2106244214796398E-001  8.2273549296358484E-001  8.2452126832324812E-001  8.2643104861593397E-001  8.2848281176780503E-001
  8.3069225959580639E-001  8.3306695914399020E-001  8.3561501376242653E-001  8.3835463693550671E-001  8.4130702129944734E-001
  8.4448618657363494E-001  8.4789930904591193E-001  8.5156300491304093E-001  8.5549472770073010E-001  8.5971028277106765E-001
  8.6420159040730493E-001  8.6896422987158095E-001  8.7396007103454110E-001  8.7939380724850502E-001  8.8501959543187558E-001
  8.9091734938516631E-001  8.9704663656748196E-001  9.0340497075736770E-001  9.0998896187850931E-001  9.1678270165413212E-001
  9.2377688236651878E-001  9.3095435022753470E-001  9.3836844487992566E-001  9.4592102266807043E-001  9.5357431556936456E-001
  9.6128329939868495E-001  9.6899166607657850E-001  9.7665634850078609E-001  9.8424636982787184E-001  9.9172544935884999E-001
  9.9893924730349348E-001
BLOCK 75   2.2223401775539880E+001
  1.0036296283463320E+000  1.0109517855059358E+000  1.0180501795147463E+000  1.0249067431666317E+000  1.0315170990635814E+000
  1.0378736938002522E+000  1.0439722208305540E+000  1.0498276100169377E+000  1.0554529954419245E+000  1.0608856954872268E+000
  1.0661876494973808E+000  1.0712659332108394E+000  1.0761276798366342E+000  1.0807720031992467E+000  1.0852049589271433E+000
  1.0894268147402855E+000  1.0934467280510447E+000  1.0972774324537933E+000  1.1009194666635076E+000  1.1043812046486241E+000
  1.1076856057536106E+000  1.1108449194588281E+000  1.1138638712509203E+000  1.1167645974048694E+000  1.1195802247241811E+000
  1.1223303778193334E+000  1.1250174244456801E+000  1.1276455168982065E+000  1.1302281874257885E+000  1.1327822638969034E+000
  1.1353223170706261E+000  1.1378581634039300E+000  1.1403984821550319E+000  1.1429483487967282E+000  1.1455083428212551E+000
  1.1480796572149072E+000  1.1506652328643328E+000  1.1532628987129527E+000  1.1558628308153409E+000  1.1584541898984810E+000
  1.1610325322257213E+000  1.1635994619156738E+000  1.1661540555486669E+000  1.1686877464725614E+000  1.1711894386986264E+000
  1.1736495582460065E+000  1.1760560444382151E+000  1.1783959708847840E+000  1.1806639065536846E+000  1.1828623499871853E+000
  1.1849932413947755E+000  1.1870208532687161E+000  1.1888807622661599E+000  1.1906379051834262E+000  1.1922707034693836E+000
  1.1937640264613756E+000  1.1951168662643190E+000  1.1963209132027626E+000  1.1973660946886768E+000  1.1982484420510262E+000
  1.1989606996097060E+000  1.1994985529126976E+000  1.1998594848311939E+000  1.2000400722026068E+000  1.2000400722082869E+000
  1.1998594848481743E+000  1.1994985529410458E+000  1.1989606996491926E+000  1.1982484421013426E+000  1.1973660947492948E+000
  1.1963209132730102E+000  1.1951168663434877E+000  1.1937640265489808E+000  1.1922707035645590E+000  1.1906379052852321E+000
  1.1888807623722253E+000  1.1870208533797355E+000  1.1849932415105351E+000  1.1828623501076299E+000  1.1806639066785065E+000
  1.1783959710128293E+000  1.1760560445682058E+000  1.1736495583768127E+000  1.1711894388295094E+000  1.1686877466029626E+000
  1.1661540556777932E+000  1.1635994620427477E+000  1.1610325323500701E+000  1.1584541900193353E+000  1.1558628309315171E+000
  1.1532628988230784E+000  1.1506652329676159E+000  1.1480796573111365E+000  1.1455083429102535E+000  1.1429483488778598E+000
  1.1403984822275712E+000  1.1378581634677618E+000  1.1353223171254716E+000  1.1327822639417684E+000  1.1302281874597415E+000
  1.1276455169205721E+000  1.1250174244457143E+000  1.1223303778165656E+000  1.1195802247099884E+000  1.1167645973811342E+000
  1.1138638712190261E+000  1.1108449194184018E+000  1.1076856057032214E+000  1.1043812045875692E+000  1.1009194665920647E+000
  1.0972774323723664E+000  1.0934467279599420E+000  1.0894268146395558E+000  1.0852049588182215E+000  1.0807720030832768E+000
  1.0761276797123231E+000  1.0712659330806347E+000  1.0661876493603402E+000  1.0608856953411283E+000  1.0554529952893352E+000
  1.0498276098580970E+000  1.0439722206673174E+000  1.0378736936348392E+000  1.0315170988973701E+000  1.0249067430013725E+000
  1.0180501793519230E+000  1.0109517853470689E+000  1.0036296281891046E+000  9.9611061909880527E-001  9.8840426305837681E-001
  9.8053739547912055E-001  9.7254526073803116E-001  9.6448840434824534E-001  9.5642941122495828E-001  9.4840733112195519E-001
  9.4044910737885701E-001  9.3260422774598795E-001  9.2497609245727619E-001  9.1751716789640692E-001  9.1023479903294346E-001
  9.0314119432720263E-001  8.9625739032491480E-001  8.8962370590230189E-001  8.8323306951108826E-001  8.7708762426969566E-001
  8.7123953235072615E-001  8.6568313848667278E-001  8.6047424775345049E-001  8.5557517786337156E-001  8.5099303466317622E-001
  8.4670812926651284E-001  8.4272361912218718E-001  8.3903997943843633E-001  8.3563439099300818E-001  8.3248287314722591E-001
  8.2956823738110941E-001  8.2688469258507025E-001  8.2442034255086782E-001  8.2215263104879899E-001  8.2005947326405837E-001
  8.1812954562604279E-001  8.1635872758745220E-001  8.1473791043162180E-001  8.1323015936384058E-001  8.1172629353341164E-001
  8.1024127467148022E-001  8.0895584076431593E-001  8.0776590774243573E-001  8.0664926588446184E-001  8.0561348465765292E-001
  8.0465006553659579E-001  8.0375248034529390E-001  8.0291834294178444E-001  8.0214865074460895E-001  8.0144029841141939E-001
  8.0078618798427126E-001  8.0018842336304985E-001  7.9964699277600615E-001  7.9916121806100149E-001  7.9872878820309401E-001
  7.9834802136869321E-001  7.9801605973699552E-001  7.9772975992220041E-001  7.9748501986946763E-001  7.9727929365137118E-001
  7.9711020774945729E-001  7.9697305264455121E-001  7.9686485875910207E-001  7.9678186268871465E-001  7.9672146433542368E-001
  7.9668138356719842E-001  7.9666100414368302E-001  7.9666100413988228E-001  7.9668138355580642E-001  7.9672146431632318E-001
  7.9678186266198447E-001  7.9686485872478263E-001  7.9697305260257167E-001  7.9711020769985541E-001  7.9727929359424554E-001
  7.9748501980483111E-001  7.9772975985010408E-001  7.9801605965762057E-001  7.9834802128209981E-001  7.9872878810926939E-001
  7.9916121796005513E-001  7.9964699266815364E-001  8.0018842324852046E-001  8.0078618786314881E-001  8.0144029828395968E-001
  8.0214865061105700E-001  8.0291834280203922E-001  8.0375248019933110E-001  8.0465006538481654E-001  8.0561348450010850E-001
  8.0664926572123230E-001  8.0776590757270050E-001  8.0895584058872316E-001  8.1024127449089378E-001  8.1172629333744739E-001
  8.1323015915614183E-001  8.1473791023225450E-001  8.1635872739801785E-001  8.1812954544396621E-001  8.2005947308636817E-001
  8.2215263087404511E-001  8.2442034238122064E-001  8.2688469241916085E-001  8.2956823722063144E-001  8.3248287299349899E-001
  8.3563439084342284E-001  8.3903997929740515E-001  8.4272361899059633E-001  8.4670812914515470E-001  8.5099303455221986E-001
  8.5557517776463432E-001  8.6047424766611014E-001  8.6568313841163280E-001  8.7123953228717410E-001  8.7708762421699982E-001
  8.8323306946868085E-001  8.8962370587202577E-001  8.9625739030636087E-001  9.0314119432010609E-001  9.1023479903816484E-001
  9.1751716791413496E-001  9.2497609248792112E-001  9.3260422779113961E-001  9.4044910743869192E-001  9.4840733119640197E-001
  9.5642941131347259E-001  9.6448840445055772E-001  9.7254526085219106E-001  9.8053739560327868E-001  9.8840426319126717E-001
  9.9611061923534450E-001
BLOCK 76   2.2523718015749946E+001
  1.0005075435023516E+000  1.0082915415115679E+000  1.0158463718285180E+000  1.0231640366923471E+000  1.0302302063689268E+000
  1.0370343785013383E+000  1.0435846794803392E+000  1.0498939501048203E+000  1.0559729561457507E+000  1.0618586398478087E+000
  1.0676052481519556E+000  1.0731293332927332E+000  1.0784285818125934E+000  1.0835003591754804E+000  1.0883474163571634E+000
  1.0929718046450860E+000  1.0973758647887906E+000  1.1015652204523994E+000  1.1055462141938490E+000  1.1093273339257770E+000
  1.1129209390658115E+000  1.1163390187063578E+000  1.1195938713387343E+000  1.1227019208179601E+000  1.1253513157144945E+000
  1.1285490407756871E+000  1.1313291150050555E+000  1.1340429111083394E+000  1.1367039411078479E+000  1.1393228597923606E+000
  1.1419169229920625E+000  1.1445026651677965E+000  1.1470838703582271E+000  1.1496546217780623E+000  1.1522129977316975E+000
  1.1547668673837823E+000  1.1573262619622262E+000  1.1598963011387180E+000  1.1624781994414435E+000  1.1650702585379820E+000
  1.1676674235270046E+000  1.1702645453057601E+000  1.1728588366737918E+000  1.1754491662355204E+000  1.1780348300246948E+000
  1.1806061133320616E+000  1.1831269754181524E+000  1.1855544187245595E+000  1.1878898547322754E+000  1.1901872114375314E+000
  1.1924103481122927E+000  1.1945673985542542E+000  1.1966114092254090E+000  1.1985471775711665E+000  1.2003595725596048E+000
  1.2020380684882757E+000  1.2035688027733675E+000  1.2049400372988517E+000  1.2061357022120187E+000  1.2071467808894178E+000
  1.2079658476166344E+000  1.2085862027704011E+000  1.2090041341894735E+000  1.2092145771654921E+000  1.2092145771719720E+000
  1.2090041342088618E+000  1.2085862028027587E+000  1.2079658476616686E+000  1.2071467809467127E+000  1.2061357022809214E+000
  1.2049400373783987E+000  1.2035688028635549E+000  1.2020380685872121E+000  1.2003595726669316E+000  1.1985471776860981E+000
  1.1966114093470088E+000  1.1945673986807985E+000  1.1924103482441428E+000  1.1901872115717425E+000  1.1878898548684595E+000
  1.1855544188596379E+000  1.1831269755580471E+000  1.1806061134756405E+000  1.1780348301695973E+000  1.1754491663798896E+000
  1.1728588368161574E+000  1.1702645454451952E+000  1.1676674236627744E+000  1.1650702586692228E+000  1.1624781995673950E+000
  1.1598963012590107E+000  1.1573262620762661E+000  1.1547668674906728E+000  1.1522129978303670E+000  1.1496546218671222E+000
  1.1470838704360746E+000  1.1445026652336032E+000  1.1419169230463078E+000  1.1393228598358298E+000  1.1367039411405464E+000
  1.1340429111296042E+000  1.1313291150142948E+000  1.1285490407724290E+000  1.1253513157038972E+000  1.1227019207889133E+000
  1.1195938712972884E+000  1.1163390186530471E+000  1.1129209390012376E+000  1.1093273338501510E+000  1.1055462141075798E+000
  1.1015652203562725E+000  1.0973758646830991E+000  1.0929718045301957E+000  1.0883474162337230E+000  1.0835003590439647E+000
  1.0784285816734438E+000  1.0731293331468343E+000  1.0676052479996434E+000  1.0618586396884553E+000  1.0559729559807178E+000
  1.0498939499342479E+000  1.0435846793059276E+000  1.0370343783243043E+000  1.0302302061889701E+000  1.0231640365120900E+000
  1.0158463716505626E+000  1.0082915413375422E+000  1.0005075432998167E+000  9.9255322704585858E-001  9.8443795911678522E-001
  9.7620014715903292E-001  9.6786729589049469E-001  9.5946731776505112E-001  9.5104629454119449E-001  9.4266565444371775E-001
  9.3437393294727056E-001  9.2626566666391696E-001  9.1833156778657055E-001  9.1056298237875521E-001  9.0299912514905945E-001
  8.9564106231014984E-001  8.8848126027238583E-001  8.8155729060018762E-001  8.7488769764054952E-001  8.6851235763838441E-001
  8.6248560549849973E-001  8.5676200880964271E-001  8.5138815934589196E-001  8.4638129702139675E-001  8.4171212591616573E-001
  8.3737403032571300E-001  8.3334624596789753E-001  8.2963699487736597E-001  8.2624407249480403E-001  8.2315736277620621E-001
  8.2037019289787316E-001  8.1787166826739932E-001  8.1560455430623280E-001  8.1343224542114112E-001  8.1121496000323690E-001
  8.0919128426615261E-001  8.0751387546400655E-001  8.0593253477167981E-001  8.0451655310644443E-001  8.0322652378927673E-001
  8.0203756388036551E-001  8.0094565051046884E-001  7.9993851628856116E-001  7.9900458099094895E-001  7.9813897738526296E-001
  7.9733705549218659E-001  7.9659300190152027E-001  7.9590182088245232E-001  7.9526001294002091E-001  7.9466688060966639E-001
  7.9412160354705441E-001  7.9362227520581374E-001  7.9316714640310215E-001  7.9275716983521727E-001  7.9239004189172302E-001
  7.9206206959697778E-001  7.9177145602463161E-001  7.9151775758037135E-001  7.9129913326377732E-001  7.9111306290696359E-001
  7.9095784023311766E-001  7.9083096479159076E-001  7.9072985513027505E-001  7.9065141999239985E-001  7.9059352309495823E-001
  7.9055501050965193E-001  7.9053583383073955E-001  7.9053583382675552E-001  7.9055501049783328E-001  7.9059352307526565E-001
  7.9065141996472010E-001  7.9072985509463078E-001  7.9083096474805181E-001  7.9095784018162929E-001  7.9111306284743443E-001
  7.9129913319624445E-001  7.9151775750491427E-001  7.9177145594134402E-001  7.9206206950594615E-001  7.9239004179320616E-001
  7.9275716972947730E-001  7.9316714629018681E-001  7.9362227508587524E-001  7.9412160342045468E-001  7.9466688047664347E-001
  7.9526001280070358E-001  7.9590182073705540E-001  7.9659300175037506E-001  7.9733705533548482E-001  7.9813897722275362E-001
  7.9900458082228365E-001  7.9993851611353139E-001  8.0094565032898368E-001  8.0203756369182178E-001  8.0322652359357150E-001
  8.0451655290314883E-001  8.0593253456044511E-001  8.0751387524495233E-001  8.0919128403738216E-001  8.1121495978461189E-001
  8.1343224520019031E-001  8.1560455408661237E-001  8.1787166806264389E-001  8.2037019271173062E-001  8.2315736260610961E-001
  8.2624407233414143E-001  8.2963699472300612E-001  8.3334624582123085E-001  8.3737403018501488E-001  8.4171212578450305E-001
  8.4638129690007635E-001  8.5138815923646527E-001  8.5676200871350183E-001  8.6248560541465613E-001  8.6851235756939404E-001
  8.7488769759183227E-001  8.8155729056086818E-001  8.8848126024710827E-001  8.9564106229975482E-001  9.0299912515472736E-001
  9.1056298240062794E-001  9.1833156782409120E-001  9.2626566671540067E-001  9.3437393301140337E-001  9.4266565452090190E-001
  9.5104629463429435E-001  9.5946731787410922E-001  9.6786729601386612E-001  9.7620014729663496E-001  9.8443795926608912E-001
  9.9255322720629213E-001
BLOCK 77   2.2824034255960012E+001
  9.9681208696571166E-001  1.0051397836950962E+000  1.0131845003379825E+000  1.0209903417732424E+000  1.0285382255414675E+000
  1.0358277581520237E+000  1.0428632598517205E+000  1.0496489825610846E+000  1.0561840704021919E+000  1.0625927200923611E+000
  1.0687842200982263E+000  1.0747798114586904E+000  1.0805483809799741E+000  1.0860821004990808E+000  1.0913778807426959E+000
  1.0964335782402816E+000  1.1012493296970345E+000  1.1058283686609480E+000  1.1101767421499813E+000  1.1143029087139649E+000
  1.1182180243106534E+000  1.1219346786443252E+000  1.1252453169853649E+000  1.1288266632231836E+000  1.1320407097393346E+000
  1.1351220727207934E+000  1.1380855127072973E+000  1.1409475746931028E+000  1.1437237278848111E+000  1.1464291172957226E+000
  1.1490784583712785E+000  1.1516835229544413E+000  1.1542560240406867E+000  1.1568106071001345E+000  1.1593584422475998E+000
  1.1619044941383370E+000  1.1644544613577035E+000  1.1670177072585757E+000  1.1696032325849230E+000  1.1722166853437344E+000
  1.1748559468685009E+000  1.1775037672731026E+000  1.1801349189653993E+000  1.1827349393175526E+000  1.1852961848648562E+000
  1.1878151243664643E+000  1.1903467560301944E+000  1.1928605644730716E+000  1.1953612534673439E+000  1.1978140077020358E+000
  1.2002003000501662E+000  1.2025178466241941E+000  1.2047338678047559E+000  1.2068472695322781E+000  1.2088442110481212E+000
  1.2106973413072526E+000  1.2123929354724059E+000  1.2139140638376438E+000  1.2152443046683250E+000  1.2163730416867677E+000
  1.2172937793018821E+000  1.2179966716538546E+000  1.2184726249996505E+000  1.2187139754923055E+000  1.2187139754994840E+000
  1.2184726250212825E+000  1.2179966716898794E+000  1.2172937793520011E+000  1.2163730417503358E+000  1.2152443047445258E+000
  1.2139140639258297E+000  1.2123929355716390E+000  1.2106973414173456E+000  1.2088442111675317E+000  1.2068472696619954E+000
  1.2047338679418151E+000  1.2025178467692557E+000  1.2002003002020603E+000  1.1978140078563591E+000  1.1953612536241087E+000
  1.1928605646324748E+000  1.1903467561874337E+000  1.1878151245211035E+000  1.1852961850136290E+000  1.1827349394656383E+000
  1.1801349191147170E+000  1.1775037674239821E+000  1.1748559470188493E+000  1.1722166854903526E+000  1.1696032327249009E+000
  1.1670177073901060E+000  1.1644544614802501E+000  1.1619044942518268E+000  1.1593584423516419E+000  1.1568106071941113E+000
  1.1542560241239908E+000  1.1516835230263347E+000  1.1490784584309568E+000  1.1464291173425063E+000  1.1437237279182200E+000
  1.1409475747126983E+000  1.1380855127126819E+000  1.1351220727118023E+000  1.1320407097160736E+000  1.1288266631855104E+000
  1.1252453169559102E+000  1.1219346785785067E+000  1.1182180242317337E+000  1.1143029086222953E+000  1.1101767420461410E+000
  1.1058283685460477E+000  1.1012493295724060E+000  1.0964335781062922E+000  1.0913778805996022E+000  1.0860821003487164E+000
  1.0805483808232212E+000  1.0747798112959464E+000  1.0687842199295734E+000  1.0625927199195908E+000  1.0561840702232104E+000
  1.0496489823771749E+000  1.0428632596634697E+000  1.0358277579606712E+000  1.0285382253484807E+000  1.0209903415802584E+000
  1.0131845001465516E+000  1.0051397835074662E+000  9.9681208679415978E-001  9.8844085958743222E-001  9.7987432510668815E-001
  9.7120123307389572E-001  9.6246283060690807E-001  9.5369854162456424E-001  9.4493480582903400E-001  9.3619691055552323E-001
  9.2766186616413715E-001  9.1925789963982729E-001  9.1103536272744379E-001  9.0296357108820813E-001  8.9506877022946230E-001
  8.8739111810574778E-001  8.7993184844792371E-001  8.7258554700636948E-001  8.6581468520333882E-001  8.5926029263553005E-001
  8.5305553762279174E-001  8.4718318322442288E-001  8.4165923228272599E-001  8.3655370849892974E-001  8.3187754034452055E-001
  8.2762088442734560E-001  8.2371298847265650E-001  8.2005242353602337E-001  8.1658279600457651E-001  8.1333085112219483E-001
  8.1038246369715283E-001  8.0778567005777113E-001  8.0540882240431755E-001  8.0329577523693030E-001  8.0142696183659379E-001
  7.9973830662409584E-001  7.9824356336448443E-001  7.9690392484031314E-001  7.9570984140355272E-001  7.9463440158717114E-001
  7.9366233707853995E-001  7.9278367400949656E-001  7.9198669372044528E-001  7.9125850992408553E-001  7.9058708978942516E-001
  7.8996413025713497E-001  7.8938673563915918E-001  7.8885175405446306E-001  7.8835534445949929E-001  7.8789576702699271E-001
  7.8747152622505678E-001  7.8708009160029357E-001  7.8671883314093538E-001  7.8638627296867980E-001  7.8608244380725811E-001
  7.8580813233787961E-001  7.8556246629977244E-001  7.8534379291206580E-001  7.8515142195789722E-001  7.8498367863147300E-001
  7.8483840181114339E-001  7.8471449474004307E-001  7.8461223841655015E-001  7.8453195299037737E-001  7.8447296726241333E-001
  7.8443416400339916E-001  7.8441479862814079E-001  7.8441479862402164E-001  7.8443416399098487E-001  7.8447296724164362E-001
  7.8453195296127209E-001  7.8461223837911276E-001  7.8471449469425059E-001  7.8483840175702535E-001  7.8498367856910600E-001
  7.8515142188730014E-001  7.8534379283319899E-001  7.8556246621279202E-001  7.8580813224299106E-001  7.8608244370462110E-001
  7.8638627285843565E-001  7.8671883302344980E-001  7.8708009147598423E-001  7.8747152609425775E-001  7.8789576688980933E-001
  7.8835534431599885E-001  7.8885175390472306E-001  7.8938673548311489E-001  7.8996413009458422E-001  7.9058708962010893E-001
  7.9125850974751999E-001  7.9198669353586504E-001  7.9278367381579795E-001  7.9366233687428345E-001  7.9463440137172103E-001
  7.9570984117643717E-001  7.9690392460171422E-001  7.9824356311551958E-001  7.9973830636617982E-001  8.0142696157520232E-001
  8.0329577497398263E-001  8.0540882214924936E-001  8.0778566981450750E-001  8.1038246346838927E-001  8.1333085092780155E-001
  8.1658279583420679E-001  8.2005242336816997E-001  8.2371298830208650E-001  8.2762088426468761E-001  8.3187754019775639E-001
  8.3655370836553944E-001  8.4165923216281469E-001  8.4718318311414686E-001  8.5305553752170427E-001  8.5926029254813474E-001
  8.6581468513167814E-001  8.7258554695890855E-001  8.7993184841246241E-001  8.8739111808839310E-001  8.9506877022961051E-001
  9.0296357110581527E-001  9.1103536276333985E-001  9.1925789969401683E-001  9.2766186623627722E-001  9.3619691064629929E-001
  9.4493480593725077E-001  9.5369854174707003E-001  9.6246283074509353E-001  9.7120123322473251E-001  9.7987432526868368E-001
  9.8844085975985474E-001
BLOCK 78   2.3124350496170077E+001
  9.9263512280267663E-001  1.0014858246319818E+000  1.0099493346909227E+000  1.0182225895681549E+000  1.0262237876749076E+000
  1.0339951677627366E+000  1.0415547844664572E+000  1.0488775576167166E+000  1.0560025307734002E+000  1.0630800371771973E+000
  1.0698551174254192E+000  1.0763687443535535E+000  1.0826288276844345E+000  1.0886451512677402E+000  1.0943897717693545E+000
  1.0998460793349110E+000  1.1050442941026397E+000  1.1100191252954164E+000  1.1147732266460433E+000  1.1192952209387568E+000
  1.1235849939631384E+000  1.1276468635259491E+000  1.1315044547741926E+000  1.1351707606572077E+000  1.1386602369252958E+000
  1.1419868391779504E+000  1.1451665550325436E+000  1.1482152654307940E+000  1.1511472673091461E+000  1.1539750628750662E+000
  1.1567108547566218E+000  1.1593685573656465E+000  1.1619670680432193E+000  1.1645324570396149E+000  1.1670924166082757E+000
  1.1696654655648815E+000  1.1722533494522667E+000  1.1748455057950955E+000  1.1774322238092556E+000  1.1800073894823715E+000
  1.1825635102803438E+000  1.1850958423096591E+000  1.1876185070578467E+000  1.1901908114075013E+000  1.1927960215765820E+000
  1.1954287534880661E+000  1.1980636159659133E+000  1.2006950317634346E+000  1.2033206990991092E+000  1.2059135520028905E+000
  1.2084578152692880E+000  1.2109383073218740E+000  1.2133238958280526E+000  1.2155974241798593E+000  1.2177484618052457E+000
  1.2197488644035128E+000  1.2215834451589627E+000  1.2232350123733617E+000  1.2246815835405112E+000  1.2259131909541492E+000
  1.2269197501984264E+000  1.2276858081067155E+000  1.2282011037551979E+000  1.2284620326704414E+000  1.2284620326781834E+000
  1.2282011037784064E+000  1.2276858081452515E+000  1.2269197502522948E+000  1.2259131910231476E+000  1.2246815836240621E+000
  1.2232350124707436E+000  1.2215834452704055E+000  1.2197488645271537E+000  1.2177484619399412E+000  1.2155974243255196E+000
  1.2133238959813664E+000  1.2109383074829307E+000  1.2084578154373138E+000  1.2059135521748627E+000  1.2033206992762839E+000
  1.2006950319446448E+000  1.1980636161474190E+000  1.1954287536682580E+000  1.1927960217551021E+000  1.1901908115788242E+000
  1.1876185072203762E+000  1.1850958424623419E+000  1.1825635104284355E+000  1.1800073896273200E+000  1.1774322239514665E+000
  1.1748455059340319E+000  1.1722533495861978E+000  1.1696654656911174E+000  1.1670924167241006E+000  1.1645324571430713E+000
  1.1619670681331709E+000  1.1593685574415740E+000  1.1567108548182032E+000  1.1539750629219487E+000  1.1511472673409646E+000
  1.1482152654471718E+000  1.1451665550330010E+000  1.1419868391621006E+000  1.1386602368931931E+000  1.1351707606090788E+000
  1.1315044547098712E+000  1.1276468634457821E+000  1.1235849938670852E+000  1.1192952208287879E+000  1.1147732265226982E+000
  1.1100191251603673E+000  1.1050442939588874E+000  1.0998460791852938E+000  1.0943897716147293E+000  1.0886451511060433E+000
  1.0826288275142413E+000  1.0763687441754772E+000  1.0698551172405633E+000  1.0630800369839792E+000  1.0560025305670275E+000
  1.0488775574059244E+000  1.0415547842522830E+000  1.0339951675493624E+000  1.0262237874657920E+000  1.0182225893605918E+000
  1.0099493344873667E+000  1.0014858244400995E+000  9.9263512260574494E-001  9.8370756247304292E-001  9.7465938351663683E-001
  9.6553193456454389E-001  9.5634485891392262E-001  9.4715383274060150E-001  9.3801961568062753E-001  9.2897573322988869E-001
  9.2015035099735398E-001  9.1146079000537805E-001  9.0292908909119207E-001  8.9454963640731855E-001  8.8631471112509685E-001
  8.7826107133386666E-001  8.7044332848156514E-001  8.6301203014827832E-001  8.5602232785336352E-001  8.4942746003578140E-001
  8.4319147774046854E-001  8.3725779742963147E-001  8.3160041064153878E-001  8.2628372181714782E-001  8.2133099837332835E-001
  8.1673640219923549E-001  8.1249340689695360E-001  8.0863830025560801E-001  8.0525220346009230E-001  8.0222200172833635E-001
  7.9952818439798956E-001  7.9714805010545053E-001  7.9503354273666682E-001  7.9317528775952628E-001  7.9153902711272273E-001
  7.9009503248488133E-001  7.8882541972063025E-001  7.8771466320847749E-001  7.8674816156367844E-001  7.8590598901031661E-001
  7.8516670919516585E-001  7.8451531193819346E-001  7.8393921261206501E-001  7.8342653482762858E-001  7.8296440446596727E-001
  7.8254286686945584E-001  7.8215619914216394E-001  7.8179910171232969E-001  7.8146587988819083E-001  7.8115151355684853E-001
  7.8085333986173000E-001  7.8057164250519284E-001  7.8030713374478156E-001  7.8005897560665638E-001  7.7982648473944438E-001
  7.7960964904159102E-001  7.7940833031260781E-001  7.7922223462543116E-001  7.7905176916222008E-001  7.7889760169795053E-001
  7.7876091356856758E-001  7.7864248930451496E-001  7.7854216147281163E-001  7.7846044123552760E-001  7.7839810141636800E-001
  7.7835596943131546E-001  7.7833449250262932E-001  7.7833449249817988E-001  7.7835596941798446E-001  7.7839810139422871E-001
  7.7846044120457913E-001  7.7854216143305677E-001  7.7864248925604274E-001  7.7876091351144083E-001  7.7889760163218980E-001
  7.7905176908790130E-001  7.7922223454284223E-001  7.7940833022207656E-001  7.7960964894339257E-001  7.7982648463381055E-001
  7.8005897549381986E-001  7.8030713362500215E-001  7.8057164237868837E-001  7.8085333972869952E-001  7.8115151341748024E-001
  7.8146587974244641E-001  7.8179910155981225E-001  7.8215619898198885E-001  7.8254286670035456E-001  7.8296440428656799E-001
  7.8342653463636758E-001  7.8393921240740427E-001  7.8451531171889433E-001  7.8516670896060670E-001  7.8590598876110318E-001
  7.8674816130101166E-001  7.8771466293498971E-001  7.8882541943959239E-001  7.9009503220078203E-001  7.9153902682967825E-001
  7.9317528748197907E-001  7.9503354246842806E-001  7.9714804984682130E-001  7.9952818415057048E-001  8.0222200149255307E-001
  8.0525220323219160E-001  8.0863830003791570E-001  8.1249340669725845E-001  8.1673640200855135E-001  8.2133099819585731E-001
  8.2628372166372055E-001  8.3160041051212263E-001  8.3725779731096439E-001  8.4319147762897251E-001  8.4942745993398772E-001
  8.5602232776699150E-001  8.6301203008351313E-001  8.7044332843993222E-001  8.7826107130932429E-001  8.8631471111853144E-001
  8.9454963641918384E-001  9.0292908912321956E-001  9.1146079005910396E-001  9.2015035107346066E-001  9.2897573332754457E-001
  9.3801961579859294E-001  9.4715383287465327E-001  9.5634485906262201E-001  9.6553193473119381E-001  9.7465938369556337E-001
  9.8370756266198023E-001
BLOCK 79   2.3424666736380143E+001
  9.8754903937413319E-001  9.9670529914939643E-001  1.0058592681383003E+000  1.0146989697231015E+000  1.0233179708272555E+000
  1.0316990585365908E+000  1.0398449633661604E+000  1.0477607451767637E+000  1.0554699537694474E+000  1.0631357425804537E+000
  1.0704788571349853E+000  1.0775695212499166E+000  1.0844028267066865E+000  1.0909660303492150E+000  1.0972485690557194E+000
  1.1032455917662762E+000  1.1089592341484900E+000  1.1143937424424744E+000  1.1195534025022533E+000  1.1246993960454643E+000
  1.1290982166574535E+000  1.1335104828928932E+000  1.1376950308431542E+000  1.1416752913687263E+000  1.1454738652100200E+000
  1.1490932322000926E+000  1.1525258289945075E+000  1.1557782849331915E+000  1.1588760372377660E+000  1.1618526461084369E+000
  1.1647378977905209E+000  1.1675515700390311E+000  1.1703045814832880E+000  1.1730022655009598E+000  1.1756447663747107E+000
  1.1782283204958925E+000  1.1807502180058735E+000  1.1832133276904777E+000  1.1856276464804032E+000  1.1880230948647696E+000
  1.1904935274988269E+000  1.1930189379202729E+000  1.1956091311537693E+000  1.1982488935513367E+000  1.2009332025181887E+000
  1.2036567705453789E+000  1.2063990800751219E+000  1.2091479973898598E+000  1.2118921221508687E+000  1.2146079949405344E+000
  1.2172772218016104E+000  1.2198800286178513E+000  1.2223902944953997E+000  1.2247901609729790E+000  1.2270652091169674E+000
  1.2291897188835912E+000  1.2311405747400344E+000  1.2329018699089846E+000  1.2344463078072241E+000  1.2357559940463836E+000
  1.2368214287093708E+000  1.2376258510910856E+000  1.2381644692527625E+000  1.2384375230292977E+000  1.2384375230383033E+000
  1.2381644692795852E+000  1.2376258511350895E+000  1.2368214287703330E+000  1.2357559941241079E+000  1.2344463079000985E+000
  1.2329018700170380E+000  1.2311405748625943E+000  1.2291897190187600E+000  1.2270652092653171E+000  1.2247901611334417E+000
  1.2223902946660594E+000  1.2198800287980613E+000  1.2172772219898826E+000  1.2146079951341879E+000  1.2118921223489312E+000
  1.2091479975907322E+000  1.2063990802765139E+000  1.2036567707468186E+000  1.2009332027185042E+000  1.1982488937468114E+000
  1.1956091313429023E+000  1.1930189381029561E+000  1.1904935276700064E+000  1.1880230950241502E+000  1.1856276466243960E+000
  1.1832133278256960E+000  1.1807502181341945E+000  1.1782283206179531E+000  1.1756447664898209E+000  1.1730022656075079E+000
  1.1703045815790389E+000  1.1675515701214798E+000  1.1647378978572971E+000  1.1618526461576113E+000  1.1588760372681357E+000
  1.1557782849443496E+000  1.1525258289863562E+000  1.1490932321725893E+000  1.1454738651637209E+000  1.1416752913053723E+000
  1.1376950307652316E+000  1.1335104828015905E+000  1.1290982165522843E+000  1.1246993959853318E+000  1.1195534023697564E+000
  1.1143937422982026E+000  1.1089592339932277E+000  1.1032455915999351E+000  1.0972485688788058E+000  1.0909660301629507E+000
  1.0844028265128587E+000  1.0775695210490537E+000  1.0704788569267354E+000  1.0631357423636258E+000  1.0554699535384484E+000
  1.0477607449407806E+000  1.0398449631269060E+000  1.0316990582963461E+000  1.0233179705877808E+000  1.0146989694865405E+000
  1.0058592679060194E+000  9.9670529893548077E-001  9.8754903915822967E-001  9.7816161622536746E-001  9.6867165502224428E-001
  9.5911271129961817E-001  9.4950097083854812E-001  9.3987478727997464E-001  9.3028306654549942E-001  9.2088910243948807E-001
  9.1167536367515034E-001  9.0265256050894016E-001  8.9383363529633253E-001  8.8520425679355252E-001  8.7684311677064175E-001
  8.6866509433844807E-001  8.6070877284579572E-001  8.5303220438404126E-001  8.4567895247569569E-001  8.3861958660924485E-001
  8.3188384374444679E-001  8.2551036916422382E-001  8.1953546802009647E-001  8.1402554868366617E-001  8.0899939414933464E-001
  8.0453976716783926E-001  8.0049110470691731E-001  7.9687671042247465E-001  7.9368263740762934E-001  7.9085462802202067E-001
  7.8838066275446916E-001  7.8621675240570221E-001  7.8433590094359418E-001  7.8272898838714933E-001  7.8135854137010174E-001
  7.8019709357204003E-001  7.7921255296480929E-001  7.7838029981451839E-001  7.7768012452407909E-001  7.7709324809023061E-001
  7.7659991834053854E-001  7.7618627509393168E-001  7.7584143923611371E-001  7.7555517719667766E-001  7.7531491080780612E-001
  7.7510711760851003E-001  7.7492130554714500E-001  7.7475042395210580E-001  7.7458919814667981E-001  7.7443247736525600E-001
  7.7427610612006981E-001  7.7411864107735351E-001  7.7396030129650450E-001  7.7380104203712707E-001  7.7364058525499146E-001
  7.7347944438277039E-001  7.7331992427847496E-001  7.7316532501106949E-001  7.7301833326501435E-001  7.7288087278733797E-001
  7.7275505637380537E-001  7.7264284278259643E-001  7.7254550105432518E-001  7.7246442792375569E-001  7.7240130167966969E-001
  7.7235803307411177E-001  7.7233593775027864E-001  7.7233593774550413E-001  7.7235803305975970E-001  7.7240130165573895E-001
  7.7246442789035807E-001  7.7254550101166275E-001  7.7264284273087680E-001  7.7275505631322416E-001  7.7288087271816752E-001
  7.7301833318756796E-001  7.7316532492569590E-001  7.7331992418556228E-001  7.7347944428279236E-001  7.7364058514854062E-001
  7.7380104192464549E-001  7.7396030117818848E-001  7.7411864095308758E-001  7.7427610598930885E-001  7.7443247722710018E-001
  7.7458919799967529E-001  7.7475042379438608E-001  7.7492130537663517E-001  7.7510711742317129E-001  7.7531491060595659E-001
  7.7555517697715959E-001  7.7584143899870750E-001  7.7618627483949254E-001  7.7659991807108675E-001  7.7709324780893296E-001
  7.7768012423478416E-001  7.7838029952111498E-001  7.7921255266998823E-001  7.8019709327843667E-001  7.8135854107849945E-001
  7.8272898809734026E-001  7.8433590065557068E-001  7.8621675212011499E-001  7.8838066247226934E-001  7.9085462774632642E-001
  7.9368263714188958E-001  7.9687671016854145E-001  8.0049110446573479E-001  8.0453976694068696E-001  8.0899939393879094E-001
  8.1402554848881847E-001  8.1953546784042464E-001  8.2551036900449815E-001  8.3188384360807688E-001  8.3861958649072499E-001
  8.4567895237920032E-001  8.5303220431091076E-001  8.6070877279819269E-001  8.6866509431462446E-001  8.7684311676795934E-001
  8.8520425680553394E-001  8.9383363532607096E-001  9.0265256056235943E-001  9.1167536375521996E-001  9.2088910254221801E-001
  9.3028306666740967E-001  9.3987478741843045E-001  9.4950097099289077E-001  9.5911271147100752E-001  9.6867165521071874E-001
  9.7816161642862443E-001
BLOCK 80   2.3724982976590208E+001
  9.8158207524477992E-001  9.9141526722600304E-001  1.0011918174753487E+000  1.0105237382689962E+000  1.0197505771905453E+000
  1.0287474254387325E+000  1.0375203643652602E+000  1.0460728647848314E+000  1.0544201871688867E+000  1.0627451057182409E+000
  1.0707218610669444E+000  1.0784320266197163E+000  1.0858713901054722E+000  1.0930259467623777E+000  1.0998854083833036E+000
  1.1064465035123094E+000  1.1127102013196453E+000  1.1186784931034273E+000  1.1246418328313574E+000  1.1297374050887812E+000
  1.1348396296450645E+000  1.1396609516838210E+000  1.1442091374784971E+000  1.1485025594120302E+000  1.1525654177666969E+000
  1.1564253937727240E+000  1.1601102388505320E+000  1.1636392195723086E+000  1.1670239765521466E+000  1.1702777173118140E+000
  1.1734108627995865E+000  1.1764178751661343E+000  1.1792807049016676E+000  1.1819838980122050E+000  1.1845246949349042E+000
  1.1869268239698338E+000  1.1893122333676565E+000  1.1917317325345380E+000  1.1941855330231139E+000  1.1966743768565613E+000
  1.1992131774219601E+000  1.2017966399482392E+000  1.2044326062396282E+000  1.2071212947083758E+000  1.2098577470400436E+000
  1.2126382475780475E+000  1.2154483620251835E+000  1.2182739782006797E+000  1.2211003211927711E+000  1.2239058306777122E+000
  1.2266705829697262E+000  1.2293751323176791E+000  1.2319919964463570E+000  1.2344951669156885E+000  1.2368609824061854E+000
  1.2390626213502975E+000  1.2410798391200548E+000  1.2428959906487254E+000  1.2444905603177159E+000  1.2458480036576540E+000
  1.2469594861361510E+000  1.2478093173449307E+000  1.2483831148162619E+000  1.2486749959509400E+000  1.2486749959608139E+000
  1.2483831148449827E+000  1.2478093173923976E+000  1.2469594862032669E+000  1.2458480037431676E+000  1.2444905604210983E+000
  1.2428959907699191E+000  1.2410798392572184E+000  1.2390626215019753E+000  1.2368609825716324E+000  1.2344951670934634E+000
  1.2319919966347637E+000  1.2293751325159061E+000  1.2266705831762796E+000  1.2239058308908763E+000  1.2211003214113227E+000
  1.2182739784227499E+000  1.2154483622488010E+000  1.2126382478020452E+000  1.2098577472617711E+000  1.2071212949269670E+000
  1.2044326064529982E+000  1.2017966401553573E+000  1.1992131776184942E+000  1.1966743770423334E+000  1.1941855331947795E+000
  1.1917317326905907E+000  1.1893122335090012E+000  1.1869268240875803E+000  1.1845246950378556E+000  1.1819838981042166E+000
  1.1792807049829519E+000  1.1764178752353298E+000  1.1734108628551612E+000  1.1702777173528660E+000  1.1670239765779733E+000
  1.1636392195815688E+000  1.1601102388415647E+000  1.1564253937446896E+000  1.1525654177196221E+000  1.1485025593462572E+000
  1.1442091373945424E+000  1.1396609515824370E+000  1.1348396295270140E+000  1.1297374049553126E+000  1.1246418327566401E+000
  1.1186784929423426E+000  1.1127102011457624E+000  1.1064465033267934E+000  1.0998854081867790E+000  1.0930259465552685E+000
  1.0858713898884407E+000  1.0784320263925777E+000  1.0707218608297548E+000  1.0627451054692378E+000  1.0544201868999861E+000
  1.0460728645083197E+000  1.0375203640880006E+000  1.0287474251646005E+000  1.0197505769181721E+000  1.0105237380047114E+000
  1.0011918172336545E+000  9.9141526697921423E-001  9.8158207501124717E-001  9.7159494828671911E-001  9.6154152393160053E-001
  9.5148781154787909E-001  9.4148981393147890E-001  9.3157758612283426E-001  9.2191658006418831E-001  9.1236941296842688E-001
  9.0290780738404164E-001  8.9351157943309223E-001  8.8423888158534636E-001  8.7510930970819989E-001  8.6617994422091182E-001
  8.5751883146184338E-001  8.4903035321419051E-001  8.4085991071400090E-001  8.3308495265691274E-001  8.2570566051057770E-001
  8.1877302829103837E-001  8.1232397309295656E-001  8.0641102900342831E-001  8.0108404146852075E-001  7.9628687884463978E-001
  7.9194960754957244E-001  7.8808090553804022E-001  7.8466671215464978E-001  7.8167288112653854E-001  7.7908157765538577E-001
  7.7685627229477505E-001  7.7495154725670601E-001  7.7334820986156760E-001  7.7202447256468421E-001  7.7094288938027766E-001
  7.7007352026217535E-001  7.6938479329714016E-001  7.6885035494352960E-001  7.6845150650798499E-001  7.6816612244658733E-001
  7.6796983182696332E-001  7.6784074515028689E-001  7.6776139423068401E-001  7.6771914969848487E-001  7.6770427793510243E-001
  7.6770720231019784E-001  7.6771974441360502E-001  7.6773578369371165E-001  7.6775010375310737E-001  7.6775694521636095E-001
  7.6774986345705210E-001  7.6772394651947207E-001  7.6767756627127315E-001  7.6761204977233266E-001  7.6752986370952425E-001
  7.6743329442435948E-001  7.6732501847017975E-001  7.6720896164048091E-001  7.6708945685589169E-001  7.6697033695184502E-001
  7.6685498774363459E-001  7.6674729161317767E-001  7.6665195419306786E-001  7.6657295319221663E-001  7.6651256047768435E-001
  7.6647168046930025E-001  7.6645095723298529E-001  7.6645095722776291E-001  7.6647168045369873E-001  7.6651256045180538E-001
  7.6657295315622576E-001  7.6665195414727227E-001  7.6674729155805632E-001  7.6685498767986171E-001  7.6697033688019978E-001
  7.6708945677719798E-001  7.6720896155553064E-001  7.6732501837968048E-001  7.6743329432876162E-001  7.6752986360890563E-001
  7.6761204966623098E-001  7.6767756615864402E-001  7.6772394639871055E-001  7.6774986332604622E-001  7.6775694507266590E-001
  7.6775010359425033E-001  7.6773578351745220E-001  7.6771974421834521E-001  7.6770720209536658E-001  7.6770427770137684E-001
  7.6771914944760566E-001  7.6776139396504184E-001  7.6784074487264620E-001  7.6796983154000398E-001  7.6816612215206670E-001
  7.6845150620704339E-001  7.6885035463697082E-001  7.6938479298533746E-001  7.7007351994592588E-001  7.7094288906156416E-001
  7.7202447224566639E-001  7.7334820954398142E-001  7.7495154694196100E-001  7.7685627198442886E-001  7.7908157735075412E-001
  7.8167288082874908E-001  7.8466671186514736E-001  7.8808090525899399E-001  7.9194960728329933E-001  7.9628687859226910E-001
  8.0108404123211674E-001  8.0641102878609017E-001  8.1232397289603486E-001  8.1877302811436870E-001  8.2570566035738291E-001
  8.3308495252948300E-001  8.4085991061241738E-001  8.4903035314116115E-001  8.5751883141758234E-001  8.6617994420755806E-001
  8.7510930972774104E-001  8.8423888162729214E-001  8.9351157949815385E-001  9.0290780747003696E-001  9.1236941307564656E-001
  9.2191658019231881E-001  9.3157758626822984E-001  9.4148981409023447E-001  9.5148781172359587E-001  9.6154152413023963E-001
  9.7159494850579198E-001
BLOCK 81   2.4025299216800274E+001
  9.7461782711998390E-001  9.8491323721770563E-001  9.9511965758273546E-001  1.0052731069662895E+000  1.0152341462715071E+000
  1.0250280027741141E+000  1.0346144387006015E+000  1.0439150497893517E+000  1.0529253954845139E+000  1.0616891913714357E+000
  1.0703292106406381E+000  1.0787134432979952E+000  1.0868583477332758E+000  1.0947537499144055E+000  1.1023272392405796E+000
  1.1095405592762488E+000  1.1164006601229655E+000  1.1229195049946226E+000  1.1291082304764937E+000  1.1349784552054891E+000
  1.1405430282217359E+000  1.1458151389096631E+000  1.1508135019750647E+000  1.1555588526308838E+000  1.1600702504591813E+000
  1.1643613064563847E+000  1.1684381786813387E+000  1.1722987442582156E+000  1.1759322393038223E+000  1.1793194118942973E+000
  1.1824415933918260E+000  1.1853104366437783E+000  1.1880070342516327E+000  1.1906711273909341E+000  1.1932816799854613E+000
  1.1958666819641905E+000  1.1984404390290946E+000  1.2010070695256119E+000  1.2035831575318978E+000  1.2061718574495690E+000
  1.2087873720824307E+000  1.2114406081098064E+000  1.2141376462005888E+000  1.2168831692651891E+000  1.2196724018160217E+000
  1.2225000051649146E+000  1.2253566926547172E+000  1.2282267003735796E+000  1.2310938199129473E+000  1.2339390326163759E+000
  1.2367428290831690E+000  1.2394848681482598E+000  1.2421418143025091E+000  1.2446915577051119E+000  1.2471069385702647E+000
  1.2496699112567828E+000  1.2514080589869838E+000  1.2532585918276933E+000  1.2548846739369754E+000  1.2562641379291064E+000
  1.2573827440288348E+000  1.2582292484317203E+000  1.2587980689761160E+000  1.2590839399522333E+000  1.2590839399635663E+000
  1.2587980690091587E+000  1.2582292484860358E+000  1.2573827441042125E+000  1.2562641380242976E+000  1.2548846740509929E+000
  1.2532585919604984E+000  1.2514080591366379E+000  1.2496699113409901E+000  1.2471069387530254E+000  1.2446915579020272E+000
  1.2421418145116114E+000  1.2394848683679776E+000  1.2367428293116476E+000  1.2339390328520838E+000  1.2310938201542467E+000
  1.2282267006184815E+000  1.2253566929019131E+000  1.2225000054121640E+000  1.2196724020613465E+000  1.2168831695070681E+000
  1.2141376464363691E+000  1.2114406083381426E+000  1.2087873723013531E+000  1.2061718576560319E+000  1.2035831577259533E+000
  1.2010070697028030E+000  1.1984404391860801E+000  1.1958666820996429E+000  1.1932816801007224E+000  1.1906711274828754E+000
  1.1880070343231814E+000  1.1853104366918485E+000  1.1824415934244008E+000  1.1793194119159303E+000  1.1759322393153413E+000
  1.1722987442580373E+000  1.1684381786672264E+000  1.1643613064263589E+000  1.1600702504115370E+000  1.1555588525641902E+000
  1.1508135018885000E+000  1.1458151388030058E+000  1.1405430280954518E+000  1.1349784550606532E+000  1.1291082303139686E+000
  1.1229195048162015E+000  1.1164006599280927E+000  1.1095405590658207E+000  1.1023272390139607E+000  1.0947537496717068E+000
  1.0868583474761324E+000  1.0787134430284837E+000  1.0703292103622475E+000  1.0616891910833159E+000  1.0529253951895923E+000
  1.0439150494862688E+000  1.0346144383926410E+000  1.0250280024643645E+000  1.0152341459655407E+000  1.0052731066676657E+000
  9.9511965731797869E-001  9.8491323694783750E-001  9.7461782686417286E-001  9.6424996098163951E-001  9.5383284501556242E-001
  9.4344870357546518E-001  9.3312971648972787E-001  9.2294773612647885E-001  9.1282132483633127E-001  9.0269727522919219E-001
  8.9264760230795781E-001  8.8267742166483076E-001  8.7242628532945554E-001  8.6295906281959744E-001  8.5344815114805528E-001
  8.4424051633990849E-001  8.3531816898105860E-001  8.2684407078072353E-001  8.1891280042961201E-001  8.1151451882947845E-001
  8.0469114645209716E-001  7.9844332260282036E-001  7.9275800016414200E-001  7.8760744944762329E-001  7.8297381861018167E-001
  7.7884981431784106E-001  7.7519630745795087E-001  7.7199217740421433E-001  7.6923708632190824E-001  7.6690381134326879E-001
  7.6494755520927737E-001  7.6333755889102184E-001  7.6204870587303941E-001  7.6104643454107646E-001  7.6029490301563751E-001
  7.5976017240280924E-001  7.5940639177232305E-001  7.5920371875712456E-001  7.5913122147475998E-001  7.5916516807125789E-001
  7.5927967387390727E-001  7.5945210779515548E-001  7.5966330810419058E-001  7.5989859968114848E-001  7.6014581182375818E-001
  7.6039202369938008E-001  7.6062489370492969E-001  7.6083569708669385E-001  7.6101991987326389E-001  7.6117602139258345E-001
  7.6130322120333571E-001  7.6140045143504498E-001  7.6146701288555385E-001  7.6150310010074507E-001  7.6150967940571945E-001
  7.6148819969670434E-001  7.6144097031228763E-001  7.6137189893779023E-001  7.6128671810217496E-001  7.6119216379708188E-001
  7.6109443171388358E-001  7.6099855824485685E-001  7.6090905374466855E-001  7.6083052434961873E-001  7.6076745584122007E-001
  7.6072353822179806E-001  7.6070106197871545E-001  7.6070106197286325E-001  7.6072353820447192E-001  7.6076745581298477E-001
  7.6083052431134313E-001  7.6090905369743023E-001  7.6099855818986584E-001  7.6109443165236546E-001  7.6119216373011744E-001
  7.6128671803055270E-001  7.6137189886186674E-001  7.6144097023181034E-001  7.6148819961075709E-001  7.6150967931264113E-001
  7.6150309999823140E-001  7.6146701277088791E-001  7.6140045130554124E-001  7.6130322105680537E-001  7.6117602122757433E-001
  7.6101991968924110E-001  7.6083569688406072E-001  7.6062489348482998E-001  7.6039202346316359E-001  7.6014581157266492E-001
  7.5989859941614590E-001  7.5966330782572000E-001  7.5945210750371572E-001  7.5927967357029513E-001  7.5916516775695642E-001
  7.5913122115128728E-001  7.5920371842615020E-001  7.5940639143553879E-001  7.5976017206174284E-001  7.6029490267146205E-001
  7.6104643419494933E-001  7.6204870552664139E-001  7.6333755854525531E-001  7.6494755486553911E-001  7.6690381100309368E-001
  7.6923708598666307E-001  7.7199217707664525E-001  7.7519630713982468E-001  7.7884981401116060E-001  7.8297381831807000E-001
  7.8760744917257519E-001  7.9275799990684559E-001  7.9844332236524918E-001  8.0469114623912019E-001  8.1151451864311741E-001
  8.1891280027041780E-001  8.2684407064833620E-001  8.3531816887725363E-001  8.4424051626773511E-001  8.5344815110784511E-001
  8.6295906281256185E-001  8.7242628535824074E-001  8.8267742171843944E-001  8.9264760238843355E-001  9.0269727533700406E-001
  9.1282132496961954E-001  9.2294773628381677E-001  9.3312971667049915E-001  9.4344870377893419E-001  9.5383284523791867E-001
  9.6424996122148754E-001
BLOCK 82   2.4325615457010340E+001
  9.6725751674382887E-001  9.7816832771720807E-001  9.8898713770611568E-001  9.9968855795820211E-001  1.0102353134097588E+000
  1.0205840439202136E+000  1.0307300190153523E+000  1.0406496851352265E+000  1.0503496615266297E+000  1.0598956394433316E+000
  1.0693344334560932E+000  1.0785272718877361E+000  1.0874268312351572E+000  1.0960004695504728E+000  1.1042232694437377E+000
  1.1120859888759684E+000  1.1196022970460593E+000  1.1267857342783905E+000  1.1336346735148846E+000  1.1401780707460425E+000
  1.1464157100986352E+000  1.1523348892271830E+000  1.1579349938622137E+000  1.1632304077479900E+000  1.1682215254612971E+000
  1.1728812001291888E+000  1.1771739148625084E+000  1.1810860339053335E+000  1.1846486904411910E+000  1.1879685308302870E+000
  1.1911541754907808E+000  1.1942110109221797E+000  1.1971484094164804E+000  1.2000055742815452E+000  1.2027966435560411E+000
  1.2055400018343225E+000  1.2082605484224598E+000  1.2109700455843024E+000  1.2136849977582955E+000  1.2164167533817474E+000
  1.2191700247576873E+000  1.2219515534185499E+000  1.2247614387404129E+000  1.2275966000341132E+000  1.2304520507869972E+000
  1.2333208063692718E+000  1.2362013527561697E+000  1.2390919046271938E+000  1.2419776680077683E+000  1.2448319667541752E+000
  1.2476266986611624E+000  1.2501806048759632E+000  1.2529654062726718E+000  1.2554772470580744E+000  1.2578502528923758E+000
  1.2600657184965738E+000  1.2621007475797719E+000  1.2639365375538980E+000  1.2655525088297572E+000  1.2669313986118909E+000
  1.2680563434207748E+000  1.2689131568862198E+000  1.2694909382351895E+000  1.2697817112293652E+000  1.2697817112413350E+000
  1.2694909382709070E+000  1.2689131569453320E+000  1.2680563435031944E+000  1.2669313987166979E+000  1.2655525089561217E+000
  1.2639365377008509E+000  1.2621007477461528E+000  1.2600657186805058E+000  1.2578502530932574E+000  1.2554772472734566E+000
  1.2529654065015998E+000  1.2501806049929143E+000  1.2476266989124896E+000  1.2448319670153882E+000  1.2419776682765178E+000
  1.2390919049007434E+000  1.2362013530313773E+000  1.2333208066434334E+000  1.2304520510578909E+000  1.2275966002988317E+000
  1.2247614389968626E+000  1.2219515536648364E+000  1.2191700249910433E+000  1.2164167536014459E+000  1.2136849979621285E+000
  1.2109700457707846E+000  1.2082605485919804E+000  1.2055400019834426E+000  1.2027966436879396E+000  1.2000055743901916E+000
  1.1971484095018046E+000  1.1942110109835153E+000  1.1911541755282371E+000  1.1879685308456549E+000  1.1846486904345563E+000
  1.1810860338799256E+000  1.1771739148222840E+000  1.1728812000774478E+000  1.1682215253993047E+000  1.1632304076741784E+000
  1.1579349937727133E+000  1.1523348891173151E+000  1.1464157099647161E+000  1.1401780705860758E+000  1.1336346733286746E+000
  1.1267857340641025E+000  1.1196022968114145E+000  1.1120859886204704E+000  1.1042232691703966E+000  1.0960004692623091E+000
  1.0874268309355946E+000  1.0785272715789289E+000  1.0693344331402259E+000  1.0598956391209005E+000  1.0503496612027652E+000
  1.0406496848073679E+000  1.0307300186823711E+000  1.0205840435866538E+000  1.0102353130751209E+000  9.9968855763581432E-001
  9.8898713738069410E-001  9.7816832740455584E-001  9.6725751644849989E-001  9.5627170222625213E-001  9.4524749296434951E-001
  9.3423102174659234E-001  9.2333543418509023E-001  9.1244300346146190E-001  9.0163054831395106E-001  8.9086924107279297E-001
  8.8012912555238143E-001  8.6927906783486864E-001  8.5885378297387649E-001  8.4864833979359933E-001  8.3874938301036683E-001
  8.2926139276864741E-001  8.2019089088754438E-001  8.1167568335328988E-001  8.0380939080391334E-001  7.9658552404753247E-001
  7.8994756562367452E-001  7.8385802907761704E-001  7.7834110285241787E-001  7.7341383834337296E-001  7.6903160555063965E-001
  7.6514482140176399E-001  7.6174334929037180E-001  7.5882680749077780E-001  7.5637310036801897E-001  7.5434692731260677E-001
  7.5271475768588170E-001  7.5144153110916567E-001  7.5024712139668936E-001  7.4991524859132408E-001  7.4971701788000400E-001
  7.4963192467711470E-001  7.4964027830884439E-001  7.4972538682419620E-001  7.4987253418605515E-001  7.5006702556811355E-001
  7.5029638698117784E-001  7.5054889077327724E-001  7.5160729392573411E-001  7.5213164176427738E-001  7.5264862903918750E-001
  7.5314623155913440E-001  7.5361201405800826E-001  7.5403620115506209E-001  7.5441289116782528E-001  7.5473955206677024E-001
  7.5501542534633248E-001  7.5523994418553475E-001  7.5541342520931876E-001  7.5553855032888029E-001  7.5562023502698905E-001
  7.5566425817404714E-001  7.5567583634162416E-001  7.5565941354894695E-001  7.5561961690997503E-001  7.5556183526583942E-001
  7.5549188253031674E-001  7.5541547286111754E-001  7.5533837827319217E-001  7.5526677493867267E-001  7.5520694558766888E-001
  7.5516423442383329E-001  7.5514209528236054E-001  7.5514209527742104E-001  7.5516423440927838E-001  7.5520694556426293E-001
  7.5526677490753802E-001  7.5533837823558059E-001  7.5541547281813526E-001  7.5549188248262900E-001  7.5556183521340692E-001
  7.5561961685197132E-001  7.5565941348378629E-001  7.5567583626719226E-001  7.5566425808800763E-001  7.5562023492716346E-001
  7.5553855021361749E-001  7.5541342507764087E-001  7.5523994403706751E-001  7.5501542518109410E-001  7.5473955188486896E-001
  7.5441289096915687E-001  7.5403620093941426E-001  7.5361201382529031E-001  7.5314623130947911E-001  7.5264862877305028E-001
  7.5213164148238476E-001  7.5160729362905387E-001  7.5054889061535157E-001  7.5029638681808197E-001  7.5006702539947390E-001
  7.4987253401320331E-001  7.4972538664548516E-001  7.4964027812614376E-001  7.4963192449064453E-001  7.4971701769141319E-001
  7.4991524840521495E-001  7.5024712120526393E-001  7.5144153072747633E-001  7.5271475730482107E-001  7.5434692693402450E-001
  7.5637309999334956E-001  7.5882680712163642E-001  7.6174334892935835E-001  7.6514482105236148E-001  7.6903160521615277E-001
  7.7341383802637353E-001  7.7834110255512523E-001  7.8385802880249111E-001  7.8994756537338962E-001  7.9658552382436787E-001
  8.0380939060903778E-001  8.1167568318812611E-001  8.2019089075214913E-001  8.2926139266306564E-001  8.3874938293652501E-001
  8.4864833975215481E-001  8.5885378296824000E-001  8.6927906785993692E-001  8.8012912561668366E-001  8.9086924117017863E-001
  9.0163054844291246E-001  9.1244300362049702E-001  9.2333543437101284E-001  9.3423102196074459E-001  9.4524749320821155E-001
  9.5627170249750182E-001
BLOCK 83   2.4625931697220405E+001
  9.5853378779051290E-001  9.7025607259211666E-001  9.8187920791528582E-001  9.9337174337995804E-001  1.0046485854084704E+000
  1.0157372979318595E+000  1.0265941518512227E+000  1.0371833893896194E+000  1.0475175464121969E+000  1.0576391365074900E+000
  1.0676787574207083E+000  1.0774840664696150E+000  1.0870520571386773E+000  1.0963491213179737E+000  1.1053509041099010E+000
  1.1140456871124258E+000  1.1224284760912409E+000  1.1304958643888188E+000  1.1382330600512176E+000  1.1456193901359997E+000
  1.1526221492589894E+000  1.1592036128926815E+000  1.1653333754082966E+000  1.1709971576411249E+000  1.1761968735899666E+000
  1.1809583647825128E+000  1.1853224022258735E+000  1.1894470840103444E+000  1.1932914147544793E+000  1.1969349578599786E+000
  1.2004176725999636E+000  1.2037495460732874E+000  1.2069507642115234E+000  1.2100530689353575E+000  1.2130721013735590E+000
  1.2160229863940148E+000  1.2189322332216221E+000  1.2218162912462658E+000  1.2246840026609094E+000  1.2275491950665336E+000
  1.2304260547331880E+000  1.2333274527133051E+000  1.2362581018248664E+000  1.2392100047791768E+000  1.2421712135186784E+000
  1.2451248760644100E+000  1.2480497926699605E+000  1.2504807130702922E+000  1.2537785415897473E+000  1.2565722615833272E+000
  1.2592963937356396E+000  1.2619354456925593E+000  1.2644736430581358E+000  1.2668956240900311E+000  1.2691869763274743E+000
  1.2713267965017938E+000  1.2732957777048499E+000  1.2750697142251139E+000  1.2766293141972320E+000  1.2779571157855056E+000
  1.2790387706703361E+000  1.2798616781655763E+000  1.2804161832788776E+000  1.2806956779008274E+000  1.2806956779139138E+000
  1.2804161833179275E+000  1.2798616782303378E+000  1.2790387707604174E+000  1.2779571159002092E+000  1.2766293143356564E+000
  1.2750697143863938E+000  1.2732957778875915E+000  1.2713267967049737E+000  1.2691869765496484E+000  1.2668956243298612E+000
  1.2644736433137735E+000  1.2619354459615539E+000  1.2592963940158741E+000  1.2565722618710251E+000  1.2537785418833425E+000
  1.2504807132181872E+000  1.2480497929664989E+000  1.2451248763605947E+000  1.2421712138116900E+000  1.2392100050660539E+000
  1.2362581021027756E+000  1.2333274529789096E+000  1.2304260549845456E+000  1.2275491953018851E+000  1.2246840028788875E+000
  1.2218162914467572E+000  1.2189322334022716E+000  1.2160229865538619E+000  1.2130721015132127E+000  1.2100530690520697E+000
  1.2069507643054684E+000  1.2037495461478658E+000  1.2004176726519658E+000  1.1969349578887412E+000  1.1932914147591700E+000
  1.1894470839905649E+000  1.1853224021813702E+000  1.1809583647135165E+000  1.1761968734970705E+000  1.1709971575256850E+000
  1.1653333752720560E+000  1.1592036127370600E+000  1.1526221490843411E+000  1.1456193899407883E+000  1.1382330598332104E+000
  1.1304958641474250E+000  1.1224284758264746E+000  1.1140456868265369E+000  1.1053509038045735E+000  1.0963491209964980E+000
  1.0870520568046027E+000  1.0774840661249947E+000  1.0676787570672610E+000  1.0576391361408692E+000  1.0475175460391171E+000
  1.0371833890122710E+000  1.0265941514707952E+000  1.0157372975496266E+000  1.0046485850432787E+000  9.9337174301233955E-001
  9.8187920757191682E-001  9.7025607225876420E-001  9.5853378747685525E-001  9.4669066797583068E-001  9.3475269283228102E-001
  9.2301501089272775E-001  9.1130803853483999E-001  8.9966893814999016E-001  8.8802959382973712E-001  8.7653339170146316E-001
  8.6514002676910684E-001  8.5390450019847375E-001  8.4294779883156568E-001  8.3246125415964467E-001  8.2242872277322632E-001
  8.1293789186052923E-001  8.0396571133606898E-001  7.9566030035603363E-001  7.8800076998468582E-001  7.8091815963287692E-001
  7.7441624013987187E-001  7.6851573950176810E-001  7.6322137166644621E-001  7.5852317747790798E-001  7.5439911225446010E-001
  7.5041582082242897E-001  7.4769978137470250E-001  7.4513190588804146E-001  7.4303057269118544E-001  7.4138663641522684E-001
  7.4013785373878627E-001  7.3924578274781994E-001  7.3868285109834142E-001  7.3842444086389003E-001  7.3843311779632126E-001
  7.3866478366611277E-001  7.3907920183027564E-001  7.3964135139451148E-001  7.4031932881446438E-001  7.4108446372342485E-001
  7.4190964408347526E-001  7.4276586597900607E-001  7.4362535860596379E-001  7.4446710059379573E-001  7.4527660038354848E-001
  7.4604102582785070E-001  7.4674843851920925E-001  7.4739056040109553E-001  7.4796270402773946E-001  7.4846316250539047E-001
  7.4944129218485900E-001  7.4962413859688193E-001  7.4977138832946832E-001  7.4988466270322918E-001  7.4996688797657862E-001
  7.5002194518181675E-001  7.5005392222135558E-001  7.5006658027000794E-001  7.5006354243836593E-001  7.5004868500232602E-001
  7.5002620580053359E-001  7.5000027153381799E-001  7.4997431048467500E-001  7.4995095859562733E-001  7.4993190960196154E-001
  7.4991836572629578E-001  7.4991128869783608E-001  7.4991128869746515E-001  7.4991836572506576E-001  7.4993190959949929E-001
  7.4995095859133487E-001  7.4997431047776963E-001  7.5000027152335003E-001  7.5002620578543300E-001  7.5004868498169686E-001
  7.5006354241145945E-001  7.5006658023632788E-001  7.5005392218062839E-001  7.5002194513387666E-001  7.4996688792067212E-001
  7.4988466263973863E-001  7.4977138825760448E-001  7.4962413851638920E-001  7.4944129209514010E-001  7.4846316231146737E-001
  7.4796270381615404E-001  7.4739056017155558E-001  7.4674843827176396E-001  7.4604102556286311E-001  7.4527660010155472E-001
  7.4446710029552532E-001  7.4362535829185594E-001  7.4276586564988389E-001  7.4190964374011781E-001  7.4108446336704770E-001
  7.4031932844553439E-001  7.3964135101421258E-001  7.3907920143980044E-001  7.3866478326743679E-001  7.3843311739006168E-001
  7.3842444045077549E-001  7.3868285068006001E-001  7.3924578232568605E-001  7.4013785331557058E-001  7.4138663599291255E-001
  7.4303057227218727E-001  7.4513190547436059E-001  7.4769978097154133E-001  7.5041582062480083E-001  7.5439911188016540E-001
  7.5852317712074913E-001  7.6322137132773149E-001  7.6851573918435157E-001  7.7441623984673158E-001  7.8091815936671094E-001
  7.8800076974699640E-001  7.9566030014818800E-001  8.0396571115833071E-001  8.1293789171525177E-001  8.2242872266541489E-001
  8.3246125408801352E-001  8.4294779879178039E-001  8.5390450019407615E-001  8.6514002680810609E-001  8.7653339181877199E-001
  8.8802959394853020E-001  8.9966893830781580E-001  9.1130803872811061E-001  9.2301501112087192E-001  9.3475269309400977E-001
  9.4669066826500059E-001
BLOCK 84   2.4926247937430471E+001
  9.4757996938250721E-001  9.6031629212721581E-001  9.7294697480715742E-001  9.8541657758810086E-001  9.9752173879616413E-001
  1.0097651148451714E+000  1.0215269018059170E+000  1.0329599480817389E+000  1.0440547715580599E+000  1.0548799298641831E+000
  1.0656405414229195E+000  1.0761515294460808E+000  1.0864567603449291E+000  1.0965444626722454E+000  1.1063950862364693E+000
  1.1159810398497021E+000  1.1252257407077280E+000  1.1341993131610804E+000  1.1427371106259196E+000  1.1508188363589971E+000
  1.1583931446786311E+000  1.1654303138116608E+000  1.1719319200812055E+000  1.1779280243625594E+000  1.1834512959166010E+000
  1.1886328672723021E+000  1.1934748597061426E+000  1.1980393642809997E+000  1.2023511158144233E+000  1.2064299737651354E+000
  1.2102952388426236E+000  1.2139785097003390E+000  1.2175076021094653E+000  1.2208939820941760E+000  1.2241535201571352E+000
  1.2273253958640702E+000  1.2304541333663015E+000  1.2335634812063587E+000  1.2366602220208744E+000  1.2397471806101823E+000
  1.2428197620669270E+000  1.2458650793024686E+000  1.2494229553243854E+000  1.2518564123120128E+000  1.2548192912525968E+000
  1.2577615356164951E+000  1.2606736013120696E+000  1.2635426320818695E+000  1.2663602509644887E+000  1.2691091048292813E+000
  1.2717764333270680E+000  1.2743437254342476E+000  1.2767942876395155E+000  1.2791106954650571E+000  1.2812775224323396E+000
  1.2832798771051228E+000  1.2851036224510302E+000  1.2867355318267650E+000  1.2881633713484852E+000  1.2893771338358599E+000
  1.2903671332013864E+000  1.2911231300055861E+000  1.2916342169798503E+000  1.2918924291377381E+000  1.2918924291520582E+000
  1.2916342170226145E+000  1.2911231300765751E+000  1.2903671333002844E+000  1.2893771339622428E+000  1.2881633715018759E+000
  1.2867355320061675E+000  1.2851036226549455E+000  1.2832798773319658E+000  1.2812775226798501E+000  1.2791106957310450E+000
  1.2767942879212009E+000  1.2743437257294274E+000  1.2717764336325481E+000  1.2691091051430083E+000  1.2663602512834156E+000
  1.2635426324033157E+000  1.2606736016335138E+000  1.2577615359343184E+000  1.2548192915655521E+000  1.2518564126153338E+000
  1.2494229554739953E+000  1.2458650795866231E+000  1.2428197623387831E+000  1.2397471808661751E+000  1.2366602222593555E+000
  1.2335634814255070E+000  1.2304541335642554E+000  1.2273253960408377E+000  1.2241535203126723E+000  1.2208939822265750E+000
  1.2175076022176974E+000  1.2139785097847646E+000  1.2102952389013626E+000  1.2064299737965627E+000  1.2023511158173472E+000
  1.1980393642546121E+000  1.1934748596484295E+000  1.1886328671828645E+000  1.1834512957953485E+000  1.1779280242102188E+000
  1.1719319199009048E+000  1.1654303136065063E+000  1.1583931444513111E+000  1.1508188361117213E+000  1.1427371103606567E+000
  1.1341993128787824E+000  1.1252257405551180E+000  1.1159810395327447E+000  1.1063950859007210E+000  1.0965444623171368E+000
  1.0864567599720354E+000  1.0761515290571668E+000  1.0656405410204000E+000  1.0548799294446320E+000  1.0440547711303736E+000
  1.0329599476519185E+000  1.0215269013768691E+000  1.0097651144226125E+000  9.9752173839066494E-001  9.8541657719080322E-001
  9.7294697443146128E-001  9.6031629177717481E-001  9.4757996906134390E-001  9.3477617776557242E-001  9.2213087931320936E-001
  9.0945529125532554E-001  8.9690427426588581E-001  8.8448688514564977E-001  8.7161548409886491E-001  8.5979616738399467E-001
  8.4791831658513028E-001  8.3639884739598269E-001  8.2524012293526294E-001  8.1468880785893560E-001  8.0475923451961162E-001
  7.9552908226254582E-001  7.8684349588840763E-001  7.7873624804928698E-001  7.7127108722258808E-001  7.6442922870913654E-001
  7.5815472165131437E-001  7.5243542611546088E-001  7.4729575934887715E-001  7.4284019302462256E-001  7.3899913597742006E-001
  7.3572418438998832E-001  7.3302980048146049E-001  7.3085613984920461E-001  7.2919129359396540E-001  7.2798343305450230E-001
  7.2719053624376717E-001  7.2677225838564807E-001  7.2668540962912409E-001  7.2689189312179625E-001  7.2735288405896159E-001
  7.2802584725316088E-001  7.2886730325348770E-001  7.2984238673347457E-001  7.3092521044083603E-001  7.3208887231436726E-001
  7.3329974601191050E-001  7.3452326775757137E-001  7.3573158688607265E-001  7.3690425079962318E-001  7.3802476992953325E-001
  7.3907904000231461E-001  7.4005484139597411E-001  7.4094112412027480E-001  7.4172952996482622E-001  7.4241736221502685E-001
  7.4300728816243122E-001  7.4350335318692351E-001  7.4390923122829211E-001  7.4423020974374621E-001  7.4447426323915711E-001
  7.4465113506866176E-001  7.4477137941704752E-001  7.4484480330175895E-001  7.4487977542628003E-001  7.4488460298370096E-001
  7.4486826992837862E-001  7.4483956769027726E-001  7.4480570287447501E-001  7.4477162653810081E-001  7.4474096976382254E-001
  7.4471731715938350E-001  7.4470425501830273E-001  7.4470425501955695E-001  7.4471731716260536E-001  7.4474096976751702E-001
  7.4477162654008322E-001  7.4480570287209868E-001  7.4483956768074910E-001  7.4486826990887334E-001  7.4488460295179115E-001
  7.4487977538007866E-001  7.4484480323961832E-001  7.4477137933762805E-001  7.4465113497170921E-001  7.4447426312410758E-001
  7.4423020961036568E-001  7.4390923107651241E-001  7.4350335301667392E-001  7.4300728797389826E-001  7.4241736200832686E-001
  7.4172952973978767E-001  7.4094112387722022E-001  7.4005484113480136E-001  7.3907903972326205E-001  7.3802476963278030E-001
  7.3690425048515906E-001  7.3573158655448478E-001  7.3452326740971385E-001  7.3329974564843059E-001  7.3208887193548100E-001
  7.3092521004712485E-001  7.2984238632552167E-001  7.2886730283243661E-001  7.2802584682020466E-001  7.2735288361534378E-001
  7.2689189266908150E-001  7.2668540916903246E-001  7.2677225792028122E-001  7.2719053577525150E-001  7.2798343258666431E-001
  7.2919129312958308E-001  7.3085613939088812E-001  7.3302980002807816E-001  7.3572418394927186E-001  7.3899913555173058E-001
  7.4284019261356349E-001  7.4729575896615819E-001  7.5243542574155353E-001  7.5815472131075345E-001  7.6442922839724736E-001
  7.7127108694191937E-001  7.7873624779866613E-001  7.8684349566611278E-001  7.9552908207230899E-001  8.0475923436608299E-001
  8.1468880774458996E-001  8.2524012285666626E-001  8.3639884736138370E-001  8.4791831660256556E-001  8.5979616744491516E-001
  8.7161548420546398E-001  8.8448688529311137E-001  8.9690427445152188E-001  9.0945529148061310E-001  9.2213087957300655E-001
  9.3477617805664004E-001
BLOCK 85   2.5226564177640537E+001
  9.3410496651406594E-001  9.4794104705405913E-001  9.6165722272916354E-001  9.7517878395334301E-001  9.8851396398744384E-001
  1.0017207232586933E+000  1.0144312615603139E+000  1.0269151711747813E+000  1.0390949477039755E+000  1.0510405075175437E+000
  1.0629701582077928E+000  1.0746110133605944E+000  1.0860335625332773E+000  1.0971841463835372E+000  1.1079903623387477E+000
  1.1183924439589557E+000  1.1283588470438606E+000  1.1378288401153340E+000  1.1468139774432018E+000  1.1552792979514317E+000
  1.1632206352230534E+000  1.1706531362232235E+000  1.1775883953666959E+000  1.1841024692718061E+000  1.1903295530735678E+000
  1.1961908030536235E+000  1.2016892516815207E+000  1.2068717618816078E+000  1.2117524052911124E+000  1.2163475778204891E+000
  1.2206849084310294E+000  1.2247917596657865E+000  1.2287070635251094E+000  1.2324778290354867E+000  1.2361401252867801E+000
  1.2397093632168690E+000  1.2431845361622658E+000  1.2465616597529479E+000  1.2499121389942340E+000  1.2530583261744290E+000
  1.2562200267524597E+000  1.2593285150993188E+000  1.2624014715724790E+000  1.2654419715444798E+000  1.2684498411714267E+000
  1.2714093646325340E+000  1.2743093590545067E+000  1.2771387219177919E+000  1.2798867082562602E+000  1.2825448685775540E+000
  1.2851014597820776E+000  1.2875438590429529E+000  1.2898564095021856E+000  1.2920255785653927E+000  1.2940377785265147E+000
  1.2958812802608166E+000  1.2975440664194027E+000  1.2990161266444065E+000  1.3002878411127319E+000  1.3013516231161004E+000
  1.3022026078365947E+000  1.3028395039603839E+000  1.3032626678667114E+000  1.3034740742386002E+000  1.3034740742551771E+000
  1.3032626679160804E+000  1.3028395040419596E+000  1.3022026079496061E+000  1.3013516232594238E+000  1.3002878412851537E+000
  1.2990161268442906E+000  1.2975440666449343E+000  1.2958812805099509E+000  1.2940377787971082E+000  1.2920255788550417E+000
  1.2898564098084080E+000  1.2875438593631254E+000  1.2851014601133726E+000  1.2825448689173269E+000  1.2798867086013315E+000
  1.2771387222653976E+000  1.2743093594010020E+000  1.2714093649756388E+000  1.2684498415081227E+000  1.2654419718734120E+000
  1.2624014718909573E+000  1.2593285154069196E+000  1.2562200270461228E+000  1.2530583264514539E+000  1.2499121391244783E+000
  1.2465616599966538E+000  1.2431845363866487E+000  1.2397093634187071E+000  1.2361401254631283E+000  1.2324778291830174E+000
  1.2287070636404300E+000  1.2247917597468860E+000  1.2206849084783360E+000  1.2163475778347805E+000  1.2117524052722675E+000
  1.2068717618311562E+000  1.2016892515995028E+000  1.1961908029419621E+000  1.1903295529303213E+000  1.1841024690958222E+000
  1.1775883951602248E+000  1.1706531359847376E+000  1.1632206349538325E+000  1.1552792976539703E+000  1.1468139771206423E+000
  1.1378288397706222E+000  1.1283588466818895E+000  1.1183924435776293E+000  1.1079903619437375E+000  1.0971841459771314E+000
  1.0860335621165484E+000  1.0746110129316970E+000  1.0629701577643327E+000  1.0510405070502311E+000  1.0390949472280091E+000
  1.0269151706997457E+000  1.0144312610843589E+000  1.0017207225709543E+000  9.8851396353521792E-001  9.7517878352454801E-001
  9.6165722233350959E-001  9.4794104669518375E-001  9.3410496618519190E-001  9.2048252104176864E-001  9.0692758608981550E-001
  8.9346016113687021E-001  8.8003083226835566E-001  8.6660778067798672E-001  8.5353267540445665E-001  8.4094879467947847E-001
  8.2878863294525584E-001  8.1717126304477539E-001  8.0610863568988556E-001  7.9584618821960473E-001  7.8619560308047587E-001
  7.7712641027801810E-001  7.6862810160462303E-001  7.6070179941513594E-001  7.5337560651136215E-001  7.4663326346205583E-001
  7.4061370927342995E-001  7.3523836434139866E-001  7.3047649446201868E-001  7.2639436263109292E-001  7.2296913794447382E-001
  7.2013883514766586E-001  7.1788507512905009E-001  7.1617015697286690E-001  7.1497102801494183E-001  7.1426181849361836E-001
  7.1397717309356856E-001  7.1406974698712822E-001  7.1449763331594240E-001  7.1521839590378311E-001  7.1618717426852874E-001
  7.1735650602259626E-001  7.1868395488906589E-001  7.2013132888633835E-001  7.2166339105416144E-001  7.2324775941740516E-001
  7.2485372481879373E-001  7.2645136839716051E-001  7.2801414317523405E-001  7.2952232984828413E-001  7.3096128661904092E-001
  7.3231571851188304E-001  7.3356794014813742E-001  7.3470275030684307E-001  7.3571272770545715E-001  7.3659791567366839E-001
  7.3736185372960339E-001  7.3800902412286806E-001  7.3854473806234511E-001  7.3897579301122718E-001  7.3931104237963952E-001
  7.3956193409723603E-001  7.3974155642853456E-001  7.3986204308852233E-001  7.3993339920977619E-001  7.3996516871304752E-001
  7.3996772827508894E-001  7.3995123130012230E-001  7.3992431672362713E-001  7.3989354321511147E-001  7.3986388218297716E-001
  7.3984003423874956E-001  7.3982656515556811E-001  7.3982656515538947E-001  7.3984003423790901E-001  7.3986388218128640E-001
  7.3989354321146839E-001  7.3992431671689307E-001  7.3995123128911133E-001  7.3996772825762414E-001  7.3996516868671136E-001
  7.3993339917184275E-001  7.3986204303600800E-001  7.3974155635897787E-001  7.3956193400833792E-001  7.3931104226982414E-001
  7.3897579287963533E-001  7.3854473790881336E-001  7.3800902394752632E-001  7.3736185353277794E-001  7.3659791545588060E-001
  7.3571272746762073E-001  7.3470275004975982E-001  7.3356793987249991E-001  7.3231571821778751E-001  7.3096128630660340E-001
  7.2952232951742846E-001  7.2801414282587773E-001  7.2645136802952825E-001  7.2485372443285145E-001  7.2324775901333294E-001
  7.2166339063235341E-001  7.2013132844728089E-001  7.1868395443359667E-001  7.1735650555258212E-001  7.1618717378634111E-001
  7.1521839541094190E-001  7.1449763281345124E-001  7.1406974647740451E-001  7.1397717258023308E-001  7.1426181797905286E-001
  7.1497102750214181E-001  7.1617015646246118E-001  7.1788507462292517E-001  7.2013883465354589E-001  7.2296913746241365E-001
  7.2639436216439524E-001  7.3047649401719861E-001  7.3523836391287511E-001  7.4061370886697053E-001  7.4663326308744438E-001
  7.5337560616681198E-001  7.6070179909944946E-001  7.6862810132631199E-001  7.7712641004287941E-001  7.8619560288933932E-001
  7.9584618807083540E-001  8.0610863558259571E-001  8.1717126298674636E-001  8.2878863293568050E-001  8.4094879471320871E-001
  8.5353267548264256E-001  8.6660778078598544E-001  8.8003083244383018E-001  8.9346016135245210E-001  9.0692758634397186E-001
  9.2048252133709907E-001
BLOCK 86   2.5526880417850602E+001
  9.1808884035541294E-001  9.3259148416322779E-001  9.4723527583045042E-001  9.6185512615833046E-001  9.7637639720273495E-001
  9.9074560140266765E-001  1.0049112526906829E+000  1.0188815824536086E+000  1.0326489531783054E+000  1.0461095666532043E+000
  1.0592868435102223E+000  1.0722533037222735E+000  1.0849118834997895E+000  1.0971705987503308E+000  1.1089606508316530E+000
  1.1202388068235800E+000  1.1309504052631960E+000  1.1410453809128291E+000  1.1505499230408032E+000  1.1595032485783043E+000
  1.1679188574043082E+000  1.1758110222173623E+000  1.1832643780403891E+000  1.1904022101250389E+000  1.1971823880321284E+000
  1.2036030288505233E+000  1.2096992364145678E+000  1.2155102566486031E+000  1.2210521488180435E+000  1.2263358856098643E+000
  1.2313793551370396E+000  1.2361878681393863E+000  1.2407545106287259E+000  1.2450832248531676E+000  1.2495773724142101E+000
  1.2531091085142698E+000  1.2568742015584058E+000  1.2604980866167161E+000  1.2640031387754964E+000  1.2674048993428102E+000
  1.2707230746278766E+000  1.2739709601823606E+000  1.2771449916106148E+000  1.2802406763675751E+000  1.2832513367963723E+000
  1.2861770908324464E+000  1.2890123037896140E+000  1.2917497206800996E+000  1.2943842749293197E+000  1.2969133380258708E+000
  1.2993247263799783E+000  1.3016019590897245E+000  1.3037304417436573E+000  1.3057005844044800E+000  1.3075054071636028E+000
  1.3091405931049676E+000  1.3106022074274928E+000  1.3118931762035513E+000  1.3130165340973838E+000  1.3139143864459422E+000
  1.3146302218886152E+000  1.3151612487462336E+000  1.3155114383333804E+000  1.3156835154312694E+000  1.3156835154494195E+000
  1.3155114383889328E+000  1.3151612488397668E+000  1.3146302220176069E+000  1.3139143866064069E+000  1.3130165342869571E+000
  1.3118931764233772E+000  1.3106022076745667E+000  1.3091405933768965E+000  1.3075054074580379E+000  1.3057005847187850E+000
  1.3037304420749092E+000  1.3016019594348167E+000  1.2993247267360397E+000  1.2969133383901732E+000  1.2943842752995531E+000
  1.2917497210541578E+000  1.2890123041651766E+000  1.2861770912070831E+000  1.2832513371679890E+000  1.2802406767329082E+000
  1.2771449919668407E+000  1.2739709605268004E+000  1.2707230749572989E+000  1.2674048996539493E+000  1.2640031390636126E+000
  1.2604980868803826E+000  1.2568742017938266E+000  1.2531091087183832E+000  1.2495773725013410E+000  1.2450832249940433E+000
  1.2407545107385600E+000  1.2361878682172331E+000  1.2313793551802990E+000  1.2263358856161888E+000  1.2210521487863664E+000
  1.2155102565772982E+000  1.2096992363049777E+000  1.2036030287091728E+000  1.1971823878550278E+000  1.1904022099121352E+000
  1.1832643777911926E+000  1.1758110219350582E+000  1.1679188570896981E+000  1.1595032482329179E+000  1.1505499226667355E+000
  1.1410453805113745E+000  1.1309504048356891E+000  1.1202388063763422E+000  1.1089606503641831E+000  1.0971705982704916E+000
  1.0849118830119111E+000  1.0722533032269890E+000  1.0592868430077864E+000  1.0461095661455424E+000  1.0326489526630831E+000
  1.0188815819371757E+000  1.0049112522017982E+000  9.9074560089663910E-001  9.7637639673464316E-001  9.6185512570706688E-001
  9.4723527540884234E-001  9.3259148377993706E-001  9.1808884001101521E-001  9.0347720502816020E-001  8.8897003293338583E-001
  8.7459827072141749E-001  8.6042478978668491E-001  8.4667537794300807E-001  8.3318254134933811E-001  8.2036242909790480E-001
  8.0815240472034777E-001  7.9678953083120818E-001  7.8593348316944389E-001  7.7570590105997406E-001  7.6612345644428748E-001
  7.5712794862484567E-001  7.4861008188837574E-001  7.4100978935068385E-001  7.3399084521032365E-001  7.2767457060937735E-001
  7.2208445715267477E-001  7.1715229332016917E-001  7.1288623417136143E-001  7.0930719293204503E-001  7.0636767794352229E-001
  7.0404214628267336E-001  7.0231083442259312E-001  7.0112720794789274E-001  7.0046835575136290E-001  7.0030536550950628E-001
  7.0057615540040519E-001  7.0122441262175417E-001  7.0220352659030061E-001  7.0347220093966945E-001  7.0498975671144370E-001
  7.0670317619358569E-001  7.0855931568424679E-001  7.1051536541991756E-001  7.1253527804929029E-001  7.1458443954314688E-001
  7.1662801826714473E-001  7.1863414436984252E-001  7.2057670836426813E-001  7.2243475901837051E-001  7.2419096174898934E-001
  7.2583096580146644E-001  7.2734322851574418E-001  7.2871920900817810E-001  7.2995422845595026E-001  7.3104801931882946E-001
  7.3200295600545473E-001  7.3282117987180950E-001  7.3350446974460937E-001  7.3405761632991307E-001  7.3449132183858734E-001
  7.3482059303340175E-001  7.3506053442709030E-001  7.3522418108385346E-001  7.3532356986944425E-001  7.3537135712307022E-001
  7.3538088985551908E-001  7.3536538987474476E-001  7.3533676644181156E-001  7.3530426913469515E-001  7.3527403504201028E-001
  7.3525045822317769E-001  7.3523742302599215E-001  7.3523742302534689E-001  7.3525045822124113E-001  7.3527403503814881E-001
  7.3530426912806313E-001  7.3533676643144952E-001  7.3536538985935052E-001  7.3538088983340733E-001  7.3537135709274670E-001
  7.3532356982915659E-001  7.3522418103151066E-001  7.3506053436043095E-001  7.3482059295023328E-001  7.3449132173685072E-001
  7.3405761620778143E-001  7.3350446960038140E-001  7.3282117970410032E-001  7.3200295581334274E-001  7.3104801910201589E-001
  7.2995422821466949E-001  7.2871920874316276E-001  7.2734322822785136E-001  7.2583096549158932E-001  7.2419096141770345E-001
  7.2243475866590900E-001  7.2057670799075946E-001  7.1863414397562164E-001  7.1662801785286367E-001  7.1458443910979108E-001
  7.1253527759951918E-001  7.1051536495334122E-001  7.0855931519729465E-001  7.0670317569105290E-001  7.0498975619405635E-001
  7.0347220040897884E-001  7.0220352604727354E-001  7.0122441206719754E-001  7.0057615484036062E-001  7.0030536494478890E-001
  7.0046835518543049E-001  7.0112720738312095E-001  7.0231083385972648E-001  7.0404214572637647E-001  7.0636767739524220E-001
  7.0930719239553386E-001  7.1288623364293635E-001  7.1715229281450299E-001  7.2208445667343024E-001  7.2767457016094150E-001
  7.3399084479596366E-001  7.4100978896771352E-001  7.4861008155710329E-001  7.5712794832841812E-001  7.6612345619566802E-001
  7.7570590085811975E-001  7.8593348301655097E-001  7.9678953073134340E-001  8.0815240467288407E-001  8.2036242910308421E-001
  8.3318254139707848E-001  8.4667537804385051E-001  8.6042478994702254E-001  8.7459827091498910E-001  8.8897003317904644E-001
  9.0347720533051978E-001
BLOCK 87   2.5827196658060668E+001
  8.9879612329128378E-001  9.1409052441673400E-001  9.2956102822238873E-001  9.4533120249063762E-001  9.6118821009301580E-001
  9.7707803595419573E-001  9.9289676421495199E-001  1.0086738161987692E+000  1.0240822179921407E+000  1.0391406841462201E+000
  1.0538107429440573E+000  1.0682049308755515E+000  1.0821109852633795E+000  1.0955213530937087E+000  1.1083963406691240E+000
  1.1206768659458577E+000  1.1323402189260170E+000  1.1433409882827046E+000  1.1537015353527817E+000  1.1634361600267427E+000
  1.1725485267913598E+000  1.1810707514474628E+000  1.1892891282107036E+000  1.1970055754751225E+000  1.2043632317852322E+000
  1.2114257004140221E+000  1.2182050919069698E+000  1.2247055413178134E+000  1.2309243968250720E+000  1.2368631872736016E+000
  1.2425272153933000E+000  1.2479171611959687E+000  1.2530422027284378E+000  1.2579338801689863E+000  1.2626145447122601E+000
  1.2670901325676369E+000  1.2713631563922043E+000  1.2754372894324426E+000  1.2793203913531783E+000  1.2830244422958121E+000
  1.2865617413185864E+000  1.2899507881650507E+000  1.2932019270102595E+000  1.2963200112624460E+000  1.2993086358058386E+000
  1.3021735445683029E+000  1.3049202124949850E+000  1.3075486793941198E+000  1.3100577107904297E+000  1.3124759950935250E+000
  1.3146398009293156E+000  1.3166125253063272E+000  1.3184531134273216E+000  1.3201490212888416E+000  1.3216960044342241E+000
  1.3230892478991596E+000  1.3243268565226964E+000  1.3254058726205105E+000  1.3263252711877083E+000  1.3270888512640830E+000
  1.3277016638632475E+000  1.3281613075334391E+000  1.3284693334355873E+000  1.3286232025534594E+000  1.3286232025740410E+000
  1.3284693334978557E+000  1.3281613076363339E+000  1.3277016640058292E+000  1.3270888514446286E+000  1.3263252714036851E+000
  1.3254058728682927E+000  1.3243268567998900E+000  1.3230892482029830E+000  1.3216960047611199E+000  1.3201490216354801E+000
  1.3184531137905255E+000  1.3166125256830066E+000  1.3146398013158263E+000  1.3124759954879424E+000  1.3100577111928158E+000
  1.3075486798049267E+000  1.3049202129105997E+000  1.3021735449843104E+000  1.2993086362181141E+000  1.2963200116668623E+000
  1.2932019274027979E+000  1.2899507885410737E+000  1.2865617416746065E+000  1.2830244426284618E+000  1.2793203916603197E+000
  1.2754372897116415E+000  1.2713631566402723E+000  1.2670901327823054E+000  1.2626145448909996E+000  1.2579338803097129E+000
  1.2530422028302202E+000  1.2479171612586992E+000  1.2425272154159190E+000  1.2368631872560931E+000  1.2309243967677757E+000
  1.2247055412204733E+000  1.2182050917693350E+000  1.2114257002372253E+000  1.2043632315690982E+000  1.1970055752205346E+000
  1.1892891279172326E+000  1.1810707511117469E+000  1.1725485264185043E+000  1.1634361596180010E+000  1.1537015349103217E+000
  1.1433409878088887E+000  1.1323402184238529E+000  1.1206768654230239E+000  1.1083963401267827E+000  1.0955213525419976E+000
  1.0821109847065122E+000  1.0682049303131078E+000  1.0538107423793586E+000  1.0391406835829466E+000  1.0240822174339521E+000
  1.0086738156484363E+000  9.9289676370691760E-001  9.7707803544034744E-001  9.6118820960160067E-001  9.4533120202440890E-001
  9.2956102778598659E-001  9.1409052402030000E-001  8.9879612294044375E-001  8.8352394954380842E-001  8.6783173306196659E-001
  8.5323149716978131E-001  8.3872265783576294E-001  8.2466930742200095E-001  8.1106641085576214E-001  7.9819966482752924E-001
  7.8613226680938653E-001  7.7474623569006484E-001  7.6392663051456866E-001  7.5368651930156938E-001  7.4408767352660499E-001
  7.3532899607988889E-001  7.2734713286161146E-001  7.2002454916851499E-001  7.1342294417339436E-001  7.0762288868841072E-001
  7.0255128955436918E-001  6.9817008298096372E-001  6.9449925719894312E-001  6.9151049333697678E-001  6.8917508021292528E-001
  6.8747572364796095E-001  6.8635693400646913E-001  6.8579297892937963E-001  6.8575999538806687E-001  6.8620562295004339E-001
  6.8707509849238291E-001  6.8832070300572212E-001  6.8989883723772272E-001  6.9176379102459029E-001  6.9386812518320196E-001
  6.9615498787331243E-001  6.9856856313933791E-001  7.0106186507237411E-001  7.0359599125134231E-001  7.0613609063057847E-001
  7.0864569923931064E-001  7.1108838491276560E-001  7.1343462354394294E-001  7.1566390914894229E-001  7.1776121479564303E-001
  7.1971323333186410E-001  7.2150821928944220E-001  7.2313828965968008E-001  7.2460054313248878E-001  7.2589568443982799E-001
  7.2702625031154300E-001  7.2799625352339570E-001  7.2881179722816891E-001  7.2948155281325344E-001  7.3001674843612341E-001
  7.3043068625919227E-001  7.3073735448444377E-001  7.3095002436375978E-001  7.3108150373343683E-001  7.3114604986392295E-001
  7.3116051496029022E-001  7.3114234001605727E-001  7.3110613118554935E-001  7.3106244535994247E-001  7.3101967257758371E-001
  7.3098576277290139E-001  7.3096712914913731E-001  7.3096712914798279E-001  7.3098576276962890E-001  7.3101967257193057E-001
  7.3106244535116827E-001  7.3110613117278422E-001  7.3114233999781864E-001  7.3116051493536993E-001  7.3114604983088616E-001
  7.3108150369074598E-001  7.3095002430971112E-001  7.3073735441733489E-001  7.3043068617732798E-001  7.3001674833767061E-001
  7.2948155269649939E-001  7.2881179709148469E-001  7.2799625336510132E-001  7.2702625012991917E-001  7.2589568423305562E-001
  7.2460054289876619E-001  7.2313828939746227E-001  7.2150821899789919E-001  7.1971323301179280E-001  7.1776121444981955E-001
  7.1566390877931052E-001  7.1343462314945261E-001  7.1108838449332290E-001  7.0864569879791572E-001  7.0613609016709544E-001
  7.0359599076856927E-001  7.0106186456804021E-001  6.9856856261638445E-001  6.9615498733266079E-001  6.9386812462634007E-001
  6.9176379045282987E-001  6.8989883665204743E-001  6.8832070240794507E-001  6.8707509788792964E-001  6.8620562233832882E-001
  6.8575999477489180E-001  6.8579297830894015E-001  6.8635693337899495E-001  6.8747572301537951E-001  6.8917507958640267E-001
  6.9151049272042964E-001  6.9449925659610501E-001  6.9817008239676015E-001  7.0255128899545938E-001  7.0762288815431529E-001
  7.1342294366945436E-001  7.2002454870253774E-001  7.2734713243511906E-001  7.3532899570137578E-001  7.4408767320924418E-001
  7.5368651902754358E-001  7.6392663030160768E-001  7.7474623553226973E-001  7.8613226670567304E-001  7.9819966477732696E-001
  8.1106641085983211E-001  8.2466930749572509E-001  8.3872265797578804E-001  8.5323149737458825E-001  8.6783173328813801E-001
  8.8352394984891613E-001
BLOCK 88   2.6127512898270734E+001
  8.7609560354575433E-001  8.9262656973977095E-001  9.0933472317466202E-001  9.2616453348478756E-001  9.4329411127582319E-001
  9.6055381032598020E-001  9.7791004261848347E-001  9.9503737204135223E-001  1.0123088313465647E+000  1.0289938325999679E+000
  1.0453251505004497E+000  1.0612320569087836E+000  1.0767401710979627E+000  1.0916620836270490E+000  1.1059373242056461E+000
  1.1194994438460575E+000  1.1323336059599993E+000  1.1444227563284128E+000  1.1557930408294874E+000  1.1664654766356375E+000
  1.1765026116443331E+000  1.1860000799645196E+000  1.1951296679459158E+000  1.2038447608390803E+000  1.2121608659980092E+000
  1.2200908130019370E+000  1.2276435313184881E+000  1.2348373560628130E+000  1.2416865204341909E+000  1.2481945825628065E+000
  1.2543767929581482E+000  1.2602895285347346E+000  1.2659733108455886E+000  1.2714412322560575E+000  1.2766900504336089E+000
  1.2817140932317310E+000  1.2865122393134552E+000  1.2910855704493649E+000  1.2954332838686424E+000  1.2995571937205854E+000
  1.3034628346596449E+000  1.3071616828631509E+000  1.3106819372237366E+000  1.3139360833981608E+000  1.3168453144241843E+000
  1.3195855355683936E+000  1.3221407550349680E+000  1.3245237158680840E+000  1.3267363840172275E+000  1.3287870369303774E+000
  1.3306786165677238E+000  1.3324167227347368E+000  1.3340073351612451E+000  1.3354558582178799E+000  1.3367612967875078E+000
  1.3379237445979633E+000  1.3389445335311165E+000  1.3398320835821076E+000  1.3405876721248862E+000  1.3412178109719872E+000
  1.3417235058189270E+000  1.3421047887089563E+000  1.3423642185457030E+000  1.3424954178619535E+000  1.3424954178833484E+000
  1.3423642186097271E+000  1.3421047888147948E+000  1.3417235059654504E+000  1.3412178111580415E+000  1.3405876723486136E+000
  1.3398320838418416E+000  1.3389445338249202E+000  1.3379237449237609E+000  1.3367612971430769E+000  1.3354558586010614E+000
  1.3340073355692119E+000  1.3324167231639148E+000  1.3306786170152256E+000  1.3287870373922417E+000  1.3267363844875815E+000
  1.3245237163409376E+000  1.3221407555061853E+000  1.3195855360331057E+000  1.3168453148768895E+000  1.3139360838307128E+000
  1.3106819376382666E+000  1.3071616832610680E+000  1.3034628350388240E+000  1.2995571940758150E+000  1.2954332841960541E+000
  1.2910855707450553E+000  1.2865122395734758E+000  1.2817140934529980E+000  1.2766900506136987E+000  1.2714412323931281E+000
  1.2659733109383471E+000  1.2602895285821598E+000  1.2543767929596046E+000  1.2481945825182501E+000  1.2416865203435512E+000
  1.2348373559254149E+000  1.2276435311350105E+000  1.2200908127732215E+000  1.2121608657258844E+000  1.2038447605256957E+000
  1.1951296675891030E+000  1.1860000795635044E+000  1.1765026112014862E+000  1.1664654761527420E+000  1.1557930403099175E+000
  1.1444227557770932E+000  1.1323336053833539E+000  1.1194994432532122E+000  1.1059373235936911E+000  1.0916620830056696E+000
  1.0767401704738473E+000  1.0612320562782860E+000  1.0453251498694669E+000  1.0289938319746208E+000  1.0123088307313122E+000
  9.9503737146011650E-001  9.7791004204048526E-001  9.6055380977932725E-001  9.4329411076838809E-001  9.2616453301451285E-001
  9.0933472273471116E-001  8.9262656934442752E-001  8.7609560321219360E-001  8.6013270007027443E-001  8.4435036291189214E-001
  8.2901982039051536E-001  8.1443801622129719E-001  8.0043823459199070E-001  7.8712993661400554E-001  7.7436036486983539E-001
  7.6219244895723437E-001  7.5058628262379856E-001  7.3986044419162356E-001  7.2972443585182400E-001  7.2046200250680903E-001
  7.1210324419668214E-001  7.0454094800685829E-001  6.9775888752751702E-001  6.9171517306472474E-001  6.8629606967237089E-001
  6.8162606659408853E-001  6.7801755547073994E-001  6.7508008974515266E-001  6.7287436694897806E-001  6.7135448662808050E-001
  6.7045965171801869E-001  6.7013340470251093E-001  6.7033966030006042E-001  6.7103573745136824E-001  6.7217684396273381E-001
  6.7371454503999151E-001  6.7559896592334767E-001  6.7779397548792519E-001  6.8025218372191565E-001  6.8293666858676827E-001
  6.8582092300566200E-001  6.8888684576349279E-001  6.9191817408194012E-001  6.9495636444608488E-001  6.9799217323674012E-001
  7.0098218136991042E-001  7.0388197099498484E-001  7.0665793555275025E-001  7.0928686887368508E-001  7.1175212704203494E-001
  7.1403953786999552E-001  7.1613588400557948E-001  7.1803156721953265E-001  7.1972387871056664E-001  7.2121659985800668E-001
  7.2251658687076770E-001  7.2363117526935172E-001  7.2456854013587269E-001  7.2533942613891711E-001  7.2595751587377522E-001
  7.2643785076389844E-001  7.2679533535027852E-001  7.2704499202086770E-001  7.2720310977812019E-001  7.2728729918285506E-001
  7.2731517945680557E-001  7.2730330535383991E-001  7.2726648149095641E-001  7.2721703331565990E-001  7.2716536607082805E-001
  7.2712172986657697E-001  7.2709637920845449E-001  7.2709637920707670E-001  7.2712172986232659E-001  7.2716536606359672E-001
  7.2721703330503051E-001  7.2726648147616846E-001  7.2730330533396614E-001  7.2731517943052304E-001  7.2728729914917378E-001
  7.2720310973585278E-001  7.2704499196879990E-001  7.2679533528699636E-001  7.2643785068746325E-001  7.2595751578175138E-001
  7.2533942602839241E-001  7.2456854000397375E-001  7.2363117511439556E-001  7.2251658669249452E-001  7.2121659965575258E-001
  7.1972387848204755E-001  7.1803156696308890E-001  7.1613588372105819E-001  7.1403953755619076E-001  7.1175212669729448E-001
  7.0928686849671752E-001  7.0665793514409225E-001  7.0388197055586099E-001  7.0098218090044595E-001  6.9799217273687542E-001
  6.9495636391755033E-001  6.9191817352649743E-001  6.8888684519342724E-001  6.8582092242340964E-001  6.8293666798029351E-001
  6.8025218310963620E-001  6.7779397486794601E-001  6.7559896529357832E-001  6.7371454440060208E-001  6.7217684331348271E-001
  6.7103573679303907E-001  6.7033965963333941E-001  6.7013340403036503E-001  6.7045965104346439E-001  6.7135448595387470E-001
  6.7287436627546826E-001  6.7508008907084427E-001  6.7801755479886250E-001  6.8162606593255592E-001  6.8629606902367701E-001
  6.9171517242768610E-001  6.9775888693103116E-001  7.0454094746510831E-001  7.1210324370957589E-001  7.2046200207321165E-001
  7.2972443547747279E-001  7.3986044387697614E-001  7.5058628238544745E-001  7.6219244877719838E-001  7.7436036475834114E-001
  7.8712993657313146E-001  8.0043823463245412E-001  8.1443801633717350E-001  8.2901982057023083E-001  8.4435036313359235E-001
  8.6013270038613632E-001
BLOCK 89   2.6427829138480799E+001
  8.5047876329733541E-001  8.6749169073093169E-001  8.8599863623856090E-001  9.0397903310191219E-001  9.2219568152268805E-001
  9.4092736267877808E-001  9.5972030507128436E-001  9.7847941770462610E-001  9.9706784061874776E-001  1.0156486445526061E+000
  1.0336161352036910E+000  1.0510306543919408E+000  1.0680187213149730E+000  1.0844697701577075E+000  1.1003055961317025E+000
  1.1154352276268999E+000  1.1298130720788835E+000  1.1433886971418097E+000  1.1562104115895162E+000  1.1683166994165985E+000
  1.1797358881325493E+000  1.1906285302280304E+000  1.2009651489320619E+000  1.2108095153792637E+000  1.2201529062972143E+000
  1.2290114339969984E+000  1.2374344347505792E+000  1.2454561260876162E+000  1.2530969345590512E+000  1.2603738264806326E+000
  1.2673124044111672E+000  1.2739266734661361E+000  1.2802372981702008E+000  1.2862634220092724E+000  1.2920259225899020E+000
  1.2975465580800023E+000  1.3028458236969152E+000  1.3079013635508603E+000  1.3125617748449372E+000  1.3168955191702421E+000
  1.3210715557471993E+000  1.3249821042927115E+000  1.3286271202219173E+000  1.3319923108823974E+000  1.3350781042075317E+000
  1.3378888183412561E+000  1.3404322169981788E+000  1.3427219450154204E+000  1.3447718121501353E+000  1.3465964172990181E+000
  1.3482144485431689E+000  1.3496477358784258E+000  1.3509187183179499E+000  1.3520456801258927E+000  1.3530446664894482E+000
  1.3539265315257145E+000  1.3547015386013652E+000  1.3553733856444266E+000  1.3559434412513771E+000  1.3564133471899105E+000
  1.3567828593861408E+000  1.3570532412598888E+000  1.3572285287388428E+000  1.3573142368011970E+000  1.3573142368225122E+000
  1.3572285288025916E+000  1.3570532413661445E+000  1.3567828595350007E+000  1.3564133473814630E+000  1.3559434414856728E+000
  1.3553733859208474E+000  1.3547015389188324E+000  1.3539265318822320E+000  1.3530446668821445E+000  1.3520456805511782E+000
  1.3509187187717273E+000  1.3496477363565875E+000  1.3482144490413641E+000  1.3465964178122318E+000  1.3447718126739090E+000
  1.3427219455444019E+000  1.3404322175270764E+000  1.3378888188648250E+000  1.3350781047207612E+000  1.3319923113787300E+000
  1.3286271206987790E+000  1.3249821047376709E+000  1.3210715561559505E+000  1.3168955195425762E+000  1.3125617751657017E+000
  1.3079013638429804E+000  1.3028458239576550E+000  1.2975465583039163E+000  1.2920259227703672E+000  1.2862634221416591E+000
  1.2802372982516397E+000  1.2739266734943473E+000  1.2673124043840784E+000  1.2603738263968287E+000  1.2530969344168899E+000
  1.2454561258916457E+000  1.2374344345013915E+000  1.2290114336982909E+000  1.2201529059529252E+000  1.2108095149915394E+000
  1.2009651485001738E+000  1.1906285297539478E+000  1.1797358876180017E+000  1.1683166988606573E+000  1.1562104109969247E+000
  1.1433886965151949E+000  1.1298130714259698E+000  1.1154352269455803E+000  1.1003055954324374E+000  1.0844697694522720E+000
  1.0680187206123803E+000  1.0510306536939780E+000  1.0336161345069479E+000  1.0156486438664103E+000  9.9706783976305724E-001
  9.7847941705939689E-001  9.5972030445583612E-001  9.4092736209334094E-001  9.2219568098828575E-001  9.0397903261804979E-001
  8.8599863578998728E-001  8.6749169036709017E-001  8.5047876295390301E-001  8.3369364700265436E-001  8.1760871439144212E-001
  8.0210586926026950E-001  7.8758596642269296E-001  7.7377561682101015E-001  7.6050820550526832E-001  7.4757039186164398E-001
  7.3584649320614182E-001  7.2454029360564742E-001  7.1383501173120467E-001  7.0389910253917720E-001  6.9473625666699890E-001
  6.8646980965149362E-001  6.7930989240031869E-001  6.7322226494343340E-001  6.6798208088715672E-001  6.6366235622918324E-001
  6.6017734491398050E-001  6.5747560328894150E-001  6.5549134493779793E-001  6.5419805425881072E-001  6.5355279830414170E-001
  6.5351356807568184E-001  6.5402640793993483E-001  6.5503697055574994E-001  6.5650609819861039E-001  6.5839262861458092E-001
  6.6064292505780986E-001  6.6321095843586875E-001  6.6605747820229111E-001  6.6912972971328999E-001  6.7240184319665675E-001
  6.7582326334969212E-001  6.7932815422502202E-001  6.8292509752417518E-001  6.8654634980485618E-001  6.9018172344432560E-001
  6.9376015983506245E-001  6.9719453988768954E-001  7.0041262532630322E-001  7.0341648137988633E-001  7.0623010956482779E-001
  7.0885176178909537E-001  7.1125982441960012E-001  7.1343550564709746E-001  7.1537258717724495E-001  7.1707472257186966E-001
  7.1854985304069852E-001  7.1980701529549784E-001  7.2085644685729089E-001  7.2171157122792828E-001  7.2239016304469783E-001
  7.2291295696914160E-001  7.2330054004617639E-001  7.2357132524015122E-001  7.2374281284897779E-001  7.2383422732967040E-001
  7.2386662151915659E-001  7.2385997420128867E-001  7.2383036985640026E-001  7.2378998842906883E-001  7.2374890710156303E-001
  7.2371589215084464E-001  7.2369760852161746E-001  7.2369760852005083E-001  7.2371589214615673E-001  7.2374890709374817E-001
  7.2378998841821041E-001  7.2383036984247306E-001  7.2385997418399095E-001  7.2386662149739667E-001  7.2383422730133617E-001
  7.2374281281174124E-001  7.2357132519219602E-001  7.2330053998659904E-001  7.2291295689643276E-001  7.2239016295642222E-001
  7.2171157112228901E-001  7.2085644673322014E-001  7.1980701515114631E-001  7.1854985287355588E-001  7.1707472237984737E-001
  7.1537258695819561E-001  7.1343550539897937E-001  7.1125982414019795E-001  7.0885176147587403E-001  7.0623010921434393E-001
  7.0341648099398069E-001  7.0041262491279355E-001  6.9719453945420717E-001  6.9376015937292879E-001  6.9018172293531266E-001
  6.8654634925931890E-001  6.8292509695129111E-001  6.7932815360781529E-001  6.7582326270576798E-001  6.7240184252478086E-001
  6.6912972902729995E-001  6.6605747750939126E-001  6.6321095773711713E-001  6.6064292435757654E-001  6.5839262791333997E-001
  6.5650609749371180E-001  6.5503696984433168E-001  6.5402640722044703E-001  6.5351356734750998E-001  6.5355279756664342E-001
  6.5419805351216165E-001  6.5549134418516575E-001  6.5747560253444715E-001  6.6017734416175333E-001  6.6366235548692099E-001
  6.6798208015963489E-001  6.7322226424502762E-001  6.7930989173954170E-001  6.8646980902821186E-001  6.9473625609348988E-001
  7.0389910201997330E-001  7.1383501127899651E-001  7.2454029322740310E-001  7.3584649290232740E-001  7.4757039166072770E-001
  7.6050820539389263E-001  7.7377561679945883E-001  7.8758596647808721E-001  8.0210586937381723E-001  8.1760871457937712E-001
  8.3369364727270834E-001
BLOCK 90   2.6728145378690865E+001
  8.2158926086817552E-001  8.3971897599210477E-001  8.5861716844767533E-001  8.7772974596988473E-001  8.9755114838584937E-001
  9.1759883909889894E-001  9.3787336152006717E-001  9.5807265381733209E-001  9.7826364895147155E-001  9.9835544053719394E-001
  1.0181060151510071E+000  1.0372540926040186E+000  1.0557847064160086E+000  1.0738331306439810E+000  1.0913106506564634E+000
  1.1081580089533836E+000  1.1242884312468151E+000  1.1396430462175633E+000  1.1542003510713004E+000  1.1679999916831696E+000
  1.1811006480959376E+000  1.1936757945867855E+000  1.2056379453930328E+000  1.2170113884961742E+000  1.2278035663132061E+000
  1.2380292015145460E+000  1.2476976559054069E+000  1.2568134996401674E+000  1.2654352350079776E+000  1.2736147679473460E+000
  1.2814135695616411E+000  1.2888805082848802E+000  1.2960163805926475E+000  1.3027470648304342E+000  1.3089739379555037E+000
  1.3146978440449433E+000  1.3202547404821665E+000  1.3255115785148670E+000  1.3304955379626660E+000  1.3352003794676452E+000
  1.3395985237466084E+000  1.3437055464603407E+000  1.3475087900753351E+000  1.3510064982402188E+000  1.3542049050667107E+000
  1.3571046716801349E+000  1.3597038934311969E+000  1.3620004905658285E+000  1.3639998745900814E+000  1.3657173110981597E+000
  1.3671766636501750E+000  1.3684045500031978E+000  1.3694251471905809E+000  1.3702635587167709E+000  1.3709431780838022E+000
  1.3714879013438654E+000  1.3719213866074966E+000  1.3722676797507698E+000  1.3725483268339289E+000  1.3727774379460962E+000
  1.3729615786063232E+000  1.3731009192584216E+000  1.3731940291740592E+000  1.3732413203904841E+000  1.3732413204147826E+000
  1.3731940292469424E+000  1.3731009193796437E+000  1.3729615787753364E+000  1.3727774381620967E+000  1.3725483270960575E+000
  1.3722676800579185E+000  1.3719213869579352E+000  1.3714879017355888E+000  1.3709431785143686E+000  1.3702635591831358E+000
  1.3694251476893942E+000  1.3684045505303974E+000  1.3671766642006660E+000  1.3657173116662631E+000  1.3639998751694093E+000
  1.3620004911499235E+000  1.3597038940136337E+000  1.3571046722550166E+000  1.3542049056282839E+000  1.3510064987831993E+000
  1.3475087905938046E+000  1.3437055469500603E+000  1.3395985242013961E+000  1.3352003798832033E+000  1.3304955383355426E+000
  1.3255115788401572E+000  1.3202547407454259E+000  1.3146978442500379E+000  1.3089739380884207E+000  1.3027470649145521E+000
  1.2960163806325409E+000  1.2888805082754613E+000  1.2814135694954902E+000  1.2736147678189274E+000  1.2654352348160454E+000
  1.2568134993863083E+000  1.2476976555912269E+000  1.2380292011434570E+000  1.2278035658883379E+000  1.2170113880206823E+000
  1.2056379448702441E+000  1.1936757940190399E+000  1.1811006474849803E+000  1.1679999910341421E+000  1.1542003503866527E+000
  1.1396430455020030E+000  1.1242884305072252E+000  1.1081580081868221E+000  1.0913106498729566E+000  1.0738331298543560E+000
  1.0557847056298204E+000  1.0372540918208406E+000  1.0181060143728298E+000  9.9835543978601626E-001  9.7826364820856548E-001
  9.5807265312387924E-001  9.3787336087108519E-001  9.1759883848108681E-001  8.9755114781044520E-001  8.7772974537647730E-001
  8.5861716798260801E-001  8.3971897565047393E-001  8.2158926058353388E-001  8.0449041072793226E-001  7.8851005681378983E-001
  7.7296123544429629E-001  7.5803315980274988E-001  7.4344904348383423E-001  7.3001997150799514E-001  7.1724033436539769E-001
  7.0513965328605910E-001  6.9401432174869404E-001  6.8390356365419180E-001  6.7490433498860047E-001  6.6690324498268849E-001
  6.5993649199290616E-001  6.5386661257145828E-001  6.4874001364481837E-001  6.4451261955787864E-001  6.4115220554890051E-001
  6.3862603330666012E-001  6.3688516442963305E-001  6.3587961187427366E-001  6.3554741045851237E-001  6.3584485294802273E-001
  6.3672437657875514E-001  6.3812746623118499E-001  6.3999962071295535E-001  6.4229934295382607E-001  6.4498234105442254E-001
  6.4799647577630337E-001  6.5129483685393674E-001  6.5482780208540825E-001  6.5853936230960575E-001  6.6239855783968626E-001
  6.6637428070720206E-001  6.7041113033399957E-001  6.7447014113386383E-001  6.7853386142073790E-001  6.8257890843195324E-001
  6.8656189538608814E-001  6.9049500062593383E-001  6.9429361958896096E-001  6.9789399660697971E-001  7.0123918109082661E-001
  7.0430652266821814E-001  7.0707656275273578E-001  7.0952596312454430E-001  7.1165973559308759E-001  7.1351737318157604E-001
  7.1513748808139666E-001  7.1653259087913457E-001  7.1769942626669303E-001  7.1864127402742062E-001  7.1937653950450120E-001
  7.1993279676970423E-001  7.2033804106244048E-001  7.2061672034038537E-001  7.2079061176743364E-001  7.2088114352819810E-001
  7.2091031499768699E-001  7.2089929124120200E-001  7.2086593203621152E-001  7.2082346653213825E-001  7.2078138950310677E-001
  7.2074743687426657E-001  7.2072831010520821E-001  7.2072831010572735E-001  7.2074743687485954E-001  7.2078138950191961E-001
  7.2082346652778817E-001  7.2086593202809146E-001  7.2089929122850127E-001  7.2091031497924785E-001  7.2088114350314925E-001
  7.2079061173527714E-001  7.2061672029988755E-001  7.2033804101178189E-001  7.1993279670738930E-001  7.1937653942877411E-001
  7.1864127393629695E-001  7.1769942615756865E-001  7.1653259074727016E-001  7.1513748792096810E-001  7.1351737299028839E-001
  7.1165973537446825E-001  7.0952596288460568E-001  7.0707656248798689E-001  7.0430652236588709E-001  7.0123918074551739E-001
  6.9789399622647719E-001  6.9429361917337096E-001  6.9049500016660170E-001  6.8656189489387409E-001  6.8257890790545761E-001
  6.7853386085185430E-001  6.7447014052994991E-001  6.7041112969825634E-001  6.6637428004427623E-001  6.6239855715099272E-001
  6.5853936159747251E-001  6.5482780134998275E-001  6.5129483609589889E-001  6.4799647500102686E-001  6.4498234026622514E-001
  6.4229934215636575E-001  6.3999961991052223E-001  6.3812746542511423E-001  6.3672437576738627E-001  6.3584485212939634E-001
  6.3554740963200174E-001  6.3587961104183843E-001  6.3688516359453640E-001  6.3862603247216043E-001  6.4115220471910361E-001
  6.4451261873883725E-001  6.4874001284432126E-001  6.5386661179837680E-001  6.5993649125340992E-001  6.6690324428771919E-001
  6.7490433435001540E-001  6.8390356308004674E-001  6.9401432124261708E-001  7.0513965285154245E-001  7.1724033400479925E-001
  7.3001997123898688E-001  7.4344904331741923E-001  7.5803315972767116E-001  7.7296123545592055E-001  7.8851005692091958E-001
  8.0449041092784046E-001
BLOCK 91   2.7028461618900931E+001
  7.8929701504214955E-001  8.0811683686863578E-001  8.2773620617503008E-001  8.4796660753521880E-001  8.6836766892361872E-001
  8.9033703168648337E-001  9.1170987446408924E-001  9.3325508588055550E-001  9.5501494595811554E-001  9.7662181043332297E-001
  9.9797381201782764E-001  1.0189629876005835E+000  1.0394414126914799E+000  1.0592827673974239E+000  1.0786653797952350E+000
  1.0974048471579496E+000  1.1154624929693213E+000  1.1327876343617855E+000  1.1493444235167547E+000  1.1651248499403861E+000
  1.1801586827913615E+000  1.1946176417976886E+000  1.2084277077512391E+000  1.2215945129289851E+000  1.2341203359033546E+000
  1.2460428168988880E+000  1.2573880698734448E+000  1.2682048975419391E+000  1.2784653441489198E+000  1.2880928549177917E+000
  1.2970169889172627E+000  1.3052124427771228E+000  1.3127380339992736E+000  1.3198748515991492E+000  1.3266339544804187E+000
  1.3330363923956698E+000  1.3390893417347440E+000  1.3447737951694889E+000  1.3501032070723331E+000  1.3550956153386164E+000
  1.3597345178557507E+000  1.3640147829870988E+000  1.3679453201583724E+000  1.3715186558990708E+000  1.3748559095205914E+000
  1.3776017830017708E+000  1.3801345422550364E+000  1.3823577682290387E+000  1.3842811541440745E+000  1.3859158446017417E+000
  1.3872769670062226E+000  1.3883839234706117E+000  1.3892563354191778E+000  1.3899116485128982E+000  1.3903703415117654E+000
  1.3906581739670392E+000  1.3908070534496100E+000  1.3908519324441906E+000  1.3908237332821178E+000  1.3907491013461650E+000
  1.3906520953449300E+000  1.3905543015593793E+000  1.3904757727763231E+000  1.3904321672146303E+000  1.3904321672433197E+000
  1.3904757728621218E+000  1.3905543017014570E+000  1.3906520955420396E+000  1.3907491015967151E+000  1.3908237335840137E+000
  1.3908519327952096E+000  1.3908070538467772E+000  1.3906581744072319E+000  1.3903703419915614E+000  1.3899116490284658E+000
  1.3892563359664807E+000  1.3883839240451694E+000  1.3872769676033896E+000  1.3859158452160989E+000  1.3842811547706309E+000
  1.3823577688617412E+000  1.3801345428876850E+000  1.3776017836271854E+000  1.3748559098288755E+000  1.3715186564945581E+000
  1.3679453207252168E+000  1.3640147835176144E+000  1.3597345183440692E+000  1.3550956157805136E+000  1.3501032074621580E+000
  1.3447737955026158E+000  1.3390893420073533E+000  1.3330363926032691E+000  1.3266339546219998E+000  1.3198748516686472E+000
  1.3127380339952142E+000  1.3052124426963201E+000  1.2970169887648064E+000  1.2880928547021819E+000  1.2784653438758589E+000
  1.2682048972122122E+000  1.2573880694837367E+000  1.2460428164451800E+000  1.2341203353901640E+000  1.2215945123593974E+000
  1.2084277071293636E+000  1.1946176411266434E+000  1.1801586820725440E+000  1.1651248491794737E+000  1.1493444227163276E+000
  1.1327876335296176E+000  1.1154624921150775E+000  1.0974048462886106E+000  1.0786653789165510E+000  1.0592827665181805E+000
  1.0394414118119260E+000  1.0189629867206564E+000  9.9797381116871331E-001  9.7662180958625866E-001  9.5501494514860119E-001
  9.3325508513307653E-001  9.1170987379143253E-001  8.9033703106085538E-001  8.6836766838357948E-001  8.4796660705809723E-001
  8.2773620579308027E-001  8.0811683660657840E-001  7.8929701488308646E-001  7.7141069610635626E-001  7.5430971579771255E-001
  7.3782039518660181E-001  7.2221214956777724E-001  7.0785950968334022E-001  6.9460585314791601E-001  6.8242276325942319E-001
  6.7165495632815586E-001  6.6196349141236688E-001  6.5334825813637964E-001  6.4568320505491261E-001  6.3896279184884930E-001
  6.3315205205171798E-001  6.2824594845893100E-001  6.2458212049661521E-001  6.2101480097059603E-001  6.1865760612955600E-001
  6.1712442717062221E-001  6.1637808230347935E-001  6.1636415063045402E-001  6.1703476797160484E-001  6.1833444731498355E-001
  6.2020244838556637E-001  6.2257188220249093E-001  6.2518821099132604E-001  6.2854672531946421E-001  6.3206707307471999E-001
  6.3586892659823313E-001  6.3990307340752561E-001  6.4412756361963397E-001  6.4850106594570078E-001  6.5297954356940713E-001
  6.5752049237592480E-001  6.6209222067901541E-001  6.6666431215020217E-001  6.7120050018148980E-001  6.7566603422663629E-001
  6.8003164296540763E-001  6.8429618223448574E-001  6.8845230983868144E-001  6.9247354927236204E-001  6.9628680044899116E-001
  6.9983151337363836E-001  7.0306945302443613E-001  7.0597302968228914E-001  7.0852639904770742E-001  7.1071965116382563E-001
  7.1256050176645902E-001  7.1407676437234080E-001  7.1529828975754461E-001  7.1625231129141043E-001  7.1697873413053348E-001
  7.1753013150796230E-001  7.1794815262808820E-001  7.1824910559831079E-001  7.1843621184871365E-001  7.1852009393475691E-001
  7.1852536306532355E-001  7.1848228126374836E-001  7.1841622574171060E-001  7.1834401222293065E-001  7.1827674169776090E-001
  7.1822392458870943E-001  7.1819453675540779E-001  7.1819453675494860E-001  7.1822392458777151E-001  7.1827674169666789E-001
  7.1834401222109479E-001  7.1841622573843655E-001  7.1848228125904667E-001  7.1852536305914161E-001  7.1852009392642235E-001
  7.1843621183620132E-001  7.1824910557705091E-001  7.1794815259174749E-001  7.1753013145319899E-001  7.1697873406004342E-001
  7.1625231121011523E-001  7.1529828966414999E-001  7.1407676425706712E-001  7.1256050162340812E-001  7.1071965099342893E-001
  7.0852639884840851E-001  7.0597302944600315E-001  7.0306945274868438E-001  6.9983151306219582E-001  6.9628680009953448E-001
  6.9247354888217183E-001  6.8845230941076407E-001  6.8429618176860407E-001  6.8003164245827608E-001  6.7566603368178368E-001
  6.7120049959892081E-001  6.6666431153164363E-001  6.6209222002678925E-001  6.5752049169311155E-001  6.5297954285751425E-001
  6.4850106520431783E-001  6.4412756284965744E-001  6.3990307261112056E-001  6.3586892577755483E-001  6.3206707223029790E-001
  6.2854672445205506E-001  6.2518821053856166E-001  6.2257188129222429E-001  6.2020244745580777E-001  6.1833444637393342E-001
  6.1703476702530446E-001  6.1636414968337094E-001  6.1637808135938599E-001  6.1712442623123653E-001  6.1865760519962032E-001
  6.2101480005528631E-001  6.2458212004566982E-001  6.2824594759320729E-001  6.3315205121233964E-001  6.3896279104308207E-001
  6.4568320429615655E-001  6.5334825743275804E-001  6.6196349076900796E-001  6.7165495575424250E-001  6.8242276276121394E-001
  6.9460585273031361E-001  7.0785950935007613E-001  7.2221214931823763E-001  7.3782039504584551E-001  7.5430971576980477E-001
  7.7141069617633107E-001
BLOCK 92   2.7328777859110996E+001
  7.4983739972815600E-001  7.6990798190983312E-001  7.9058993691174406E-001  8.1214837726191680E-001  8.3437861469043528E-001
  8.5742811700201105E-001  8.8059860986436644E-001  9.0390694987319808E-001  9.2714491551324152E-001  9.5030381707375911E-001
  9.7330182515037833E-001  9.9595403600250088E-001  1.0185214261432562E+000  1.0402920810624556E+000  1.0615664771702755E+000
  1.0823542125166954E+000  1.1025820498099070E+000  1.1220211785790726E+000  1.1409448859643483E+000  1.1589178073091353E+000
  1.1761325892272834E+000  1.1927900891119547E+000  1.2088563267578505E+000  1.2243456264207548E+000  1.2391977174405451E+000
  1.2533263012752756E+000  1.2666583802971121E+000  1.2791509935706544E+000  1.2907755496980009E+000  1.3015454905690882E+000
  1.3115251227274101E+000  1.3209244958650699E+000  1.3297917257004106E+000  1.3381261682415080E+000  1.3459340580512575E+000
  1.3532160325824070E+000  1.3599792875677681E+000  1.3662369901036100E+000  1.3719913378934552E+000  1.3772375307497478E+000
  1.3819978935414416E+000  1.3863326019403410E+000  1.3902531456117215E+000  1.3937866492794075E+000  1.3969392910544058E+000
  1.3997307871273705E+000  1.4021762012999326E+000  1.4042830328838778E+000  1.4060648191889413E+000  1.4075369076852227E+000
  1.4087163110670147E+000  1.4096281962483046E+000  1.4103003652894550E+000  1.4107577438078398E+000  1.4110236161238481E+000
  1.4111216554909480E+000  1.4110799867139665E+000  1.4109322711453633E+000  1.4107132173855657E+000  1.4104561274693284E+000
  1.4101936402191249E+000  1.4099584902138587E+000  1.4097814519667051E+000  1.4096867136550937E+000  1.4096867136882576E+000
  1.4097814520657119E+000  1.4099584903775293E+000  1.4101936404458795E+000  1.4104561277567849E+000  1.4107132177307853E+000
  1.4109322715447776E+000  1.4110799871635633E+000  1.4111216559863509E+000  1.4110236166606418E+000  1.4107577443814527E+000
  1.4103003658952260E+000  1.4096281968813347E+000  1.4087163117220867E+000  1.4075369083564757E+000  1.4060648198702341E+000
  1.4042830335686567E+000  1.4021762019818791E+000  1.3997307877997258E+000  1.3969392917097179E+000  1.3937866499097036E+000
  1.3902531462094361E+000  1.3863326024977618E+000  1.3819978940529041E+000  1.3772375312032472E+000  1.3719913382966544E+000
  1.3662369904460974E+000  1.3599792878381127E+000  1.3532160327740672E+000  1.3459340581623689E+000  1.3381261682738199E+000
  1.3297917256566913E+000  1.3209244957425954E+000  1.3115251225248321E+000  1.3015454902846841E+000  1.2907755493305755E+000
  1.2791509931248692E+000  1.2666583797801707E+000  1.2533263006913675E+000  1.2391977168033348E+000  1.2243456257323870E+000
  1.2088563260222933E+000  1.1927900883286744E+000  1.1761325883952607E+000  1.1589178064262342E+000  1.1409448850358608E+000
  1.1220211776175051E+000  1.1025820488102531E+000  1.0823542115086229E+000  1.0615664761690282E+000  1.0402920800646989E+000
  1.0185214251461534E+000  9.9595403479368461E-001  9.7330182421078815E-001  9.5030381618776161E-001  9.2714491468074267E-001
  9.0390694911207936E-001  8.8059860921715238E-001  8.5742811642322447E-001  8.3437861423321869E-001  8.1214837689053865E-001
  7.9058993666047117E-001  7.6990798177858855E-001  7.4983739971523899E-001  7.3114486060513995E-001  7.1335725657143145E-001
  6.9714806127818518E-001  6.8245167325559231E-001  6.6931462933106878E-001  6.5763043142441080E-001  6.4731373000169479E-001
  6.3798075097075480E-001  6.2962801423508119E-001  6.2218249115975655E-001  6.1585733758014405E-001  6.1038040815073547E-001
  6.0586299846085367E-001  6.0220036071216465E-001  5.9941488427384126E-001  5.9745299749040648E-001  5.9628596076944340E-001
  5.9588259586302050E-001  5.9621449883139255E-001  5.9724698385135455E-001  5.9893031506591698E-001  6.0121026826988333E-001
  6.0404133622661194E-001  6.0736877772273667E-001  6.1112883127486550E-001  6.1525404669151817E-001  6.1968140246416681E-001
  6.2465850997396677E-001  6.2920647004963559E-001  6.3415869429238603E-001  6.3917806941538469E-001  6.4425805975623640E-001
  6.4937614601192928E-001  6.5449196725770975E-001  6.5956504697231744E-001  6.6456347802028126E-001  6.6945667152731936E-001
  6.7422342424292159E-001  6.7884386091134441E-001  6.8328807845672745E-001  6.8761758803825812E-001  6.9174544982312924E-001
  6.9563842491883887E-001  6.9926835541976096E-001  7.0256669834939756E-001  7.0550907255894313E-001  7.0808901706384564E-001
  7.1029530613888769E-001  7.1212681627225738E-001  7.1359755129533142E-001  7.1473467486824560E-001  7.1557196042446236E-001
  7.1614546444048321E-001  7.1649899101570946E-001  7.1668384699763954E-001  7.1674577371689618E-001  7.1672025703824360E-001
  7.1664254756904244E-001  7.1654868698781016E-001  7.1646058757493247E-001  7.1637925552948845E-001  7.1629925578759968E-001
  7.1622707723146362E-001  7.1618234242398382E-001  7.1618234242567103E-001  7.1622707723727375E-001  7.1629925579840403E-001
  7.1637925554329951E-001  7.1646058758654607E-001  7.1654868699331509E-001  7.1664254757007306E-001  7.1672025703947451E-001
  7.1674577371838111E-001  7.1668384699344279E-001  7.1649899100195136E-001  7.1614546441759941E-001  7.1557196038917170E-001
  7.1473467481289743E-001  7.1359755121511381E-001  7.1212681616647344E-001  7.1029530600491153E-001  7.0808901689545534E-001
  7.0550907235483673E-001  7.0256669810875538E-001  6.9926835514149910E-001  6.9563842460097436E-001  6.9174544946401373E-001
  6.8761758764502900E-001  6.8328807802699520E-001  6.7884386044236233E-001  6.7422342373109290E-001  6.6945667097708184E-001
  6.6456347743394728E-001  6.5956504635003577E-001  6.5449196659786146E-001  6.4937614531503052E-001  6.4425805902683775E-001
  6.3917806865516291E-001  6.3415869349408727E-001  6.2920646920621737E-001  6.2465850952207425E-001  6.1968140154655249E-001
  6.1525404574648512E-001  6.1112883030204401E-001  6.0736877672149348E-001  6.0404133520235459E-001  6.0121026722769855E-001
  5.9893031401060870E-001  5.9724698278586441E-001  5.9621449775778113E-001  5.9588259478840766E-001  5.9628595970012255E-001
  5.9745299643515348E-001  5.9941488324018488E-001  6.0220035970575914E-001  6.0586299748840144E-001  6.1038040721640086E-001
  6.1585733669495779E-001  6.2218249033173356E-001  6.2962801345400687E-001  6.3798075026224232E-001  6.4731372936842368E-001
  6.5763043086343986E-001  6.6931462884145576E-001  6.8245167285027764E-001  6.9714806096568205E-001  7.1335725636212610E-001
  7.3114486050623917E-001
BLOCK 93   2.7629094099321062E+001
  7.0424094722596819E-001  7.2412234861675451E-001  7.4526540860588919E-001  7.6806021528218082E-001  7.9152502124907809E-001
  8.1592381398948000E-001  8.4077087763192437E-001  8.6580946035311146E-001  8.9197787077432200E-001  9.1727547361460915E-001
  9.4255718178468617E-001  9.6759988733765756E-001  9.9212605126484565E-001  1.0165859051746722E+000  1.0400485019415162E+000
  1.0629650756148601E+000  1.0852667063595729E+000  1.1070434177706023E+000  1.1283290727745947E+000  1.1488980916047722E+000
  1.1688647439220941E+000  1.1882159766387941E+000  1.2069194776334069E+000  1.2248873776861637E+000  1.2420022804558644E+000
  1.2581928694355604E+000  1.2734262383388992E+000  1.2877250151635480E+000  1.3011138855639897E+000  1.3136474580874431E+000
  1.3255049757948183E+000  1.3367214107776813E+000  1.3472900624625197E+000  1.3571720317506666E+000  1.3663250094688697E+000
  1.3748008923645909E+000  1.3824146823612153E+000  1.3894184944288048E+000  1.3957627663857795E+000  1.4014706107725752E+000
  1.4065772099047387E+000  1.4111113662437438E+000  1.4151058891957251E+000  1.4185894155002572E+000  1.4215994094919249E+000
  1.4241804479967413E+000  1.4263692848025367E+000  1.4281955587777302E+000  1.4296911633842988E+000  1.4308820417597334E+000
  1.4317892097283964E+000  1.4324369987924186E+000  1.4328506319771415E+000  1.4330574432793457E+000  1.4330897647705729E+000
  1.4329832796251425E+000  1.4327772847499489E+000  1.4325138465079319E+000  1.4322327682187566E+000  1.4319669352400561E+000
  1.4317392212375932E+000  1.4315626120648584E+000  1.4314433857753903E+000  1.4313841434306560E+000  1.4313841434678141E+000
  1.4314433858867386E+000  1.4315626122489273E+000  1.4317392214920888E+000  1.4319669355622844E+000  1.4322327686055027E+000
  1.4325138469554737E+000  1.4327772852540563E+000  1.4329832801807494E+000  1.4330897653720593E+000  1.4330574439208510E+000
  1.4328506326523565E+000  1.4324369994947828E+000  1.4317892104507346E+000  1.4308820424945279E+000  1.4296911641241909E+000
  1.4281955595157343E+000  1.4263692855318733E+000  1.4241804487106255E+000  1.4215994101833160E+000  1.4185894161617103E+000
  1.4151058898183875E+000  1.4111113668192372E+000  1.4065772104262044E+000  1.4014706112343234E+000  1.3957627667814201E+000
  1.3894184947501005E+000  1.3824146826032861E+000  1.3748008924433042E+000  1.3663250095446284E+000  1.3571720317414027E+000
  1.3472900623656785E+000  1.3367214105885925E+000  1.3255049755104558E+000  1.3136474577127319E+000  1.3011138851041308E+000
  1.2877250146172505E+000  1.2734262377095047E+000  1.2581928687239101E+000  1.2420022796663104E+000  1.2248873768275805E+000
  1.2069194767195071E+000  1.1882159756811277E+000  1.1688647429218497E+000  1.1488980905537736E+000  1.1283290716946741E+000
  1.1070434166454903E+000  1.0852667052243865E+000  1.0629650744852432E+000  1.0400485008143172E+000  1.0165859040667964E+000
  9.9212605021176692E-001  9.6759988629526061E-001  9.4255718081993678E-001  9.1727547274562415E-001  8.9197786999366835E-001
  8.6580945968542755E-001  8.4077087704726972E-001  8.1592381352231591E-001  7.9152502092313970E-001  7.6806021507987121E-001
  7.4526540848447287E-001  7.2412234865556846E-001  7.0424094737620802E-001  6.8599626597575480E-001  6.6979613959892048E-001
  6.5532182011077267E-001  6.4222098710451958E-001  6.3046027865285048E-001  6.1988240813996509E-001  6.1078732790872248E-001
  6.0278374905784682E-001  5.9594710186308297E-001  5.9016052980972800E-001  5.8533763471087141E-001  5.8146255143211378E-001
  5.7843311701858535E-001  5.7622527029201465E-001  5.7481706847297487E-001  5.7418190859737706E-001  5.7428087922936211E-001
  5.7508692804138783E-001  5.7657093466606213E-001  5.7869862483323498E-001  5.8142903849900851E-001  5.8471973357408213E-001
  5.8852420868581812E-001  5.9278843459794317E-001  5.9745557956371509E-001  6.0246864654485233E-001  6.0776840217897088E-001
  6.1329558520063487E-001  6.1899084778158797E-001  6.2486146085822136E-001  6.3064979062217674E-001  6.3646409551697380E-001
  6.4219648324593781E-001  6.4782870217127586E-001  6.5335149197827336E-001  6.5875792704543767E-001  6.6403094304684374E-001
  6.6915777571016732E-001  6.7411807624063869E-001  6.7887436785653144E-001  6.8344233097835883E-001  6.8782369707061586E-001
  6.9201271618060822E-001  6.9593639589450262E-001  6.9954956989112282E-001  7.0284673840569856E-001  7.0577614685095036E-001
  7.0830880101657956E-001  7.1046162108152966E-001  7.1223862059013487E-001  7.1363776270526535E-001  7.1468221329015935E-001
  7.1540907960838551E-001  7.1585436909205358E-001  7.1605632329922242E-001  7.1606197518888959E-001  7.1592763519519254E-001
  7.1571050196533448E-001  7.1545832533491727E-001  7.1520684873373097E-001  7.1498024888606970E-001  7.1479102569763664E-001
  7.1464827625677874E-001  7.1456842305632717E-001  7.1456842305641932E-001  7.1464827625947935E-001  7.1479102570714015E-001
  7.1498024890385736E-001  7.1520684875985974E-001  7.1545832536867282E-001  7.1571050200232000E-001  7.1592763522914349E-001
  7.1606197521746562E-001  7.1605632332235158E-001  7.1585436910656342E-001  7.1540907960813505E-001  7.1468221327094117E-001
  7.1363776266473633E-001  7.1223862052373355E-001  7.1046162098482213E-001  7.0830880088552528E-001  7.0577614668502342E-001
  7.0284673820413135E-001  6.9954956964870973E-001  6.9593639561198972E-001  6.9201271586365365E-001  6.8782369671458476E-001
  6.8344233058664650E-001  6.7887436742653662E-001  6.7411807577462446E-001  6.6915777520505559E-001  6.6403094250719685E-001
  6.5875792647159725E-001  6.5335149136575443E-001  6.4782870151512617E-001  6.4219648254163664E-001  6.3646409476170784E-001
  6.3064978981430009E-001  6.2486146042678348E-001  6.1899084688362438E-001  6.1329558426375519E-001  6.0776840120047826E-001
  6.0246864552652146E-001  5.9745557851009723E-001  5.9278843351645882E-001  5.8852420757485280E-001  5.8471973243458075E-001
  5.8142903733552320E-001  5.7869862365336444E-001  5.7657093347451482E-001  5.7508692684310814E-001  5.7428087803071326E-001
  5.7418190740495589E-001  5.7481706729268767E-001  5.7622526912975447E-001  5.7843311588020618E-001  5.8146255032638317E-001
  5.8533763364376323E-001  5.9016052878754177E-001  5.9594710088404301E-001  6.0278374815731728E-001  6.1078732708095318E-001
  6.1988240739723455E-001  6.3046027799327931E-001  6.4222098653838988E-001  6.5532181964516045E-001  6.6979613923891479E-001
  6.8599626571743422E-001
BLOCK 94   2.7929410339531128E+001
  6.5632705687242343E-001  6.7443248377939757E-001  6.9485124308041224E-001  7.1683172736276446E-001  7.4015315153105554E-001
  7.6581131077550768E-001  7.9144801864971470E-001  8.1835521255568189E-001  8.4591454229725105E-001  8.7383860534765767E-001
  9.0193670544610050E-001  9.2962885938759776E-001  9.5721702285722854E-001  9.8442869263357047E-001  1.0110472310538421E+000
  1.0370631697719426E+000  1.0625437554795814E+000  1.0874537563034521E+000  1.1118310079385552E+000  1.1355031954515051E+000
  1.1583559132858570E+000  1.1803047005124625E+000  1.2014496888550472E+000  1.2217557492639277E+000  1.2411663595299638E+000
  1.2596572591040913E+000  1.2772115215133237E+000  1.2938593205508229E+000  1.3096262533534384E+000  1.3246093273921746E+000
  1.3388275825564426E+000  1.3522170791097663E+000  1.3647286561379048E+000  1.3763241677382398E+000  1.3870402561786870E+000
  1.3968725908389847E+000  1.4058341668891376E+000  1.4139405242414695E+000  1.4212178954319827E+000  1.4276991538167070E+000
  1.4334389530998686E+000  1.4384714466784234E+000  1.4425986348611901E+000  1.4461128090415261E+000  1.4490366983793506E+000
  1.4514262384818910E+000  1.4533190386370536E+000  1.4547626411169960E+000  1.4558116639873948E+000  1.4565243673509707E+000
  1.4569502056214294E+000  1.4571454226828864E+000  1.4571676711315313E+000  1.4570712423586836E+000  1.4568939787121122E+000
  1.4566662843687221E+000  1.4564184605711867E+000  1.4561743211690423E+000  1.4559317099858333E+000  1.4557027489204335E+000
  1.4554986092951541E+000  1.4553321138975113E+000  1.4552113772905162E+000  1.4551459230723862E+000  1.4551459231144293E+000
  1.4552113774272237E+000  1.4553321141307047E+000  1.4554986096111280E+000  1.4557027493098764E+000  1.4559317104435447E+000
  1.4561743216871761E+000  1.4564184611346609E+000  1.4566662849918446E+000  1.4568939793870155E+000  1.4570712430750912E+000
  1.4571676718796860E+000  1.4571454234605645E+000  1.4569502064304791E+000  1.4565243681802165E+000  1.4558116648223336E+000
  1.4547626419474333E+000  1.4533190394416813E+000  1.4514262392484378E+000  1.4490366990976935E+000  1.4461128097057863E+000
  1.4425986354700688E+000  1.4384714472259832E+000  1.4334389536059318E+000  1.4276991542615307E+000  1.4212178958024591E+000
  1.4139405245289354E+000  1.4058341670882613E+000  1.3968725909466784E+000  1.3870402561920032E+000  1.3763241676472848E+000
  1.3647286559543672E+000  1.3522170788247718E+000  1.3388275821713749E+000  1.3246093269078072E+000  1.3096262527727234E+000
  1.2938593198693205E+000  1.2772115207276937E+000  1.2596572582184515E+000  1.2411663585570627E+000  1.2217557482134809E+000
  1.2014496877340011E+000  1.1803046993359072E+000  1.1583559120551616E+000  1.1355031941904725E+000  1.1118310066789667E+000
  1.0874537550501338E+000  1.0625437542317919E+000  1.0370631685250336E+000  1.0110472298161537E+000  9.8442869151006307E-001
  9.5721702175768275E-001  9.2962885835765563E-001  9.0193670452826691E-001  8.7383860454018381E-001  8.4591454157770918E-001
  8.1835521198424299E-001  7.9144801819071475E-001  7.6581131044780926E-001  7.4015315134270632E-001  7.1683172731220901E-001
  6.9485124316365565E-001  6.7443248399573652E-001  6.5632705722656992E-001  6.3969490451250677E-001  6.2453420827550188E-001
  6.1124638911356965E-001  5.9943951960956576E-001  5.8931663002551682E-001  5.8057487749168335E-001  5.7319594774186333E-001
  5.6705424555696571E-001  5.6197609650195102E-001  5.5781888788476741E-001  5.5471519378328082E-001  5.5256164638647454E-001
  5.5120582462115342E-001  5.5059852950439114E-001  5.5069038513724244E-001  5.5144639700061993E-001  5.5284375251839013E-001
  5.5486288397399375E-001  5.5749160697529598E-001  5.6080433623443904E-001  5.6465320902098304E-001  5.6896860066194965E-001
  5.7376103270500367E-001  5.7898099324337560E-001  5.8457464897575040E-001  5.9048331699818735E-001  5.9664648441684154E-001
  6.0300097293804444E-001  6.0949688638953547E-001  6.1607946486445542E-001  6.2266688806314208E-001  6.2926265362531919E-001
  6.3571597693993109E-001  6.4200373458106608E-001  6.4810395926828768E-001  6.5399703681022081E-001  6.5967046742717150E-001
  6.6511005803322276E-001  6.7031849345738925E-001  6.7530405815413297E-001  6.8006842713247762E-001  6.8463583217173984E-001
  6.8903904834844742E-001  6.9322982269704037E-001  6.9712237042400882E-001  7.0070178536023742E-001  7.0392158984948361E-001
  7.0675829737847295E-001  7.0920181854189857E-001  7.1123368467376380E-001  7.1287333159857147E-001  7.1415401383806887E-001
  7.1508828428471061E-001  7.1570084253662536E-001  7.1603523473534370E-001  7.1612356945409783E-001  7.1599541476473838E-001
  7.1570194115074293E-001  7.1530588747394408E-001  7.1486265216959699E-001  7.1442195507013262E-001  7.1403620057504824E-001
  7.1375465294837181E-001  7.1360854412223318E-001  7.1360854413077823E-001  7.1375465297151530E-001  7.1403620060953699E-001
  7.1442195511590323E-001  7.1486265222573775E-001  7.1530588753617441E-001  7.1570194121394792E-001  7.1599541482605078E-001
  7.1612356951173128E-001  7.1603523478688758E-001  7.1570084257752753E-001  7.1508828430843929E-001  7.1415401383844668E-001
  7.1287333156916577E-001  7.1123368461210701E-001  7.0920181844940278E-001  7.0675829725175887E-001  7.0392158968549068E-001
  7.0070178516163417E-001  6.9712237018714796E-001  6.9322982242107967E-001  6.8903904804267779E-001  6.8463583183195564E-001
  6.8006842676534418E-001  6.7530405775055713E-001  6.7031849301578461E-001  6.6511005755269181E-001  6.5967046690469877E-001
  6.5399703624017147E-001  6.4810395864522097E-001  6.4200373390459242E-001  6.3571597621380505E-001  6.2926265283781790E-001
  6.2266688723365371E-001  6.1607946397525815E-001  6.0949688545566794E-001  6.0300097195112978E-001  5.9664648338377491E-001
  5.9048331591731851E-001  5.8457464784509994E-001  5.7898099206792786E-001  5.7376103148626401E-001  5.6896859939977318E-001
  5.6465320771659433E-001  5.6080433493190962E-001  5.5749160567540723E-001  5.5486288266846939E-001  5.5284375121206164E-001
  5.5144639570091936E-001  5.5069038384376667E-001  5.5059852821995048E-001  5.5120582335064416E-001  5.5256164513097183E-001
  5.5471519254711843E-001  5.5781888666317314E-001  5.6197609528537495E-001  5.6705424439775265E-001  5.7319594665940876E-001
  5.8057487649131445E-001  5.8931662910514104E-001  5.9943951878219781E-001  6.1124638838705059E-001  6.2453420767048362E-001
  6.3969490401752882E-001
BLOCK 95   2.8229726579741193E+001
  6.0481202787981780E-001  6.2146501747645944E-001  6.4061467198191835E-001  6.6118682690335306E-001  6.8376703882198941E-001
  7.0802118835964745E-001  7.3413531224956075E-001  7.6224638900343034E-001  7.9032431661682123E-001  8.1943038983127126E-001
  8.4956464918285590E-001  8.7959052695590678E-001  9.1006246396979695E-001  9.4055287635514839E-001  9.7080885285736207E-001
  1.0008575575393890E+000  1.0306223068146334E+000  1.0595863245009824E+000  1.0878385068532492E+000  1.1151909519858747E+000
  1.1416953904458418E+000  1.1669497775490498E+000  1.1912019056363787E+000  1.2145456020618457E+000  1.2369657253474111E+000
  1.2584000729013782E+000  1.2787933314648987E+000  1.2981669279851920E+000  1.3165702770406817E+000  1.3341254036720778E+000
  1.3507885393673189E+000  1.3665098336469779E+000  1.3812484883814260E+000  1.3950041582830484E+000  1.4077915060015060E+000
  1.4195777280910997E+000  1.4301953772331726E+000  1.4394442707193833E+000  1.4477811123423818E+000  1.4551505726514518E+000
  1.4616173502697924E+000  1.4671780802620777E+000  1.4718712947824109E+000  1.4757430793874635E+000  1.4788470874626261E+000
  1.4812485111392868E+000  1.4830210241545372E+000  1.4842376486915756E+000  1.4849792996489921E+000  1.4853290056967996E+000
  1.4853696790913267E+000  1.4851822972639936E+000  1.4848337954511239E+000  1.4843785975723671E+000  1.4838679249236169E+000
  1.4833419253682643E+000  1.4828343454004955E+000  1.4823684070758605E+000  1.4819647216531877E+000  1.4816427898440623E+000
  1.4814034834096994E+000  1.4812343530535399E+000  1.4811317421212153E+000  1.4810840189322665E+000  1.4810840189756660E+000
  1.4811317422567869E+000  1.4812343532867003E+000  1.4814034837407364E+000  1.4816427902716922E+000  1.4819647221731511E+000
  1.4823684076744725E+000  1.4828343460693130E+000  1.4833419260992420E+000  1.4838679257073601E+000  1.4843785983970312E+000
  1.4848337963096632E+000  1.4851822981441942E+000  1.4853696799829448E+000  1.4853290065917366E+000  1.4849793005381096E+000
  1.4842376495645522E+000  1.4830210250008660E+000  1.4812485119524639E+000  1.4788470882345908E+000  1.4757430801040197E+000
  1.4718712954331810E+000  1.4671780808361563E+000  1.4616173507554742E+000  1.4551505730523366E+000  1.4477811126456628E+000
  1.4394442709254511E+000  1.4301953773476739E+000  1.4195777281209856E+000  1.4077915059316561E+000  1.3950041580986206E+000
  1.3812484880733595E+000  1.3665098332179728E+000  1.3507885388183882E+000  1.3341254030073384E+000  1.3165702762616087E+000
  1.2981669270935443E+000  1.2787933304635333E+000  1.2584000718006094E+000  1.2369657241570433E+000  1.2145456008022573E+000
  1.1912019043222923E+000  1.1669497761881775E+000  1.1416953890437294E+000  1.1151909505884818E+000  1.0878385054277866E+000
  1.0595863230973421E+000  1.0306223054590657E+000  1.0008575562319977E+000  9.7080885161329111E-001  9.4055287520600817E-001
  9.1006246287673143E-001  8.7959052590974252E-001  8.4956464829911160E-001  8.1943038908915644E-001  7.9032431600520325E-001
  7.6224638852196747E-001  7.3413531197761983E-001  7.0802118822452864E-001  6.8376703886138313E-001  6.6118682711598165E-001
  6.4061467236928527E-001  6.2146501826411460E-001  6.0481202866072570E-001  5.8951019533259230E-001  5.7611182292550855E-001
  5.6426895979968739E-001  5.5404344665894822E-001  5.4613416994385444E-001  5.3977773480031710E-001  5.3476963120897236E-001
  5.3099710967507685E-001  5.2825538517827508E-001  5.2643209350801778E-001  5.2541029827751728E-001  5.2510411755047093E-001
  5.2544093616695209E-001  5.2637342830544198E-001  5.2787132187094865E-001  5.2991874829844465E-001  5.3250332128444722E-001
  5.3562461721377153E-001  5.3929875123046056E-001  5.4349356615223743E-001  5.4821195561394398E-001  5.5352721520220505E-001
  5.5927146727563337E-001  5.6570573538591551E-001  5.7253013736507430E-001  5.7948622369303238E-001  5.8652686186654113E-001
  5.9368091597639350E-001  6.0095010350715017E-001  6.0828179552379591E-001  6.1560304882491368E-001  6.2279650885800542E-001
  6.2999183192129027E-001  6.3692205035045324E-001  6.4360463948175328E-001  6.5002410025758928E-001  6.5616907537609626E-001
  6.6201786452210887E-001  6.6756623628711587E-001  6.7283457595571128E-001  6.7782964703872550E-001  6.8256099365344414E-001
  6.8703157013938398E-001  6.9134072833925420E-001  6.9537957133328343E-001  6.9912691684087958E-001  7.0255278816031674E-001
  7.0564252069364486E-001  7.0837773680166249E-001  7.1071070923900670E-001  7.1262842759971856E-001  7.1414019045068100E-001
  7.1525359567401892E-001  7.1599609475383963E-001  7.1640357694974421E-001  7.1651632706540858E-001  7.1639948467593950E-001
  7.1612030541485094E-001  7.1572662921130004E-001  7.1527532136741390E-001  7.1483835575563259E-001  7.1446963455728829E-001
  7.1419955292298676E-001  7.1405422432821852E-001  7.1405422433977395E-001  7.1419955295730508E-001  7.1446963461291757E-001
  7.1483835582913646E-001  7.1527532145370154E-001  7.1572662930607756E-001  7.1612030551455708E-001  7.1639948477405369E-001
  7.1651632715445190E-001  7.1640357702575519E-001  7.1599609481257775E-001  7.1525359571067137E-001  7.1414019046222232E-001
  7.1262842758075795E-001  7.1071070918621881E-001  7.0837773671845961E-001  7.0564252057927013E-001  7.0255278801020848E-001
  6.9912691665959525E-001  6.9537957112152549E-001  6.9134072809631830E-001  6.8703156986902103E-001  6.8256099335255727E-001
  6.7782964670252266E-001  6.7283457557802684E-001  6.6756623586926223E-001  6.6201786405696050E-001  6.5616907485473697E-001
  6.5002409968433217E-001  6.4360463885754560E-001  6.3692204966847277E-001  6.2999183118062174E-001  6.2279650808373732E-001
  6.1560304797441801E-001  6.0828179461604470E-001  6.0095010253526571E-001  5.9368091492687791E-001  5.8652686073908311E-001
  5.7948622250259474E-001  5.7253013614260595E-001  5.6570573412542025E-001  5.5927146590814436E-001  5.5352721380038561E-001
  5.4821195417763113E-001  5.4349356472774280E-001  5.3929874981194081E-001  5.3562461580264142E-001  5.3250331988474797E-001
  5.2991874690644036E-001  5.2787132048468743E-001  5.2637342692607247E-001  5.2544093479641196E-001  5.2510411619147324E-001
  5.2541029693353225E-001  5.2643209218147424E-001  5.2825538387086657E-001  5.3099710838613101E-001  5.3476962993845611E-001
  5.3977773354740699E-001  5.4613416872013121E-001  5.5404344547625139E-001  5.6426895866958082E-001  5.7611182185693077E-001
  5.8951019439476737E-001
BLOCK 96   2.8530042819951259E+001
  5.4639662468952199E-001  5.6102600836214711E-001  5.7832666816358702E-001  5.9828088868770346E-001  6.1992594357370723E-001
  6.4445006269535998E-001  6.6954129021734277E-001  6.9631180575056695E-001  7.2515127651418831E-001  7.5489980661032263E-001
  7.8605537489598698E-001  8.1786096100284578E-001  8.5093508236068816E-001  8.8464563960047948E-001  9.1831579438451094E-001
  9.5199694959887537E-001  9.8551431541075607E-001  1.0190877432583578E+000  1.0514713963604418E+000  1.0831548093891030E+000
  1.1140309347612847E+000  1.1441713829524522E+000  1.1729342728065391E+000  1.2006074741552990E+000  1.2272045586195208E+000
  1.2526164096150327E+000  1.2768028103009081E+000  1.2996669901215363E+000  1.3213588833216690E+000  1.3421106789629786E+000
  1.3618648086233966E+000  1.3804619207623743E+000  1.3977576355368240E+000  1.4136898116734151E+000  1.4282420639957079E+000
  1.4414227674048434E+000  1.4535668925594860E+000  1.4645980010536168E+000  1.4744964421247591E+000  1.4832696652576798E+000
  1.4909417331347616E+000  1.4975315079457769E+000  1.5030477787155783E+000  1.5075263462493713E+000  1.5110858390872866E+000
  1.5137976045678379E+000  1.5157462978396692E+000  1.5170268654270969E+000  1.5177345058501233E+000  1.5179595865259550E+000
  1.5177896088231086E+000  1.5173092520650213E+000  1.5166024536329985E+000  1.5157469532785517E+000  1.5148072560179147E+000
  1.5138404364812132E+000  1.5128954784743824E+000  1.5120075924989658E+000  1.5112055346657993E+000  1.5105118113832041E+000
  1.5099380769750732E+000  1.5094959074515575E+000  1.5091950942885946E+000  1.5090442348236652E+000  1.5090442348808168E+000
  1.5091950944589942E+000  1.5094959077302064E+000  1.5099380773567175E+000  1.5105118118647636E+000  1.5112055352395330E+000
  1.5120075931567833E+000  1.5128954792120290E+000  1.5138404372923731E+000  1.5148072568918149E+000  1.5157469542042379E+000
  1.5166024545932359E+000  1.5173092530418839E+000  1.5177896098002797E+000  1.5179595874953238E+000  1.5177345068023165E+000
  1.5170268663529949E+000  1.5157462987286852E+000  1.5137976054112257E+000  1.5110858398736327E+000  1.5075263469708697E+000
  1.5030477793627526E+000  1.4975315085151184E+000  1.4909417336121213E+000  1.4832696656330255E+000  1.4744964423879297E+000
  1.4645980011965545E+000  1.4535668925772196E+000  1.4414227672855802E+000  1.4282420637408484E+000  1.4136898112818332E+000
  1.3977576350165879E+000  1.3804619201172876E+000  1.3618648078610920E+000  1.3421106780834009E+000  1.3213588823257201E+000
  1.2996669890176991E+000  1.2768028090860399E+000  1.2526164082996414E+000  1.2272045572315258E+000  1.2006074727015605E+000
  1.1729342712991173E+000  1.1441713813964316E+000  1.1140309332130256E+000  1.0831548078200286E+000  1.0514713948045973E+000
  1.0190877417262387E+000  9.8551431398141820E-001  9.5199694818744796E-001  9.1831579305210975E-001  8.8464563839793264E-001
  8.5093508132674400E-001  8.1786096007587294E-001  7.8605537412430959E-001  7.5489980600500273E-001  7.2515127619225261E-001
  6.9631180563470418E-001  6.6954129033527665E-001  6.4445006306406361E-001  6.1992594432252812E-001  5.9828088948276792E-001
  5.7832666909728347E-001  5.6102600943101155E-001  5.4639662584612714E-001  5.3452241462147387E-001  5.2463416067622348E-001
  5.1666168891531661E-001  5.1033820294241772E-001  5.0548913769374026E-001  5.0192277788853723E-001  4.9973380470187589E-001
  4.9801895015559783E-001  4.9740020562979659E-001  4.9751557711703215E-001  4.9827184939564118E-001  4.9979765439861751E-001
  5.0144513359171539E-001  5.0378040942478775E-001  5.0658775854937965E-001  5.0985839387249610E-001  5.1357590540289588E-001
  5.1774584464729356E-001  5.2239058027457863E-001  5.2748641497094273E-001  5.3301090311686194E-001  5.3899816694996283E-001
  5.4546377316565686E-001  5.5240472635502036E-001  5.5975306070942688E-001  5.6775143811200457E-001  5.7608533033720966E-001
  5.8458986108671407E-001  5.9312778365851837E-001  6.0157573092790506E-001  6.0980659263008574E-001  6.1773036989194918E-001
  6.2534953663777104E-001  6.3279916107934564E-001  6.4000533522886716E-001  6.4694723490679384E-001  6.5357719951466575E-001
  6.5985371735582488E-001  6.6576602267876639E-001  6.7131966069840809E-001  6.7653555892865325E-001  6.8144325754556545E-001
  6.8607620796447455E-001  6.9051782577876064E-001  6.9470237813501934E-001  6.9858965766873893E-001  7.0215871575161781E-001
  7.0536381463787445E-001  7.0819077849871093E-001  7.1062323131294924E-001  7.1265521824340328E-001  7.1428814705941290E-001
  7.1552919849611907E-001  7.1641562893377175E-001  7.1698626803988519E-001  7.1727093149915211E-001  7.1732217660063546E-001
  7.1720442595674017E-001  7.1697481533465046E-001  7.1669043792022247E-001  7.1639926305915969E-001  7.1613956165261072E-001
  7.1595354672740508E-001  7.1586423789116627E-001  7.1586423790550335E-001  7.1595354676917211E-001  7.1613956171919468E-001
  7.1639926314758418E-001  7.1669043802627996E-001  7.1697481545319175E-001  7.1720442608234580E-001  7.1732217672428711E-001
  7.1727093161244559E-001  7.1698626813882982E-001  7.1641562901247524E-001  7.1552919854900243E-001  7.1428814708864774E-001
  7.1265521824926636E-001  7.1062323128996396E-001  7.0819077844677458E-001  7.0536381455858865E-001  7.0215871564373789E-001
  6.9858965753194635E-001  6.9470237796674472E-001  6.9051782558058783E-001  6.8607620772974220E-001  6.8144325727292099E-001
  6.7653555861326264E-001  6.7131966034113699E-001  6.6576602227622383E-001  6.5985371690820971E-001  6.5357719901993572E-001
  6.4694723436780066E-001  6.4000533463774478E-001  6.3279916041133144E-001  6.2534953592307052E-001  6.1773036906334777E-001
  6.0980659174390095E-001  6.0157572996411357E-001  5.9312778259428323E-001  5.8458985992530510E-001  5.7608532911618215E-001
  5.6775143684230112E-001  5.5975305938143316E-001  5.5240472498968496E-001  5.4546377175093974E-001  5.3899816550196078E-001
  5.3301090163208364E-001  5.2748641345577518E-001  5.2239057872494177E-001  5.1774584306929228E-001  5.1357590381944840E-001
  5.0985839230358010E-001  5.0658775700857916E-001  5.0378040791894962E-001  5.0144513211763986E-001  4.9979765365963519E-001
  4.9827184795308699E-001  4.9751557567530225E-001  4.9740020418619357E-001  4.9801894870576208E-001  4.9973380397115719E-001
  5.0192277644097583E-001  5.0548913625684722E-001  5.1033820153209697E-001  5.1666168754322139E-001  5.2463415935735092E-001
  5.3452241337149042E-001
BLOCK 97   2.8830359060161324E+001
  4.9201892141377435E-001  5.0235923257835080E-001  5.1463783202584745E-001  5.2932392402427597E-001  5.4627366362239016E-001
  5.6662542281808770E-001  5.9035576608978713E-001  6.1597424246553856E-001  6.4553682923307965E-001  6.7603845436039545E-001
  7.0875886320899317E-001  7.4296351170170594E-001  7.7856775424147395E-001  8.1475299992821015E-001  8.5165470968943102E-001
  8.8913939213267568E-001  9.2646727163990694E-001  9.6367312071394684E-001  1.0006356232818099E+000  1.0372695239798131E+000
  1.0731390975079489E+000  1.1082765061491313E+000  1.1425188789638192E+000  1.1753645738848648E+000  1.2070848347687553E+000
  1.2377365437247660E+000  1.2672056926166686E+000  1.2952527824877145E+000  1.3218093148609067E+000  1.3469359032218438E+000
  1.3704740067982701E+000  1.3923466342943605E+000  1.4125054747187735E+000  1.4309524859198919E+000  1.4479057092562093E+000
  1.4635519193861135E+000  1.4778707643023008E+000  1.4908236851634269E+000  1.5023856424131294E+000  1.5126029204591021E+000
  1.5215390247381160E+000  1.5292469484098805E+000  1.5357814846614457E+000  1.5412064158094956E+000  1.5455801732542538E+000
  1.5489752284060687E+000  1.5514807423437889E+000  1.5531881116750779E+000  1.5541802172875192E+000  1.5545434254287949E+000
  1.5543759059554347E+000  1.5537741724926499E+000  1.5528262686688874E+000  1.5516165865000269E+000  1.5502247319594755E+000
  1.5487236723747733E+000  1.5471834170664376E+000  1.5456709358426153E+000  1.5442487210626814E+000  1.5429714880140324E+000
  1.5418868410744273E+000  1.5410355325628595E+000  1.5404486553267771E+000  1.5401496173968778E+000  1.5401496174590483E+000
  1.5404486555137589E+000  1.5410355328715080E+000  1.5418868415012730E+000  1.5429714885529506E+000  1.5442487217043268E+000
  1.5456709365759356E+000  1.5471834178789732E+000  1.5487236732540097E+000  1.5502247328952630E+000  1.5516165874815622E+000
  1.5528262696838742E+000  1.5537741735308284E+000  1.5543759070055763E+000  1.5545434264769658E+000  1.5541802183179450E+000
  1.5531881126715756E+000  1.5514807432895337E+000  1.5489752292865770E+000  1.5455801740586608E+000  1.5412064165273922E+000
  1.5357814852816365E+000  1.5292469489204636E+000  1.5215390251296055E+000  1.5126029207230307E+000  1.5023856425353610E+000
  1.4908236851510195E+000  1.4778707641504591E+000  1.4635519190940476E+000  1.4479057088187370E+000  1.4309524853417102E+000
  1.4125054739944158E+000  1.3923466334245544E+000  1.3704740057887601E+000  1.3469359020824769E+000  1.3218093136074147E+000
  1.2952527811415044E+000  1.2672056911761407E+000  1.2377365422027988E+000  1.2070848331588511E+000  1.1753645721994737E+000
  1.1425188771982706E+000  1.1082765043877256E+000  1.0731390956823708E+000  1.0372695221695647E+000  1.0006356215015619E+000
  9.6367311901673125E-001  9.2646727008297014E-001  8.8913939069143544E-001  8.5165470850040781E-001  8.1475299889524155E-001
  7.7856775347343510E-001  7.4296351115763193E-001  7.0875886296861179E-001  6.7603845439347743E-001  6.4553682950327462E-001
  6.1597424298357539E-001  5.9035576682615443E-001  5.6662542370673874E-001  5.4627366465782967E-001  5.2932392520943838E-001
  5.1463783335365720E-001  5.0235923402826155E-001  4.9201892295148980E-001  4.8398872237319190E-001  4.7777649426595209E-001
  4.7322912674700407E-001  4.7008997175089196E-001  4.6815699354763052E-001  4.6723784011008712E-001  4.6717672824249767E-001
  4.6784876530965708E-001  4.6915481067089021E-001  4.7101481731522915E-001  4.7337192125855043E-001  4.7618597886531239E-001
  4.7941451996793355E-001  4.8302126787926436E-001  4.8700092634657571E-001  4.9135393405402294E-001  4.9610603216322097E-001
  5.0123515538877494E-001  5.0668911938633199E-001  5.1247680808892793E-001  5.1870266962022782E-001  5.2538987425220474E-001
  5.3252001376805713E-001  5.4006394952167425E-001  5.4800650172298160E-001  5.5641292071465898E-001  5.6533216519474172E-001
  5.7472214287579959E-001  5.8437355883804432E-001  5.9403404568636675E-001  6.0357757094944098E-001  6.1287371688358216E-001
  6.2159953296552151E-001  6.3024568385357949E-001  6.3815507413706229E-001  6.4552912101710458E-001  6.5239827261921923E-001
  6.5880555360281856E-001  6.6485171024521583E-001  6.7062891870941788E-001  6.7614581518148853E-001  6.8135310506173208E-001
  6.8624175362831696E-001  6.9087884081376616E-001  6.9518245533773471E-001  6.9912083076405063E-001  7.0269056713347344E-001
  7.0587068450489332E-001  7.0866034559176616E-001  7.1106460181712516E-001  7.1309257863712894E-001  7.1477349974672799E-001
  7.1612861966000085E-001  7.1718087675225950E-001  7.1796386869798190E-001  7.1851485352814881E-001  7.1887636926622156E-001
  7.1907855570990398E-001  7.1914721456929109E-001  7.1913115929133498E-001  7.1907346197466526E-001  7.1899146229371880E-001
  7.1891154573870719E-001  7.1886650236054783E-001  7.1886650237697947E-001  7.1891154578480121E-001  7.1899146236438582E-001
  7.1907346206670097E-001  7.1913115939900008E-001  7.1914721468653287E-001  7.1907855583493663E-001  7.1887636939573640E-001
  7.1851485365516177E-001  7.1796386881844532E-001  7.1718087686368881E-001  7.1612861975796982E-001  7.1477349982804361E-001
  7.1309257869857035E-001  7.1106460185448839E-001  7.0866034560138813E-001  7.0587068448152945E-001  7.0269056707609234E-001
  6.9912083067321829E-001  6.9518245521083000E-001  6.9087884064944971E-001  6.8624175342476568E-001  6.8135310482659572E-001
  6.7614581491735715E-001  6.7062891840912586E-001  6.6485170989271980E-001  6.5880555320313061E-001  6.5239827217578150E-001
  6.4552912051223876E-001  6.3815507353532763E-001  6.3024568315412344E-001  6.2159953225289966E-001  6.1287371600195373E-001
  6.0357756995663214E-001  5.9403404459695452E-001  5.8437355766670729E-001  5.7472214163868407E-001  5.6533216388986840E-001
  5.5641291938055792E-001  5.4800650032146536E-001  5.4006394807303126E-001  5.3252001228098556E-001  5.2538987272724347E-001
  5.1870266805564680E-001  5.1247680649886496E-001  5.0668911777001790E-001  5.0123515371858129E-001  4.9610603049750285E-001
  4.9135393237625613E-001  4.8700092467335038E-001  4.8302126621362207E-001  4.7941451830712273E-001  4.7618597721264044E-001
  4.7337191961998060E-001  4.7101481569071146E-001  4.6915480906351242E-001  4.6784876371503203E-001  4.6717672665375759E-001
  4.6723783852109441E-001  4.6815699194348326E-001  4.7008997013129300E-001  4.7322912512688292E-001  4.7777649265815669E-001
  4.8398872077078359E-001
BLOCK 98   2.9130675300371390E+001
  4.4168742872640282E-001  4.4730275813211695E-001  4.5485603450978856E-001  4.6453857443008617E-001  4.7670928478352126E-001
  4.9123679187792035E-001  5.0920187895424729E-001  5.2946052041556291E-001  5.5283074869211790E-001  5.8014917345774486E-001
  6.1031138434919108E-001  6.4531534247585587E-001  6.8167387167070148E-001  7.2068432684010952E-001  7.6195303576857965E-001
  8.0374043050595811E-001  8.4650142336051870E-001  8.8986993233565170E-001  9.3256581047629383E-001  9.7488862669246634E-001
  1.0167365108286042E+000  1.0574786659314299E+000  1.0974623836066664E+000  1.1365584207434969E+000  1.1745271705363893E+000
  1.2112803926086746E+000  1.2467249048520335E+000  1.2806467204128789E+000  1.3127236832163947E+000  1.3430929067991679E+000
  1.3716376963031871E+000  1.3982442566921871E+000  1.4228185267830544E+000  1.4454355948284172E+000  1.4663084303473899E+000
  1.4853905677666981E+000  1.5026404894486309E+000  1.5181388108478724E+000  1.5319103378412178E+000  1.5440535665003061E+000
  1.5546903795089950E+000  1.5637861082856952E+000  1.5713012304872371E+000  1.5776439194281977E+000  1.5828487163005198E+000
  1.5869949919955053E+000  1.5901655831602217E+000  1.5924422339814877E+000  1.5939090850805873E+000  1.5946392594402463E+000
  1.5947107056797158E+000  1.5942093856755988E+000  1.5932097435816370E+000  1.5918110363900799E+000  1.5900997984576286E+000
  1.5881781983519661E+000  1.5861376059055319E+000  1.5840837724705741E+000  1.5821149228887705E+000  1.5803136551862960E+000
  1.5787722846094063E+000  1.5775545281338963E+000  1.5766828845015457E+000  1.5762509346487115E+000  1.5762509347190481E+000
  1.5766828847045318E+000  1.5775545284652757E+000  1.5787722850594963E+000  1.5803136557619155E+000  1.5821149235889009E+000
  1.5840837732889217E+000  1.5861376068291901E+000  1.5881781993578199E+000  1.5900997995242099E+000  1.5918110375131178E+000
  1.5932097447444280E+000  1.5942093868540541E+000  1.5947107068478337E+000  1.5946392605844288E+000  1.5939090861768714E+000
  1.5924422350146470E+000  1.5901655841165498E+000  1.5869949928665186E+000  1.5828487170572647E+000  1.5776439200469374E+000
  1.5713012309611676E+000  1.5637861086211948E+000  1.5546903797358742E+000  1.5440535666003892E+000  1.5319103377980334E+000
  1.5181388106501834E+000  1.5026404890852743E+000  1.4853905672505103E+000  1.4663084296798270E+000  1.4454355940134518E+000
  1.4228185258208264E+000  1.3982442555746766E+000  1.3716376949955391E+000  1.3430929053798017E+000  1.3127236816636263E+000
  1.2806467187322832E+000  1.2467249030486898E+000  1.2112803906790095E+000  1.1745271685158969E+000  1.1365584186913555E+000
  1.0974623815493505E+000  1.0574786639015805E+000  1.0167365088025930E+000  9.7488862484508598E-001  9.3256580871385308E-001
  8.8986993075710874E-001  8.4650142208532686E-001  8.0374042945411639E-001  7.6195303500061273E-001  7.2068432641140023E-001
  6.8167387150250602E-001  6.4531534260760137E-001  6.1031138476939262E-001  5.8014917413843425E-001  5.5283074960612177E-001
  5.2946052155005896E-001  5.0920188029173596E-001  4.9123679339029380E-001  4.7670928643740440E-001  4.6453857616238231E-001
  4.5485603630887927E-001  4.4730275995673496E-001  4.4168743058313670E-001  4.3775329981360273E-001  4.3527509337501741E-001
  4.3406508024694529E-001  4.3395257968978534E-001  4.3471325150301948E-001  4.3620073904023515E-001  4.3829046737104177E-001
  4.4087281543510670E-001  4.4387920078916154E-001  4.4725756134419031E-001  4.5096813367999183E-001  4.5497755271545492E-001
  4.5927498439814557E-001  4.6387619940429059E-001  4.6878710087811520E-001  4.7401820328926353E-001  4.7959622176956562E-001
  4.8552433276473883E-001  4.9179937419825237E-001  4.9840585240704544E-001  5.0547631746080379E-001  5.1281611678592287E-001
  5.2049545323836732E-001  5.2852709768370243E-001  5.3693646279200957E-001  5.4583166724828425E-001  5.5519054446011640E-001
  5.6523474969100806E-001  5.7564400187460285E-001  5.8627429368811035E-001  5.9695464976018076E-001  6.0742822492711102E-001
  6.1753084072186037E-001  6.2739460560907789E-001  6.3630447376413057E-001  6.4473402368595167E-001  6.5248226989769464E-001
  6.5959732121970094E-001  6.6611599464377569E-001  6.7208795723168002E-001  6.7759369140048964E-001  6.8270010164515005E-001
  6.8746191073566665E-001  6.9201171895083402E-001  6.9628001634873149E-001  7.0024743614337936E-001  7.0386667070917608E-001
  7.0708704152882140E-001  7.0988998937037806E-001  7.1230347658279258E-001  7.1436290058837237E-001  7.1610674349247516E-001
  7.1756688162175852E-001  7.1877347911825207E-001  7.1976226907682028E-001  7.2055810780980223E-001  7.2119074378623238E-001
  7.2169834669289912E-001  7.2210269559769991E-001  7.2241927017151686E-001  7.2266295976660710E-001  7.2283738566949340E-001
  7.2295020458488324E-001  7.2300988887083750E-001  7.2300988888135886E-001  7.2295020461507886E-001  7.2283738571906186E-001
  7.2266295983728490E-001  7.2241927026319319E-001  7.2210269570925878E-001  7.2169834682358402E-001  7.2119074393271343E-001
  7.2055810796602981E-001  7.1976226923705500E-001  7.1877347927661295E-001  7.1756688177302486E-001  7.1610674363208016E-001
  7.1436290070898223E-001  7.1230347667782867E-001  7.0988998943680370E-001  7.0708704156754487E-001  7.0386667072217757E-001
  7.0024743612637108E-001  6.9628001629653191E-001  6.9201171886391932E-001  6.8746191062275919E-001  6.8270010150408567E-001
  6.7759369121446034E-001  6.7208795699239010E-001  6.6611599434927515E-001  6.5959732085101175E-001  6.5248226943479393E-001
  6.4473402313509820E-001  6.3630447311075733E-001  6.2739460496950694E-001  6.1753083984108081E-001  6.0742822394276508E-001
  5.9695464868116521E-001  5.8627429252582952E-001  5.7564400061982735E-001  5.6523474837531895E-001  5.5519054310059479E-001
  5.4583166584921106E-001  5.3693646134802731E-001  5.2852709619282123E-001  5.2049545169355282E-001  5.1281611518151182E-001
  5.0547631578734098E-001  4.9840585070925236E-001  4.9179937243413269E-001  4.8552433100143305E-001  4.7959622001097829E-001
  4.7401820151956464E-001  4.6878709909131400E-001  4.6387619761939985E-001  4.5927498260971933E-001  4.5497755093211190E-001
  4.5096813190925877E-001  4.4725755957833496E-001  4.4387919902061285E-001  4.4087281366247733E-001  4.3829046559376528E-001
  4.3620073726563691E-001  4.3471324971668474E-001  4.3395257789664810E-001  4.3406507845041759E-001  4.3527509153908062E-001
  4.3775329794357870E-001
BLOCK 99   2.9430991540581456E+001
  3.9873402939619940E-001  3.9952231306502084E-001  4.0155026854747883E-001  4.0508768256677136E-001  4.1049916402824421E-001
  4.1802316114481686E-001  4.2871124087515872E-001  4.4320064658718050E-001  4.6073377857387682E-001  4.8141388482402503E-001
  5.0647973060523621E-001  5.3424759134994304E-001  5.6646527531947444E-001  6.0241402741432148E-001  6.4355213756056473E-001
  6.8701401949684338E-001  7.3261640311538467E-001  7.8143524454781155E-001  8.3090685689464405E-001  8.8109799177408010E-001
  9.3155444656865027E-001  9.8125070135465975E-001  1.0309732542607275E+000  1.0788731901203730E+000  1.1253343157217142E+000
  1.1701831296303211E+000  1.2129241975450402E+000  1.2536701658249507E+000  1.2923641717655581E+000  1.3287686469111071E+000
  1.3631980488880835E+000  1.3955779610131331E+000  1.4257187548040298E+000  1.4536931268306137E+000  1.4796964888591797E+000
  1.5035879375549355E+000  1.5252630734988606E+000  1.5444810169098049E+000  1.5612488659223875E+000  1.5760094226294128E+000
  1.5889230369607164E+000  1.6000799384951159E+000  1.6096078562980718E+000  1.6175976505527534E+000  1.6241535832373550E+000
  1.6293779932521042E+000  1.6333784576469099E+000  1.6362905533263528E+000  1.6382151712271127E+000  1.6392514550111807E+000
  1.6395030632443339E+000  1.6390731568189199E+000  1.6380650352274519E+000  1.6365800580026815E+000  1.6347223611742439E+000
  1.6325936975873572E+000  1.6303114706220592E+000  1.6280083620709462E+000  1.6254046960645889E+000  1.6237604555757019E+000
  1.6220135336967385E+000  1.6206303608602193E+000  1.6196822021521575E+000  1.6191997682982011E+000  1.6191997683888908E+000
  1.6196822024187687E+000  1.6206303612832085E+000  1.6220135342687956E+000  1.6237604562904568E+000  1.6254046964952726E+000
  1.6280083630365569E+000  1.6303114716889839E+000  1.6325936987340630E+000  1.6347223623754603E+000  1.6365800592385336E+000
  1.6380650364785037E+000  1.6390731580629565E+000  1.6395030644598347E+000  1.6392514561737386E+000  1.6382151723159273E+000
  1.6362905543267714E+000  1.6333784585388575E+000  1.6293779940234319E+000  1.6241535838843577E+000  1.6175976510556993E+000
  1.6096078566537493E+000  1.6000799386986466E+000  1.5889230370080927E+000  1.5760094225212424E+000  1.5612488656464312E+000
  1.5444810164625389E+000  1.5252630728863794E+000  1.5035879367710974E+000  1.4796964879036187E+000  1.4536931256848673E+000
  1.4257187534611142E+000  1.3955779594693030E+000  1.3631980471723675E+000  1.3287686450275862E+000  1.2923641697432271E+000
  1.2536701636647516E+000  1.2129241952982968E+000  1.1701831273521985E+000  1.1253343134317582E+000  1.0788731878799449E+000
  1.0309732521228467E+000  9.8125069933093922E-001  9.3155444465046688E-001  8.8109799008689693E-001  8.3090685550792176E-001
  7.8143524344680149E-001  7.3261640235186964E-001  6.8701401909764814E-001  6.4355213755371421E-001  6.0241402777639930E-001
  5.6646527610168596E-001  5.3424759249766107E-001  5.0647973213633413E-001  4.8141388668076290E-001  4.6073378073349547E-001
  4.4320064878566834E-001  4.2871124305104713E-001  4.1802316326380218E-001  4.1049916611449733E-001  4.0508768461010702E-001
  4.0155027054805070E-001  3.9952231503052982E-001  3.9873403133025265E-001  3.9896405358782328E-001  4.0002644059154724E-001
  4.0176845863376565E-001  4.0406580922427615E-001  4.0681697407243228E-001  4.0994103991089842E-001  4.1338335217361843E-001
  4.1711412069905363E-001  4.2113311571620538E-001  4.2544981797917997E-001  4.3008201225705295E-001  4.3535873953928672E-001
  4.4093609858462790E-001  4.4638692947631986E-001  4.5200814026674030E-001  4.5790497490208115E-001  4.6410437549976941E-001
  4.7061291631519492E-001  4.7746705814664109E-001  4.8470809224228595E-001  4.9234713563085625E-001  5.0032529106712686E-001
  5.0891533512290232E-001  5.1777613966065239E-001  5.2692649375321088E-001  5.3639445252575657E-001  5.4621814663622470E-001
  5.5644191458981851E-001  5.6731862251129839E-001  5.7859511232652994E-001  5.9011252980692419E-001  6.0164635860966087E-001
  6.1297545105098172E-001  6.2408742711139198E-001  6.3428295459635131E-001  6.4389776518524200E-001  6.5271821212809833E-001
  6.6069568855203231E-001  6.6790453497831670E-001  6.7450635769153688E-001  6.8042398454780084E-001  6.8579192582030446E-001
  6.9079370650253358E-001  6.9526625490664284E-001  6.9922400237656779E-001  7.0286672040722697E-001  7.0612686378935619E-001
  7.0899977293920158E-001  7.1163038000490708E-001  7.1408139661988246E-001  7.1631970991189142E-001  7.1831062103707100E-001
  7.2003908501146863E-001  7.2150284116828578E-001  7.2272863571203994E-001  7.2376028202552578E-001  7.2464192107653347E-001
  7.2541219100781063E-001  7.2608189084231944E-001  7.2664568917422590E-001  7.2710454088093335E-001  7.2745307911905022E-001
  7.2768566811477353E-001  7.2780389092989928E-001  7.2780389094094033E-001  7.2768566814770297E-001  7.2745307917426427E-001
  7.2710454095853216E-001  7.2664568927389606E-001  7.2608189096527120E-001  7.2541219115271682E-001  7.2464192123760351E-001
  7.2376028219828170E-001  7.2272863589445235E-001  7.2150284135834908E-001  7.2003908520615867E-001  7.1831062122886125E-001
  7.1631971009202133E-001  7.1408139678702442E-001  7.1163038016674818E-001  7.0899977310198559E-001  7.0612686394449797E-001
  7.0286672053503474E-001  6.9922400246976912E-001  6.9526625496430772E-001  6.9079370650343774E-001  6.8579192574900161E-001
  6.8042398440969964E-001  6.7450635747112708E-001  6.6790453466121891E-001  6.6069568814610746E-001  6.5271821162978694E-001
  6.4389776457473258E-001  6.3428295386045741E-001  6.2408742640725678E-001  6.1297545007074317E-001  6.0164635752585871E-001
  5.9011252865213970E-001  5.7859511110890782E-001  5.6731862123294463E-001  5.5644191327710546E-001  5.4621814525159995E-001
  5.3639445106800288E-001  5.2692649222792265E-001  5.1777613807055678E-001  5.0891533342236617E-001  5.0032529025204264E-001
  4.9234713383035861E-001  4.8470809044466912E-001  4.7746705630114039E-001  4.7061291444454967E-001  4.6410437361031998E-001
  4.5790497299607930E-001  4.5200813830206249E-001  4.4638692740117081E-001  4.4093609643671361E-001  4.3535873753720422E-001
  4.3008201034617738E-001  4.2544981614357996E-001  4.2113311391097802E-001  4.1711411890934508E-001  4.1338335038774998E-001
  4.0994103812070520E-001  4.0681697227094193E-001  4.0406580740517650E-001  4.0176845679075740E-001  4.0002643871916649E-001
  3.9896405168418347E-001
BLOCK 100   2.9731307780791521E+001
  3.6720650889175210E-001  3.6466806565171228E-001  3.6266071490237684E-001  3.6134644711126512E-001  3.6093397248177356E-001
  3.6168430850746991E-001  3.6391777709623646E-001  3.6801524625082449E-001  3.7450997946360204E-001  3.8378664739054069E-001
  3.9652262901465885E-001  4.1318834068626664E-001  4.3593758380954117E-001  4.6492435481583699E-001  5.0015744309480326E-001
  5.4088177010288396E-001  5.8615138403973488E-001  6.3586114068993760E-001  6.8928820690311465E-001  7.4503668817063129E-001
  8.0345336809796097E-001  8.6290248505270561E-001  9.2314952474735978E-001  9.8268044453835579E-001  1.0413903374045683E+000
  1.0979288071085167E+000  1.1528496035716138E+000  1.2046846889802887E+000  1.2537117761552379E+000  1.2999853440908460E+000
  1.3432999519154050E+000  1.3838220852883651E+000  1.4212960951295810E+000  1.4557122431207556E+000  1.4873115776620056E+000
  1.5160733990022461E+000  1.5420670058199359E+000  1.5654337351874510E+000  1.5866216529780499E+000  1.6056916428355890E+000
  1.6226044180329859E+000  1.6373170113346183E+000  1.6499863663542997E+000  1.6606697117477687E+000  1.6694602461720303E+000
  1.6764809738506798E+000  1.6818636463399206E+000  1.6857676610646035E+000  1.6883357662025165E+000  1.6897291474323259E+000
  1.6901225864220983E+000  1.6897340258391065E+000  1.6886785399157387E+000  1.6871003385811425E+000  1.6851506602881761E+000
  1.6830041866802610E+000  1.6807769427777715E+000  1.6785862429462872E+000  1.6765240312570850E+000  1.6746749018031739E+000
  1.6731090612837805E+000  1.6718843041958789E+000  1.6710489094542869E+000  1.6706281730552952E+000  1.6706281731552819E+000
  1.6710489097517713E+000  1.6718843046839789E+000  1.6731090619434512E+000  1.6746749026167733E+000  1.6765240322083359E+000
  1.6785862440147805E+000  1.6807769439348610E+000  1.6830041878954394E+000  1.6851506615351866E+000  1.6871003398430364E+000
  1.6886785411684828E+000  1.6897340270938375E+000  1.6901225875861112E+000  1.6897291485549260E+000  1.6883357672166395E+000
  1.6857676619876345E+000  1.6818636471490982E+000  1.6764809745309934E+000  1.6694602467091257E+000  1.6606697121282619E+000
  1.6499863665632410E+000  1.6373170113583522E+000  1.6226044178566219E+000  1.6056916424535193E+000  1.5866216523854246E+000
  1.5654337343664242E+000  1.5420670047676615E+000  1.5160733977286356E+000  1.4873115761564775E+000  1.4557122414257202E+000
  1.4212960932723291E+000  1.3838220832587778E+000  1.3432999497413445E+000  1.2999853418054121E+000  1.2537117737577017E+000
  1.2046846865062049E+000  1.1528496010399003E+000  1.0979288046317630E+000  1.0413903349414027E+000  9.8268044209050598E-001
  9.2314952261087313E-001  8.6290248319798224E-001  8.0345336659634303E-001  7.4503668717466887E-001  6.8928820649147293E-001
  6.3586114094884849E-001  5.8615138492625907E-001  5.4088177157544848E-001  5.0015744502598036E-001  4.6492435708385443E-001
  4.3593758630491719E-001  4.1318834318494074E-001  3.9652263157161655E-001  3.8378664993657052E-001  3.7450998265863883E-001
  3.6801524874914504E-001  3.6391777950605991E-001  3.6168431079437591E-001  3.6093397468195421E-001  3.6134644922752363E-001
  3.6266071693662183E-001  3.6466806762538645E-001  3.6720651079917677E-001  3.7014860729813276E-001  3.7337753786614558E-001
  3.7683284071967116E-001  3.8048202541857412E-001  3.8430792380970175E-001  3.8828468792639798E-001  3.9240285234153111E-001
  3.9668744647543785E-001  4.0116321160825763E-001  4.0583022384426370E-001  4.1077743429333813E-001  4.1604236060259303E-001
  4.2154407612671202E-001  4.2759892045470793E-001  4.3387881713345111E-001  4.4100242565821191E-001  4.4867904466671427E-001
  4.5641860345687640E-001  4.6405539201773660E-001  4.7182053606064484E-001  4.7988964124560018E-001  4.8845996259669344E-001
  4.9721462746119854E-001  5.0701299169080616E-001  5.1682992937426708E-001  5.2699626339349825E-001  5.3753987337853071E-001
  5.4844840918992321E-001  5.5980315294848659E-001  5.7179714406096671E-001  5.8414884628308283E-001  5.9649799392642466E-001
  6.0867029887207025E-001  6.2173244755325641E-001  6.3197335425359979E-001  6.4263753456469153E-001  6.5250009839837197E-001
  6.6151754295895693E-001  6.6957641746026475E-001  6.7685272165940313E-001  6.8367027389269364E-001  6.8982916888215207E-001
  6.9537820975072018E-001  7.0002846180757405E-001  7.0389270459407105E-001  7.0736921519703189E-001  7.1049241958490406E-001
  7.1323111112591575E-001  7.1566859871750632E-001  7.1783090122083504E-001  7.1978165496116331E-001  7.2162179777464031E-001
  7.2334762998253477E-001  7.2493398630129335E-001  7.2642899711357478E-001  7.2786281268855857E-001  7.2918428604978780E-001
  7.3032275802469471E-001  7.3124173545945403E-001  7.3194220869828031E-001  7.3245167485267537E-001  7.3280362965695189E-001
  7.3302539531827193E-001  7.3313417300756401E-001  7.3313417302452721E-001  7.3302539536647815E-001  7.3280362973205126E-001
  7.3245167495247299E-001  7.3194220882171945E-001  7.3124173560411143E-001  7.3032275818349757E-001  7.2918428621643550E-001
  7.2786281286732901E-001  7.2642899731587429E-001  7.2493398653491137E-001  7.2334763024589566E-001  7.2162179806204285E-001
  7.1978165527091820E-001  7.1783090154916429E-001  7.1566859904982183E-001  7.1323111145114471E-001  7.1049241989255085E-001
  7.0736921547078624E-001  7.0389270481826793E-001  7.0002846197548552E-001  6.9537820984340959E-001  6.8982916888129164E-001
  6.8367027378361789E-001  6.7685272142992670E-001  6.6957641711000049E-001  6.6151754249075811E-001  6.5250009782064300E-001
  6.4263753387450673E-001  6.3197335344818661E-001  6.2173244689504903E-001  6.0867029784383386E-001  5.9649799280222893E-001
  5.8414884508314990E-001  5.7179714279160232E-001  5.5980315160543326E-001  5.4844840778891690E-001  5.3753987191683372E-001
  5.2699626183504800E-001  5.1682992776308745E-001  5.0701298999835975E-001  4.9721462581433817E-001  4.8845996082577414E-001
  4.7988963939517382E-001  4.7182053409540187E-001  4.6405538995862911E-001  4.5641860134120382E-001  4.4867904257393104E-001
  4.4100242349249202E-001  4.3387881485179891E-001  4.2759891817924239E-001  4.2154407380712144E-001  4.1604235835443282E-001
  4.1077743211851098E-001  4.0583022178807460E-001  4.0116320966061547E-001  3.9668744460578614E-001  3.9240285053774254E-001
  3.8828468617318712E-001  3.8430792208119907E-001  3.8048202368965445E-001  3.7683283897208308E-001  3.7337753605328999E-001
  3.7014860544955858E-001
BLOCK 101   3.0031624021001587E+001
  3.4475473645074528E-001  3.4045505535888693E-001  3.3621404590279025E-001  3.3209410295497060E-001  3.2818305758114485E-001
  3.2459291625834580E-001  3.2146546279769361E-001  3.1898478237915062E-001  3.1739247684889438E-001  3.1701118093130209E-001
  3.1826366172181703E-001  3.2172715087587428E-001  3.2807694288094486E-001  3.3830908099052492E-001  3.5318827883227799E-001
  3.7461367198243301E-001  4.0253618180111078E-001  4.3929520998690186E-001  4.8542873942192577E-001  5.4198923847481828E-001
  6.0558532916641183E-001  6.7699079323347366E-001  7.5120901508464033E-001  8.2828531410610629E-001  9.0337646836954588E-001
  9.7673690795407553E-001  1.0464418221898757E+000  1.1150536120408761E+000  1.1794291692908190E+000  1.2400027295795135E+000
  1.2970338626577771E+000  1.3498043280758318E+000  1.3986028266763497E+000  1.4431685752150660E+000  1.4838796093734394E+000
  1.5207952177935411E+000  1.5539790814591488E+000  1.5838526404575026E+000  1.6108167699943612E+000  1.6349443852651160E+000
  1.6563613282685723E+000  1.6750994483409549E+000  1.6909863038633939E+000  1.7046188601942258E+000  1.7161362661941824E+000
  1.7256870531238728E+000  1.7333332991482837E+000  1.7391814363054985E+000  1.7433685135958634E+000  1.7460553272097790E+000
  1.7474361307128723E+000  1.7477287794822836E+000  1.7471606677362741E+000  1.7459385133877119E+000  1.7442568141333346E+000
  1.7423256676346845E+000  1.7403162202434355E+000  1.7383630990932144E+000  1.7365528258743184E+000  1.7349341049504101E+000
  1.7335918512658557E+000  1.7325847730661470E+000  1.7319052716171075E+000  1.7315425490668421E+000  1.7315425491647267E+000
  1.7319052719303998E+000  1.7325847735973632E+000  1.7335918519928941E+000  1.7349341058506462E+000  1.7365528269256560E+000
  1.7383631002580315E+000  1.7403162214932062E+000  1.7423256689535569E+000  1.7442568154903562E+000  1.7459385147440152E+000
  1.7471606690590655E+000  1.7477287807449013E+000  1.7474361318922933E+000  1.7460553282895237E+000  1.7433685145543014E+000
  1.7391814371184884E+000  1.7333332997887121E+000  1.7256870535686442E+000  1.7161362664297364E+000  1.7046188602187846E+000
  1.6909863036618666E+000  1.6750994479157819E+000  1.6563613276186961E+000  1.6349443843817029E+000  1.6108167688663029E+000
  1.5838526391259002E+000  1.5539790799061677E+000  1.5207952160075442E+000  1.4838796073453540E+000  1.4431685730121973E+000
  1.3986028242796711E+000  1.3498043255125560E+000  1.2970338599321274E+000  1.2400027267028846E+000  1.1794291663568646E+000
  1.1150536091366605E+000  1.0464418196059411E+000  9.7673690546325931E-001  9.0337646626716550E-001  8.2828531285796092E-001
  7.5120901437989374E-001  6.7699079330949063E-001  6.0558533018651983E-001  5.4198924003051185E-001  4.8542874216059717E-001
  4.3929521264710503E-001  4.0253618480992454E-001  3.7461367533661588E-001  3.5318828226954524E-001  3.3830908446244179E-001
  3.2807694621893979E-001  3.2172715407378988E-001  3.1826366474399170E-001  3.1701118376853987E-001  3.1739247950627913E-001
  3.1898478486925896E-001  3.2146546513450547E-001  3.2459291845097366E-001  3.2818305963819361E-001  3.3209410488955277E-001
  3.3621404773040181E-001  3.4045505709703083E-001  3.4475473812206747E-001  3.4907230960707530E-001  3.5338009100258705E-001
  3.5767274302284802E-001  3.6196488800425142E-001  3.6626561945655678E-001  3.7060846610476078E-001  3.7498809805551464E-001
  3.7939850393640873E-001  3.8379472506326973E-001  3.8831734587532746E-001  3.9309659290206134E-001  3.9813568732135229E-001
  4.0339198788816877E-001  4.0909100957744465E-001  4.1529530288265903E-001  4.2193470644026310E-001  4.2928956778700122E-001
  4.3754827813208341E-001  4.4675065574017814E-001  4.5649265880930656E-001  4.6652664595868137E-001  4.7674107812491723E-001
  4.8700791083971023E-001  4.9736551972888587E-001  5.0763220437964718E-001  5.1809275191698911E-001  5.2898483596939538E-001
  5.4048069312742519E-001  5.5261059903496790E-001  5.6541571796024592E-001  5.7860004108182361E-001  5.9188224878851114E-001
  6.0494472455623161E-001  6.1866960041470898E-001  6.3019309461215300E-001  6.4135660191544264E-001  6.5202930085017607E-001
  6.6190637765843974E-001  6.7100567796637201E-001  6.7926995220518060E-001  6.8687487477957698E-001  6.9382584614322662E-001
  6.9999782664151255E-001  7.0535582009018594E-001  7.0994029453036178E-001  7.1386137280325690E-001  7.1710882709124835E-001
  7.1983144045991643E-001  7.2220789496493343E-001  7.2420623840118459E-001  7.2586685898441172E-001  7.2741299609269583E-001
  7.2894703871128952E-001  7.3042770349073693E-001  7.3182783567500109E-001  7.3312821433259678E-001  7.3432704916848746E-001
  7.3545359970892188E-001  7.3650193113358220E-001  7.3743388106226015E-001  7.3824578350732084E-001  7.3895089273572057E-001
  7.3950563178039319E-001  7.3981670121758114E-001  7.3981670122598497E-001  7.3950563180736784E-001  7.3895089278645887E-001
  7.3824578358798021E-001  7.3743388117612119E-001  7.3650193128259323E-001  7.3545359989844850E-001  7.3432704940453120E-001
  7.3312821461447086E-001  7.3182783599815104E-001  7.3042770385437128E-001  7.2894703911448577E-001  7.2741299652940394E-001
  7.2586685944987794E-001  7.2420623888911406E-001  7.2220789546031594E-001  7.1983144094603757E-001  7.1710882754911265E-001
  7.1386137320857723E-001  7.0994029485909416E-001  7.0535582032850275E-001  6.9999782677993683E-001  6.9382584617194409E-001
  6.8687487468534247E-001  6.7926995198067996E-001  6.7100567761066987E-001  6.6190637717749745E-001  6.5202930024587114E-001
  6.4135660118892435E-001  6.3019309403408630E-001  6.1866959879047245E-001  6.0494472345894434E-001  5.9188224757822461E-001
  5.7860003978268748E-001  5.6541571662499335E-001  5.5261059764526432E-001  5.4048069170047874E-001  5.2898483449869538E-001
  5.1809275032377233E-001  5.0763220266705056E-001  4.9736551737758838E-001  4.8700790892543938E-001  4.7674107605025140E-001
  4.6652664369433927E-001  4.5649265643970133E-001  4.4675065341028702E-001  4.3754827575582306E-001  4.2928956538349539E-001
  4.2193470407571454E-001  4.1529530053178010E-001  4.0909100729192277E-001  4.0339198556876338E-001  3.9813568498633078E-001
  3.9309659056329432E-001  3.8831734357709408E-001  3.8379472286556188E-001  3.7939850182570367E-001  3.7498809600150607E-001
  3.7060846419752136E-001  3.6626561766656246E-001  3.6196488631724733E-001  3.5767274139560562E-001  3.5338008939315368E-001
  3.4907230797868688E-001
BLOCK 102   3.0331940261211653E+001
  3.2936669387683465E-001  3.2442474308100944E-001  3.1924846316817407E-001  3.1368497391462208E-001  3.0755800881011919E-001
  3.0206527138913242E-001  2.9677695318118569E-001  2.9173903420880082E-001  2.8691015359731392E-001  2.8223424462472824E-001
  2.7772768604467796E-001  2.7344003895697733E-001  2.6946396452141042E-001  2.6600945311896673E-001  2.6343754910294948E-001
  2.6232766586764278E-001  2.6365585188830204E-001  2.6889152290042895E-001  2.7970127426218078E-001  3.0161599131871852E-001
  3.3647839847201755E-001  3.8908704542825934E-001  4.5548189121753313E-001  5.4054892401665922E-001  6.3650750771114339E-001
  7.3906367432241404E-001  8.4222114419374938E-001  9.4257791064490282E-001  1.0370163734052686E+000  1.1244366308432459E+000
  1.2052329454312072E+000  1.2777371859595241E+000  1.3436277919203565E+000  1.4034788992392513E+000  1.4574878883976610E+000
  1.5068274355872959E+000  1.5516582563334920E+000  1.5919910375286750E+000  1.6280492987413864E+000  1.6598315850225078E+000
  1.6875712512265011E+000  1.7118350191212450E+000  1.7329579868580116E+000  1.7510005449676409E+000  1.7661598804110905E+000
  1.7787048174075772E+000  1.7889241005406289E+000  1.7970718980128808E+000  1.8033825649222603E+000  1.8080945513337188E+000
  1.8114424547250954E+000  1.8135924632211160E+000  1.8147176686297284E+000  1.8150033347418604E+000  1.8146123091175173E+000
  1.8136268473347843E+000  1.8122954662690742E+000  1.8106937629395714E+000  1.8090349081051500E+000  1.8074627449275200E+000
  1.8060787433855112E+000  1.8049686654933061E+000  1.8042070558943650E+000  1.8038281147823967E+000  1.8038281148971524E+000
  1.8042070562356582E+000  1.8049686660482436E+000  1.8060787441266752E+000  1.8074627458349315E+000  1.8090349091544764E+000
  1.8106937640984639E+000  1.8122954675282694E+000  1.8136268486219349E+000  1.8146123104826739E+000  1.8150033360501074E+000
  1.8147176698645557E+000  1.8135924643939316E+000  1.8114424557818225E+000  1.8080945522322160E+000  1.8033825656360496E+000
  1.7970718985158647E+000  1.7889241008160846E+000  1.7787048174408282E+000  1.7661598801959661E+000  1.7510005445229881E+000
  1.7329579861714877E+000  1.7118350181855440E+000  1.6875712500486892E+000  1.6598315835776549E+000  1.6280492970135265E+000
  1.5919910355194147E+000  1.5516582540351653E+000  1.5068274330048701E+000  1.4574878856030207E+000  1.4034788962979801E+000
  1.3436277888344355E+000  1.2777371827930581E+000  1.2052329427270081E+000  1.1244366279314573E+000  1.0370163707864992E+000
  9.4257790852357548E-001  8.4222114281631177E-001  7.3906367408892593E-001  6.3650750872616890E-001  5.4054892694168188E-001
  4.5548189445632598E-001  3.8908705136423494E-001  3.3647840439715371E-001  3.0161599659796173E-001  2.7970127898822211E-001
  2.6889152706070907E-001  2.6365585567427974E-001  2.6232766934350210E-001  2.6343755232436356E-001  2.6600945611833943E-001
  2.6946396732131078E-001  2.7344004157200480E-001  2.7772768848511786E-001  2.8223424690264121E-001  2.8691015572610468E-001
  2.9173903620561320E-001  2.9677695507083840E-001  3.0206527318874693E-001  3.0755801056121645E-001  3.1368497570685477E-001
  3.1924846486567260E-001  3.2442474459446496E-001  3.2936669529891771E-001  3.3412905072245469E-001  3.3873717372590750E-001
  3.4319889761337768E-001  3.4752955055349266E-001  3.5176845946860941E-001  3.5590157510645759E-001  3.5993919858300932E-001
  3.6402163466674708E-001  3.6812760379103093E-001  3.7225205275494300E-001  3.7658700550192992E-001  3.8111677034343983E-001
  3.8585240175718977E-001  3.9091597873544359E-001  3.9657937615527367E-001  4.0297937731958716E-001  4.1001148318396108E-001
  4.1771297343322467E-001  4.2636572629341135E-001  4.3606958117482780E-001  4.4706390736314744E-001  4.5891967644236281E-001
  4.7130175463723867E-001  4.8397046291984458E-001  4.9722241075964829E-001  5.0976479977049871E-001  5.2240946694625212E-001
  5.3490905581327808E-001  5.4742348538676333E-001  5.6014295644284662E-001  5.7340909163064202E-001  5.8702275057932896E-001
  6.0090803455881714E-001  6.1463533040020724E-001  6.2723752539472277E-001  6.4044140925090776E-001  6.5183909283552499E-001
  6.6242900314700881E-001  6.7242221973132132E-001  6.8162116385592597E-001  6.9044396498583183E-001  6.9819779433556572E-001
  7.0524284219216238E-001  7.1140672259971849E-001  7.1657365366318715E-001  7.2100948753300298E-001  7.2488442850403101E-001
  7.2819310817408334E-001  7.3095137167827307E-001  7.3318636542244453E-001  7.3496297257197130E-001  7.3638691462774497E-001
  7.3751459498783034E-001  7.3843446304997762E-001  7.3931309960814340E-001  7.4021808111735110E-001  7.4112503630964988E-001
  7.4207280262861230E-001  7.4307860234946799E-001  7.4404336636862300E-001  7.4486465251122003E-001  7.4549685211404459E-001
  7.4590818394638603E-001  7.4609716624239608E-001  7.4609716625691358E-001  7.4590818399087999E-001  7.4549685219139938E-001
  7.4486465262651136E-001  7.4404336652725456E-001  7.4307860255731617E-001  7.4207280289745958E-001  7.4112503665313778E-001
  7.4021808153905633E-001  7.3931310010251305E-001  7.3843446360827791E-001  7.3751459559564525E-001  7.3638691526692512E-001
  7.3496297322549853E-001  7.3318636607353616E-001  7.3095137231089935E-001  7.2819310877223120E-001  7.2488442905144390E-001
  7.2100948801321119E-001  7.1657365406631224E-001  7.1140672291374729E-001  7.0524284240477231E-001  6.9819779442996599E-001
  6.9044396495299887E-001  6.8162116368355119E-001  6.7242221940097113E-001  6.6242900265616222E-001  6.5183909219800451E-001
  6.4044140847120357E-001  6.2723752463780247E-001  6.1463532948064736E-001  6.0090803346555888E-001  5.8702274939504062E-001
  5.7340909037287802E-001  5.6014295513278500E-001  5.4742348396951690E-001  5.3490905425555402E-001  5.2240946522611953E-001
  5.0976479786743090E-001  4.9722240866563200E-001  4.8397046058505067E-001  4.7130175214446157E-001  4.5891967387109966E-001
  4.4706390479778912E-001  4.3606957860717466E-001  4.2636572374863979E-001  4.1771297085843051E-001  4.1001148059861392E-001
  4.0297937477733453E-001  3.9657937365615159E-001  3.9091597628513153E-001  3.8585239932171700E-001  3.8111676790095839E-001
  3.7658700304697224E-001  3.7225205037670811E-001  3.6812760145051826E-001  3.6402163245562330E-001  3.5993919640489791E-001
  3.5590157299730424E-001  3.5176845748525609E-001  3.4752954869733071E-001  3.4319889591544800E-001  3.3873717217899929E-001
  3.3412904927649723E-001
BLOCK 103   3.0632256501421718E+001
  3.1790618991636216E-001  3.1120198762364215E-001  3.0476517513197143E-001  2.9862499769153300E-001  2.9282762738208384E-001
  2.8722116774036938E-001  2.8177711045957055E-001  2.7654158442995919E-001  2.7145021947679215E-001  2.6641430261088528E-001
  2.6142051449934056E-001  2.5643649019934622E-001  2.5064547842163143E-001  2.4549069774646162E-001  2.3929071967423240E-001
  2.3254488297665699E-001  2.2520852450183027E-001  2.1727833256238280E-001  2.0886708264899784E-001  2.0030872817921291E-001
  1.9225465866171818E-001  1.8580180090689535E-001  1.8206127148176859E-001  1.8582411203731281E-001  2.0184851863641562E-001
  2.4543898997069308E-001  3.2989475016353842E-001  4.8577941926732704E-001  6.6796195822640891E-001  8.3840016726636191E-001
  9.8213090318899665E-001  1.1045056818412293E+000  1.2105272954793722E+000  1.3030856870620038E+000  1.3862946794273698E+000
  1.4597658540463174E+000  1.5236282534743488E+000  1.5798739988215842E+000  1.6292953353491884E+000  1.6724663573178229E+000
  1.7102030666358536E+000  1.7434623465554087E+000  1.7723920986570230E+000  1.7973086345188829E+000  1.8182178304467340E+000
  1.8358827563784217E+000  1.8506044530886889E+000  1.8626659669501218E+000  1.8723580747046480E+000  1.8799438945381832E+000
  1.8856927932892695E+000  1.8899210192239728E+000  1.8928971047732133E+000  1.8948835227356282E+000  1.8960932510404236E+000
  1.8966871393999785E+000  1.8968102794463606E+000  1.8965731023041978E+000  1.8960619457498102E+000  1.8954064858135282E+000
  1.8947059565376760E+000  1.8940625318634672E+000  1.8935641177562819E+000  1.8932948908369629E+000  1.8932948909456027E+000
  1.8935641181019842E+000  1.8940625324380231E+000  1.8947059573139593E+000  1.8954064867660259E+000  1.8960619468250199E+000
  1.8965731034861331E+000  1.8968102806806055E+000  1.8966871406362211E+000  1.8960932522357241E+000  1.8948835238503652E+000
  1.8928971057660360E+000  1.8899210200616399E+000  1.8856927939374000E+000  1.8799438949842500E+000  1.8723580749333679E+000
  1.8626659669404002E+000  1.8506044528345957E+000  1.8358827558576061E+000  1.8182178296184721E+000  1.7973086333539854E+000
  1.7723920971619989E+000  1.7434623447152984E+000  1.7102030644966248E+000  1.6724663549250955E+000  1.6292953326941335E+000
  1.5798739959729913E+000  1.5236282503729299E+000  1.4597658513603091E+000  1.3862946760900274E+000  1.3030856838756435E+000
  1.2105272923399415E+000  1.1045056792892753E+000  9.8213090179387230E-001  8.3840016788773220E-001  6.6796196212510683E-001
  4.8577942691692244E-001  3.2989475974223781E-001  2.4543899922638476E-001  2.0184853161913108E-001  1.8582411957389361E-001
  1.8206127724224364E-001  1.8580180519534961E-001  1.9225466260299737E-001  2.0030873161257939E-001  2.0886708570159329E-001
  2.1727833534832719E-001  2.2520852707144148E-001  2.3254488535705503E-001  2.3929072190045950E-001  2.4549069984146771E-001
  2.5064547940277104E-001  2.5643649196895313E-001  2.6142051619583218E-001  2.6641430424603374E-001  2.7145022103989663E-001
  2.7654158593924094E-001  2.8177711193954780E-001  2.8722116920221669E-001  2.9282762885350860E-001  2.9862499920981289E-001
  3.0476517666926950E-001  3.1120198919372277E-001  3.1790619152457888E-001  3.2405866717421555E-001  3.2922221193273526E-001
  3.3339245855805633E-001  3.3691207729015882E-001  3.4021020997475565E-001  3.4346369678975203E-001  3.4669263504920250E-001
  3.4990918195942405E-001  3.5317147331833876E-001  3.5665421462175478E-001  3.6022114773081293E-001  3.6403528443989158E-001
  3.6825711347576234E-001  3.7286623672316127E-001  3.7815645877433224E-001  3.8383381627965651E-001  3.9008793054155155E-001
  3.9710833883775548E-001  4.0496063762497891E-001  4.1384744425252229E-001  4.2420169769031857E-001  4.3615425356828080E-001
  4.4967309666715638E-001  4.6433315650289314E-001  4.7961981215012267E-001  4.9612263044236099E-001  5.1094020291413489E-001
  5.2608285148693357E-001  5.4093736758206956E-001  5.5568342763626677E-001  5.7063447003395407E-001  5.8516238763351225E-001
  5.9942035929273962E-001  6.1330116484278885E-001  6.2626871942794460E-001  6.3949182583614639E-001  6.5151596736737971E-001
  6.6293083415486032E-001  6.7384655040590968E-001  6.8423811839728788E-001  6.9415042461010112E-001  7.0308696542855420E-001
  7.1111963765155217E-001  7.1824686655756265E-001  7.2448280473116156E-001  7.2989387066382350E-001  7.3447534816048021E-001
  7.3823209948378132E-001  7.4130100775154317E-001  7.4379606056805225E-001  7.4573836707263130E-001  7.4722812093501390E-001
  7.4843432227435014E-001  7.4971377712101361E-001  7.5010905065220579E-001  7.5039150193386162E-001  7.5056934074162796E-001
  7.5068175305550366E-001  7.5153155651785608E-001  7.5169922739439621E-001  7.5186247705303266E-001  7.5201234839051467E-001
  7.5208188397683096E-001  7.5207075106511778E-001  7.5207075109569399E-001  7.5208188407044574E-001  7.5201234855271493E-001
  7.5186247729128586E-001  7.5169922771337727E-001  7.5153155691665796E-001  7.5068175329792530E-001  7.5056934101889639E-001
  7.5039150224243922E-001  7.5010905098591962E-001  7.4971377748583723E-001  7.4843432303754664E-001  7.4722812172858866E-001
  7.4573836788499548E-001  7.4379606138108612E-001  7.4130100854500180E-001  7.3823210023923402E-001  7.3447534885903654E-001
  7.2989387128424588E-001  7.2448280524791220E-001  7.1824686694842599E-001  7.1111963790426080E-001  7.0308696553659489E-001
  6.9415042458075282E-001  6.8423811824491076E-001  6.7384655013668981E-001  6.6293083376435546E-001  6.5151596686654101E-001
  6.3949182522992132E-001  6.2626871886180724E-001  6.1330116395630663E-001  5.9942035825557238E-001  5.8516238643238161E-001
  5.7063446861949640E-001  5.5568342596316955E-001  5.4093736571095064E-001  5.2608284941180572E-001  5.1094020058320255E-001
  4.9612262844358468E-001  4.7961980929478309E-001  4.6433315362826094E-001  4.4967309374321035E-001  4.3615425069723690E-001
  4.2420169488300746E-001  4.1384744143546770E-001  4.0496063486052480E-001  3.9710833615731606E-001  3.9008792789062874E-001
  3.8383381358008195E-001  3.7815645599794129E-001  3.7286623408814867E-001  3.6825711069867967E-001  3.6403528179753075E-001
  3.6022114504149944E-001  3.5665421207570747E-001  3.5317147081306061E-001  3.4990917954310508E-001  3.4669263283593854E-001
  3.4346369475451233E-001  3.4021020814514880E-001  3.3691207555182440E-001  3.3339245682237156E-001  3.2922221021833864E-001
  3.2405866551279372E-001
BLOCK 104   3.0932572741631784E+001
  3.0553427185188148E-001  2.9945198366965631E-001  2.9356339185532532E-001  2.8775295181542293E-001  2.8198756441848155E-001
  2.7640301122397232E-001  2.7112937792996911E-001  2.6622145734516522E-001  2.6168894328254622E-001  2.5747274867493203E-001
  2.5342023339594671E-001  2.5000000000000000E-001  2.4535983869306593E-001  2.4142504716343863E-001  2.3744925801184230E-001
  2.3316604941318447E-001  2.2792123531265082E-001  2.2055296345981462E-001  2.0999311467152096E-001  1.9643297821233047E-001
  1.8196819928587726E-001  1.7082661925952797E-001  1.6159193183749682E-001  1.5344696678893002E-001  1.4560978034114025E-001
  1.3738763336986382E-001  1.2888797719351464E-001  1.2274589977235875E-001  1.0859194731128921E-001  1.0274714581206136E-001
 -1.0000000000000000E+000 -1.0000000000000000E+000  3.9168726190012054E-001  9.7275337548995089E-001  1.1622477610822486E+000
  1.3049420441170838E+000  1.4189530699920749E+000  1.5125485547971049E+000  1.5906113371356545E+000  1.6573443438171511E+000
  1.7146829492890852E+000  1.7624487132000215E+000  1.8040436300451617E+000  1.8396895877322323E+000  1.8703420785916343E+000
  1.8961019723787811E+000  1.9178330645437540E+000  1.9360541736014723E+000  1.9507865634895911E+000  1.9629087781014394E+000
  1.9727961842018757E+000  1.9807537473373975E+000  1.9870203079282527E+000  1.9918139648557169E+000  1.9953454137876072E+000
  1.9979041336378207E+000  1.9998538908768206E+000  2.0005129789871701E+000  2.0020424060012147E+000  2.0029053005281265E+000
  2.0036721049271251E+000  2.0043212640972574E+000  2.0048054485801470E+000  2.0050625383188678E+000  2.0050624839084183E+000
  2.0048052841694921E+000  2.0043209871322518E+000  2.0036717110468718E+000  2.0029047852892616E+000  2.0020417596523394E+000
  2.0005125823865426E+000  1.9998534212660524E+000  1.9979030416104038E+000  1.9953441348631689E+000  1.9918124752860555E+000
  1.9870185735939092E+000  1.9807517192206625E+000  1.9727938040108441E+000  1.9629059850450301E+000  1.9507833347918526E+000
  1.9360505437616715E+000  1.9178290219293901E+000  1.8960973761417401E+000  1.8703367422296870E+000  1.8396834315003543E+000
  1.8040362930252691E+000  1.7624398491764697E+000  1.7146744044183380E+000  1.6573314295486181E+000  1.5905941910340879E+000
  1.5125268745584166E+000  1.4189230045603289E+000  1.3048946941331661E+000  1.1621557471763393E+000  9.7246850025926912E-001
  3.7764199890949518E-001 -1.0000000000000000E+000 -1.0000000000000000E+000  1.0184415430381821E-001  1.0903076426000005E-001
  1.2269019280772323E-001  1.2888988491312697E-001  1.3738963366265219E-001  1.4561018552072508E-001  1.5344708623558007E-001
  1.6159194013338235E-001  1.7082662138955734E-001  1.8196820567449273E-001  1.9643298818678720E-001  2.0999312783959756E-001
  2.2055297765552143E-001  2.2792124709809172E-001  2.3316605692000164E-001  2.3744926094792668E-001  2.4142504650313806E-001
  2.4535983685985674E-001  2.5000000000000000E-001  2.5342023530049018E-001  2.5747275460666552E-001  2.6168894924617470E-001
  2.6622146138375141E-001  2.7112938035159617E-001  2.7640301299946335E-001  2.8198756608526393E-001  2.8775295351545455E-001
  2.9356339362663425E-001  2.9945198549928204E-001  3.0553427364330416E-001  3.1177755987778932E-001  3.1815240336965511E-001
  3.2408811905032475E-001  3.2912384938153982E-001  3.3296197351234524E-001  3.3553140288685973E-001  3.3720540512379588E-001
  3.3837457642616031E-001  3.3960469813309685E-001  3.4133416806606098E-001  3.4367885535592235E-001  3.4667601128596948E-001
  3.5000151428460125E-001  3.5366279196862038E-001  3.5781287163044184E-001  3.6255685293654244E-001  3.6823387763741744E-001
  3.7470840507373204E-001  3.8236954343595486E-001  3.9096898959713672E-001  4.0061924410707972E-001  4.1150820402841032E-001
  4.2404506982736800E-001  4.3854533749712821E-001  4.5477050673941621E-001  4.7225783105688074E-001  4.9287371210382064E-001
  5.0968601047849127E-001  5.2778315305612444E-001  5.4565400881488357E-001  5.6380844897015692E-001  5.8124087855128392E-001
  5.9795922547036928E-001  6.1379948428062547E-001  6.2872137037006381E-001  6.4242171497175304E-001  6.5503289706799406E-001
  6.6669628716671581E-001  6.7761162032180222E-001  6.8838593070247112E-001  6.9849105414412838E-001  7.0814218043133736E-001
  7.1713297054998137E-001  7.2537058266242815E-001  7.3281566715858670E-001  7.3943201424816007E-001  7.4514926713363727E-001
  7.4994093719577581E-001  7.5375427724174426E-001  7.5683513184274320E-001  7.5920339090264877E-001  7.6096402338799329E-001
  7.6221231907628550E-001  7.6299938411859425E-001  7.6336658216242481E-001  7.6337705904271946E-001  7.6306258042931296E-001
  7.6248491203917390E-001  7.6178497127020495E-001  7.6106599344199199E-001  7.6035996651748483E-001  7.5971818404136759E-001
  7.5920939857801550E-001  7.5891151863000972E-001  7.5891151868733830E-001  7.5920939875526261E-001  7.5971818433867311E-001
  7.6035996692911267E-001  7.6106599395454078E-001  7.6178497186590699E-001  7.6248491270863206E-001  7.6306258116623038E-001
  7.6337705982834259E-001  7.6336658296673909E-001  7.6299938493597808E-001  7.6221231996776861E-001  7.6096402437528443E-001
  7.5920339201041365E-001  7.5683513332644370E-001  7.5375427864911471E-001  7.4994093794304106E-001  7.4514926816749738E-001
  7.3943201483039889E-001  7.3281566766363104E-001  7.2537058313395208E-001  7.1713297098662709E-001  7.0814218083786107E-001
  6.9849105449605642E-001  6.8838593102256906E-001  6.7761162024205790E-001  6.6669628688307314E-001  6.5503289666505748E-001
  6.4242171476565968E-001  6.2872136830799841E-001  6.1379948429413600E-001  5.9795922472691621E-001  5.8124087711359773E-001
  5.6380844701111477E-001  5.4565400604993652E-001  5.2778315025012601E-001  5.0968600851610957E-001  4.9287371505537386E-001
  4.7225782878728406E-001  4.5477050329014573E-001  4.3854533470307694E-001  4.2404506682622767E-001  4.1150820091972873E-001
  4.0061924083695011E-001  3.9096898621095877E-001  3.8236954044310112E-001  3.7470840270639116E-001  3.6823387512297917E-001
  3.6255685024368506E-001  3.5781286871197204E-001  3.5366278888400199E-001  3.5000151105767319E-001  3.4667600822370481E-001
  3.4367885245987251E-001  3.4133416527405480E-001  3.3960469549149874E-001  3.3837457379774694E-001  3.3720540266139143E-001
  3.3553140050242947E-001  3.3296197117252491E-001  3.2912384708975934E-001  3.2408811690281680E-001  3.1815240173930565E-001
  3.1177755862386969E-001
BLOCK 105   3.1232888981841850E+001
  2.9608899432327157E-001  2.9022246257804840E-001  2.8427638798286337E-001  2.7850286049873241E-001  2.7298438666020142E-001
  2.6772006828895784E-001  2.6272876659410260E-001  2.5796248370944158E-001  2.5325955518158039E-001  2.4855588508774165E-001
  2.4466595884878900E-001  2.4224862861043744E-001  2.4204224406820607E-001  2.4392001984226611E-001  2.4647850681775463E-001
  2.4736634050754269E-001  2.4414439072958632E-001  2.3512048740331304E-001  2.2003394445447383E-001  2.0070751083893096E-001
  1.8150545946402480E-001  1.6745444586092134E-001  1.5627294655228879E-001  1.4743984709710611E-001  1.4045083199506642E-001
  1.3536319595203702E-001  1.3325769712244928E-001  1.3569541689673278E-001  1.4331569414149326E-001  1.4864509272334048E-001
  1.3681626679693931E-001  9.9023922281413157E-002 -1.0000000000000000E+000 -1.0000000000000000E+000 -1.0000000000000000E+000
 -1.0000000000000000E+000 -1.0000000000000000E+000  1.0723853784594091E+000  1.3660704347640300E+000  1.5251930523798707E+000
  1.6392603959110708E+000  1.7288163172520974E+000  1.8007667501303548E+000  1.8610885071498995E+000  1.9103874775006280E+000
  1.9514799970011933E+000  1.9859655677725183E+000  2.0149261474877211E+000  2.0391309760514651E+000  2.0594881458329497E+000
  2.0760998754340796E+000  2.0896349835690167E+000  2.1006948601672057E+000  2.1097170503690266E+000  2.1171509574577922E+000
  2.1233891234472293E+000  2.1286426921005401E+000  2.1330020651718451E+000  2.1365829114322303E+000  2.1394594927428652E+000
  2.1416149684383514E+000  2.1431111547326012E+000  2.1440419629686884E+000  2.1444600531548037E+000  2.1444597021844096E+000
  2.1440408526029890E+000  2.1431092411247765E+000  2.1416122451836341E+000  2.1394559366959638E+000  2.1365784702359911E+000
  2.1329965908148645E+000  2.1286360914771012E+000  2.1233813012963738E+000  2.1171418663643986E+000  2.1097065601795588E+000
  2.1006829168202130E+000  2.0896215080279759E+000  2.0760846193858402E+000  2.0594706373216756E+000  2.0391105720822940E+000
  2.0149025404541212E+000  1.9859380444891190E+000  1.9514492122361382E+000  1.9103536886994292E+000  1.8610480636451812E+000
  1.8007111287287505E+000  1.7287169364169679E+000  1.6390472869289818E+000  1.5247915684530056E+000  1.3655279946536287E+000
  1.0727006853369609E+000 -1.0000000000000000E+000 -1.0000000000000000E+000 -1.0000000000000000E+000 -1.0000000000000000E+000
 -1.0000000000000000E+000  9.6598959292662046E-002  1.3704761110044655E-001  1.5036127151128909E-001  1.4463079552221381E-001
  1.3626398268329423E-001  1.3325693205305217E-001  1.3518917046895224E-001  1.4033184901731377E-001  1.4740220118980321E-001
  1.5627479205789835E-001  1.6746244010534642E-001  1.8150941977438861E-001  2.0070826326556615E-001  2.2003369667872089E-001
  2.3512022577094613E-001  2.4414428852529724E-001  2.4736632594358521E-001  2.4647851540199736E-001  2.4392002888221059E-001
  2.4204224927526660E-001  2.4224862793624305E-001  2.4466595484661743E-001  2.4855588451692551E-001  2.5325956020674123E-001
  2.5796249728445253E-001  2.6272877935263628E-001  2.6772007682064897E-001  2.7298439190024665E-001  2.7850286336604890E-001
  2.8427638880868417E-001  2.9022246275012797E-001  2.9608899511041925E-001  3.0171562052055934E-001  3.0728559957343982E-001
  3.1288703579307997E-001  3.1837208776530884E-001  3.2326338162178764E-001  3.2718786520946885E-001  3.2996230980434588E-001
  3.3141820840516267E-001  3.3178132777786479E-001  3.3139881930886905E-001  3.3076241571118620E-001  3.3037199440672932E-001
  3.3062437947596129E-001  3.3195906157054050E-001  3.3448708270122501E-001  3.3817085908999950E-001  3.4303772497276752E-001
  3.4890782908469226E-001  3.5590219205644569E-001  3.6407468514656494E-001  3.7290844575913812E-001  3.8406862420763282E-001
  3.9622730477705564E-001  4.0965389923528567E-001  4.2456608317774525E-001  4.4191584925647071E-001  4.6163048324370592E-001
  4.8270527910097438E-001  5.0449725300888459E-001  5.2699026186679365E-001  5.4851462932231887E-001  5.7003962901511140E-001
  5.9067024542488733E-001  6.1019232290900838E-001  6.2864867476157182E-001  6.4519308962963162E-001  6.6025484418620028E-001
  6.7356859813060943E-001  6.8570364875211065E-001  6.9722904593048751E-001  7.0792953253618995E-001  7.1788804519747951E-001
  7.2707129685785010E-001  7.3554872530025861E-001  7.4330974258119742E-001  7.5019429926874159E-001  7.5650125852461092E-001
  7.6212653183814694E-001  7.6711999282451693E-001  7.7132786420361443E-001  7.7461850648842823E-001  7.7695345780877767E-001
  7.7836608834936927E-001  7.7890270683681728E-001  7.7866554385128106E-001  7.7783507059656054E-001  7.7660388005970482E-001
  7.7514570164388175E-001  7.7363068890936593E-001  7.7217890436194536E-001  7.7085786638067144E-001  7.6974822321637770E-001
  7.6893672553206183E-001  7.6849926944990343E-001  7.6849926946358005E-001  7.6893672567162419E-001  7.6974822346231853E-001
  7.7085786662721023E-001  7.7217890467788841E-001  7.7363068917482236E-001  7.7514570198684718E-001  7.7660388035984507E-001
  7.7783507111247063E-001  7.7866554472028038E-001  7.7890270808209561E-001  7.7836608987727296E-001  7.7695345946406091E-001
  7.7461850822129641E-001  7.7132786593451719E-001  7.6711999466061964E-001  7.6212653445662515E-001  7.5650126221197045E-001
  7.5019430300669820E-001  7.4330974593045307E-001  7.3554872709325958E-001  7.2707129801569037E-001  7.1788804585473709E-001
  7.0792953284206939E-001  6.9722904635169836E-001  6.8570364890065993E-001  6.7356859788854995E-001  6.6025484409193258E-001
  6.4519309113493262E-001  6.2864868220376158E-001  6.1019232606691698E-001  5.9067024738888962E-001  5.7003963010105529E-001
  5.4851462877306967E-001  5.2699026018799700E-001  5.0449724967153808E-001  4.8270526735366553E-001  4.6163048242698967E-001
  4.4191584700084924E-001  4.2456607936322360E-001  4.0965389510087241E-001  3.9622730145527757E-001  3.8406862207216769E-001
  3.7290844314808363E-001  3.6407468327958503E-001  3.5590218977255766E-001  3.4890782647267615E-001  3.4303772237284025E-001
  3.3817085624379117E-001  3.3448707974755104E-001  3.3195905846099028E-001  3.3062437604299816E-001  3.3037199071269802E-001
  3.3076241172932752E-001  3.3139881506217955E-001  3.3178132355564660E-001  3.3141820459247329E-001  3.2996230669610377E-001
  3.2718786233718905E-001  3.2326337865023980E-001  3.1837208599500677E-001  3.1288703583191702E-001  3.0728559712531606E-001
  3.0171561912744643E-001
BLOCK 106   3.1533205222051915E+001
  2.8816768909568885E-001  2.8278642844118890E-001  2.7754662222940918E-001  2.7228385044129610E-001  2.6666555222338451E-001
  2.6016958953647851E-001  2.5244258711536999E-001  2.4398285253483121E-001  2.3649687586208959E-001  2.3184085134301585E-001
  2.3165000741624578E-001  2.3665994171493229E-001  2.4612897125502595E-001  2.5746821460152153E-001  2.6752317656258362E-001
  2.7310622375026339E-001  2.7128856879527841E-001  2.5990901298643726E-001  2.3797790166420246E-001  2.0802781441634582E-001
  1.7661280002406243E-001  1.5484572884987069E-001  1.4124437746248211E-001  1.2949291439705579E-001  1.1568214626124110E-001
  6.9476830473160972E-002 -1.0000000000000000E+000  9.3085729709537629E-002  1.6299045845103033E-001  1.6818762505165111E-001
  1.5125287444313468E-001  1.4281234812826060E-001 -1.0000000000000000E+000 -1.0000000000000000E+000 -1.0000000000000000E+000
 -1.0000000000000000E+000 -1.0000000000000000E+000 -1.0000000000000000E+000 -1.0000000000000000E+000 -1.0000000000000000E+000
  4.8952336030896132E-001  1.1878437403628481E+000  1.5128562990833496E+000  1.7106960258273938E+000  1.8449232625624541E+000
  1.9410501528970332E+000  2.0152496287054320E+000  2.0735202431504649E+000  2.1201396869022022E+000  2.1579115010683316E+000
  2.1892870117763814E+000  2.2146371764655735E+000  2.2359287151435230E+000  2.2537612321508260E+000  2.2686457302605572E+000
  2.2810467468131419E+000  2.2914598990808415E+000  2.3001776946662456E+000  2.3073816661932911E+000  2.3132852666040007E+000
  2.3178443683433043E+000  2.3211701172240189E+000  2.3233964019548452E+000  2.3245125925969727E+000  2.3245115783695667E+000
  2.3233933143134107E+000  2.3211649615062360E+000  2.3178371586172188E+000  2.3132759149752760E+000  2.3073700717242689E+000
  2.3001637392929486E+000  2.2914433498693056E+000  2.2810274300657225E+000  2.2686241415541235E+000  2.2537390434157070E+000
  2.2359087488981393E+000  2.2146199530134987E+000  2.1892658346848513E+000  2.1578633367957094E+000  2.1200466259397892E+000
  2.0733251369170911E+000  2.0149684402024168E+000  1.9407193918781132E+000  1.8446095352976417E+000  1.7104558192191677E+000
  1.5129611636342033E+000  1.1891326007354612E+000  4.9471255583536233E-001 -1.0000000000000000E+000 -1.0000000000000000E+000
 -1.0000000000000000E+000 -1.0000000000000000E+000 -1.0000000000000000E+000 -1.0000000000000000E+000 -1.0000000000000000E+000
 -1.0000000000000000E+000  1.3988380657338614E-001  1.4804261469365276E-001  1.6813716173463833E-001  1.5858799488693134E-001
  1.0912799801270914E-001 -1.0000000000000000E+000  7.2279277273077758E-002  1.0884978216914140E-001  1.2637380474742937E-001
  1.4096833487983640E-001  1.5544458997160812E-001  1.7706198842885112E-001  2.0822634066978871E-001  2.3803563840660005E-001
  2.5991430995061637E-001  2.7128008830180655E-001  2.7309468589318137E-001  2.6751474236624867E-001  2.5746465903107929E-001
  2.4612882264601377E-001  2.3666095790691599E-001  2.3165070515842184E-001  2.3184105715351827E-001  2.3649686607730175E-001
  2.4398282467041799E-001  2.5244258863017455E-001  2.6016959786529859E-001  2.6666556702762167E-001  2.7228387409605936E-001
  2.7754664298817711E-001  2.8278643807248455E-001  2.8816768949308458E-001  2.9372047249326527E-001  2.9928237429699889E-001
  3.0465222159520561E-001  3.0961055884981803E-001  3.1436157145696120E-001  3.1849078574900175E-001  3.2162808904541862E-001
  3.2355136108784793E-001  3.2418155811843807E-001  3.2350642995930456E-001  3.2171346443265320E-001  3.1921415864213359E-001
  3.1652471415428035E-001  3.1423060287275800E-001  3.1281382280638181E-001  3.1263951272107160E-001  3.1415643143313449E-001
  3.1752200922856633E-001  3.2261617104648904E-001  3.2948896764166413E-001  3.3794556579014967E-001  3.4809861615409554E-001
  3.6039259633659898E-001  3.7406488476137123E-001  3.8986844146048405E-001  4.0685117714564645E-001  4.2565721607776708E-001
  4.4782389314045601E-001  4.7182639924273723E-001  4.9735351839685066E-001  5.2311802656407813E-001  5.4823917133208611E-001
  5.7349323829540455E-001  5.9768054279109706E-001  6.2027063985384945E-001  6.4173040358856093E-001  6.6097031078439528E-001
  6.7813870063357518E-001  6.9413484941199821E-001  7.0855645373814269E-001  7.2161203714089539E-001  7.3333268622790782E-001
  7.4360663631192792E-001  7.5252543409341832E-001  7.6037332460460949E-001  7.6741047376462768E-001  7.7365765727344249E-001
  7.7911518969403348E-001  7.8376218187743119E-001  7.8758398874851876E-001  7.9058795982616015E-001  7.9274770357412794E-001
  7.9408476829959207E-001  7.9470303692564237E-001  7.9465717730268981E-001  7.9392099680289085E-001  7.9253087922811494E-001
  7.9065806405438488E-001  7.8853526686423225E-001  7.8638309447980459E-001  7.8440676175155966E-001  7.8279593738264219E-001
  7.8167634264103358E-001  7.8110376466195031E-001  7.8110376448195440E-001  7.8167634217573845E-001  7.8279593665392133E-001
  7.8440676090309802E-001  7.8638309377622650E-001  7.8853526639556981E-001  7.9065806385614079E-001  7.9253087917570564E-001
  7.9392099684926087E-001  7.9465717727384666E-001  7.9470303675368181E-001  7.9408476831617525E-001  7.9274770439645481E-001
  7.9058796178630630E-001  7.8758399178666361E-001  7.8376218599739778E-001  7.7911519466113499E-001  7.7365766457380825E-001
  7.6741048411710788E-001  7.6037333301814025E-001  7.5252543519415960E-001  7.4360664192438619E-001  7.3333269071985985E-001
  7.2161203983466382E-001  7.0855645507434406E-001  6.9413485015432630E-001  6.7813870182580782E-001  6.6097031710386855E-001
  6.4173041570485156E-001  6.2027065703486062E-001  5.9768055539132081E-001  5.7349325102023629E-001  5.4823918543862549E-001
  5.2311803890287834E-001  4.9735351973008546E-001  4.7182640784648244E-001  4.4782389128132993E-001  4.2565721478339952E-001
  4.0685117813027638E-001  3.8986844250007824E-001  3.7406487999556159E-001  3.6039259635833770E-001  3.4809861772651052E-001
  3.3794556719656260E-001  3.2948896783246762E-001  3.2261617065853643E-001  3.1752200798336722E-001  3.1415642788636938E-001
  3.1263950721880096E-001  3.1281381623707288E-001  3.1423059579699608E-001  3.1652470680021588E-001  3.1921415070972375E-001
  3.2171345598147194E-001  3.2350642239100436E-001  3.2418155292106876E-001  3.2355135763026732E-001  3.2162808527450959E-001
  3.1849078189593738E-001  3.1436156886602529E-001  3.0961056042985768E-001  3.0465222394649460E-001  2.9928237805634933E-001
  2.9372047625857478E-001
BLOCK 107   3.1833521462261981E+001
  2.8656536996511872E-001  2.8187992956871438E-001  2.7587522175837198E-001  2.6765279659379748E-001  2.5656612772340337E-001
  2.4232458469356166E-001  2.2728278440471400E-001  2.1339847910800033E-001  2.0403895028654132E-001  2.0269250248814458E-001
  2.1260135993226867E-001  2.3442130841999204E-001  2.6387984224215633E-001  2.9409330319581217E-001  3.1910853033912273E-001
  3.3341714402156097E-001  3.4771346385651170E-001  3.4730405827199251E-001  2.4528011502064223E-001 -1.0000000000000000E+000
 -1.0000000000000000E+000 -1.0000000000000000E+000 -1.0000000000000000E+000 -1.0000000000000000E+000 -1.0000000000000000E+000
 -1.0000000000000000E+000 -1.0000000000000000E+000 -1.0000000000000000E+000 -1.0000000000000000E+000 -1.0000000000000000E+000
 -1.0000000000000000E+000 -1.0000000000000000E+000 -1.0000000000000000E+000  1.3743265343797975E-001  2.1942189168231918E-001
  8.4047396196409607E-002 -1.0000000000000000E+000 -1.0000000000000000E+000 -1.0000000000000000E+000 -1.0000000000000000E+000
 -1.0000000000000000E+000 -1.0000000000000000E+000 -1.0000000000000000E+000  1.9563519925063472E-001  7.5149231229765759E-002
  1.4693570969378826E+000  1.7038984466156102E+000  1.8869587183118979E+000  2.0316282130463210E+000  2.1479670316732928E+000
  2.2395848177513193E+000  2.3097572018478925E+000  2.3664107081709478E+000  2.4109665806148173E+000  2.4468307771664159E+000
  2.4742587460387879E+000  2.4961151441483009E+000  2.5136129339933770E+000  2.5275540873251980E+000  2.5387754962899693E+000
  2.5475640556582966E+000  2.5540016632282456E+000  2.5582528902158010E+000  2.5604415666962330E+000  2.5604370167784682E+000
  2.5582396495447819E+000  2.5539819758673845E+000  2.5475422479054766E+000  2.5387562639552361E+000  2.5275363945189251E+000
  2.5135837413883300E+000  2.4960513148849013E+000  2.4741385764575266E+000  2.4466437507803640E+000  2.4107188739562870E+000
  2.3661277133350147E+000  2.3094414690712042E+000  2.2392470737648482E+000  2.1476575244423874E+000  2.0314333280445469E+000
  1.8869479613091238E+000  1.7040659507691973E+000  1.4696868407016461E+000  1.1588752660414663E+000  1.9302502990202333E-001
 -1.0000000000000000E+000 -1.0000000000000000E+000 -1.0000000000000000E+000 -1.0000000000000000E+000 -1.0000000000000000E+000
 -1.0000000000000000E+000 -1.0000000000000000E+000 -1.0000000000000000E+000  2.1950225045613500E-001  2.0023058778499409E-001
  1.5838341745666001E-001 -1.0000000000000000E+000 -1.0000000000000000E+000 -1.0000000000000000E+000 -1.0000000000000000E+000
 -1.0000000000000000E+000 -1.0000000000000000E+000 -1.0000000000000000E+000 -1.0000000000000000E+000 -1.0000000000000000E+000
 -1.0000000000000000E+000 -1.0000000000000000E+000 -1.0000000000000000E+000 -1.0000000000000000E+000  2.1395254961871735E-001
  3.4707156584659110E-001  3.5454984174029597E-001  3.3684623795710261E-001  3.1998848993169404E-001  2.9430711143678451E-001
  2.6374700722448990E-001  2.3435326545655760E-001  2.1260632807322397E-001  2.0271537089696237E-001  2.0405618083206917E-001
  2.1340710286917133E-001  2.2728510026281959E-001  2.4232396028776867E-001  2.5656461103944395E-001  2.6765188923121308E-001
  2.7587499196179072E-001  2.8187999408495723E-001  2.8656547180599223E-001  2.9075078177240787E-001  2.9502241738135015E-001
  2.9964923907132590E-001  3.0446213667183486E-001  3.0910354730727191E-001  3.1318933306996011E-001  3.1626297540051268E-001
  3.1810150793733771E-001  3.1852508830919868E-001  3.1743765421977183E-001  3.1483794551207472E-001  3.1091357348739962E-001
  3.0634622316240778E-001  3.0140072562078374E-001  2.9654234475995223E-001  2.9216223793692958E-001  2.8867754752796559E-001
  2.8658673403280233E-001  2.8624557267104839E-001  2.8793085846628241E-001  2.9200127376899065E-001  2.9833669912425620E-001
  3.0874100022536971E-001  3.2260890395392505E-001  3.3833899378892146E-001  3.5694964495149567E-001  3.7791311711577358E-001
  4.0207753434243043E-001  4.2687795663763273E-001  4.5446742066951878E-001  4.8378106325443804E-001  5.1485291799732202E-001
  5.4417300464724372E-001  5.7302453924449814E-001  6.0101212296154649E-001  6.2780976746793871E-001  6.5322429762095469E-001
  6.7616494937919192E-001  6.9739891818717259E-001  7.1693146339488578E-001  7.3465545759268980E-001  7.5039050938127083E-001
  7.6408403076946252E-001  7.7575462636173320E-001  7.8547143675998687E-001  7.9334575920414430E-001  7.9953024331694456E-001
  8.0423943857764990E-001  8.0764080592252563E-001  8.0990247995305897E-001  8.1129008152994631E-001  8.1203571416579923E-001
  8.1224961472524193E-001  8.1196483142199771E-001  8.1121700907110228E-001  8.1008181640853894E-001  8.0863843645898881E-001
  8.0695539762702750E-001  8.0513008024741284E-001  8.0329768427798887E-001  8.0158128374029214E-001  8.0009358976593015E-001
  7.9897877178517318E-001  7.9838139450863754E-001  7.9838139432363275E-001  7.9897877075528712E-001  8.0009358774735251E-001
  8.0158128070309487E-001  8.0329768020824732E-001  8.0513007542493065E-001  8.0695539272011230E-001  8.0863843198324115E-001
  8.1008181257829182E-001  8.1121700598630508E-001  8.1196482965596894E-001  8.1224961540576091E-001  8.1203571785992090E-001
  8.1129008663036584E-001  8.0990248441849255E-001  8.0764080893782719E-001  8.0423943812343635E-001  7.9953023996285355E-001
  7.9334575805974339E-001  7.8547144076260556E-001  7.7575464586505927E-001  7.6408408422952590E-001  7.5039054433217778E-001
  7.3465550135174351E-001  7.1693148604552936E-001  6.9739892783074253E-001  6.7616496020039685E-001  6.5322433962672422E-001
  6.2780981102515387E-001  6.0101218194951900E-001  5.7302458657188560E-001  5.4417305866838905E-001  5.1485301895303182E-001
  4.8378106033960872E-001  4.5446746259837134E-001  4.2687799144777239E-001  4.0207757421132051E-001  3.7791316107579703E-001
  3.5694965513905813E-001  3.3833901848876474E-001  3.2260892398417618E-001  3.0874100784727615E-001  2.9833669594000078E-001
  2.9200126836702162E-001  2.8793085189819789E-001  2.8624556378675231E-001  2.8658672285820797E-001  2.8867753443630340E-001
  2.9216222615488036E-001  2.9654233847644684E-001  3.0140072125405315E-001  3.0634620337929941E-001  3.1091353778763503E-001
  3.1483787318538803E-001  3.1743760822215394E-001  3.1852506760819899E-001  3.1810150466458648E-001  3.1626299005162589E-001
  3.1318936031285011E-001  3.0910355096155528E-001  3.0446213081413526E-001  2.9964922129207611E-001  2.9502238136592301E-001
  2.9075071600427316E-001
BLOCK 108   3.2133837702472043E+001
  2.9477524011311806E-001  2.8703536214036818E-001  2.7554344609591686E-001  2.5899606514333384E-001  2.3633672939258671E-001
  2.0085446691608594E-001  1.6890435598263268E-001  1.4278923720338335E-001  1.2000511635210630E-001  1.2827882695456852E-001
  2.3107611157915489E-001  4.0497478356441774E-001  4.4418679855282928E-001  4.3908826141406182E-001  3.8620909275313131E-001
  2.7040149360627647E-001 -1.0000000000000000E+000 -1.0000000000000000E+000 -1.0000000000000000E+000 -1.0000000000000000E+000
 -1.0000000000000000E+000 -1.0000000000000000E+000 -1.0000000000000000E+000 -1.0000000000000000E+000 -1.0000000000000000E+000
 -1.0000000000000000E+000 -1.0000000000000000E+000 -1.0000000000000000E+000 -1.0000000000000000E+000  2.2055534177278160E-001
  2.1574675409874366E-001 -1.0000000000000000E+000 -1.0000000000000000E+000 -1.0000000000000000E+000 -1.0000000000000000E+000
 -1.0000000000000000E+000 -1.0000000000000000E+000 -1.0000000000000000E+000 -1.0000000000000000E+000 -1.0000000000000000E+000
 -1.0000000000000000E+000 -1.0000000000000000E+000 -1.0000000000000000E+000 -1.0000000000000000E+000 -1.0000000000000000E+000
 -1.0000000000000000E+000  9.3995368464581974E-001  1.3207986714540110E+000  1.5674029956486673E+000  1.7918945970952005E+000
  1.9847952687232522E+000  2.1518179701570785E+000  2.2953855789067399E+000  2.4193587943417367E+000  2.5244585543097302E+000
  2.6125083902799680E+000  2.6851654718701341E+000  2.7434161039438454E+000  2.7893288580899318E+000  2.8242934686547625E+000
  2.8484466727608808E+000  2.8641753809289101E+000  2.8734903415210615E+000  2.8778504992928666E+000  2.8778328389725649E+000
  2.8734294568568184E+000  2.8640544971906530E+000  2.8482569833144691E+000  2.8240427281265217E+000  2.7890242804625833E+000
  2.7430918917385263E+000  2.6848126587259031E+000  2.6121627244812911E+000  2.5241715817369252E+000  2.4191022077658904E+000
  2.2951656426332816E+000  2.1516362191131959E+000  1.9846093223597827E+000  1.7913954484172407E+000  1.5659471117711139E+000
  1.3189837764487535E+000  9.2653762139203932E-001 -1.0000000000000000E+000 -1.0000000000000000E+000 -1.0000000000000000E+000
 -1.0000000000000000E+000 -1.0000000000000000E+000 -1.0000000000000000E+000  2.2876713167042867E-001  2.0491218511159809E-001
 -1.0000000000000000E+000 -1.0000000000000000E+000 -1.0000000000000000E+000 -1.0000000000000000E+000 -1.0000000000000000E+000
 -1.0000000000000000E+000 -1.0000000000000000E+000 -1.0000000000000000E+000 -1.0000000000000000E+000 -1.0000000000000000E+000
 -1.0000000000000000E+000 -1.0000000000000000E+000 -1.0000000000000000E+000 -1.0000000000000000E+000 -1.0000000000000000E+000
 -1.0000000000000000E+000 -1.0000000000000000E+000 -1.0000000000000000E+000 -1.0000000000000000E+000 -1.0000000000000000E+000
 -1.0000000000000000E+000 -1.0000000000000000E+000  2.6298990871606498E-001  3.8147947905842305E-001  4.3506680302683509E-001
  4.4389789384747780E-001  4.0982661164692813E-001  2.4404287441398592E-001  1.2993650110850119E-001  1.1877120603748406E-001
  1.4214076783449764E-001  1.6887790408644959E-001  2.0101366687412936E-001  2.3645875564741814E-001  2.5906240693773480E-001
  2.7555800919274720E-001  2.8702765125288021E-001  2.9476537964276639E-001  2.9981993816152380E-001  3.0318527658032024E-001
  3.0572246848380502E-001  3.0810316634997903E-001  3.1076089971385168E-001  3.1353687992222146E-001  3.1574156822148752E-001
  3.1708669845504051E-001  3.1711115953883384E-001  3.1547787030026059E-001  3.1211914347189718E-001  3.0738175749817798E-001
  3.0124750978194248E-001  2.9411821053382636E-001  2.8638992548273490E-001  2.7847058963415866E-001  2.7078501188118331E-001
  2.6376288584393304E-001  2.5783030632632609E-001  2.5333599238961058E-001  2.5029903100877399E-001  2.5000000000000000E-001
  2.5156037036099654E-001  2.5617956260041302E-001  2.6403796023619464E-001  2.7602853183360387E-001  2.9277934061741318E-001
  3.1622843057940242E-001  3.4621743942228556E-001  3.8160124892784575E-001  4.1964856593776106E-001  4.5728036095836605E-001
  4.9482233289670524E-001  5.3189685775555151E-001  5.6721003313212337E-001  6.0156516621769407E-001  6.3446509749481150E-001
  6.6499850006656658E-001  6.9344161225901257E-001  7.1991521368225941E-001  7.4411961043702590E-001  7.6582820043283872E-001
  7.8487154070580634E-001  8.0096365095168243E-001  8.1363815787715277E-001  8.2375620467816812E-001  8.3141500267924651E-001
  8.3681662130994738E-001  8.4013756379773330E-001  8.4162788224799578E-001  8.4159745349603887E-001  8.4037413189447630E-001
  8.3829770512425117E-001  8.3568806570345755E-001  8.3282655996122035E-001  8.2996254920768131E-001  8.2735111166045772E-001
  8.2517887930881739E-001  8.2351805873855932E-001  8.2231297991084240E-001  8.2147737682492783E-001  8.2088777309345584E-001
  8.2044780443050414E-001  8.2017966602698245E-001  8.2017966814751131E-001  8.2044780257565930E-001  8.2088778922296335E-001
  8.2147740568838101E-001  8.2231301593840733E-001  8.2351810109544943E-001  8.2517892358410982E-001  8.2735115182176733E-001
  8.2996258437677395E-001  8.3282658666699039E-001  8.3568808218854529E-001  8.3829770907705436E-001  8.4037412451350846E-001
  8.4159743988867208E-001  8.4162786944147616E-001  8.4013755471060936E-001  8.3681661176949196E-001  8.3141498580497830E-001
  8.2375618785519145E-001  8.1363815428404118E-001  8.0096366579432787E-001  7.8487148006895158E-001  7.6582801206045159E-001
  7.4411952423897432E-001  7.1991508354872114E-001  6.9344153063483482E-001  6.6499847866156958E-001  6.3446484102937339E-001
  6.0156493935644884E-001  5.6720989835667923E-001  5.3189670263141986E-001  4.9482204197783952E-001  4.5728010386969853E-001
  4.1964831007753428E-001  3.8160097970398188E-001  3.4621736556547611E-001  3.1622831755771824E-001  2.9277929577899997E-001
  2.7602852675981837E-001  2.6403795527510554E-001  2.5617955466956815E-001  2.5156035713256641E-001  2.5000000000000000E-001
  2.5029904588525453E-001  2.5333603825502793E-001  2.5783036536919096E-001  2.6376294787382781E-001  2.7078507696814291E-001
  2.7847060555755465E-001  2.8638985340830103E-001  2.9411806570463872E-001  3.0124739876577228E-001  3.0738176714767446E-001
  3.1211922916195073E-001  3.1547818839655306E-001  3.1711145027530374E-001  3.1708677049363382E-001  3.1574142574101460E-001
  3.1353646811227476E-001  3.1076054243440804E-001  3.0810268583622835E-001  3.0572247214833964E-001  3.0318721876624705E-001
  2.9982562515048150E-001
BLOCK 109   3.2391251622652099E+001
  3.1761202651325482E-001  3.0765155218732626E-001  2.9319027609282333E-001  2.2588060825269193E-001 -1.0000000000000000E+000
 -1.0000000000000000E+000 -1.0000000000000000E+000 -1.0000000000000000E+000  2.0039193263721131E-001  3.9302184524636002E-001
  4.4945562891020202E-001  4.5643255001263433E-001  4.1401085933043347E-001  2.9879062239214282E-001 -1.0000000000000000E+000
 -1.0000000000000000E+000 -1.0000000000000000E+000 -1.0000000000000000E+000 -1.0000000000000000E+000 -1.0000000000000000E+000
 -1.0000000000000000E+000  2.0953826527917802E-001  2.2695402716143140E-001  1.5361939410525716E-001 -1.0000000000000000E+000
 -1.0000000000000000E+000 -1.0000000000000000E+000 -1.0000000000000000E+000 -1.0000000000000000E+000 -1.0000000000000000E+000
 -1.0000000000000000E+000 -1.0000000000000000E+000 -1.0000000000000000E+000 -1.0000000000000000E+000 -1.0000000000000000E+000
 -1.0000000000000000E+000 -1.0000000000000000E+000 -1.0000000000000000E+000 -1.0000000000000000E+000 -1.0000000000000000E+000
 -1.0000000000000000E+000 -1.0000000000000000E+000 -1.0000000000000000E+000 -1.0000000000000000E+000 -1.0000000000000000E+000
 -1.0000000000000000E+000 -1.0000000000000000E+000 -1.0000000000000000E+000  8.9724665231955858E-001  1.3124972061469491E+000
  1.6411254429454440E+000  1.8750281341292183E+000  2.0728638910875454E+000  2.2630480546782055E+000  2.4371659665713623E+000
  2.5917239156296463E+000  2.7281943680940541E+000  2.8470852657110943E+000  2.9490620885951078E+000  3.0352163926672842E+000
  3.1055013447499018E+000  3.1584306875155757E+000  3.1965230077002200E+000  3.2148119246720106E+000  3.2147626944141967E+000
  3.1963898964453414E+000  3.1582674369844561E+000  3.1052303630402478E+000  3.0349440676309216E+000  2.9488574071719271E+000
  2.8468756683882983E+000  2.7280537028496439E+000  2.5916511587252882E+000  2.4371298677254063E+000  2.2629274632523066E+000
  2.0725969934833528E+000  1.8734841929808617E+000  1.6354545340544875E+000  1.3223226444054630E+000  2.1806534450362039E-001
  5.1843451360844939E-001 -1.0000000000000000E+000 -1.0000000000000000E+000 -1.0000000000000000E+000 -1.0000000000000000E+000
 -1.0000000000000000E+000 -1.0000000000000000E+000 -1.0000000000000000E+000 -1.0000000000000000E+000 -1.0000000000000000E+000
 -1.0000000000000000E+000 -1.0000000000000000E+000 -1.0000000000000000E+000 -1.0000000000000000E+000 -1.0000000000000000E+000
 -1.0000000000000000E+000 -1.0000000000000000E+000 -1.0000000000000000E+000 -1.0000000000000000E+000 -1.0000000000000000E+000
 -1.0000000000000000E+000 -1.0000000000000000E+000 -1.0000000000000000E+000 -1.0000000000000000E+000 -1.0000000000000000E+000
 -1.0000000000000000E+000 -1.0000000000000000E+000 -1.0000000000000000E+000 -1.0000000000000000E+000 -1.0000000000000000E+000
 -1.0000000000000000E+000 -1.0000000000000000E+000 -1.0000000000000000E+000 -1.0000000000000000E+000  2.8732229676570431E-001
  4.0743121305593216E-001  4.5499876951621554E-001  4.5262889509784654E-001  4.0520604859024290E-001  2.1007073432917234E-001
 -1.0000000000000000E+000 -1.0000000000000000E+000 -1.0000000000000000E+000 -1.0000000000000000E+000  1.9542405447867528E-001
  2.9982998661321875E-001  3.1339828379733825E-001  3.1994835644974651E-001  3.2683692596340219E-001  3.3100205236634872E-001
  3.3190319290590126E-001  3.3087925577884686E-001  3.2909811226317076E-001  3.2692824318225883E-001  3.2456040693820859E-001
  3.2198942178291912E-001  3.1904854463584159E-001  3.1565876717127700E-001  3.1163813721023614E-001  3.0710148157537270E-001
  3.0113523166411366E-001  2.9356812777776298E-001  2.8457974187712132E-001  2.7456894005568777E-001  2.6388006311139472E-001
  2.5275805867129114E-001  2.4179520165872009E-001  2.3181233639939802E-001  2.2318263796691840E-001  2.1621046165768837E-001
  2.1112286030380797E-001  2.0811966866358522E-001  2.0749787783709508E-001  2.0976377621109674E-001  2.1563437757147227E-001
  2.2644601358473276E-001  2.4286161065555734E-001  2.6832586016501569E-001  3.0045347490610952E-001  3.4167243234555400E-001
  3.9216391693091213E-001  4.4614898460177721E-001  4.9961925129820217E-001  5.5184060531097012E-001  6.0028035138279545E-001
  6.4469264114052283E-001  6.8401728603815148E-001  7.1912403838619721E-001  7.5048121492763353E-001  7.7800617324614241E-001
  8.0143323258633958E-001  8.2114217347552521E-001  8.3774332283224195E-001  8.5122195800521616E-001  8.6159449844438352E-001
  8.6900314107902865E-001  8.7364999652359332E-001  8.7539563901403283E-001  8.7535323521365849E-001  8.7378771103093933E-001
  8.7046533284237659E-001  8.6622126504565522E-001  8.6151475203249039E-001  8.5673915612392448E-001  8.5222290248014521E-001
  8.4821440949120652E-001  8.4489938645775409E-001  8.4237953867039239E-001  8.4063680552028242E-001  8.3954411697661879E-001
  8.3894600575591594E-001  8.3869891616540304E-001  8.3869893026288111E-001  8.3894604485626556E-001  8.3954419086812393E-001
  8.4063690965606852E-001  8.4237966685091181E-001  8.4489952914971256E-001  8.4821456098065340E-001  8.5222306132339465E-001
  8.5673932394305630E-001  8.6151492945165242E-001  8.6622144893583053E-001  8.7046551414747153E-001  8.7378787780238687E-001
  8.7535333435893681E-001  8.7539565379497808E-001  8.7365005236077986E-001  8.6900316580815029E-001  8.6159447090550356E-001
  8.5122183682262198E-001  8.3774308058136215E-001  8.2114184994942230E-001  8.0143293162278317E-001  7.7800549310914002E-001
  7.5048024251400736E-001  7.1912296448034785E-001  6.8401609836116650E-001  6.4469112814945828E-001  6.0027892137856431E-001
  5.5183902809761798E-001  4.9961746356653591E-001  4.4614712071829604E-001  3.9216229689490806E-001  3.4167156759720430E-001
  3.0045275902767088E-001  2.6832534125652152E-001  2.4286126918895035E-001  2.2644572304103516E-001  2.1563420098333766E-001
  2.0976370306664671E-001  2.0749791099458431E-001  2.0811984058003863E-001  2.1112320660684750E-001  2.1621098472830225E-001
  2.2318328231454138E-001  2.3181306263173146E-001  2.4179599943246008E-001  2.5275879732878437E-001  2.6388037486859167E-001
  2.7456892664903843E-001  2.8457965902816629E-001  2.9356820612160767E-001  3.0113553294607553E-001  3.0710192071373266E-001
  3.1163837305457015E-001  3.1565860806878798E-001  3.1904763481169307E-001  3.2198911099681327E-001  3.2456536779002010E-001
  3.2694653290720105E-001  3.2913519449684775E-001  3.3092226998489016E-001  3.3189773413028678E-001  3.3081493270897377E-001
  3.2608296498124906E-001
BLOCK 110   3.2434153942682109E+001
  3.3620879702100009E-001  3.3011037672181948E-001  2.4098918199955477E-001 -1.0000000000000000E+000 -1.0000000000000000E+000
 -1.0000000000000000E+000 -1.0000000000000000E+000 -1.0000000000000000E+000  2.4860195764887486E-001  4.2204368291214495E-001
  4.5300937872871649E-001  4.4617747349474529E-001  3.9149422348058005E-001  2.5798908306689650E-001 -1.0000000000000000E+000
 -1.0000000000000000E+000 -1.0000000000000000E+000 -1.0000000000000000E+000 -1.0000000000000000E+000 -1.0000000000000000E+000
  2.3114478539161032E-001  2.0580794131617883E-001 -1.0000000000000000E+000 -1.0000000000000000E+000 -1.0000000000000000E+000
 -1.0000000000000000E+000 -1.0000000000000000E+000 -1.0000000000000000E+000 -1.0000000000000000E+000 -1.0000000000000000E+000
 -1.0000000000000000E+000 -1.0000000000000000E+000 -1.0000000000000000E+000 -1.0000000000000000E+000 -1.0000000000000000E+000
 -1.0000000000000000E+000 -1.0000000000000000E+000 -1.0000000000000000E+000 -1.0000000000000000E+000 -1.0000000000000000E+000
 -1.0000000000000000E+000 -1.0000000000000000E+000 -1.0000000000000000E+000 -1.0000000000000000E+000 -1.0000000000000000E+000
 -1.0000000000000000E+000 -1.0000000000000000E+000 -1.0000000000000000E+000  7.4132575860948313E-001  1.1956963787146571E+000
  1.5507158716181990E+000  1.8269993146694685E+000  2.0375779565415217E+000  2.2306235544628796E+000  2.4133762667778167E+000
  2.5797532529350153E+000  2.7276325757021080E+000  2.8575150330184642E+000  2.9694437444656239E+000  3.0662109047447781E+000
  3.1441479821562255E+000  3.2057457643400129E+000  3.2464629639273368E+000  3.2668965805580283E+000  3.2668743503688891E+000
  3.2463797430719619E+000  3.2055826841183817E+000  3.1439007425311747E+000  3.0659704029649366E+000  2.9692376650060832E+000
  2.8573751260849614E+000  2.7275659261168683E+000  2.5797466017445108E+000  2.4133538395668612E+000  2.2305579149062682E+000
  2.0369208163196855E+000  1.8230905231109715E+000  1.5497294341371430E+000  6.7952768280455919E-002  3.5176362626107133E-001
 -1.0000000000000000E+000 -1.0000000000000000E+000 -1.0000000000000000E+000 -1.0000000000000000E+000 -1.0000000000000000E+000
 -1.0000000000000000E+000 -1.0000000000000000E+000 -1.0000000000000000E+000 -1.0000000000000000E+000 -1.0000000000000000E+000
 -1.0000000000000000E+000 -1.0000000000000000E+000 -1.0000000000000000E+000 -1.0000000000000000E+000 -1.0000000000000000E+000
 -1.0000000000000000E+000 -1.0000000000000000E+000 -1.0000000000000000E+000 -1.0000000000000000E+000 -1.0000000000000000E+000
 -1.0000000000000000E+000 -1.0000000000000000E+000 -1.0000000000000000E+000 -1.0000000000000000E+000 -1.0000000000000000E+000
 -1.0000000000000000E+000 -1.0000000000000000E+000 -1.0000000000000000E+000 -1.0000000000000000E+000 -1.0000000000000000E+000
 -1.0000000000000000E+000 -1.0000000000000000E+000 -1.0000000000000000E+000 -1.0000000000000000E+000  2.4367399716308447E-001
  3.8352936241162733E-001  4.4374266688811814E-001  4.5693132659487701E-001  4.2905163719700190E-001  2.5617295250655631E-001
 -1.0000000000000000E+000 -1.0000000000000000E+000 -1.0000000000000000E+000 -1.0000000000000000E+000 -1.0000000000000000E+000
  1.8312046115532227E-001  3.3542223550526779E-001  3.4619271933413959E-001  3.4171838900760693E-001  3.4142813807322031E-001
  3.4114263294129793E-001  3.3893183948147432E-001  3.3543224551879347E-001  3.3162809604066695E-001  3.2779647012174085E-001
  3.2400151173245656E-001  3.2012018360826366E-001  3.1602362902918946E-001  3.1163337232891264E-001  3.0706372782593494E-001
  3.0121824791730334E-001  2.9381046350939949E-001  2.8495405166100307E-001  2.7487686566240510E-001  2.6372305817399966E-001
  2.5198997601449269E-001  2.4003409790261820E-001  2.2905614228127222E-001  2.1939722666434350E-001  2.1138949110627633E-001
  2.0522725397212405E-001  2.0104860289536178E-001  1.9906603162296538E-001  1.9965950151756792E-001  2.0352734018387286E-001
  2.1183513496281059E-001  2.2575132989085883E-001  2.4809378127450432E-001  2.7817760537157821E-001  3.1781837763183030E-001
  3.6641139957489910E-001  4.2223771881589828E-001  4.7874067786556984E-001  5.3532163167218350E-001  5.8861833119945894E-001
  6.3721055577035302E-001  6.8037671674082956E-001  7.1836444733528104E-001  7.5165651922132515E-001  7.8031584924441566E-001
  8.0445066642760221E-001  8.2483243580932908E-001  8.4210653483191111E-001  8.5620117976019061E-001  8.6710578185663501E-001
  8.7491085167273763E-001  8.7978080558951710E-001  8.8202822069234321E-001  8.8199683707315557E-001  8.8008091036392988E-001
  8.7672052768181208E-001  8.7236762168442594E-001  8.6745434420639789E-001  8.6239328020161476E-001  8.5750682577863735E-001
  8.5306946606680412E-001  8.4931692067435338E-001  8.4639070161983987E-001  8.4426759323471012E-001  8.4281533022742228E-001
  8.4192312959711668E-001  8.4151143306614495E-001  8.4151145126885019E-001  8.4192318270042477E-001  8.4281541793232939E-001
  8.4426771759105823E-001  8.4639085516497570E-001  8.4931709581098414E-001  8.5306965501689058E-001  8.5750702825081282E-001
  8.6239349680596022E-001  8.6745457069133669E-001  8.7236786823040013E-001  8.7672096346093586E-001  8.8008128363508997E-001
  8.8199704526993250E-001  8.8202826760187780E-001  8.7978071391144819E-001  8.7491084593171697E-001  8.6710574127957463E-001
  8.5620102954799904E-001  8.4210627355218048E-001  8.2483204393934817E-001  8.0445016741833431E-001  7.8031501894592636E-001
  7.5165539706123197E-001  7.1836308211294941E-001  6.8037513362213609E-001  6.3720843331129184E-001  5.8861623168639610E-001
  5.3531996773839907E-001  4.7873809380006449E-001  4.2223564128279900E-001  3.6640983460425258E-001  3.1781720445728917E-001
  2.7817676407038477E-001  2.4809306397993416E-001  2.2575097476783662E-001  2.1183486164737086E-001  2.0352722123629433E-001
  1.9965949823475601E-001  1.9906616433935612E-001  2.0104890556193972E-001  2.0522774363217938E-001  2.1139014451828503E-001
  2.1939802305023798E-001  2.2905709211138625E-001  2.4003507729050721E-001  2.5199106808117822E-001  2.6372348170310644E-001
  2.7487695470286300E-001  2.8495399270145377E-001  2.9381054287148861E-001  3.0121850629787594E-001  3.0706371682639877E-001
  3.1163203100953579E-001  3.1602112127976972E-001  3.2011665927858024E-001  3.2400031553138647E-001  3.2780485055579650E-001
  3.3165028356984527E-001  3.3544845928662731E-001  3.3885543671890511E-001  3.4071715554660537E-001  3.3990082288320744E-001
  3.3703754841468858E-001
BLOCK 111   3.2734470182892174E+001
 -1.0000000000000000E+000 -1.0000000000000000E+000 -1.0000000000000000E+000 -1.0000000000000000E+000 -1.0000000000000000E+000
 -1.0000000000000000E+000  3.2278597817717503E-001  4.4956993596214584E-001  5.1092320783590917E-001  5.2588855642800691E-001
  2.2291215456799951E-001 -1.0000000000000000E+000 -1.0000000000000000E+000 -1.0000000000000000E+000 -1.0000000000000000E+000
 -1.0000000000000000E+000 -1.0000000000000000E+000 -1.0000000000000000E+000 -1.0000000000000000E+000 -1.0000000000000000E+000
 -1.0000000000000000E+000 -1.0000000000000000E+000 -1.0000000000000000E+000 -1.0000000000000000E+000 -1.0000000000000000E+000
 -1.0000000000000000E+000 -1.0000000000000000E+000 -1.0000000000000000E+000 -1.0000000000000000E+000 -1.0000000000000000E+000
 -1.0000000000000000E+000 -1.0000000000000000E+000 -1.0000000000000000E+000 -1.0000000000000000E+000 -1.0000000000000000E+000
 -1.0000000000000000E+000 -1.0000000000000000E+000 -1.0000000000000000E+000 -1.0000000000000000E+000 -1.0000000000000000E+000
 -1.0000000000000000E+000 -1.0000000000000000E+000 -1.0000000000000000E+000 -1.0000000000000000E+000 -1.0000000000000000E+000
 -1.0000000000000000E+000 -1.0000000000000000E+000 -1.0000000000000000E+000 -1.0000000000000000E+000 -1.0000000000000000E+000
  7.4150225464516639E-001  1.2421427568889651E+000  1.6145213466433637E+000  1.9374528576349361E+000  2.2271965565038983E+000
  2.4841303946944464E+000  2.7120227179227943E+000  2.9273662208062383E+000  3.1232730205037682E+000  3.2812232098724188E+000
  3.3952427106834522E+000  3.4725211309832176E+000  3.5192034025465677E+000  3.5419487349803789E+000  3.5419637685933596E+000
  3.5192498877260863E+000  3.4726277923007878E+000  3.3953903855333603E+000  3.2814206713103453E+000  3.1235151593618564E+000
  2.9274879087554329E+000  2.7107217740184915E+000  2.4804337770158229E+000  2.2249417591434568E+000  1.9382576665165214E+000
  1.6668939849047923E+000  1.3658813399364211E+000  3.8705401525674837E-001 -1.0000000000000000E+000 -1.0000000000000000E+000
 -1.0000000000000000E+000 -1.0000000000000000E+000 -1.0000000000000000E+000 -1.0000000000000000E+000 -1.0000000000000000E+000
 -1.0000000000000000E+000 -1.0000000000000000E+000 -1.0000000000000000E+000 -1.0000000000000000E+000 -1.0000000000000000E+000
 -1.0000000000000000E+000 -1.0000000000000000E+000 -1.0000000000000000E+000 -1.0000000000000000E+000 -1.0000000000000000E+000
 -1.0000000000000000E+000 -1.0000000000000000E+000 -1.0000000000000000E+000 -1.0000000000000000E+000 -1.0000000000000000E+000
 -1.0000000000000000E+000 -1.0000000000000000E+000 -1.0000000000000000E+000 -1.0000000000000000E+000 -1.0000000000000000E+000
 -1.0000000000000000E+000 -1.0000000000000000E+000 -1.0000000000000000E+000 -1.0000000000000000E+000 -1.0000000000000000E+000
 -1.0000000000000000E+000 -1.0000000000000000E+000 -1.0000000000000000E+000 -1.0000000000000000E+000 -1.0000000000000000E+000
  1.2739509390193554E-001  3.0462394682851168E-001  3.8008010436156714E-001  4.1599955427111251E-001  4.2091455654839544E-001
  3.8977047524429309E-001  3.0985613323962602E-001 -1.0000000000000000E+000 -1.0000000000000000E+000 -1.0000000000000000E+000
 -1.0000000000000000E+000 -1.0000000000000000E+000 -1.0000000000000000E+000 -1.0000000000000000E+000 -1.0000000000000000E+000
  2.6092430217413543E-001  4.0857058731117485E-001  4.8426076181218747E-001  5.0872138313356741E-001  4.9495430931379408E-001
  4.3688793487720595E-001  3.5189290622072639E-001  3.1551286467490075E-001  3.0605033219400191E-001  3.0368042066063328E-001
  3.0076268264607053E-001  2.9657770813109291E-001  2.9062159751964184E-001  2.8244411920826629E-001  2.7164671247199790E-001
  2.5558609006758981E-001  2.3884777012964625E-001  2.1661778150087274E-001  1.9299492759720624E-001  1.7280919362994590E-001
  1.6256998802513031E-001  1.5578226386187777E-001  1.5181695804485262E-001  1.4870922971497089E-001  1.4559976222825621E-001
  1.4226186570778326E-001  1.3859807695175611E-001  1.3474057947313273E-001  1.3152578236054793E-001  1.3101332543243049E-001
  1.3639297454640123E-001  1.5514261472350799E-001  1.9966785898346853E-001  2.8975477948561879E-001  3.9431547669324490E-001
  4.9401662222632159E-001  5.8205909957965041E-001  6.5917323671019779E-001  7.2317757008744887E-001  7.7685829725680644E-001
  8.2045910632009855E-001  8.5575187167493982E-001  8.8326421695938273E-001  9.0371210557515969E-001  9.1791735290838006E-001
  9.2704799403564864E-001  9.3226487803200697E-001  9.3456788261548696E-001  9.3460918710450780E-001  9.3273187668335666E-001
  9.2917004362342126E-001  9.2419005870240600E-001  9.1809164126344345E-001  9.1116180923384604E-001  9.0367952083235725E-001
  8.9593457231041040E-001  8.8824684823578237E-001  8.8101804957936536E-001  8.7476336911926844E-001  8.6919238558097267E-001
  8.6533647643270495E-001  8.6335337405132195E-001  8.6335340251777537E-001  8.6533653888943141E-001  8.6919260463326520E-001
  8.7476380164761414E-001  8.8101942144079293E-001  8.8824808918321785E-001  8.9593588355109621E-001  9.0368080786739935E-001
  9.1116303743329552E-001  9.1809280359944956E-001  9.2419111315559588E-001  9.2917099338165066E-001  9.3273275172966952E-001
  9.3461000910879077E-001  9.3456859917570845E-001  9.3226538744177312E-001  9.2704817692585029E-001  9.1791694337410046E-001
  9.0371081381857021E-001  8.8326178371619490E-001  8.5574869612005899E-001  8.2045527597582968E-001  7.7685355069594264E-001
  7.2317193121480838E-001  6.5916625024676523E-001  5.8205255167301018E-001  4.9400785625144472E-001  3.9430656435262185E-001
  2.8974750636832103E-001  1.9966426541962365E-001  1.5514156865512005E-001  1.3639294147908387E-001  1.3101378197794708E-001
  1.3152642268091824E-001  1.3474121020858287E-001  1.3859862167807796E-001  1.4226232860641594E-001  1.4560019628150256E-001
  1.4870971541253372E-001  1.5181760198843211E-001  1.5578325748299823E-001  1.6257168806113298E-001  1.7281161207906576E-001
  1.9299894708555759E-001  2.1662256513401457E-001  2.3885249976453571E-001  2.5558505557500366E-001  2.7164563072371639E-001
  2.8243409680027920E-001  2.9059291394338860E-001  2.9652263750832086E-001  3.0072882972887111E-001  3.0391752585782250E-001
  3.0701391501972891E-001  3.1724324174934471E-001  3.4972780094030725E-001  4.2713516130350837E-001  4.8969107211869917E-001
  5.0852500093025133E-001  4.8830715392408564E-001  4.1310578249239455E-001  2.6816943104597568E-001 -1.0000000000000000E+000
 -1.0000000000000000E+000
BLOCK 112   3.3034786423102240E+001
 -1.0000000000000000E+000  2.3603215418777443E-001  3.5398866382648086E-001  3.8285632386096596E-001  3.9652633254557901E-001
  3.9259729338901356E-001  3.7686528876845615E-001  3.5125222119625932E-001  2.9129631416389135E-001  8.5314782954333535E-002
 -1.0000000000000000E+000 -1.0000000000000000E+000 -1.0000000000000000E+000 -1.0000000000000000E+000 -1.0000000000000000E+000
 -1.0000000000000000E+000 -1.0000000000000000E+000 -1.0000000000000000E+000 -1.0000000000000000E+000 -1.0000000000000000E+000
 -1.0000000000000000E+000 -1.0000000000000000E+000 -1.0000000000000000E+000 -1.0000000000000000E+000 -1.0000000000000000E+000
 -1.0000000000000000E+000 -1.0000000000000000E+000 -1.0000000000000000E+000 -1.0000000000000000E+000 -1.0000000000000000E+000
 -1.0000000000000000E+000 -1.0000000000000000E+000 -1.0000000000000000E+000 -1.0000000000000000E+000 -1.0000000000000000E+000
 -1.0000000000000000E+000 -1.0000000000000000E+000 -1.0000000000000000E+000 -1.0000000000000000E+000 -1.0000000000000000E+000
 -1.0000000000000000E+000 -1.0000000000000000E+000 -1.0000000000000000E+000 -1.0000000000000000E+000 -1.0000000000000000E+000
 -1.0000000000000000E+000 -1.0000000000000000E+000 -1.0000000000000000E+000 -1.0000000000000000E+000 -1.0000000000000000E+000
 -1.0000000000000000E+000 -1.0000000000000000E+000  8.6327622903619483E-001  1.4421982741687260E+000  1.8726806163831327E+000
  2.2707917958414567E+000  2.7241741361860368E+000  3.1112832559925510E+000  3.3267946587162367E+000  3.4658739145731712E+000
  3.5633136680333184E+000  3.6278569533477589E+000  3.6692657219210041E+000  3.6883021523923212E+000  3.6883998966728822E+000
  3.6695398650627240E+000  3.6282325730275242E+000  3.5635929558052992E+000  3.4656411599988628E+000  3.3251879421997579E+000
  3.1070843855836525E+000  2.7133744464998659E+000  2.3317645092733108E+000  1.9551682477089620E+000  1.3580904260256732E+000
  6.5196133834946157E-001 -1.0000000000000000E+000 -1.0000000000000000E+000 -1.0000000000000000E+000 -1.0000000000000000E+000
 -1.0000000000000000E+000 -1.0000000000000000E+000 -1.0000000000000000E+000 -1.0000000000000000E+000 -1.0000000000000000E+000
 -1.0000000000000000E+000 -1.0000000000000000E+000 -1.0000000000000000E+000 -1.0000000000000000E+000 -1.0000000000000000E+000
 -1.0000000000000000E+000 -1.0000000000000000E+000 -1.0000000000000000E+000 -1.0000000000000000E+000 -1.0000000000000000E+000
 -1.0000000000000000E+000 -1.0000000000000000E+000 -1.0000000000000000E+000 -1.0000000000000000E+000 -1.0000000000000000E+000
 -1.0000000000000000E+000 -1.0000000000000000E+000 -1.0000000000000000E+000 -1.0000000000000000E+000 -1.0000000000000000E+000
 -1.0000000000000000E+000 -1.0000000000000000E+000 -1.0000000000000000E+000 -1.0000000000000000E+000 -1.0000000000000000E+000
 -1.0000000000000000E+000 -1.0000000000000000E+000 -1.0000000000000000E+000 -1.0000000000000000E+000 -1.0000000000000000E+000
 -1.0000000000000000E+000 -1.0000000000000000E+000 -1.0000000000000000E+000  3.0147178266201002E-001  3.9986751735537068E-001
  4.3839168342962492E-001  4.3347920249174859E-001  3.8600633011779539E-001  2.6709747917989496E-001 -1.0000000000000000E+000
 -1.0000000000000000E+000 -1.0000000000000000E+000 -1.0000000000000000E+000 -1.0000000000000000E+000 -1.0000000000000000E+000
 -1.0000000000000000E+000 -1.0000000000000000E+000 -1.0000000000000000E+000 -1.0000000000000000E+000  3.0535994714034320E-001
  4.4000487596575355E-001  5.1511539880426926E-001  5.5174627661456954E-001  5.5566396810216245E-001  5.2985414431182587E-001
  4.8024897392955307E-001  3.9061507226969727E-001  2.9964827555484885E-001  2.7895351879962499E-001  2.8246081204463597E-001
  2.5745740013152069E-001  2.1540982867069405E-001  1.7026828183358639E-001  1.3817723131280918E-001  1.1575372947333273E-001
  9.6004889903140309E-002  1.0598608810637891E-001  1.1361008925315695E-001  1.1725865530663548E-001  1.1447551638845227E-001
  1.2466296872322456E-001  1.2699423869554913E-001  1.2029269646374063E-001  1.1333314196603084E-001  1.1540169571865999E-001
  1.2053919701661867E-001  1.2061142170830613E-001  8.5614512718051872E-002  9.1413328884000306E-002 -1.0000000000000000E+000
 -1.0000000000000000E+000 -1.0000000000000000E+000 -1.0000000000000000E+000 -1.0000000000000000E+000  5.2831370335981997E-001
  7.2808238077051035E-001  8.3403862812252527E-001  9.0496575875937224E-001  9.5155008772052985E-001  9.8349446419059328E-001
  1.0055389161611978E+000  1.0197407509479623E+000  1.0272331278456079E+000  1.0288924005214848E+000  1.0254989446352942E+000
  1.0179677163313561E+000  1.0073327303734285E+000  9.9469514671649917E-001  9.8113722263243797E-001  9.6762826348501574E-001
  9.5432502158284460E-001  9.4211653187200839E-001  9.2996691701140399E-001  9.1890286585432801E-001  9.1036950419226392E-001
  9.0452825861140240E-001  9.0155841244977486E-001  9.0155892540764349E-001  9.0452928420211109E-001  9.1037125582767686E-001
  9.1890555299491072E-001  9.2996987660465114E-001  9.4211948590993566E-001  9.5432829401445718E-001  9.6763180317559538E-001
  9.8114108240249720E-001  9.9469917404009833E-001  1.0073370120289884E+000  1.0179713992693762E+000  1.0255017883552633E+000
  1.0288940839225740E+000  1.0272335555473868E+000  1.0197396960503049E+000  1.0055361546799195E+000  9.8349022830064181E-001
  9.5154354649584205E-001  9.0495576987433746E-001  8.3402212524838415E-001  7.2806081851324267E-001  5.2824765517840144E-001
 -1.0000000000000000E+000 -1.0000000000000000E+000 -1.0000000000000000E+000 -1.0000000000000000E+000 -1.0000000000000000E+000
  9.1425779814492972E-002  8.5612877937685863E-002  1.2061423702409002E-001  1.2055720066117200E-001  1.1540235352911739E-001
  1.1314910571314507E-001  1.1970459570564615E-001  1.2693572553687124E-001  1.2584826609376792E-001  1.1358079634939092E-001
  1.1689026338128686E-001  1.1352976369445811E-001  1.0597463330111245E-001  9.5991132384462829E-002  1.1578285889207912E-001
  1.3823725709991158E-001  1.7033174236204096E-001  2.1529429142051654E-001  2.5743577876658869E-001  2.8321132140208399E-001
  2.8026998266998709E-001  2.9569864756657044E-001  3.8403999933441424E-001  4.7720253883386271E-001  5.2790052655214614E-001
  5.5505048104366206E-001  5.5284243139789346E-001  5.1799242296758807E-001  4.4494151463707354E-001  3.1322120688392752E-001
 -1.0000000000000000E+000 -1.0000000000000000E+000 -1.0000000000000000E+000 -1.0000000000000000E+000 -1.0000000000000000E+000
 -1.0000000000000000E+000
BLOCK 113   3.3335102663312306E+001
  4.4381779095754137E-001  4.4694627601653153E-001  4.2084240387648286E-001  3.6214304081926729E-001  2.2710980760222266E-001
 -1.0000000000000000E+000 -1.0000000000000000E+000 -1.0000000000000000E+000 -1.0000000000000000E+000 -1.0000000000000000E+000
 -1.0000000000000000E+000 -1.0000000000000000E+000 -1.0000000000000000E+000 -1.0000000000000000E+000 -1.0000000000000000E+000
 -1.0000000000000000E+000 -1.0000000000000000E+000 -1.0000000000000000E+000 -1.0000000000000000E+000 -1.0000000000000000E+000
 -1.0000000000000000E+000 -1.0000000000000000E+000 -1.0000000000000000E+000 -1.0000000000000000E+000 -1.0000000000000000E+000
 -1.0000000000000000E+000 -1.0000000000000000E+000 -1.0000000000000000E+000 -1.0000000000000000E+000 -1.0000000000000000E+000
 -1.0000000000000000E+000 -1.0000000000000000E+000 -1.0000000000000000E+000 -1.0000000000000000E+000 -1.0000000000000000E+000
 -1.0000000000000000E+000 -1.0000000000000000E+000 -1.0000000000000000E+000 -1.0000000000000000E+000 -1.0000000000000000E+000
 -1.0000000000000000E+000 -1.0000000000000000E+000 -1.0000000000000000E+000 -1.0000000000000000E+000 -1.0000000000000000E+000
 -1.0000000000000000E+000 -1.0000000000000000E+000 -1.0000000000000000E+000 -1.0000000000000000E+000 -1.0000000000000000E+000
 -1.0000000000000000E+000 -1.0000000000000000E+000 -1.0000000000000000E+000 -1.0000000000000000E+000  1.2130085603174841E+000
  1.8855979083191481E+000  2.9606235536198251E+000  3.2840504396821530E+000  3.4575188605352309E+000  3.5732367700506167E+000
  3.6543609818153335E+000  3.7125012196860943E+000  3.7492088900590077E+000  3.7659705508921939E+000  3.7656855655952906E+000
  3.7483357691314159E+000  3.7107255668543035E+000  3.6508230962540473E+000  3.5668694593014822E+000  3.4497143196241398E+000
  3.2878875185531946E+000  3.0218197079552427E+000  1.7788056934297800E+000  1.0578442502143524E+000 -1.0000000000000000E+000
 -1.0000000000000000E+000 -1.0000000000000000E+000 -1.0000000000000000E+000 -1.0000000000000000E+000 -1.0000000000000000E+000
 -1.0000000000000000E+000 -1.0000000000000000E+000 -1.0000000000000000E+000 -1.0000000000000000E+000 -1.0000000000000000E+000
 -1.0000000000000000E+000 -1.0000000000000000E+000 -1.0000000000000000E+000 -1.0000000000000000E+000 -1.0000000000000000E+000
 -1.0000000000000000E+000 -1.0000000000000000E+000 -1.0000000000000000E+000 -1.0000000000000000E+000 -1.0000000000000000E+000
 -1.0000000000000000E+000 -1.0000000000000000E+000 -1.0000000000000000E+000 -1.0000000000000000E+000 -1.0000000000000000E+000
 -1.0000000000000000E+000 -1.0000000000000000E+000 -1.0000000000000000E+000 -1.0000000000000000E+000 -1.0000000000000000E+000
 -1.0000000000000000E+000 -1.0000000000000000E+000 -1.0000000000000000E+000 -1.0000000000000000E+000 -1.0000000000000000E+000
 -1.0000000000000000E+000 -1.0000000000000000E+000 -1.0000000000000000E+000 -1.0000000000000000E+000 -1.0000000000000000E+000
 -1.0000000000000000E+000 -1.0000000000000000E+000 -1.0000000000000000E+000 -1.0000000000000000E+000 -1.0000000000000000E+000
  3.0273667536275228E-001  4.1203973840725100E-001  4.4830154270284583E-001  4.3415364530511519E-001  3.8014451891221424E-001
  2.3686458075758149E-001 -1.0000000000000000E+000 -1.0000000000000000E+000 -1.0000000000000000E+000 -1.0000000000000000E+000
 -1.0000000000000000E+000 -1.0000000000000000E+000 -1.0000000000000000E+000 -1.0000000000000000E+000 -1.0000000000000000E+000
 -1.0000000000000000E+000 -1.0000000000000000E+000  1.8482771683825694E-001  4.0444677956491509E-001  5.2553136291536862E-001
  5.9872386515903031E-001  6.3978182737967970E-001  6.5088074861711154E-001  6.2388509242222001E-001  2.7007726737188387E-001
 -1.0000000000000000E+000 -1.0000000000000000E+000 -1.0000000000000000E+000 -1.0000000000000000E+000 -1.0000000000000000E+000
 -1.0000000000000000E+000 -1.0000000000000000E+000 -1.0000000000000000E+000 -1.0000000000000000E+000 -1.0000000000000000E+000
 -1.0000000000000000E+000 -1.0000000000000000E+000  1.9043084951333145E-001  1.9206688636031269E-001  2.0063304567375459E-001
  1.0956268533430406E-001 -1.0000000000000000E+000 -1.0000000000000000E+000 -1.0000000000000000E+000 -1.0000000000000000E+000
 -1.0000000000000000E+000 -1.0000000000000000E+000 -1.0000000000000000E+000 -1.0000000000000000E+000 -1.0000000000000000E+000
 -1.0000000000000000E+000 -1.0000000000000000E+000 -1.0000000000000000E+000  3.2541361523692441E-001  7.0743826511541319E-001
  9.1089669923543093E-001  1.0433600754772725E+000  1.1253118782081815E+000  1.1680043966478613E+000  1.1863317489655898E+000
  1.1860503766463844E+000  1.1728570452553417E+000  1.1515178864825641E+000  1.1255421975719317E+000  1.0976746143572378E+000
  1.0706977855670625E+000  1.0427273764716378E+000  1.0174161407661122E+000  9.9661826833301026E-001  9.8103201689118380E-001
  9.7138121544572498E-001  9.6726325127387958E-001  9.6726389740907193E-001  9.7138357835286548E-001  9.8103681192167991E-001
  9.9662594533332072E-001  1.0174253404433837E+000  1.0427375625560078E+000  1.0707093503851741E+000  1.0976869784670515E+000
  1.1255552058098461E+000  1.1515296108415014E+000  1.1728657122807125E+000  1.1860551556381445E+000  1.1863316512363633E+000
  1.1679978188829114E+000  1.1252967356553663E+000  1.0433361626198232E+000  9.1085851778107874E-001  7.0736918979352370E-001
  3.2522834786546845E-001 -1.0000000000000000E+000 -1.0000000000000000E+000 -1.0000000000000000E+000 -1.0000000000000000E+000
 -1.0000000000000000E+000 -1.0000000000000000E+000 -1.0000000000000000E+000 -1.0000000000000000E+000 -1.0000000000000000E+000
 -1.0000000000000000E+000 -1.0000000000000000E+000 -1.0000000000000000E+000  1.1458718010458983E-001  1.7821379121160355E-001
  1.9866661336545552E-001  1.9790972557916595E-001 -1.0000000000000000E+000 -1.0000000000000000E+000 -1.0000000000000000E+000
 -1.0000000000000000E+000 -1.0000000000000000E+000 -1.0000000000000000E+000 -1.0000000000000000E+000 -1.0000000000000000E+000
 -1.0000000000000000E+000 -1.0000000000000000E+000 -1.0000000000000000E+000 -1.0000000000000000E+000  4.5382276760947254E-001
  6.2307304263780949E-001  6.4938838666436294E-001  6.3839390677638197E-001  5.9788830109478630E-001  5.2646756685114049E-001
  4.0845866362445082E-001  1.9544936170778474E-001 -1.0000000000000000E+000 -1.0000000000000000E+000 -1.0000000000000000E+000
 -1.0000000000000000E+000 -1.0000000000000000E+000 -1.0000000000000000E+000 -1.0000000000000000E+000  3.0236948371019223E-001
  4.0142091762654325E-001
BLOCK 114   3.3635418903522371E+001
  1.3392755626018893E-001 -1.0000000000000000E+000 -1.0000000000000000E+000 -1.0000000000000000E+000 -1.0000000000000000E+000
 -1.0000000000000000E+000 -1.0000000000000000E+000 -1.0000000000000000E+000 -1.0000000000000000E+000 -1.0000000000000000E+000
 -1.0000000000000000E+000 -1.0000000000000000E+000 -1.0000000000000000E+000 -1.0000000000000000E+000 -1.0000000000000000E+000
 -1.0000000000000000E+000 -1.0000000000000000E+000 -1.0000000000000000E+000 -1.0000000000000000E+000 -1.0000000000000000E+000
 -1.0000000000000000E+000 -1.0000000000000000E+000 -1.0000000000000000E+000 -1.0000000000000000E+000 -1.0000000000000000E+000
 -1.0000000000000000E+000 -1.0000000000000000E+000 -1.0000000000000000E+000 -1.0000000000000000E+000 -1.0000000000000000E+000
 -1.0000000000000000E+000 -1.0000000000000000E+000 -1.0000000000000000E+000 -1.0000000000000000E+000 -1.0000000000000000E+000
 -1.0000000000000000E+000 -1.0000000000000000E+000 -1.0000000000000000E+000 -1.0000000000000000E+000 -1.0000000000000000E+000
 -1.0000000000000000E+000 -1.0000000000000000E+000 -1.0000000000000000E+000 -1.0000000000000000E+000 -1.0000000000000000E+000
 -1.0000000000000000E+000 -1.0000000000000000E+000 -1.0000000000000000E+000 -1.0000000000000000E+000 -1.0000000000000000E+000
 -1.0000000000000000E+000 -1.0000000000000000E+000 -1.0000000000000000E+000 -1.0000000000000000E+000 -1.0000000000000000E+000
  6.8381108316160832E-001  3.1521344811684338E+000  3.3683459143821306E+000  3.5132925134413839E+000  3.6174430480574076E+000
  3.6933389153903136E+000  3.7447440527761358E+000  3.7753670816416940E+000  3.7893255177687863E+000  3.7876044100650281E+000
  3.7708449888829612E+000  3.7397571111656984E+000  3.6922278071805090E+000  3.6249874576794392E+000  3.5304861572839452E+000
  3.3958885164314481E+000  3.1895147233716696E+000  3.3048625769818285E-001 -1.0000000000000000E+000 -1.0000000000000000E+000
 -1.0000000000000000E+000 -1.0000000000000000E+000 -1.0000000000000000E+000 -1.0000000000000000E+000 -1.0000000000000000E+000
 -1.0000000000000000E+000 -1.0000000000000000E+000 -1.0000000000000000E+000 -1.0000000000000000E+000 -1.0000000000000000E+000
 -1.0000000000000000E+000 -1.0000000000000000E+000 -1.0000000000000000E+000 -1.0000000000000000E+000 -1.0000000000000000E+000
 -1.0000000000000000E+000 -1.0000000000000000E+000 -1.0000000000000000E+000 -1.0000000000000000E+000 -1.0000000000000000E+000
 -1.0000000000000000E+000 -1.0000000000000000E+000 -1.0000000000000000E+000 -1.0000000000000000E+000 -1.0000000000000000E+000
 -1.0000000000000000E+000 -1.0000000000000000E+000 -1.0000000000000000E+000 -1.0000000000000000E+000 -1.0000000000000000E+000
 -1.0000000000000000E+000 -1.0000000000000000E+000 -1.0000000000000000E+000 -1.0000000000000000E+000 -1.0000000000000000E+000
 -1.0000000000000000E+000 -1.0000000000000000E+000 -1.0000000000000000E+000 -1.0000000000000000E+000 -1.0000000000000000E+000
 -1.0000000000000000E+000 -1.0000000000000000E+000 -1.0000000000000000E+000 -1.0000000000000000E+000 -1.0000000000000000E+000
 -1.0000000000000000E+000  1.3244632768223741E-001  3.2964564790743323E-001  4.0258932714583767E-001  4.3044098941627096E-001
  4.1997401648855659E-001  3.7368109977955066E-001  2.5820872244300430E-001 -1.0000000000000000E+000 -1.0000000000000000E+000
 -1.0000000000000000E+000 -1.0000000000000000E+000 -1.0000000000000000E+000 -1.0000000000000000E+000 -1.0000000000000000E+000
 -1.0000000000000000E+000 -1.0000000000000000E+000 -1.0000000000000000E+000 -1.0000000000000000E+000 -1.0000000000000000E+000
  3.0757149561225960E-001  4.9706665693024049E-001  5.8542602812010469E-001  6.2468635365747160E-001  6.3368174837157132E-001
  6.0545094073717864E-001  5.7901423558326104E-001 -1.0000000000000000E+000 -1.0000000000000000E+000 -1.0000000000000000E+000
 -1.0000000000000000E+000 -1.0000000000000000E+000 -1.0000000000000000E+000 -1.0000000000000000E+000 -1.0000000000000000E+000
 -1.0000000000000000E+000 -1.0000000000000000E+000 -1.0000000000000000E+000 -1.0000000000000000E+000  1.7957566548114751E-001
  1.8810408976796641E-001  1.8838792632412241E-001  2.0273848147898907E-001  1.6709180527935732E-001 -1.0000000000000000E+000
 -1.0000000000000000E+000 -1.0000000000000000E+000 -1.0000000000000000E+000 -1.0000000000000000E+000 -1.0000000000000000E+000
 -1.0000000000000000E+000 -1.0000000000000000E+000 -1.0000000000000000E+000 -1.0000000000000000E+000 -1.0000000000000000E+000
 -1.0000000000000000E+000 -1.0000000000000000E+000  6.1240152127769731E-001  8.3786145416913682E-001  9.9429798259333413E-001
  1.1129709755940922E+000  1.1983444763686246E+000  1.2593879500483203E+000  1.2994355368806305E+000  1.3200439423606629E+000
  1.3210958479984183E+000  1.3031918300346217E+000  1.2677796948296678E+000  1.2207827654897350E+000  1.1736169293297873E+000
  1.1336326951089506E+000  1.1154497506841885E+000  1.1154555822137437E+000  1.1336515018329594E+000  1.1736475185484292E+000
  1.2208214991228956E+000  1.2678146891660340E+000  1.3032208528557283E+000  1.3211161799019853E+000  1.3200538487777476E+000
  1.2994364501254261E+000  1.2593788144135247E+000  1.1983233714467592E+000  1.1129369027896443E+000  9.9424533449484398E-001
  8.3777780512403544E-001  6.1222033869449999E-001 -1.0000000000000000E+000 -1.0000000000000000E+000 -1.0000000000000000E+000
 -1.0000000000000000E+000 -1.0000000000000000E+000 -1.0000000000000000E+000 -1.0000000000000000E+000 -1.0000000000000000E+000
 -1.0000000000000000E+000 -1.0000000000000000E+000 -1.0000000000000000E+000 -1.0000000000000000E+000  1.9203484493832737E-001
  2.3518776742114361E-001  2.3784794980122023E-001  1.8773778836947391E-001 -1.0000000000000000E+000 -1.0000000000000000E+000
 -1.0000000000000000E+000 -1.0000000000000000E+000 -1.0000000000000000E+000 -1.0000000000000000E+000 -1.0000000000000000E+000
 -1.0000000000000000E+000 -1.0000000000000000E+000 -1.0000000000000000E+000 -1.0000000000000000E+000 -1.0000000000000000E+000
  1.8391774057801460E-001  3.8809179963011042E-001  5.0505209402539852E-001  5.8322566393085162E-001  6.2548917509807589E-001
  6.3311041120911538E-001  6.0290245354916672E-001  5.0043467041887668E-001  2.6544088316211240E-001 -1.0000000000000000E+000
 -1.0000000000000000E+000 -1.0000000000000000E+000 -1.0000000000000000E+000 -1.0000000000000000E+000 -1.0000000000000000E+000
  1.9113936985055208E-001  3.8503751162678923E-001  4.5198922574307648E-001  4.7103727458607780E-001  4.5196717641721973E-001
  3.8658609780204495E-001
BLOCK 115   3.3935735143732437E+001
 -1.0000000000000000E+000 -1.0000000000000000E+000 -1.0000000000000000E+000 -1.0000000000000000E+000 -1.0000000000000000E+000
 -1.0000000000000000E+000 -1.0000000000000000E+000 -1.0000000000000000E+000 -1.0000000000000000E+000 -1.0000000000000000E+000
 -1.0000000000000000E+000 -1.0000000000000000E+000 -1.0000000000000000E+000 -1.0000000000000000E+000 -1.0000000000000000E+000
 -1.0000000000000000E+000 -1.0000000000000000E+000 -1.0000000000000000E+000 -1.0000000000000000E+000 -1.0000000000000000E+000
 -1.0000000000000000E+000 -1.0000000000000000E+000 -1.0000000000000000E+000 -1.0000000000000000E+000 -1.0000000000000000E+000
 -1.0000000000000000E+000 -1.0000000000000000E+000 -1.0000000000000000E+000 -1.0000000000000000E+000 -1.0000000000000000E+000
 -1.0000000000000000E+000 -1.0000000000000000E+000 -1.0000000000000000E+000 -1.0000000000000000E+000 -1.0000000000000000E+000
 -1.0000000000000000E+000 -1.0000000000000000E+000 -1.0000000000000000E+000 -1.0000000000000000E+000 -1.0000000000000000E+000
 -1.0000000000000000E+000 -1.0000000000000000E+000 -1.0000000000000000E+000 -1.0000000000000000E+000 -1.0000000000000000E+000
 -1.0000000000000000E+000 -1.0000000000000000E+000 -1.0000000000000000E+000 -1.0000000000000000E+000 -1.0000000000000000E+000
 -1.0000000000000000E+000 -1.0000000000000000E+000 -1.0000000000000000E+000 -1.0000000000000000E+000 -1.0000000000000000E+000
  2.0925864351236365E+000  1.6444233770958834E+000  3.4116734165413543E+000  3.5247331605510461E+000  3.6118688905596308E+000
  3.6747134489187472E+000  3.7231906428031998E+000  3.7564686809090069E+000  3.7764898279094945E+000  3.7819078711764873E+000
  3.7720023338853750E+000  3.7459881124861294E+000  3.7008994861274447E+000  3.6344245505739021E+000  3.5433134115522305E+000
  3.4183383999705965E+000  1.7174048151764143E+000  2.1811919559727944E+000 -1.0000000000000000E+000 -1.0000000000000000E+000
 -1.0000000000000000E+000 -1.0000000000000000E+000 -1.0000000000000000E+000 -1.0000000000000000E+000 -1.0000000000000000E+000
 -1.0000000000000000E+000 -1.0000000000000000E+000 -1.0000000000000000E+000 -1.0000000000000000E+000 -1.0000000000000000E+000
 -1.0000000000000000E+000 -1.0000000000000000E+000 -1.0000000000000000E+000 -1.0000000000000000E+000 -1.0000000000000000E+000
 -1.0000000000000000E+000 -1.0000000000000000E+000 -1.0000000000000000E+000 -1.0000000000000000E+000 -1.0000000000000000E+000
 -1.0000000000000000E+000 -1.0000000000000000E+000 -1.0000000000000000E+000 -1.0000000000000000E+000 -1.0000000000000000E+000
 -1.0000000000000000E+000 -1.0000000000000000E+000 -1.0000000000000000E+000 -1.0000000000000000E+000 -1.0000000000000000E+000
 -1.0000000000000000E+000 -1.0000000000000000E+000 -1.0000000000000000E+000 -1.0000000000000000E+000 -1.0000000000000000E+000
 -1.0000000000000000E+000 -1.0000000000000000E+000 -1.0000000000000000E+000 -1.0000000000000000E+000 -1.0000000000000000E+000
 -1.0000000000000000E+000 -1.0000000000000000E+000 -1.0000000000000000E+000 -1.0000000000000000E+000 -1.0000000000000000E+000
 -1.0000000000000000E+000 -1.0000000000000000E+000 -1.0000000000000000E+000  1.4462588999428516E-001  3.3347893938184525E-001
  4.0736340395090337E-001  4.3505384396231889E-001  4.2220671690957712E-001  3.6999128694191374E-001  2.3771067992890732E-001
 -1.0000000000000000E+000 -1.0000000000000000E+000 -1.0000000000000000E+000 -1.0000000000000000E+000 -1.0000000000000000E+000
 -1.0000000000000000E+000 -1.0000000000000000E+000 -1.0000000000000000E+000 -1.0000000000000000E+000 -1.0000000000000000E+000
 -1.0000000000000000E+000  6.4983562478848539E-002  3.1209603765109345E-001  4.1766804859027618E-001  4.8440561890635236E-001
  5.2071258028362510E-001  5.4101672199583739E-001  5.4282540050489358E-001  5.2497919516609870E-001  4.9292549316173712E-001
  4.5473320373088078E-001  4.1278118782483708E-001 -1.0000000000000000E+000 -1.0000000000000000E+000 -1.0000000000000000E+000
 -1.0000000000000000E+000 -1.0000000000000000E+000 -1.0000000000000000E+000 -1.0000000000000000E+000 -1.0000000000000000E+000
 -1.0000000000000000E+000 -1.0000000000000000E+000 -1.0000000000000000E+000 -1.0000000000000000E+000 -1.0000000000000000E+000
 -1.0000000000000000E+000 -1.0000000000000000E+000 -1.0000000000000000E+000  2.1924961997031317E-001  2.4216764025118731E-001
  2.0273318605435978E-001 -1.0000000000000000E+000 -1.0000000000000000E+000 -1.0000000000000000E+000 -1.0000000000000000E+000
 -1.0000000000000000E+000 -1.0000000000000000E+000 -1.0000000000000000E+000 -1.0000000000000000E+000  2.1401821874101409E-001
  6.3918737970093376E-001  8.5534483937013295E-001  1.0078399894507428E+000  1.1260398935722264E+000  1.2195125724013236E+000
  1.2890823118054233E+000  1.3506784191420311E+000  1.4073355802763434E+000  1.4651486874641875E+000  1.5370667084293612E+000
  1.6073745331742340E+000  1.6454091578759766E+000  1.6453976234449770E+000  1.6073426829684503E+000  1.5370431907241291E+000
  1.4651370863313782E+000  1.4073275765151219E+000  1.3506680683223458E+000  1.2890681028880908E+000  1.2194770742398759E+000
  1.1259850838919765E+000  1.0077529840420525E+000  8.5521176800901111E-001  6.3894310329329362E-001  2.1350785681667372E-001
 -1.0000000000000000E+000 -1.0000000000000000E+000 -1.0000000000000000E+000 -1.0000000000000000E+000 -1.0000000000000000E+000
 -1.0000000000000000E+000 -1.0000000000000000E+000 -1.0000000000000000E+000 -1.0000000000000000E+000  8.4537461279528964E-002
  2.3175256274523914E-001  2.4160521039247079E-001  2.1069752577315837E-001 -1.0000000000000000E+000 -1.0000000000000000E+000
 -1.0000000000000000E+000 -1.0000000000000000E+000 -1.0000000000000000E+000 -1.0000000000000000E+000 -1.0000000000000000E+000
 -1.0000000000000000E+000 -1.0000000000000000E+000 -1.0000000000000000E+000 -1.0000000000000000E+000 -1.0000000000000000E+000
 -1.0000000000000000E+000 -1.0000000000000000E+000  3.2370908711967378E-001  4.4036522455866628E-001  4.9712037887839339E-001
  5.2463979761541490E-001  5.3314624379428743E-001  5.2654634791112009E-001  5.0860875811492290E-001  4.7799252616232857E-001
  4.2973757777057664E-001  3.6051625868602577E-001  2.4669973149133639E-001 -1.0000000000000000E+000 -1.0000000000000000E+000
 -1.0000000000000000E+000  2.4187754269397058E-001  3.6618115745975416E-001  4.1862020513489956E-001  4.3495872418412457E-001
  4.2551847899835576E-001  3.9067050559850747E-001  3.2124259047405862E-001  9.6910151939767319E-002 -1.0000000000000000E+000
 -1.0000000000000000E+000
BLOCK 116   3.4236051383942502E+001
 -1.0000000000000000E+000 -1.0000000000000000E+000 -1.0000000000000000E+000 -1.0000000000000000E+000 -1.0000000000000000E+000
 -1.0000000000000000E+000 -1.0000000000000000E+000 -1.0000000000000000E+000 -1.0000000000000000E+000 -1.0000000000000000E+000
 -1.0000000000000000E+000 -1.0000000000000000E+000 -1.0000000000000000E+000 -1.0000000000000000E+000 -1.0000000000000000E+000
 -1.0000000000000000E+000 -1.0000000000000000E+000 -1.0000000000000000E+000 -1.0000000000000000E+000 -1.0000000000000000E+000
 -1.0000000000000000E+000 -1.0000000000000000E+000 -1.0000000000000000E+000 -1.0000000000000000E+000 -1.0000000000000000E+000
 -1.0000000000000000E+000 -1.0000000000000000E+000 -1.0000000000000000E+000 -1.0000000000000000E+000 -1.0000000000000000E+000
 -1.0000000000000000E+000 -1.0000000000000000E+000 -1.0000000000000000E+000 -1.0000000000000000E+000 -1.0000000000000000E+000
 -1.0000000000000000E+000 -1.0000000000000000E+000 -1.0000000000000000E+000 -1.0000000000000000E+000 -1.0000000000000000E+000
 -1.0000000000000000E+000 -1.0000000000000000E+000 -1.0000000000000000E+000 -1.0000000000000000E+000 -1.0000000000000000E+000
 -1.0000000000000000E+000 -1.0000000000000000E+000 -1.0000000000000000E+000 -1.0000000000000000E+000 -1.0000000000000000E+000
 -1.0000000000000000E+000 -1.0000000000000000E+000 -1.0000000000000000E+000 -1.0000000000000000E+000 -1.0000000000000000E+000
  1.8311267514112766E+000  1.5223624285654267E+000  1.2177394441649214E+000  4.4896276408475699E-001  3.5868499941677485E+000
  3.6506226118366349E+000  3.6965855756140193E+000  3.7257532147699726E+000  3.7399171534484723E+000  3.7398183768574489E+000
  3.7260001775447593E+000  3.6981102080198438E+000  3.6543605139354742E+000  3.5932723499081676E+000  7.1492214701891710E-001
  1.2644581942396325E+000  1.5616292301103942E+000  1.8829719550427257E+000 -1.0000000000000000E+000 -1.0000000000000000E+000
 -1.0000000000000000E+000 -1.0000000000000000E+000 -1.0000000000000000E+000 -1.0000000000000000E+000 -1.0000000000000000E+000
 -1.0000000000000000E+000 -1.0000000000000000E+000 -1.0000000000000000E+000 -1.0000000000000000E+000 -1.0000000000000000E+000
 -1.0000000000000000E+000 -1.0000000000000000E+000 -1.0000000000000000E+000 -1.0000000000000000E+000 -1.0000000000000000E+000
 -1.0000000000000000E+000 -1.0000000000000000E+000 -1.0000000000000000E+000 -1.0000000000000000E+000 -1.0000000000000000E+000
 -1.0000000000000000E+000 -1.0000000000000000E+000 -1.0000000000000000E+000 -1.0000000000000000E+000 -1.0000000000000000E+000
 -1.0000000000000000E+000 -1.0000000000000000E+000 -1.0000000000000000E+000 -1.0000000000000000E+000 -1.0000000000000000E+000
 -1.0000000000000000E+000 -1.0000000000000000E+000 -1.0000000000000000E+000 -1.0000000000000000E+000 -1.0000000000000000E+000
 -1.0000000000000000E+000 -1.0000000000000000E+000 -1.0000000000000000E+000 -1.0000000000000000E+000 -1.0000000000000000E+000
 -1.0000000000000000E+000 -1.0000000000000000E+000 -1.0000000000000000E+000 -1.0000000000000000E+000 -1.0000000000000000E+000
 -1.0000000000000000E+000 -1.0000000000000000E+000 -1.0000000000000000E+000 -1.0000000000000000E+000 -1.0000000000000000E+000
  1.4625015990941151E-001  3.2982984173413638E-001  4.1625525048177803E-001  4.4538950223945367E-001  4.2610353806731804E-001
  3.6244405992604045E-001  2.1191236648451309E-001 -1.0000000000000000E+000 -1.0000000000000000E+000 -1.0000000000000000E+000
 -1.0000000000000000E+000 -1.0000000000000000E+000 -1.0000000000000000E+000 -1.0000000000000000E+000 -1.0000000000000000E+000
 -1.0000000000000000E+000 -1.0000000000000000E+000 -1.0000000000000000E+000 -1.0000000000000000E+000 -1.0000000000000000E+000
  2.2212804017761278E-001  3.8323271598328046E-001  4.8972882901487935E-001  5.6853256095510984E-001  6.0965276323071693E-001
  6.0756209184070076E-001  5.6640868135599343E-001  5.0162649034315909E-001  3.9764656113686470E-001  2.6481636899453664E-001
 -1.0000000000000000E+000 -1.0000000000000000E+000 -1.0000000000000000E+000 -1.0000000000000000E+000 -1.0000000000000000E+000
 -1.0000000000000000E+000 -1.0000000000000000E+000 -1.0000000000000000E+000 -1.0000000000000000E+000 -1.0000000000000000E+000
 -1.0000000000000000E+000 -1.0000000000000000E+000 -1.0000000000000000E+000 -1.0000000000000000E+000 -1.0000000000000000E+000
 -1.0000000000000000E+000 -1.0000000000000000E+000 -1.0000000000000000E+000 -1.0000000000000000E+000 -1.0000000000000000E+000
 -1.0000000000000000E+000 -1.0000000000000000E+000 -1.0000000000000000E+000 -1.0000000000000000E+000 -1.0000000000000000E+000
 -1.0000000000000000E+000  1.2246151614018869E-001  5.5228991122896676E-001  7.5191053840226307E-001  9.2310495388578828E-001
  1.0739841905901737E+000  1.2473807568338544E+000  1.4843345486006811E+000  1.7106410633465539E+000  1.8390982588383458E+000
  1.9090521015011235E+000  1.9420577371093910E+000  1.9420616382859353E+000  1.9090478917303024E+000  1.8389750163665224E+000
  1.7104328701156351E+000  1.4835988449685034E+000  1.2460527398761485E+000  1.0718479591014141E+000  9.1922766005572853E-001
  7.3899776230436542E-001  4.7165375269135473E-001 -1.0000000000000000E+000 -1.0000000000000000E+000 -1.0000000000000000E+000
 -1.0000000000000000E+000 -1.0000000000000000E+000 -1.0000000000000000E+000 -1.0000000000000000E+000 -1.0000000000000000E+000
  2.1326797292303340E-001  2.3982340376531938E-001  2.3558110291340614E-001 -1.0000000000000000E+000 -1.0000000000000000E+000
 -1.0000000000000000E+000 -1.0000000000000000E+000 -1.0000000000000000E+000 -1.0000000000000000E+000 -1.0000000000000000E+000
 -1.0000000000000000E+000 -1.0000000000000000E+000 -1.0000000000000000E+000 -1.0000000000000000E+000 -1.0000000000000000E+000
 -1.0000000000000000E+000 -1.0000000000000000E+000 -1.0000000000000000E+000 -1.0000000000000000E+000  1.6428641560796836E-001
  3.6818293881132830E-001  4.6624471066694734E-001  5.2726110321010844E-001  5.6008515231190326E-001  5.7304875829347879E-001
  5.6643509968439643E-001  5.3259755129951591E-001  4.6740396642083021E-001  3.4320876993189864E-001 -1.0000000000000000E+000
 -1.0000000000000000E+000 -1.0000000000000000E+000 -1.0000000000000000E+000  3.0216139776582129E-001  4.3411134248225858E-001
  4.7703937616326231E-001  4.7709904939897180E-001  4.2738933611564534E-001  2.9731423135342183E-001 -1.0000000000000000E+000
 -1.0000000000000000E+000 -1.0000000000000000E+000 -1.0000000000000000E+000 -1.0000000000000000E+000 -1.0000000000000000E+000
 -1.0000000000000000E+000
BLOCK 117   3.4536367624152568E+001
 -1.0000000000000000E+000 -1.0000000000000000E+000 -1.0000000000000000E+000 -1.0000000000000000E+000 -1.0000000000000000E+000
 -1.0000000000000000E+000 -1.0000000000000000E+000 -1.0000000000000000E+000 -1.0000000000000000E+000 -1.0000000000000000E+000
 -1.0000000000000000E+000 -1.0000000000000000E+000 -1.0000000000000000E+000 -1.0000000000000000E+000 -1.0000000000000000E+000
 -1.0000000000000000E+000 -1.0000000000000000E+000 -1.0000000000000000E+000 -1.0000000000000000E+000 -1.0000000000000000E+000
 -1.0000000000000000E+000 -1.0000000000000000E+000 -1.0000000000000000E+000 -1.0000000000000000E+000 -1.0000000000000000E+000
 -1.0000000000000000E+000 -1.0000000000000000E+000 -1.0000000000000000E+000 -1.0000000000000000E+000 -1.0000000000000000E+000
 -1.0000000000000000E+000 -1.0000000000000000E+000 -1.0000000000000000E+000 -1.0000000000000000E+000 -1.0000000000000000E+000
 -1.0000000000000000E+000 -1.0000000000000000E+000 -1.0000000000000000E+000 -1.0000000000000000E+000 -1.0000000000000000E+000
 -1.0000000000000000E+000 -1.0000000000000000E+000 -1.0000000000000000E+000 -1.0000000000000000E+000 -1.0000000000000000E+000
 -1.0000000000000000E+000 -1.0000000000000000E+000 -1.0000000000000000E+000 -1.0000000000000000E+000 -1.0000000000000000E+000
 -1.0000000000000000E+000 -1.0000000000000000E+000 -1.0000000000000000E+000 -1.0000000000000000E+000  1.8837725065609039E+000
  1.5565342297919051E+000  1.3179592235963369E+000  1.1025981124651092E+000  8.8770495984653197E-001  6.3163014351756996E-001
  3.5921911828303008E+000  3.6327451740252874E+000  3.6589764139971757E+000  3.6711633155622647E+000  3.6691772133289366E+000
  3.6533020997099319E+000  3.6237631010783167E+000  3.5796881049482479E+000  6.7094471209267448E-001  9.1763645198313937E-001
  1.1253551987739585E+000  1.3368300171321819E+000  1.5840010887695577E+000  1.9526794449256004E+000 -1.0000000000000000E+000
 -1.0000000000000000E+000 -1.0000000000000000E+000 -1.0000000000000000E+000 -1.0000000000000000E+000 -1.0000000000000000E+000
 -1.0000000000000000E+000 -1.0000000000000000E+000 -1.0000000000000000E+000 -1.0000000000000000E+000 -1.0000000000000000E+000
 -1.0000000000000000E+000 -1.0000000000000000E+000 -1.0000000000000000E+000 -1.0000000000000000E+000 -1.0000000000000000E+000
 -1.0000000000000000E+000 -1.0000000000000000E+000 -1.0000000000000000E+000 -1.0000000000000000E+000 -1.0000000000000000E+000
 -1.0000000000000000E+000 -1.0000000000000000E+000 -1.0000000000000000E+000 -1.0000000000000000E+000 -1.0000000000000000E+000
 -1.0000000000000000E+000 -1.0000000000000000E+000 -1.0000000000000000E+000 -1.0000000000000000E+000 -1.0000000000000000E+000
 -1.0000000000000000E+000 -1.0000000000000000E+000 -1.0000000000000000E+000 -1.0000000000000000E+000 -1.0000000000000000E+000
 -1.0000000000000000E+000 -1.0000000000000000E+000 -1.0000000000000000E+000 -1.0000000000000000E+000 -1.0000000000000000E+000
 -1.0000000000000000E+000 -1.0000000000000000E+000 -1.0000000000000000E+000 -1.0000000000000000E+000 -1.0000000000000000E+000
 -1.0000000000000000E+000 -1.0000000000000000E+000 -1.0000000000000000E+000 -1.0000000000000000E+000 -1.0000000000000000E+000
 -1.0000000000000000E+000 -1.0000000000000000E+000  1.6661938342842750E-001  3.3649506752026054E-001  4.1486397575304879E-001
  4.4213096697378362E-001  4.2329717668032274E-001  3.5925071521020185E-001  2.0914792506596483E-001 -1.0000000000000000E+000
 -1.0000000000000000E+000 -1.0000000000000000E+000 -1.0000000000000000E+000 -1.0000000000000000E+000 -1.0000000000000000E+000
 -1.0000000000000000E+000 -1.0000000000000000E+000 -1.0000000000000000E+000 -1.0000000000000000E+000 -1.0000000000000000E+000
 -1.0000000000000000E+000 -1.0000000000000000E+000 -1.0000000000000000E+000 -1.0000000000000000E+000  3.5940233225593021E-001
  5.1011798413921605E-001  5.9153389275426294E-001  6.3215623961005385E-001  6.3778160086607938E-001  6.0383574494149639E-001
  5.2057126223020922E-001  3.4314529193168697E-001 -1.0000000000000000E+000 -1.0000000000000000E+000 -1.0000000000000000E+000
 -1.0000000000000000E+000 -1.0000000000000000E+000 -1.0000000000000000E+000 -1.0000000000000000E+000 -1.0000000000000000E+000
 -1.0000000000000000E+000 -1.0000000000000000E+000 -1.0000000000000000E+000 -1.0000000000000000E+000 -1.0000000000000000E+000
 -1.0000000000000000E+000 -1.0000000000000000E+000 -1.0000000000000000E+000 -1.0000000000000000E+000 -1.0000000000000000E+000
 -1.0000000000000000E+000 -1.0000000000000000E+000 -1.0000000000000000E+000 -1.0000000000000000E+000 -1.0000000000000000E+000
 -1.0000000000000000E+000 -1.0000000000000000E+000 -1.0000000000000000E+000 -1.0000000000000000E+000 -1.0000000000000000E+000
  1.9252175382676218E-001  1.4401767023290759E+000  1.7216418308196699E+000  1.8799939262416288E+000  1.9737600268457915E+000
  2.0303996469026653E+000  2.0563438980214745E+000  2.0562666301275767E+000  2.0302302437996982E+000  1.9732167337127173E+000
  1.8789167133059361E+000  1.7165213722654444E+000  9.3383489352803650E-001  5.5581394056577871E-001  1.2573995413050904E-001
 -1.0000000000000000E+000 -1.0000000000000000E+000 -1.0000000000000000E+000 -1.0000000000000000E+000 -1.0000000000000000E+000
 -1.0000000000000000E+000  1.6115328127155315E-001  2.3239856729232727E-001  2.4774695993159285E-001  1.9722106646577334E-001
 -1.0000000000000000E+000 -1.0000000000000000E+000 -1.0000000000000000E+000 -1.0000000000000000E+000 -1.0000000000000000E+000
 -1.0000000000000000E+000 -1.0000000000000000E+000 -1.0000000000000000E+000 -1.0000000000000000E+000 -1.0000000000000000E+000
 -1.0000000000000000E+000 -1.0000000000000000E+000 -1.0000000000000000E+000 -1.0000000000000000E+000 -1.0000000000000000E+000
 -1.0000000000000000E+000 -1.0000000000000000E+000 -1.0000000000000000E+000  3.9465905683722441E-001  5.6265132564084086E-001
  6.2413489653807175E-001  6.4558472576610371E-001  6.2894146282030183E-001  5.7274940022590337E-001  4.5859231412414675E-001
  2.0973915874818688E-001 -1.0000000000000000E+000 -1.0000000000000000E+000 -1.0000000000000000E+000  3.0203096732438900E-001
  4.0898397014312832E-001  4.5239924148023375E-001  4.5882333798440461E-001  4.2491351289874196E-001  3.4109824991024784E-001
  1.7180460823087268E-001 -1.0000000000000000E+000 -1.0000000000000000E+000 -1.0000000000000000E+000 -1.0000000000000000E+000
 -1.0000000000000000E+000 -1.0000000000000000E+000 -1.0000000000000000E+000 -1.0000000000000000E+000 -1.0000000000000000E+000
 -1.0000000000000000E+000
BLOCK 118   3.4836683864362634E+001
 -1.0000000000000000E+000 -1.0000000000000000E+000 -1.0000000000000000E+000 -1.0000000000000000E+000 -1.0000000000000000E+000
 -1.0000000000000000E+000 -1.0000000000000000E+000 -1.0000000000000000E+000 -1.0000000000000000E+000 -1.0000000000000000E+000
 -1.0000000000000000E+000 -1.0000000000000000E+000 -1.0000000000000000E+000 -1.0000000000000000E+000 -1.0000000000000000E+000
 -1.0000000000000000E+000 -1.0000000000000000E+000 -1.0000000000000000E+000 -1.0000000000000000E+000 -1.0000000000000000E+000
 -1.0000000000000000E+000 -1.0000000000000000E+000 -1.0000000000000000E+000 -1.0000000000000000E+000 -1.0000000000000000E+000
 -1.0000000000000000E+000 -1.0000000000000000E+000 -1.0000000000000000E+000 -1.0000000000000000E+000 -1.0000000000000000E+000
 -1.0000000000000000E+000 -1.0000000000000000E+000 -1.0000000000000000E+000 -1.0000000000000000E+000 -1.0000000000000000E+000
 -1.0000000000000000E+000 -1.0000000000000000E+000 -1.0000000000000000E+000 -1.0000000000000000E+000 -1.0000000000000000E+000
 -1.0000000000000000E+000 -1.0000000000000000E+000 -1.0000000000000000E+000 -1.0000000000000000E+000 -1.0000000000000000E+000
 -1.0000000000000000E+000 -1.0000000000000000E+000 -1.0000000000000000E+000 -1.0000000000000000E+000 -1.0000000000000000E+000
 -1.0000000000000000E+000 -1.0000000000000000E+000 -1.0000000000000000E+000 -1.0000000000000000E+000  1.5119336699911095E+000
  1.2510063902634767E+000  1.0544464456215290E+000  8.8799547790603806E-001  7.2735624645494557E-001  5.4880503307297424E-001
  3.1377786737715002E-001  3.5392078300356924E+000  3.5625924142443202E+000  3.5724036128752945E+000  3.5693857148059132E+000
  3.5539114015324178E+000  3.5260519433516215E+000  3.6385477488695850E-001  5.7123232686192149E-001  7.4052398113281981E-001
  9.0236003632241679E-001  1.0761835920402709E+000  1.2797948436885234E+000  1.5458929372426455E+000 -1.0000000000000000E+000
 -1.0000000000000000E+000 -1.0000000000000000E+000 -1.0000000000000000E+000 -1.0000000000000000E+000 -1.0000000000000000E+000
 -1.0000000000000000E+000 -1.0000000000000000E+000 -1.0000000000000000E+000 -1.0000000000000000E+000 -1.0000000000000000E+000
 -1.0000000000000000E+000 -1.0000000000000000E+000 -1.0000000000000000E+000 -1.0000000000000000E+000 -1.0000000000000000E+000
 -1.0000000000000000E+000 -1.0000000000000000E+000 -1.0000000000000000E+000 -1.0000000000000000E+000 -1.0000000000000000E+000
 -1.0000000000000000E+000 -1.0000000000000000E+000 -1.0000000000000000E+000 -1.0000000000000000E+000 -1.0000000000000000E+000
 -1.0000000000000000E+000 -1.0000000000000000E+000 -1.0000000000000000E+000 -1.0000000000000000E+000 -1.0000000000000000E+000
 -1.0000000000000000E+000 -1.0000000000000000E+000 -1.0000000000000000E+000 -1.0000000000000000E+000 -1.0000000000000000E+000
 -1.0000000000000000E+000 -1.0000000000000000E+000 -1.0000000000000000E+000 -1.0000000000000000E+000 -1.0000000000000000E+000
 -1.0000000000000000E+000 -1.0000000000000000E+000 -1.0000000000000000E+000 -1.0000000000000000E+000 -1.0000000000000000E+000
 -1.0000000000000000E+000 -1.0000000000000000E+000 -1.0000000000000000E+000 -1.0000000000000000E+000 -1.0000000000000000E+000
 -1.0000000000000000E+000 -1.0000000000000000E+000 -1.0000000000000000E+000 -1.0000000000000000E+000  1.9225420258897372E-001
  3.4607300487178833E-001  4.1047880611967458E-001  4.3544380865074001E-001  4.1675804584206044E-001  3.5668766199092239E-001
  2.1194305982786302E-001 -1.0000000000000000E+000 -1.0000000000000000E+000 -1.0000000000000000E+000 -1.0000000000000000E+000
 -1.0000000000000000E+000 -1.0000000000000000E+000 -1.0000000000000000E+000 -1.0000000000000000E+000 -1.0000000000000000E+000
 -1.0000000000000000E+000 -1.0000000000000000E+000 -1.0000000000000000E+000 -1.0000000000000000E+000 -1.0000000000000000E+000
 -1.0000000000000000E+000  2.6220263923463771E-001  4.3240149941505829E-001  5.2393643163272419E-001  5.6958096885034115E-001
  5.8747101829663251E-001  5.8308448457033146E-001  5.5444336164441921E-001  4.9971050618677937E-001  4.0092236403670806E-001
  2.2878749418739369E-001 -1.0000000000000000E+000 -1.0000000000000000E+000 -1.0000000000000000E+000 -1.0000000000000000E+000
 -1.0000000000000000E+000 -1.0000000000000000E+000 -1.0000000000000000E+000 -1.0000000000000000E+000 -1.0000000000000000E+000
 -1.0000000000000000E+000 -1.0000000000000000E+000 -1.0000000000000000E+000 -1.0000000000000000E+000 -1.0000000000000000E+000
 -1.0000000000000000E+000 -1.0000000000000000E+000 -1.0000000000000000E+000 -1.0000000000000000E+000 -1.0000000000000000E+000
 -1.0000000000000000E+000 -1.0000000000000000E+000 -1.0000000000000000E+000 -1.0000000000000000E+000 -1.0000000000000000E+000
 -1.0000000000000000E+000  1.2896589157797147E+000  8.2178419758380783E-001  4.4909623477696936E-001  2.0312609210921870E+000
  2.0643588753275059E+000  2.0762359711257585E+000  2.0717551570737944E+000  2.0512409115818113E+000  2.0079886924646173E+000
  1.9366965744388560E+000  6.5931468891419431E-001  9.7323596809662605E-001 -1.0000000000000000E+000 -1.0000000000000000E+000
 -1.0000000000000000E+000 -1.0000000000000000E+000 -1.0000000000000000E+000 -1.0000000000000000E+000  2.1079058952391011E-001
  2.3574780777364140E-001  2.1882586168314569E-001  7.9689889058353933E-002 -1.0000000000000000E+000 -1.0000000000000000E+000
 -1.0000000000000000E+000 -1.0000000000000000E+000 -1.0000000000000000E+000 -1.0000000000000000E+000 -1.0000000000000000E+000
 -1.0000000000000000E+000 -1.0000000000000000E+000 -1.0000000000000000E+000 -1.0000000000000000E+000 -1.0000000000000000E+000
 -1.0000000000000000E+000 -1.0000000000000000E+000 -1.0000000000000000E+000 -1.0000000000000000E+000  2.7208555255967720E-001
  4.1599925038596708E-001  5.0880807816361817E-001  5.6286749143232429E-001  5.8841283234602149E-001  5.8691494228128194E-001
  5.5798901393063982E-001  4.9676839078092605E-001  3.9552494417287554E-001 -1.0000000000000000E+000 -1.0000000000000000E+000
  2.8627415410643459E-001  4.0205625041111548E-001  4.5283855140548102E-001  4.6317886147201542E-001  4.3349611252186226E-001
  3.5480465926901894E-001  1.9733358712419327E-001 -1.0000000000000000E+000 -1.0000000000000000E+000 -1.0000000000000000E+000
 -1.0000000000000000E+000 -1.0000000000000000E+000 -1.0000000000000000E+000 -1.0000000000000000E+000 -1.0000000000000000E+000
 -1.0000000000000000E+000 -1.0000000000000000E+000 -1.0000000000000000E+000 -1.0000000000000000E+000 -1.0000000000000000E+000
 -1.0000000000000000E+000
BLOCK 119   3.5137000104572699E+001
 -1.0000000000000000E+000 -1.0000000000000000E+000 -1.0000000000000000E+000 -1.0000000000000000E+000 -1.0000000000000000E+000
 -1.0000000000000000E+000 -1.0000000000000000E+000 -1.0000000000000000E+000 -1.0000000000000000E+000 -1.0000000000000000E+000
 -1.0000000000000000E+000 -1.0000000000000000E+000 -1.0000000000000000E+000 -1.0000000000000000E+000 -1.0000000000000000E+000
 -1.0000000000000000E+000 -1.0000000000000000E+000 -1.0000000000000000E+000 -1.0000000000000000E+000 -1.0000000000000000E+000
 -1.0000000000000000E+000 -1.0000000000000000E+000 -1.0000000000000000E+000 -1.0000000000000000E+000 -1.0000000000000000E+000
 -1.0000000000000000E+000 -1.0000000000000000E+000 -1.0000000000000000E+000 -1.0000000000000000E+000 -1.0000000000000000E+000
 -1.0000000000000000E+000 -1.0000000000000000E+000 -1.0000000000000000E+000 -1.0000000000000000E+000 -1.0000000000000000E+000
 -1.0000000000000000E+000 -1.0000000000000000E+000 -1.0000000000000000E+000 -1.0000000000000000E+000 -1.0000000000000000E+000
 -1.0000000000000000E+000 -1.0000000000000000E+000 -1.0000000000000000E+000 -1.0000000000000000E+000 -1.0000000000000000E+000
 -1.0000000000000000E+000 -1.0000000000000000E+000 -1.0000000000000000E+000 -1.0000000000000000E+000 -1.0000000000000000E+000
 -1.0000000000000000E+000 -1.0000000000000000E+000 -1.0000000000000000E+000  1.5081711544449337E+000  1.1465597620373127E+000
  8.7506994664385596E-001  5.9287931856679188E-001  3.1848300430894367E+000  3.2698286501162261E+000  3.3353294252821670E+000
  3.3847204226354779E+000  3.4196899438462069E+000  3.4417564531931446E+000  3.4517691832289379E+000  3.4498881371532755E+000
  3.4360239976273768E+000  3.4090010729878846E+000  3.3689639075952664E+000  3.3140631843173085E+000  3.2426059668443181E+000
  3.1521840445459905E+000  6.4791782681616572E-001  9.0026472387616840E-001  1.1520457412886063E+000  1.4959395070368404E+000
 -1.0000000000000000E+000 -1.0000000000000000E+000 -1.0000000000000000E+000 -1.0000000000000000E+000 -1.0000000000000000E+000
 -1.0000000000000000E+000 -1.0000000000000000E+000 -1.0000000000000000E+000 -1.0000000000000000E+000 -1.0000000000000000E+000
 -1.0000000000000000E+000 -1.0000000000000000E+000 -1.0000000000000000E+000 -1.0000000000000000E+000 -1.0000000000000000E+000
 -1.0000000000000000E+000 -1.0000000000000000E+000 -1.0000000000000000E+000 -1.0000000000000000E+000 -1.0000000000000000E+000
 -1.0000000000000000E+000 -1.0000000000000000E+000 -1.0000000000000000E+000 -1.0000000000000000E+000 -1.0000000000000000E+000
 -1.0000000000000000E+000 -1.0000000000000000E+000 -1.0000000000000000E+000 -1.0000000000000000E+000 -1.0000000000000000E+000
 -1.0000000000000000E+000 -1.0000000000000000E+000 -1.0000000000000000E+000 -1.0000000000000000E+000 -1.0000000000000000E+000
 -1.0000000000000000E+000 -1.0000000000000000E+000 -1.0000000000000000E+000 -1.0000000000000000E+000 -1.0000000000000000E+000
 -1.0000000000000000E+000 -1.0000000000000000E+000 -1.0000000000000000E+000 -1.0000000000000000E+000 -1.0000000000000000E+000
 -1.0000000000000000E+000 -1.0000000000000000E+000 -1.0000000000000000E+000 -1.0000000000000000E+000 -1.0000000000000000E+000
 -1.0000000000000000E+000 -1.0000000000000000E+000 -1.0000000000000000E+000 -1.0000000000000000E+000 -1.0000000000000000E+000
 -1.0000000000000000E+000  2.0170934530260773E-001  3.5045533704973780E-001  4.1152871715473982E-001  4.3451161843117736E-001
  4.1510411156713567E-001  3.5279466010497129E-001  2.0366365746718079E-001 -1.0000000000000000E+000 -1.0000000000000000E+000
 -1.0000000000000000E+000 -1.0000000000000000E+000 -1.0000000000000000E+000 -1.0000000000000000E+000 -1.0000000000000000E+000
 -1.0000000000000000E+000 -1.0000000000000000E+000 -1.0000000000000000E+000 -1.0000000000000000E+000 -1.0000000000000000E+000
 -1.0000000000000000E+000 -1.0000000000000000E+000 -1.0000000000000000E+000 -1.0000000000000000E+000  3.2033813418060691E-001
  4.4582179692693880E-001  5.1563952483101039E-001  5.5602723949312149E-001  5.7434841579838847E-001  5.7396713145225853E-001
  5.5237600542065868E-001  5.0167108794832371E-001  4.0470432099843151E-001  2.1522896390010560E-001 -1.0000000000000000E+000
 -1.0000000000000000E+000 -1.0000000000000000E+000 -1.0000000000000000E+000 -1.0000000000000000E+000 -1.0000000000000000E+000
 -1.0000000000000000E+000 -1.0000000000000000E+000 -1.0000000000000000E+000 -1.0000000000000000E+000 -1.0000000000000000E+000
 -1.0000000000000000E+000 -1.0000000000000000E+000 -1.0000000000000000E+000 -1.0000000000000000E+000 -1.0000000000000000E+000
 -1.0000000000000000E+000 -1.0000000000000000E+000 -1.0000000000000000E+000 -1.0000000000000000E+000 -1.0000000000000000E+000
 -1.0000000000000000E+000  9.3776960753782912E-001  6.4117589943636666E-001  4.3094816205212644E-001  2.0238654165494996E-001
  2.0402232458121912E+000  2.0697438473188847E+000  2.0708829129830404E+000  2.0455640514559477E+000  1.9922649814635267E+000
  3.6947308709910359E-001  5.6178543015372173E-001  7.8404718443406818E-001 -1.0000000000000000E+000 -1.0000000000000000E+000
 -1.0000000000000000E+000 -1.0000000000000000E+000  2.0117436521642765E-001  2.3210025220244349E-001  2.3013742667200859E-001
  1.9246907513353276E-001 -1.0000000000000000E+000 -1.0000000000000000E+000 -1.0000000000000000E+000 -1.0000000000000000E+000
 -1.0000000000000000E+000 -1.0000000000000000E+000 -1.0000000000000000E+000 -1.0000000000000000E+000 -1.0000000000000000E+000
 -1.0000000000000000E+000 -1.0000000000000000E+000 -1.0000000000000000E+000 -1.0000000000000000E+000 -1.0000000000000000E+000
 -1.0000000000000000E+000  2.6836754694029824E-001  4.1884702153359299E-001  4.9620047974252712E-001  5.4225069574683726E-001
  5.6513625619219532E-001  5.6749022887636014E-001  5.4954885655495833E-001  5.0659232995092696E-001  4.2749018985070625E-001
  2.7731127490283203E-001  2.8389276856343360E-001  3.9455354831937012E-001  4.5444391073455681E-001  4.7426087585319054E-001
  4.4875740590716656E-001  3.6448462585078578E-001  1.7351005448800383E-001 -1.0000000000000000E+000 -1.0000000000000000E+000
 -1.0000000000000000E+000 -1.0000000000000000E+000 -1.0000000000000000E+000 -1.0000000000000000E+000 -1.0000000000000000E+000
 -1.0000000000000000E+000 -1.0000000000000000E+000 -1.0000000000000000E+000 -1.0000000000000000E+000 -1.0000000000000000E+000
 -1.0000000000000000E+000 -1.0000000000000000E+000 -1.0000000000000000E+000 -1.0000000000000000E+000 -1.0000000000000000E+000
 -1.0000000000000000E+000
BLOCK 120   3.5437316344782765E+001
 -1.0000000000000000E+000 -1.0000000000000000E+000 -1.0000000000000000E+000 -1.0000000000000000E+000 -1.0000000000000000E+000
 -1.0000000000000000E+000 -1.0000000000000000E+000 -1.0000000000000000E+000 -1.0000000000000000E+000 -1.0000000000000000E+000
 -1.0000000000000000E+000 -1.0000000000000000E+000 -1.0000000000000000E+000 -1.0000000000000000E+000 -1.0000000000000000E+000
 -1.0000000000000000E+000 -1.0000000000000000E+000 -1.0000000000000000E+000 -1.0000000000000000E+000 -1.0000000000000000E+000
 -1.0000000000000000E+000 -1.0000000000000000E+000 -1.0000000000000000E+000 -1.0000000000000000E+000 -1.0000000000000000E+000
 -1.0000000000000000E+000 -1.0000000000000000E+000 -1.0000000000000000E+000 -1.0000000000000000E+000 -1.0000000000000000E+000
 -1.0000000000000000E+000 -1.0000000000000000E+000 -1.0000000000000000E+000 -1.0000000000000000E+000 -1.0000000000000000E+000
 -1.0000000000000000E+000 -1.0000000000000000E+000 -1.0000000000000000E+000 -1.0000000000000000E+000 -1.0000000000000000E+000
 -1.0000000000000000E+000 -1.0000000000000000E+000 -1.0000000000000000E+000 -1.0000000000000000E+000 -1.0000000000000000E+000
 -1.0000000000000000E+000 -1.0000000000000000E+000 -1.0000000000000000E+000 -1.0000000000000000E+000 -1.0000000000000000E+000
 -1.0000000000000000E+000 -1.0000000000000000E+000  6.2160105332271476E-001  2.4675280617807784E+000  2.6864879674769253E+000
  2.8439422567666166E+000  2.9666606812531073E+000  3.0639430688025762E+000  3.1414522330629260E+000  3.2020271942190077E+000
  3.2481266249220750E+000  3.2814665055136745E+000  3.3033407835507593E+000  3.3130743494057646E+000  3.3110581599799827E+000
  3.2975826362363834E+000  3.2721426377270921E+000  3.2344919350782870E+000  3.1835157351460159E+000  3.1179498485066222E+000
  3.0349786801033631E+000  2.9316577805076780E+000  2.8021396345460396E+000  2.6335552161726983E+000  2.3991566133716833E+000
  6.3313291453027987E-001 -1.0000000000000000E+000 -1.0000000000000000E+000 -1.0000000000000000E+000 -1.0000000000000000E+000
 -1.0000000000000000E+000 -1.0000000000000000E+000 -1.0000000000000000E+000 -1.0000000000000000E+000 -1.0000000000000000E+000
 -1.0000000000000000E+000 -1.0000000000000000E+000 -1.0000000000000000E+000 -1.0000000000000000E+000 -1.0000000000000000E+000
 -1.0000000000000000E+000 -1.0000000000000000E+000 -1.0000000000000000E+000 -1.0000000000000000E+000 -1.0000000000000000E+000
 -1.0000000000000000E+000 -1.0000000000000000E+000 -1.0000000000000000E+000 -1.0000000000000000E+000 -1.0000000000000000E+000
 -1.0000000000000000E+000 -1.0000000000000000E+000 -1.0000000000000000E+000 -1.0000000000000000E+000 -1.0000000000000000E+000
 -1.0000000000000000E+000 -1.0000000000000000E+000 -1.0000000000000000E+000 -1.0000000000000000E+000 -1.0000000000000000E+000
 -1.0000000000000000E+000 -1.0000000000000000E+000 -1.0000000000000000E+000 -1.0000000000000000E+000 -1.0000000000000000E+000
 -1.0000000000000000E+000 -1.0000000000000000E+000 -1.0000000000000000E+000 -1.0000000000000000E+000 -1.0000000000000000E+000
 -1.0000000000000000E+000 -1.0000000000000000E+000 -1.0000000000000000E+000 -1.0000000000000000E+000 -1.0000000000000000E+000
 -1.0000000000000000E+000 -1.0000000000000000E+000 -1.0000000000000000E+000 -1.0000000000000000E+000 -1.0000000000000000E+000
 -1.0000000000000000E+000 -1.0000000000000000E+000 -1.0000000000000000E+000  2.0485253455508234E-001  3.5272265717716372E-001
  4.1644708560471894E-001  4.3710232091657825E-001  4.1569914805658592E-001  3.4730363492107436E-001  1.9003015930459452E-001
 -1.0000000000000000E+000 -1.0000000000000000E+000 -1.0000000000000000E+000 -1.0000000000000000E+000 -1.0000000000000000E+000
 -1.0000000000000000E+000 -1.0000000000000000E+000 -1.0000000000000000E+000 -1.0000000000000000E+000 -1.0000000000000000E+000
 -1.0000000000000000E+000 -1.0000000000000000E+000 -1.0000000000000000E+000 -1.0000000000000000E+000 -1.0000000000000000E+000
 -1.0000000000000000E+000 -1.0000000000000000E+000  2.3036093865933457E-001  4.2786147674140085E-001  5.3806356219343476E-001
  5.9692785505137402E-001  6.1834626947034554E-001  6.0950280699133019E-001  5.6619998456686382E-001  4.8020197495687339E-001
  3.3757844822699556E-001 -1.0000000000000000E+000 -1.0000000000000000E+000 -1.0000000000000000E+000 -1.0000000000000000E+000
 -1.0000000000000000E+000 -1.0000000000000000E+000 -1.0000000000000000E+000 -1.0000000000000000E+000 -1.0000000000000000E+000
 -1.0000000000000000E+000 -1.0000000000000000E+000 -1.0000000000000000E+000 -1.0000000000000000E+000 -1.0000000000000000E+000
 -1.0000000000000000E+000 -1.0000000000000000E+000 -1.0000000000000000E+000 -1.0000000000000000E+000 -1.0000000000000000E+000
  6.3944047204686882E-001  1.4135760781920239E+000  1.6288945975226676E+000  1.7599713578322413E+000  1.8446683594138826E+000
  1.9013062440132553E+000  1.9358700159588975E+000  1.9497704868196755E+000  1.9428876379162485E+000  1.9121395258305018E+000
  1.8548775661884309E+000  1.7597957011187686E+000  1.5979676781065359E+000  1.1442932715679226E+000  1.5276159632164726E-001
  1.7385942118458592E-001  1.9523505527217147E-001 -1.0000000000000000E+000 -1.0000000000000000E+000 -1.0000000000000000E+000
 -1.0000000000000000E+000 -1.0000000000000000E+000 -1.0000000000000000E+000 -1.0000000000000000E+000 -1.0000000000000000E+000
 -1.0000000000000000E+000 -1.0000000000000000E+000 -1.0000000000000000E+000 -1.0000000000000000E+000 -1.0000000000000000E+000
 -1.0000000000000000E+000 -1.0000000000000000E+000 -1.0000000000000000E+000 -1.0000000000000000E+000  3.1015895857225728E-001
  4.5468772740037222E-001  5.2538807283889555E-001  5.5268408817343040E-001  5.6519722550624263E-001  5.7810803760396723E-001
  5.9010529588388960E-001  5.8231881043178335E-001  5.5470907335491826E-001  5.0769292985764192E-001  4.5044238141746562E-001
  3.8769058617468855E-001  3.1440895344484093E-001  2.1308550583157063E-001 -1.0000000000000000E+000 -1.0000000000000000E+000
 -1.0000000000000000E+000 -1.0000000000000000E+000 -1.0000000000000000E+000 -1.0000000000000000E+000 -1.0000000000000000E+000
 -1.0000000000000000E+000 -1.0000000000000000E+000 -1.0000000000000000E+000 -1.0000000000000000E+000 -1.0000000000000000E+000
 -1.0000000000000000E+000 -1.0000000000000000E+000 -1.0000000000000000E+000 -1.0000000000000000E+000 -1.0000000000000000E+000
 -1.0000000000000000E+000 -1.0000000000000000E+000 -1.0000000000000000E+000 -1.0000000000000000E+000 -1.0000000000000000E+000
 -1.0000000000000000E+000
BLOCK 121   3.5737632584992831E+001
 -1.0000000000000000E+000 -1.0000000000000000E+000 -1.0000000000000000E+000 -1.0000000000000000E+000 -1.0000000000000000E+000
 -1.0000000000000000E+000 -1.0000000000000000E+000 -1.0000000000000000E+000 -1.0000000000000000E+000 -1.0000000000000000E+000
 -1.0000000000000000E+000 -1.0000000000000000E+000 -1.0000000000000000E+000 -1.0000000000000000E+000 -1.0000000000000000E+000
 -1.0000000000000000E+000 -1.0000000000000000E+000 -1.0000000000000000E+000 -1.0000000000000000E+000 -1.0000000000000000E+000
 -1.0000000000000000E+000 -1.0000000000000000E+000 -1.0000000000000000E+000 -1.0000000000000000E+000 -1.0000000000000000E+000
 -1.0000000000000000E+000 -1.0000000000000000E+000 -1.0000000000000000E+000 -1.0000000000000000E+000 -1.0000000000000000E+000
 -1.0000000000000000E+000 -1.0000000000000000E+000 -1.0000000000000000E+000 -1.0000000000000000E+000 -1.0000000000000000E+000
 -1.0000000000000000E+000 -1.0000000000000000E+000 -1.0000000000000000E+000 -1.0000000000000000E+000 -1.0000000000000000E+000
 -1.0000000000000000E+000 -1.0000000000000000E+000 -1.0000000000000000E+000 -1.0000000000000000E+000 -1.0000000000000000E+000
 -1.0000000000000000E+000 -1.0000000000000000E+000  3.2753574467939900E-001  6.7836469731168803E-001  9.3239228193764112E-001
  1.2382036253802928E+000  1.8013367621459804E+000  2.1928085634045864E+000  2.4324476370366992E+000  2.6053090388186311E+000
  2.7400481951836291E+000  2.8471618280895234E+000  2.9336575470738038E+000  3.0034068359008548E+000  3.0589437548665517E+000
  3.1017671369034803E+000  3.1325748007718031E+000  3.1523532209189562E+000  3.1613034794619672E+000  3.1594544162168843E+000
  3.1468028975471110E+000  3.1238666381910671E+000  3.0900173349782771E+000  3.0446066547274810E+000  2.9856817445403503E+000
  2.9110078200410716E+000  2.8186394816590097E+000  2.7037337627462135E+000  2.5619930885158864E+000  2.3770239299218150E+000
  2.1174502998118343E+000  1.6884094170429311E+000  1.1863265333474575E+000  9.0895422454567476E-001  6.7838939670957377E-001
  3.9536941706159173E-001 -1.0000000000000000E+000 -1.0000000000000000E+000 -1.0000000000000000E+000 -1.0000000000000000E+000
 -1.0000000000000000E+000 -1.0000000000000000E+000 -1.0000000000000000E+000 -1.0000000000000000E+000 -1.0000000000000000E+000
 -1.0000000000000000E+000 -1.0000000000000000E+000 -1.0000000000000000E+000 -1.0000000000000000E+000 -1.0000000000000000E+000
 -1.0000000000000000E+000 -1.0000000000000000E+000 -1.0000000000000000E+000 -1.0000000000000000E+000 -1.0000000000000000E+000
 -1.0000000000000000E+000 -1.0000000000000000E+000 -1.0000000000000000E+000 -1.0000000000000000E+000 -1.0000000000000000E+000
 -1.0000000000000000E+000 -1.0000000000000000E+000 -1.0000000000000000E+000 -1.0000000000000000E+000 -1.0000000000000000E+000
 -1.0000000000000000E+000 -1.0000000000000000E+000 -1.0000000000000000E+000 -1.0000000000000000E+000 -1.0000000000000000E+000
 -1.0000000000000000E+000 -1.0000000000000000E+000 -1.0000000000000000E+000 -1.0000000000000000E+000 -1.0000000000000000E+000
 -1.0000000000000000E+000 -1.0000000000000000E+000 -1.0000000000000000E+000 -1.0000000000000000E+000 -1.0000000000000000E+000
 -1.0000000000000000E+000 -1.0000000000000000E+000 -1.0000000000000000E+000 -1.0000000000000000E+000 -1.0000000000000000E+000
 -1.0000000000000000E+000 -1.0000000000000000E+000 -1.0000000000000000E+000 -1.0000000000000000E+000 -1.0000000000000000E+000
  2.1744031181412216E-001  3.5729197087140480E-001  4.1641686328562255E-001  4.3457506584644445E-001  4.1211880621017044E-001
  3.4352320902187483E-001  1.8141057038482727E-001 -1.0000000000000000E+000 -1.0000000000000000E+000 -1.0000000000000000E+000
 -1.0000000000000000E+000 -1.0000000000000000E+000 -1.0000000000000000E+000 -1.0000000000000000E+000 -1.0000000000000000E+000
 -1.0000000000000000E+000 -1.0000000000000000E+000 -1.0000000000000000E+000 -1.0000000000000000E+000 -1.0000000000000000E+000
 -1.0000000000000000E+000 -1.0000000000000000E+000 -1.0000000000000000E+000 -1.0000000000000000E+000 -1.0000000000000000E+000
  2.5614241449745989E-001  4.3890468794600923E-001  5.4219008104602240E-001  5.9710829369061869E-001  6.1707760319228744E-001
  6.0759183031958042E-001  5.6459042978887897E-001  4.7564601069782353E-001  3.2298733561710025E-001 -1.0000000000000000E+000
 -1.0000000000000000E+000 -1.0000000000000000E+000 -1.0000000000000000E+000 -1.0000000000000000E+000 -1.0000000000000000E+000
 -1.0000000000000000E+000 -1.0000000000000000E+000 -1.0000000000000000E+000 -1.0000000000000000E+000 -1.0000000000000000E+000
 -1.0000000000000000E+000  4.1104707078159347E-001  6.3127984287393735E-001  8.0847391506702992E-001  9.7925906267213580E-001
  1.1671805742412755E+000  1.3470266117932304E+000  1.4955669201279533E+000  1.6039689776563488E+000  1.6807722504853193E+000
  1.7331005615725696E+000  1.7639348746703933E+000  1.7754434492321480E+000  1.7660270839080172E+000  1.7363266913475670E+000
  1.6850470966412945E+000  1.6080015560699952E+000  1.4962259353180087E+000  1.3501905855778100E+000  1.2006020866292264E+000
  1.0522910512092691E+000  3.2157595006587292E-001 -1.0000000000000000E+000 -1.0000000000000000E+000 -1.0000000000000000E+000
 -1.0000000000000000E+000 -1.0000000000000000E+000 -1.0000000000000000E+000 -1.0000000000000000E+000 -1.0000000000000000E+000
 -1.0000000000000000E+000 -1.0000000000000000E+000 -1.0000000000000000E+000 -1.0000000000000000E+000 -1.0000000000000000E+000
 -1.0000000000000000E+000 -1.0000000000000000E+000 -1.0000000000000000E+000  3.9127260360008359E-001  5.7874692272834749E-001
  6.9408791180245932E-001  7.5236307157831250E-001  7.6956589516185914E-001  7.4957323715655166E-001  6.6284776096787257E-001
  4.1137900314324993E-001 -1.0000000000000000E+000 -1.0000000000000000E+000 -1.0000000000000000E+000 -1.0000000000000000E+000
 -1.0000000000000000E+000 -1.0000000000000000E+000 -1.0000000000000000E+000 -1.0000000000000000E+000 -1.0000000000000000E+000
 -1.0000000000000000E+000 -1.0000000000000000E+000 -1.0000000000000000E+000 -1.0000000000000000E+000 -1.0000000000000000E+000
 -1.0000000000000000E+000 -1.0000000000000000E+000 -1.0000000000000000E+000 -1.0000000000000000E+000 -1.0000000000000000E+000
 -1.0000000000000000E+000 -1.0000000000000000E+000 -1.0000000000000000E+000 -1.0000000000000000E+000 -1.0000000000000000E+000
 -1.0000000000000000E+000 -1.0000000000000000E+000 -1.0000000000000000E+000 -1.0000000000000000E+000 -1.0000000000000000E+000
 -1.0000000000000000E+000
BLOCK 122   3.6037948825202896E+001
 -1.0000000000000000E+000 -1.0000000000000000E+000 -1.0000000000000000E+000 -1.0000000000000000E+000 -1.0000000000000000E+000
 -1.0000000000000000E+000 -1.0000000000000000E+000 -1.0000000000000000E+000 -1.0000000000000000E+000 -1.0000000000000000E+000
 -1.0000000000000000E+000 -1.0000000000000000E+000 -1.0000000000000000E+000 -1.0000000000000000E+000 -1.0000000000000000E+000
 -1.0000000000000000E+000 -1.0000000000000000E+000 -1.0000000000000000E+000 -1.0000000000000000E+000 -1.0000000000000000E+000
 -1.0000000000000000E+000 -1.0000000000000000E+000 -1.0000000000000000E+000 -1.0000000000000000E+000 -1.0000000000000000E+000
 -1.0000000000000000E+000 -1.0000000000000000E+000 -1.0000000000000000E+000 -1.0000000000000000E+000 -1.0000000000000000E+000
 -1.0000000000000000E+000 -1.0000000000000000E+000 -1.0000000000000000E+000 -1.0000000000000000E+000 -1.0000000000000000E+000
 -1.0000000000000000E+000 -1.0000000000000000E+000 -1.0000000000000000E+000 -1.0000000000000000E+000 -1.0000000000000000E+000
 -1.0000000000000000E+000 -1.0000000000000000E+000 -1.0000000000000000E+000  1.9609327307224589E-001  6.0569428915718349E-001
  8.3357877097351296E-001  1.0123604180217123E+000  1.1722175939478212E+000  1.3334694706721066E+000  1.5154413108307236E+000
  1.7344850332140609E+000  1.9759401292966234E+000  2.1931905313825113E+000  2.3693568409568133E+000  2.5113164989449341E+000
  2.6264058710814062E+000  2.7207747281853636E+000  2.7972044755884462E+000  2.8615825463591662E+000  2.9117193315070042E+000
  2.9503756014693816E+000  2.9784220275987541E+000  2.9963341002081907E+000  3.0048310073853437E+000  3.0036775985691646E+000
  2.9928435986841637E+000  2.9722386072426872E+000  2.9412179049571052E+000  2.8994014309006517E+000  2.8459612243961314E+000
  2.7797713492571900E+000  2.6989726030505974E+000  2.5991149276292780E+000  2.4775174445210935E+000  2.3273086626227233E+000
  2.1416906349955376E+000  1.9161314364561779E+000  1.6761747398500646E+000  1.4645041134901395E+000  1.2919264579807528E+000
  1.1373735213279152E+000  9.8566130444747579E-001  8.1707576574654628E-001  6.0334598558646912E-001  2.3356387468195700E-001
 -1.0000000000000000E+000 -1.0000000000000000E+000 -1.0000000000000000E+000 -1.0000000000000000E+000 -1.0000000000000000E+000
 -1.0000000000000000E+000 -1.0000000000000000E+000 -1.0000000000000000E+000 -1.0000000000000000E+000 -1.0000000000000000E+000
 -1.0000000000000000E+000 -1.0000000000000000E+000 -1.0000000000000000E+000 -1.0000000000000000E+000 -1.0000000000000000E+000
 -1.0000000000000000E+000 -1.0000000000000000E+000 -1.0000000000000000E+000 -1.0000000000000000E+000 -1.0000000000000000E+000
 -1.0000000000000000E+000 -1.0000000000000000E+000 -1.0000000000000000E+000 -1.0000000000000000E+000 -1.0000000000000000E+000
 -1.0000000000000000E+000 -1.0000000000000000E+000 -1.0000000000000000E+000 -1.0000000000000000E+000 -1.0000000000000000E+000
 -1.0000000000000000E+000 -1.0000000000000000E+000 -1.0000000000000000E+000 -1.0000000000000000E+000 -1.0000000000000000E+000
 -1.0000000000000000E+000 -1.0000000000000000E+000 -1.0000000000000000E+000 -1.0000000000000000E+000 -1.0000000000000000E+000
 -1.0000000000000000E+000 -1.0000000000000000E+000 -1.0000000000000000E+000 -1.0000000000000000E+000 -1.0000000000000000E+000
 -1.0000000000000000E+000 -1.0000000000000000E+000 -1.0000000000000000E+000 -1.0000000000000000E+000 -1.0000000000000000E+000
 -1.0000000000000000E+000 -1.0000000000000000E+000  2.2507370346815742E-001  3.6094402851870983E-001  4.1870044316355337E-001
  4.3478625266650212E-001  4.0977233775774785E-001  3.3754223125287341E-001  1.6254439269007048E-001 -1.0000000000000000E+000
 -1.0000000000000000E+000 -1.0000000000000000E+000 -1.0000000000000000E+000 -1.0000000000000000E+000 -1.0000000000000000E+000
 -1.0000000000000000E+000 -1.0000000000000000E+000 -1.0000000000000000E+000 -1.0000000000000000E+000 -1.0000000000000000E+000
 -1.0000000000000000E+000 -1.0000000000000000E+000 -1.0000000000000000E+000 -1.0000000000000000E+000 -1.0000000000000000E+000
 -1.0000000000000000E+000 -1.0000000000000000E+000 -1.0000000000000000E+000  3.3590393700011972E-001  4.6585143112840566E-001
  5.3605791922564772E-001  5.7612686924252232E-001  5.8940958054450621E-001  5.7923167136910492E-001  5.4413483727188017E-001
  4.7550627244985133E-001  3.5489507583398444E-001 -1.0000000000000000E+000 -1.0000000000000000E+000 -1.0000000000000000E+000
 -1.0000000000000000E+000 -1.0000000000000000E+000 -1.0000000000000000E+000  3.6192677231893267E-001  6.0189162991324097E-001
  7.5759368680442940E-001  8.7588339191948950E-001  9.7508706776227649E-001  1.0639021391308998E+000  1.1465708878996250E+000
  1.2259783981440115E+000  1.3045464888053235E+000  1.3763064391673536E+000  1.4387252503004417E+000  1.4888426562941866E+000
  1.5244313070979263E+000  1.5441636445534535E+000  1.5487048956844109E+000  1.5387882784971429E+000  1.5158271930104201E+000
  1.4834121954353132E+000  1.4449738805199184E+000  1.4049242107711879E+000  1.3564817919168792E+000  1.2911572829076043E+000
  1.2054330619737645E+000  1.0921141819052398E+000  9.5022197035566458E-001  7.9365757792002101E-001  6.1353818483008982E-001
  3.4909692962848360E-001 -1.0000000000000000E+000 -1.0000000000000000E+000 -1.0000000000000000E+000 -1.0000000000000000E+000
 -1.0000000000000000E+000 -1.0000000000000000E+000 -1.0000000000000000E+000 -1.0000000000000000E+000 -1.0000000000000000E+000
  5.0168085362978954E-001  6.7086736058985852E-001  7.1938431670927050E-001  7.3735595294485612E-001  7.1893730441724735E-001
  6.6538806466043521E-001  5.7649772434405333E-001  4.3426051335319615E-001  1.5315666922639620E-001 -1.0000000000000000E+000
 -1.0000000000000000E+000 -1.0000000000000000E+000 -1.0000000000000000E+000 -1.0000000000000000E+000 -1.0000000000000000E+000
 -1.0000000000000000E+000 -1.0000000000000000E+000 -1.0000000000000000E+000 -1.0000000000000000E+000 -1.0000000000000000E+000
 -1.0000000000000000E+000 -1.0000000000000000E+000 -1.0000000000000000E+000 -1.0000000000000000E+000 -1.0000000000000000E+000
 -1.0000000000000000E+000 -1.0000000000000000E+000 -1.0000000000000000E+000 -1.0000000000000000E+000 -1.0000000000000000E+000
 -1.0000000000000000E+000 -1.0000000000000000E+000 -1.0000000000000000E+000 -1.0000000000000000E+000 -1.0000000000000000E+000
 -1.0000000000000000E+000 -1.0000000000000000E+000 -1.0000000000000000E+000 -1.0000000000000000E+000 -1.0000000000000000E+000
 -1.0000000000000000E+000
BLOCK 123   3.6338265064290198E+001
 -1.0000000000000000E+000 -1.0000000000000000E+000 -1.0000000000000000E+000 -1.0000000000000000E+000 -1.0000000000000000E+000
 -1.0000000000000000E+000 -1.0000000000000000E+000 -1.0000000000000000E+000 -1.0000000000000000E+000 -1.0000000000000000E+000
 -1.0000000000000000E+000 -1.0000000000000000E+000 -1.0000000000000000E+000 -1.0000000000000000E+000 -1.0000000000000000E+000
 -1.0000000000000000E+000 -1.0000000000000000E+000 -1.0000000000000000E+000 -1.0000000000000000E+000 -1.0000000000000000E+000
 -1.0000000000000000E+000 -1.0000000000000000E+000 -1.0000000000000000E+000 -1.0000000000000000E+000 -1.0000000000000000E+000
 -1.0000000000000000E+000 -1.0000000000000000E+000 -1.0000000000000000E+000 -1.0000000000000000E+000 -1.0000000000000000E+000
 -1.0000000000000000E+000 -1.0000000000000000E+000 -1.0000000000000000E+000 -1.0000000000000000E+000 -1.0000000000000000E+000
 -1.0000000000000000E+000 -1.0000000000000000E+000 -1.0000000000000000E+000 -1.0000000000000000E+000 -1.0000000000000000E+000
  3.6829743304798257E-001  6.7054329164473292E-001  8.6612484046730731E-001  1.0224232625154008E+000  1.1559266219568816E+000
  1.2769210437699221E+000  1.3924128859475191E+000  1.5038353467172096E+000  1.6190217489666194E+000  1.7439977489758358E+000
  1.8792599772054808E+000  2.0198245038926741E+000  2.1591599223469524E+000  2.2881506718299658E+000  2.4031222021718324E+000
  2.5030029072885238E+000  2.5880449449162852E+000  2.6588533158067169E+000  2.7169840544183135E+000  2.7630521590483861E+000
  2.7987213397376753E+000  2.8246086484328017E+000  2.8414027071188839E+000  2.8495169747206597E+000  2.8488304232991402E+000
  2.8392227539279200E+000  2.8203327912778899E+000  2.7918211588218607E+000  2.7533045367297238E+000  2.7039583563611100E+000
  2.6428174749301876E+000  2.5692153502263850E+000  2.4813098278537025E+000  2.3782269605676172E+000  2.2586857382628063E+000
  2.1244889772655249E+000  1.9829070969188334E+000  1.8410695411075555E+000  1.7078868159696223E+000  1.5861147430720630E+000
  1.4718139947170368E+000  1.3604847154687045E+000  1.2487108754469405E+000  1.1303620523379609E+000  9.9601634294295283E-001
  8.3730193517646512E-001  6.3084154048530561E-001  2.8721857043379068E-001 -1.0000000000000000E+000 -1.0000000000000000E+000
 -1.0000000000000000E+000 -1.0000000000000000E+000 -1.0000000000000000E+000 -1.0000000000000000E+000 -1.0000000000000000E+000
 -1.0000000000000000E+000 -1.0000000000000000E+000 -1.0000000000000000E+000 -1.0000000000000000E+000 -1.0000000000000000E+000
 -1.0000000000000000E+000 -1.0000000000000000E+000 -1.0000000000000000E+000 -1.0000000000000000E+000 -1.0000000000000000E+000
 -1.0000000000000000E+000 -1.0000000000000000E+000 -1.0000000000000000E+000 -1.0000000000000000E+000 -1.0000000000000000E+000
 -1.0000000000000000E+000 -1.0000000000000000E+000 -1.0000000000000000E+000 -1.0000000000000000E+000 -1.0000000000000000E+000
 -1.0000000000000000E+000 -1.0000000000000000E+000 -1.0000000000000000E+000 -1.0000000000000000E+000 -1.0000000000000000E+000
 -1.0000000000000000E+000 -1.0000000000000000E+000 -1.0000000000000000E+000 -1.0000000000000000E+000 -1.0000000000000000E+000
 -1.0000000000000000E+000 -1.0000000000000000E+000 -1.0000000000000000E+000 -1.0000000000000000E+000 -1.0000000000000000E+000
 -1.0000000000000000E+000 -1.0000000000000000E+000 -1.0000000000000000E+000 -1.0000000000000000E+000 -1.0000000000000000E+000
 -1.0000000000000000E+000 -1.0000000000000000E+000 -1.0000000000000000E+000 -1.0000000000000000E+000  2.3396911231461651E-001
  3.6552153551861405E-001  4.2069594028281770E-001  4.3477949651819864E-001  4.0745238951922980E-001  3.3051993519698886E-001
  1.4235747814266128E-001 -1.0000000000000000E+000 -1.0000000000000000E+000 -1.0000000000000000E+000 -1.0000000000000000E+000
 -1.0000000000000000E+000 -1.0000000000000000E+000 -1.0000000000000000E+000 -1.0000000000000000E+000 -1.0000000000000000E+000
 -1.0000000000000000E+000 -1.0000000000000000E+000 -1.0000000000000000E+000 -1.0000000000000000E+000 -1.0000000000000000E+000
 -1.0000000000000000E+000 -1.0000000000000000E+000 -1.0000000000000000E+000 -1.0000000000000000E+000 -1.0000000000000000E+000
 -1.0000000000000000E+000  3.3602632569615815E-001  4.6899913459389048E-001  5.4558655384153365E-001  5.8643596398195974E-001
  5.9841058413572235E-001  5.8470718973112357E-001  5.4197931011330447E-001  4.6016647536500643E-001  3.5291751148840478E-001
 -1.0000000000000000E+000  4.9189642297490999E-001  6.5839656562854543E-001  7.9937830998964388E-001  9.0465411570140519E-001
  9.8690069389093515E-001  1.0530405371786726E+000  1.1072369894894842E+000  1.1497702078186325E+000  1.1849861975910934E+000
  1.2140984570443871E+000  1.2381555923921861E+000  1.2578170452932631E+000  1.2738150666336743E+000  1.2866252995292298E+000
  1.2985133505519444E+000  1.3104798330504301E+000  1.3237354969915427E+000  1.3351357117601996E+000  1.3408673867234162E+000
  1.3397255291734491E+000  1.3310961602610125E+000  1.3135505144489654E+000  1.2855957524001185E+000  1.2476238231332604E+000
  1.2007770717443216E+000  1.1465257853576849E+000  1.0837685549910048E+000  1.0120527103586858E+000  9.3057103390388718E-001
  8.3806922634068881E-001  7.2843880537222361E-001  5.8982831223806753E-001  4.4373671692638461E-001  2.8445341991424489E-001
  3.9783215728899490E-001  4.6956395833134346E-001  5.2331248070103098E-001  5.6213152535307120E-001  5.8862996128815726E-001
  6.0421794478755797E-001  6.0793082702316503E-001  5.9727375580358677E-001  5.6870656818529441E-001  5.1387436353875782E-001
  4.1070500408720911E-001  2.2067478831290396E-001 -1.0000000000000000E+000 -1.0000000000000000E+000 -1.0000000000000000E+000
 -1.0000000000000000E+000 -1.0000000000000000E+000 -1.0000000000000000E+000 -1.0000000000000000E+000 -1.0000000000000000E+000
 -1.0000000000000000E+000 -1.0000000000000000E+000 -1.0000000000000000E+000 -1.0000000000000000E+000 -1.0000000000000000E+000
 -1.0000000000000000E+000 -1.0000000000000000E+000 -1.0000000000000000E+000 -1.0000000000000000E+000 -1.0000000000000000E+000
 -1.0000000000000000E+000 -1.0000000000000000E+000 -1.0000000000000000E+000 -1.0000000000000000E+000 -1.0000000000000000E+000
 -1.0000000000000000E+000 -1.0000000000000000E+000 -1.0000000000000000E+000 -1.0000000000000000E+000 -1.0000000000000000E+000
 -1.0000000000000000E+000 -1.0000000000000000E+000 -1.0000000000000000E+000 -1.0000000000000000E+000 -1.0000000000000000E+000
 -1.0000000000000000E+000
BLOCK 124   3.6338265064290226E+001
 -1.0000000000000000E+000 -1.0000000000000000E+000 -1.0000000000000000E+000 -1.0000000000000000E+000 -1.0000000000000000E+000
 -1.0000000000000000E+000 -1.0000000000000000E+000 -1.0000000000000000E+000 -1.0000000000000000E+000 -1.0000000000000000E+000
 -1.0000000000000000E+000 -1.0000000000000000E+000 -1.0000000000000000E+000 -1.0000000000000000E+000 -1.0000000000000000E+000
 -1.0000000000000000E+000 -1.0000000000000000E+000 -1.0000000000000000E+000 -1.0000000000000000E+000 -1.0000000000000000E+000
 -1.0000000000000000E+000 -1.0000000000000000E+000 -1.0000000000000000E+000 -1.0000000000000000E+000 -1.0000000000000000E+000
 -1.0000000000000000E+000 -1.0000000000000000E+000 -1.0000000000000000E+000 -1.0000000000000000E+000 -1.0000000000000000E+000
 -1.0000000000000000E+000 -1.0000000000000000E+000 -1.0000000000000000E+000 -1.0000000000000000E+000 -1.0000000000000000E+000
 -1.0000000000000000E+000 -1.0000000000000000E+000 -1.0000000000000000E+000 -1.0000000000000000E+000 -1.0000000000000000E+000
  3.6829743304798257E-001  6.7054329164473292E-001  8.6612484046730731E-001  1.0224232625154008E+000  1.1559266219568816E+000
  1.2769210437699221E+000  1.3924128859475191E+000  1.5038353467172096E+000  1.6190217489666194E+000  1.7439977489758358E+000
  1.8792599772054808E+000  2.0198245038926741E+000  2.1591599223469524E+000  2.2881506718299658E+000  2.4031222021718324E+000
  2.5030029072885238E+000  2.5880449449162852E+000  2.6588533158067169E+000  2.7169840544183135E+000  2.7630521590483861E+000
  2.7987213397376753E+000  2.8246086484328017E+000  2.8414027071188839E+000  2.8495169747206597E+000  2.8488304232991402E+000
  2.8392227539279200E+000  2.8203327912778899E+000  2.7918211588218607E+000  2.7533045367297238E+000  2.7039583563611100E+000
  2.6428174749301876E+000  2.5692153502263850E+000  2.4813098278537025E+000  2.3782269605676172E+000  2.2586857382628063E+000
  2.1244889772655249E+000  1.9829070969188334E+000  1.8410695411075555E+000  1.7078868159696223E+000  1.5861147430720630E+000
  1.4718139947170368E+000  1.3604847154687045E+000  1.2487108754469405E+000  1.1303620523379609E+000  9.9601634294295283E-001
  8.3730193517646512E-001  6.3084154048530561E-001  2.8721857043379068E-001 -1.0000000000000000E+000 -1.0000000000000000E+000
 -1.0000000000000000E+000 -1.0000000000000000E+000 -1.0000000000000000E+000 -1.0000000000000000E+000 -1.0000000000000000E+000
 -1.0000000000000000E+000 -1.0000000000000000E+000 -1.0000000000000000E+000 -1.0000000000000000E+000 -1.0000000000000000E+000
 -1.0000000000000000E+000 -1.0000000000000000E+000 -1.0000000000000000E+000 -1.0000000000000000E+000 -1.0000000000000000E+000
 -1.0000000000000000E+000 -1.0000000000000000E+000 -1.0000000000000000E+000 -1.0000000000000000E+000 -1.0000000000000000E+000
 -1.0000000000000000E+000 -1.0000000000000000E+000 -1.0000000000000000E+000 -1.0000000000000000E+000 -1.0000000000000000E+000
 -1.0000000000000000E+000 -1.0000000000000000E+000 -1.0000000000000000E+000 -1.0000000000000000E+000 -1.0000000000000000E+000
 -1.0000000000000000E+000 -1.0000000000000000E+000 -1.0000000000000000E+000 -1.0000000000000000E+000 -1.0000000000000000E+000
 -1.0000000000000000E+000 -1.0000000000000000E+000 -1.0000000000000000E+000 -1.0000000000000000E+000 -1.0000000000000000E+000
 -1.0000000000000000E+000 -1.0000000000000000E+000 -1.0000000000000000E+000 -1.0000000000000000E+000 -1.0000000000000000E+000
 -1.0000000000000000E+000 -1.0000000000000000E+000 -1.0000000000000000E+000 -1.0000000000000000E+000  2.3396911231461651E-001
  3.6552153551861405E-001  4.2069594028281770E-001  4.3477949651819864E-001  4.0745238951922980E-001  3.3051993519698886E-001
  1.4235747814266128E-001 -1.0000000000000000E+000 -1.0000000000000000E+000 -1.0000000000000000E+000 -1.0000000000000000E+000
 -1.0000000000000000E+000 -1.0000000000000000E+000 -1.0000000000000000E+000 -1.0000000000000000E+000 -1.0000000000000000E+000
 -1.0000000000000000E+000 -1.0000000000000000E+000 -1.0000000000000000E+000 -1.0000000000000000E+000 -1.0000000000000000E+000
 -1.0000000000000000E+000 -1.0000000000000000E+000 -1.0000000000000000E+000 -1.0000000000000000E+000 -1.0000000000000000E+000
 -1.0000000000000000E+000  3.3602632569615815E-001  4.6899913459389048E-001  5.4558655384153365E-001  5.8643596398195974E-001
  5.9841058413572235E-001  5.8470718973112357E-001  5.4197931011330447E-001  4.6016647536500643E-001  3.5291751148840478E-001
 -1.0000000000000000E+000  4.9189642297490999E-001  6.5839656562854543E-001  7.9937830998964388E-001  9.0465411570140519E-001
  9.8690069389093515E-001  1.0530405371786726E+000  1.1072369894894842E+000  1.1497702078186325E+000  1.1849861975910934E+000
  1.2140984570443871E+000  1.2381555923921861E+000  1.2578170452932631E+000  1.2738150666336743E+000  1.2866252995292298E+000
  1.2985133505519444E+000  1.3104798330504301E+000  1.3237354969915427E+000  1.3351357117601996E+000  1.3408673867234162E+000
  1.3397255291734491E+000  1.3310961602610125E+000  1.3135505144489654E+000  1.2855957524001185E+000  1.2476238231332604E+000
  1.2007770717443216E+000  1.1465257853576849E+000  1.0837685549910048E+000  1.0120527103586858E+000  9.3057103390388718E-001
  8.3806922634068881E-001  7.2843880537222361E-001  5.8982831223806753E-001  4.4373671692638461E-001  2.8445341991424489E-001
  3.9783215728899490E-001  4.6956395833134346E-001  5.2331248070103098E-001  5.6213152535307120E-001  5.8862996128815726E-001
  6.0421794478755797E-001  6.0793082702316503E-001  5.9727375580358677E-001  5.6870656818529441E-001  5.1387436353875782E-001
  4.1070500408720911E-001  2.2067478831290396E-001 -1.0000000000000000E+000 -1.0000000000000000E+000 -1.0000000000000000E+000
 -1.0000000000000000E+000 -1.0000000000000000E+000 -1.0000000000000000E+000 -1.0000000000000000E+000 -1.0000000000000000E+000
 -1.0000000000000000E+000 -1.0000000000000000E+000 -1.0000000000000000E+000 -1.0000000000000000E+000 -1.0000000000000000E+000
 -1.0000000000000000E+000 -1.0000000000000000E+000 -1.0000000000000000E+000 -1.0000000000000000E+000 -1.0000000000000000E+000
 -1.0000000000000000E+000 -1.0000000000000000E+000 -1.0000000000000000E+000 -1.0000000000000000E+000 -1.0000000000000000E+000
 -1.0000000000000000E+000 -1.0000000000000000E+000 -1.0000000000000000E+000 -1.0000000000000000E+000 -1.0000000000000000E+000
 -1.0000000000000000E+000 -1.0000000000000000E+000 -1.0000000000000000E+000 -1.0000000000000000E+000 -1.0000000000000000E+000
 -1.0000000000000000E+000
END
