# LSA profile bundle v1
WAVELENGTH   8.9759790099999996E+000
NZ 72
NBLOCKS 125
Z
  6.2333187569444441E-002  1.8699956270833332E-001  3.1166593784722224E-001  4.3633231298611108E-001  5.6099868812499998E-001
  6.8566506326388887E-001  8.1033143840277777E-001  9.3499781354166656E-001  1.0596641886805556E+000  1.1843305638194446E+000
  1.3089969389583331E+000  1.4336633140972221E+000  1.5583296892361111E+000  1.6829960643749999E+000  1.8076624395138887E+000
  1.9323288146527777E+000  2.0569951897916665E+000  2.1816615649305557E+000  2.3063279400694445E+000  2.4309943152083333E+000
  2.5556606903472221E+000  2.6803270654861109E+000  2.8049934406249997E+000  2.9296598157638889E+000  3.0543261909027777E+000
  3.1789925660416665E+000  3.3036589411805557E+000  3.4283253163194445E+000  3.5529916914583328E+000  3.6776580665972225E+000
  3.8023244417361113E+000  3.9269908168750001E+000  4.0516571920138880E+000  4.1763235671527772E+000  4.3009899422916664E+000
  4.4256563174305548E+000  4.5503226925694440E+000  4.6749890677083332E+000  4.7996554428472216E+000  4.9243218179861108E+000
  5.0489881931250000E+000  5.1736545682638884E+000  5.2983209434027776E+000  5.4229873185416668E+000  5.5476536936805552E+000
  5.6723200688194444E+000  5.7969864439583336E+000  5.9216528190972220E+000  6.0463191942361103E+000  6.1709855693749995E+000
  6.2956519445138888E+000  6.4203183196527771E+000  6.5449846947916663E+000  6.6696510699305556E+000  6.7943174450694439E+000
  6.9189838202083331E+000  7.0436501953472224E+000  7.1683165704861107E+000  7.2929829456249990E+000  7.4176493207638892E+000
  7.5423156959027766E+000  7.6669820710416667E+000  7.7916484461805551E+000  7.9163148213194443E+000  8.0409811964583326E+000
  8.1656475715972228E+000  8.2903139467361111E+000  8.4149803218749994E+000  8.5396466970138878E+000  8.6643130721527779E+000
  8.7889794472916662E+000  8.9136458224305564E+000
BLOCK 1   0.0000000000000000E+000
  1.0000000000000000E+000  1.0000000000000000E+000  1.0000000000000000E+000  1.0000000000000000E+000  1.0000000000000000E+000
  1.0000000000000000E+000  1.0000000000000000E+000  1.0000000000000000E+000  1.0000000000000000E+000  1.0000000000000000E+000
  1.0000000000000000E+000  1.0000000000000000E+000  1.0000000000000000E+000  1.0000000000000000E+000  1.0000000000000000E+000
  1.0000000000000000E+000  1.0000000000000000E+000  1.0000000000000000E+000  1.0000000000000000E+000  1.0000000000000000E+000
  1.0000000000000000E+000  1.0000000000000000E+000  1.0000000000000000E+000  1.0000000000000000E+000  1.0000000000000000E+000
  1.0000000000000000E+000  1.0000000000000000E+000  1.0000000000000000E+000  1.0000000000000000E+000  1.0000000000000000E+000
  1.0000000000000000E+000  1.0000000000000000E+000  1.0000000000000000E+000  1.0000000000000000E+000  1.0000000000000000E+000
  1.0000000000000000E+000  1.0000000000000000E+000  1.0000000000000000E+000  1.0000000000000000E+000  1.0000000000000000E+000
  1.0000000000000000E+000  1.0000000000000000E+000  1.0000000000000000E+000  1.0000000000000000E+000  1.0000000000000000E+000
  1.0000000000000000E+000  1.0000000000000000E+000  1.0000000000000000E+000  1.0000000000000000E+000  1.0000000000000000E+000
  1.0000000000000000E+000  1.0000000000000000E+000  1.0000000000000000E+000  1.0000000000000000E+000  1.0000000000000000E+000
  1.0000000000000000E+000  1.0000000000000000E+000  1.0000000000000000E+000  1.0000000000000000E+000  1.0000000000000000E+000
  1.0000000000000000E+000  1.0000000000000000E+000  1.0000000000000000E+000  1.0000000000000000E+000  1.0000000000000000E+000
  1.0000000000000000E+000  1.0000000000000000E+000  1.0000000000000000E+000  1.0000000000000000E+000  1.0000000000000000E+000
  1.0000000000000000E+000  1.0000000000000000E+000
BLOCK 2   1.2299797070400000E-001
  1.0000000000000000E+000  1.0000000000000000E+000  1.0000000000000000E+000  1.0000000000000000E+000  1.0000000000000000E+000
  1.0000000000000000E+000  1.0000000000000000E+000  1.0000000000000000E+000  1.0000000000000000E+000  1.0000000000000000E+000
  1.0000000000000000E+000  1.0000000000000000E+000  1.0000000000000000E+000  1.0000000000000000E+000  1.0000000000000000E+000
  1.0000000000000000E+000  1.0000000000000000E+000  1.0000000000000000E+000  1.0000000000000000E+000  1.0000000000000000E+000
  1.0000000000000000E+000  1.0000000000000000E+000  1.0000000000000000E+000  1.0000000000000000E+000  1.0000000000000000E+000
  1.0000000000000000E+000  1.0000000000000000E+000  1.0000000000000000E+000  1.0000000000000000E+000  1.0000000000000000E+000
  1.0000000000000000E+000  1.0000000000000000E+000  1.0000000000000000E+000  1.0000000000000000E+000  1.0000000000000000E+000
  1.0000000000000000E+000  1.0000000000000000E+000  1.0000000000000000E+000  1.0000000000000000E+000  1.0000000000000000E+000
  1.0000000000000000E+000  1.0000000000000000E+000  1.0000000000000000E+000  1.0000000000000000E+000  1.0000000000000000E+000
  1.0000000000000000E+000  1.0000000000000000E+000  1.0000000000000000E+000  1.0000000000000000E+000  1.0000000000000000E+000
  1.0000000000000000E+000  1.0000000000000000E+000  1.0000000000000000E+000  1.0000000000000000E+000  1.0000000000000000E+000
  1.0000000000000000E+000  1.0000000000000000E+000  1.0000000000000000E+000  1.0000000000000000E+000  1.0000000000000000E+000
  1.0000000000000000E+000  1.0000000000000000E+000  1.0000000000000000E+000  1.0000000000000000E+000  1.0000000000000000E+000
  1.0000000000000000E+000  1.0000000000000000E+000  1.0000000000000000E+000  1.0000000000000000E+000  1.0000000000000000E+000
  1.0000000000000000E+000  1.0000000000000000E+000
BLOCK 3   2.4599594140799999E-001
  1.0000000000000000E+000  1.0000000000000000E+000  1.0000000000000000E+000  1.0000000000000000E+000  1.0000000000000000E+000
  1.0000000000000000E+000  1.0000000000000000E+000  1.0000000000000000E+000  1.0000000000000000E+000  1.0000000000000000E+000
  1.0000000000000000E+000  1.0000000000000000E+000  1.0000000000000000E+000  1.0000000000000000E+000  1.0000000000000000E+000
  1.0000000000000000E+000  1.0000000000000000E+000  1.0000000000000000E+000  1.0000000000000000E+000  1.0000000000000000E+000
  1.0000000000000000E+000  1.0000000000000000E+000  1.0000000000000000E+000  1.0000000000000000E+000  1.0000000000000000E+000
  1.0000000000000000E+000  1.0000000000000000E+000  1.0000000000000000E+000  1.0000000000000000E+000  1.0000000000000000E+000
  1.0000000000000000E+000  1.0000000000000000E+000  1.0000000000000000E+000  1.0000000000000000E+000  1.0000000000000000E+000
  1.0000000000000000E+000  1.0000000000000000E+000  1.0000000000000000E+000  1.0000000000000000E+000  1.0000000000000000E+000
  1.0000000000000000E+000  1.0000000000000000E+000  1.0000000000000000E+000  1.0000000000000000E+000  1.0000000000000000E+000
  1.0000000000000000E+000  1.0000000000000000E+000  1.0000000000000000E+000  1.0000000000000000E+000  1.0000000000000000E+000
  1.0000000000000000E+000  1.0000000000000000E+000  1.0000000000000000E+000  1.0000000000000000E+000  1.0000000000000000E+000
  1.0000000000000000E+000  1.0000000000000000E+000  1.0000000000000000E+000  1.0000000000000000E+000  1.0000000000000000E+000
  1.0000000000000000E+000  1.0000000000000000E+000  1.0000000000000000E+000  1.0000000000000000E+000  1.0000000000000000E+000
  1.0000000000000000E+000  1.0000000000000000E+000  1.0000000000000000E+000  1.0000000000000000E+000  1.0000000000000000E+000
  1.0000000000000000E+000  1.0000000000000000E+000
BLOCK 4   3.6899391211200072E-001
  1.0000000000000000E+000  1.0000000000000000E+000  1.0000000000000000E+000  1.0000000000000000E+000  1.0000000000000000E+000
  1.0000000000000000E+000  1.0000000000000000E+000  1.0000000000000000E+000  1.0000000000000000E+000  1.0000000000000000E+000
  1.0000000000000000E+000  1.0000000000000000E+000  1.0000000000000000E+000  1.0000000000000000E+000  1.0000000000000000E+000
  1.0000000000000000E+000  1.0000000000000000E+000  1.0000000000000000E+000  1.0000000000000000E+000  1.0000000000000000E+000
  1.0000000000000000E+000  1.0000000000000000E+000  1.0000000000000000E+000  1.0000000000000000E+000  1.0000000000000000E+000
  1.0000000000000000E+000  1.0000000000000000E+000  1.0000000000000000E+000  1.0000000000000000E+000  1.0000000000000000E+000
  1.0000000000000000E+000  1.0000000000000000E+000  1.0000000000000000E+000  1.0000000000000000E+000  1.0000000000000000E+000
  1.0000000000000000E+000  1.0000000000000000E+000  1.0000000000000000E+000  1.0000000000000000E+000  1.0000000000000000E+000
  1.0000000000000000E+000  1.0000000000000000E+000  1.0000000000000000E+000  1.0000000000000000E+000  1.0000000000000000E+000
  1.0000000000000000E+000  1.0000000000000000E+000  1.0000000000000000E+000  1.0000000000000000E+000  1.0000000000000000E+000
  1.0000000000000000E+000  1.0000000000000000E+000  1.0000000000000000E+000  1.0000000000000000E+000  1.0000000000000000E+000
  1.0000000000000000E+000  1.0000000000000000E+000  1.0000000000000000E+000  1.0000000000000000E+000  1.0000000000000000E+000
  1.0000000000000000E+000  1.0000000000000000E+000  1.0000000000000000E+000  1.0000000000000000E+000  1.0000000000000000E+000
  1.0000000000000000E+000  1.0000000000000000E+000  1.0000000000000000E+000  1.0000000000000000E+000  1.0000000000000000E+000
  1.0000000000000000E+000  1.0000000000000000E+000
BLOCK 5   4.9199188281600148E-001
  1.0000000000000000E+000  1.0000000000000000E+000  1.0000000000000000E+000  1.0000000000000000E+000  1.0000000000000000E+000
  1.0000000000000000E+000  1.0000000000000000E+000  1.0000000000000000E+000  1.0000000000000000E+000  1.0000000000000000E+000
  1.0000000000000000E+000  1.0000000000000000E+000  1.0000000000000000E+000  1.0000000000000000E+000  1.0000000000000000E+000
  1.0000000000000000E+000  1.0000000000000000E+000  1.0000000000000000E+000  1.0000000000000000E+000  1.0000000000000000E+000
  1.0000000000000000E+000  1.0000000000000000E+000  1.0000000000000000E+000  1.0000000000000000E+000  1.0000000000000000E+000
  1.0000000000000000E+000  1.0000000000000000E+000  1.0000000000000000E+000  1.0000000000000000E+000  1.0000000000000000E+000
  1.0000000000000000E+000  1.0000000000000000E+000  1.0000000000000000E+000  1.0000000000000000E+000  1.0000000000000000E+000
  1.0000000000000000E+000  1.0000000000000000E+000  1.0000000000000000E+000  1.0000000000000000E+000  1.0000000000000000E+000
  1.0000000000000000E+000  1.0000000000000000E+000  1.0000000000000000E+000  1.0000000000000000E+000  1.0000000000000000E+000
  1.0000000000000000E+000  1.0000000000000000E+000  1.0000000000000000E+000  1.0000000000000000E+000  1.0000000000000000E+000
  1.0000000000000000E+000  1.0000000000000000E+000  1.0000000000000000E+000  1.0000000000000000E+000  1.0000000000000000E+000
  1.0000000000000000E+000  1.0000000000000000E+000  1.0000000000000000E+000  1.0000000000000000E+000  1.0000000000000000E+000
  1.0000000000000000E+000  1.0000000000000000E+000  1.0000000000000000E+000  1.0000000000000000E+000  1.0000000000000000E+000
  1.0000000000000000E+000  1.0000000000000000E+000  1.0000000000000000E+000  1.0000000000000000E+000  1.0000000000000000E+000
  1.0000000000000000E+000  1.0000000000000000E+000
BLOCK 6   6.1498985352000080E-001
  1.0000000000000000E+000  1.0000000000000000E+000  1.0000000000000000E+000  1.0000000000000000E+000  1.0000000000000000E+000
  1.0000000000000000E+000  1.0000000000000000E+000  1.0000000000000000E+000  1.0000000000000000E+000  1.0000000000000000E+000
  1.0000000000000000E+000  1.0000000000000000E+000  1.0000000000000000E+000  1.0000000000000000E+000  1.0000000000000000E+000
  1.0000000000000000E+000  1.0000000000000000E+000  1.0000000000000000E+000  1.0000000000000000E+000  1.0000000000000000E+000
  1.0000000000000000E+000  1.0000000000000000E+000  1.0000000000000000E+000  1.0000000000000000E+000  1.0000000000000000E+000
  1.0000000000000000E+000  1.0000000000000000E+000  1.0000000000000000E+000  1.0000000000000000E+000  1.0000000000000000E+000
  1.0000000000000000E+000  1.0000000000000000E+000  1.0000000000000000E+000  1.0000000000000000E+000  1.0000000000000000E+000
  1.0000000000000000E+000  1.0000000000000000E+000  1.0000000000000000E+000  1.0000000000000000E+000  1.0000000000000000E+000
  1.0000000000000000E+000  1.0000000000000000E+000  1.0000000000000000E+000  1.0000000000000000E+000  1.0000000000000000E+000
  1.0000000000000000E+000  1.0000000000000000E+000  1.0000000000000000E+000  1.0000000000000000E+000  1.0000000000000000E+000
  1.0000000000000000E+000  1.0000000000000000E+000  1.0000000000000000E+000  1.0000000000000000E+000  1.0000000000000000E+000
  1.0000000000000000E+000  1.0000000000000000E+000  1.0000000000000000E+000  1.0000000000000000E+000  1.0000000000000000E+000
  1.0000000000000000E+000  1.0000000000000000E+000  1.0000000000000000E+000  1.0000000000000000E+000  1.0000000000000000E+000
  1.0000000000000000E+000  1.0000000000000000E+000  1.0000000000000000E+000  1.0000000000000000E+000  1.0000000000000000E+000
  1.0000000000000000E+000  1.0000000000000000E+000
BLOCK 7   7.3798782422400000E-001
  1.0000000000000000E+000  1.0000000000000000E+000  1.0000000000000000E+000  1.0000000000000000E+000  1.0000000000000000E+000
  1.0000000000000000E+000  1.0000000000000000E+000  1.0000000000000000E+000  1.0000000000000000E+000  1.0000000000000000E+000
  1.0000000000000000E+000  1.0000000000000000E+000  1.0000000000000000E+000  1.0000000000000000E+000  1.0000000000000000E+000
  1.0000000000000000E+000  1.0000000000000000E+000  1.0000000000000000E+000  1.0000000000000000E+000  1.0000000000000000E+000
  1.0000000000000000E+000  1.0000000000000000E+000  1.0000000000000000E+000  1.0000000000000000E+000  1.0000000000000000E+000
  1.0000000000000000E+000  1.0000000000000000E+000  1.0000000000000000E+000  1.0000000000000000E+000  1.0000000000000000E+000
  1.0000000000000000E+000  1.0000000000000000E+000  1.0000000000000000E+000  1.0000000000000000E+000  1.0000000000000000E+000
  1.0000000000000000E+000  1.0000000000000000E+000  1.0000000000000000E+000  1.0000000000000000E+000  1.0000000000000000E+000
  1.0000000000000000E+000  1.0000000000000000E+000  1.0000000000000000E+000  1.0000000000000000E+000  1.0000000000000000E+000
  1.0000000000000000E+000  1.0000000000000000E+000  1.0000000000000000E+000  1.0000000000000000E+000  1.0000000000000000E+000
  1.0000000000000000E+000  1.0000000000000000E+000  1.0000000000000000E+000  1.0000000000000000E+000  1.0000000000000000E+000
  1.0000000000000000E+000  1.0000000000000000E+000  1.0000000000000000E+000  1.0000000000000000E+000  1.0000000000000000E+000
  1.0000000000000000E+000  1.0000000000000000E+000  1.0000000000000000E+000  1.0000000000000000E+000  1.0000000000000000E+000
  1.0000000000000000E+000  1.0000000000000000E+000  1.0000000000000000E+000  1.0000000000000000E+000  1.0000000000000000E+000
  1.0000000000000000E+000  1.0000000000000000E+000
BLOCK 8   8.6098579492799920E-001
  1.0000000000000000E+000  1.0000000000000000E+000  1.0000000000000000E+000  1.0000000000000000E+000  1.0000000000000000E+000
  1.0000000000000000E+000  1.0000000000000000E+000  1.0000000000000000E+000  1.0000000000000000E+000  1.0000000000000000E+000
  1.0000000000000000E+000  1.0000000000000000E+000  1.0000000000000000E+000  1.0000000000000000E+000  1.0000000000000000E+000
  1.0000000000000000E+000  1.0000000000000000E+000  1.0000000000000000E+000  1.0000000000000000E+000  1.0000000000000000E+000
  1.0000000000000000E+000  1.0000000000000000E+000  1.0000000000000000E+000  1.0000000000000000E+000  1.0000000000000000E+000
  1.0000000000000000E+000  1.0000000000000000E+000  1.0000000000000000E+000  1.0000000000000000E+000  1.0000000000000000E+000
  1.0000000000000000E+000  1.0000000000000000E+000  1.0000000000000000E+000  1.0000000000000000E+000  1.0000000000000000E+000
  1.0000000000000000E+000  1.0000000000000000E+000  1.0000000000000000E+000  1.0000000000000000E+000  1.0000000000000000E+000
  1.0000000000000000E+000  1.0000000000000000E+000  1.0000000000000000E+000  1.0000000000000000E+000  1.0000000000000000E+000
  1.0000000000000000E+000  1.0000000000000000E+000  1.0000000000000000E+000  1.0000000000000000E+000  1.0000000000000000E+000
  1.0000000000000000E+000  1.0000000000000000E+000  1.0000000000000000E+000  1.0000000000000000E+000  1.0000000000000000E+000
  1.0000000000000000E+000  1.0000000000000000E+000  1.0000000000000000E+000  1.0000000000000000E+000  1.0000000000000000E+000
  1.0000000000000000E+000  1.0000000000000000E+000  1.0000000000000000E+000  1.0000000000000000E+000  1.0000000000000000E+000
  1.0000000000000000E+000  1.0000000000000000E+000  1.0000000000000000E+000  1.0000000000000000E+000  1.0000000000000000E+000
  1.0000000000000000E+000  1.0000000000000000E+000
BLOCK 9   9.8398376563199841E-001
  1.0000000000000000E+000  1.0000000000000000E+000  1.0000000000000000E+000  1.0000000000000000E+000  1.0000000000000000E+000
  1.0000000000000000E+000  1.0000000000000000E+000  1.0000000000000000E+000  1.0000000000000000E+000  1.0000000000000000E+000
  1.0000000000000000E+000  1.0000000000000000E+000  1.0000000000000000E+000  1.0000000000000000E+000  1.0000000000000000E+000
  1.0000000000000000E+000  1.0000000000000000E+000  1.0000000000000000E+000  1.0000000000000000E+000  1.0000000000000000E+000
  1.0000000000000000E+000  1.0000000000000000E+000  1.0000000000000000E+000  1.0000000000000000E+000  1.0000000000000000E+000
  1.0000000000000000E+000  1.0000000000000000E+000  1.0000000000000000E+000  1.0000000000000000E+000  1.0000000000000000E+000
  1.0000000000000000E+000  1.0000000000000000E+000  1.0000000000000000E+000  1.0000000000000000E+000  1.0000000000000000E+000
  1.0000000000000000E+000  1.0000000000000000E+000  1.0000000000000000E+000  1.0000000000000000E+000  1.0000000000000000E+000
  1.0000000000000000E+000  1.0000000000000000E+000  1.0000000000000000E+000  1.0000000000000000E+000  1.0000000000000000E+000
  1.0000000000000000E+000  1.0000000000000000E+000  1.0000000000000000E+000  1.0000000000000000E+000  1.0000000000000000E+000
  1.0000000000000000E+000  1.0000000000000000E+000  1.0000000000000000E+000  1.0000000000000000E+000  1.0000000000000000E+000
  1.0000000000000000E+000  1.0000000000000000E+000  1.0000000000000000E+000  1.0000000000000000E+000  1.0000000000000000E+000
  1.0000000000000000E+000  1.0000000000000000E+000  1.0000000000000000E+000  1.0000000000000000E+000  1.0000000000000000E+000
  1.0000000000000000E+000  1.0000000000000000E+000  1.0000000000000000E+000  1.0000000000000000E+000  1.0000000000000000E+000
  1.0000000000000000E+000  1.0000000000000000E+000
BLOCK 10   1.1069817363360004E+000
  1.0000000000000000E+000  1.0000000000000000E+000  1.0000000000000000E+000  1.0000000000000000E+000  1.0000000000000000E+000
  1.0000000000000000E+000  1.0000000000000000E+000  1.0000000000000000E+000  1.0000000000000000E+000  1.0000000000000000E+000
  1.0000000000000000E+000  1.0000000000000000E+000  1.0000000000000000E+000  1.0000000000000000E+000  1.0000000000000000E+000
  1.0000000000000000E+000  1.0000000000000000E+000  1.0000000000000000E+000  1.0000000000000000E+000  1.0000000000000000E+000
  1.0000000000000000E+000  1.0000000000000000E+000  1.0000000000000000E+000  1.0000000000000000E+000  1.0000000000000000E+000
  1.0000000000000000E+000  1.0000000000000000E+000  1.0000000000000000E+000  1.0000000000000000E+000  1.0000000000000000E+000
  1.0000000000000000E+000  1.0000000000000000E+000  1.0000000000000000E+000  1.0000000000000000E+000  1.0000000000000000E+000
  1.0000000000000000E+000  1.0000000000000000E+000  1.0000000000000000E+000  1.0000000000000000E+000  1.0000000000000000E+000
  1.0000000000000000E+000  1.0000000000000000E+000  1.0000000000000000E+000  1.0000000000000000E+000  1.0000000000000000E+000
  1.0000000000000000E+000  1.0000000000000000E+000  1.0000000000000000E+000  1.0000000000000000E+000  1.0000000000000000E+000
  1.0000000000000000E+000  1.0000000000000000E+000  1.0000000000000000E+000  1.0000000000000000E+000  1.0000000000000000E+000
  1.0000000000000000E+000  1.0000000000000000E+000  1.0000000000000000E+000  1.0000000000000000E+000  1.0000000000000000E+000
  1.0000000000000000E+000  1.0000000000000000E+000  1.0000000000000000E+000  1.0000000000000000E+000  1.0000000000000000E+000
  1.0000000000000000E+000  1.0000000000000000E+000  1.0000000000000000E+000  1.0000000000000000E+000  1.0000000000000000E+000
  1.0000000000000000E+000  1.0000000000000000E+000
BLOCK 11   1.2299797070400027E+000
  1.0000000000000000E+000  1.0000000000000000E+000  1.0000000000000000E+000  1.0000000000000000E+000  1.0000000000000000E+000
  1.0000000000000000E+000  1.0000000000000000E+000  1.0000000000000000E+000  1.0000000000000000E+000  1.0000000000000000E+000
  1.0000000000000000E+000  1.0000000000000000E+000  1.0000000000000000E+000  1.0000000000000000E+000  1.0000000000000000E+000
  1.0000000000000000E+000  1.0000000000000000E+000  1.0000000000000000E+000  1.0000000000000000E+000  1.0000000000000000E+000
  1.0000000000000000E+000  1.0000000000000000E+000  1.0000000000000000E+000  1.0000000000000000E+000  1.0000000000000000E+000
  1.0000000000000000E+000  1.0000000000000000E+000  1.0000000000000000E+000  1.0000000000000000E+000  1.0000000000000000E+000
  1.0000000000000000E+000  1.0000000000000000E+000  1.0000000000000000E+000  1.0000000000000000E+000  1.0000000000000000E+000
  1.0000000000000000E+000  1.0000000000000000E+000  1.0000000000000000E+000  1.0000000000000000E+000  1.0000000000000000E+000
  1.0000000000000000E+000  1.0000000000000000E+000  1.0000000000000000E+000  1.0000000000000000E+000  1.0000000000000000E+000
  1.0000000000000000E+000  1.0000000000000000E+000  1.0000000000000000E+000  1.0000000000000000E+000  1.0000000000000000E+000
  1.0000000000000000E+000  1.0000000000000000E+000  1.0000000000000000E+000  1.0000000000000000E+000  1.0000000000000000E+000
  1.0000000000000000E+000  1.0000000000000000E+000  1.0000000000000000E+000  1.0000000000000000E+000  1.0000000000000000E+000
  1.0000000000000000E+000  1.0000000000000000E+000  1.0000000000000000E+000  1.0000000000000000E+000  1.0000000000000000E+000
  1.0000000000000000E+000  1.0000000000000000E+000  1.0000000000000000E+000  1.0000000000000000E+000  1.0000000000000000E+000
  1.0000000000000000E+000  1.0000000000000000E+000
BLOCK 12   1.3529776777440050E+000
  1.0000000000000000E+000  1.0000000000000000E+000  1.0000000000000000E+000  1.0000000000000000E+000  1.0000000000000000E+000
  1.0000000000000000E+000  1.0000000000000000E+000  1.0000000000000000E+000  1.0000000000000000E+000  1.0000000000000000E+000
  1.0000000000000000E+000  1.0000000000000000E+000  1.0000000000000000E+000  1.0000000000000000E+000  1.0000000000000000E+000
  1.0000000000000000E+000  1.0000000000000000E+000  1.0000000000000000E+000  1.0000000000000000E+000  1.0000000000000000E+000
  1.0000000000000000E+000  1.0000000000000000E+000  1.0000000000000000E+000  1.0000000000000000E+000  1.0000000000000000E+000
  1.0000000000000000E+000  1.0000000000000000E+000  1.0000000000000000E+000  1.0000000000000000E+000  1.0000000000000000E+000
  1.0000000000000000E+000  1.0000000000000000E+000  1.0000000000000000E+000  1.0000000000000000E+000  1.0000000000000000E+000
  1.0000000000000000E+000  1.0000000000000000E+000  1.0000000000000000E+000  1.0000000000000000E+000  1.0000000000000000E+000
  1.0000000000000000E+000  1.0000000000000000E+000  1.0000000000000000E+000  1.0000000000000000E+000  1.0000000000000000E+000
  1.0000000000000000E+000  1.0000000000000000E+000  1.0000000000000000E+000  1.0000000000000000E+000  1.0000000000000000E+000
  1.0000000000000000E+000  1.0000000000000000E+000  1.0000000000000000E+000  1.0000000000000000E+000  1.0000000000000000E+000
  1.0000000000000000E+000  1.0000000000000000E+000  1.0000000000000000E+000  1.0000000000000000E+000  1.0000000000000000E+000
  1.0000000000000000E+000  1.0000000000000000E+000  1.0000000000000000E+000  1.0000000000000000E+000  1.0000000000000000E+000
  1.0000000000000000E+000  1.0000000000000000E+000  1.0000000000000000E+000  1.0000000000000000E+000  1.0000000000000000E+000
  1.0000000000000000E+000  1.0000000000000000E+000
BLOCK 13   1.4759756484480073E+000
  1.0000000000000000E+000  1.0000000000000000E+000  1.0000000000000000E+000  1.0000000000000000E+000  1.0000000000000000E+000
  1.0000000000000000E+000  1.0000000000000000E+000  1.0000000000000000E+000  1.0000000000000000E+000  1.0000000000000000E+000
  1.0000000000000000E+000  1.0000000000000000E+000  1.0000000000000000E+000  1.0000000000000000E+000  1.0000000000000000E+000
  1.0000000000000000E+000  1.0000000000000000E+000  1.0000000000000000E+000  1.0000000000000000E+000  1.0000000000000000E+000
  1.0000000000000000E+000  1.0000000000000000E+000  1.0000000000000000E+000  1.0000000000000000E+000  1.0000000000000000E+000
  1.0000000000000000E+000  1.0000000000000000E+000  1.0000000000000000E+000  1.0000000000000000E+000  1.0000000000000000E+000
  1.0000000000000000E+000  1.0000000000000000E+000  1.0000000000000000E+000  1.0000000000000000E+000  1.0000000000000000E+000
  1.0000000000000000E+000  1.0000000000000000E+000  1.0000000000000000E+000  1.0000000000000000E+000  1.0000000000000000E+000
  1.0000000000000000E+000  1.0000000000000000E+000  1.0000000000000000E+000  1.0000000000000000E+000  1.0000000000000000E+000
  1.0000000000000000E+000  1.0000000000000000E+000  1.0000000000000000E+000  1.0000000000000000E+000  1.0000000000000000E+000
  1.0000000000000000E+000  1.0000000000000000E+000  1.0000000000000000E+000  1.0000000000000000E+000  1.0000000000000000E+000
  1.0000000000000000E+000  1.0000000000000000E+000  1.0000000000000000E+000  1.0000000000000000E+000  1.0000000000000000E+000
  1.0000000000000000E+000  1.0000000000000000E+000  1.0000000000000000E+000  1.0000000000000000E+000  1.0000000000000000E+000
  1.0000000000000000E+000  1.0000000000000000E+000  1.0000000000000000E+000  1.0000000000000000E+000  1.0000000000000000E+000
  1.0000000000000000E+000  1.0000000000000000E+000
BLOCK 14   1.5989736191520096E+000
  1.0000000000000000E+000  1.0000000000000000E+000  1.0000000000000000E+000  1.0000000000000000E+000  1.0000000000000000E+000
  1.0000000000000000E+000  1.0000000000000000E+000  1.0000000000000000E+000  1.0000000000000000E+000  1.0000000000000000E+000
  1.0000000000000000E+000  1.0000000000000000E+000  1.0000000000000000E+000  1.0000000000000000E+000  1.0000000000000000E+000
  1.0000000000000000E+000  1.0000000000000000E+000  1.0000000000000000E+000  1.0000000000000000E+000  1.0000000000000000E+000
  1.0000000000000000E+000  1.0000000000000000E+000  1.0000000000000000E+000  1.0000000000000000E+000  1.0000000000000000E+000
  1.0000000000000000E+000  1.0000000000000000E+000  1.0000000000000000E+000  1.0000000000000000E+000  1.0000000000000000E+000
  1.0000000000000000E+000  1.0000000000000000E+000  1.0000000000000000E+000  1.0000000000000000E+000  1.0000000000000000E+000
  1.0000000000000000E+000  1.0000000000000000E+000  1.0000000000000000E+000  1.0000000000000000E+000  1.0000000000000000E+000
  1.0000000000000000E+000  1.0000000000000000E+000  1.0000000000000000E+000  1.0000000000000000E+000  1.0000000000000000E+000
  1.0000000000000000E+000  1.0000000000000000E+000  1.0000000000000000E+000  1.0000000000000000E+000  1.0000000000000000E+000
  1.0000000000000000E+000  1.0000000000000000E+000  1.0000000000000000E+000  1.0000000000000000E+000  1.0000000000000000E+000
  1.0000000000000000E+000  1.0000000000000000E+000  1.0000000000000000E+000  1.0000000000000000E+000  1.0000000000000000E+000
  1.0000000000000000E+000  1.0000000000000000E+000  1.0000000000000000E+000  1.0000000000000000E+000  1.0000000000000000E+000
  1.0000000000000000E+000  1.0000000000000000E+000  1.0000000000000000E+000  1.0000000000000000E+000  1.0000000000000000E+000
  1.0000000000000000E+000  1.0000000000000000E+000
BLOCK 15   1.7219715898560120E+000
  1.0000000000000000E+000  1.0000000000000000E+000  1.0000000000000000E+000  1.0000000000000000E+000  1.0000000000000000E+000
  1.0000000000000000E+000  1.0000000000000000E+000  1.0000000000000000E+000  1.0000000000000000E+000  1.0000000000000000E+000
  1.0000000000000000E+000  1.0000000000000000E+000  1.0000000000000000E+000  1.0000000000000000E+000  1.0000000000000000E+000
  1.0000000000000000E+000  1.0000000000000000E+000  1.0000000000000000E+000  1.0000000000000000E+000  1.0000000000000000E+000
  1.0000000000000000E+000  1.0000000000000000E+000  1.0000000000000000E+000  1.0000000000000000E+000  1.0000000000000000E+000
  1.0000000000000000E+000  1.0000000000000000E+000  1.0000000000000000E+000  1.0000000000000000E+000  1.0000000000000000E+000
  1.0000000000000000E+000  1.0000000000000000E+000  1.0000000000000000E+000  1.0000000000000000E+000  1.0000000000000000E+000
  1.0000000000000000E+000  1.0000000000000000E+000  1.0000000000000000E+000  1.0000000000000000E+000  1.0000000000000000E+000
  1.0000000000000000E+000  1.0000000000000000E+000  1.0000000000000000E+000  1.0000000000000000E+000  1.0000000000000000E+000
  1.0000000000000000E+000  1.0000000000000000E+000  1.0000000000000000E+000  1.0000000000000000E+000  1.0000000000000000E+000
  1.0000000000000000E+000  1.0000000000000000E+000  1.0000000000000000E+000  1.0000000000000000E+000  1.0000000000000000E+000
  1.0000000000000000E+000  1.0000000000000000E+000  1.0000000000000000E+000  1.0000000000000000E+000  1.0000000000000000E+000
  1.0000000000000000E+000  1.0000000000000000E+000  1.0000000000000000E+000  1.0000000000000000E+000  1.0000000000000000E+000
  1.0000000000000000E+000  1.0000000000000000E+000  1.0000000000000000E+000  1.0000000000000000E+000  1.0000000000000000E+000
  1.0000000000000000E+000  1.0000000000000000E+000
BLOCK 16   1.8449695605600143E+000
  1.0000000000000000E+000  1.0000000000000000E+000  1.0000000000000000E+000  1.0000000000000000E+000  1.0000000000000000E+000
  1.0000000000000000E+000  1.0000000000000000E+000  1.0000000000000000E+000  1.0000000000000000E+000  1.0000000000000000E+000
  1.0000000000000000E+000  1.0000000000000000E+000  1.0000000000000000E+000  1.0000000000000000E+000  1.0000000000000000E+000
  1.0000000000000000E+000  1.0000000000000000E+000  1.0000000000000000E+000  1.0000000000000000E+000  1.0000000000000000E+000
  1.0000000000000000E+000  1.0000000000000000E+000  1.0000000000000000E+000  1.0000000000000000E+000  1.0000000000000000E+000
  1.0000000000000000E+000  1.0000000000000000E+000  1.0000000000000000E+000  1.0000000000000000E+000  1.0000000000000000E+000
  1.0000000000000000E+000  1.0000000000000000E+000  1.0000000000000000E+000  1.0000000000000000E+000  1.0000000000000000E+000
  1.0000000000000000E+000  1.0000000000000000E+000  1.0000000000000000E+000  1.0000000000000000E+000  1.0000000000000000E+000
  1.0000000000000000E+000  1.0000000000000000E+000  1.0000000000000000E+000  1.0000000000000000E+000  1.0000000000000000E+000
  1.0000000000000000E+000  1.0000000000000000E+000  1.0000000000000000E+000  1.0000000000000000E+000  1.0000000000000000E+000
  1.0000000000000000E+000  1.0000000000000000E+000  1.0000000000000000E+000  1.0000000000000000E+000  1.0000000000000000E+000
  1.0000000000000000E+000  1.0000000000000000E+000  1.0000000000000000E+000  1.0000000000000000E+000  1.0000000000000000E+000
  1.0000000000000000E+000  1.0000000000000000E+000  1.0000000000000000E+000  1.0000000000000000E+000  1.0000000000000000E+000
  1.0000000000000000E+000  1.0000000000000000E+000  1.0000000000000000E+000  1.0000000000000000E+000  1.0000000000000000E+000
  1.0000000000000000E+000  1.0000000000000000E+000
BLOCK 17   1.9679675312640166E+000
  1.0000000000000000E+000  1.0000000000000000E+000  1.0000000000000000E+000  1.0000000000000000E+000  1.0000000000000000E+000
  1.0000000000000000E+000  1.0000000000000000E+000  1.0000000000000000E+000  1.0000000000000000E+000  1.0000000000000000E+000
  1.0000000000000000E+000  1.0000000000000000E+000  1.0000000000000000E+000  1.0000000000000000E+000  1.0000000000000000E+000
  1.0000000000000000E+000  1.0000000000000000E+000  1.0000000000000000E+000  1.0000000000000000E+000  1.0000000000000000E+000
  1.0000000000000000E+000  1.0000000000000000E+000  1.0000000000000000E+000  1.0000000000000000E+000  1.0000000000000000E+000
  1.0000000000000000E+000  1.0000000000000000E+000  1.0000000000000000E+000  1.0000000000000000E+000  1.0000000000000000E+000
  1.0000000000000000E+000  1.0000000000000000E+000  1.0000000000000000E+000  1.0000000000000000E+000  1.0000000000000000E+000
  1.0000000000000000E+000  1.0000000000000000E+000  1.0000000000000000E+000  1.0000000000000000E+000  1.0000000000000000E+000
  1.0000000000000000E+000  1.0000000000000000E+000  1.0000000000000000E+000  1.0000000000000000E+000  1.0000000000000000E+000
  1.0000000000000000E+000  1.0000000000000000E+000  1.0000000000000000E+000  1.0000000000000000E+000  1.0000000000000000E+000
  1.0000000000000000E+000  1.0000000000000000E+000  1.0000000000000000E+000  1.0000000000000000E+000  1.0000000000000000E+000
  1.0000000000000000E+000  1.0000000000000000E+000  1.0000000000000000E+000  1.0000000000000000E+000  1.0000000000000000E+000
  1.0000000000000000E+000  1.0000000000000000E+000  1.0000000000000000E+000  1.0000000000000000E+000  1.0000000000000000E+000
  1.0000000000000000E+000  1.0000000000000000E+000  1.0000000000000000E+000  1.0000000000000000E+000  1.0000000000000000E+000
  1.0000000000000000E+000  1.0000000000000000E+000
BLOCK 18   2.0909655019680189E+000
  1.0000000000000000E+000  1.0000000000000000E+000  1.0000000000000000E+000  1.0000000000000000E+000  1.0000000000000000E+000
  1.0000000000000000E+000  1.0000000000000000E+000  1.0000000000000000E+000  1.0000000000000000E+000  1.0000000000000000E+000
  1.0000000000000000E+000  1.0000000000000000E+000  1.0000000000000000E+000  1.0000000000000000E+000  1.0000000000000000E+000
  1.0000000000000000E+000  1.0000000000000000E+000  1.0000000000000000E+000  1.0000000000000000E+000  1.0000000000000000E+000
  1.0000000000000000E+000  1.0000000000000000E+000  1.0000000000000000E+000  1.0000000000000000E+000  1.0000000000000000E+000
  1.0000000000000000E+000  1.0000000000000000E+000  1.0000000000000000E+000  1.0000000000000000E+000  1.0000000000000000E+000
  1.0000000000000000E+000  1.0000000000000000E+000  1.0000000000000000E+000  1.0000000000000000E+000  1.0000000000000000E+000
  1.0000000000000000E+000  1.0000000000000000E+000  1.0000000000000000E+000  1.0000000000000000E+000  1.0000000000000000E+000
  1.0000000000000000E+000  1.0000000000000000E+000  1.0000000000000000E+000  1.0000000000000000E+000  1.0000000000000000E+000
  1.0000000000000000E+000  1.0000000000000000E+000  1.0000000000000000E+000  1.0000000000000000E+000  1.0000000000000000E+000
  1.0000000000000000E+000  1.0000000000000000E+000  1.0000000000000000E+000  1.0000000000000000E+000  1.0000000000000000E+000
  1.0000000000000000E+000  1.0000000000000000E+000  1.0000000000000000E+000  1.0000000000000000E+000  1.0000000000000000E+000
  1.0000000000000000E+000  1.0000000000000000E+000  1.0000000000000000E+000  1.0000000000000000E+000  1.0000000000000000E+000
  1.0000000000000000E+000  1.0000000000000000E+000  1.0000000000000000E+000  1.0000000000000000E+000  1.0000000000000000E+000
  1.0000000000000000E+000  1.0000000000000000E+000
BLOCK 19   2.2139634726720212E+000
  1.0000000000000000E+000  1.0000000000000000E+000  1.0000000000000000E+000  1.0000000000000000E+000  1.0000000000000000E+000
  1.0000000000000000E+000  1.0000000000000000E+000  1.0000000000000000E+000  1.0000000000000000E+000  1.0000000000000000E+000
  1.0000000000000000E+000  1.0000000000000000E+000  1.0000000000000000E+000  1.0000000000000000E+000  1.0000000000000000E+000
  1.0000000000000000E+000  1.0000000000000000E+000  1.0000000000000000E+000  1.0000000000000000E+000  1.0000000000000000E+000
  1.0000000000000000E+000  1.0000000000000000E+000  1.0000000000000000E+000  1.0000000000000000E+000  1.0000000000000000E+000
  1.0000000000000000E+000  1.0000000000000000E+000  1.0000000000000000E+000  1.0000000000000000E+000  1.0000000000000000E+000
  1.0000000000000000E+000  1.0000000000000000E+000  1.0000000000000000E+000  1.0000000000000000E+000  1.0000000000000000E+000
  1.0000000000000000E+000  1.0000000000000000E+000  1.0000000000000000E+000  1.0000000000000000E+000  1.0000000000000000E+000
  1.0000000000000000E+000  1.0000000000000000E+000  1.0000000000000000E+000  1.0000000000000000E+000  1.0000000000000000E+000
  1.0000000000000000E+000  1.0000000000000000E+000  1.0000000000000000E+000  1.0000000000000000E+000  1.0000000000000000E+000
  1.0000000000000000E+000  1.0000000000000000E+000  1.0000000000000000E+000  1.0000000000000000E+000  1.0000000000000000E+000
  1.0000000000000000E+000  1.0000000000000000E+000  1.0000000000000000E+000  1.0000000000000000E+000  1.0000000000000000E+000
  1.0000000000000000E+000  1.0000000000000000E+000  1.0000000000000000E+000  1.0000000000000000E+000  1.0000000000000000E+000
  1.0000000000000000E+000  1.0000000000000000E+000  1.0000000000000000E+000  1.0000000000000000E+000  1.0000000000000000E+000
  1.0000000000000000E+000  1.0000000000000000E+000
BLOCK 20   2.3369614433760235E+000
  1.0000000000000000E+000  1.0000000000000000E+000  1.0000000000000000E+000  1.0000000000000000E+000  1.0000000000000000E+000
  1.0000000000000000E+000  1.0000000000000000E+000  1.0000000000000000E+000  1.0000000000000000E+000  1.0000000000000000E+000
  1.0000000000000000E+000  1.0000000000000000E+000  1.0000000000000000E+000  1.0000000000000000E+000  1.0000000000000000E+000
  1.0000000000000000E+000  1.0000000000000000E+000  1.0000000000000000E+000  1.0000000000000000E+000  1.0000000000000000E+000
  1.0000000000000000E+000  1.0000000000000000E+000  1.0000000000000000E+000  1.0000000000000000E+000  1.0000000000000000E+000
  1.0000000000000000E+000  1.0000000000000000E+000  1.0000000000000000E+000  1.0000000000000000E+000  1.0000000000000000E+000
  1.0000000000000000E+000  1.0000000000000000E+000  1.0000000000000000E+000  1.0000000000000000E+000  1.0000000000000000E+000
  1.0000000000000000E+000  1.0000000000000000E+000  1.0000000000000000E+000  1.0000000000000000E+000  1.0000000000000000E+000
  1.0000000000000000E+000  1.0000000000000000E+000  1.0000000000000000E+000  1.0000000000000000E+000  1.0000000000000000E+000
  1.0000000000000000E+000  1.0000000000000000E+000  1.0000000000000000E+000  1.0000000000000000E+000  1.0000000000000000E+000
  1.0000000000000000E+000  1.0000000000000000E+000  1.0000000000000000E+000  1.0000000000000000E+000  1.0000000000000000E+000
  1.0000000000000000E+000  1.0000000000000000E+000  1.0000000000000000E+000  1.0000000000000000E+000  1.0000000000000000E+000
  1.0000000000000000E+000  1.0000000000000000E+000  1.0000000000000000E+000  1.0000000000000000E+000  1.0000000000000000E+000
  1.0000000000000000E+000  1.0000000000000000E+000  1.0000000000000000E+000  1.0000000000000000E+000  1.0000000000000000E+000
  1.0000000000000000E+000  1.0000000000000000E+000
BLOCK 21   2.4599594140800258E+000
  1.0000000000000000E+000  1.0000000000000000E+000  1.0000000000000000E+000  1.0000000000000000E+000  1.0000000000000000E+000
  1.0000000000000000E+000  1.0000000000000000E+000  1.0000000000000000E+000  1.0000000000000000E+000  1.0000000000000000E+000
  1.0000000000000000E+000  1.0000000000000000E+000  1.0000000000000000E+000  1.0000000000000000E+000  1.0000000000000000E+000
  1.0000000000000000E+000  1.0000000000000000E+000  1.0000000000000000E+000  1.0000000000000000E+000  1.0000000000000000E+000
  1.0000000000000000E+000  1.0000000000000000E+000  1.0000000000000000E+000  1.0000000000000000E+000  1.0000000000000000E+000
  1.0000000000000000E+000  1.0000000000000000E+000  1.0000000000000000E+000  1.0000000000000000E+000  1.0000000000000000E+000
  1.0000000000000000E+000  1.0000000000000000E+000  1.0000000000000000E+000  1.0000000000000000E+000  1.0000000000000000E+000
  1.0000000000000000E+000  1.0000000000000000E+000  1.0000000000000000E+000  1.0000000000000000E+000  1.0000000000000000E+000
  1.0000000000000000E+000  1.0000000000000000E+000  1.0000000000000000E+000  1.0000000000000000E+000  1.0000000000000000E+000
  1.0000000000000000E+000  1.0000000000000000E+000  1.0000000000000000E+000  1.0000000000000000E+000  1.0000000000000000E+000
  1.0000000000000000E+000  1.0000000000000000E+000  1.0000000000000000E+000  1.0000000000000000E+000  1.0000000000000000E+000
  1.0000000000000000E+000  1.0000000000000000E+000  1.0000000000000000E+000  1.0000000000000000E+000  1.0000000000000000E+000
  1.0000000000000000E+000  1.0000000000000000E+000  1.0000000000000000E+000  1.0000000000000000E+000  1.0000000000000000E+000
  1.0000000000000000E+000  1.0000000000000000E+000  1.0000000000000000E+000  1.0000000000000000E+000  1.0000000000000000E+000
  1.0000000000000000E+000  1.0000000000000000E+000
BLOCK 22   2.5829573847840281E+000
  1.0000000000000000E+000  1.0000000000000000E+000  1.0000000000000000E+000  1.0000000000000000E+000  1.0000000000000000E+000
  1.0000000000000000E+000  1.0000000000000000E+000  1.0000000000000000E+000  1.0000000000000000E+000  1.0000000000000000E+000
  1.0000000000000000E+000  1.0000000000000000E+000  1.0000000000000000E+000  1.0000000000000000E+000  1.0000000000000000E+000
  1.0000000000000000E+000  1.0000000000000000E+000  1.0000000000000000E+000  1.0000000000000000E+000  1.0000000000000000E+000
  1.0000000000000000E+000  1.0000000000000000E+000  1.0000000000000000E+000  1.0000000000000000E+000  1.0000000000000000E+000
  1.0000000000000000E+000  1.0000000000000000E+000  1.0000000000000000E+000  1.0000000000000000E+000  1.0000000000000000E+000
  1.0000000000000000E+000  1.0000000000000000E+000  1.0000000000000000E+000  1.0000000000000000E+000  1.0000000000000000E+000
  1.0000000000000000E+000  1.0000000000000000E+000  1.0000000000000000E+000  1.0000000000000000E+000  1.0000000000000000E+000
  1.0000000000000000E+000  1.0000000000000000E+000  1.0000000000000000E+000  1.0000000000000000E+000  1.0000000000000000E+000
  1.0000000000000000E+000  1.0000000000000000E+000  1.0000000000000000E+000  1.0000000000000000E+000  1.0000000000000000E+000
  1.0000000000000000E+000  1.0000000000000000E+000  1.0000000000000000E+000  1.0000000000000000E+000  1.0000000000000000E+000
  1.0000000000000000E+000  1.0000000000000000E+000  1.0000000000000000E+000  1.0000000000000000E+000  1.0000000000000000E+000
  1.0000000000000000E+000  1.0000000000000000E+000  1.0000000000000000E+000  1.0000000000000000E+000  1.0000000000000000E+000
  1.0000000000000000E+000  1.0000000000000000E+000  1.0000000000000000E+000  1.0000000000000000E+000  1.0000000000000000E+000
  1.0000000000000000E+000  1.0000000000000000E+000
BLOCK 23   2.7059553554880305E+000
  1.0000000000000000E+000  1.0000000000000000E+000  1.0000000000000000E+000  1.0000000000000000E+000  1.0000000000000000E+000
  1.0000000000000000E+000  1.0000000000000000E+000  1.0000000000000000E+000  1.0000000000000000E+000  1.0000000000000000E+000
  1.0000000000000000E+000  1.0000000000000000E+000  1.0000000000000000E+000  1.0000000000000000E+000  1.0000000000000000E+000
  1.0000000000000000E+000  1.0000000000000000E+000  1.0000000000000000E+000  1.0000000000000000E+000  1.0000000000000000E+000
  1.0000000000000000E+000  1.0000000000000000E+000  1.0000000000000000E+000  1.0000000000000000E+000  1.0000000000000000E+000
  1.0000000000000000E+000  1.0000000000000000E+000  1.0000000000000000E+000  1.0000000000000000E+000  1.0000000000000000E+000
  1.0000000000000000E+000  1.0000000000000000E+000  1.0000000000000000E+000  1.0000000000000000E+000  1.0000000000000000E+000
  1.0000000000000000E+000  1.0000000000000000E+000  1.0000000000000000E+000  1.0000000000000000E+000  1.0000000000000000E+000
  1.0000000000000000E+000  1.0000000000000000E+000  1.0000000000000000E+000  1.0000000000000000E+000  1.0000000000000000E+000
  1.0000000000000000E+000  1.0000000000000000E+000  1.0000000000000000E+000  1.0000000000000000E+000  1.0000000000000000E+000
  1.0000000000000000E+000  1.0000000000000000E+000  1.0000000000000000E+000  1.0000000000000000E+000  1.0000000000000000E+000
  1.0000000000000000E+000  1.0000000000000000E+000  1.0000000000000000E+000  1.0000000000000000E+000  1.0000000000000000E+000
  1.0000000000000000E+000  1.0000000000000000E+000  1.0000000000000000E+000  1.0000000000000000E+000  1.0000000000000000E+000
  1.0000000000000000E+000  1.0000000000000000E+000  1.0000000000000000E+000  1.0000000000000000E+000  1.0000000000000000E+000
  1.0000000000000000E+000  1.0000000000000000E+000
BLOCK 24   2.8289533261920328E+000
  1.0000000000000000E+000  1.0000000000000000E+000  1.0000000000000000E+000  1.0000000000000000E+000  1.0000000000000000E+000
  1.0000000000000000E+000  1.0000000000000000E+000  1.0000000000000000E+000  1.0000000000000000E+000  1.0000000000000000E+000
  1.0000000000000000E+000  1.0000000000000000E+000  1.0000000000000000E+000  1.0000000000000000E+000  1.0000000000000000E+000
  1.0000000000000000E+000  1.0000000000000000E+000  1.0000000000000000E+000  1.0000000000000000E+000  1.0000000000000000E+000
  1.0000000000000000E+000  1.0000000000000000E+000  1.0000000000000000E+000  1.0000000000000000E+000  1.0000000000000000E+000
  1.0000000000000000E+000  1.0000000000000000E+000  1.0000000000000000E+000  1.0000000000000000E+000  1.0000000000000000E+000
  1.0000000000000000E+000  1.0000000000000000E+000  1.0000000000000000E+000  1.0000000000000000E+000  1.0000000000000000E+000
  1.0000000000000000E+000  1.0000000000000000E+000  1.0000000000000000E+000  1.0000000000000000E+000  1.0000000000000000E+000
  1.0000000000000000E+000  1.0000000000000000E+000  1.0000000000000000E+000  1.0000000000000000E+000  1.0000000000000000E+000
  1.0000000000000000E+000  1.0000000000000000E+000  1.0000000000000000E+000  1.0000000000000000E+000  1.0000000000000000E+000
  1.0000000000000000E+000  1.0000000000000000E+000  1.0000000000000000E+000  1.0000000000000000E+000  1.0000000000000000E+000
  1.0000000000000000E+000  1.0000000000000000E+000  1.0000000000000000E+000  1.0000000000000000E+000  1.0000000000000000E+000
  1.0000000000000000E+000  1.0000000000000000E+000  1.0000000000000000E+000  1.0000000000000000E+000  1.0000000000000000E+000
  1.0000000000000000E+000  1.0000000000000000E+000  1.0000000000000000E+000  1.0000000000000000E+000  1.0000000000000000E+000
  1.0000000000000000E+000  1.0000000000000000E+000
BLOCK 25   2.9519512968960351E+000
  1.0000000000000000E+000  1.0000000000000000E+000  1.0000000000000000E+000  1.0000000000000000E+000  1.0000000000000000E+000
  1.0000000000000000E+000  1.0000000000000000E+000  1.0000000000000000E+000  1.0000000000000000E+000  1.0000000000000000E+000
  1.0000000000000000E+000  1.0000000000000000E+000  1.0000000000000000E+000  1.0000000000000000E+000  1.0000000000000000E+000
  1.0000000000000000E+000  1.0000000000000000E+000  1.0000000000000000E+000  1.0000000000000000E+000  1.0000000000000000E+000
  1.0000000000000000E+000  1.0000000000000000E+000  1.0000000000000000E+000  1.0000000000000000E+000  1.0000000000000000E+000
  1.0000000000000000E+000  1.0000000000000000E+000  1.0000000000000000E+000  1.0000000000000000E+000  1.0000000000000000E+000
  1.0000000000000000E+000  1.0000000000000000E+000  1.0000000000000000E+000  1.0000000000000000E+000  1.0000000000000000E+000
  1.0000000000000000E+000  1.0000000000000000E+000  1.0000000000000000E+000  1.0000000000000000E+000  1.0000000000000000E+000
  1.0000000000000000E+000  1.0000000000000000E+000  1.0000000000000000E+000  1.0000000000000000E+000  1.0000000000000000E+000
  1.0000000000000000E+000  1.0000000000000000E+000  1.0000000000000000E+000  1.0000000000000000E+000  1.0000000000000000E+000
  1.0000000000000000E+000  1.0000000000000000E+000  1.0000000000000000E+000  1.0000000000000000E+000  1.0000000000000000E+000
  1.0000000000000000E+000  1.0000000000000000E+000  1.0000000000000000E+000  1.0000000000000000E+000  1.0000000000000000E+000
  1.0000000000000000E+000  1.0000000000000000E+000  1.0000000000000000E+000  1.0000000000000000E+000  1.0000000000000000E+000
  1.0000000000000000E+000  1.0000000000000000E+000  1.0000000000000000E+000  1.0000000000000000E+000  1.0000000000000000E+000
  1.0000000000000000E+000  1.0000000000000000E+000
BLOCK 26   3.0749492676000374E+000
  1.0000000000000000E+000  1.0000000000000000E+000  1.0000000000000000E+000  1.0000000000000000E+000  1.0000000000000000E+000
  1.0000000000000000E+000  1.0000000000000000E+000  1.0000000000000000E+000  1.0000000000000000E+000  1.0000000000000000E+000
  1.0000000000000000E+000  1.0000000000000000E+000  1.0000000000000000E+000  1.0000000000000000E+000  1.0000000000000000E+000
  1.0000000000000000E+000  1.0000000000000000E+000  1.0000000000000000E+000  1.0000000000000000E+000  1.0000000000000000E+000
  1.0000000000000000E+000  1.0000000000000000E+000  1.0000000000000000E+000  1.0000000000000000E+000  1.0000000000000000E+000
  1.0000000000000000E+000  1.0000000000000000E+000  1.0000000000000000E+000  1.0000000000000000E+000  1.0000000000000000E+000
  1.0000000000000000E+000  1.0000000000000000E+000  1.0000000000000000E+000  1.0000000000000000E+000  1.0000000000000000E+000
  1.0000000000000000E+000  1.0000000000000000E+000  1.0000000000000000E+000  1.0000000000000000E+000  1.0000000000000000E+000
  1.0000000000000000E+000  1.0000000000000000E+000  1.0000000000000000E+000  1.0000000000000000E+000  1.0000000000000000E+000
  1.0000000000000000E+000  1.0000000000000000E+000  1.0000000000000000E+000  1.0000000000000000E+000  1.0000000000000000E+000
  1.0000000000000000E+000  1.0000000000000000E+000  1.0000000000000000E+000  1.0000000000000000E+000  1.0000000000000000E+000
  1.0000000000000000E+000  1.0000000000000000E+000  1.0000000000000000E+000  1.0000000000000000E+000  1.0000000000000000E+000
  1.0000000000000000E+000  1.0000000000000000E+000  1.0000000000000000E+000  1.0000000000000000E+000  1.0000000000000000E+000
  1.0000000000000000E+000  1.0000000000000000E+000  1.0000000000000000E+000  1.0000000000000000E+000  1.0000000000000000E+000
  1.0000000000000000E+000  1.0000000000000000E+000
BLOCK 27   3.1979472383040397E+000
  1.0000000000000000E+000  1.0000000000000000E+000  1.0000000000000000E+000  1.0000000000000000E+000  1.0000000000000000E+000
  1.0000000000000000E+000  1.0000000000000000E+000  1.0000000000000000E+000  1.0000000000000000E+000  1.0000000000000000E+000
  1.0000000000000000E+000  1.0000000000000000E+000  1.0000000000000000E+000  1.0000000000000000E+000  1.0000000000000000E+000
  1.0000000000000000E+000  1.0000000000000000E+000  1.0000000000000000E+000  1.0000000000000000E+000  1.0000000000000000E+000
  1.0000000000000000E+000  1.0000000000000000E+000  1.0000000000000000E+000  1.0000000000000000E+000  1.0000000000000000E+000
  1.0000000000000000E+000  1.0000000000000000E+000  1.0000000000000000E+000  1.0000000000000000E+000  1.0000000000000000E+000
  1.0000000000000000E+000  1.0000000000000000E+000  1.0000000000000000E+000  1.0000000000000000E+000  1.0000000000000000E+000
  1.0000000000000000E+000  1.0000000000000000E+000  1.0000000000000000E+000  1.0000000000000000E+000  1.0000000000000000E+000
  1.0000000000000000E+000  1.0000000000000000E+000  1.0000000000000000E+000  1.0000000000000000E+000  1.0000000000000000E+000
  1.0000000000000000E+000  1.0000000000000000E+000  1.0000000000000000E+000  1.0000000000000000E+000  1.0000000000000000E+000
  1.0000000000000000E+000  1.0000000000000000E+000  1.0000000000000000E+000  1.0000000000000000E+000  1.0000000000000000E+000
  1.0000000000000000E+000  1.0000000000000000E+000  1.0000000000000000E+000  1.0000000000000000E+000  1.0000000000000000E+000
  1.0000000000000000E+000  1.0000000000000000E+000  1.0000000000000000E+000  1.0000000000000000E+000  1.0000000000000000E+000
  1.0000000000000000E+000  1.0000000000000000E+000  1.0000000000000000E+000  1.0000000000000000E+000  1.0000000000000000E+000
  1.0000000000000000E+000  1.0000000000000000E+000
BLOCK 28   3.3209452090080420E+000
  1.0000000000000000E+000  1.0000000000000000E+000  1.0000000000000000E+000  1.0000000000000000E+000  1.0000000000000000E+000
  1.0000000000000000E+000  1.0000000000000000E+000  1.0000000000000000E+000  1.0000000000000000E+000  1.0000000000000000E+000
  1.0000000000000000E+000  1.0000000000000000E+000  1.0000000000000000E+000  1.0000000000000000E+000  1.0000000000000000E+000
  1.0000000000000000E+000  1.0000000000000000E+000  1.0000000000000000E+000  1.0000000000000000E+000  1.0000000000000000E+000
  1.0000000000000000E+000  1.0000000000000000E+000  1.0000000000000000E+000  1.0000000000000000E+000  1.0000000000000000E+000
  1.0000000000000000E+000  1.0000000000000000E+000  1.0000000000000000E+000  1.0000000000000000E+000  1.0000000000000000E+000
  1.0000000000000000E+000  1.0000000000000000E+000  1.0000000000000000E+000  1.0000000000000000E+000  1.0000000000000000E+000
  1.0000000000000000E+000  1.0000000000000000E+000  1.0000000000000000E+000  1.0000000000000000E+000  1.0000000000000000E+000
  1.0000000000000000E+000  1.0000000000000000E+000  1.0000000000000000E+000  1.0000000000000000E+000  1.0000000000000000E+000
  1.0000000000000000E+000  1.0000000000000000E+000  1.0000000000000000E+000  1.0000000000000000E+000  1.0000000000000000E+000
  1.0000000000000000E+000  1.0000000000000000E+000  1.0000000000000000E+000  1.0000000000000000E+000  1.0000000000000000E+000
  1.0000000000000000E+000  1.0000000000000000E+000  1.0000000000000000E+000  1.0000000000000000E+000  1.0000000000000000E+000
  1.0000000000000000E+000  1.0000000000000000E+000  1.0000000000000000E+000  1.0000000000000000E+000  1.0000000000000000E+000
  1.0000000000000000E+000  1.0000000000000000E+000  1.0000000000000000E+000  1.0000000000000000E+000  1.0000000000000000E+000
  1.0000000000000000E+000  1.0000000000000000E+000
BLOCK 29   3.4439431797120443E+000
  1.0000000000000000E+000  1.0000000000000000E+000  1.0000000000000000E+000  1.0000000000000000E+000  1.0000000000000000E+000
  1.0000000000000000E+000  1.0000000000000000E+000  1.0000000000000000E+000  1.0000000000000000E+000  1.0000000000000000E+000
  1.0000000000000000E+000  1.0000000000000000E+000  1.0000000000000000E+000  1.0000000000000000E+000  1.0000000000000000E+000
  1.0000000000000000E+000  1.0000000000000000E+000  1.0000000000000000E+000  1.0000000000000000E+000  1.0000000000000000E+000
  1.0000000000000000E+000  1.0000000000000000E+000  1.0000000000000000E+000  1.0000000000000000E+000  1.0000000000000000E+000
  1.0000000000000000E+000  1.0000000000000000E+000  1.0000000000000000E+000  1.0000000000000000E+000  1.0000000000000000E+000
  1.0000000000000000E+000  1.0000000000000000E+000  1.0000000000000000E+000  1.0000000000000000E+000  1.0000000000000000E+000
  1.0000000000000000E+000  1.0000000000000000E+000  1.0000000000000000E+000  1.0000000000000000E+000  1.0000000000000000E+000
  1.0000000000000000E+000  1.0000000000000000E+000  1.0000000000000000E+000  1.0000000000000000E+000  1.0000000000000000E+000
  1.0000000000000000E+000  1.0000000000000000E+000  1.0000000000000000E+000  1.0000000000000000E+000  1.0000000000000000E+000
  1.0000000000000000E+000  1.0000000000000000E+000  1.0000000000000000E+000  1.0000000000000000E+000  1.0000000000000000E+000
  1.0000000000000000E+000  1.0000000000000000E+000  1.0000000000000000E+000  1.0000000000000000E+000  1.0000000000000000E+000
  1.0000000000000000E+000  1.0000000000000000E+000  1.0000000000000000E+000  1.0000000000000000E+000  1.0000000000000000E+000
  1.0000000000000000E+000  1.0000000000000000E+000  1.0000000000000000E+000  1.0000000000000000E+000  1.0000000000000000E+000
  1.0000000000000000E+000  1.0000000000000000E+000
BLOCK 30   3.5669411504160466E+000
  1.0000000000000000E+000  1.0000000000000000E+000  1.0000000000000000E+000  1.0000000000000000E+000  1.0000000000000000E+000
  1.0000000000000000E+000  1.0000000000000000E+000  1.0000000000000000E+000  1.0000000000000000E+000  1.0000000000000000E+000
  1.0000000000000000E+000  1.0000000000000000E+000  1.0000000000000000E+000  1.0000000000000000E+000  1.0000000000000000E+000
  1.0000000000000000E+000  1.0000000000000000E+000  1.0000000000000000E+000  1.0000000000000000E+000  1.0000000000000000E+000
  1.0000000000000000E+000  1.0000000000000000E+000  1.0000000000000000E+000  1.0000000000000000E+000  1.0000000000000000E+000
  1.0000000000000000E+000  1.0000000000000000E+000  1.0000000000000000E+000  1.0000000000000000E+000  1.0000000000000000E+000
  1.0000000000000000E+000  1.0000000000000000E+000  1.0000000000000000E+000  1.0000000000000000E+000  1.0000000000000000E+000
  1.0000000000000000E+000  1.0000000000000000E+000  1.0000000000000000E+000  1.0000000000000000E+000  1.0000000000000000E+000
  1.0000000000000000E+000  1.0000000000000000E+000  1.0000000000000000E+000  1.0000000000000000E+000  1.0000000000000000E+000
  1.0000000000000000E+000  1.0000000000000000E+000  1.0000000000000000E+000  1.0000000000000000E+000  1.0000000000000000E+000
  1.0000000000000000E+000  1.0000000000000000E+000  1.0000000000000000E+000  1.0000000000000000E+000  1.0000000000000000E+000
  1.0000000000000000E+000  1.0000000000000000E+000  1.0000000000000000E+000  1.0000000000000000E+000  1.0000000000000000E+000
  1.0000000000000000E+000  1.0000000000000000E+000  1.0000000000000000E+000  1.0000000000000000E+000  1.0000000000000000E+000
  1.0000000000000000E+000  1.0000000000000000E+000  1.0000000000000000E+000  1.0000000000000000E+000  1.0000000000000000E+000
  1.0000000000000000E+000  1.0000000000000000E+000
BLOCK 31   3.6899391211200490E+000
  1.0000000000000000E+000  1.0000000000000000E+000  1.0000000000000000E+000  1.0000000000000000E+000  1.0000000000000000E+000
  1.0000000000000000E+000  1.0000000000000000E+000  1.0000000000000000E+000  1.0000000000000000E+000  1.0000000000000000E+000
  1.0000000000000000E+000  1.0000000000000000E+000  1.0000000000000000E+000  1.0000000000000000E+000  1.0000000000000000E+000
  1.0000000000000000E+000  1.0000000000000000E+000  1.0000000000000000E+000  1.0000000000000000E+000  1.0000000000000000E+000
  1.0000000000000000E+000  1.0000000000000000E+000  1.0000000000000000E+000  1.0000000000000000E+000  1.0000000000000000E+000
  1.0000000000000000E+000  1.0000000000000000E+000  1.0000000000000000E+000  1.0000000000000000E+000  1.0000000000000000E+000
  1.0000000000000000E+000  1.0000000000000000E+000  1.0000000000000000E+000  1.0000000000000000E+000  1.0000000000000000E+000
  1.0000000000000000E+000  1.0000000000000000E+000  1.0000000000000000E+000  1.0000000000000000E+000  1.0000000000000000E+000
  1.0000000000000000E+000  1.0000000000000000E+000  1.0000000000000000E+000  1.0000000000000000E+000  1.0000000000000000E+000
  1.0000000000000000E+000  1.0000000000000000E+000  1.0000000000000000E+000  1.0000000000000000E+000  1.0000000000000000E+000
  1.0000000000000000E+000  1.0000000000000000E+000  1.0000000000000000E+000  1.0000000000000000E+000  1.0000000000000000E+000
  1.0000000000000000E+000  1.0000000000000000E+000  1.0000000000000000E+000  1.0000000000000000E+000  1.0000000000000000E+000
  1.0000000000000000E+000  1.0000000000000000E+000  1.0000000000000000E+000  1.0000000000000000E+000  1.0000000000000000E+000
  1.0000000000000000E+000  1.0000000000000000E+000  1.0000000000000000E+000  1.0000000000000000E+000  1.0000000000000000E+000
  1.0000000000000000E+000  1.0000000000000000E+000
BLOCK 32   3.8129370918240513E+000
  1.0000000000000000E+000  1.0000000000000000E+000  1.0000000000000000E+000  1.0000000000000000E+000  1.0000000000000000E+000
  1.0000000000000000E+000  1.0000000000000000E+000  1.0000000000000000E+000  1.0000000000000000E+000  1.0000000000000000E+000
  1.0000000000000000E+000  1.0000000000000000E+000  1.0000000000000000E+000  1.0000000000000000E+000  1.0000000000000000E+000
  1.0000000000000000E+000  1.0000000000000000E+000  1.0000000000000000E+000  1.0000000000000000E+000  1.0000000000000000E+000
  1.0000000000000000E+000  1.0000000000000000E+000  1.0000000000000000E+000  1.0000000000000000E+000  1.0000000000000000E+000
  1.0000000000000000E+000  1.0000000000000000E+000  1.0000000000000000E+000  1.0000000000000000E+000  1.0000000000000000E+000
  1.0000000000000000E+000  1.0000000000000000E+000  1.0000000000000000E+000  1.0000000000000000E+000  1.0000000000000000E+000
  1.0000000000000000E+000  1.0000000000000000E+000  1.0000000000000000E+000  1.0000000000000000E+000  1.0000000000000000E+000
  1.0000000000000000E+000  1.0000000000000000E+000  1.0000000000000000E+000  1.0000000000000000E+000  1.0000000000000000E+000
  1.0000000000000000E+000  1.0000000000000000E+000  1.0000000000000000E+000  1.0000000000000000E+000  1.0000000000000000E+000
  1.0000000000000000E+000  1.0000000000000000E+000  1.0000000000000000E+000  1.0000000000000000E+000  1.0000000000000000E+000
  1.0000000000000000E+000  1.0000000000000000E+000  1.0000000000000000E+000  1.0000000000000000E+000  1.0000000000000000E+000
  1.0000000000000000E+000  1.0000000000000000E+000  1.0000000000000000E+000  1.0000000000000000E+000  1.0000000000000000E+000
  1.0000000000000000E+000  1.0000000000000000E+000  1.0000000000000000E+000  1.0000000000000000E+000  1.0000000000000000E+000
  1.0000000000000000E+000  1.0000000000000000E+000
BLOCK 33   3.9359350625280536E+000
  1.0000000000000000E+000  1.0000000000000000E+000  1.0000000000000000E+000  1.0000000000000000E+000  1.0000000000000000E+000
  1.0000000000000000E+000  1.0000000000000000E+000  1.0000000000000000E+000  1.0000000000000000E+000  1.0000000000000000E+000
  1.0000000000000000E+000  1.0000000000000000E+000  1.0000000000000000E+000  1.0000000000000000E+000  1.0000000000000000E+000
  1.0000000000000000E+000  1.0000000000000000E+000  1.0000000000000000E+000  1.0000000000000000E+000  1.0000000000000000E+000
  1.0000000000000000E+000  1.0000000000000000E+000  1.0000000000000000E+000  1.0000000000000000E+000  1.0000000000000000E+000
  1.0000000000000000E+000  1.0000000000000000E+000  1.0000000000000000E+000  1.0000000000000000E+000  1.0000000000000000E+000
  1.0000000000000000E+000  1.0000000000000000E+000  1.0000000000000000E+000  1.0000000000000000E+000  1.0000000000000000E+000
  1.0000000000000000E+000  1.0000000000000000E+000  1.0000000000000000E+000  1.0000000000000000E+000  1.0000000000000000E+000
  1.0000000000000000E+000  1.0000000000000000E+000  1.0000000000000000E+000  1.0000000000000000E+000  1.0000000000000000E+000
  1.0000000000000000E+000  1.0000000000000000E+000  1.0000000000000000E+000  1.0000000000000000E+000  1.0000000000000000E+000
  1.0000000000000000E+000  1.0000000000000000E+000  1.0000000000000000E+000  1.0000000000000000E+000  1.0000000000000000E+000
  1.0000000000000000E+000  1.0000000000000000E+000  1.0000000000000000E+000  1.0000000000000000E+000  1.0000000000000000E+000
  1.0000000000000000E+000  1.0000000000000000E+000  1.0000000000000000E+000  1.0000000000000000E+000  1.0000000000000000E+000
  1.0000000000000000E+000  1.0000000000000000E+000  1.0000000000000000E+000  1.0000000000000000E+000  1.0000000000000000E+000
  1.0000000000000000E+000  1.0000000000000000E+000
BLOCK 34   4.0589330332320559E+000
  1.0000000000000000E+000  1.0000000000000000E+000  1.0000000000000000E+000  1.0000000000000000E+000  1.0000000000000000E+000
  1.0000000000000000E+000  1.0000000000000000E+000  1.0000000000000000E+000  1.0000000000000000E+000  1.0000000000000000E+000
  1.0000000000000000E+000  1.0000000000000000E+000  1.0000000000000000E+000  1.0000000000000000E+000  1.0000000000000000E+000
  1.0000000000000000E+000  1.0000000000000000E+000  1.0000000000000000E+000  1.0000000000000000E+000  1.0000000000000000E+000
  1.0000000000000000E+000  1.0000000000000000E+000  1.0000000000000000E+000  1.0000000000000000E+000  1.0000000000000000E+000
  1.0000000000000000E+000  1.0000000000000000E+000  1.0000000000000000E+000  1.0000000000000000E+000  1.0000000000000000E+000
  1.0000000000000000E+000  1.0000000000000000E+000  1.0000000000000000E+000  1.0000000000000000E+000  1.0000000000000000E+000
  1.0000000000000000E+000  1.0000000000000000E+000  1.0000000000000000E+000  1.0000000000000000E+000  1.0000000000000000E+000
  1.0000000000000000E+000  1.0000000000000000E+000  1.0000000000000000E+000  1.0000000000000000E+000  1.0000000000000000E+000
  1.0000000000000000E+000  1.0000000000000000E+000  1.0000000000000000E+000  1.0000000000000000E+000  1.0000000000000000E+000
  1.0000000000000000E+000  1.0000000000000000E+000  1.0000000000000000E+000  1.0000000000000000E+000  1.0000000000000000E+000
  1.0000000000000000E+000  1.0000000000000000E+000  1.0000000000000000E+000  1.0000000000000000E+000  1.0000000000000000E+000
  1.0000000000000000E+000  1.0000000000000000E+000  1.0000000000000000E+000  1.0000000000000000E+000  1.0000000000000000E+000
  1.0000000000000000E+000  1.0000000000000000E+000  1.0000000000000000E+000  1.0000000000000000E+000  1.0000000000000000E+000
  1.0000000000000000E+000  1.0000000000000000E+000
BLOCK 35   4.1819310039360582E+000
  1.0000000000000000E+000  1.0000000000000000E+000  1.0000000000000000E+000  1.0000000000000000E+000  1.0000000000000000E+000
  1.0000000000000000E+000  1.0000000000000000E+000  1.0000000000000000E+000  1.0000000000000000E+000  1.0000000000000000E+000
  1.0000000000000000E+000  1.0000000000000000E+000  1.0000000000000000E+000  1.0000000000000000E+000  1.0000000000000000E+000
  1.0000000000000000E+000  1.0000000000000000E+000  1.0000000000000000E+000  1.0000000000000000E+000  1.0000000000000000E+000
  1.0000000000000000E+000  1.0000000000000000E+000  1.0000000000000000E+000  1.0000000000000000E+000  1.0000000000000000E+000
  1.0000000000000000E+000  1.0000000000000000E+000  1.0000000000000000E+000  1.0000000000000000E+000  1.0000000000000000E+000
  1.0000000000000000E+000  1.0000000000000000E+000  1.0000000000000000E+000  1.0000000000000000E+000  1.0000000000000000E+000
  1.0000000000000000E+000  1.0000000000000000E+000  1.0000000000000000E+000  1.0000000000000000E+000  1.0000000000000000E+000
  1.0000000000000000E+000  1.0000000000000000E+000  1.0000000000000000E+000  1.0000000000000000E+000  1.0000000000000000E+000
  1.0000000000000000E+000  1.0000000000000000E+000  1.0000000000000000E+000  1.0000000000000000E+000  1.0000000000000000E+000
  1.0000000000000000E+000  1.0000000000000000E+000  1.0000000000000000E+000  1.0000000000000000E+000  1.0000000000000000E+000
  1.0000000000000000E+000  1.0000000000000000E+000  1.0000000000000000E+000  1.0000000000000000E+000  1.0000000000000000E+000
  1.0000000000000000E+000  1.0000000000000000E+000  1.0000000000000000E+000  1.0000000000000000E+000  1.0000000000000000E+000
  1.0000000000000000E+000  1.0000000000000000E+000  1.0000000000000000E+000  1.0000000000000000E+000  1.0000000000000000E+000
  1.0000000000000000E+000  1.0000000000000000E+000
BLOCK 36   4.3049289746400605E+000
  1.0000000000000000E+000  1.0000000000000000E+000  1.0000000000000000E+000  1.0000000000000000E+000  1.0000000000000000E+000
  1.0000000000000000E+000  1.0000000000000000E+000  1.0000000000000000E+000  1.0000000000000000E+000  1.0000000000000000E+000
  1.0000000000000000E+000  1.0000000000000000E+000  1.0000000000000000E+000  1.0000000000000000E+000  1.0000000000000000E+000
  1.0000000000000000E+000  1.0000000000000000E+000  1.0000000000000000E+000  1.0000000000000000E+000  1.0000000000000000E+000
  1.0000000000000000E+000  1.0000000000000000E+000  1.0000000000000000E+000  1.0000000000000000E+000  1.0000000000000000E+000
  1.0000000000000000E+000  1.0000000000000000E+000  1.0000000000000000E+000  1.0000000000000000E+000  1.0000000000000000E+000
  1.0000000000000000E+000  1.0000000000000000E+000  1.0000000000000000E+000  1.0000000000000000E+000  1.0000000000000000E+000
  1.0000000000000000E+000  1.0000000000000000E+000  1.0000000000000000E+000  1.0000000000000000E+000  1.0000000000000000E+000
  1.0000000000000000E+000  1.0000000000000000E+000  1.0000000000000000E+000  1.0000000000000000E+000  1.0000000000000000E+000
  1.0000000000000000E+000  1.0000000000000000E+000  1.0000000000000000E+000  1.0000000000000000E+000  1.0000000000000000E+000
  1.0000000000000000E+000  1.0000000000000000E+000  1.0000000000000000E+000  1.0000000000000000E+000  1.0000000000000000E+000
  1.0000000000000000E+000  1.0000000000000000E+000  1.0000000000000000E+000  1.0000000000000000E+000  1.0000000000000000E+000
  1.0000000000000000E+000  1.0000000000000000E+000  1.0000000000000000E+000  1.0000000000000000E+000  1.0000000000000000E+000
  1.0000000000000000E+000  1.0000000000000000E+000  1.0000000000000000E+000  1.0000000000000000E+000  1.0000000000000000E+000
  1.0000000000000000E+000  1.0000000000000000E+000
BLOCK 37   4.4279269453440628E+000
  1.0000000000000000E+000  1.0000000000000000E+000  1.0000000000000000E+000  1.0000000000000000E+000  1.0000000000000000E+000
  1.0000000000000000E+000  1.0000000000000000E+000  1.0000000000000000E+000  1.0000000000000000E+000  1.0000000000000000E+000
  1.0000000000000000E+000  1.0000000000000000E+000  1.0000000000000000E+000  1.0000000000000000E+000  1.0000000000000000E+000
  1.0000000000000000E+000  1.0000000000000000E+000  1.0000000000000000E+000  1.0000000000000000E+000  1.0000000000000000E+000
  1.0000000000000000E+000  1.0000000000000000E+000  1.0000000000000000E+000  1.0000000000000000E+000  1.0000000000000000E+000
  1.0000000000000000E+000  1.0000000000000000E+000  1.0000000000000000E+000  1.0000000000000000E+000  1.0000000000000000E+000
  1.0000000000000000E+000  1.0000000000000000E+000  1.0000000000000000E+000  1.0000000000000000E+000  1.0000000000000000E+000
  1.0000000000000000E+000  1.0000000000000000E+000  1.0000000000000000E+000  1.0000000000000000E+000  1.0000000000000000E+000
  1.0000000000000000E+000  1.0000000000000000E+000  1.0000000000000000E+000  1.0000000000000000E+000  1.0000000000000000E+000
  1.0000000000000000E+000  1.0000000000000000E+000  1.0000000000000000E+000  1.0000000000000000E+000  1.0000000000000000E+000
  1.0000000000000000E+000  1.0000000000000000E+000  1.0000000000000000E+000  1.0000000000000000E+000  1.0000000000000000E+000
  1.0000000000000000E+000  1.0000000000000000E+000  1.0000000000000000E+000  1.0000000000000000E+000  1.0000000000000000E+000
  1.0000000000000000E+000  1.0000000000000000E+000  1.0000000000000000E+000  1.0000000000000000E+000  1.0000000000000000E+000
  1.0000000000000000E+000  1.0000000000000000E+000  1.0000000000000000E+000  1.0000000000000000E+000  1.0000000000000000E+000
  1.0000000000000000E+000  1.0000000000000000E+000
BLOCK 38   4.5509249160480651E+000
  1.0000000000000000E+000  1.0000000000000000E+000  1.0000000000000000E+000  1.0000000000000000E+000  1.0000000000000000E+000
  1.0000000000000000E+000  1.0000000000000000E+000  1.0000000000000000E+000  1.0000000000000000E+000  1.0000000000000000E+000
  1.0000000000000000E+000  1.0000000000000000E+000  1.0000000000000000E+000  1.0000000000000000E+000  1.0000000000000000E+000
  1.0000000000000000E+000  1.0000000000000000E+000  1.0000000000000000E+000  1.0000000000000000E+000  1.0000000000000000E+000
  1.0000000000000000E+000  1.0000000000000000E+000  1.0000000000000000E+000  1.0000000000000000E+000  1.0000000000000000E+000
  1.0000000000000000E+000  1.0000000000000000E+000  1.0000000000000000E+000  1.0000000000000000E+000  1.0000000000000000E+000
  1.0000000000000000E+000  1.0000000000000000E+000  1.0000000000000000E+000  1.0000000000000000E+000  1.0000000000000000E+000
  1.0000000000000000E+000  1.0000000000000000E+000  1.0000000000000000E+000  1.0000000000000000E+000  1.0000000000000000E+000
  1.0000000000000000E+000  1.0000000000000000E+000  1.0000000000000000E+000  1.0000000000000000E+000  1.0000000000000000E+000
  1.0000000000000000E+000  1.0000000000000000E+000  1.0000000000000000E+000  1.0000000000000000E+000  1.0000000000000000E+000
  1.0000000000000000E+000  1.0000000000000000E+000  1.0000000000000000E+000  1.0000000000000000E+000  1.0000000000000000E+000
  1.0000000000000000E+000  1.0000000000000000E+000  1.0000000000000000E+000  1.0000000000000000E+000  1.0000000000000000E+000
  1.0000000000000000E+000  1.0000000000000000E+000  1.0000000000000000E+000  1.0000000000000000E+000  1.0000000000000000E+000
  1.0000000000000000E+000  1.0000000000000000E+000  1.0000000000000000E+000  1.0000000000000000E+000  1.0000000000000000E+000
  1.0000000000000000E+000  1.0000000000000000E+000
BLOCK 39   4.6739228867520675E+000
  1.0000000000000000E+000  1.0000000000000000E+000  1.0000000000000000E+000  1.0000000000000000E+000  1.0000000000000000E+000
  1.0000000000000000E+000  1.0000000000000000E+000  1.0000000000000000E+000  1.0000000000000000E+000  1.0000000000000000E+000
  1.0000000000000000E+000  1.0000000000000000E+000  1.0000000000000000E+000  1.0000000000000000E+000  1.0000000000000000E+000
  1.0000000000000000E+000  1.0000000000000000E+000  1.0000000000000000E+000  1.0000000000000000E+000  1.0000000000000000E+000
  1.0000000000000000E+000  1.0000000000000000E+000  1.0000000000000000E+000  1.0000000000000000E+000  1.0000000000000000E+000
  1.0000000000000000E+000  1.0000000000000000E+000  1.0000000000000000E+000  1.0000000000000000E+000  1.0000000000000000E+000
  1.0000000000000000E+000  1.0000000000000000E+000  1.0000000000000000E+000  1.0000000000000000E+000  1.0000000000000000E+000
  1.0000000000000000E+000  1.0000000000000000E+000  1.0000000000000000E+000  1.0000000000000000E+000  1.0000000000000000E+000
  1.0000000000000000E+000  1.0000000000000000E+000  1.0000000000000000E+000  1.0000000000000000E+000  1.0000000000000000E+000
  1.0000000000000000E+000  1.0000000000000000E+000  1.0000000000000000E+000  1.0000000000000000E+000  1.0000000000000000E+000
  1.0000000000000000E+000  1.0000000000000000E+000  1.0000000000000000E+000  1.0000000000000000E+000  1.0000000000000000E+000
  1.0000000000000000E+000  1.0000000000000000E+000  1.0000000000000000E+000  1.0000000000000000E+000  1.0000000000000000E+000
  1.0000000000000000E+000  1.0000000000000000E+000  1.0000000000000000E+000  1.0000000000000000E+000  1.0000000000000000E+000
  1.0000000000000000E+000  1.0000000000000000E+000  1.0000000000000000E+000  1.0000000000000000E+000  1.0000000000000000E+000
  1.0000000000000000E+000  1.0000000000000000E+000
BLOCK 40   4.7969208574560698E+000
  1.0000000000000000E+000  1.0000000000000000E+000  1.0000000000000000E+000  1.0000000000000000E+000  1.0000000000000000E+000
  1.0000000000000000E+000  1.0000000000000000E+000  1.0000000000000000E+000  1.0000000000000000E+000  1.0000000000000000E+000
  1.0000000000000000E+000  1.0000000000000000E+000  1.0000000000000000E+000  1.0000000000000000E+000  1.0000000000000000E+000
  1.0000000000000000E+000  1.0000000000000000E+000  1.0000000000000000E+000  1.0000000000000000E+000  1.0000000000000000E+000
  1.0000000000000000E+000  1.0000000000000000E+000  1.0000000000000000E+000  1.0000000000000000E+000  1.0000000000000000E+000
  1.0000000000000000E+000  1.0000000000000000E+000  1.0000000000000000E+000  1.0000000000000000E+000  1.0000000000000000E+000
  1.0000000000000000E+000  1.0000000000000000E+000  1.0000000000000000E+000  1.0000000000000000E+000  1.0000000000000000E+000
  1.0000000000000000E+000  1.0000000000000000E+000  1.0000000000000000E+000  1.0000000000000000E+000  1.0000000000000000E+000
  1.0000000000000000E+000  1.0000000000000000E+000  1.0000000000000000E+000  1.0000000000000000E+000  1.0000000000000000E+000
  1.0000000000000000E+000  1.0000000000000000E+000  1.0000000000000000E+000  1.0000000000000000E+000  1.0000000000000000E+000
  1.0000000000000000E+000  1.0000000000000000E+000  1.0000000000000000E+000  1.0000000000000000E+000  1.0000000000000000E+000
  1.0000000000000000E+000  1.0000000000000000E+000  1.0000000000000000E+000  1.0000000000000000E+000  1.0000000000000000E+000
  1.0000000000000000E+000  1.0000000000000000E+000  1.0000000000000000E+000  1.0000000000000000E+000  1.0000000000000000E+000
  1.0000000000000000E+000  1.0000000000000000E+000  1.0000000000000000E+000  1.0000000000000000E+000  1.0000000000000000E+000
  1.0000000000000000E+000  1.0000000000000000E+000
BLOCK 41   4.9199188281600721E+000
  1.0000000000000000E+000  1.0000000000000000E+000  1.0000000000000000E+000  1.0000000000000000E+000  1.0000000000000000E+000
  1.0000000000000000E+000  1.0000000000000000E+000  1.0000000000000000E+000  1.0000000000000000E+000  1.0000000000000000E+000
  1.0000000000000000E+000  1.0000000000000000E+000  1.0000000000000000E+000  1.0000000000000000E+000  1.0000000000000000E+000
  1.0000000000000000E+000  1.0000000000000000E+000  1.0000000000000000E+000  1.0000000000000000E+000  1.0000000000000000E+000
  1.0000000000000000E+000  1.0000000000000000E+000  1.0000000000000000E+000  1.0000000000000000E+000  1.0000000000000000E+000
  1.0000000000000000E+000  1.0000000000000000E+000  1.0000000000000000E+000  1.0000000000000000E+000  1.0000000000000000E+000
  1.0000000000000000E+000  1.0000000000000000E+000  1.0000000000000000E+000  1.0000000000000000E+000  1.0000000000000000E+000
  1.0000000000000000E+000  1.0000000000000000E+000  1.0000000000000000E+000  1.0000000000000000E+000  1.0000000000000000E+000
  1.0000000000000000E+000  1.0000000000000000E+000  1.0000000000000000E+000  1.0000000000000000E+000  1.0000000000000000E+000
  1.0000000000000000E+000  1.0000000000000000E+000  1.0000000000000000E+000  1.0000000000000000E+000  1.0000000000000000E+000
  1.0000000000000000E+000  1.0000000000000000E+000  1.0000000000000000E+000  1.0000000000000000E+000  1.0000000000000000E+000
  1.0000000000000000E+000  1.0000000000000000E+000  1.0000000000000000E+000  1.0000000000000000E+000  1.0000000000000000E+000
  1.0000000000000000E+000  1.0000000000000000E+000  1.0000000000000000E+000  1.0000000000000000E+000  1.0000000000000000E+000
  1.0000000000000000E+000  1.0000000000000000E+000  1.0000000000000000E+000  1.0000000000000000E+000  1.0000000000000000E+000
  1.0000000000000000E+000  1.0000000000000000E+000
BLOCK 42   5.0429167988640744E+000
  1.0000000000000000E+000  1.0000000000000000E+000  1.0000000000000000E+000  1.0000000000000000E+000  1.0000000000000000E+000
  1.0000000000000000E+000  1.0000000000000000E+000  1.0000000000000000E+000  1.0000000000000000E+000  1.0000000000000000E+000
  1.0000000000000000E+000  1.0000000000000000E+000  1.0000000000000000E+000  1.0000000000000000E+000  1.0000000000000000E+000
  1.0000000000000000E+000  1.0000000000000000E+000  1.0000000000000000E+000  1.0000000000000000E+000  1.0000000000000000E+000
  1.0000000000000000E+000  1.0000000000000000E+000  1.0000000000000000E+000  1.0000000000000000E+000  1.0000000000000000E+000
  1.0000000000000000E+000  1.0000000000000000E+000  1.0000000000000000E+000  1.0000000000000000E+000  1.0000000000000000E+000
  1.0000000000000000E+000  1.0000000000000000E+000  1.0000000000000000E+000  1.0000000000000000E+000  1.0000000000000000E+000
  1.0000000000000000E+000  1.0000000000000000E+000  1.0000000000000000E+000  1.0000000000000000E+000  1.0000000000000000E+000
  1.0000000000000000E+000  1.0000000000000000E+000  1.0000000000000000E+000  1.0000000000000000E+000  1.0000000000000000E+000
  1.0000000000000000E+000  1.0000000000000000E+000  1.0000000000000000E+000  1.0000000000000000E+000  1.0000000000000000E+000
  1.0000000000000000E+000  1.0000000000000000E+000  1.0000000000000000E+000  1.0000000000000000E+000  1.0000000000000000E+000
  1.0000000000000000E+000  1.0000000000000000E+000  1.0000000000000000E+000  1.0000000000000000E+000  1.0000000000000000E+000
  1.0000000000000000E+000  1.0000000000000000E+000  1.0000000000000000E+000  1.0000000000000000E+000  1.0000000000000000E+000
  1.0000000000000000E+000  1.0000000000000000E+000  1.0000000000000000E+000  1.0000000000000000E+000  1.0000000000000000E+000
  1.0000000000000000E+000  1.0000000000000000E+000
BLOCK 43   5.1659147695680767E+000
  1.0000000000000000E+000  1.0000000000000000E+000  1.0000000000000000E+000  1.0000000000000000E+000  1.0000000000000000E+000
  1.0000000000000000E+000  1.0000000000000000E+000  1.0000000000000000E+000  1.0000000000000000E+000  1.0000000000000000E+000
  1.0000000000000000E+000  1.0000000000000000E+000  1.0000000000000000E+000  1.0000000000000000E+000  1.0000000000000000E+000
  1.0000000000000000E+000  1.0000000000000000E+000  1.0000000000000000E+000  1.0000000000000000E+000  1.0000000000000000E+000
  1.0000000000000000E+000  1.0000000000000000E+000  1.0000000000000000E+000  1.0000000000000000E+000  1.0000000000000000E+000
  1.0000000000000000E+000  1.0000000000000000E+000  1.0000000000000000E+000  1.0000000000000000E+000  1.0000000000000000E+000
  1.0000000000000000E+000  1.0000000000000000E+000  1.0000000000000000E+000  1.0000000000000000E+000  1.0000000000000000E+000
  1.0000000000000000E+000  1.0000000000000000E+000  1.0000000000000000E+000  1.0000000000000000E+000  1.0000000000000000E+000
  1.0000000000000000E+000  1.0000000000000000E+000  1.0000000000000000E+000  1.0000000000000000E+000  1.0000000000000000E+000
  1.0000000000000000E+000  1.0000000000000000E+000  1.0000000000000000E+000  1.0000000000000000E+000  1.0000000000000000E+000
  1.0000000000000000E+000  1.0000000000000000E+000  1.0000000000000000E+000  1.0000000000000000E+000  1.0000000000000000E+000
  1.0000000000000000E+000  1.0000000000000000E+000  1.0000000000000000E+000  1.0000000000000000E+000  1.0000000000000000E+000
  1.0000000000000000E+000  1.0000000000000000E+000  1.0000000000000000E+000  1.0000000000000000E+000  1.0000000000000000E+000
  1.0000000000000000E+000  1.0000000000000000E+000  1.0000000000000000E+000  1.0000000000000000E+000  1.0000000000000000E+000
  1.0000000000000000E+000  1.0000000000000000E+000
BLOCK 44   5.2889127402720790E+000
  1.0000000000000000E+000  1.0000000000000000E+000  1.0000000000000000E+000  1.0000000000000000E+000  1.0000000000000000E+000
  1.0000000000000000E+000  1.0000000000000000E+000  1.0000000000000000E+000  1.0000000000000000E+000  1.0000000000000000E+000
  1.0000000000000000E+000  1.0000000000000000E+000  1.0000000000000000E+000  1.0000000000000000E+000  1.0000000000000000E+000
  1.0000000000000000E+000  1.0000000000000000E+000  1.0000000000000000E+000  1.0000000000000000E+000  1.0000000000000000E+000
  1.0000000000000000E+000  1.0000000000000000E+000  1.0000000000000000E+000  1.0000000000000000E+000  1.0000000000000000E+000
  1.0000000000000000E+000  1.0000000000000000E+000  1.0000000000000000E+000  1.0000000000000000E+000  1.0000000000000000E+000
  1.0000000000000000E+000  1.0000000000000000E+000  1.0000000000000000E+000  1.0000000000000000E+000  1.0000000000000000E+000
  1.0000000000000000E+000  1.0000000000000000E+000  1.0000000000000000E+000  1.0000000000000000E+000  1.0000000000000000E+000
  1.0000000000000000E+000  1.0000000000000000E+000  1.0000000000000000E+000  1.0000000000000000E+000  1.0000000000000000E+000
  1.0000000000000000E+000  1.0000000000000000E+000  1.0000000000000000E+000  1.0000000000000000E+000  1.0000000000000000E+000
  1.0000000000000000E+000  1.0000000000000000E+000  1.0000000000000000E+000  1.0000000000000000E+000  1.0000000000000000E+000
  1.0000000000000000E+000  1.0000000000000000E+000  1.0000000000000000E+000  1.0000000000000000E+000  1.0000000000000000E+000
  1.0000000000000000E+000  1.0000000000000000E+000  1.0000000000000000E+000  1.0000000000000000E+000  1.0000000000000000E+000
  1.0000000000000000E+000  1.0000000000000000E+000  1.0000000000000000E+000  1.0000000000000000E+000  1.0000000000000000E+000
  1.0000000000000000E+000  1.0000000000000000E+000
BLOCK 45   5.4119107109760813E+000
  1.0000000000000000E+000  1.0000000000000000E+000  1.0000000000000000E+000  1.0000000000000000E+000  1.0000000000000000E+000
  1.0000000000000000E+000  1.0000000000000000E+000  1.0000000000000000E+000  1.0000000000000000E+000  1.0000000000000000E+000
  1.0000000000000000E+000  1.0000000000000000E+000  1.0000000000000000E+000  1.0000000000000000E+000  1.0000000000000000E+000
  1.0000000000000000E+000  1.0000000000000000E+000  1.0000000000000000E+000  1.0000000000000000E+000  1.0000000000000000E+000
  1.0000000000000000E+000  1.0000000000000000E+000  1.0000000000000000E+000  1.0000000000000000E+000  1.0000000000000000E+000
  1.0000000000000000E+000  1.0000000000000000E+000  1.0000000000000000E+000  1.0000000000000000E+000  1.0000000000000000E+000
  1.0000000000000000E+000  1.0000000000000000E+000  1.0000000000000000E+000  1.0000000000000000E+000  1.0000000000000000E+000
  1.0000000000000000E+000  1.0000000000000000E+000  1.0000000000000000E+000  1.0000000000000000E+000  1.0000000000000000E+000
  1.0000000000000000E+000  1.0000000000000000E+000  1.0000000000000000E+000  1.0000000000000000E+000  1.0000000000000000E+000
  1.0000000000000000E+000  1.0000000000000000E+000  1.0000000000000000E+000  1.0000000000000000E+000  1.0000000000000000E+000
  1.0000000000000000E+000  1.0000000000000000E+000  1.0000000000000000E+000  1.0000000000000000E+000  1.0000000000000000E+000
  1.0000000000000000E+000  1.0000000000000000E+000  1.0000000000000000E+000  1.0000000000000000E+000  1.0000000000000000E+000
  1.0000000000000000E+000  1.0000000000000000E+000  1.0000000000000000E+000  1.0000000000000000E+000  1.0000000000000000E+000
  1.0000000000000000E+000  1.0000000000000000E+000  1.0000000000000000E+000  1.0000000000000000E+000  1.0000000000000000E+000
  1.0000000000000000E+000  1.0000000000000000E+000
BLOCK 46   5.5349086816800837E+000
  1.0000000000000000E+000  1.0000000000000000E+000  1.0000000000000000E+000  1.0000000000000000E+000  1.0000000000000000E+000
  1.0000000000000000E+000  1.0000000000000000E+000  1.0000000000000000E+000  1.0000000000000000E+000  1.0000000000000000E+000
  1.0000000000000000E+000  1.0000000000000000E+000  1.0000000000000000E+000  1.0000000000000000E+000  1.0000000000000000E+000
  1.0000000000000000E+000  1.0000000000000000E+000  1.0000000000000000E+000  1.0000000000000000E+000  1.0000000000000000E+000
  1.0000000000000000E+000  1.0000000000000000E+000  1.0000000000000000E+000  1.0000000000000000E+000  1.0000000000000000E+000
  1.0000000000000000E+000  1.0000000000000000E+000  1.0000000000000000E+000  1.0000000000000000E+000  1.0000000000000000E+000
  1.0000000000000000E+000  1.0000000000000000E+000  1.0000000000000000E+000  1.0000000000000000E+000  1.0000000000000000E+000
  1.0000000000000000E+000  1.0000000000000000E+000  1.0000000000000000E+000  1.0000000000000000E+000  1.0000000000000000E+000
  1.0000000000000000E+000  1.0000000000000000E+000  1.0000000000000000E+000  1.0000000000000000E+000  1.0000000000000000E+000
  1.0000000000000000E+000  1.0000000000000000E+000  1.0000000000000000E+000  1.0000000000000000E+000  1.0000000000000000E+000
  1.0000000000000000E+000  1.0000000000000000E+000  1.0000000000000000E+000  1.0000000000000000E+000  1.0000000000000000E+000
  1.0000000000000000E+000  1.0000000000000000E+000  1.0000000000000000E+000  1.0000000000000000E+000  1.0000000000000000E+000
  1.0000000000000000E+000  1.0000000000000000E+000  1.0000000000000000E+000  1.0000000000000000E+000  1.0000000000000000E+000
  1.0000000000000000E+000  1.0000000000000000E+000  1.0000000000000000E+000  1.0000000000000000E+000  1.0000000000000000E+000
  1.0000000000000000E+000  1.0000000000000000E+000
BLOCK 47   5.6579066523840860E+000
  1.0000000000000000E+000  1.0000000000000000E+000  1.0000000000000000E+000  1.0000000000000000E+000  1.0000000000000000E+000
  1.0000000000000000E+000  1.0000000000000000E+000  1.0000000000000000E+000  1.0000000000000000E+000  1.0000000000000000E+000
  1.0000000000000000E+000  1.0000000000000000E+000  1.0000000000000000E+000  1.0000000000000000E+000  1.0000000000000000E+000
  1.0000000000000000E+000  1.0000000000000000E+000  1.0000000000000000E+000  1.0000000000000000E+000  1.0000000000000000E+000
  1.0000000000000000E+000  1.0000000000000000E+000  1.0000000000000000E+000  1.0000000000000000E+000  1.0000000000000000E+000
  1.0000000000000000E+000  1.0000000000000000E+000  1.0000000000000000E+000  1.0000000000000000E+000  1.0000000000000000E+000
  1.0000000000000000E+000  1.0000000000000000E+000  1.0000000000000000E+000  1.0000000000000000E+000  1.0000000000000000E+000
  1.0000000000000000E+000  1.0000000000000000E+000  1.0000000000000000E+000  1.0000000000000000E+000  1.0000000000000000E+000
  1.0000000000000000E+000  1.0000000000000000E+000  1.0000000000000000E+000  1.0000000000000000E+000  1.0000000000000000E+000
  1.0000000000000000E+000  1.0000000000000000E+000  1.0000000000000000E+000  1.0000000000000000E+000  1.0000000000000000E+000
  1.0000000000000000E+000  1.0000000000000000E+000  1.0000000000000000E+000  1.0000000000000000E+000  1.0000000000000000E+000
  1.0000000000000000E+000  1.0000000000000000E+000  1.0000000000000000E+000  1.0000000000000000E+000  1.0000000000000000E+000
  1.0000000000000000E+000  1.0000000000000000E+000  1.0000000000000000E+000  1.0000000000000000E+000  1.0000000000000000E+000
  1.0000000000000000E+000  1.0000000000000000E+000  1.0000000000000000E+000  1.0000000000000000E+000  1.0000000000000000E+000
  1.0000000000000000E+000  1.0000000000000000E+000
BLOCK 48   5.7809046230880883E+000
  1.0000000000000000E+000  1.0000000000000000E+000  1.0000000000000000E+000  1.0000000000000000E+000  1.0000000000000000E+000
  1.0000000000000000E+000  1.0000000000000000E+000  1.0000000000000000E+000  1.0000000000000000E+000  1.0000000000000000E+000
  1.0000000000000000E+000  1.0000000000000000E+000  1.0000000000000000E+000  1.0000000000000000E+000  1.0000000000000000E+000
  1.0000000000000000E+000  1.0000000000000000E+000  1.0000000000000000E+000  1.0000000000000000E+000  1.0000000000000000E+000
  1.0000000000000000E+000  1.0000000000000000E+000  1.0000000000000000E+000  1.0000000000000000E+000  1.0000000000000000E+000
  1.0000000000000000E+000  1.0000000000000000E+000  1.0000000000000000E+000  1.0000000000000000E+000  1.0000000000000000E+000
  1.0000000000000000E+000  1.0000000000000000E+000  1.0000000000000000E+000  1.0000000000000000E+000  1.0000000000000000E+000
  1.0000000000000000E+000  1.0000000000000000E+000  1.0000000000000000E+000  1.0000000000000000E+000  1.0000000000000000E+000
  1.0000000000000000E+000  1.0000000000000000E+000  1.0000000000000000E+000  1.0000000000000000E+000  1.0000000000000000E+000
  1.0000000000000000E+000  1.0000000000000000E+000  1.0000000000000000E+000  1.0000000000000000E+000  1.0000000000000000E+000
  1.0000000000000000E+000  1.0000000000000000E+000  1.0000000000000000E+000  1.0000000000000000E+000  1.0000000000000000E+000
  1.0000000000000000E+000  1.0000000000000000E+000  1.0000000000000000E+000  1.0000000000000000E+000  1.0000000000000000E+000
  1.0000000000000000E+000  1.0000000000000000E+000  1.0000000000000000E+000  1.0000000000000000E+000  1.0000000000000000E+000
  1.0000000000000000E+000  1.0000000000000000E+000  1.0000000000000000E+000  1.0000000000000000E+000  1.0000000000000000E+000
  1.0000000000000000E+000  1.0000000000000000E+000
BLOCK 49   5.9039025937920906E+000
  1.0000000000000000E+000  1.0000000000000000E+000  1.0000000000000000E+000  1.0000000000000000E+000  1.0000000000000000E+000
  1.0000000000000000E+000  1.0000000000000000E+000  1.0000000000000000E+000  1.0000000000000000E+000  1.0000000000000000E+000
  1.0000000000000000E+000  1.0000000000000000E+000  1.0000000000000000E+000  1.0000000000000000E+000  1.0000000000000000E+000
  1.0000000000000000E+000  1.0000000000000000E+000  1.0000000000000000E+000  1.0000000000000000E+000  1.0000000000000000E+000
  1.0000000000000000E+000  1.0000000000000000E+000  1.0000000000000000E+000  1.0000000000000000E+000  1.0000000000000000E+000
  1.0000000000000000E+000  1.0000000000000000E+000  1.0000000000000000E+000  1.0000000000000000E+000  1.0000000000000000E+000
  1.0000000000000000E+000  1.0000000000000000E+000  1.0000000000000000E+000  1.0000000000000000E+000  1.0000000000000000E+000
  1.0000000000000000E+000  1.0000000000000000E+000  1.0000000000000000E+000  1.0000000000000000E+000  1.0000000000000000E+000
  1.0000000000000000E+000  1.0000000000000000E+000  1.0000000000000000E+000  1.0000000000000000E+000  1.0000000000000000E+000
  1.0000000000000000E+000  1.0000000000000000E+000  1.0000000000000000E+000  1.0000000000000000E+000  1.0000000000000000E+000
  1.0000000000000000E+000  1.0000000000000000E+000  1.0000000000000000E+000  1.0000000000000000E+000  1.0000000000000000E+000
  1.0000000000000000E+000  1.0000000000000000E+000  1.0000000000000000E+000  1.0000000000000000E+000  1.0000000000000000E+000
  1.0000000000000000E+000  1.0000000000000000E+000  1.0000000000000000E+000  1.0000000000000000E+000  1.0000000000000000E+000
  1.0000000000000000E+000  1.0000000000000000E+000  1.0000000000000000E+000  1.0000000000000000E+000  1.0000000000000000E+000
  1.0000000000000000E+000  1.0000000000000000E+000
BLOCK 50   6.0269005644960929E+000
  1.0000000000000000E+000  1.0000000000000000E+000  1.0000000000000000E+000  1.0000000000000000E+000  1.0000000000000000E+000
  1.0000000000000000E+000  1.0000000000000000E+000  1.0000000000000000E+000  1.0000000000000000E+000  1.0000000000000000E+000
  1.0000000000000000E+000  1.0000000000000000E+000  1.0000000000000000E+000  1.0000000000000000E+000  1.0000000000000000E+000
  1.0000000000000000E+000  1.0000000000000000E+000  1.0000000000000000E+000  1.0000000000000000E+000  1.0000000000000000E+000
  1.0000000000000000E+000  1.0000000000000000E+000  1.0000000000000000E+000  1.0000000000000000E+000  1.0000000000000000E+000
  1.0000000000000000E+000  1.0000000000000000E+000  1.0000000000000000E+000  1.0000000000000000E+000  1.0000000000000000E+000
  1.0000000000000000E+000  1.0000000000000000E+000  1.0000000000000000E+000  1.0000000000000000E+000  1.0000000000000000E+000
  1.0000000000000000E+000  1.0000000000000000E+000  1.0000000000000000E+000  1.0000000000000000E+000  1.0000000000000000E+000
  1.0000000000000000E+000  1.0000000000000000E+000  1.0000000000000000E+000  1.0000000000000000E+000  1.0000000000000000E+000
  1.0000000000000000E+000  1.0000000000000000E+000  1.0000000000000000E+000  1.0000000000000000E+000  1.0000000000000000E+000
  1.0000000000000000E+000  1.0000000000000000E+000  1.0000000000000000E+000  1.0000000000000000E+000  1.0000000000000000E+000
  1.0000000000000000E+000  1.0000000000000000E+000  1.0000000000000000E+000  1.0000000000000000E+000  1.0000000000000000E+000
  1.0000000000000000E+000  1.0000000000000000E+000  1.0000000000000000E+000  1.0000000000000000E+000  1.0000000000000000E+000
  1.0000000000000000E+000  1.0000000000000000E+000  1.0000000000000000E+000  1.0000000000000000E+000  1.0000000000000000E+000
  1.0000000000000000E+000  1.0000000000000000E+000
BLOCK 51   6.1498985352000952E+000
  1.0000000000000000E+000  1.0000000000000000E+000  1.0000000000000000E+000  1.0000000000000000E+000  1.0000000000000000E+000
  1.0000000000000000E+000  1.0000000000000000E+000  1.0000000000000000E+000  1.0000000000000000E+000  1.0000000000000000E+000
  1.0000000000000000E+000  1.0000000000000000E+000  1.0000000000000000E+000  1.0000000000000000E+000  1.0000000000000000E+000
  1.0000000000000000E+000  1.0000000000000000E+000  1.0000000000000000E+000  1.0000000000000000E+000  1.0000000000000000E+000
  1.0000000000000000E+000  1.0000000000000000E+000  1.0000000000000000E+000  1.0000000000000000E+000  1.0000000000000000E+000
  1.0000000000000000E+000  1.0000000000000000E+000  1.0000000000000000E+000  1.0000000000000000E+000  1.0000000000000000E+000
  1.0000000000000000E+000  1.0000000000000000E+000  1.0000000000000000E+000  1.0000000000000000E+000  1.0000000000000000E+000
  1.0000000000000000E+000  1.0000000000000000E+000  1.0000000000000000E+000  1.0000000000000000E+000  1.0000000000000000E+000
  1.0000000000000000E+000  1.0000000000000000E+000  1.0000000000000000E+000  1.0000000000000000E+000  1.0000000000000000E+000
  1.0000000000000000E+000  1.0000000000000000E+000  1.0000000000000000E+000  1.0000000000000000E+000  1.0000000000000000E+000
  1.0000000000000000E+000  1.0000000000000000E+000  1.0000000000000000E+000  1.0000000000000000E+000  1.0000000000000000E+000
  1.0000000000000000E+000  1.0000000000000000E+000  1.0000000000000000E+000  1.0000000000000000E+000  1.0000000000000000E+000
  1.0000000000000000E+000  1.0000000000000000E+000  1.0000000000000000E+000  1.0000000000000000E+000  1.0000000000000000E+000
  1.0000000000000000E+000  1.0000000000000000E+000  1.0000000000000000E+000  1.0000000000000000E+000  1.0000000000000000E+000
  1.0000000000000000E+000  1.0000000000000000E+000
BLOCK 52   6.2728965059040975E+000
  1.0000000000000000E+000  1.0000000000000000E+000  1.0000000000000000E+000  1.0000000000000000E+000  1.0000000000000000E+000
  1.0000000000000000E+000  1.0000000000000000E+000  1.0000000000000000E+000  1.0000000000000000E+000  1.0000000000000000E+000
  1.0000000000000000E+000  1.0000000000000000E+000  1.0000000000000000E+000  1.0000000000000000E+000  1.0000000000000000E+000
  1.0000000000000000E+000  1.0000000000000000E+000  1.0000000000000000E+000  1.0000000000000000E+000  1.0000000000000000E+000
  1.0000000000000000E+000  1.0000000000000000E+000  1.0000000000000000E+000  1.0000000000000000E+000  1.0000000000000000E+000
  1.0000000000000000E+000  1.0000000000000000E+000  1.0000000000000000E+000  1.0000000000000000E+000  1.0000000000000000E+000
  1.0000000000000000E+000  1.0000000000000000E+000  1.0000000000000000E+000  1.0000000000000000E+000  1.0000000000000000E+000
  1.0000000000000000E+000  1.0000000000000000E+000  1.0000000000000000E+000  1.0000000000000000E+000  1.0000000000000000E+000
  1.0000000000000000E+000  1.0000000000000000E+000  1.0000000000000000E+000  1.0000000000000000E+000  1.0000000000000000E+000
  1.0000000000000000E+000  1.0000000000000000E+000  1.0000000000000000E+000  1.0000000000000000E+000  1.0000000000000000E+000
  1.0000000000000000E+000  1.0000000000000000E+000  1.0000000000000000E+000  1.0000000000000000E+000  1.0000000000000000E+000
  1.0000000000000000E+000  1.0000000000000000E+000  1.0000000000000000E+000  1.0000000000000000E+000  1.0000000000000000E+000
  1.0000000000000000E+000  1.0000000000000000E+000  1.0000000000000000E+000  1.0000000000000000E+000  1.0000000000000000E+000
  1.0000000000000000E+000  1.0000000000000000E+000  1.0000000000000000E+000  1.0000000000000000E+000  1.0000000000000000E+000
  1.0000000000000000E+000  1.0000000000000000E+000
BLOCK 53   6.3958944766080998E+000
  1.0000000000000000E+000  1.0000000000000000E+000  1.0000000000000000E+000  1.0000000000000000E+000  1.0000000000000000E+000
  1.0000000000000000E+000  1.0000000000000000E+000  1.0000000000000000E+000  1.0000000000000000E+000  1.0000000000000000E+000
  1.0000000000000000E+000  1.0000000000000000E+000  1.0000000000000000E+000  1.0000000000000000E+000  1.0000000000000000E+000
  1.0000000000000000E+000  1.0000000000000000E+000  1.0000000000000000E+000  1.0000000000000000E+000  1.0000000000000000E+000
  1.0000000000000000E+000  1.0000000000000000E+000  1.0000000000000000E+000  1.0000000000000000E+000  1.0000000000000000E+000
  1.0000000000000000E+000  1.0000000000000000E+000  1.0000000000000000E+000  1.0000000000000000E+000  1.0000000000000000E+000
  1.0000000000000000E+000  1.0000000000000000E+000  1.0000000000000000E+000  1.0000000000000000E+000  1.0000000000000000E+000
  1.0000000000000000E+000  1.0000000000000000E+000  1.0000000000000000E+000  1.0000000000000000E+000  1.0000000000000000E+000
  1.0000000000000000E+000  1.0000000000000000E+000  1.0000000000000000E+000  1.0000000000000000E+000  1.0000000000000000E+000
  1.0000000000000000E+000  1.0000000000000000E+000  1.0000000000000000E+000  1.0000000000000000E+000  1.0000000000000000E+000
  1.0000000000000000E+000  1.0000000000000000E+000  1.0000000000000000E+000  1.0000000000000000E+000  1.0000000000000000E+000
  1.0000000000000000E+000  1.0000000000000000E+000  1.0000000000000000E+000  1.0000000000000000E+000  1.0000000000000000E+000
  1.0000000000000000E+000  1.0000000000000000E+000  1.0000000000000000E+000  1.0000000000000000E+000  1.0000000000000000E+000
  1.0000000000000000E+000  1.0000000000000000E+000  1.0000000000000000E+000  1.0000000000000000E+000  1.0000000000000000E+000
  1.0000000000000000E+000  1.0000000000000000E+000
BLOCK 54   6.5188924473121022E+000
  1.0000000000000000E+000  1.0000000000000000E+000  1.0000000000000000E+000  1.0000000000000000E+000  1.0000000000000000E+000
  1.0000000000000000E+000  1.0000000000000000E+000  1.0000000000000000E+000  1.0000000000000000E+000  1.0000000000000000E+000
  1.0000000000000000E+000  1.0000000000000000E+000  1.0000000000000000E+000  1.0000000000000000E+000  1.0000000000000000E+000
  1.0000000000000000E+000  1.0000000000000000E+000  1.0000000000000000E+000  1.0000000000000000E+000  1.0000000000000000E+000
  1.0000000000000000E+000  1.0000000000000000E+000  1.0000000000000000E+000  1.0000000000000000E+000  1.0000000000000000E+000
  1.0000000000000000E+000  1.0000000000000000E+000  1.0000000000000000E+000  1.0000000000000000E+000  1.0000000000000000E+000
  1.0000000000000000E+000  1.0000000000000000E+000  1.0000000000000000E+000  1.0000000000000000E+000  1.0000000000000000E+000
  1.0000000000000000E+000  1.0000000000000000E+000  1.0000000000000000E+000  1.0000000000000000E+000  1.0000000000000000E+000
  1.0000000000000000E+000  1.0000000000000000E+000  1.0000000000000000E+000  1.0000000000000000E+000  1.0000000000000000E+000
  1.0000000000000000E+000  1.0000000000000000E+000  1.0000000000000000E+000  1.0000000000000000E+000  1.0000000000000000E+000
  1.0000000000000000E+000  1.0000000000000000E+000  1.0000000000000000E+000  1.0000000000000000E+000  1.0000000000000000E+000
  1.0000000000000000E+000  1.0000000000000000E+000  1.0000000000000000E+000  1.0000000000000000E+000  1.0000000000000000E+000
  1.0000000000000000E+000  1.0000000000000000E+000  1.0000000000000000E+000  1.0000000000000000E+000  1.0000000000000000E+000
  1.0000000000000000E+000  1.0000000000000000E+000  1.0000000000000000E+000  1.0000000000000000E+000  1.0000000000000000E+000
  1.0000000000000000E+000  1.0000000000000000E+000
BLOCK 55   6.6418904180161045E+000
  1.0000000000000000E+000  1.0000000000000000E+000  1.0000000000000000E+000  1.0000000000000000E+000  1.0000000000000000E+000
  1.0000000000000000E+000  1.0000000000000000E+000  1.0000000000000000E+000  1.0000000000000000E+000  1.0000000000000000E+000
  1.0000000000000000E+000  1.0000000000000000E+000  1.0000000000000000E+000  1.0000000000000000E+000  1.0000000000000000E+000
  1.0000000000000000E+000  1.0000000000000000E+000  1.0000000000000000E+000  1.0000000000000000E+000  1.0000000000000000E+000
  1.0000000000000000E+000  1.0000000000000000E+000  1.0000000000000000E+000  1.0000000000000000E+000  1.0000000000000000E+000
  1.0000000000000000E+000  1.0000000000000000E+000  1.0000000000000000E+000  1.0000000000000000E+000  1.0000000000000000E+000
  1.0000000000000000E+000  1.0000000000000000E+000  1.0000000000000000E+000  1.0000000000000000E+000  1.0000000000000000E+000
  1.0000000000000000E+000  1.0000000000000000E+000  1.0000000000000000E+000  1.0000000000000000E+000  1.0000000000000000E+000
  1.0000000000000000E+000  1.0000000000000000E+000  1.0000000000000000E+000  1.0000000000000000E+000  1.0000000000000000E+000
  1.0000000000000000E+000  1.0000000000000000E+000  1.0000000000000000E+000  1.0000000000000000E+000  1.0000000000000000E+000
  1.0000000000000000E+000  1.0000000000000000E+000  1.0000000000000000E+000  1.0000000000000000E+000  1.0000000000000000E+000
  1.0000000000000000E+000  1.0000000000000000E+000  1.0000000000000000E+000  1.0000000000000000E+000  1.0000000000000000E+000
  1.0000000000000000E+000  1.0000000000000000E+000  1.0000000000000000E+000  1.0000000000000000E+000  1.0000000000000000E+000
  1.0000000000000000E+000  1.0000000000000000E+000  1.0000000000000000E+000  1.0000000000000000E+000  1.0000000000000000E+000
  1.0000000000000000E+000  1.0000000000000000E+000
BLOCK 56   6.7648883887201068E+000
  1.0000000000000000E+000  1.0000000000000000E+000  1.0000000000000000E+000  1.0000000000000000E+000  1.0000000000000000E+000
  1.0000000000000000E+000  1.0000000000000000E+000  1.0000000000000000E+000  1.0000000000000000E+000  1.0000000000000000E+000
  1.0000000000000000E+000  1.0000000000000000E+000  1.0000000000000000E+000  1.0000000000000000E+000  1.0000000000000000E+000
  1.0000000000000000E+000  1.0000000000000000E+000  1.0000000000000000E+000  1.0000000000000000E+000  1.0000000000000000E+000
  1.0000000000000000E+000  1.0000000000000000E+000  1.0000000000000000E+000  1.0000000000000000E+000  1.0000000000000000E+000
  1.0000000000000000E+000  1.0000000000000000E+000  1.0000000000000000E+000  1.0000000000000000E+000  1.0000000000000000E+000
  1.0000000000000000E+000  1.0000000000000000E+000  1.0000000000000000E+000  1.0000000000000000E+000  1.0000000000000000E+000
  1.0000000000000000E+000  1.0000000000000000E+000  1.0000000000000000E+000  1.0000000000000000E+000  1.0000000000000000E+000
  1.0000000000000000E+000  1.0000000000000000E+000  1.0000000000000000E+000  1.0000000000000000E+000  1.0000000000000000E+000
  1.0000000000000000E+000  1.0000000000000000E+000  1.0000000000000000E+000  1.0000000000000000E+000  1.0000000000000000E+000
  1.0000000000000000E+000  1.0000000000000000E+000  1.0000000000000000E+000  1.0000000000000000E+000  1.0000000000000000E+000
  1.0000000000000000E+000  1.0000000000000000E+000  1.0000000000000000E+000  1.0000000000000000E+000  1.0000000000000000E+000
  1.0000000000000000E+000  1.0000000000000000E+000  1.0000000000000000E+000  1.0000000000000000E+000  1.0000000000000000E+000
  1.0000000000000000E+000  1.0000000000000000E+000  1.0000000000000000E+000  1.0000000000000000E+000  1.0000000000000000E+000
  1.0000000000000000E+000  1.0000000000000000E+000
BLOCK 57   6.8878863594241091E+000
  1.0000000000000000E+000  1.0000000000000000E+000  1.0000000000000000E+000  1.0000000000000000E+000  1.0000000000000000E+000
  1.0000000000000000E+000  1.0000000000000000E+000  1.0000000000000000E+000  1.0000000000000000E+000  1.0000000000000000E+000
  1.0000000000000000E+000  1.0000000000000000E+000  1.0000000000000000E+000  1.0000000000000000E+000  1.0000000000000000E+000
  1.0000000000000000E+000  1.0000000000000000E+000  1.0000000000000000E+000  1.0000000000000000E+000  1.0000000000000000E+000
  1.0000000000000000E+000  1.0000000000000000E+000  1.0000000000000000E+000  1.0000000000000000E+000  1.0000000000000000E+000
  1.0000000000000000E+000  1.0000000000000000E+000  1.0000000000000000E+000  1.0000000000000000E+000  1.0000000000000000E+000
  1.0000000000000000E+000  1.0000000000000000E+000  1.0000000000000000E+000  1.0000000000000000E+000  1.0000000000000000E+000
  1.0000000000000000E+000  1.0000000000000000E+000  1.0000000000000000E+000  1.0000000000000000E+000  1.0000000000000000E+000
  1.0000000000000000E+000  1.0000000000000000E+000  1.0000000000000000E+000  1.0000000000000000E+000  1.0000000000000000E+000
  1.0000000000000000E+000  1.0000000000000000E+000  1.0000000000000000E+000  1.0000000000000000E+000  1.0000000000000000E+000
  1.0000000000000000E+000  1.0000000000000000E+000  1.0000000000000000E+000  1.0000000000000000E+000  1.0000000000000000E+000
  1.0000000000000000E+000  1.0000000000000000E+000  1.0000000000000000E+000  1.0000000000000000E+000  1.0000000000000000E+000
  1.0000000000000000E+000  1.0000000000000000E+000  1.0000000000000000E+000  1.0000000000000000E+000  1.0000000000000000E+000
  1.0000000000000000E+000  1.0000000000000000E+000  1.0000000000000000E+000  1.0000000000000000E+000  1.0000000000000000E+000
  1.0000000000000000E+000  1.0000000000000000E+000
BLOCK 58   7.0108843301281114E+000
  1.0000000000000000E+000  1.0000000000000000E+000  1.0000000000000000E+000  1.0000000000000000E+000  1.0000000000000000E+000
  1.0000000000000000E+000  1.0000000000000000E+000  1.0000000000000000E+000  1.0000000000000000E+000  1.0000000000000000E+000
  1.0000000000000000E+000  1.0000000000000000E+000  1.0000000000000000E+000  1.0000000000000000E+000  1.0000000000000000E+000
  1.0000000000000000E+000  1.0000000000000000E+000  1.0000000000000000E+000  1.0000000000000000E+000  1.0000000000000000E+000
  1.0000000000000000E+000  1.0000000000000000E+000  1.0000000000000000E+000  1.0000000000000000E+000  1.0000000000000000E+000
  1.0000000000000000E+000  1.0000000000000000E+000  1.0000000000000000E+000  1.0000000000000000E+000  1.0000000000000000E+000
  1.0000000000000000E+000  1.0000000000000000E+000  1.0000000000000000E+000  1.0000000000000000E+000  1.0000000000000000E+000
  1.0000000000000000E+000  1.0000000000000000E+000  1.0000000000000000E+000  1.0000000000000000E+000  1.0000000000000000E+000
  1.0000000000000000E+000  1.0000000000000000E+000  1.0000000000000000E+000  1.0000000000000000E+000  1.0000000000000000E+000
  1.0000000000000000E+000  1.0000000000000000E+000  1.0000000000000000E+000  1.0000000000000000E+000  1.0000000000000000E+000
  1.0000000000000000E+000  1.0000000000000000E+000  1.0000000000000000E+000  1.0000000000000000E+000  1.0000000000000000E+000
  1.0000000000000000E+000  1.0000000000000000E+000  1.0000000000000000E+000  1.0000000000000000E+000  1.0000000000000000E+000
  1.0000000000000000E+000  1.0000000000000000E+000  1.0000000000000000E+000  1.0000000000000000E+000  1.0000000000000000E+000
  1.0000000000000000E+000  1.0000000000000000E+000  1.0000000000000000E+000  1.0000000000000000E+000  1.0000000000000000E+000
  1.0000000000000000E+000  1.0000000000000000E+000
BLOCK 59   7.1338823008321137E+000
  1.0000000000000000E+000  1.0000000000000000E+000  1.0000000000000000E+000  1.0000000000000000E+000  1.0000000000000000E+000
  1.0000000000000000E+000  1.0000000000000000E+000  1.0000000000000000E+000  1.0000000000000000E+000  1.0000000000000000E+000
  1.0000000000000000E+000  1.0000000000000000E+000  1.0000000000000000E+000  1.0000000000000000E+000  1.0000000000000000E+000
  1.0000000000000000E+000  1.0000000000000000E+000  1.0000000000000000E+000  1.0000000000000000E+000  1.0000000000000000E+000
  1.0000000000000000E+000  1.0000000000000000E+000  1.0000000000000000E+000  1.0000000000000000E+000  1.0000000000000000E+000
  1.0000000000000000E+000  1.0000000000000000E+000  1.0000000000000000E+000  1.0000000000000000E+000  1.0000000000000000E+000
  1.0000000000000000E+000  1.0000000000000000E+000  1.0000000000000000E+000  1.0000000000000000E+000  1.0000000000000000E+000
  1.0000000000000000E+000  1.0000000000000000E+000  1.0000000000000000E+000  1.0000000000000000E+000  1.0000000000000000E+000
  1.0000000000000000E+000  1.0000000000000000E+000  1.0000000000000000E+000  1.0000000000000000E+000  1.0000000000000000E+000
  1.0000000000000000E+000  1.0000000000000000E+000  1.0000000000000000E+000  1.0000000000000000E+000  1.0000000000000000E+000
  1.0000000000000000E+000  1.0000000000000000E+000  1.0000000000000000E+000  1.0000000000000000E+000  1.0000000000000000E+000
  1.0000000000000000E+000  1.0000000000000000E+000  1.0000000000000000E+000  1.0000000000000000E+000  1.0000000000000000E+000
  1.0000000000000000E+000  1.0000000000000000E+000  1.0000000000000000E+000  1.0000000000000000E+000  1.0000000000000000E+000
  1.0000000000000000E+000  1.0000000000000000E+000  1.0000000000000000E+000  1.0000000000000000E+000  1.0000000000000000E+000
  1.0000000000000000E+000  1.0000000000000000E+000
BLOCK 60   7.2568802715361160E+000
  1.0000000000000000E+000  1.0000000000000000E+000  1.0000000000000000E+000  1.0000000000000000E+000  1.0000000000000000E+000
  1.0000000000000000E+000  1.0000000000000000E+000  1.0000000000000000E+000  1.0000000000000000E+000  1.0000000000000000E+000
  1.0000000000000000E+000  1.0000000000000000E+000  1.0000000000000000E+000  1.0000000000000000E+000  1.0000000000000000E+000
  1.0000000000000000E+000  1.0000000000000000E+000  1.0000000000000000E+000  1.0000000000000000E+000  1.0000000000000000E+000
  1.0000000000000000E+000  1.0000000000000000E+000  1.0000000000000000E+000  1.0000000000000000E+000  1.0000000000000000E+000
  1.0000000000000000E+000  1.0000000000000000E+000  1.0000000000000000E+000  1.0000000000000000E+000  1.0000000000000000E+000
  1.0000000000000000E+000  1.0000000000000000E+000  1.0000000000000000E+000  1.0000000000000000E+000  1.0000000000000000E+000
  1.0000000000000000E+000  1.0000000000000000E+000  1.0000000000000000E+000  1.0000000000000000E+000  1.0000000000000000E+000
  1.0000000000000000E+000  1.0000000000000000E+000  1.0000000000000000E+000  1.0000000000000000E+000  1.0000000000000000E+000
  1.0000000000000000E+000  1.0000000000000000E+000  1.0000000000000000E+000  1.0000000000000000E+000  1.0000000000000000E+000
  1.0000000000000000E+000  1.0000000000000000E+000  1.0000000000000000E+000  1.0000000000000000E+000  1.0000000000000000E+000
  1.0000000000000000E+000  1.0000000000000000E+000  1.0000000000000000E+000  1.0000000000000000E+000  1.0000000000000000E+000
  1.0000000000000000E+000  1.0000000000000000E+000  1.0000000000000000E+000  1.0000000000000000E+000  1.0000000000000000E+000
  1.0000000000000000E+000  1.0000000000000000E+000  1.0000000000000000E+000  1.0000000000000000E+000  1.0000000000000000E+000
  1.0000000000000000E+000  1.0000000000000000E+000
BLOCK 61   7.3798782422401183E+000
  1.0000000000000000E+000  1.0000000000000000E+000  1.0000000000000000E+000  1.0000000000000000E+000  1.0000000000000000E+000
  1.0000000000000000E+000  1.0000000000000000E+000  1.0000000000000000E+000  1.0000000000000000E+000  1.0000000000000000E+000
  1.0000000000000000E+000  1.0000000000000000E+000  1.0000000000000000E+000  1.0000000000000000E+000  1.0000000000000000E+000
  1.0000000000000000E+000  1.0000000000000000E+000  1.0000000000000000E+000  1.0000000000000000E+000  1.0000000000000000E+000
  1.0000000000000000E+000  1.0000000000000000E+000  1.0000000000000000E+000  1.0000000000000000E+000  1.0000000000000000E+000
  1.0000000000000000E+000  1.0000000000000000E+000  1.0000000000000000E+000  1.0000000000000000E+000  1.0000000000000000E+000
  1.0000000000000000E+000  1.0000000000000000E+000  1.0000000000000000E+000  1.0000000000000000E+000  1.0000000000000000E+000
  1.0000000000000000E+000  1.0000000000000000E+000  1.0000000000000000E+000  1.0000000000000000E+000  1.0000000000000000E+000
  1.0000000000000000E+000  1.0000000000000000E+000  1.0000000000000000E+000  1.0000000000000000E+000  1.0000000000000000E+000
  1.0000000000000000E+000  1.0000000000000000E+000  1.0000000000000000E+000  1.0000000000000000E+000  1.0000000000000000E+000
  1.0000000000000000E+000  1.0000000000000000E+000  1.0000000000000000E+000  1.0000000000000000E+000  1.0000000000000000E+000
  1.0000000000000000E+000  1.0000000000000000E+000  1.0000000000000000E+000  1.0000000000000000E+000  1.0000000000000000E+000
  1.0000000000000000E+000  1.0000000000000000E+000  1.0000000000000000E+000  1.0000000000000000E+000  1.0000000000000000E+000
  1.0000000000000000E+000  1.0000000000000000E+000  1.0000000000000000E+000  1.0000000000000000E+000  1.0000000000000000E+000
  1.0000000000000000E+000  1.0000000000000000E+000
BLOCK 62   7.5028762129441207E+000
  1.0000000000000000E+000  1.0000000000000000E+000  1.0000000000000000E+000  1.0000000000000000E+000  1.0000000000000000E+000
  1.0000000000000000E+000  1.0000000000000000E+000  1.0000000000000000E+000  1.0000000000000000E+000  1.0000000000000000E+000
  1.0000000000000000E+000  1.0000000000000000E+000  1.0000000000000000E+000  1.0000000000000000E+000  1.0000000000000000E+000
  1.0000000000000000E+000  1.0000000000000000E+000  1.0000000000000000E+000  1.0000000000000000E+000  1.0000000000000000E+000
  1.0000000000000000E+000  1.0000000000000000E+000  1.0000000000000000E+000  1.0000000000000000E+000  1.0000000000000000E+000
  1.0000000000000000E+000  1.0000000000000000E+000  1.0000000000000000E+000  1.0000000000000000E+000  1.0000000000000000E+000
  1.0000000000000000E+000  1.0000000000000000E+000  1.0000000000000000E+000  1.0000000000000000E+000  1.0000000000000000E+000
  1.0000000000000000E+000  1.0000000000000000E+000  1.0000000000000000E+000  1.0000000000000000E+000  1.0000000000000000E+000
  1.0000000000000000E+000  1.0000000000000000E+000  1.0000000000000000E+000  1.0000000000000000E+000  1.0000000000000000E+000
  1.0000000000000000E+000  1.0000000000000000E+000  1.0000000000000000E+000  1.0000000000000000E+000  1.0000000000000000E+000
  1.0000000000000000E+000  1.0000000000000000E+000  1.0000000000000000E+000  1.0000000000000000E+000  1.0000000000000000E+000
  1.0000000000000000E+000  1.0000000000000000E+000  1.0000000000000000E+000  1.0000000000000000E+000  1.0000000000000000E+000
  1.0000000000000000E+000  1.0000000000000000E+000  1.0000000000000000E+000  1.0000000000000000E+000  1.0000000000000000E+000
  1.0000000000000000E+000  1.0000000000000000E+000  1.0000000000000000E+000  1.0000000000000000E+000  1.0000000000000000E+000
  1.0000000000000000E+000  1.0000000000000000E+000
BLOCK 63   7.6258741836481230E+000
  1.0000000000000000E+000  1.0000000000000000E+000  1.0000000000000000E+000  1.0000000000000000E+000  1.0000000000000000E+000
  1.0000000000000000E+000  1.0000000000000000E+000  1.0000000000000000E+000  1.0000000000000000E+000  1.0000000000000000E+000
  1.0000000000000000E+000  1.0000000000000000E+000  1.0000000000000000E+000  1.0000000000000000E+000  1.0000000000000000E+000
  1.0000000000000000E+000  1.0000000000000000E+000  1.0000000000000000E+000  1.0000000000000000E+000  1.0000000000000000E+000
  1.0000000000000000E+000  1.0000000000000000E+000  1.0000000000000000E+000  1.0000000000000000E+000  1.0000000000000000E+000
  1.0000000000000000E+000  1.0000000000000000E+000  1.0000000000000000E+000  1.0000000000000000E+000  1.0000000000000000E+000
  1.0000000000000000E+000  1.0000000000000000E+000  1.0000000000000000E+000  1.0000000000000000E+000  1.0000000000000000E+000
  1.0000000000000000E+000  1.0000000000000000E+000  1.0000000000000000E+000  1.0000000000000000E+000  1.0000000000000000E+000
  1.0000000000000000E+000  1.0000000000000000E+000  1.0000000000000000E+000  1.0000000000000000E+000  1.0000000000000000E+000
  1.0000000000000000E+000  1.0000000000000000E+000  1.0000000000000000E+000  1.0000000000000000E+000  1.0000000000000000E+000
  1.0000000000000000E+000  1.0000000000000000E+000  1.0000000000000000E+000  1.0000000000000000E+000  1.0000000000000000E+000
  1.0000000000000000E+000  1.0000000000000000E+000  1.0000000000000000E+000  1.0000000000000000E+000  1.0000000000000000E+000
  1.0000000000000000E+000  1.0000000000000000E+000  1.0000000000000000E+000  1.0000000000000000E+000  1.0000000000000000E+000
  1.0000000000000000E+000  1.0000000000000000E+000  1.0000000000000000E+000  1.0000000000000000E+000  1.0000000000000000E+000
  1.0000000000000000E+000  1.0000000000000000E+000
BLOCK 64   7.7488721543521253E+000
  1.0000000000000000E+000  1.0000000000000000E+000  1.0000000000000000E+000  1.0000000000000000E+000  1.0000000000000000E+000
  1.0000000000000000E+000  1.0000000000000000E+000  1.0000000000000000E+000  1.0000000000000000E+000  1.0000000000000000E+000
  1.0000000000000000E+000  1.0000000000000000E+000  1.0000000000000000E+000  1.0000000000000000E+000  1.0000000000000000E+000
  1.0000000000000000E+000  1.0000000000000000E+000  1.0000000000000000E+000  1.0000000000000000E+000  1.0000000000000000E+000
  1.0000000000000000E+000  1.0000000000000000E+000  1.0000000000000000E+000  1.0000000000000000E+000  1.0000000000000000E+000
  1.0000000000000000E+000  1.0000000000000000E+000  1.0000000000000000E+000  1.0000000000000000E+000  1.0000000000000000E+000
  1.0000000000000000E+000  1.0000000000000000E+000  1.0000000000000000E+000  1.0000000000000000E+000  1.0000000000000000E+000
  1.0000000000000000E+000  1.0000000000000000E+000  1.0000000000000000E+000  1.0000000000000000E+000  1.0000000000000000E+000
  1.0000000000000000E+000  1.0000000000000000E+000  1.0000000000000000E+000  1.0000000000000000E+000  1.0000000000000000E+000
  1.0000000000000000E+000  1.0000000000000000E+000  1.0000000000000000E+000  1.0000000000000000E+000  1.0000000000000000E+000
  1.0000000000000000E+000  1.0000000000000000E+000  1.0000000000000000E+000  1.0000000000000000E+000  1.0000000000000000E+000
  1.0000000000000000E+000  1.0000000000000000E+000  1.0000000000000000E+000  1.0000000000000000E+000  1.0000000000000000E+000
  1.0000000000000000E+000  1.0000000000000000E+000  1.0000000000000000E+000  1.0000000000000000E+000  1.0000000000000000E+000
  1.0000000000000000E+000  1.0000000000000000E+000  1.0000000000000000E+000  1.0000000000000000E+000  1.0000000000000000E+000
  1.0000000000000000E+000  1.0000000000000000E+000
BLOCK 65   7.8718701250561276E+000
  1.0000000000000000E+000  1.0000000000000000E+000  1.0000000000000000E+000  1.0000000000000000E+000  1.0000000000000000E+000
  1.0000000000000000E+000  1.0000000000000000E+000  1.0000000000000000E+000  1.0000000000000000E+000  1.0000000000000000E+000
  1.0000000000000000E+000  1.0000000000000000E+000  1.0000000000000000E+000  1.0000000000000000E+000  1.0000000000000000E+000
  1.0000000000000000E+000  1.0000000000000000E+000  1.0000000000000000E+000  1.0000000000000000E+000  1.0000000000000000E+000
  1.0000000000000000E+000  1.0000000000000000E+000  1.0000000000000000E+000  1.0000000000000000E+000  1.0000000000000000E+000
  1.0000000000000000E+000  1.0000000000000000E+000  1.0000000000000000E+000  1.0000000000000000E+000  1.0000000000000000E+000
  1.0000000000000000E+000  1.0000000000000000E+000  1.0000000000000000E+000  1.0000000000000000E+000  1.0000000000000000E+000
  1.0000000000000000E+000  1.0000000000000000E+000  1.0000000000000000E+000  1.0000000000000000E+000  1.0000000000000000E+000
  1.0000000000000000E+000  1.0000000000000000E+000  1.0000000000000000E+000  1.0000000000000000E+000  1.0000000000000000E+000
  1.0000000000000000E+000  1.0000000000000000E+000  1.0000000000000000E+000  1.0000000000000000E+000  1.0000000000000000E+000
  1.0000000000000000E+000  1.0000000000000000E+000  1.0000000000000000E+000  1.0000000000000000E+000  1.0000000000000000E+000
  1.0000000000000000E+000  1.0000000000000000E+000  1.0000000000000000E+000  1.0000000000000000E+000  1.0000000000000000E+000
  1.0000000000000000E+000  1.0000000000000000E+000  1.0000000000000000E+000  1.0000000000000000E+000  1.0000000000000000E+000
  1.0000000000000000E+000  1.0000000000000000E+000  1.0000000000000000E+000  1.0000000000000000E+000  1.0000000000000000E+000
  1.0000000000000000E+000  1.0000000000000000E+000
BLOCK 66   7.9948680957601299E+000
  1.0000000000000000E+000  1.0000000000000000E+000  1.0000000000000000E+000  1.0000000000000000E+000  1.0000000000000000E+000
  1.0000000000000000E+000  1.0000000000000000E+000  1.0000000000000000E+000  1.0000000000000000E+000  1.0000000000000000E+000
  1.0000000000000000E+000  1.0000000000000000E+000  1.0000000000000000E+000  1.0000000000000000E+000  1.0000000000000000E+000
  1.0000000000000000E+000  1.0000000000000000E+000  1.0000000000000000E+000  1.0000000000000000E+000  1.0000000000000000E+000
  1.0000000000000000E+000  1.0000000000000000E+000  1.0000000000000000E+000  1.0000000000000000E+000  1.0000000000000000E+000
  1.0000000000000000E+000  1.0000000000000000E+000  1.0000000000000000E+000  1.0000000000000000E+000  1.0000000000000000E+000
  1.0000000000000000E+000  1.0000000000000000E+000  1.0000000000000000E+000  1.0000000000000000E+000  1.0000000000000000E+000
  1.0000000000000000E+000  1.0000000000000000E+000  1.0000000000000000E+000  1.0000000000000000E+000  1.0000000000000000E+000
  1.0000000000000000E+000  1.0000000000000000E+000  1.0000000000000000E+000  1.0000000000000000E+000  1.0000000000000000E+000
  1.0000000000000000E+000  1.0000000000000000E+000  1.0000000000000000E+000  1.0000000000000000E+000  1.0000000000000000E+000
  1.0000000000000000E+000  1.0000000000000000E+000  1.0000000000000000E+000  1.0000000000000000E+000  1.0000000000000000E+000
  1.0000000000000000E+000  1.0000000000000000E+000  1.0000000000000000E+000  1.0000000000000000E+000  1.0000000000000000E+000
  1.0000000000000000E+000  1.0000000000000000E+000  1.0000000000000000E+000  1.0000000000000000E+000  1.0000000000000000E+000
  1.0000000000000000E+000  1.0000000000000000E+000  1.0000000000000000E+000  1.0000000000000000E+000  1.0000000000000000E+000
  1.0000000000000000E+000  1.0000000000000000E+000
BLOCK 67   8.1178660664641082E+000
  1.0000000000000000E+000  1.0000000000000000E+000  1.0000000000000000E+000  1.0000000000000000E+000  1.0000000000000000E+000
  1.0000000000000000E+000  1.0000000000000000E+000  1.0000000000000000E+000  1.0000000000000000E+000  1.0000000000000000E+000
  1.0000000000000000E+000  1.0000000000000000E+000  1.0000000000000000E+000  1.0000000000000000E+000  1.0000000000000000E+000
  1.0000000000000000E+000  1.0000000000000000E+000  1.0000000000000000E+000  1.0000000000000000E+000  1.0000000000000000E+000
  1.0000000000000000E+000  1.0000000000000000E+000  1.0000000000000000E+000  1.0000000000000000E+000  1.0000000000000000E+000
  1.0000000000000000E+000  1.0000000000000000E+000  1.0000000000000000E+000  1.0000000000000000E+000  1.0000000000000000E+000
  1.0000000000000000E+000  1.0000000000000000E+000  1.0000000000000000E+000  1.0000000000000000E+000  1.0000000000000000E+000
  1.0000000000000000E+000  1.0000000000000000E+000  1.0000000000000000E+000  1.0000000000000000E+000  1.0000000000000000E+000
  1.0000000000000000E+000  1.0000000000000000E+000  1.0000000000000000E+000  1.0000000000000000E+000  1.0000000000000000E+000
  1.0000000000000000E+000  1.0000000000000000E+000  1.0000000000000000E+000  1.0000000000000000E+000  1.0000000000000000E+000
  1.0000000000000000E+000  1.0000000000000000E+000  1.0000000000000000E+000  1.0000000000000000E+000  1.0000000000000000E+000
  1.0000000000000000E+000  1.0000000000000000E+000  1.0000000000000000E+000  1.0000000000000000E+000  1.0000000000000000E+000
  1.0000000000000000E+000  1.0000000000000000E+000  1.0000000000000000E+000  1.0000000000000000E+000  1.0000000000000000E+000
  1.0000000000000000E+000  1.0000000000000000E+000  1.0000000000000000E+000  1.0000000000000000E+000  1.0000000000000000E+000
  1.0000000000000000E+000  1.0000000000000000E+000
BLOCK 68   8.2408640371680857E+000
  1.0000000000000000E+000  1.0000000000000000E+000  1.0000000000000000E+000  1.0000000000000000E+000  1.0000000000000000E+000
  1.0000000000000000E+000  1.0000000000000000E+000  1.0000000000000000E+000  1.0000000000000000E+000  1.0000000000000000E+000
  1.0000000000000000E+000  1.0000000000000000E+000  1.0000000000000000E+000  1.0000000000000000E+000  1.0000000000000000E+000
  1.0000000000000000E+000  1.0000000000000000E+000  1.0000000000000000E+000  1.0000000000000000E+000  1.0000000000000000E+000
  1.0000000000000000E+000  1.0000000000000000E+000  1.0000000000000000E+000  1.0000000000000000E+000  1.0000000000000000E+000
  1.0000000000000000E+000  1.0000000000000000E+000  1.0000000000000000E+000  1.0000000000000000E+000  1.0000000000000000E+000
  1.0000000000000000E+000  1.0000000000000000E+000  1.0000000000000000E+000  1.0000000000000000E+000  1.0000000000000000E+000
  1.0000000000000000E+000  1.0000000000000000E+000  1.0000000000000000E+000  1.0000000000000000E+000  1.0000000000000000E+000
  1.0000000000000000E+000  1.0000000000000000E+000  1.0000000000000000E+000  1.0000000000000000E+000  1.0000000000000000E+000
  1.0000000000000000E+000  1.0000000000000000E+000  1.0000000000000000E+000  1.0000000000000000E+000  1.0000000000000000E+000
  1.0000000000000000E+000  1.0000000000000000E+000  1.0000000000000000E+000  1.0000000000000000E+000  1.0000000000000000E+000
  1.0000000000000000E+000  1.0000000000000000E+000  1.0000000000000000E+000  1.0000000000000000E+000  1.0000000000000000E+000
  1.0000000000000000E+000  1.0000000000000000E+000  1.0000000000000000E+000  1.0000000000000000E+000  1.0000000000000000E+000
  1.0000000000000000E+000  1.0000000000000000E+000  1.0000000000000000E+000  1.0000000000000000E+000  1.0000000000000000E+000
  1.0000000000000000E+000  1.0000000000000000E+000
BLOCK 69   8.3638620078720631E+000
  1.0000000000000000E+000  1.0000000000000000E+000  1.0000000000000000E+000  1.0000000000000000E+000  1.0000000000000000E+000
  1.0000000000000000E+000  1.0000000000000000E+000  1.0000000000000000E+000  1.0000000000000000E+000  1.0000000000000000E+000
  1.0000000000000000E+000  1.0000000000000000E+000  1.0000000000000000E+000  1.0000000000000000E+000  1.0000000000000000E+000
  1.0000000000000000E+000  1.0000000000000000E+000  1.0000000000000000E+000  1.0000000000000000E+000  1.0000000000000000E+000
  1.0000000000000000E+000  1.0000000000000000E+000  1.0000000000000000E+000  1.0000000000000000E+000  1.0000000000000000E+000
  1.0000000000000000E+000  1.0000000000000000E+000  1.0000000000000000E+000  1.0000000000000000E+000  1.0000000000000000E+000
  1.0000000000000000E+000  1.0000000000000000E+000  1.0000000000000000E+000  1.0000000000000000E+000  1.0000000000000000E+000
  1.0000000000000000E+000  1.0000000000000000E+000  1.0000000000000000E+000  1.0000000000000000E+000  1.0000000000000000E+000
  1.0000000000000000E+000  1.0000000000000000E+000  1.0000000000000000E+000  1.0000000000000000E+000  1.0000000000000000E+000
  1.0000000000000000E+000  1.0000000000000000E+000  1.0000000000000000E+000  1.0000000000000000E+000  1.0000000000000000E+000
  1.0000000000000000E+000  1.0000000000000000E+000  1.0000000000000000E+000  1.0000000000000000E+000  1.0000000000000000E+000
  1.0000000000000000E+000  1.0000000000000000E+000  1.0000000000000000E+000  1.0000000000000000E+000  1.0000000000000000E+000
  1.0000000000000000E+000  1.0000000000000000E+000  1.0000000000000000E+000  1.0000000000000000E+000  1.0000000000000000E+000
  1.0000000000000000E+000  1.0000000000000000E+000  1.0000000000000000E+000  1.0000000000000000E+000  1.0000000000000000E+000
  1.0000000000000000E+000  1.0000000000000000E+000
BLOCK 70   8.4868599785760406E+000
  1.0000000000000000E+000  1.0000000000000000E+000  1.0000000000000000E+000  1.0000000000000000E+000  1.0000000000000000E+000
  1.0000000000000000E+000  1.0000000000000000E+000  1.0000000000000000E+000  1.0000000000000000E+000  1.0000000000000000E+000
  1.0000000000000000E+000  1.0000000000000000E+000  1.0000000000000000E+000  1.0000000000000000E+000  1.0000000000000000E+000
  1.0000000000000000E+000  1.0000000000000000E+000  1.0000000000000000E+000  1.0000000000000000E+000  1.0000000000000000E+000
  1.0000000000000000E+000  1.0000000000000000E+000  1.0000000000000000E+000  1.0000000000000000E+000  1.0000000000000000E+000
  1.0000000000000000E+000  1.0000000000000000E+000  1.0000000000000000E+000  1.0000000000000000E+000  1.0000000000000000E+000
  1.0000000000000000E+000  1.0000000000000000E+000  1.0000000000000000E+000  1.0000000000000000E+000  1.0000000000000000E+000
  1.0000000000000000E+000  1.0000000000000000E+000  1.0000000000000000E+000  1.0000000000000000E+000  1.0000000000000000E+000
  1.0000000000000000E+000  1.0000000000000000E+000  1.0000000000000000E+000  1.0000000000000000E+000  1.0000000000000000E+000
  1.0000000000000000E+000  1.0000000000000000E+000  1.0000000000000000E+000  1.0000000000000000E+000  1.0000000000000000E+000
  1.0000000000000000E+000  1.0000000000000000E+000  1.0000000000000000E+000  1.0000000000000000E+000  1.0000000000000000E+000
  1.0000000000000000E+000  1.0000000000000000E+000  1.0000000000000000E+000  1.0000000000000000E+000  1.0000000000000000E+000
  1.0000000000000000E+000  1.0000000000000000E+000  1.0000000000000000E+000  1.0000000000000000E+000  1.0000000000000000E+000
  1.0000000000000000E+000  1.0000000000000000E+000  1.0000000000000000E+000  1.0000000000000000E+000  1.0000000000000000E+000
  1.0000000000000000E+000  1.0000000000000000E+000
BLOCK 71   8.6098579492800180E+000
  1.0000000000000000E+000  1.0000000000000000E+000  1.0000000000000000E+000  1.0000000000000000E+000  1.0000000000000000E+000
  1.0000000000000000E+000  1.0000000000000000E+000  1.0000000000000000E+000  1.0000000000000000E+000  1.0000000000000000E+000
  1.0000000000000000E+000  1.0000000000000000E+000  1.0000000000000000E+000  1.0000000000000000E+000  1.0000000000000000E+000
  1.0000000000000000E+000  1.0000000000000000E+000  1.0000000000000000E+000  1.0000000000000000E+000  1.0000000000000000E+000
  1.0000000000000000E+000  1.0000000000000000E+000  1.0000000000000000E+000  1.0000000000000000E+000  1.0000000000000000E+000
  1.0000000000000000E+000  1.0000000000000000E+000  1.0000000000000000E+000  1.0000000000000000E+000  1.0000000000000000E+000
  1.0000000000000000E+000  1.0000000000000000E+000  1.0000000000000000E+000  1.0000000000000000E+000  1.0000000000000000E+000
  1.0000000000000000E+000  1.0000000000000000E+000  1.0000000000000000E+000  1.0000000000000000E+000  1.0000000000000000E+000
  1.0000000000000000E+000  1.0000000000000000E+000  1.0000000000000000E+000  1.0000000000000000E+000  1.0000000000000000E+000
  1.0000000000000000E+000  1.0000000000000000E+000  1.0000000000000000E+000  1.0000000000000000E+000  1.0000000000000000E+000
  1.0000000000000000E+000  1.0000000000000000E+000  1.0000000000000000E+000  1.0000000000000000E+000  1.0000000000000000E+000
  1.0000000000000000E+000  1.0000000000000000E+000  1.0000000000000000E+000  1.0000000000000000E+000  1.0000000000000000E+000
  1.0000000000000000E+000  1.0000000000000000E+000  1.0000000000000000E+000  1.0000000000000000E+000  1.0000000000000000E+000
  1.0000000000000000E+000  1.0000000000000000E+000  1.0000000000000000E+000  1.0000000000000000E+000  1.0000000000000000E+000
  1.0000000000000000E+000  1.0000000000000000E+000
BLOCK 72   8.7328559199839955E+000
  1.0000000000000000E+000  1.0000000000000000E+000  1.0000000000000000E+000  1.0000000000000000E+000  1.0000000000000000E+000
  1.0000000000000000E+000  1.0000000000000000E+000  1.0000000000000000E+000  1.0000000000000000E+000  1.0000000000000000E+000
  1.0000000000000000E+000  1.0000000000000000E+000  1.0000000000000000E+000  1.0000000000000000E+000  1.0000000000000000E+000
  1.0000000000000000E+000  1.0000000000000000E+000  1.0000000000000000E+000  1.0000000000000000E+000  1.0000000000000000E+000
  1.0000000000000000E+000  1.0000000000000000E+000  1.0000000000000000E+000  1.0000000000000000E+000  1.0000000000000000E+000
  1.0000000000000000E+000  1.0000000000000000E+000  1.0000000000000000E+000  1.0000000000000000E+000  1.0000000000000000E+000
  1.0000000000000000E+000  1.0000000000000000E+000  1.0000000000000000E+000  1.0000000000000000E+000  1.0000000000000000E+000
  1.0000000000000000E+000  1.0000000000000000E+000  1.0000000000000000E+000  1.0000000000000000E+000  1.0000000000000000E+000
  1.0000000000000000E+000  1.0000000000000000E+000  1.0000000000000000E+000  1.0000000000000000E+000  1.0000000000000000E+000
  1.0000000000000000E+000  1.0000000000000000E+000  1.0000000000000000E+000  1.0000000000000000E+000  1.0000000000000000E+000
  1.0000000000000000E+000  1.0000000000000000E+000  1.0000000000000000E+000  1.0000000000000000E+000  1.0000000000000000E+000
  1.0000000000000000E+000  1.0000000000000000E+000  1.0000000000000000E+000  1.0000000000000000E+000  1.0000000000000000E+000
  1.0000000000000000E+000  1.0000000000000000E+000  1.0000000000000000E+000  1.0000000000000000E+000  1.0000000000000000E+000
  1.0000000000000000E+000  1.0000000000000000E+000  1.0000000000000000E+000  1.0000000000000000E+000  1.0000000000000000E+000
  1.0000000000000000E+000  1.0000000000000000E+000
BLOCK 73   8.8558538906879729E+000
  1.0000000000000000E+000  1.0000000000000000E+000  1.0000000000000000E+000  1.0000000000000000E+000  1.0000000000000000E+000
  1.0000000000000000E+000  1.0000000000000000E+000  1.0000000000000000E+000  1.0000000000000000E+000  1.0000000000000000E+000
  1.0000000000000000E+000  1.0000000000000000E+000  1.0000000000000000E+000  1.0000000000000000E+000  1.0000000000000000E+000
  1.0000000000000000E+000  1.0000000000000000E+000  1.0000000000000000E+000  1.0000000000000000E+000  1.0000000000000000E+000
  1.0000000000000000E+000  1.0000000000000000E+000  1.0000000000000000E+000  1.0000000000000000E+000  1.0000000000000000E+000
  1.0000000000000000E+000  1.0000000000000000E+000  1.0000000000000000E+000  1.0000000000000000E+000  1.0000000000000000E+000
  1.0000000000000000E+000  1.0000000000000000E+000  1.0000000000000000E+000  1.0000000000000000E+000  1.0000000000000000E+000
  1.0000000000000000E+000  1.0000000000000000E+000  1.0000000000000000E+000  1.0000000000000000E+000  1.0000000000000000E+000
  1.0000000000000000E+000  1.0000000000000000E+000  1.0000000000000000E+000  1.0000000000000000E+000  1.0000000000000000E+000
  1.0000000000000000E+000  1.0000000000000000E+000  1.0000000000000000E+000  1.0000000000000000E+000  1.0000000000000000E+000
  1.0000000000000000E+000  1.0000000000000000E+000  1.0000000000000000E+000  1.0000000000000000E+000  1.0000000000000000E+000
  1.0000000000000000E+000  1.0000000000000000E+000  1.0000000000000000E+000  1.0000000000000000E+000  1.0000000000000000E+000
  1.0000000000000000E+000  1.0000000000000000E+000  1.0000000000000000E+000  1.0000000000000000E+000  1.0000000000000000E+000
  1.0000000000000000E+000  1.0000000000000000E+000  1.0000000000000000E+000  1.0000000000000000E+000  1.0000000000000000E+000
  1.0000000000000000E+000  1.0000000000000000E+000
BLOCK 74   8.9788518613919504E+000
  1.0000000000000000E+000  1.0000000000000000E+000  1.0000000000000000E+000  1.0000000000000000E+000  1.0000000000000000E+000
  1.0000000000000000E+000  1.0000000000000000E+000  1.0000000000000000E+000  1.0000000000000000E+000  1.0000000000000000E+000
  1.0000000000000000E+000  1.0000000000000000E+000  1.0000000000000000E+000  1.0000000000000000E+000  1.0000000000000000E+000
  1.0000000000000000E+000  1.0000000000000000E+000  1.0000000000000000E+000  1.0000000000000000E+000  1.0000000000000000E+000
  1.0000000000000000E+000  1.0000000000000000E+000  1.0000000000000000E+000  1.0000000000000000E+000  1.0000000000000000E+000
  1.0000000000000000E+000  1.0000000000000000E+000  1.0000000000000000E+000  1.0000000000000000E+000  1.0000000000000000E+000
  1.0000000000000000E+000  1.0000000000000000E+000  1.0000000000000000E+000  1.0000000000000000E+000  1.0000000000000000E+000
  1.0000000000000000E+000  1.0000000000000000E+000  1.0000000000000000E+000  1.0000000000000000E+000  1.0000000000000000E+000
  1.0000000000000000E+000  1.0000000000000000E+000  1.0000000000000000E+000  1.0000000000000000E+000  1.0000000000000000E+000
  1.0000000000000000E+000  1.0000000000000000E+000  1.0000000000000000E+000  1.0000000000000000E+000  1.0000000000000000E+000
  1.0000000000000000E+000  1.0000000000000000E+000  1.0000000000000000E+000  1.0000000000000000E+000  1.0000000000000000E+000
  1.0000000000000000E+000  1.0000000000000000E+000  1.0000000000000000E+000  1.0000000000000000E+000  1.0000000000000000E+000
  1.0000000000000000E+000  1.0000000000000000E+000  1.0000000000000000E+000  1.0000000000000000E+000  1.0000000000000000E+000
  1.0000000000000000E+000  1.0000000000000000E+000  1.0000000000000000E+000  1.0000000000000000E+000  1.0000000000000000E+000
  1.0000000000000000E+000  1.0000000000000000E+000
BLOCK 75   9.1018498320959278E+000
  1.0000000000000000E+000  1.0000000000000000E+000  1.0000000000000000E+000  1.0000000000000000E+000  1.0000000000000000E+000
  1.0000000000000000E+000  1.0000000000000000E+000  1.0000000000000000E+000  1.0000000000000000E+000  1.0000000000000000E+000
  1.0000000000000000E+000  1.0000000000000000E+000  1.0000000000000000E+000  1.0000000000000000E+000  1.0000000000000000E+000
  1.0000000000000000E+000  1.0000000000000000E+000  1.0000000000000000E+000  1.0000000000000000E+000  1.0000000000000000E+000
  1.0000000000000000E+000  1.0000000000000000E+000  1.0000000000000000E+000  1.0000000000000000E+000  1.0000000000000000E+000
  1.0000000000000000E+000  1.0000000000000000E+000  1.0000000000000000E+000  1.0000000000000000E+000  1.0000000000000000E+000
  1.0000000000000000E+000  1.0000000000000000E+000  1.0000000000000000E+000  1.0000000000000000E+000  1.0000000000000000E+000
  1.0000000000000000E+000  1.0000000000000000E+000  1.0000000000000000E+000  1.0000000000000000E+000  1.0000000000000000E+000
  1.0000000000000000E+000  1.0000000000000000E+000  1.0000000000000000E+000  1.0000000000000000E+000  1.0000000000000000E+000
  1.0000000000000000E+000  1.0000000000000000E+000  1.0000000000000000E+000  1.0000000000000000E+000  1.0000000000000000E+000
  1.0000000000000000E+000  1.0000000000000000E+000  1.0000000000000000E+000  1.0000000000000000E+000  1.0000000000000000E+000
  1.0000000000000000E+000  1.0000000000000000E+000  1.0000000000000000E+000  1.0000000000000000E+000  1.0000000000000000E+000
  1.0000000000000000E+000  1.0000000000000000E+000  1.0000000000000000E+000  1.0000000000000000E+000  1.0000000000000000E+000
  1.0000000000000000E+000  1.0000000000000000E+000  1.0000000000000000E+000  1.0000000000000000E+000  1.0000000000000000E+000
  1.0000000000000000E+000  1.0000000000000000E+000
BLOCK 76   9.2248478027999052E+000
  1.0000000000000000E+000  1.0000000000000000E+000  1.0000000000000000E+000  1.0000000000000000E+000  1.0000000000000000E+000
  1.0000000000000000E+000  1.0000000000000000E+000  1.0000000000000000E+000  1.0000000000000000E+000  1.0000000000000000E+000
  1.0000000000000000E+000  1.0000000000000000E+000  1.0000000000000000E+000  1.0000000000000000E+000  1.0000000000000000E+000
  1.0000000000000000E+000  1.0000000000000000E+000  1.0000000000000000E+000  1.0000000000000000E+000  1.0000000000000000E+000
  1.0000000000000000E+000  1.0000000000000000E+000  1.0000000000000000E+000  1.0000000000000000E+000  1.0000000000000000E+000
  1.0000000000000000E+000  1.0000000000000000E+000  1.0000000000000000E+000  1.0000000000000000E+000  1.0000000000000000E+000
  1.0000000000000000E+000  1.0000000000000000E+000  1.0000000000000000E+000  1.0000000000000000E+000  1.0000000000000000E+000
  1.0000000000000000E+000  1.0000000000000000E+000  1.0000000000000000E+000  1.0000000000000000E+000  1.0000000000000000E+000
  1.0000000000000000E+000  1.0000000000000000E+000  1.0000000000000000E+000  1.0000000000000000E+000  1.0000000000000000E+000
  1.0000000000000000E+000  1.0000000000000000E+000  1.0000000000000000E+000  1.0000000000000000E+000  1.0000000000000000E+000
  1.0000000000000000E+000  1.0000000000000000E+000  1.0000000000000000E+000  1.0000000000000000E+000  1.0000000000000000E+000
  1.0000000000000000E+000  1.0000000000000000E+000  1.0000000000000000E+000  1.0000000000000000E+000  1.0000000000000000E+000
  1.0000000000000000E+000  1.0000000000000000E+000  1.0000000000000000E+000  1.0000000000000000E+000  1.0000000000000000E+000
  1.0000000000000000E+000  1.0000000000000000E+000  1.0000000000000000E+000  1.0000000000000000E+000  1.0000000000000000E+000
  1.0000000000000000E+000  1.0000000000000000E+000
BLOCK 77   9.3478457735038827E+000
  1.0000000000000000E+000  1.0000000000000000E+000  1.0000000000000000E+000  1.0000000000000000E+000  1.0000000000000000E+000
  1.0000000000000000E+000  1.0000000000000000E+000  1.0000000000000000E+000  1.0000000000000000E+000  1.0000000000000000E+000
  1.0000000000000000E+000  1.0000000000000000E+000  1.0000000000000000E+000  1.0000000000000000E+000  1.0000000000000000E+000
  1.0000000000000000E+000  1.0000000000000000E+000  1.0000000000000000E+000  1.0000000000000000E+000  1.0000000000000000E+000
  1.0000000000000000E+000  1.0000000000000000E+000  1.0000000000000000E+000  1.0000000000000000E+000  1.0000000000000000E+000
  1.0000000000000000E+000  1.0000000000000000E+000  1.0000000000000000E+000  1.0000000000000000E+000  1.0000000000000000E+000
  1.0000000000000000E+000  1.0000000000000000E+000  1.0000000000000000E+000  1.0000000000000000E+000  1.0000000000000000E+000
  1.0000000000000000E+000  1.0000000000000000E+000  1.0000000000000000E+000  1.0000000000000000E+000  1.0000000000000000E+000
  1.0000000000000000E+000  1.0000000000000000E+000  1.0000000000000000E+000  1.0000000000000000E+000  1.0000000000000000E+000
  1.0000000000000000E+000  1.0000000000000000E+000  1.0000000000000000E+000  1.0000000000000000E+000  1.0000000000000000E+000
  1.0000000000000000E+000  1.0000000000000000E+000  1.0000000000000000E+000  1.0000000000000000E+000  1.0000000000000000E+000
  1.0000000000000000E+000  1.0000000000000000E+000  1.0000000000000000E+000  1.0000000000000000E+000  1.0000000000000000E+000
  1.0000000000000000E+000  1.0000000000000000E+000  1.0000000000000000E+000  1.0000000000000000E+000  1.0000000000000000E+000
  1.0000000000000000E+000  1.0000000000000000E+000  1.0000000000000000E+000  1.0000000000000000E+000  1.0000000000000000E+000
  1.0000000000000000E+000  1.0000000000000000E+000
BLOCK 78   9.4708437442078601E+000
  1.0000000000000000E+000  1.0000000000000000E+000  1.0000000000000000E+000  1.0000000000000000E+000  1.0000000000000000E+000
  1.0000000000000000E+000  1.0000000000000000E+000  1.0000000000000000E+000  1.0000000000000000E+000  1.0000000000000000E+000
  1.0000000000000000E+000  1.0000000000000000E+000  1.0000000000000000E+000  1.0000000000000000E+000  1.0000000000000000E+000
  1.0000000000000000E+000  1.0000000000000000E+000  1.0000000000000000E+000  1.0000000000000000E+000  1.0000000000000000E+000
  1.0000000000000000E+000  1.0000000000000000E+000  1.0000000000000000E+000  1.0000000000000000E+000  1.0000000000000000E+000
  1.0000000000000000E+000  1.0000000000000000E+000  1.0000000000000000E+000  1.0000000000000000E+000  1.0000000000000000E+000
  1.0000000000000000E+000  1.0000000000000000E+000  1.0000000000000000E+000  1.0000000000000000E+000  1.0000000000000000E+000
  1.0000000000000000E+000  1.0000000000000000E+000  1.0000000000000000E+000  1.0000000000000000E+000  1.0000000000000000E+000
  1.0000000000000000E+000  1.0000000000000000E+000  1.0000000000000000E+000  1.0000000000000000E+000  1.0000000000000000E+000
  1.0000000000000000E+000  1.0000000000000000E+000  1.0000000000000000E+000  1.0000000000000000E+000  1.0000000000000000E+000
  1.0000000000000000E+000  1.0000000000000000E+000  1.0000000000000000E+000  1.0000000000000000E+000  1.0000000000000000E+000
  1.0000000000000000E+000  1.0000000000000000E+000  1.0000000000000000E+000  1.0000000000000000E+000  1.0000000000000000E+000
  1.0000000000000000E+000  1.0000000000000000E+000  1.0000000000000000E+000  1.0000000000000000E+000  1.0000000000000000E+000
  1.0000000000000000E+000  1.0000000000000000E+000  1.0000000000000000E+000  1.0000000000000000E+000  1.0000000000000000E+000
  1.0000000000000000E+000  1.0000000000000000E+000
BLOCK 79   9.5938417149118376E+000
  1.0000000000000000E+000  1.0000000000000000E+000  1.0000000000000000E+000  1.0000000000000000E+000  1.0000000000000000E+000
  1.0000000000000000E+000  1.0000000000000000E+000  1.0000000000000000E+000  1.0000000000000000E+000  1.0000000000000000E+000
  1.0000000000000000E+000  1.0000000000000000E+000  1.0000000000000000E+000  1.0000000000000000E+000  1.0000000000000000E+000
  1.0000000000000000E+000  1.0000000000000000E+000  1.0000000000000000E+000  1.0000000000000000E+000  1.0000000000000000E+000
  1.0000000000000000E+000  1.0000000000000000E+000  1.0000000000000000E+000  1.0000000000000000E+000  1.0000000000000000E+000
  1.0000000000000000E+000  1.0000000000000000E+000  1.0000000000000000E+000  1.0000000000000000E+000  1.0000000000000000E+000
  1.0000000000000000E+000  1.0000000000000000E+000  1.0000000000000000E+000  1.0000000000000000E+000  1.0000000000000000E+000
  1.0000000000000000E+000  1.0000000000000000E+000  1.0000000000000000E+000  1.0000000000000000E+000  1.0000000000000000E+000
  1.0000000000000000E+000  1.0000000000000000E+000  1.0000000000000000E+000  1.0000000000000000E+000  1.0000000000000000E+000
  1.0000000000000000E+000  1.0000000000000000E+000  1.0000000000000000E+000  1.0000000000000000E+000  1.0000000000000000E+000
  1.0000000000000000E+000  1.0000000000000000E+000  1.0000000000000000E+000  1.0000000000000000E+000  1.0000000000000000E+000
  1.0000000000000000E+000  1.0000000000000000E+000  1.0000000000000000E+000  1.0000000000000000E+000  1.0000000000000000E+000
  1.0000000000000000E+000  1.0000000000000000E+000  1.0000000000000000E+000  1.0000000000000000E+000  1.0000000000000000E+000
  1.0000000000000000E+000  1.0000000000000000E+000  1.0000000000000000E+000  1.0000000000000000E+000  1.0000000000000000E+000
  1.0000000000000000E+000  1.0000000000000000E+000
BLOCK 80   9.7168396856158150E+000
  1.0000000000000000E+000  1.0000000000000000E+000  1.0000000000000000E+000  1.0000000000000000E+000  1.0000000000000000E+000
  1.0000000000000000E+000  1.0000000000000000E+000  1.0000000000000000E+000  1.0000000000000000E+000  1.0000000000000000E+000
  1.0000000000000000E+000  1.0000000000000000E+000  1.0000000000000000E+000  1.0000000000000000E+000  1.0000000000000000E+000
  1.0000000000000000E+000  1.0000000000000000E+000  1.0000000000000000E+000  1.0000000000000000E+000  1.0000000000000000E+000
  1.0000000000000000E+000  1.0000000000000000E+000  1.0000000000000000E+000  1.0000000000000000E+000  1.0000000000000000E+000
  1.0000000000000000E+000  1.0000000000000000E+000  1.0000000000000000E+000  1.0000000000000000E+000  1.0000000000000000E+000
  1.0000000000000000E+000  1.0000000000000000E+000  1.0000000000000000E+000  1.0000000000000000E+000  1.0000000000000000E+000
  1.0000000000000000E+000  1.0000000000000000E+000  1.0000000000000000E+000  1.0000000000000000E+000  1.0000000000000000E+000
  1.0000000000000000E+000  1.0000000000000000E+000  1.0000000000000000E+000  1.0000000000000000E+000  1.0000000000000000E+000
  1.0000000000000000E+000  1.0000000000000000E+000  1.0000000000000000E+000  1.0000000000000000E+000  1.0000000000000000E+000
  1.0000000000000000E+000  1.0000000000000000E+000  1.0000000000000000E+000  1.0000000000000000E+000  1.0000000000000000E+000
  1.0000000000000000E+000  1.0000000000000000E+000  1.0000000000000000E+000  1.0000000000000000E+000  1.0000000000000000E+000
  1.0000000000000000E+000  1.0000000000000000E+000  1.0000000000000000E+000  1.0000000000000000E+000  1.0000000000000000E+000
  1.0000000000000000E+000  1.0000000000000000E+000  1.0000000000000000E+000  1.0000000000000000E+000  1.0000000000000000E+000
  1.0000000000000000E+000  1.0000000000000000E+000
BLOCK 81   9.8398376563197925E+000
  1.0000000000000000E+000  1.0000000000000000E+000  1.0000000000000000E+000  1.0000000000000000E+000  1.0000000000000000E+000
  1.0000000000000000E+000  1.0000000000000000E+000  1.0000000000000000E+000  1.0000000000000000E+000  1.0000000000000000E+000
  1.0000000000000000E+000  1.0000000000000000E+000  1.0000000000000000E+000  1.0000000000000000E+000  1.0000000000000000E+000
  1.0000000000000000E+000  1.0000000000000000E+000  1.0000000000000000E+000  1.0000000000000000E+000  1.0000000000000000E+000
  1.0000000000000000E+000  1.0000000000000000E+000  1.0000000000000000E+000  1.0000000000000000E+000  1.0000000000000000E+000
  1.0000000000000000E+000  1.0000000000000000E+000  1.0000000000000000E+000  1.0000000000000000E+000  1.0000000000000000E+000
  1.0000000000000000E+000  1.0000000000000000E+000  1.0000000000000000E+000  1.0000000000000000E+000  1.0000000000000000E+000
  1.0000000000000000E+000  1.0000000000000000E+000  1.0000000000000000E+000  1.0000000000000000E+000  1.0000000000000000E+000
  1.0000000000000000E+000  1.0000000000000000E+000  1.0000000000000000E+000  1.0000000000000000E+000  1.0000000000000000E+000
  1.0000000000000000E+000  1.0000000000000000E+000  1.0000000000000000E+000  1.0000000000000000E+000  1.0000000000000000E+000
  1.0000000000000000E+000  1.0000000000000000E+000  1.0000000000000000E+000  1.0000000000000000E+000  1.0000000000000000E+000
  1.0000000000000000E+000  1.0000000000000000E+000  1.0000000000000000E+000  1.0000000000000000E+000  1.0000000000000000E+000
  1.0000000000000000E+000  1.0000000000000000E+000  1.0000000000000000E+000  1.0000000000000000E+000  1.0000000000000000E+000
  1.0000000000000000E+000  1.0000000000000000E+000  1.0000000000000000E+000  1.0000000000000000E+000  1.0000000000000000E+000
  1.0000000000000000E+000  1.0000000000000000E+000
BLOCK 82   9.9628356270237699E+000
  1.0000000000000000E+000  1.0000000000000000E+000  1.0000000000000000E+000  1.0000000000000000E+000  1.0000000000000000E+000
  1.0000000000000000E+000  1.0000000000000000E+000  1.0000000000000000E+000  1.0000000000000000E+000  1.0000000000000000E+000
  1.0000000000000000E+000  1.0000000000000000E+000  1.0000000000000000E+000  1.0000000000000000E+000  1.0000000000000000E+000
  1.0000000000000000E+000  1.0000000000000000E+000  1.0000000000000000E+000  1.0000000000000000E+000  1.0000000000000000E+000
  1.0000000000000000E+000  1.0000000000000000E+000  1.0000000000000000E+000  1.0000000000000000E+000  1.0000000000000000E+000
  1.0000000000000000E+000  1.0000000000000000E+000  1.0000000000000000E+000  1.0000000000000000E+000  1.0000000000000000E+000
  1.0000000000000000E+000  1.0000000000000000E+000  1.0000000000000000E+000  1.0000000000000000E+000  1.0000000000000000E+000
  1.0000000000000000E+000  1.0000000000000000E+000  1.0000000000000000E+000  1.0000000000000000E+000  1.0000000000000000E+000
  1.0000000000000000E+000  1.0000000000000000E+000  1.0000000000000000E+000  1.0000000000000000E+000  1.0000000000000000E+000
  1.0000000000000000E+000  1.0000000000000000E+000  1.0000000000000000E+000  1.0000000000000000E+000  1.0000000000000000E+000
  1.0000000000000000E+000  1.0000000000000000E+000  1.0000000000000000E+000  1.0000000000000000E+000  1.0000000000000000E+000
  1.0000000000000000E+000  1.0000000000000000E+000  1.0000000000000000E+000  1.0000000000000000E+000  1.0000000000000000E+000
  1.0000000000000000E+000  1.0000000000000000E+000  1.0000000000000000E+000  1.0000000000000000E+000  1.0000000000000000E+000
  1.0000000000000000E+000  1.0000000000000000E+000  1.0000000000000000E+000  1.0000000000000000E+000  1.0000000000000000E+000
  1.0000000000000000E+000  1.0000000000000000E+000
BLOCK 83   1.0085833597727747E+001
  1.0000000000000000E+000  1.0000000000000000E+000  1.0000000000000000E+000  1.0000000000000000E+000  1.0000000000000000E+000
  1.0000000000000000E+000  1.0000000000000000E+000  1.0000000000000000E+000  1.0000000000000000E+000  1.0000000000000000E+000
  1.0000000000000000E+000  1.0000000000000000E+000  1.0000000000000000E+000  1.0000000000000000E+000  1.0000000000000000E+000
  1.0000000000000000E+000  1.0000000000000000E+000  1.0000000000000000E+000  1.0000000000000000E+000  1.0000000000000000E+000
  1.0000000000000000E+000  1.0000000000000000E+000  1.0000000000000000E+000  1.0000000000000000E+000  1.0000000000000000E+000
  1.0000000000000000E+000  1.0000000000000000E+000  1.0000000000000000E+000  1.0000000000000000E+000  1.0000000000000000E+000
  1.0000000000000000E+000  1.0000000000000000E+000  1.0000000000000000E+000  1.0000000000000000E+000  1.0000000000000000E+000
  1.0000000000000000E+000  1.0000000000000000E+000  1.0000000000000000E+000  1.0000000000000000E+000  1.0000000000000000E+000
  1.0000000000000000E+000  1.0000000000000000E+000  1.0000000000000000E+000  1.0000000000000000E+000  1.0000000000000000E+000
  1.0000000000000000E+000  1.0000000000000000E+000  1.0000000000000000E+000  1.0000000000000000E+000  1.0000000000000000E+000
  1.0000000000000000E+000  1.0000000000000000E+000  1.0000000000000000E+000  1.0000000000000000E+000  1.0000000000000000E+000
  1.0000000000000000E+000  1.0000000000000000E+000  1.0000000000000000E+000  1.0000000000000000E+000  1.0000000000000000E+000
  1.0000000000000000E+000  1.0000000000000000E+000  1.0000000000000000E+000  1.0000000000000000E+000  1.0000000000000000E+000
  1.0000000000000000E+000  1.0000000000000000E+000  1.0000000000000000E+000  1.0000000000000000E+000  1.0000000000000000E+000
  1.0000000000000000E+000  1.0000000000000000E+000
BLOCK 84   1.0208831568431725E+001
  1.0000000000000000E+000  1.0000000000000000E+000  1.0000000000000000E+000  1.0000000000000000E+000  1.0000000000000000E+000
  1.0000000000000000E+000  1.0000000000000000E+000  1.0000000000000000E+000  1.0000000000000000E+000  1.0000000000000000E+000
  1.0000000000000000E+000  1.0000000000000000E+000  1.0000000000000000E+000  1.0000000000000000E+000  1.0000000000000000E+000
  1.0000000000000000E+000  1.0000000000000000E+000  1.0000000000000000E+000  1.0000000000000000E+000  1.0000000000000000E+000
  1.0000000000000000E+000  1.0000000000000000E+000  1.0000000000000000E+000  1.0000000000000000E+000  1.0000000000000000E+000
  1.0000000000000000E+000  1.0000000000000000E+000  1.0000000000000000E+000  1.0000000000000000E+000  1.0000000000000000E+000
  1.0000000000000000E+000  1.0000000000000000E+000  1.0000000000000000E+000  1.0000000000000000E+000  1.0000000000000000E+000
  1.0000000000000000E+000  1.0000000000000000E+000  1.0000000000000000E+000  1.0000000000000000E+000  1.0000000000000000E+000
  1.0000000000000000E+000  1.0000000000000000E+000  1.0000000000000000E+000  1.0000000000000000E+000  1.0000000000000000E+000
  1.0000000000000000E+000  1.0000000000000000E+000  1.0000000000000000E+000  1.0000000000000000E+000  1.0000000000000000E+000
  1.0000000000000000E+000  1.0000000000000000E+000  1.0000000000000000E+000  1.0000000000000000E+000  1.0000000000000000E+000
  1.0000000000000000E+000  1.0000000000000000E+000  1.0000000000000000E+000  1.0000000000000000E+000  1.0000000000000000E+000
  1.0000000000000000E+000  1.0000000000000000E+000  1.0000000000000000E+000  1.0000000000000000E+000  1.0000000000000000E+000
  1.0000000000000000E+000  1.0000000000000000E+000  1.0000000000000000E+000  1.0000000000000000E+000  1.0000000000000000E+000
  1.0000000000000000E+000  1.0000000000000000E+000
BLOCK 85   1.0331829539135702E+001
  1.0000000000000000E+000  1.0000000000000000E+000  1.0000000000000000E+000  1.0000000000000000E+000  1.0000000000000000E+000
  1.0000000000000000E+000  1.0000000000000000E+000  1.0000000000000000E+000  1.0000000000000000E+000  1.0000000000000000E+000
  1.0000000000000000E+000  1.0000000000000000E+000  1.0000000000000000E+000  1.0000000000000000E+000  1.0000000000000000E+000
  1.0000000000000000E+000  1.0000000000000000E+000  1.0000000000000000E+000  1.0000000000000000E+000  1.0000000000000000E+000
  1.0000000000000000E+000  1.0000000000000000E+000  1.0000000000000000E+000  1.0000000000000000E+000  1.0000000000000000E+000
  1.0000000000000000E+000  1.0000000000000000E+000  1.0000000000000000E+000  1.0000000000000000E+000  1.0000000000000000E+000
  1.0000000000000000E+000  1.0000000000000000E+000  1.0000000000000000E+000  1.0000000000000000E+000  1.0000000000000000E+000
  1.0000000000000000E+000  1.0000000000000000E+000  1.0000000000000000E+000  1.0000000000000000E+000  1.0000000000000000E+000
  1.0000000000000000E+000  1.0000000000000000E+000  1.0000000000000000E+000  1.0000000000000000E+000  1.0000000000000000E+000
  1.0000000000000000E+000  1.0000000000000000E+000  1.0000000000000000E+000  1.0000000000000000E+000  1.0000000000000000E+000
  1.0000000000000000E+000  1.0000000000000000E+000  1.0000000000000000E+000  1.0000000000000000E+000  1.0000000000000000E+000
  1.0000000000000000E+000  1.0000000000000000E+000  1.0000000000000000E+000  1.0000000000000000E+000  1.0000000000000000E+000
  1.0000000000000000E+000  1.0000000000000000E+000  1.0000000000000000E+000  1.0000000000000000E+000  1.0000000000000000E+000
  1.0000000000000000E+000  1.0000000000000000E+000  1.0000000000000000E+000  1.0000000000000000E+000  1.0000000000000000E+000
  1.0000000000000000E+000  1.0000000000000000E+000
BLOCK 86   1.0454827509839680E+001
  1.0000000000000000E+000  1.0000000000000000E+000  1.0000000000000000E+000  1.0000000000000000E+000  1.0000000000000000E+000
  1.0000000000000000E+000  1.0000000000000000E+000  1.0000000000000000E+000  1.0000000000000000E+000  1.0000000000000000E+000
  1.0000000000000000E+000  1.0000000000000000E+000  1.0000000000000000E+000  1.0000000000000000E+000  1.0000000000000000E+000
  1.0000000000000000E+000  1.0000000000000000E+000  1.0000000000000000E+000  1.0000000000000000E+000  1.0000000000000000E+000
  1.0000000000000000E+000  1.0000000000000000E+000  1.0000000000000000E+000  1.0000000000000000E+000  1.0000000000000000E+000
  1.0000000000000000E+000  1.0000000000000000E+000  1.0000000000000000E+000  1.0000000000000000E+000  1.0000000000000000E+000
  1.0000000000000000E+000  1.0000000000000000E+000  1.0000000000000000E+000  1.0000000000000000E+000  1.0000000000000000E+000
  1.0000000000000000E+000  1.0000000000000000E+000  1.0000000000000000E+000  1.0000000000000000E+000  1.0000000000000000E+000
  1.0000000000000000E+000  1.0000000000000000E+000  1.0000000000000000E+000  1.0000000000000000E+000  1.0000000000000000E+000
  1.0000000000000000E+000  1.0000000000000000E+000  1.0000000000000000E+000  1.0000000000000000E+000  1.0000000000000000E+000
  1.0000000000000000E+000  1.0000000000000000E+000  1.0000000000000000E+000  1.0000000000000000E+000  1.0000000000000000E+000
  1.0000000000000000E+000  1.0000000000000000E+000  1.0000000000000000E+000  1.0000000000000000E+000  1.0000000000000000E+000
  1.0000000000000000E+000  1.0000000000000000E+000  1.0000000000000000E+000  1.0000000000000000E+000  1.0000000000000000E+000
  1.0000000000000000E+000  1.0000000000000000E+000  1.0000000000000000E+000  1.0000000000000000E+000  1.0000000000000000E+000
  1.0000000000000000E+000  1.0000000000000000E+000
BLOCK 87   1.0577825480543657E+001
  1.0000000000000000E+000  1.0000000000000000E+000  1.0000000000000000E+000  1.0000000000000000E+000  1.0000000000000000E+000
  1.0000000000000000E+000  1.0000000000000000E+000  1.0000000000000000E+000  1.0000000000000000E+000  1.0000000000000000E+000
  1.0000000000000000E+000  1.0000000000000000E+000  1.0000000000000000E+000  1.0000000000000000E+000  1.0000000000000000E+000
  1.0000000000000000E+000  1.0000000000000000E+000  1.0000000000000000E+000  1.0000000000000000E+000  1.0000000000000000E+000
  1.0000000000000000E+000  1.0000000000000000E+000  1.0000000000000000E+000  1.0000000000000000E+000  1.0000000000000000E+000
  1.0000000000000000E+000  1.0000000000000000E+000  1.0000000000000000E+000  1.0000000000000000E+000  1.0000000000000000E+000
  1.0000000000000000E+000  1.0000000000000000E+000  1.0000000000000000E+000  1.0000000000000000E+000  1.0000000000000000E+000
  1.0000000000000000E+000  1.0000000000000000E+000  1.0000000000000000E+000  1.0000000000000000E+000  1.0000000000000000E+000
  1.0000000000000000E+000  1.0000000000000000E+000  1.0000000000000000E+000  1.0000000000000000E+000  1.0000000000000000E+000
  1.0000000000000000E+000  1.0000000000000000E+000  1.0000000000000000E+000  1.0000000000000000E+000  1.0000000000000000E+000
  1.0000000000000000E+000  1.0000000000000000E+000  1.0000000000000000E+000  1.0000000000000000E+000  1.0000000000000000E+000
  1.0000000000000000E+000  1.0000000000000000E+000  1.0000000000000000E+000  1.0000000000000000E+000  1.0000000000000000E+000
  1.0000000000000000E+000  1.0000000000000000E+000  1.0000000000000000E+000  1.0000000000000000E+000  1.0000000000000000E+000
  1.0000000000000000E+000  1.0000000000000000E+000  1.0000000000000000E+000  1.0000000000000000E+000  1.0000000000000000E+000
  1.0000000000000000E+000  1.0000000000000000E+000
BLOCK 88   1.0700823451247635E+001
  1.0000000000000000E+000  1.0000000000000000E+000  1.0000000000000000E+000  1.0000000000000000E+000  1.0000000000000000E+000
  1.0000000000000000E+000  1.0000000000000000E+000  1.0000000000000000E+000  1.0000000000000000E+000  1.0000000000000000E+000
  1.0000000000000000E+000  1.0000000000000000E+000  1.0000000000000000E+000  1.0000000000000000E+000  1.0000000000000000E+000
  1.0000000000000000E+000  1.0000000000000000E+000  1.0000000000000000E+000  1.0000000000000000E+000  1.0000000000000000E+000
  1.0000000000000000E+000  1.0000000000000000E+000  1.0000000000000000E+000  1.0000000000000000E+000  1.0000000000000000E+000
  1.0000000000000000E+000  1.0000000000000000E+000  1.0000000000000000E+000  1.0000000000000000E+000  1.0000000000000000E+000
  1.0000000000000000E+000  1.0000000000000000E+000  1.0000000000000000E+000  1.0000000000000000E+000  1.0000000000000000E+000
  1.0000000000000000E+000  1.0000000000000000E+000  1.0000000000000000E+000  1.0000000000000000E+000  1.0000000000000000E+000
  1.0000000000000000E+000  1.0000000000000000E+000  1.0000000000000000E+000  1.0000000000000000E+000  1.0000000000000000E+000
  1.0000000000000000E+000  1.0000000000000000E+000  1.0000000000000000E+000  1.0000000000000000E+000  1.0000000000000000E+000
  1.0000000000000000E+000  1.0000000000000000E+000  1.0000000000000000E+000  1.0000000000000000E+000  1.0000000000000000E+000
  1.0000000000000000E+000  1.0000000000000000E+000  1.0000000000000000E+000  1.0000000000000000E+000  1.0000000000000000E+000
  1.0000000000000000E+000  1.0000000000000000E+000  1.0000000000000000E+000  1.0000000000000000E+000  1.0000000000000000E+000
  1.0000000000000000E+000  1.0000000000000000E+000  1.0000000000000000E+000  1.0000000000000000E+000  1.0000000000000000E+000
  1.0000000000000000E+000  1.0000000000000000E+000
BLOCK 89   1.0823821421951612E+001
  1.0000000000000000E+000  1.0000000000000000E+000  1.0000000000000000E+000  1.0000000000000000E+000  1.0000000000000000E+000
  1.0000000000000000E+000  1.0000000000000000E+000  1.0000000000000000E+000  1.0000000000000000E+000  1.0000000000000000E+000
  1.0000000000000000E+000  1.0000000000000000E+000  1.0000000000000000E+000  1.0000000000000000E+000  1.0000000000000000E+000
  1.0000000000000000E+000  1.0000000000000000E+000  1.0000000000000000E+000  1.0000000000000000E+000  1.0000000000000000E+000
  1.0000000000000000E+000  1.0000000000000000E+000  1.0000000000000000E+000  1.0000000000000000E+000  1.0000000000000000E+000
  1.0000000000000000E+000  1.0000000000000000E+000  1.0000000000000000E+000  1.0000000000000000E+000  1.0000000000000000E+000
  1.0000000000000000E+000  1.0000000000000000E+000  1.0000000000000000E+000  1.0000000000000000E+000  1.0000000000000000E+000
  1.0000000000000000E+000  1.0000000000000000E+000  1.0000000000000000E+000  1.0000000000000000E+000  1.0000000000000000E+000
  1.0000000000000000E+000  1.0000000000000000E+000  1.0000000000000000E+000  1.0000000000000000E+000  1.0000000000000000E+000
  1.0000000000000000E+000  1.0000000000000000E+000  1.0000000000000000E+000  1.0000000000000000E+000  1.0000000000000000E+000
  1.0000000000000000E+000  1.0000000000000000E+000  1.0000000000000000E+000  1.0000000000000000E+000  1.0000000000000000E+000
  1.0000000000000000E+000  1.0000000000000000E+000  1.0000000000000000E+000  1.0000000000000000E+000  1.0000000000000000E+000
  1.0000000000000000E+000  1.0000000000000000E+000  1.0000000000000000E+000  1.0000000000000000E+000  1.0000000000000000E+000
  1.0000000000000000E+000  1.0000000000000000E+000  1.0000000000000000E+000  1.0000000000000000E+000  1.0000000000000000E+000
  1.0000000000000000E+000  1.0000000000000000E+000
BLOCK 90   1.0946819392655589E+001
  1.0000000000000000E+000  1.0000000000000000E+000  1.0000000000000000E+000  1.0000000000000000E+000  1.0000000000000000E+000
  1.0000000000000000E+000  1.0000000000000000E+000  1.0000000000000000E+000  1.0000000000000000E+000  1.0000000000000000E+000
  1.0000000000000000E+000  1.0000000000000000E+000  1.0000000000000000E+000  1.0000000000000000E+000  1.0000000000000000E+000
  1.0000000000000000E+000  1.0000000000000000E+000  1.0000000000000000E+000  1.0000000000000000E+000  1.0000000000000000E+000
  1.0000000000000000E+000  1.0000000000000000E+000  1.0000000000000000E+000  1.0000000000000000E+000  1.0000000000000000E+000
  1.0000000000000000E+000  1.0000000000000000E+000  1.0000000000000000E+000  1.0000000000000000E+000  1.0000000000000000E+000
  1.0000000000000000E+000  1.0000000000000000E+000  1.0000000000000000E+000  1.0000000000000000E+000  1.0000000000000000E+000
  1.0000000000000000E+000  1.0000000000000000E+000  1.0000000000000000E+000  1.0000000000000000E+000  1.0000000000000000E+000
  1.0000000000000000E+000  1.0000000000000000E+000  1.0000000000000000E+000  1.0000000000000000E+000  1.0000000000000000E+000
  1.0000000000000000E+000  1.0000000000000000E+000  1.0000000000000000E+000  1.0000000000000000E+000  1.0000000000000000E+000
  1.0000000000000000E+000  1.0000000000000000E+000  1.0000000000000000E+000  1.0000000000000000E+000  1.0000000000000000E+000
  1.0000000000000000E+000  1.0000000000000000E+000  1.0000000000000000E+000  1.0000000000000000E+000  1.0000000000000000E+000
  1.0000000000000000E+000  1.0000000000000000E+000  1.0000000000000000E+000  1.0000000000000000E+000  1.0000000000000000E+000
  1.0000000000000000E+000  1.0000000000000000E+000  1.0000000000000000E+000  1.0000000000000000E+000  1.0000000000000000E+000
  1.0000000000000000E+000  1.0000000000000000E+000
BLOCK 91   1.1069817363359567E+001
  1.0000000000000000E+000  1.0000000000000000E+000  1.0000000000000000E+000  1.0000000000000000E+000  1.0000000000000000E+000
  1.0000000000000000E+000  1.0000000000000000E+000  1.0000000000000000E+000  1.0000000000000000E+000  1.0000000000000000E+000
  1.0000000000000000E+000  1.0000000000000000E+000  1.0000000000000000E+000  1.0000000000000000E+000  1.0000000000000000E+000
  1.0000000000000000E+000  1.0000000000000000E+000  1.0000000000000000E+000  1.0000000000000000E+000  1.0000000000000000E+000
  1.0000000000000000E+000  1.0000000000000000E+000  1.0000000000000000E+000  1.0000000000000000E+000  1.0000000000000000E+000
  1.0000000000000000E+000  1.0000000000000000E+000  1.0000000000000000E+000  1.0000000000000000E+000  1.0000000000000000E+000
  1.0000000000000000E+000  1.0000000000000000E+000  1.0000000000000000E+000  1.0000000000000000E+000  1.0000000000000000E+000
  1.0000000000000000E+000  1.0000000000000000E+000  1.0000000000000000E+000  1.0000000000000000E+000  1.0000000000000000E+000
  1.0000000000000000E+000  1.0000000000000000E+000  1.0000000000000000E+000  1.0000000000000000E+000  1.0000000000000000E+000
  1.0000000000000000E+000  1.0000000000000000E+000  1.0000000000000000E+000  1.0000000000000000E+000  1.0000000000000000E+000
  1.0000000000000000E+000  1.0000000000000000E+000  1.0000000000000000E+000  1.0000000000000000E+000  1.0000000000000000E+000
  1.0000000000000000E+000  1.0000000000000000E+000  1.0000000000000000E+000  1.0000000000000000E+000  1.0000000000000000E+000
  1.0000000000000000E+000  1.0000000000000000E+000  1.0000000000000000E+000  1.0000000000000000E+000  1.0000000000000000E+000
  1.0000000000000000E+000  1.0000000000000000E+000  1.0000000000000000E+000  1.0000000000000000E+000  1.0000000000000000E+000
  1.0000000000000000E+000  1.0000000000000000E+000
BLOCK 92   1.1192815334063544E+001
  1.0000000000000000E+000  1.0000000000000000E+000  1.0000000000000000E+000  1.0000000000000000E+000  1.0000000000000000E+000
  1.0000000000000000E+000  1.0000000000000000E+000  1.0000000000000000E+000  1.0000000000000000E+000  1.0000000000000000E+000
  1.0000000000000000E+000  1.0000000000000000E+000  1.0000000000000000E+000  1.0000000000000000E+000  1.0000000000000000E+000
  1.0000000000000000E+000  1.0000000000000000E+000  1.0000000000000000E+000  1.0000000000000000E+000  1.0000000000000000E+000
  1.0000000000000000E+000  1.0000000000000000E+000  1.0000000000000000E+000  1.0000000000000000E+000  1.0000000000000000E+000
  1.0000000000000000E+000  1.0000000000000000E+000  1.0000000000000000E+000  1.0000000000000000E+000  1.0000000000000000E+000
  1.0000000000000000E+000  1.0000000000000000E+000  1.0000000000000000E+000  1.0000000000000000E+000  1.0000000000000000E+000
  1.0000000000000000E+000  1.0000000000000000E+000  1.0000000000000000E+000  1.0000000000000000E+000  1.0000000000000000E+000
  1.0000000000000000E+000  1.0000000000000000E+000  1.0000000000000000E+000  1.0000000000000000E+000  1.0000000000000000E+000
  1.0000000000000000E+000  1.0000000000000000E+000  1.0000000000000000E+000  1.0000000000000000E+000  1.0000000000000000E+000
  1.0000000000000000E+000  1.0000000000000000E+000  1.0000000000000000E+000  1.0000000000000000E+000  1.0000000000000000E+000
  1.0000000000000000E+000  1.0000000000000000E+000  1.0000000000000000E+000  1.0000000000000000E+000  1.0000000000000000E+000
  1.0000000000000000E+000  1.0000000000000000E+000  1.0000000000000000E+000  1.0000000000000000E+000  1.0000000000000000E+000
  1.0000000000000000E+000  1.0000000000000000E+000  1.0000000000000000E+000  1.0000000000000000E+000  1.0000000000000000E+000
  1.0000000000000000E+000  1.0000000000000000E+000
BLOCK 93   1.1315813304767522E+001
  1.0000000000000000E+000  1.0000000000000000E+000  1.0000000000000000E+000  1.0000000000000000E+000  1.0000000000000000E+000
  1.0000000000000000E+000  1.0000000000000000E+000  1.0000000000000000E+000  1.0000000000000000E+000  1.0000000000000000E+000
  1.0000000000000000E+000  1.0000000000000000E+000  1.0000000000000000E+000  1.0000000000000000E+000  1.0000000000000000E+000
  1.0000000000000000E+000  1.0000000000000000E+000  1.0000000000000000E+000  1.0000000000000000E+000  1.0000000000000000E+000
  1.0000000000000000E+000  1.0000000000000000E+000  1.0000000000000000E+000  1.0000000000000000E+000  1.0000000000000000E+000
  1.0000000000000000E+000  1.0000000000000000E+000  1.0000000000000000E+000  1.0000000000000000E+000  1.0000000000000000E+000
  1.0000000000000000E+000  1.0000000000000000E+000  1.0000000000000000E+000  1.0000000000000000E+000  1.0000000000000000E+000
  1.0000000000000000E+000  1.0000000000000000E+000  1.0000000000000000E+000  1.0000000000000000E+000  1.0000000000000000E+000
  1.0000000000000000E+000  1.0000000000000000E+000  1.0000000000000000E+000  1.0000000000000000E+000  1.0000000000000000E+000
  1.0000000000000000E+000  1.0000000000000000E+000  1.0000000000000000E+000  1.0000000000000000E+000  1.0000000000000000E+000
  1.0000000000000000E+000  1.0000000000000000E+000  1.0000000000000000E+000  1.0000000000000000E+000  1.0000000000000000E+000
  1.0000000000000000E+000  1.0000000000000000E+000  1.0000000000000000E+000  1.0000000000000000E+000  1.0000000000000000E+000
  1.0000000000000000E+000  1.0000000000000000E+000  1.0000000000000000E+000  1.0000000000000000E+000  1.0000000000000000E+000
  1.0000000000000000E+000  1.0000000000000000E+000  1.0000000000000000E+000  1.0000000000000000E+000  1.0000000000000000E+000
  1.0000000000000000E+000  1.0000000000000000E+000
BLOCK 94   1.1438811275471499E+001
  1.0000000000000000E+000  1.0000000000000000E+000  1.0000000000000000E+000  1.0000000000000000E+000  1.0000000000000000E+000
  1.0000000000000000E+000  1.0000000000000000E+000  1.0000000000000000E+000  1.0000000000000000E+000  1.0000000000000000E+000
  1.0000000000000000E+000  1.0000000000000000E+000  1.0000000000000000E+000  1.0000000000000000E+000  1.0000000000000000E+000
  1.0000000000000000E+000  1.0000000000000000E+000  1.0000000000000000E+000  1.0000000000000000E+000  1.0000000000000000E+000
  1.0000000000000000E+000  1.0000000000000000E+000  1.0000000000000000E+000  1.0000000000000000E+000  1.0000000000000000E+000
  1.0000000000000000E+000  1.0000000000000000E+000  1.0000000000000000E+000  1.0000000000000000E+000  1.0000000000000000E+000
  1.0000000000000000E+000  1.0000000000000000E+000  1.0000000000000000E+000  1.0000000000000000E+000  1.0000000000000000E+000
  1.0000000000000000E+000  1.0000000000000000E+000  1.0000000000000000E+000  1.0000000000000000E+000  1.0000000000000000E+000
  1.0000000000000000E+000  1.0000000000000000E+000  1.0000000000000000E+000  1.0000000000000000E+000  1.0000000000000000E+000
  1.0000000000000000E+000  1.0000000000000000E+000  1.0000000000000000E+000  1.0000000000000000E+000  1.0000000000000000E+000
  1.0000000000000000E+000  1.0000000000000000E+000  1.0000000000000000E+000  1.0000000000000000E+000  1.0000000000000000E+000
  1.0000000000000000E+000  1.0000000000000000E+000  1.0000000000000000E+000  1.0000000000000000E+000  1.0000000000000000E+000
  1.0000000000000000E+000  1.0000000000000000E+000  1.0000000000000000E+000  1.0000000000000000E+000  1.0000000000000000E+000
  1.0000000000000000E+000  1.0000000000000000E+000  1.0000000000000000E+000  1.0000000000000000E+000  1.0000000000000000E+000
  1.0000000000000000E+000  1.0000000000000000E+000
BLOCK 95   1.1561809246175477E+001
  1.0000000000000000E+000  1.0000000000000000E+000  1.0000000000000000E+000  1.0000000000000000E+000  1.0000000000000000E+000
  1.0000000000000000E+000  1.0000000000000000E+000  1.0000000000000000E+000  1.0000000000000000E+000  1.0000000000000000E+000
  1.0000000000000000E+000  1.0000000000000000E+000  1.0000000000000000E+000  1.0000000000000000E+000  1.0000000000000000E+000
  1.0000000000000000E+000  1.0000000000000000E+000  1.0000000000000000E+000  1.0000000000000000E+000  1.0000000000000000E+000
  1.0000000000000000E+000  1.0000000000000000E+000  1.0000000000000000E+000  1.0000000000000000E+000  1.0000000000000000E+000
  1.0000000000000000E+000  1.0000000000000000E+000  1.0000000000000000E+000  1.0000000000000000E+000  1.0000000000000000E+000
  1.0000000000000000E+000  1.0000000000000000E+000  1.0000000000000000E+000  1.0000000000000000E+000  1.0000000000000000E+000
  1.0000000000000000E+000  1.0000000000000000E+000  1.0000000000000000E+000  1.0000000000000000E+000  1.0000000000000000E+000
  1.0000000000000000E+000  1.0000000000000000E+000  1.0000000000000000E+000  1.0000000000000000E+000  1.0000000000000000E+000
  1.0000000000000000E+000  1.0000000000000000E+000  1.0000000000000000E+000  1.0000000000000000E+000  1.0000000000000000E+000
  1.0000000000000000E+000  1.0000000000000000E+000  1.0000000000000000E+000  1.0000000000000000E+000  1.0000000000000000E+000
  1.0000000000000000E+000  1.0000000000000000E+000  1.0000000000000000E+000  1.0000000000000000E+000  1.0000000000000000E+000
  1.0000000000000000E+000  1.0000000000000000E+000  1.0000000000000000E+000  1.0000000000000000E+000  1.0000000000000000E+000
  1.0000000000000000E+000  1.0000000000000000E+000  1.0000000000000000E+000  1.0000000000000000E+000  1.0000000000000000E+000
  1.0000000000000000E+000  1.0000000000000000E+000
BLOCK 96   1.1684807216879454E+001
  1.0000000000000000E+000  1.0000000000000000E+000  1.0000000000000000E+000  1.0000000000000000E+000  1.0000000000000000E+000
  1.0000000000000000E+000  1.0000000000000000E+000  1.0000000000000000E+000  1.0000000000000000E+000  1.0000000000000000E+000
  1.0000000000000000E+000  1.0000000000000000E+000  1.0000000000000000E+000  1.0000000000000000E+000  1.0000000000000000E+000
  1.0000000000000000E+000  1.0000000000000000E+000  1.0000000000000000E+000  1.0000000000000000E+000  1.0000000000000000E+000
  1.0000000000000000E+000  1.0000000000000000E+000  1.0000000000000000E+000  1.0000000000000000E+000  1.0000000000000000E+000
  1.0000000000000000E+000  1.0000000000000000E+000  1.0000000000000000E+000  1.0000000000000000E+000  1.0000000000000000E+000
  1.0000000000000000E+000  1.0000000000000000E+000  1.0000000000000000E+000  1.0000000000000000E+000  1.0000000000000000E+000
  1.0000000000000000E+000  1.0000000000000000E+000  1.0000000000000000E+000  1.0000000000000000E+000  1.0000000000000000E+000
  1.0000000000000000E+000  1.0000000000000000E+000  1.0000000000000000E+000  1.0000000000000000E+000  1.0000000000000000E+000
  1.0000000000000000E+000  1.0000000000000000E+000  1.0000000000000000E+000  1.0000000000000000E+000  1.0000000000000000E+000
  1.0000000000000000E+000  1.0000000000000000E+000  1.0000000000000000E+000  1.0000000000000000E+000  1.0000000000000000E+000
  1.0000000000000000E+000  1.0000000000000000E+000  1.0000000000000000E+000  1.0000000000000000E+000  1.0000000000000000E+000
  1.0000000000000000E+000  1.0000000000000000E+000  1.0000000000000000E+000  1.0000000000000000E+000  1.0000000000000000E+000
  1.0000000000000000E+000  1.0000000000000000E+000  1.0000000000000000E+000  1.0000000000000000E+000  1.0000000000000000E+000
  1.0000000000000000E+000  1.0000000000000000E+000
BLOCK 97   1.1807805187583432E+001
  1.0000000000000000E+000  1.0000000000000000E+000  1.0000000000000000E+000  1.0000000000000000E+000  1.0000000000000000E+000
  1.0000000000000000E+000  1.0000000000000000E+000  1.0000000000000000E+000  1.0000000000000000E+000  1.0000000000000000E+000
  1.0000000000000000E+000  1.0000000000000000E+000  1.0000000000000000E+000  1.0000000000000000E+000  1.0000000000000000E+000
  1.0000000000000000E+000  1.0000000000000000E+000  1.0000000000000000E+000  1.0000000000000000E+000  1.0000000000000000E+000
  1.0000000000000000E+000  1.0000000000000000E+000  1.0000000000000000E+000  1.0000000000000000E+000  1.0000000000000000E+000
  1.0000000000000000E+000  1.0000000000000000E+000  1.0000000000000000E+000  1.0000000000000000E+000  1.0000000000000000E+000
  1.0000000000000000E+000  1.0000000000000000E+000  1.0000000000000000E+000  1.0000000000000000E+000  1.0000000000000000E+000
  1.0000000000000000E+000  1.0000000000000000E+000  1.0000000000000000E+000  1.0000000000000000E+000  1.0000000000000000E+000
  1.0000000000000000E+000  1.0000000000000000E+000  1.0000000000000000E+000  1.0000000000000000E+000  1.0000000000000000E+000
  1.0000000000000000E+000  1.0000000000000000E+000  1.0000000000000000E+000  1.0000000000000000E+000  1.0000000000000000E+000
  1.0000000000000000E+000  1.0000000000000000E+000  1.0000000000000000E+000  1.0000000000000000E+000  1.0000000000000000E+000
  1.0000000000000000E+000  1.0000000000000000E+000  1.0000000000000000E+000  1.0000000000000000E+000  1.0000000000000000E+000
  1.0000000000000000E+000  1.0000000000000000E+000  1.0000000000000000E+000  1.0000000000000000E+000  1.0000000000000000E+000
  1.0000000000000000E+000  1.0000000000000000E+000  1.0000000000000000E+000  1.0000000000000000E+000  1.0000000000000000E+000
  1.0000000000000000E+000  1.0000000000000000E+000
BLOCK 98   1.1930803158287409E+001
  1.0000000000000000E+000  1.0000000000000000E+000  1.0000000000000000E+000  1.0000000000000000E+000  1.0000000000000000E+000
  1.0000000000000000E+000  1.0000000000000000E+000  1.0000000000000000E+000  1.0000000000000000E+000  1.0000000000000000E+000
  1.0000000000000000E+000  1.0000000000000000E+000  1.0000000000000000E+000  1.0000000000000000E+000  1.0000000000000000E+000
  1.0000000000000000E+000  1.0000000000000000E+000  1.0000000000000000E+000  1.0000000000000000E+000  1.0000000000000000E+000
  1.0000000000000000E+000  1.0000000000000000E+000  1.0000000000000000E+000  1.0000000000000000E+000  1.0000000000000000E+000
  1.0000000000000000E+000  1.0000000000000000E+000  1.0000000000000000E+000  1.0000000000000000E+000  1.0000000000000000E+000
  1.0000000000000000E+000  1.0000000000000000E+000  1.0000000000000000E+000  1.0000000000000000E+000  1.0000000000000000E+000
  1.0000000000000000E+000  1.0000000000000000E+000  1.0000000000000000E+000  1.0000000000000000E+000  1.0000000000000000E+000
  1.0000000000000000E+000  1.0000000000000000E+000  1.0000000000000000E+000  1.0000000000000000E+000  1.0000000000000000E+000
  1.0000000000000000E+000  1.0000000000000000E+000  1.0000000000000000E+000  1.0000000000000000E+000  1.0000000000000000E+000
  1.0000000000000000E+000  1.0000000000000000E+000  1.0000000000000000E+000  1.0000000000000000E+000  1.0000000000000000E+000
  1.0000000000000000E+000  1.0000000000000000E+000  1.0000000000000000E+000  1.0000000000000000E+000  1.0000000000000000E+000
  1.0000000000000000E+000  1.0000000000000000E+000  1.0000000000000000E+000  1.0000000000000000E+000  1.0000000000000000E+000
  1.0000000000000000E+000  1.0000000000000000E+000  1.0000000000000000E+000  1.0000000000000000E+000  1.0000000000000000E+000
  1.0000000000000000E+000  1.0000000000000000E+000
BLOCK 99   1.2053801128991386E+001
  1.0000000000000000E+000  1.0000000000000000E+000  1.0000000000000000E+000  1.0000000000000000E+000  1.0000000000000000E+000
  1.0000000000000000E+000  1.0000000000000000E+000  1.0000000000000000E+000  1.0000000000000000E+000  1.0000000000000000E+000
  1.0000000000000000E+000  1.0000000000000000E+000  1.0000000000000000E+000  1.0000000000000000E+000  1.0000000000000000E+000
  1.0000000000000000E+000  1.0000000000000000E+000  1.0000000000000000E+000  1.0000000000000000E+000  1.0000000000000000E+000
  1.0000000000000000E+000  1.0000000000000000E+000  1.0000000000000000E+000  1.0000000000000000E+000  1.0000000000000000E+000
  1.0000000000000000E+000  1.0000000000000000E+000  1.0000000000000000E+000  1.0000000000000000E+000  1.0000000000000000E+000
  1.0000000000000000E+000  1.0000000000000000E+000  1.0000000000000000E+000  1.0000000000000000E+000  1.0000000000000000E+000
  1.0000000000000000E+000  1.0000000000000000E+000  1.0000000000000000E+000  1.0000000000000000E+000  1.0000000000000000E+000
  1.0000000000000000E+000  1.0000000000000000E+000  1.0000000000000000E+000  1.0000000000000000E+000  1.0000000000000000E+000
  1.0000000000000000E+000  1.0000000000000000E+000  1.0000000000000000E+000  1.0000000000000000E+000  1.0000000000000000E+000
  1.0000000000000000E+000  1.0000000000000000E+000  1.0000000000000000E+000  1.0000000000000000E+000  1.0000000000000000E+000
  1.0000000000000000E+000  1.0000000000000000E+000  1.0000000000000000E+000  1.0000000000000000E+000  1.0000000000000000E+000
  1.0000000000000000E+000  1.0000000000000000E+000  1.0000000000000000E+000  1.0000000000000000E+000  1.0000000000000000E+000
  1.0000000000000000E+000  1.0000000000000000E+000  1.0000000000000000E+000  1.0000000000000000E+000  1.0000000000000000E+000
  1.0000000000000000E+000  1.0000000000000000E+000
BLOCK 100   1.2176799099695364E+001
  1.0000000000000000E+000  1.0000000000000000E+000  1.0000000000000000E+000  1.0000000000000000E+000  1.0000000000000000E+000
  1.0000000000000000E+000  1.0000000000000000E+000  1.0000000000000000E+000  1.0000000000000000E+000  1.0000000000000000E+000
  1.0000000000000000E+000  1.0000000000000000E+000  1.0000000000000000E+000  1.0000000000000000E+000  1.0000000000000000E+000
  1.0000000000000000E+000  1.0000000000000000E+000  1.0000000000000000E+000  1.0000000000000000E+000  1.0000000000000000E+000
  1.0000000000000000E+000  1.0000000000000000E+000  1.0000000000000000E+000  1.0000000000000000E+000  1.0000000000000000E+000
  1.0000000000000000E+000  1.0000000000000000E+000  1.0000000000000000E+000  1.0000000000000000E+000  1.0000000000000000E+000
  1.0000000000000000E+000  1.0000000000000000E+000  1.0000000000000000E+000  1.0000000000000000E+000  1.0000000000000000E+000
  1.0000000000000000E+000  1.0000000000000000E+000  1.0000000000000000E+000  1.0000000000000000E+000  1.0000000000000000E+000
  1.0000000000000000E+000  1.0000000000000000E+000  1.0000000000000000E+000  1.0000000000000000E+000  1.0000000000000000E+000
  1.0000000000000000E+000  1.0000000000000000E+000  1.0000000000000000E+000  1.0000000000000000E+000  1.0000000000000000E+000
  1.0000000000000000E+000  1.0000000000000000E+000  1.0000000000000000E+000  1.0000000000000000E+000  1.0000000000000000E+000
  1.0000000000000000E+000  1.0000000000000000E+000  1.0000000000000000E+000  1.0000000000000000E+000  1.0000000000000000E+000
  1.0000000000000000E+000  1.0000000000000000E+000  1.0000000000000000E+000  1.0000000000000000E+000  1.0000000000000000E+000
  1.0000000000000000E+000  1.0000000000000000E+000  1.0000000000000000E+000  1.0000000000000000E+000  1.0000000000000000E+000
  1.0000000000000000E+000  1.0000000000000000E+000
BLOCK 101   1.2299797070399341E+001
  1.0000000000000000E+000  1.0000000000000000E+000  1.0000000000000000E+000  1.0000000000000000E+000  1.0000000000000000E+000
  1.0000000000000000E+000  1.0000000000000000E+000  1.0000000000000000E+000  1.0000000000000000E+000  1.0000000000000000E+000
  1.0000000000000000E+000  1.0000000000000000E+000  1.0000000000000000E+000  1.0000000000000000E+000  1.0000000000000000E+000
  1.0000000000000000E+000  1.0000000000000000E+000  1.0000000000000000E+000  1.0000000000000000E+000  1.0000000000000000E+000
  1.0000000000000000E+000  1.0000000000000000E+000  1.0000000000000000E+000  1.0000000000000000E+000  1.0000000000000000E+000
  1.0000000000000000E+000  1.0000000000000000E+000  1.0000000000000000E+000  1.0000000000000000E+000  1.0000000000000000E+000
  1.0000000000000000E+000  1.0000000000000000E+000  1.0000000000000000E+000  1.0000000000000000E+000  1.0000000000000000E+000
  1.0000000000000000E+000  1.0000000000000000E+000  1.0000000000000000E+000  1.0000000000000000E+000  1.0000000000000000E+000
  1.0000000000000000E+000  1.0000000000000000E+000  1.0000000000000000E+000  1.0000000000000000E+000  1.0000000000000000E+000
  1.0000000000000000E+000  1.0000000000000000E+000  1.0000000000000000E+000  1.0000000000000000E+000  1.0000000000000000E+000
  1.0000000000000000E+000  1.0000000000000000E+000  1.0000000000000000E+000  1.0000000000000000E+000  1.0000000000000000E+000
  1.0000000000000000E+000  1.0000000000000000E+000  1.0000000000000000E+000  1.0000000000000000E+000  1.0000000000000000E+000
  1.0000000000000000E+000  1.0000000000000000E+000  1.0000000000000000E+000  1.0000000000000000E+000  1.0000000000000000E+000
  1.0000000000000000E+000  1.0000000000000000E+000  1.0000000000000000E+000  1.0000000000000000E+000  1.0000000000000000E+000
  1.0000000000000000E+000  1.0000000000000000E+000
BLOCK 102   1.2422795041103319E+001
  1.0000000000000000E+000  1.0000000000000000E+000  1.0000000000000000E+000  1.0000000000000000E+000  1.0000000000000000E+000
  1.0000000000000000E+000  1.0000000000000000E+000  1.0000000000000000E+000  1.0000000000000000E+000  1.0000000000000000E+000
  1.0000000000000000E+000  1.0000000000000000E+000  1.0000000000000000E+000  1.0000000000000000E+000  1.0000000000000000E+000
  1.0000000000000000E+000  1.0000000000000000E+000  1.0000000000000000E+000  1.0000000000000000E+000  1.0000000000000000E+000
  1.0000000000000000E+000  1.0000000000000000E+000  1.0000000000000000E+000  1.0000000000000000E+000  1.0000000000000000E+000
  1.0000000000000000E+000  1.0000000000000000E+000  1.0000000000000000E+000  1.0000000000000000E+000  1.0000000000000000E+000
  1.0000000000000000E+000  1.0000000000000000E+000  1.0000000000000000E+000  1.0000000000000000E+000  1.0000000000000000E+000
  1.0000000000000000E+000  1.0000000000000000E+000  1.0000000000000000E+000  1.0000000000000000E+000  1.0000000000000000E+000
  1.0000000000000000E+000  1.0000000000000000E+000  1.0000000000000000E+000  1.0000000000000000E+000  1.0000000000000000E+000
  1.0000000000000000E+000  1.0000000000000000E+000  1.0000000000000000E+000  1.0000000000000000E+000  1.0000000000000000E+000
  1.0000000000000000E+000  1.0000000000000000E+000  1.0000000000000000E+000  1.0000000000000000E+000  1.0000000000000000E+000
  1.0000000000000000E+000  1.0000000000000000E+000  1.0000000000000000E+000  1.0000000000000000E+000  1.0000000000000000E+000
  1.0000000000000000E+000  1.0000000000000000E+000  1.0000000000000000E+000  1.0000000000000000E+000  1.0000000000000000E+000
  1.0000000000000000E+000  1.0000000000000000E+000  1.0000000000000000E+000  1.0000000000000000E+000  1.0000000000000000E+000
  1.0000000000000000E+000  1.0000000000000000E+000
BLOCK 103   1.2545793011807296E+001
  1.0000000000000000E+000  1.0000000000000000E+000  1.0000000000000000E+000  1.0000000000000000E+000  1.0000000000000000E+000
  1.0000000000000000E+000  1.0000000000000000E+000  1.0000000000000000E+000  1.0000000000000000E+000  1.0000000000000000E+000
  1.0000000000000000E+000  1.0000000000000000E+000  1.0000000000000000E+000  1.0000000000000000E+000  1.0000000000000000E+000
  1.0000000000000000E+000  1.0000000000000000E+000  1.0000000000000000E+000  1.0000000000000000E+000  1.0000000000000000E+000
  1.0000000000000000E+000  1.0000000000000000E+000  1.0000000000000000E+000  1.0000000000000000E+000  1.0000000000000000E+000
  1.0000000000000000E+000  1.0000000000000000E+000  1.0000000000000000E+000  1.0000000000000000E+000  1.0000000000000000E+000
  1.0000000000000000E+000  1.0000000000000000E+000  1.0000000000000000E+000  1.0000000000000000E+000  1.0000000000000000E+000
  1.0000000000000000E+000  1.0000000000000000E+000  1.0000000000000000E+000  1.0000000000000000E+000  1.0000000000000000E+000
  1.0000000000000000E+000  1.0000000000000000E+000  1.0000000000000000E+000  1.0000000000000000E+000  1.0000000000000000E+000
  1.0000000000000000E+000  1.0000000000000000E+000  1.0000000000000000E+000  1.0000000000000000E+000  1.0000000000000000E+000
  1.0000000000000000E+000  1.0000000000000000E+000  1.0000000000000000E+000  1.0000000000000000E+000  1.0000000000000000E+000
  1.0000000000000000E+000  1.0000000000000000E+000  1.0000000000000000E+000  1.0000000000000000E+000  1.0000000000000000E+000
  1.0000000000000000E+000  1.0000000000000000E+000  1.0000000000000000E+000  1.0000000000000000E+000  1.0000000000000000E+000
  1.0000000000000000E+000  1.0000000000000000E+000  1.0000000000000000E+000  1.0000000000000000E+000  1.0000000000000000E+000
  1.0000000000000000E+000  1.0000000000000000E+000
BLOCK 104   1.2668790982511274E+001
  1.0000000000000000E+000  1.0000000000000000E+000  1.0000000000000000E+000  1.0000000000000000E+000  1.0000000000000000E+000
  1.0000000000000000E+000  1.0000000000000000E+000  1.0000000000000000E+000  1.0000000000000000E+000  1.0000000000000000E+000
  1.0000000000000000E+000  1.0000000000000000E+000  1.0000000000000000E+000  1.0000000000000000E+000  1.0000000000000000E+000
  1.0000000000000000E+000  1.0000000000000000E+000  1.0000000000000000E+000  1.0000000000000000E+000  1.0000000000000000E+000
  1.0000000000000000E+000  1.0000000000000000E+000  1.0000000000000000E+000  1.0000000000000000E+000  1.0000000000000000E+000
  1.0000000000000000E+000  1.0000000000000000E+000  1.0000000000000000E+000  1.0000000000000000E+000  1.0000000000000000E+000
  1.0000000000000000E+000  1.0000000000000000E+000  1.0000000000000000E+000  1.0000000000000000E+000  1.0000000000000000E+000
  1.0000000000000000E+000  1.0000000000000000E+000  1.0000000000000000E+000  1.0000000000000000E+000  1.0000000000000000E+000
  1.0000000000000000E+000  1.0000000000000000E+000  1.0000000000000000E+000  1.0000000000000000E+000  1.0000000000000000E+000
  1.0000000000000000E+000  1.0000000000000000E+000  1.0000000000000000E+000  1.0000000000000000E+000  1.0000000000000000E+000
  1.0000000000000000E+000  1.0000000000000000E+000  1.0000000000000000E+000  1.0000000000000000E+000  1.0000000000000000E+000
  1.0000000000000000E+000  1.0000000000000000E+000  1.0000000000000000E+000  1.0000000000000000E+000  1.0000000000000000E+000
  1.0000000000000000E+000  1.0000000000000000E+000  1.0000000000000000E+000  1.0000000000000000E+000  1.0000000000000000E+000
  1.0000000000000000E+000  1.0000000000000000E+000  1.0000000000000000E+000  1.0000000000000000E+000  1.0000000000000000E+000
  1.0000000000000000E+000  1.0000000000000000E+000
BLOCK 105   1.2791788953215251E+001
  1.0000000000000000E+000  1.0000000000000000E+000  1.0000000000000000E+000  1.0000000000000000E+000  1.0000000000000000E+000
  1.0000000000000000E+000  1.0000000000000000E+000  1.0000000000000000E+000  1.0000000000000000E+000  1.0000000000000000E+000
  1.0000000000000000E+000  1.0000000000000000E+000  1.0000000000000000E+000  1.0000000000000000E+000  1.0000000000000000E+000
  1.0000000000000000E+000  1.0000000000000000E+000  1.0000000000000000E+000  1.0000000000000000E+000  1.0000000000000000E+000
  1.0000000000000000E+000  1.0000000000000000E+000  1.0000000000000000E+000  1.0000000000000000E+000  1.0000000000000000E+000
  1.0000000000000000E+000  1.0000000000000000E+000  1.0000000000000000E+000  1.0000000000000000E+000  1.0000000000000000E+000
  1.0000000000000000E+000  1.0000000000000000E+000  1.0000000000000000E+000  1.0000000000000000E+000  1.0000000000000000E+000
  1.0000000000000000E+000  1.0000000000000000E+000  1.0000000000000000E+000  1.0000000000000000E+000  1.0000000000000000E+000
  1.0000000000000000E+000  1.0000000000000000E+000  1.0000000000000000E+000  1.0000000000000000E+000  1.0000000000000000E+000
  1.0000000000000000E+000  1.0000000000000000E+000  1.0000000000000000E+000  1.0000000000000000E+000  1.0000000000000000E+000
  1.0000000000000000E+000  1.0000000000000000E+000  1.0000000000000000E+000  1.0000000000000000E+000  1.0000000000000000E+000
  1.0000000000000000E+000  1.0000000000000000E+000  1.0000000000000000E+000  1.0000000000000000E+000  1.0000000000000000E+000
  1.0000000000000000E+000  1.0000000000000000E+000  1.0000000000000000E+000  1.0000000000000000E+000  1.0000000000000000E+000
  1.0000000000000000E+000  1.0000000000000000E+000  1.0000000000000000E+000  1.0000000000000000E+000  1.0000000000000000E+000
  1.0000000000000000E+000  1.0000000000000000E+000
BLOCK 106   1.2914786923919229E+001
  1.0000000000000000E+000  1.0000000000000000E+000  1.0000000000000000E+000  1.0000000000000000E+000  1.0000000000000000E+000
  1.0000000000000000E+000  1.0000000000000000E+000  1.0000000000000000E+000  1.0000000000000000E+000  1.0000000000000000E+000
  1.0000000000000000E+000  1.0000000000000000E+000  1.0000000000000000E+000  1.0000000000000000E+000  1.0000000000000000E+000
  1.0000000000000000E+000  1.0000000000000000E+000  1.0000000000000000E+000  1.0000000000000000E+000  1.0000000000000000E+000
  1.0000000000000000E+000  1.0000000000000000E+000  1.0000000000000000E+000  1.0000000000000000E+000  1.0000000000000000E+000
  1.0000000000000000E+000  1.0000000000000000E+000  1.0000000000000000E+000  1.0000000000000000E+000  1.0000000000000000E+000
  1.0000000000000000E+000  1.0000000000000000E+000  1.0000000000000000E+000  1.0000000000000000E+000  1.0000000000000000E+000
  1.0000000000000000E+000  1.0000000000000000E+000  1.0000000000000000E+000  1.0000000000000000E+000  1.0000000000000000E+000
  1.0000000000000000E+000  1.0000000000000000E+000  1.0000000000000000E+000  1.0000000000000000E+000  1.0000000000000000E+000
  1.0000000000000000E+000  1.0000000000000000E+000  1.0000000000000000E+000  1.0000000000000000E+000  1.0000000000000000E+000
  1.0000000000000000E+000  1.0000000000000000E+000  1.0000000000000000E+000  1.0000000000000000E+000  1.0000000000000000E+000
  1.0000000000000000E+000  1.0000000000000000E+000  1.0000000000000000E+000  1.0000000000000000E+000  1.0000000000000000E+000
  1.0000000000000000E+000  1.0000000000000000E+000  1.0000000000000000E+000  1.0000000000000000E+000  1.0000000000000000E+000
  1.0000000000000000E+000  1.0000000000000000E+000  1.0000000000000000E+000  1.0000000000000000E+000  1.0000000000000000E+000
  1.0000000000000000E+000  1.0000000000000000E+000
BLOCK 107   1.3037784894623206E+001
  1.0000000000000000E+000  1.0000000000000000E+000  1.0000000000000000E+000  1.0000000000000000E+000  1.0000000000000000E+000
  1.0000000000000000E+000  1.0000000000000000E+000  1.0000000000000000E+000  1.0000000000000000E+000  1.0000000000000000E+000
  1.0000000000000000E+000  1.0000000000000000E+000  1.0000000000000000E+000  1.0000000000000000E+000  1.0000000000000000E+000
  1.0000000000000000E+000  1.0000000000000000E+000  1.0000000000000000E+000  1.0000000000000000E+000  1.0000000000000000E+000
  1.0000000000000000E+000  1.0000000000000000E+000  1.0000000000000000E+000  1.0000000000000000E+000  1.0000000000000000E+000
  1.0000000000000000E+000  1.0000000000000000E+000  1.0000000000000000E+000  1.0000000000000000E+000  1.0000000000000000E+000
  1.0000000000000000E+000  1.0000000000000000E+000  1.0000000000000000E+000  1.0000000000000000E+000  1.0000000000000000E+000
  1.0000000000000000E+000  1.0000000000000000E+000  1.0000000000000000E+000  1.0000000000000000E+000  1.0000000000000000E+000
  1.0000000000000000E+000  1.0000000000000000E+000  1.0000000000000000E+000  1.0000000000000000E+000  1.0000000000000000E+000
  1.0000000000000000E+000  1.0000000000000000E+000  1.0000000000000000E+000  1.0000000000000000E+000  1.0000000000000000E+000
  1.0000000000000000E+000  1.0000000000000000E+000  1.0000000000000000E+000  1.0000000000000000E+000  1.0000000000000000E+000
  1.0000000000000000E+000  1.0000000000000000E+000  1.0000000000000000E+000  1.0000000000000000E+000  1.0000000000000000E+000
  1.0000000000000000E+000  1.0000000000000000E+000  1.0000000000000000E+000  1.0000000000000000E+000  1.0000000000000000E+000
  1.0000000000000000E+000  1.0000000000000000E+000  1.0000000000000000E+000  1.0000000000000000E+000  1.0000000000000000E+000
  1.0000000000000000E+000  1.0000000000000000E+000
BLOCK 108   1.3160782865327183E+001
  1.0000000000000000E+000  1.0000000000000000E+000  1.0000000000000000E+000  1.0000000000000000E+000  1.0000000000000000E+000
  1.0000000000000000E+000  1.0000000000000000E+000  1.0000000000000000E+000  1.0000000000000000E+000  1.0000000000000000E+000
  1.0000000000000000E+000  1.0000000000000000E+000  1.0000000000000000E+000  1.0000000000000000E+000  1.0000000000000000E+000
  1.0000000000000000E+000  1.0000000000000000E+000  1.0000000000000000E+000  1.0000000000000000E+000  1.0000000000000000E+000
  1.0000000000000000E+000  1.0000000000000000E+000  1.0000000000000000E+000  1.0000000000000000E+000  1.0000000000000000E+000
  1.0000000000000000E+000  1.0000000000000000E+000  1.0000000000000000E+000  1.0000000000000000E+000  1.0000000000000000E+000
  1.0000000000000000E+000  1.0000000000000000E+000  1.0000000000000000E+000  1.0000000000000000E+000  1.0000000000000000E+000
  1.0000000000000000E+000  1.0000000000000000E+000  1.0000000000000000E+000  1.0000000000000000E+000  1.0000000000000000E+000
  1.0000000000000000E+000  1.0000000000000000E+000  1.0000000000000000E+000  1.0000000000000000E+000  1.0000000000000000E+000
  1.0000000000000000E+000  1.0000000000000000E+000  1.0000000000000000E+000  1.0000000000000000E+000  1.0000000000000000E+000
  1.0000000000000000E+000  1.0000000000000000E+000  1.0000000000000000E+000  1.0000000000000000E+000  1.0000000000000000E+000
  1.0000000000000000E+000  1.0000000000000000E+000  1.0000000000000000E+000  1.0000000000000000E+000  1.0000000000000000E+000
  1.0000000000000000E+000  1.0000000000000000E+000  1.0000000000000000E+000  1.0000000000000000E+000  1.0000000000000000E+000
  1.0000000000000000E+000  1.0000000000000000E+000  1.0000000000000000E+000  1.0000000000000000E+000  1.0000000000000000E+000
  1.0000000000000000E+000  1.0000000000000000E+000
BLOCK 109   1.3283780836031161E+001
  1.0000000000000000E+000  1.0000000000000000E+000  1.0000000000000000E+000  1.0000000000000000E+000  1.0000000000000000E+000
  1.0000000000000000E+000  1.0000000000000000E+000  1.0000000000000000E+000  1.0000000000000000E+000  1.0000000000000000E+000
  1.0000000000000000E+000  1.0000000000000000E+000  1.0000000000000000E+000  1.0000000000000000E+000  1.0000000000000000E+000
  1.0000000000000000E+000  1.0000000000000000E+000  1.0000000000000000E+000  1.0000000000000000E+000  1.0000000000000000E+000
  1.0000000000000000E+000  1.0000000000000000E+000  1.0000000000000000E+000  1.0000000000000000E+000  1.0000000000000000E+000
  1.0000000000000000E+000  1.0000000000000000E+000  1.0000000000000000E+000  1.0000000000000000E+000  1.0000000000000000E+000
  1.0000000000000000E+000  1.0000000000000000E+000  1.0000000000000000E+000  1.0000000000000000E+000  1.0000000000000000E+000
  1.0000000000000000E+000  1.0000000000000000E+000  1.0000000000000000E+000  1.0000000000000000E+000  1.0000000000000000E+000
  1.0000000000000000E+000  1.0000000000000000E+000  1.0000000000000000E+000  1.0000000000000000E+000  1.0000000000000000E+000
  1.0000000000000000E+000  1.0000000000000000E+000  1.0000000000000000E+000  1.0000000000000000E+000  1.0000000000000000E+000
  1.0000000000000000E+000  1.0000000000000000E+000  1.0000000000000000E+000  1.0000000000000000E+000  1.0000000000000000E+000
  1.0000000000000000E+000  1.0000000000000000E+000  1.0000000000000000E+000  1.0000000000000000E+000  1.0000000000000000E+000
  1.0000000000000000E+000  1.0000000000000000E+000  1.0000000000000000E+000  1.0000000000000000E+000  1.0000000000000000E+000
  1.0000000000000000E+000  1.0000000000000000E+000  1.0000000000000000E+000  1.0000000000000000E+000  1.0000000000000000E+000
  1.0000000000000000E+000  1.0000000000000000E+000
BLOCK 110   1.3406778806735138E+001
  1.0000000000000000E+000  1.0000000000000000E+000  1.0000000000000000E+000  1.0000000000000000E+000  1.0000000000000000E+000
  1.0000000000000000E+000  1.0000000000000000E+000  1.0000000000000000E+000  1.0000000000000000E+000  1.0000000000000000E+000
  1.0000000000000000E+000  1.0000000000000000E+000  1.0000000000000000E+000  1.0000000000000000E+000  1.0000000000000000E+000
  1.0000000000000000E+000  1.0000000000000000E+000  1.0000000000000000E+000  1.0000000000000000E+000  1.0000000000000000E+000
  1.0000000000000000E+000  1.0000000000000000E+000  1.0000000000000000E+000  1.0000000000000000E+000  1.0000000000000000E+000
  1.0000000000000000E+000  1.0000000000000000E+000  1.0000000000000000E+000  1.0000000000000000E+000  1.0000000000000000E+000
  1.0000000000000000E+000  1.0000000000000000E+000  1.0000000000000000E+000  1.0000000000000000E+000  1.0000000000000000E+000
  1.0000000000000000E+000  1.0000000000000000E+000  1.0000000000000000E+000  1.0000000000000000E+000  1.0000000000000000E+000
  1.0000000000000000E+000  1.0000000000000000E+000  1.0000000000000000E+000  1.0000000000000000E+000  1.0000000000000000E+000
  1.0000000000000000E+000  1.0000000000000000E+000  1.0000000000000000E+000  1.0000000000000000E+000  1.0000000000000000E+000
  1.0000000000000000E+000  1.0000000000000000E+000  1.0000000000000000E+000  1.0000000000000000E+000  1.0000000000000000E+000
  1.0000000000000000E+000  1.0000000000000000E+000  1.0000000000000000E+000  1.0000000000000000E+000  1.0000000000000000E+000
  1.0000000000000000E+000  1.0000000000000000E+000  1.0000000000000000E+000  1.0000000000000000E+000  1.0000000000000000E+000
  1.0000000000000000E+000  1.0000000000000000E+000  1.0000000000000000E+000  1.0000000000000000E+000  1.0000000000000000E+000
  1.0000000000000000E+000  1.0000000000000000E+000
BLOCK 111   1.3529776777439116E+001
  1.0000000000000000E+000  1.0000000000000000E+000  1.0000000000000000E+000  1.0000000000000000E+000  1.0000000000000000E+000
  1.0000000000000000E+000  1.0000000000000000E+000  1.0000000000000000E+000  1.0000000000000000E+000  1.0000000000000000E+000
  1.0000000000000000E+000  1.0000000000000000E+000  1.0000000000000000E+000  1.0000000000000000E+000  1.0000000000000000E+000
  1.0000000000000000E+000  1.0000000000000000E+000  1.0000000000000000E+000  1.0000000000000000E+000  1.0000000000000000E+000
  1.0000000000000000E+000  1.0000000000000000E+000  1.0000000000000000E+000  1.0000000000000000E+000  1.0000000000000000E+000
  1.0000000000000000E+000  1.0000000000000000E+000  1.0000000000000000E+000  1.0000000000000000E+000  1.0000000000000000E+000
  1.0000000000000000E+000  1.0000000000000000E+000  1.0000000000000000E+000  1.0000000000000000E+000  1.0000000000000000E+000
  1.0000000000000000E+000  1.0000000000000000E+000  1.0000000000000000E+000  1.0000000000000000E+000  1.0000000000000000E+000
  1.0000000000000000E+000  1.0000000000000000E+000  1.0000000000000000E+000  1.0000000000000000E+000  1.0000000000000000E+000
  1.0000000000000000E+000  1.0000000000000000E+000  1.0000000000000000E+000  1.0000000000000000E+000  1.0000000000000000E+000
  1.0000000000000000E+000  1.0000000000000000E+000  1.0000000000000000E+000  1.0000000000000000E+000  1.0000000000000000E+000
  1.0000000000000000E+000  1.0000000000000000E+000  1.0000000000000000E+000  1.0000000000000000E+000  1.0000000000000000E+000
  1.0000000000000000E+000  1.0000000000000000E+000  1.0000000000000000E+000  1.0000000000000000E+000  1.0000000000000000E+000
  1.0000000000000000E+000  1.0000000000000000E+000  1.0000000000000000E+000  1.0000000000000000E+000  1.0000000000000000E+000
  1.0000000000000000E+000  1.0000000000000000E+000
BLOCK 112   1.3652774748143093E+001
  1.0000000000000000E+000  1.0000000000000000E+000  1.0000000000000000E+000  1.0000000000000000E+000  1.0000000000000000E+000
  1.0000000000000000E+000  1.0000000000000000E+000  1.0000000000000000E+000  1.0000000000000000E+000  1.0000000000000000E+000
  1.0000000000000000E+000  1.0000000000000000E+000  1.0000000000000000E+000  1.0000000000000000E+000  1.0000000000000000E+000
  1.0000000000000000E+000  1.0000000000000000E+000  1.0000000000000000E+000  1.0000000000000000E+000  1.0000000000000000E+000
  1.0000000000000000E+000  1.0000000000000000E+000  1.0000000000000000E+000  1.0000000000000000E+000  1.0000000000000000E+000
  1.0000000000000000E+000  1.0000000000000000E+000  1.0000000000000000E+000  1.0000000000000000E+000  1.0000000000000000E+000
  1.0000000000000000E+000  1.0000000000000000E+000  1.0000000000000000E+000  1.0000000000000000E+000  1.0000000000000000E+000
  1.0000000000000000E+000  1.0000000000000000E+000  1.0000000000000000E+000  1.0000000000000000E+000  1.0000000000000000E+000
  1.0000000000000000E+000  1.0000000000000000E+000  1.0000000000000000E+000  1.0000000000000000E+000  1.0000000000000000E+000
  1.0000000000000000E+000  1.0000000000000000E+000  1.0000000000000000E+000  1.0000000000000000E+000  1.0000000000000000E+000
  1.0000000000000000E+000  1.0000000000000000E+000  1.0000000000000000E+000  1.0000000000000000E+000  1.0000000000000000E+000
  1.0000000000000000E+000  1.0000000000000000E+000  1.0000000000000000E+000  1.0000000000000000E+000  1.0000000000000000E+000
  1.0000000000000000E+000  1.0000000000000000E+000  1.0000000000000000E+000  1.0000000000000000E+000  1.0000000000000000E+000
  1.0000000000000000E+000  1.0000000000000000E+000  1.0000000000000000E+000  1.0000000000000000E+000  1.0000000000000000E+000
  1.0000000000000000E+000  1.0000000000000000E+000
BLOCK 113   1.3775772718847071E+001
  1.0000000000000000E+000  1.0000000000000000E+000  1.0000000000000000E+000  1.0000000000000000E+000  1.0000000000000000E+000
  1.0000000000000000E+000  1.0000000000000000E+000  1.0000000000000000E+000  1.0000000000000000E+000  1.0000000000000000E+000
  1.0000000000000000E+000  1.0000000000000000E+000  1.0000000000000000E+000  1.0000000000000000E+000  1.0000000000000000E+000
  1.0000000000000000E+000  1.0000000000000000E+000  1.0000000000000000E+000  1.0000000000000000E+000  1.0000000000000000E+000
  1.0000000000000000E+000  1.0000000000000000E+000  1.0000000000000000E+000  1.0000000000000000E+000  1.0000000000000000E+000
  1.0000000000000000E+000  1.0000000000000000E+000  1.0000000000000000E+000  1.0000000000000000E+000  1.0000000000000000E+000
  1.0000000000000000E+000  1.0000000000000000E+000  1.0000000000000000E+000  1.0000000000000000E+000  1.0000000000000000E+000
  1.0000000000000000E+000  1.0000000000000000E+000  1.0000000000000000E+000  1.0000000000000000E+000  1.0000000000000000E+000
  1.0000000000000000E+000  1.0000000000000000E+000  1.0000000000000000E+000  1.0000000000000000E+000  1.0000000000000000E+000
  1.0000000000000000E+000  1.0000000000000000E+000  1.0000000000000000E+000  1.0000000000000000E+000  1.0000000000000000E+000
  1.0000000000000000E+000  1.0000000000000000E+000  1.0000000000000000E+000  1.0000000000000000E+000  1.0000000000000000E+000
  1.0000000000000000E+000  1.0000000000000000E+000  1.0000000000000000E+000  1.0000000000000000E+000  1.0000000000000000E+000
  1.0000000000000000E+000  1.0000000000000000E+000  1.0000000000000000E+000  1.0000000000000000E+000  1.0000000000000000E+000
  1.0000000000000000E+000  1.0000000000000000E+000  1.0000000000000000E+000  1.0000000000000000E+000  1.0000000000000000E+000
  1.0000000000000000E+000  1.0000000000000000E+000
BLOCK 114   1.3898770689551048E+001
  1.0000000000000000E+000  1.0000000000000000E+000  1.0000000000000000E+000  1.0000000000000000E+000  1.0000000000000000E+000
  1.0000000000000000E+000  1.0000000000000000E+000  1.0000000000000000E+000  1.0000000000000000E+000  1.0000000000000000E+000
  1.0000000000000000E+000  1.0000000000000000E+000  1.0000000000000000E+000  1.0000000000000000E+000  1.0000000000000000E+000
  1.0000000000000000E+000  1.0000000000000000E+000  1.0000000000000000E+000  1.0000000000000000E+000  1.0000000000000000E+000
  1.0000000000000000E+000  1.0000000000000000E+000  1.0000000000000000E+000  1.0000000000000000E+000  1.0000000000000000E+000
  1.0000000000000000E+000  1.0000000000000000E+000  1.0000000000000000E+000  1.0000000000000000E+000  1.0000000000000000E+000
  1.0000000000000000E+000  1.0000000000000000E+000  1.0000000000000000E+000  1.0000000000000000E+000  1.0000000000000000E+000
  1.0000000000000000E+000  1.0000000000000000E+000  1.0000000000000000E+000  1.0000000000000000E+000  1.0000000000000000E+000
  1.0000000000000000E+000  1.0000000000000000E+000  1.0000000000000000E+000  1.0000000000000000E+000  1.0000000000000000E+000
  1.0000000000000000E+000  1.0000000000000000E+000  1.0000000000000000E+000  1.0000000000000000E+000  1.0000000000000000E+000
  1.0000000000000000E+000  1.0000000000000000E+000  1.0000000000000000E+000  1.0000000000000000E+000  1.0000000000000000E+000
  1.0000000000000000E+000  1.0000000000000000E+000  1.0000000000000000E+000  1.0000000000000000E+000  1.0000000000000000E+000
  1.0000000000000000E+000  1.0000000000000000E+000  1.0000000000000000E+000  1.0000000000000000E+000  1.0000000000000000E+000
  1.0000000000000000E+000  1.0000000000000000E+000  1.0000000000000000E+000  1.0000000000000000E+000  1.0000000000000000E+000
  1.0000000000000000E+000  1.0000000000000000E+000
BLOCK 115   1.4021768660255026E+001
  1.0000000000000000E+000  1.0000000000000000E+000  1.0000000000000000E+000  1.0000000000000000E+000  1.0000000000000000E+000
  1.0000000000000000E+000  1.0000000000000000E+000  1.0000000000000000E+000  1.0000000000000000E+000  1.0000000000000000E+000
  1.0000000000000000E+000  1.0000000000000000E+000  1.0000000000000000E+000  1.0000000000000000E+000  1.0000000000000000E+000
  1.0000000000000000E+000  1.0000000000000000E+000  1.0000000000000000E+000  1.0000000000000000E+000  1.0000000000000000E+000
  1.0000000000000000E+000  1.0000000000000000E+000  1.0000000000000000E+000  1.0000000000000000E+000  1.0000000000000000E+000
  1.0000000000000000E+000  1.0000000000000000E+000  1.0000000000000000E+000  1.0000000000000000E+000  1.0000000000000000E+000
  1.0000000000000000E+000  1.0000000000000000E+000  1.0000000000000000E+000  1.0000000000000000E+000  1.0000000000000000E+000
  1.0000000000000000E+000  1.0000000000000000E+000  1.0000000000000000E+000  1.0000000000000000E+000  1.0000000000000000E+000
  1.0000000000000000E+000  1.0000000000000000E+000  1.0000000000000000E+000  1.0000000000000000E+000  1.0000000000000000E+000
  1.0000000000000000E+000  1.0000000000000000E+000  1.0000000000000000E+000  1.0000000000000000E+000  1.0000000000000000E+000
  1.0000000000000000E+000  1.0000000000000000E+000  1.0000000000000000E+000  1.0000000000000000E+000  1.0000000000000000E+000
  1.0000000000000000E+000  1.0000000000000000E+000  1.0000000000000000E+000  1.0000000000000000E+000  1.0000000000000000E+000
  1.0000000000000000E+000  1.0000000000000000E+000  1.0000000000000000E+000  1.0000000000000000E+000  1.0000000000000000E+000
  1.0000000000000000E+000  1.0000000000000000E+000  1.0000000000000000E+000  1.0000000000000000E+000  1.0000000000000000E+000
  1.0000000000000000E+000  1.0000000000000000E+000
BLOCK 116   1.4144766630959003E+001
  1.0000000000000000E+000  1.0000000000000000E+000  1.0000000000000000E+000  1.0000000000000000E+000  1.0000000000000000E+000
  1.0000000000000000E+000  1.0000000000000000E+000  1.0000000000000000E+000  1.0000000000000000E+000  1.0000000000000000E+000
  1.0000000000000000E+000  1.0000000000000000E+000  1.0000000000000000E+000  1.0000000000000000E+000  1.0000000000000000E+000
  1.0000000000000000E+000  1.0000000000000000E+000  1.0000000000000000E+000  1.0000000000000000E+000  1.0000000000000000E+000
  1.0000000000000000E+000  1.0000000000000000E+000  1.0000000000000000E+000  1.0000000000000000E+000  1.0000000000000000E+000
  1.0000000000000000E+000  1.0000000000000000E+000  1.0000000000000000E+000  1.0000000000000000E+000  1.0000000000000000E+000
  1.0000000000000000E+000  1.0000000000000000E+000  1.0000000000000000E+000  1.0000000000000000E+000  1.0000000000000000E+000
  1.0000000000000000E+000  1.0000000000000000E+000  1.0000000000000000E+000  1.0000000000000000E+000  1.0000000000000000E+000
  1.0000000000000000E+000  1.0000000000000000E+000  1.0000000000000000E+000  1.0000000000000000E+000  1.0000000000000000E+000
  1.0000000000000000E+000  1.0000000000000000E+000  1.0000000000000000E+000  1.0000000000000000E+000  1.0000000000000000E+000
  1.0000000000000000E+000  1.0000000000000000E+000  1.0000000000000000E+000  1.0000000000000000E+000  1.0000000000000000E+000
  1.0000000000000000E+000  1.0000000000000000E+000  1.0000000000000000E+000  1.0000000000000000E+000  1.0000000000000000E+000
  1.0000000000000000E+000  1.0000000000000000E+000  1.0000000000000000E+000  1.0000000000000000E+000  1.0000000000000000E+000
  1.0000000000000000E+000  1.0000000000000000E+000  1.0000000000000000E+000  1.0000000000000000E+000  1.0000000000000000E+000
  1.0000000000000000E+000  1.0000000000000000E+000
BLOCK 117   1.4267764601662980E+001
  1.0000000000000000E+000  1.0000000000000000E+000  1.0000000000000000E+000  1.0000000000000000E+000  1.0000000000000000E+000
  1.0000000000000000E+000  1.0000000000000000E+000  1.0000000000000000E+000  1.0000000000000000E+000  1.0000000000000000E+000
  1.0000000000000000E+000  1.0000000000000000E+000  1.0000000000000000E+000  1.0000000000000000E+000  1.0000000000000000E+000
  1.0000000000000000E+000  1.0000000000000000E+000  1.0000000000000000E+000  1.0000000000000000E+000  1.0000000000000000E+000
  1.0000000000000000E+000  1.0000000000000000E+000  1.0000000000000000E+000  1.0000000000000000E+000  1.0000000000000000E+000
  1.0000000000000000E+000  1.0000000000000000E+000  1.0000000000000000E+000  1.0000000000000000E+000  1.0000000000000000E+000
  1.0000000000000000E+000  1.0000000000000000E+000  1.0000000000000000E+000  1.0000000000000000E+000  1.0000000000000000E+000
  1.0000000000000000E+000  1.0000000000000000E+000  1.0000000000000000E+000  1.0000000000000000E+000  1.0000000000000000E+000
  1.0000000000000000E+000  1.0000000000000000E+000  1.0000000000000000E+000  1.0000000000000000E+000  1.0000000000000000E+000
  1.0000000000000000E+000  1.0000000000000000E+000  1.0000000000000000E+000  1.0000000000000000E+000  1.0000000000000000E+000
  1.0000000000000000E+000  1.0000000000000000E+000  1.0000000000000000E+000  1.0000000000000000E+000  1.0000000000000000E+000
  1.0000000000000000E+000  1.0000000000000000E+000  1.0000000000000000E+000  1.0000000000000000E+000  1.0000000000000000E+000
  1.0000000000000000E+000  1.0000000000000000E+000  1.0000000000000000E+000  1.0000000000000000E+000  1.0000000000000000E+000
  1.0000000000000000E+000  1.0000000000000000E+000  1.0000000000000000E+000  1.0000000000000000E+000  1.0000000000000000E+000
  1.0000000000000000E+000  1.0000000000000000E+000
BLOCK 118   1.4390762572366958E+001
  1.0000000000000000E+000  1.0000000000000000E+000  1.0000000000000000E+000  1.0000000000000000E+000  1.0000000000000000E+000
  1.0000000000000000E+000  1.0000000000000000E+000  1.0000000000000000E+000  1.0000000000000000E+000  1.0000000000000000E+000
  1.0000000000000000E+000  1.0000000000000000E+000  1.0000000000000000E+000  1.0000000000000000E+000  1.0000000000000000E+000
  1.0000000000000000E+000  1.0000000000000000E+000  1.0000000000000000E+000  1.0000000000000000E+000  1.0000000000000000E+000
  1.0000000000000000E+000  1.0000000000000000E+000  1.0000000000000000E+000  1.0000000000000000E+000  1.0000000000000000E+000
  1.0000000000000000E+000  1.0000000000000000E+000  1.0000000000000000E+000  1.0000000000000000E+000  1.0000000000000000E+000
  1.0000000000000000E+000  1.0000000000000000E+000  1.0000000000000000E+000  1.0000000000000000E+000  1.0000000000000000E+000
  1.0000000000000000E+000  1.0000000000000000E+000  1.0000000000000000E+000  1.0000000000000000E+000  1.0000000000000000E+000
  1.0000000000000000E+000  1.0000000000000000E+000  1.0000000000000000E+000  1.0000000000000000E+000  1.0000000000000000E+000
  1.0000000000000000E+000  1.0000000000000000E+000  1.0000000000000000E+000  1.0000000000000000E+000  1.0000000000000000E+000
  1.0000000000000000E+000  1.0000000000000000E+000  1.0000000000000000E+000  1.0000000000000000E+000  1.0000000000000000E+000
  1.0000000000000000E+000  1.0000000000000000E+000  1.0000000000000000E+000  1.0000000000000000E+000  1.0000000000000000E+000
  1.0000000000000000E+000  1.0000000000000000E+000  1.0000000000000000E+000  1.0000000000000000E+000  1.0000000000000000E+000
  1.0000000000000000E+000  1.0000000000000000E+000  1.0000000000000000E+000  1.0000000000000000E+000  1.0000000000000000E+000
  1.0000000000000000E+000  1.0000000000000000E+000
BLOCK 119   1.4513760543070935E+001
  1.0000000000000000E+000  1.0000000000000000E+000  1.0000000000000000E+000  1.0000000000000000E+000  1.0000000000000000E+000
  1.0000000000000000E+000  1.0000000000000000E+000  1.0000000000000000E+000  1.0000000000000000E+000  1.0000000000000000E+000
  1.0000000000000000E+000  1.0000000000000000E+000  1.0000000000000000E+000  1.0000000000000000E+000  1.0000000000000000E+000
  1.0000000000000000E+000  1.0000000000000000E+000  1.0000000000000000E+000  1.0000000000000000E+000  1.0000000000000000E+000
  1.0000000000000000E+000  1.0000000000000000E+000  1.0000000000000000E+000  1.0000000000000000E+000  1.0000000000000000E+000
  1.0000000000000000E+000  1.0000000000000000E+000  1.0000000000000000E+000  1.0000000000000000E+000  1.0000000000000000E+000
  1.0000000000000000E+000  1.0000000000000000E+000  1.0000000000000000E+000  1.0000000000000000E+000  1.0000000000000000E+000
  1.0000000000000000E+000  1.0000000000000000E+000  1.0000000000000000E+000  1.0000000000000000E+000  1.0000000000000000E+000
  1.0000000000000000E+000  1.0000000000000000E+000  1.0000000000000000E+000  1.0000000000000000E+000  1.0000000000000000E+000
  1.0000000000000000E+000  1.0000000000000000E+000  1.0000000000000000E+000  1.0000000000000000E+000  1.0000000000000000E+000
  1.0000000000000000E+000  1.0000000000000000E+000  1.0000000000000000E+000  1.0000000000000000E+000  1.0000000000000000E+000
  1.0000000000000000E+000  1.0000000000000000E+000  1.0000000000000000E+000  1.0000000000000000E+000  1.0000000000000000E+000
  1.0000000000000000E+000  1.0000000000000000E+000  1.0000000000000000E+000  1.0000000000000000E+000  1.0000000000000000E+000
  1.0000000000000000E+000  1.0000000000000000E+000  1.0000000000000000E+000  1.0000000000000000E+000  1.0000000000000000E+000
  1.0000000000000000E+000  1.0000000000000000E+000
BLOCK 120   1.4636758513774913E+001
  1.0000000000000000E+000  1.0000000000000000E+000  1.0000000000000000E+000  1.0000000000000000E+000  1.0000000000000000E+000
  1.0000000000000000E+000  1.0000000000000000E+000  1.0000000000000000E+000  1.0000000000000000E+000  1.0000000000000000E+000
  1.0000000000000000E+000  1.0000000000000000E+000  1.0000000000000000E+000  1.0000000000000000E+000  1.0000000000000000E+000
  1.0000000000000000E+000  1.0000000000000000E+000  1.0000000000000000E+000  1.0000000000000000E+000  1.0000000000000000E+000
  1.0000000000000000E+000  1.0000000000000000E+000  1.0000000000000000E+000  1.0000000000000000E+000  1.0000000000000000E+000
  1.0000000000000000E+000  1.0000000000000000E+000  1.0000000000000000E+000  1.0000000000000000E+000  1.0000000000000000E+000
  1.0000000000000000E+000  1.0000000000000000E+000  1.0000000000000000E+000  1.0000000000000000E+000  1.0000000000000000E+000
  1.0000000000000000E+000  1.0000000000000000E+000  1.0000000000000000E+000  1.0000000000000000E+000  1.0000000000000000E+000
  1.0000000000000000E+000  1.0000000000000000E+000  1.0000000000000000E+000  1.0000000000000000E+000  1.0000000000000000E+000
  1.0000000000000000E+000  1.0000000000000000E+000  1.0000000000000000E+000  1.0000000000000000E+000  1.0000000000000000E+000
  1.0000000000000000E+000  1.0000000000000000E+000  1.0000000000000000E+000  1.0000000000000000E+000  1.0000000000000000E+000
  1.0000000000000000E+000  1.0000000000000000E+000  1.0000000000000000E+000  1.0000000000000000E+000  1.0000000000000000E+000
  1.0000000000000000E+000  1.0000000000000000E+000  1.0000000000000000E+000  1.0000000000000000E+000  1.0000000000000000E+000
  1.0000000000000000E+000  1.0000000000000000E+000  1.0000000000000000E+000  1.0000000000000000E+000  1.0000000000000000E+000
  1.0000000000000000E+000  1.0000000000000000E+000
BLOCK 121   1.4759756484478890E+001
  1.0000000000000000E+000  1.0000000000000000E+000  1.0000000000000000E+000  1.0000000000000000E+000  1.0000000000000000E+000
  1.0000000000000000E+000  1.0000000000000000E+000  1.0000000000000000E+000  1.0000000000000000E+000  1.0000000000000000E+000
  1.0000000000000000E+000  1.0000000000000000E+000  1.0000000000000000E+000  1.0000000000000000E+000  1.0000000000000000E+000
  1.0000000000000000E+000  1.0000000000000000E+000  1.0000000000000000E+000  1.0000000000000000E+000  1.0000000000000000E+000
  1.0000000000000000E+000  1.0000000000000000E+000  1.0000000000000000E+000  1.0000000000000000E+000  1.0000000000000000E+000
  1.0000000000000000E+000  1.0000000000000000E+000  1.0000000000000000E+000  1.0000000000000000E+000  1.0000000000000000E+000
  1.0000000000000000E+000  1.0000000000000000E+000  1.0000000000000000E+000  1.0000000000000000E+000  1.0000000000000000E+000
  1.0000000000000000E+000  1.0000000000000000E+000  1.0000000000000000E+000  1.0000000000000000E+000  1.0000000000000000E+000
  1.0000000000000000E+000  1.0000000000000000E+000  1.0000000000000000E+000  1.0000000000000000E+000  1.0000000000000000E+000
  1.0000000000000000E+000  1.0000000000000000E+000  1.0000000000000000E+000  1.0000000000000000E+000  1.0000000000000000E+000
  1.0000000000000000E+000  1.0000000000000000E+000  1.0000000000000000E+000  1.0000000000000000E+000  1.0000000000000000E+000
  1.0000000000000000E+000  1.0000000000000000E+000  1.0000000000000000E+000  1.0000000000000000E+000  1.0000000000000000E+000
  1.0000000000000000E+000  1.0000000000000000E+000  1.0000000000000000E+000  1.0000000000000000E+000  1.0000000000000000E+000
  1.0000000000000000E+000  1.0000000000000000E+000  1.0000000000000000E+000  1.0000000000000000E+000  1.0000000000000000E+000
  1.0000000000000000E+000  1.0000000000000000E+000
BLOCK 122   1.4882754455182868E+001
  1.0000000000000000E+000  1.0000000000000000E+000  1.0000000000000000E+000  1.0000000000000000E+000  1.0000000000000000E+000
  1.0000000000000000E+000  1.0000000000000000E+000  1.0000000000000000E+000  1.0000000000000000E+000  1.0000000000000000E+000
  1.0000000000000000E+000  1.0000000000000000E+000  1.0000000000000000E+000  1.0000000000000000E+000  1.0000000000000000E+000
  1.0000000000000000E+000  1.0000000000000000E+000  1.0000000000000000E+000  1.0000000000000000E+000  1.0000000000000000E+000
  1.0000000000000000E+000  1.0000000000000000E+000  1.0000000000000000E+000  1.0000000000000000E+000  1.0000000000000000E+000
  1.0000000000000000E+000  1.0000000000000000E+000  1.0000000000000000E+000  1.0000000000000000E+000  1.0000000000000000E+000
  1.0000000000000000E+000  1.0000000000000000E+000  1.0000000000000000E+000  1.0000000000000000E+000  1.0000000000000000E+000
  1.0000000000000000E+000  1.0000000000000000E+000  1.0000000000000000E+000  1.0000000000000000E+000  1.0000000000000000E+000
  1.0000000000000000E+000  1.0000000000000000E+000  1.0000000000000000E+000  1.0000000000000000E+000  1.0000000000000000E+000
  1.0000000000000000E+000  1.0000000000000000E+000  1.0000000000000000E+000  1.0000000000000000E+000  1.0000000000000000E+000
  1.0000000000000000E+000  1.0000000000000000E+000  1.0000000000000000E+000  1.0000000000000000E+000  1.0000000000000000E+000
  1.0000000000000000E+000  1.0000000000000000E+000  1.0000000000000000E+000  1.0000000000000000E+000  1.0000000000000000E+000
  1.0000000000000000E+000  1.0000000000000000E+000  1.0000000000000000E+000  1.0000000000000000E+000  1.0000000000000000E+000
  1.0000000000000000E+000  1.0000000000000000E+000  1.0000000000000000E+000  1.0000000000000000E+000  1.0000000000000000E+000
  1.0000000000000000E+000  1.0000000000000000E+000
BLOCK 123   1.5005752425886845E+001
  1.0000000000000000E+000  1.0000000000000000E+000  1.0000000000000000E+000  1.0000000000000000E+000  1.0000000000000000E+000
  1.0000000000000000E+000  1.0000000000000000E+000  1.0000000000000000E+000  1.0000000000000000E+000  1.0000000000000000E+000
  1.0000000000000000E+000  1.0000000000000000E+000  1.0000000000000000E+000  1.0000000000000000E+000  1.0000000000000000E+000
  1.0000000000000000E+000  1.0000000000000000E+000  1.0000000000000000E+000  1.0000000000000000E+000  1.0000000000000000E+000
  1.0000000000000000E+000  1.0000000000000000E+000  1.0000000000000000E+000  1.0000000000000000E+000  1.0000000000000000E+000
  1.0000000000000000E+000  1.0000000000000000E+000  1.0000000000000000E+000  1.0000000000000000E+000  1.0000000000000000E+000
  1.0000000000000000E+000  1.0000000000000000E+000  1.0000000000000000E+000  1.0000000000000000E+000  1.0000000000000000E+000
  1.0000000000000000E+000  1.0000000000000000E+000  1.0000000000000000E+000  1.0000000000000000E+000  1.0000000000000000E+000
  1.0000000000000000E+000  1.0000000000000000E+000  1.0000000000000000E+000  1.0000000000000000E+000  1.0000000000000000E+000
  1.0000000000000000E+000  1.0000000000000000E+000  1.0000000000000000E+000  1.0000000000000000E+000  1.0000000000000000E+000
  1.0000000000000000E+000  1.0000000000000000E+000  1.0000000000000000E+000  1.0000000000000000E+000  1.0000000000000000E+000
  1.0000000000000000E+000  1.0000000000000000E+000  1.0000000000000000E+000  1.0000000000000000E+000  1.0000000000000000E+000
  1.0000000000000000E+000  1.0000000000000000E+000  1.0000000000000000E+000  1.0000000000000000E+000  1.0000000000000000E+000
  1.0000000000000000E+000  1.0000000000000000E+000  1.0000000000000000E+000  1.0000000000000000E+000  1.0000000000000000E+000
  1.0000000000000000E+000  1.0000000000000000E+000
BLOCK 124   1.5128750404392784E+001
  1.0000000000000000E+000  1.0000000000000000E+000  1.0000000000000000E+000  1.0000000000000000E+000  1.0000000000000000E+000
  1.0000000000000000E+000  1.0000000000000000E+000  1.0000000000000000E+000  1.0000000000000000E+000  1.0000000000000000E+000
  1.0000000000000000E+000  1.0000000000000000E+000  1.0000000000000000E+000  1.0000000000000000E+000  1.0000000000000000E+000
  1.0000000000000000E+000  1.0000000000000000E+000  1.0000000000000000E+000  1.0000000000000000E+000  1.0000000000000000E+000
  1.0000000000000000E+000  1.0000000000000000E+000  1.0000000000000000E+000  1.0000000000000000E+000  1.0000000000000000E+000
  1.0000000000000000E+000  1.0000000000000000E+000  1.0000000000000000E+000  1.0000000000000000E+000  1.0000000000000000E+000
  1.0000000000000000E+000  1.0000000000000000E+000  1.0000000000000000E+000  1.0000000000000000E+000  1.0000000000000000E+000
  1.0000000000000000E+000  1.0000000000000000E+000  1.0000000000000000E+000  1.0000000000000000E+000  1.0000000000000000E+000
  1.0000000000000000E+000  1.0000000000000000E+000  1.0000000000000000E+000  1.0000000000000000E+000  1.0000000000000000E+000
  1.0000000000000000E+000  1.0000000000000000E+000  1.0000000000000000E+000  1.0000000000000000E+000  1.0000000000000000E+000
  1.0000000000000000E+000  1.0000000000000000E+000  1.0000000000000000E+000  1.0000000000000000E+000  1.0000000000000000E+000
  1.0000000000000000E+000  1.0000000000000000E+000  1.0000000000000000E+000  1.0000000000000000E+000  1.0000000000000000E+000
  1.0000000000000000E+000  1.0000000000000000E+000  1.0000000000000000E+000  1.0000000000000000E+000  1.0000000000000000E+000
  1.0000000000000000E+000  1.0000000000000000E+000  1.0000000000000000E+000  1.0000000000000000E+000  1.0000000000000000E+000
  1.0000000000000000E+000  1.0000000000000000E+000
BLOCK 125   1.5128750404392800E+001
  1.0000000000000000E+000  1.0000000000000000E+000  1.0000000000000000E+000  1.0000000000000000E+000  1.0000000000000000E+000
  1.0000000000000000E+000  1.0000000000000000E+000  1.0000000000000000E+000  1.0000000000000000E+000  1.0000000000000000E+000
  1.0000000000000000E+000  1.0000000000000000E+000  1.0000000000000000E+000  1.0000000000000000E+000  1.0000000000000000E+000
  1.0000000000000000E+000  1.0000000000000000E+000  1.0000000000000000E+000  1.0000000000000000E+000  1.0000000000000000E+000
  1.0000000000000000E+000  1.0000000000000000E+000  1.0000000000000000E+000  1.0000000000000000E+000  1.0000000000000000E+000
  1.0000000000000000E+000  1.0000000000000000E+000  1.0000000000000000E+000  1.0000000000000000E+000  1.0000000000000000E+000
  1.0000000000000000E+000  1.0000000000000000E+000  1.0000000000000000E+000  1.0000000000000000E+000  1.0000000000000000E+000
  1.0000000000000000E+000  1.0000000000000000E+000  1.0000000000000000E+000  1.0000000000000000E+000  1.0000000000000000E+000
  1.0000000000000000E+000  1.0000000000000000E+000  1.0000000000000000E+000  1.0000000000000000E+000  1.0000000000000000E+000
  1.0000000000000000E+000  1.0000000000000000E+000  1.0000000000000000E+000  1.0000000000000000E+000  1.0000000000000000E+000
  1.0000000000000000E+000  1.0000000000000000E+000  1.0000000000000000E+000  1.0000000000000000E+000  1.0000000000000000E+000
  1.0000000000000000E+000  1.0000000000000000E+000  1.0000000000000000E+000  1.0000000000000000E+000  1.0000000000000000E+000
  1.0000000000000000E+000  1.0000000000000000E+000  1.0000000000000000E+000  1.0000000000000000E+000  1.0000000000000000E+000
  1.0000000000000000E+000  1.0000000000000000E+000  1.0000000000000000E+000  1.0000000000000000E+000  1.0000000000000000E+000
  1.0000000000000000E+000  1.0000000000000000E+000
END
