# LSA profile bundle v1
WAVELENGTH   8.9759790099999996E+000
NZ 72
NBLOCKS 65
Z
  6.2333187569444441E-002  1.8699956270833332E-001  3.1166593784722224E-001  4.3633231298611108E-001  5.6099868812499998E-001
  6.8566506326388887E-001  8.1033143840277777E-001  9.3499781354166656E-001  1.0596641886805556E+000  1.1843305638194446E+000
  1.3089969389583331E+000  1.4336633140972221E+000  1.5583296892361111E+000  1.6829960643749999E+000  1.8076624395138887E+000
  1.9323288146527777E+000  2.0569951897916665E+000  2.1816615649305557E+000  2.3063279400694445E+000  2.4309943152083333E+000
  2.5556606903472221E+000  2.6803270654861109E+000  2.8049934406249997E+000  2.9296598157638889E+000  3.0543261909027777E+000
  3.1789925660416665E+000  3.3036589411805557E+000  3.4283253163194445E+000  3.5529916914583328E+000  3.6776580665972225E+000
  3.8023244417361113E+000  3.9269908168750001E+000  4.0516571920138880E+000  4.1763235671527772E+000  4.3009899422916664E+000
  4.4256563174305548E+000  4.5503226925694440E+000  4.6749890677083332E+000  4.7996554428472216E+000  4.9243218179861108E+000
  5.0489881931250000E+000  5.1736545682638884E+000  5.2983209434027776E+000  5.4229873185416668E+000  5.5476536936805552E+000
  5.6723200688194444E+000  5.7969864439583336E+000  5.9216528190972220E+000  6.0463191942361103E+000  6.1709855693749995E+000
  6.2956519445138888E+000  6.4203183196527771E+000  6.5449846947916663E+000  6.6696510699305556E+000  6.7943174450694439E+000
  6.9189838202083331E+000  7.0436501953472224E+000  7.1683165704861107E+000  7.2929829456249990E+000  7.4176493207638892E+000
  7.5423156959027766E+000  7.6669820710416667E+000  7.7916484461805551E+000  7.9163148213194443E+000  8.0409811964583326E+000
  8.1656475715972228E+000  8.2903139467361111E+000  8.4149803218749994E+000  8.5396466970138878E+000  8.6643130721527779E+000
  8.7889794472916662E+000  8.9136458224305564E+000
BLOCK 1   0.0000000000000000E+000
  1.0002195306304207E+000  1.0006599899847035E+000  1.0021634949667160E+000  1.0030058059299007E+000  1.0038252408945170E+000
  1.0046155634658123E+000  1.0053707588119498E+000  1.0060850794405052E+000  1.0067530889403495E+000  1.0073697033560156E+000
  1.0079302298796637E+000  1.0084304025661763E+000  1.0088664147995714E+000  1.0092349482636420E+000  1.0095331981963431E+000
  1.0097588947357188E+000  1.0099103201949180E+000  1.0099863221348271E+000  1.0099863221348269E+000  1.0099103201949178E+000
  1.0097588947357186E+000  1.0095331981963427E+000  1.0092349482636414E+000  1.0088664147995703E+000  1.0084304025661754E+000
  1.0079302298796626E+000  1.0073697033560145E+000  1.0067530889403482E+000  1.0060850794405038E+000  1.0053707588119485E+000
  1.0046155634658109E+000  1.0038252408945154E+000  1.0030058059298994E+000  1.0021634949667144E+000  1.0006599899847413E+000
  1.0002195306304584E+000  9.9978046946355892E-001  9.9869528169014121E-001  9.9783650521781064E-001  9.9699419424655900E-001
  9.9617475927157173E-001  9.9538443668791610E-001  9.9462924132780473E-001  9.9391492068408671E-001  9.9324691116835173E-001
  9.9263029673654968E-001  9.9206977019701104E-001  9.9156959749533602E-001  9.9113358524796769E-001  9.9076505177153718E-001
  9.9046680182846514E-001  9.9024110528102305E-001  9.9008967981630658E-001  9.9001367787359673E-001  9.9001367787359695E-001
  9.9008967981630647E-001  9.9024110528102272E-001  9.9046680182846469E-001  9.9076505177153651E-001  9.9113358524796702E-001
  9.9156959749533524E-001  9.9206977019701004E-001  9.9263029673654868E-001  9.9324691116835073E-001  9.9391492068408549E-001
  9.9462924132780350E-001  9.9538443668791488E-001  9.9617475927157040E-001  9.9699419424655755E-001  9.9783650521780942E-001
  9.9869528169013977E-001  9.9978046946352506E-001
BLOCK 2   5.7106200683999998E-002
  1.0002196097026705E+000  1.0006601479941630E+000  1.0021639502874031E+000  1.0030064027963641E+000  1.0038259730076762E+000
  1.0046164237921595E+000  1.0053717396673776E+000  1.0060861725299615E+000  1.0067542854352221E+000  1.0073709939755453E+000
  1.0079316049643900E+000  1.0084318521433544E+000  1.0088679286411977E+000  1.0092365159375858E+000  1.0095348091111411E+000
  1.0097605381797319E+000  1.0099119853707601E+000  1.0099879981901014E+000  1.0099879981901023E+000  1.0099119853707599E+000
  1.0097605381797317E+000  1.0095348091111402E+000  1.0092365159375865E+000  1.0088679286411959E+000  1.0084318521433535E+000
  1.0079316049643885E+000  1.0073709939755435E+000  1.0067542854352198E+000  1.0060861725299606E+000  1.0053717396673765E+000
  1.0046164237921593E+000  1.0038259730076737E+000  1.0030064027963623E+000  1.0021639502874014E+000  1.0006601479942050E+000
  1.0002196097027098E+000  9.9978046360022421E-001  9.9869512117146908E-001  9.9783618729629520E-001  9.9699371929689051E-001
  9.9617412985999376E-001  9.9538365636162784E-001  9.9462831490100190E-001  9.9391385433926904E-001  9.9324571245410653E-001
  9.9262897452889054E-001  9.9206833463805322E-001  9.9156805991190300E-001  9.9113195805119614E-001  9.9076334833870594E-001
  9.9046503636868277E-001  9.9023929268679078E-001  9.9008783550332802E-001  9.9001181761158974E-001  9.9001181761158985E-001
  9.9008783550332746E-001  9.9023929268679067E-001  9.9046503636868244E-001  9.9076334833870427E-001  9.9113195805119503E-001
  9.9156805991190178E-001  9.9206833463805177E-001  9.9262897452888976E-001  9.9324571245410520E-001  9.9391385433926671E-001
  9.9462831490100023E-001  9.9538365636162573E-001  9.9617412985999210E-001  9.9699371929688840E-001  9.9783618729629331E-001
  9.9869512117146775E-001  9.9978046360018957E-001
BLOCK 3   1.1421240136800000E-001
  1.0002198493938170E+000  1.0006606453384286E+000  1.0021653932067245E+000  1.0030082919958150E+000  1.0038282896044073E+000
  1.0046191461890335E+000  1.0053748435656562E+000  1.0060896316947432E+000  1.0067580719524636E+000  1.0073750784874691E+000
  1.0079359569042425E+000  1.0084364399464554E+000  1.0088727199304435E+000  1.0092414776861889E+000  1.0095399077850347E+000
  1.0097657398621835E+000  1.0099172558719955E+000  1.0099933031447650E+000  1.0099933031447639E+000  1.0099172558719960E+000
  1.0097657398621835E+000  1.0095399077850351E+000  1.0092414776861867E+000  1.0088727199304441E+000  1.0084364399464554E+000
  1.0079359569042421E+000  1.0073750784874680E+000  1.0067580719524640E+000  1.0060896316947407E+000  1.0053748435656564E+000
  1.0046191461890321E+000  1.0038282896044068E+000  1.0030082919958132E+000  1.0021653932067223E+000  1.0006606453384699E+000
  1.0002198493938561E+000  9.9978045598794973E-001  9.9869460680913735E-001  9.9783517909600028E-001  9.9699221657628700E-001
  9.9617213766319257E-001  9.9538118626590100E-001  9.9462538251695398E-001  9.9391047933082866E-001  9.9324191873612844E-001
  9.9262479020364314E-001  9.9206379180684612E-001  9.9156319441691376E-001  9.9112680915768026E-001  9.9075795836153668E-001
  9.9045945024809756E-001  9.9023355751962849E-001  9.9008200003744740E-001  9.9000593171273965E-001  9.9000593171273910E-001
  9.9008200003744717E-001  9.9023355751962738E-001  9.9045945024809467E-001  9.9075795836153313E-001  9.9112680915767704E-001
  9.9156319441691299E-001  9.9206379180684745E-001  9.9262479020364491E-001  9.9324191873612788E-001  9.9391047933082444E-001
  9.9462538251694876E-001  9.9538118626589778E-001  9.9617213766319035E-001  9.9699221657628534E-001  9.9783517909599961E-001
  9.9869460680913646E-001  9.9978045598791465E-001
BLOCK 4   1.7131860205200000E-001
  1.0002202563596252E+000  1.0006614717724451E+000  1.0021678112128947E+000  1.0030114733590554E+000  1.0038321901318921E+000
  1.0046237283914519E+000  1.0053800677661351E+000  1.0060954540632621E+000  1.0067644455592761E+000  1.0073819539503630E+000
  1.0079432827845727E+000  1.0084441631062009E+000  1.0088807858515647E+000  1.0092498307485571E+000  1.0095484915082684E+000
  1.0097744971168956E+000  1.0099261290650541E+000  1.0100022343828474E+000  1.0100022343828485E+000  1.0099261290650532E+000
  1.0097744971168960E+000  1.0095484915082689E+000  1.0092498307485587E+000  1.0088807858515632E+000  1.0084441631062018E+000
  1.0079432827845733E+000  1.0073819539503632E+000  1.0067644455592752E+000  1.0060954540632616E+000  1.0053800677661335E+000
  1.0046237283914525E+000  1.0038321901318921E+000  1.0030114733590536E+000  1.0021678112128904E+000  1.0006614717724858E+000
  1.0002202563596632E+000  9.9978044257025867E-001  9.9869375050523057E-001  9.9783347837325409E-001  9.9698968361750451E-001
  9.9616878373086315E-001  9.9537702759514934E-001  9.9462044531455218E-001  9.9390479730783199E-001  9.9323553234954676E-001
  9.9261774678040138E-001  9.9205614537690612E-001  9.9155500529793161E-001  9.9111814341595850E-001  9.9074888718164100E-001
  9.9045004921943003E-001  9.9022390584946907E-001  9.9007217970352002E-001  9.8999602657015651E-001  9.8999602657015717E-001
  9.9007217970351935E-001  9.9022390584946551E-001  9.9045004921942437E-001  9.9074888718163301E-001  9.9111814341595394E-001
  9.9155500529793272E-001  9.9205614537691167E-001  9.9261774678040637E-001  9.9323553234954620E-001  9.9390479730782622E-001
  9.9462044531454330E-001  9.9537702759514313E-001  9.9616878373086004E-001  9.9698968361750362E-001  9.9783347837325309E-001
  9.9869375050522835E-001  9.9978044257022314E-001
BLOCK 5   2.2842480273599999E-001
  1.0002208264342036E+000  1.0006626335286837E+000  1.0021711907154320E+000  1.0030159313924021E+000  1.0038376731625911E+000
  1.0046301713859522E+000  1.0053874112070391E+000  1.0061036377546184E+000  1.0067734043547407E+000  1.0073916185907934E+000
  1.0079535809896309E+000  1.0084550201781901E+000  1.0088921251290845E+000  1.0092615740042536E+000  1.0095605592944583E+000
  1.0097868090648134E+000  1.0099386041455951E+000  1.0100147911381003E+000  1.0100147911380997E+000  1.0099386041455962E+000
  1.0097868090648134E+000  1.0095605592944590E+000  1.0092615740042539E+000  1.0088921251290857E+000  1.0084550201781903E+000
  1.0079535809896327E+000  1.0073916185907936E+000  1.0067734043547407E+000  1.0061036377546182E+000  1.0053874112070402E+000
  1.0046301713859520E+000  1.0038376731625918E+000  1.0030159313923994E+000  1.0021711907154280E+000  1.0006626335287228E+000
  1.0002208264342423E+000  9.9978042565788472E-001  9.9869254466376567E-001  9.9783109426846472E-001  9.9698612060730640E-001
  9.9616406413103198E-001  9.9537118009952530E-001  9.9461350409447669E-001  9.9389680889607601E-001  9.9322655427275175E-001
  9.9260784589862505E-001  9.9204539765085964E-001  9.9154349546079024E-001  9.9110596427463937E-001  9.9073613872344479E-001
  9.9043683760383294E-001  9.9021034230407390E-001  9.9005837933810481E-001  9.8998210712626655E-001  9.8998210712626511E-001
  9.9005837933810081E-001  9.9021034230406790E-001  9.9043683760382284E-001  9.9073613872343547E-001  9.9110596427463460E-001
  9.9154349546079479E-001  9.9204539765086819E-001  9.9260784589863338E-001  9.9322655427275419E-001  9.9389680889607035E-001
  9.9461350409446614E-001  9.9537118009951531E-001  9.9616406413102676E-001  9.9698612060730418E-001  9.9783109426846317E-001
  9.9869254466376367E-001  9.9978042565785108E-001
BLOCK 6   2.8553100342000021E-001
  1.0002215609218905E+000  1.0006641261758553E+000  1.0021755409766318E+000  1.0030216580037907E+000  1.0038447225111649E+000
  1.0046384722099972E+000  1.0053968764001695E+000  1.0061141835078213E+000  1.0067849477531818E+000  1.0074040717777739E+000
  1.0079668511817435E+000  1.0084690111308874E+000  1.0089067380160359E+000  1.0092767079617004E+000  1.0095761118682576E+000
  1.0098026765990840E+000  1.0099546821218874E+000  1.0100309744772715E+000  1.0100309744772724E+000  1.0099546821218872E+000
  1.0098026765990851E+000  1.0095761118682574E+000  1.0092767079617004E+000  1.0089067380160375E+000  1.0084690111308889E+000
  1.0079668511817435E+000  1.0074040717777741E+000  1.0067849477531832E+000  1.0061141835078238E+000  1.0053968764001699E+000
  1.0046384722099997E+000  1.0038447225111637E+000  1.0030216580037870E+000  1.0021755409766251E+000  1.0006641261758951E+000
  1.0002215609219280E+000  9.9978040254481826E-001  9.9869099284984453E-001  9.9782801917530051E-001  9.9698153348526630E-001
  9.9615798085335827E-001  9.9536363919690318E-001  9.9460455707265194E-001  9.9388651436525310E-001  9.9321498472254333E-001
  9.9259508792890860E-001  9.9203154960279183E-001  9.9152866652897176E-001  9.9109027391549698E-001  9.9071971563845129E-001
  9.9041981844069604E-001  9.9019287022394231E-001  9.9004060248795378E-001  9.8996417703266371E-001  9.8996417703266071E-001
  9.9004060248794667E-001  9.9019287022393065E-001  9.9041981844068427E-001  9.9071971563844152E-001  9.9109027391549642E-001
  9.9152866652897731E-001  9.9203154960280227E-001  9.9259508792892048E-001  9.9321498472254832E-001  9.9388651436524933E-001
  9.9460455707264139E-001  9.9536363919689164E-001  9.9615798085335039E-001  9.9698153348525931E-001  9.9782801917529640E-001
  9.9869099284984175E-001  9.9978040254478717E-001
BLOCK 7   3.4263720410400056E-001
  1.0002224571313707E+000  1.0006659510841205E+000  1.0021808528581300E+000  1.0030286592751156E+000  1.0038533348189267E+000
  1.0046486159157388E+000  1.0054084591034451E+000  1.0061270951850909E+000  1.0067990787469792E+000  1.0074193146580932E+000
  1.0079830942623595E+000  1.0084861372751115E+000  1.0089246262627809E+000  1.0092952347398598E+000  1.0095951516488244E+000
  1.0098221023691061E+000  1.0099743657994824E+000  1.0100507872847553E+000  1.0100507872847542E+000  1.0099743657994833E+000
  1.0098221023691067E+000  1.0095951516488255E+000  1.0092952347398607E+000  1.0089246262627813E+000  1.0084861372751126E+000
  1.0079830942623609E+000  1.0074193146580954E+000  1.0067990787469800E+000  1.0061270951850927E+000  1.0054084591034484E+000
  1.0046486159157388E+000  1.0038533348189260E+000  1.0030286592751108E+000  1.0021808528581220E+000  1.0006659510841582E+000
  1.0002224571314071E+000  9.9978037343347081E-001  9.9868908923412236E-001  9.9782425624369986E-001  9.9697591504555938E-001
  9.9615053664507658E-001  9.9535440791653507E-001  9.9459359967936556E-001  9.9387391035997519E-001  9.9320082319779812E-001
  9.9257947270247149E-001  9.9201460102236882E-001  9.9151051877195762E-001  9.9107107322497934E-001  9.9069961932160755E-001
  9.9039899351466887E-001  9.9017149168755836E-001  9.9001885143241830E-001  9.8994223867113262E-001  9.8994223867112952E-001
  9.9001885143240609E-001  9.9017149168754393E-001  9.9039899351465521E-001  9.9069961932160122E-001  9.9107107322497956E-001
  9.9151051877196572E-001  9.9201460102238204E-001  9.9257947270248248E-001  9.9320082319780367E-001  9.9387391035997308E-001
  9.9459359967935856E-001  9.9535440791652396E-001  9.9615053664506303E-001  9.9697591504554883E-001  9.9782425624369098E-001
  9.9868908923411448E-001  9.9978037343344184E-001
BLOCK 8   3.9974340478800091E-001
  1.0002235146702623E+000  1.0006681055510633E+000  1.0021871295296807E+000  1.0030369270102271E+000  1.0038635133274640E+000
  1.0046606028989964E+000  1.0054221470622331E+000  1.0061423678900991E+000  1.0068158023334615E+000  1.0074373527502958E+000
  1.0080023135184881E+000  1.0085064012827589E+000  1.0089457929836192E+000  1.0093171580041806E+000  1.0096176827239103E+000
  1.0098450907659509E+000  1.0099976597699689E+000  1.0100742342525770E+000  1.0100742342525777E+000  1.0099976597699691E+000
  1.0098450907659520E+000  1.0096176827239132E+000  1.0093171580041831E+000  1.0089457929836194E+000  1.0085064012827603E+000
  1.0080023135184908E+000  1.0074373527502978E+000  1.0068158023334641E+000  1.0061423678901007E+000  1.0054221470622329E+000
  1.0046606028989982E+000  1.0038635133274620E+000  1.0030369270102206E+000  1.0021871295296685E+000  1.0006681055510995E+000
  1.0002235146702989E+000  9.9978033604187566E-001  9.9868683302393724E-001  9.9781979881205451E-001  9.9696926773725802E-001
  9.9614172501795795E-001  9.9534348595981814E-001  9.9458063510518990E-001  9.9385899272287914E-001  9.9318406487962374E-001
  9.9256099865848646E-001  9.9199455128896474E-001  9.9148905141228938E-001  9.9104836172301058E-001  9.9067584985746582E-001
  9.9037436337828788E-001  9.9014620756184701E-001  9.8999312723661004E-001  9.8991629320572883E-001  9.8991629320572228E-001
  9.8999312723659838E-001  9.9014620756183169E-001  9.9037436337827589E-001  9.9067584985745827E-001  9.9104836172301347E-001
  9.9148905141230026E-001  9.9199455128897795E-001  9.9256099865849889E-001  9.9318406487963140E-001  9.9385899272288014E-001
  9.9458063510518291E-001  9.9534348595980782E-001  9.9614172501794584E-001  9.9696926773724315E-001  9.9781979881204008E-001
  9.9868683302392469E-001  9.9978033604184935E-001
BLOCK 9   4.5684960547200126E-001
  1.0002247311815067E+000  1.0006705891870917E+000  1.0021943653057774E+000  1.0030464647490036E+000  1.0038752518115319E+000
  1.0046744343481941E+000  1.0054379435272343E+000  1.0061599930433927E+000  1.0068351138241671E+000  1.0074581920496055E+000
  1.0080245171114393E+000  1.0085298089370323E+000  1.0089702428374423E+000  1.0093424827661281E+000  1.0096437107321234E+000
  1.0098716478784826E+000  1.0100245703895603E+000  1.0101013218633454E+000  1.0101013218633439E+000  1.0100245703895614E+000
  1.0098716478784853E+000  1.0096437107321252E+000  1.0093424827661304E+000  1.0089702428374459E+000  1.0085298089370340E+000
  1.0080245171114410E+000  1.0074581920496093E+000  1.0068351138241689E+000  1.0061599930433944E+000  1.0054379435272349E+000
  1.0046744343481939E+000  1.0038752518115301E+000  1.0030464647489927E+000  1.0021943653057619E+000  1.0006705891871275E+000
  1.0002247311815440E+000  9.9978028933770480E-001  9.9868421901444482E-001  9.9781464576201062E-001  9.9696158411940461E-001
  9.9613154734718923E-001  9.9533086780411717E-001  9.9456566043603845E-001  9.9384176404816360E-001  9.9316470624463149E-001
  9.9253965979026904E-001  9.9197139754501462E-001  9.9146426323827141E-001  9.9102213805028649E-001  9.9064840594552939E-001
  9.9034592719042580E-001  9.9011701742142810E-001  9.8996342970925211E-001  9.8988634054290170E-001  9.8988634054290014E-001
  9.8996342970924256E-001  9.9011701742141589E-001  9.9034592719041448E-001  9.9064840594552428E-001  9.9102213805028960E-001
  9.9146426323828185E-001  9.9197139754502939E-001  9.9253965979028358E-001  9.9316470624464015E-001  9.9384176404816593E-001
  9.9456566043603356E-001  9.9533086780410573E-001  9.9613154734717624E-001  9.9696158411938829E-001  9.9781464576199219E-001
  9.9868421901442761E-001  9.9978028933768059E-001
BLOCK 10   5.1395580615600145E-001
  1.0002261055135198E+000  1.0013309319816583E+000  1.0022025607581502E+000  1.0030572672237597E+000  1.0038885540228946E+000
  1.0046901066246960E+000  1.0054558485971945E+000  1.0061799759882961E+000  1.0068570088226858E+000  1.0074818289873468E+000
  1.0080497119949086E+000  1.0085563710069383E+000  1.0089979843562766E+000  1.0093712158510182E+000  1.0096732426236787E+000
  1.0099017813127689E+000  1.0100551057223728E+000  1.0101320583783342E+000  1.0101320583783364E+000  1.0100551057223743E+000
  1.0099017813127722E+000  1.0096732426236816E+000  1.0093712158510206E+000  1.0089979843562791E+000  1.0085563710069418E+000
  1.0080497119949117E+000  1.0074818289873484E+000  1.0068570088226882E+000  1.0061799759882979E+000  1.0054558485971956E+000
  1.0046901066246969E+000  1.0038885540228875E+000  1.0030572672237479E+000  1.0022025607581344E+000  1.0013309319816426E+000
  1.0002261055135571E+000  9.9978023099795044E-001  9.9868124351540499E-001  9.9780879079564444E-001  9.9695286263148275E-001
  9.9611999548042329E-001  9.9531655324821999E-001  9.9454867103029565E-001  9.9382221926062420E-001  9.9314274857063212E-001
  9.9251545313474798E-001  9.9194513289521291E-001  9.9143614992433704E-001  9.9099240022756530E-001  9.9061728565039953E-001
  9.9031368283354126E-001  9.9008391945691632E-001  9.8992975740686295E-001  9.8985237941534987E-001  9.8985237941534787E-001
  9.8992975740685962E-001  9.9008391945690843E-001  9.9031368283353405E-001  9.9061728565039564E-001  9.9099240022756807E-001
  9.9143614992434725E-001  9.9194513289522890E-001  9.9251545313476330E-001  9.9314274857064266E-001  9.9382221926062675E-001
  9.9454867103029143E-001  9.9531655324821033E-001  9.9611999548040719E-001  9.9695286263146365E-001  9.9780879079562368E-001
  9.9868124351538190E-001  9.9978023099792979E-001
BLOCK 11   5.7106200684000108E-001
  1.0002276354966353E+000  1.0013370633880132E+000  1.0022117119420084E+000  1.0030693360969747E+000  1.0039034158439371E+000
  1.0047076237275070E+000  1.0054758615731438E+000  1.0062023167937024E+000  1.0068814942736506E+000  1.0075082635182011E+000
  1.0080778965848536E+000  1.0085860954808696E+000  1.0090290307729841E+000  1.0094033686706299E+000  1.0097062875179899E+000
  1.0099354999421539E+000  1.0100892752588841E+000  1.0101664537153323E+000  1.0101664537153341E+000  1.0100892752588881E+000
  1.0099354999421566E+000  1.0097062875179932E+000  1.0094033686706338E+000  1.0090290307729872E+000  1.0085860954808732E+000
  1.0080778965848578E+000  1.0075082635182040E+000  1.0068814942736513E+000  1.0062023167937038E+000  1.0054758615731449E+000
  1.0047076237275037E+000  1.0039034158439308E+000  1.0030693360969611E+000  1.0022117119419931E+000  1.0013370633880017E+000
  1.0002276354966735E+000  9.9978015925979868E-001  9.9867790047615490E-001  9.9780222920831096E-001  9.9694309570072570E-001
  9.9610706730449627E-001  9.9530053374384730E-001  9.9452966487630312E-001  9.9380035445144443E-001  9.9311818522118123E-001
  9.9248837817610214E-001  9.9191575470365956E-001  9.9140470398511105E-001  9.9095914235174121E-001  9.9058248594439480E-001
  9.9027762766727911E-001  9.9004691063076145E-001  9.8989210739577815E-001  9.8981440716621261E-001  9.8981440716621150E-001
  9.8989210739577538E-001  9.9004691063076089E-001  9.9027762766727589E-001  9.9058248594439302E-001  9.9095914235174631E-001
  9.9140470398512293E-001  9.9191575470367543E-001  9.9248837817611779E-001  9.9311818522119255E-001  9.9380035445144921E-001
  9.9452966487630001E-001  9.9530053374383698E-001  9.9610706730448173E-001  9.9694309570070383E-001  9.9780222920828510E-001
  9.9867790047613192E-001  9.9978015925978325E-001
BLOCK 12   6.2816820752400071E-001
  1.0002293192602256E+000  1.0013438275459348E+000  1.0022218176322253E+000  1.0030826681807679E+000  1.0039198404527525E+000
  1.0047269835899315E+000  1.0054979871560312E+000  1.0062270180021420E+000  1.0069085713308257E+000  1.0075375040176031E+000
  1.0081090751463284E+000  1.0086189835214023E+000  1.0090633913147444E+000  1.0094389567453532E+000  1.0097428597503377E+000
  1.0099728152913516E+000  1.0101270897454151E+000  1.0102045189491291E+000  1.0102045189491282E+000  1.0101270897454178E+000
  1.0099728152913576E+000  1.0097428597503424E+000  1.0094389567453577E+000  1.0090633913147493E+000  1.0086189835214061E+000
  1.0081090751463317E+000  1.0075375040176058E+000  1.0069085713308277E+000  1.0062270180021415E+000  1.0054979871560272E+000
  1.0047269835899295E+000  1.0039198404527450E+000  1.0030826681807574E+000  1.0022218176322124E+000  1.0013438275459234E+000
  1.0002293192602656E+000  9.9978007212689946E-001  9.9867418549432974E-001  9.9779495446165145E-001  9.9693227818076569E-001
  9.9609275416717857E-001  9.9528280649431478E-001  9.9450863332461981E-001  9.9377616567360849E-001  9.9309101268301514E-001
  9.9245842726618805E-001  9.9188326039146102E-001  9.9136992277429958E-001  9.9092235665281891E-001  9.9054399943742744E-001
  9.9023775748069121E-001  9.9000598763070524E-001  9.8985047580690588E-001  9.8977241960646367E-001  9.8977241960646389E-001
  9.8985047580690733E-001  9.9000598763070435E-001  9.9023775748069331E-001  9.9054399943743310E-001  9.9092235665282735E-001
  9.9136992277431235E-001  9.9188326039147601E-001  9.9245842726620292E-001  9.9309101268302646E-001  9.9377616567361271E-001
  9.9450863332461670E-001  9.9528280649430534E-001  9.9609275416716236E-001  9.9693227818074259E-001  9.9779495446162558E-001
  9.9867418549430420E-001  9.9978007212689013E-001
BLOCK 13   6.8527440820800034E-001
  1.0002311540768114E+000  1.0013512204638624E+000  1.0022328743508837E+000  1.0030972639238871E+000  1.0039378259013230E+000
  1.0047481908164613E+000  1.0055222257022267E+000  1.0062540852527304E+000  1.0069382457153218E+000  1.0075695535387843E+000
  1.0081432574101088E+000  1.0086550434118615E+000  1.0091010703983860E+000  1.0094779907597931E+000  1.0097829768923490E+000
  1.0100137444637951E+000  1.0101685628179919E+000  1.0102462658125972E+000  1.0102462658125992E+000  1.0101685628179939E+000
  1.0100137444637998E+000  1.0097829768923570E+000  1.0094779907597988E+000  1.0091010703983911E+000  1.0086550434118668E+000
  1.0081432574101123E+000  1.0075695535387859E+000  1.0069382457153215E+000  1.0062540852527277E+000  1.0055222257022227E+000
  1.0047481908164577E+000  1.0039378259013196E+000  1.0030972639238782E+000  1.0022328743508728E+000  1.0013512204638526E+000
  1.0002311540768505E+000  9.9977996710502848E-001  9.9867009319973987E-001  9.9778696134257083E-001  9.9692040265172988E-001
  9.9607705043553074E-001  9.9526336181909036E-001  9.9448557262881965E-001  9.9374964436968027E-001  9.9306122508914862E-001
  9.9242559684359200E-001  9.9184764171509121E-001  9.9133180150345768E-001  9.9088203995581425E-001  9.9050181816057092E-001
  9.9019406342988048E-001  9.8996114469155883E-001  9.8980485810793695E-001  9.8972641151809404E-001  9.8972641151809582E-001
  9.8980485810793906E-001  9.8996114469156282E-001  9.9019406342988769E-001  9.9050181816058158E-001  9.9088203995582769E-001
  9.9133180150347211E-001  9.9184764171510664E-001  9.9242559684360621E-001  9.9306122508915895E-001  9.9374964436968416E-001
  9.9448557262881698E-001  9.9526336181908026E-001  9.9607705043551320E-001  9.9692040265170834E-001  9.9778696134254563E-001
  9.9867009319971345E-001  9.9977996710502359E-001
BLOCK 14   7.4238060889199997E-001
  1.0002331374357156E+000  1.0013592388001336E+000  1.0022448795933194E+000  1.0031131208958410E+000  1.0039573743415191E+000
  1.0047712453145115E+000  1.0055485834606865E+000  1.0062835217088422E+000  1.0069705243976317E+000  1.0076044208949129E+000
  1.0081804490019326E+000  1.0086942863614503E+000  1.0091420800079525E+000  1.0095204787604202E+000  1.0098266512997005E+000
  1.0100583064337705E+000  1.0102137131421813E+000  1.0102917093414892E+000  1.0102917093414894E+000  1.0102137131421853E+000
  1.0100583064337756E+000  1.0098266512997052E+000  1.0095204787604288E+000  1.0091420800079594E+000  1.0086942863614536E+000
  1.0081804490019355E+000  1.0076044208949118E+000  1.0069705243976288E+000  1.0062835217088388E+000  1.0055485834606841E+000
  1.0047712453145101E+000  1.0039573743415167E+000  1.0031131208958355E+000  1.0022448795933094E+000  1.0013592388001247E+000
  1.0002331374357578E+000  9.9977984147928445E-001  9.9866561675733623E-001  9.9777824317512687E-001  9.9690746291816934E-001
  9.9605994750650673E-001  9.9524219338602127E-001  9.9446047205380939E-001  9.9372078544655107E-001  9.9302881394965192E-001
  9.9238987918203836E-001  9.9180889455564636E-001  9.9129033164665592E-001  9.9083818541404056E-001  9.9045593808091592E-001
  9.9014653742536751E-001  9.8991237146833988E-001  9.8975524671088944E-001  9.8967637795150731E-001  9.8967637795150654E-001
  9.8975524671089188E-001  9.8991237146834787E-001  9.9014653742537828E-001  9.9045593808092969E-001  9.9083818541405977E-001
  9.9129033164667668E-001  9.9180889455566335E-001  9.9238987918205124E-001  9.9302881394965903E-001  9.9372078544655407E-001
  9.9446047205380517E-001  9.9524219338600994E-001  9.9605994750649107E-001  9.9690746291814758E-001  9.9777824317509933E-001
  9.9866561675730825E-001  9.9977984147928778E-001
BLOCK 15   7.9948680957599960E-001
  1.0002352669683465E+000  1.0013678781125335E+000  1.0022578311180181E+000  1.0031302385188134E+000  1.0039784849775963E+000
  1.0047961512476891E+000  1.0055770626706477E+000  1.0063153355186047E+000  1.0070054136428379E+000  1.0076421148046564E+000
  1.0082206617170102E+000  1.0087367210746740E+000  1.0091864330793314E+000  1.0095664359475287E+000  1.0098738941400240E+000
  1.0101065141571732E+000  1.0102625603181341E+000  1.0103408727254610E+000  1.0103408727254621E+000  1.0102625603181374E+000
  1.0101065141571803E+000  1.0098738941400320E+000  1.0095664359475345E+000  1.0091864330793383E+000  1.0087367210746796E+000
  1.0082206617170106E+000  1.0076421148046539E+000  1.0070054136428328E+000  1.0063153355186001E+000  1.0055770626706475E+000
  1.0047961512476933E+000  1.0039784849775959E+000  1.0031302385188077E+000  1.0022578311180099E+000  1.0013678781125275E+000
  1.0002352669683883E+000  9.9977969203554362E-001  9.9866074904833435E-001  9.9776879200575763E-001  9.9689345111583372E-001
  9.9604143844048598E-001  9.9521929156170463E-001  9.9443332465094969E-001  9.9368957740600572E-001  9.9299377268700362E-001
  9.9235126586492606E-001  9.9176700956510688E-001  9.9124550809632095E-001  9.9079078433840173E-001  9.9040635023649837E-001
  9.9009517358865751E-001  9.8985965938875986E-001  9.8970163095178110E-001  9.8962231046254778E-001  9.8962231046255011E-001
  9.8970163095178687E-001  9.8985965938876941E-001  9.9009517358867150E-001  9.9040635023651713E-001  9.9079078433842427E-001
  9.9124550809634515E-001  9.9176700956512931E-001  9.9235126586494016E-001  9.9299377268701050E-001  9.9368957740600494E-001
  9.9443332465094336E-001  9.9521929156169453E-001  9.9604143844047044E-001  9.9689345111581174E-001  9.9776879200573054E-001
  9.9866074904830515E-001  9.9977969203555261E-001
BLOCK 16   8.5659301025999923E-001
  1.0002375398205987E+000  1.0013771351360532E+000  1.0022717260202316E+000  1.0031486159849907E+000  1.0040011594369487E+000
  1.0048229099058785E+000  1.0056076697462302E+000  1.0063495316200706E+000  1.0070429237311056E+000  1.0076826448434029E+000
  1.0082639064937804E+000  1.0087823623034073E+000  1.0092341415582187E+000  1.0096158764061109E+000  1.0099247219778096E+000
  1.0101583816738855E+000  1.0103151223014077E+000  1.0103937830595826E+000  1.0103937830595831E+000  1.0103151223014124E+000
  1.0101583816738926E+000  1.0099247219778187E+000  1.0096158764061192E+000  1.0092341415582247E+000  1.0087823623034105E+000
  1.0082639064937808E+000  1.0076826448433984E+000  1.0070429237311012E+000  1.0063495316200677E+000  1.0056076697462313E+000
  1.0048229099058834E+000  1.0040011594369536E+000  1.0031486159849878E+000  1.0022717260202241E+000  1.0013771351360443E+000
  1.0002375398206416E+000  9.9977951635859708E-001  9.9865548201772025E-001  9.9775859940633749E-001  9.9687835800534019E-001
  9.9602151386559312E-001  9.9519464843269889E-001  9.9440411956062535E-001  9.9365601238968970E-001  9.9295608907225430E-001
  9.9230974861847066E-001  9.9172197830387554E-001  9.9119732021302076E-001  9.9073983010357713E-001  9.9035304541562452E-001
  9.9003996142894901E-001  9.8980300217471506E-001  9.8964400266523811E-001  9.8956419465056300E-001  9.8956419465056655E-001
  9.8964400266524677E-001  9.8980300217472628E-001  9.9003996142896555E-001  9.9035304541564739E-001  9.9073983010360345E-001
  9.9119732021304863E-001  9.9172197830390130E-001  9.9230974861849064E-001  9.9295608907226041E-001  9.9365601238968704E-001
  9.9440411956061825E-001  9.9519464843268690E-001  9.9602151386557669E-001  9.9687835800531854E-001  9.9775859940630951E-001
  9.9865548201768928E-001  9.9977951635861573E-001
BLOCK 17   9.1369921094399886E-001
  1.0002399534847999E+000  1.0013870050852478E+000  1.0022865625604656E+000  1.0031682524760444E+000  1.0040253988262271E+000
  1.0048515254454033E+000  1.0056404085063424E+000  1.0063861189458758E+000  1.0070830626533762E+000  1.0077260237536276E+000
  1.0083101964218224E+000  1.0088312233042136E+000  1.0092852218995163E+000  1.0096688137007330E+000  1.0099791504283762E+000
  1.0102139316019039E+000  1.0103714225998834E+000  1.0104504612642495E+000  1.0104504612642511E+000  1.0103714225998877E+000
  1.0102139316019119E+000  1.0099791504283844E+000  1.0096688137007417E+000  1.0092852218995210E+000  1.0088312233042147E+000
  1.0083101964218191E+000  1.0077260237536256E+000  1.0070830626533733E+000  1.0063861189458758E+000  1.0056404085063444E+000
  1.0048515254454116E+000  1.0040253988262335E+000  1.0031682524760437E+000  1.0022865625604571E+000  1.0013870050852407E+000
  1.0002399534848421E+000  9.9977931057482416E-001  9.9864980847676565E-001  9.9774765619107442E-001  9.9686217407713351E-001
  9.9600016360973198E-001  9.9516825333436232E-001  9.9437284807117521E-001  9.9362007851884981E-001  9.9291575435639623E-001
  9.9226531478566782E-001  9.9167379074752349E-001  9.9114575893167978E-001  9.9068531048273845E-001  9.9029601555725122E-001
  9.8998089274556433E-001  9.8974238800981806E-001  9.8958234978423321E-001  9.8950201776228630E-001  9.8950201776228830E-001
  9.8958234978424131E-001  9.8974238800983283E-001  9.8998089274558398E-001  9.9029601555727609E-001  9.9068531048277064E-001
  9.9114575893171297E-001  9.9167379074755191E-001  9.9226531478568614E-001  9.9291575435640667E-001  9.9362007851884970E-001
  9.9437284807116577E-001  9.9516825333434811E-001  9.9600016360971433E-001  9.9686217407710953E-001  9.9774765619104600E-001
  9.9864980847673579E-001  9.9977931057485081E-001
BLOCK 18   9.7080541162799849E-001
  1.0002425048936905E+000  1.0013974846831426E+000  1.0023023377323790E+000  1.0031891480889594E+000  1.0040512047429382E+000
  1.0048820012539146E+000  1.0056752858792670E+000  1.0064251042576122E+000  1.0071258422419498E+000  1.0077722629662758E+000
  1.0083595465748114E+000  1.0088833193171620E+000  1.0093396881433476E+000  1.0097252666680814E+000  1.0100372005670137E+000
  1.0102731876161160E+000  1.0104314858495882E+000  1.0105109270405355E+000  1.0105109270405372E+000  1.0104314858495933E+000
  1.0102731876161237E+000  1.0100372005670235E+000  1.0097252666680860E+000  1.0093396881433501E+000  1.0088833193171620E+000
  1.0083595465748101E+000  1.0077722629662742E+000  1.0071258422419505E+000  1.0064251042576138E+000  1.0056752858792746E+000
  1.0048820012539241E+000  1.0040512047429453E+000  1.0031891480889574E+000  1.0023023377323734E+000  1.0013974846831339E+000
  1.0002425048937331E+000  9.9977907224804152E-001  9.9864371910764982E-001  9.9773595345344968E-001  9.9684488868140508E-001
  9.9597737669525199E-001  9.9514009490312239E-001  9.9433949795918741E-001  9.9358176607704596E-001  9.9287275565717426E-001
  9.9221795443291039E-001  9.9162243342740475E-001  9.9109081213134886E-001  9.9062721655398933E-001  9.9023524929206053E-001
  9.8991795735981636E-001  9.8967780404029926E-001  9.8951665661598243E-001  9.8943576910842168E-001  9.8943576910842501E-001
  9.8951665661599120E-001  9.8967780404031613E-001  9.8991795735983956E-001  9.9023524929209128E-001  9.9062721655402408E-001
  9.9109081213138517E-001  9.9162243342743384E-001  9.9221795443293248E-001  9.9287275565718625E-001  9.9358176607704907E-001
  9.9433949795918131E-001  9.9514009490310706E-001  9.9597737669523001E-001  9.9684488868137888E-001  9.9773595345342059E-001
  9.9864371910761862E-001  9.9977907224807872E-001
BLOCK 19   1.0279116123119989E+000
  1.0002451913724881E+000  1.0014085690009402E+000  1.0023190501384192E+000  1.0032113021492695E+000  1.0040785795854474E+000
  1.0049143417533826E+000  1.0057123080449735E+000  1.0064664977322861E+000  1.0071712726658519E+000  1.0078213768858766E+000
  1.0084119702362579E+000  1.0089386660037447E+000  1.0093975590194588E+000  1.0097852567999250E+000  1.0100988989366901E+000
  1.0103361728392590E+000  1.0104953317496932E+000  1.0105752049397354E+000  1.0105752049397367E+000  1.0104953317496983E+000
  1.0103361728392652E+000  1.0100988989366939E+000  1.0097852567999286E+000  1.0093975590194590E+000  1.0089386660037434E+000
  1.0084119702362586E+000  1.0078213768858775E+000  1.0071712726658553E+000  1.0064664977322946E+000  1.0057123080449828E+000
  1.0049143417533930E+000  1.0040785795854519E+000  1.0032113021492715E+000  1.0023190501384143E+000  1.0014085690009393E+000
  1.0002451913725310E+000  9.9977879692988525E-001  9.9863720617349361E-001  9.9772348057952531E-001  9.9682649153568348E-001
  9.9595314136318880E-001  9.9511016099279981E-001  9.9430405708425884E-001  9.9354106165111378E-001  9.9282708220499383E-001
  9.9216765328266043E-001  9.9156789488642672E-001  9.9103246693849845E-001  9.9056553605893194E-001  9.9017073553180257E-001
  9.8985113852831841E-001  9.8960923610191320E-001  9.8944691272124141E-001  9.8936543326152226E-001  9.8936543326152571E-001
  9.8944691272125374E-001  9.8960923610193052E-001  9.8985113852834494E-001  9.9017073553183721E-001  9.9056553605896946E-001
  9.9103246693853353E-001  9.9156789488646147E-001  9.9216765328268763E-001  9.9282708220501026E-001  9.9354106165111811E-001
  9.9430405708425407E-001  9.9511016099278371E-001  9.9595314136316448E-001  9.9682649153565439E-001  9.9772348057949223E-001
  9.9863720617346585E-001  9.9977879692993454E-001
BLOCK 20   1.0850178129960000E+000
  1.0002480097234483E+000  1.0014202547274345E+000  1.0023366968805887E+000  1.0032347154172974E+000  1.0041075253513640E+000
  1.0049485521138546E+000  1.0057514828226963E+000  1.0065103088291978E+000  1.0072193668256841E+000  1.0078733772666155E+000
  1.0084674827481617E+000  1.0089972808032508E+000  1.0094588579344077E+000  1.0098488107052328E+000  1.0101642682014302E+000
  1.0104029107916073E+000  1.0105629856188147E+000  1.0106433185040342E+000  1.0106433185040364E+000  1.0105629856188176E+000
  1.0104029107916088E+000  1.0101642682014327E+000  1.0098488107052330E+000  1.0094588579344086E+000  1.0089972808032510E+000
  1.0084674827481628E+000  1.0078733772666197E+000  1.0072193668256924E+000  1.0065103088292071E+000  1.0057514828227063E+000
  1.0049485521138601E+000  1.0041075253513692E+000  1.0032347154173005E+000  1.0023366968805958E+000  1.0014202547274396E+000
  1.0002480097234945E+000  9.9977848215628229E-001  9.9863025939462347E-001  9.9771022788000119E-001  9.9680697030329013E-001
  9.9592744555611357E-001  9.9507843849263444E-001  9.9426651187854087E-001  9.9349795182269240E-001  9.9277871860812761E-001
  9.9211439936704582E-001  9.9151016140767889E-001  9.9097071207591703E-001  9.9050025391266150E-001  9.9010245607491942E-001
  9.8978042323217152E-001  9.8953667035887494E-001  9.8937310238690945E-001  9.8929099670948584E-001  9.8929099670949028E-001
  9.8937310238692056E-001  9.8953667035889814E-001  9.8978042323220206E-001  9.9010245607495306E-001  9.9050025391269947E-001
  9.9097071207595788E-001  9.9151016140771642E-001  9.9211439936707713E-001  9.9277871860814904E-001  9.9349795182270118E-001
  9.9426651187853321E-001  9.9507843849261901E-001  9.9592744555608836E-001  9.9680697030325749E-001  9.9771022787997288E-001
  9.9863025939460281E-001  9.9977848215634446E-001
BLOCK 21   1.1421240136800010E+000
  1.0002509571050715E+000  1.0014325369226722E+000  1.0023552768349462E+000  1.0032593876501852E+000  1.0041380456666813E+000
  1.0049846378106631E+000  1.0057928186783964E+000  1.0065565480606986E+000  1.0072701353659610E+000  1.0079282782604595E+000
  1.0085261005429436E+000  1.0090591872666999E+000  1.0095236096680205E+000  1.0099159522880268E+000  1.0102333336130418E+000
  1.0104734270860130E+000  1.0106344737714699E+000  1.0107152926196528E+000  1.0107152926196501E+000  1.0106344737714679E+000
  1.0104734270860127E+000  1.0102333336130389E+000  1.0099159522880237E+000  1.0095236096680185E+000  1.0090591872667010E+000
  1.0085261005429480E+000  1.0079282782604666E+000  1.0072701353659705E+000  1.0065565480607070E+000  1.0057928186784013E+000
  1.0049846378106697E+000  1.0041380456666877E+000  1.0032593876501976E+000  1.0023552768349591E+000  1.0014325369226873E+000
  1.0002509571051199E+000  9.9977812291420087E-001  9.9862287034282238E-001  9.9769618357016387E-001  9.9678631384054861E-001
  9.9590027585791074E-001  9.9504491406290030E-001  9.9422684785354010E-001  9.9345242119487887E-001  9.9272765081969327E-001
  9.9205817784521300E-001  9.9144922102388000E-001  9.9090553038609019E-001  9.9043135304657581E-001  9.9003039520960423E-001
  9.8970579445584506E-001  9.8946009103273957E-001  9.8929520943705906E-001  9.8921244462346203E-001  9.8921244462346569E-001
  9.8929520943707538E-001  9.8946009103276278E-001  9.8970579445587537E-001  9.9003039520963798E-001  9.9043135304661556E-001
  9.9090553038613316E-001  9.9144922102392152E-001  9.9205817784524952E-001  9.9272765081971837E-001  9.9345242119488897E-001
  9.9422684785353876E-001  9.9504491406288120E-001  9.9590027585788410E-001  9.9678631384052396E-001  9.9769618357014334E-001
  9.9862287034280761E-001  9.9977812291427093E-001
BLOCK 22   1.1992302143640021E+000
  1.0002540302295730E+000  1.0014454122218692E+000  1.0023747874181881E+000  1.0032853204599812E+000  1.0041701437006028E+000
  1.0050226057123339E+000  1.0058363235416330E+000  1.0066052248159896E+000  1.0073235904112696E+000  1.0079860956835831E+000
  1.0085878463533262E+000  1.0091244085678597E+000  1.0095918384391085E+000  1.0099867065393009E+000  1.0103061225601873E+000
  1.0105477497359838E+000  1.0107098216813213E+000  1.0107911553872153E+000  1.0107911553872149E+000  1.0107098216813171E+000
  1.0105477497359772E+000  1.0103061225601819E+000  1.0099867065392982E+000  1.0095918384391078E+000  1.0091244085678612E+000
  1.0085878463533335E+000  1.0079860956835927E+000  1.0073235904112769E+000  1.0066052248159953E+000  1.0058363235416403E+000
  1.0050226057123421E+000  1.0041701437006174E+000  1.0032853204599976E+000  1.0023747874182067E+000  1.0014454122218868E+000
  1.0002540302296252E+000  9.9977771672463278E-001  9.9861502793380574E-001  9.9768133710761142E-001  9.9676450853428378E-001
  9.9587161913426947E-001  9.9500957219108266E-001  9.9418504936251451E-001  9.9340445451354553E-001  9.9267386403574709E-001
  9.9199897444116847E-001  9.9138505459699522E-001  9.9083690501216937E-001  9.9035881645761736E-001  9.8995453651151644E-001
  9.8962723418003729E-001  9.8937947946392657E-001  9.8921321954538455E-001  9.8912975997377350E-001  9.8912975997378250E-001
  9.8921321954540087E-001  9.8937947946394944E-001  9.8962723418006615E-001  9.8995453651155552E-001  9.9035881645765844E-001
  9.9083690501221255E-001  9.9138505459703907E-001  9.9199897444120599E-001  9.9267386403577396E-001  9.9340445451356041E-001
  9.9418504936251029E-001  9.9500957219106945E-001  9.9587161913425093E-001  9.9676450853426768E-001  9.9768133710759754E-001
  9.9861502793378687E-001  9.9977771672471361E-001
BLOCK 23   1.2563364150480032E+000
  1.0002572260603184E+000  1.0014588758497451E+000  1.0023952281494548E+000  1.0033125148031403E+000  1.0042038243078093E+000
  1.0050624611911299E+000  1.0058820050373189E+000  1.0066563489266236E+000  1.0073797469913937E+000  1.0080468502929982E+000
  1.0086527419100657E+000  1.0091929683604668E+000  1.0096635688147750E+000  1.0100611016415315E+000  1.0103826624662977E+000
  1.0106259060115730E+000  1.0107890599682572E+000  1.0108709351785490E+000  1.0108709351785456E+000  1.0107890599682512E+000
  1.0106259060115641E+000  1.0103826624662904E+000  1.0100611016415273E+000  1.0096635688147746E+000  1.0091929683604719E+000
  1.0086527419100721E+000  1.0080468502930047E+000  1.0073797469914005E+000  1.0066563489266300E+000  1.0058820050373272E+000
  1.0050624611911454E+000  1.0042038243078257E+000  1.0033125148031632E+000  1.0023952281494779E+000  1.0014588758497678E+000
  1.0002572260603730E+000  9.9977725796641981E-001  9.9860672311287924E-001  9.9766567593504685E-001  9.9674154218124900E-001
  9.9584145981065986E-001  9.9497239777307278E-001  9.9414110071693929E-001  9.9335403702188785E-001  9.9261734217647102E-001
  9.9193676955945098E-001  9.9131764392680088E-001  9.9076481694667151E-001  9.9028262677656187E-001  9.8987485971350198E-001
  9.8954472440444852E-001  9.8929481900575089E-001  9.8912711156998601E-001  9.8904292607778799E-001  9.8904292607779065E-001
  9.8912711156999977E-001  9.8929481900577554E-001  9.8954472440448193E-001  9.8987485971353906E-001  9.9028262677660650E-001
  9.9076481694671714E-001  9.9131764392684141E-001  9.9193676955948751E-001  9.9261734217649900E-001  9.9335403702189939E-001
  9.9414110071694151E-001  9.9497239777306912E-001  9.9584145981065642E-001  9.9674154218123845E-001  9.9766567593502997E-001
  9.9860672311286192E-001  9.9977725796650874E-001
BLOCK 24   1.3134426157320043E+000
  1.0002605413301906E+000  1.0014729248504128E+000  1.0024165975285535E+000  1.0033409731084559E+000  1.0042390902024352E+000
  1.0051042096298879E+000  1.0059298707123736E+000  1.0067099341131671E+000  1.0074386233981270E+000  1.0081105624081403E+000
  1.0087208094716484E+000  1.0092648909367981E+000  1.0097388289087879E+000  1.0101391644402096E+000  1.0104629821975919E+000
  1.0107079268506995E+000  1.0108722184180816E+000  1.0109546636512083E+000  1.0109546636512048E+000  1.0108722184180738E+000
  1.0107079268506909E+000  1.0104629821975826E+000  1.0101391644402045E+000  1.0097388289087892E+000  1.0092648909368025E+000
  1.0087208094716542E+000  1.0081105624081448E+000  1.0074386233981336E+000  1.0067099341131776E+000  1.0059298707123894E+000
  1.0051042096299050E+000  1.0042390902024585E+000  1.0033409731084801E+000  1.0024165975285815E+000  1.0014729248504395E+000
  1.0002605413302470E+000  9.9977674424273011E-001  9.9859794425231030E-001  9.9764918836553906E-001  9.9671739923344715E-001
  9.9580978313318447E-001  9.9493337475754851E-001  9.9409498713809197E-001  9.9330115114431616E-001  9.9255806528839174E-001
  9.9187154387680498E-001  9.9124696962141812E-001  9.9068924701658223E-001  9.9020276175016009E-001  9.8979134711617112E-001
  9.8945824620407341E-001  9.8920608905458107E-001  9.8903686864889151E-001  9.8895192212546690E-001  9.8895192212547067E-001
  9.8903686864890339E-001  9.8920608905460561E-001  9.8945824620410716E-001  9.8979134711621353E-001  9.9020276175020339E-001
  9.9068924701662575E-001  9.9124696962146008E-001  9.9187154387683829E-001  9.9255806528841251E-001  9.9330115114433226E-001
  9.9409498713810496E-001  9.9493337475755894E-001  9.9580978313318658E-001  9.9671739923344216E-001  9.9764918836552474E-001
  9.9859794425228643E-001  9.9977674424283081E-001
BLOCK 25   1.3705488164160053E+000
  1.0002639732353433E+000  1.0014875554935438E+000  1.0024388954975834E+000  1.0033706954132355E+000  1.0042759443008855E+000
  1.0051478563190019E+000  1.0059799324019179E+000  1.0067659959702464E+000  1.0075002380702380E+000  1.0081772523310235E+000
  1.0087920727919031E+000  1.0093402031233603E+000  1.0098176449662675E+000  1.0102209244256644E+000  1.0105471123704155E+000
  1.0107938433191324E+000  1.0109593296537509E+000  1.0110423737788625E+000  1.0110423737788619E+000  1.0109593296537456E+000
  1.0107938433191237E+000  1.0105471123704093E+000  1.0102209244256612E+000  1.0098176449662675E+000  1.0093402031233616E+000
  1.0087920727919060E+000  1.0081772523310282E+000  1.0075002380702462E+000  1.0067659959702606E+000  1.0059799324019367E+000
  1.0051478563190268E+000  1.0042759443009115E+000  1.0033706954132657E+000  1.0024388954976127E+000  1.0014875554935727E+000
  1.0002639732354017E+000  9.9977616948270409E-001  9.9858868123024502E-001  9.9763186013107108E-001  9.9669206618620709E-001
  9.9577657383522189E-001  9.9489248895009041E-001  9.9404669031801451E-001  9.9324577716034601E-001  9.9249601343712779E-001
  9.9180327748692121E-001  9.9117301028035243E-001  9.9061017231716275E-001  9.9011920235147644E-001  9.8970397638354435E-001
  9.8936777861509451E-001  9.8911327049705255E-001  9.8894246856720636E-001  9.8885672705768923E-001  9.8885672705769512E-001
  9.8894246856722168E-001  9.8911327049707398E-001  9.8936777861512937E-001  9.8970397638358487E-001  9.9011920235152173E-001
  9.9061017231720616E-001  9.9117301028038896E-001  9.9180327748694830E-001  9.9249601343715232E-001  9.9324577716037010E-001
  9.9404669031803838E-001  9.9489248895010762E-001  9.9577657383523055E-001  9.9669206618620454E-001  9.9763186013105765E-001
  9.9858868123022460E-001  9.9977616948281423E-001
BLOCK 26   1.4276550171000064E+000
  1.0002675190279340E+000  1.0015027650700805E+000  1.0024621192040672E+000  1.0034016818437250E+000  1.0043143894281574E+000
  1.0051934106987690E+000  1.0060322028596203E+000  1.0068245506212716E+000  1.0075646092506230E+000  1.0082469428080836E+000
  1.0088665568278452E+000  1.0094189307161647E+000  1.0099000462016161E+000  1.0103064119434009E+000  1.0106350848916190E+000
  1.0108836885685144E+000  1.0110504283159323E+000  1.0111341000714933E+000  1.0111341000714906E+000  1.0110504283159287E+000
  1.0108836885685104E+000  1.0106350848916152E+000  1.0103064119433975E+000  1.0099000462016123E+000  1.0094189307161634E+000
  1.0088665568278470E+000  1.0082469428080898E+000  1.0075646092506356E+000  1.0068245506212894E+000  1.0060322028596442E+000
  1.0051934106987974E+000  1.0043143894281892E+000  1.0034016818437572E+000  1.0024621192041003E+000  1.0015027650701114E+000
  1.0002675190279942E+000  9.9977553151453791E-001  9.9857892116405444E-001  9.9761367858475958E-001  9.9666552833682021E-001
  9.9574181779868698E-001  9.9484972145436401E-001  9.9399619082598278E-001  9.9318789465751112E-001  9.9243116623381233E-001
  9.9173194743649995E-001  9.9109574298440173E-001  9.9052757213483700E-001  9.9003192493920644E-001  9.8961272630617136E-001
  9.8927330003144387E-001  9.8901634063687593E-001  9.8884388939531953E-001  9.8875731913435139E-001  9.8875731913435716E-001
  9.8884388939533563E-001  9.8901634063690358E-001  9.8927330003147451E-001  9.8961272630621011E-001  9.9003192493924863E-001
  9.9052757213487619E-001  9.9109574298443293E-001  9.9173194743653059E-001  9.9243116623384420E-001  9.9318789465754331E-001
  9.9399619082601165E-001  9.9484972145438744E-001  9.9574181779870075E-001  9.9666552833682176E-001  9.9761367858475025E-001
  9.9857892116403413E-001  9.9977553151466148E-001
BLOCK 27   1.4847612177840075E+000
  1.0002711753675941E+000  1.0015185480139619E+000  1.0024862664131315E+000  1.0034339329234103E+000  1.0043544323549771E+000
  1.0052408824940871E+000  1.0060866955153058E+000  1.0068856140944973E+000  1.0076317579340457E+000  1.0083196565189556E+000
  1.0089442864391949E+000  1.0095011016998843E+000  1.0099860624101140E+000  1.0103956586434593E+000  1.0107269330193687E+000
  1.0109774981099151E+000  1.0111455495199593E+000  1.0112298789751830E+000  1.0112298789751824E+000  1.0111455495199595E+000
  1.0109774981099160E+000  1.0107269330193667E+000  1.0103956586434544E+000  1.0099860624101094E+000  1.0095011016998796E+000
  1.0089442864391966E+000  1.0083196565189643E+000  1.0076317579340606E+000  1.0068856140945210E+000  1.0060866955153340E+000
  1.0052408824941199E+000  1.0043544323550129E+000  1.0034339329234485E+000  1.0024862664131684E+000  1.0015185480139970E+000
  1.0002711753676532E+000  9.9977482365141979E-001  9.9856865456792443E-001  9.9759463134366289E-001  9.9663777261926989E-001
  9.9570549674071818E-001  9.9480505389629825E-001  9.9394346855181115E-001  9.9312748317767385E-001  9.9236349978587046E-001
  9.9165753083774000E-001  9.9101514518922629E-001  9.9044142171243388E-001  9.8994090665786294E-001  9.8951757313953836E-001
  9.8917478633420841E-001  9.8891527475469088E-001  9.8874110799157500E-001  9.8865367464211074E-001  9.8865367464211618E-001
  9.8874110799159243E-001  9.8891527475471608E-001  9.8917478633424338E-001  9.8951757313957289E-001  9.8994090665789580E-001
  9.9044142171246519E-001  9.9101514518926148E-001  9.9165753083777797E-001  9.9236349978590943E-001  9.9312748317771082E-001
  9.9394346855184268E-001  9.9480505389632379E-001  9.9570549674073505E-001  9.9663777261927722E-001  9.9759463134365667E-001
  9.9856865456790611E-001  9.9977482365155634E-001
BLOCK 28   1.5418674184680086E+000
  1.0002749379451052E+000  1.0015348982597303E+000  1.0025113347227592E+000  1.0034674526116560E+000  1.0043960797013101E+000
  1.0052902821635035E+000  1.0061434239285441E+000  1.0069492050484459E+000  1.0077017044291716E+000  1.0083954169691476E+000
  1.0090252880755881E+000  1.0095867450960250E+000  1.0100757244446295E+000  1.0104886979522043E+000  1.0108226924617920E+000
  1.0110753076688979E+000  1.0112447314107391E+000  1.0113297481540253E+000  1.0113297481540282E+000  1.0112447314107420E+000
  1.0110753076688992E+000  1.0108226924617900E+000  1.0104886979521996E+000  1.0100757244446228E+000  1.0095867450960223E+000
  1.0090252880755908E+000  1.0083954169691569E+000  1.0077017044291909E+000  1.0069492050484712E+000  1.0061434239285780E+000
  1.0052902821635419E+000  1.0043960797013514E+000  1.0034674526116993E+000  1.0025113347228003E+000  1.0015348982597634E+000
  1.0002749379451648E+000  9.9977404404698578E-001  9.9855787148047925E-001  9.9757470699288686E-001  9.9660878181058488E-001
  9.9566759299811003E-001  9.9475846617761976E-001  9.9388850265423856E-001  9.9306451828615061E-001  9.9229299137749949E-001
  9.9158000373832578E-001  9.9093119168011556E-001  9.9035169711636373E-001  9.8984612282601647E-001  9.8941849135228099E-001
  9.8907221177472548E-001  9.8881004929673755E-001  9.8863409854660200E-001  9.8854576949546569E-001  9.8854576949547324E-001
  9.8863409854661777E-001  9.8881004929676319E-001  9.8907221177475579E-001  9.8941849135231130E-001  9.8984612282604245E-001
  9.9035169711639581E-001  9.9093119168015409E-001  9.9158000373836974E-001  9.9229299137754357E-001  9.9306451828619069E-001
  9.9388850265427442E-001  9.9475846617764763E-001  9.9566759299813057E-001  9.9660878181059376E-001  9.9757470699288486E-001
  9.9855787148046704E-001  9.9977404404713677E-001
BLOCK 29   1.5989736191520096E+000
  1.0002788027142313E+000  1.0015518103090966E+000  1.0025373241462190E+000  1.0035022440246284E+000  1.0044393391690063E+000
  1.0053416208658645E+000  1.0062024040020818E+000  1.0070153411266500E+000  1.0077744702351170E+000  1.0084742486256073E+000
  1.0091095892595023E+000  1.0096758903496967E+000  1.0101690652533264E+000  1.0105855647277147E+000  1.0109223991723972E+000
  1.0111771559359088E+000  1.0113480122614893E+000  1.0114337471985713E+000  1.0114337471985717E+000  1.0113480122614920E+000
  1.0111771559359104E+000  1.0109223991723968E+000  1.0105855647277120E+000  1.0101690652533226E+000  1.0096758903496954E+000
  1.0091095892595070E+000  1.0084742486256195E+000  1.0077744702351372E+000  1.0070153411266809E+000  1.0062024040021187E+000
  1.0053416208659083E+000  1.0044393391690534E+000  1.0035022440246735E+000  1.0025373241462601E+000  1.0015518103091319E+000
  1.0002788027142904E+000  9.9977318527213699E-001  9.9854656183805957E-001  9.9755389149086915E-001  9.9657854151772562E-001
  9.9562808841987738E-001  9.9470993804368413E-001  9.9383126907469443E-001  9.9299897763802991E-001  9.9221961608203191E-001
  9.9149934070829371E-001  9.9084385734284286E-001  9.9025837233791381E-001  9.8974754587603997E-001  9.8931545401232601E-001
  9.8896555045260426E-001  9.8870063594435031E-001  9.8852283585781653E-001  9.8843357629413942E-001  9.8843357629414197E-001
  9.8852283585783240E-001  9.8870063594437108E-001  9.8896555045262458E-001  9.8931545401234777E-001  9.8974754587607183E-001
  9.9025837233794944E-001  9.9084385734288472E-001  9.9149934070833934E-001  9.9221961608207920E-001  9.9299897763807388E-001
  9.9383126907473296E-001  9.9470993804371644E-001  9.9562808841989792E-001  9.9657854151773706E-001  9.9755389149087115E-001
  9.9854656183805124E-001  9.9977318527230374E-001
BLOCK 30   1.6560798198360107E+000
  1.0002827669350660E+000  1.0015692822250244E+000  1.0025642338253524E+000  1.0035383105031941E+000  1.0044842184678671E+000
  1.0053949115322238E+000  1.0062636508237166E+000  1.0070840415240558E+000  1.0078500775487786E+000  1.0085561770498292E+000
  1.0091972179239417E+000  1.0097685695251846E+000  1.0102661186070010E+000  1.0106862950735762E+000  1.0110260918106893E+000
  1.0112830819455936E+000  1.0114554331051313E+000  1.0115419170282418E+000  1.0115419170282418E+000  1.0114554331051313E+000
  1.0112830819455945E+000  1.0110260918106888E+000  1.0106862950735760E+000  1.0102661186070030E+000  1.0097685695251886E+000
  1.0091972179239490E+000  1.0085561770498443E+000  1.0078500775488033E+000  1.0070840415240876E+000  1.0062636508237590E+000
  1.0053949115322718E+000  1.0044842184679168E+000  1.0035383105032414E+000  1.0025642338253962E+000  1.0015692822250586E+000
  1.0002827669351242E+000  9.9977224476137072E-001  9.9853471069094824E-001  9.9753217088767920E-001  9.9654703533267697E-001
  9.9558696439936445E-001  9.9465944674725437E-001  9.9377174559706616E-001  9.9293083536653415E-001  9.9214334831958106E-001
  9.9141551584417298E-001  9.9075311544028655E-001  9.9016141878186203E-001  9.8964514861238129E-001  9.8920843354685295E-001
  9.8885477349928463E-001  9.8858700858512027E-001  9.8840729061586052E-001  9.8831706792580454E-001  9.8831706792581109E-001
  9.8840729061586841E-001  9.8858700858513049E-001  9.8885477349930073E-001  9.8920843354687749E-001  9.8964514861241271E-001
  9.9016141878190334E-001  9.9075311544033018E-001  9.9141551584421905E-001  9.9214334831962903E-001  9.9293083536658167E-001
  9.9377174559710946E-001  9.9465944674728690E-001  9.9558696439938865E-001  9.9654703533269151E-001  9.9753217088768409E-001
  9.9853471069094391E-001  9.9977224476155224E-001
BLOCK 31   1.7131860205200118E+000
  1.0002868274773249E+000  1.0015873118158014E+000  1.0025920658713572E+000  1.0035756566564795E+000  1.0045307261631793E+000
  1.0054501656822576E+000  1.0063271810156664E+000  1.0071553261287844E+000  1.0079285495609978E+000  1.0086412281604189E+000
  1.0092882043296678E+000  1.0098648147368332E+000  1.0103669199120442E+000  1.0107909267306363E+000  1.0111338095303690E+000
  1.0113931269703607E+000  1.0115670356417974E+000  1.0116543001733951E+000  1.0116543001733942E+000  1.0115670356417970E+000
  1.0113931269703571E+000  1.0111338095303697E+000  1.0107909267306394E+000  1.0103669199120493E+000  1.0098648147368430E+000
  1.0092882043296816E+000  1.0086412281604378E+000  1.0079285495610246E+000  1.0071553261288226E+000  1.0063271810157122E+000
  1.0054501656823092E+000  1.0045307261632306E+000  1.0035756566565286E+000  1.0025920658713994E+000  1.0015873118158314E+000
  1.0002868274773822E+000  9.9977121403306224E-001  9.9852230558578781E-001  9.9750952851192554E-001  9.9651424529678134E-001
  9.9554420105267893E-001  9.9460697265559728E-001  9.9370990770274281E-001  9.9286006653087511E-001  9.9206416151172805E-001
  9.9132850146260498E-001  9.9065893631617796E-001  9.9006080843415734E-001  9.8953890122533883E-001  9.8909739991921797E-001
  9.8873985224974459E-001  9.8846913570184780E-001  9.8828743403622643E-001  9.8819621383654255E-001  9.8819621383653855E-001
  9.8828743403622621E-001  9.8846913570185246E-001  9.8873985224975935E-001  9.8909739991924250E-001  9.8953890122537413E-001
  9.9006080843419664E-001  9.9065893631622537E-001  9.9132850146265528E-001  9.9206416151177612E-001  9.9286006653092340E-001
  9.9370990770278567E-001  9.9460697265563458E-001  9.9554420105270758E-001  9.9651424529679977E-001  9.9750952851193431E-001
  9.9852230558578525E-001  9.9977121403325864E-001
BLOCK 32   1.7702922212040129E+000
  1.0002909813908707E+000  1.0016058969674564E+000  1.0026208227537377E+000  1.0036142892331887E+000  1.0045788706611471E+000
  1.0055073957857563E+000  1.0063930107388874E+000  1.0072292154291023E+000  1.0080099103430329E+000  1.0087294302380259E+000
  1.0093825788314528E+000  1.0099646602347370E+000  1.0104715058625795E+000  1.0108994987642201E+000  1.0112455935690845E+000
  1.0115073335490623E+000  1.0116828635592698E+000  1.0117709407925120E+000  1.0117709407925113E+000  1.0116828635592658E+000
  1.0115073335490630E+000  1.0112455935690858E+000  1.0108994987642252E+000  1.0104715058625897E+000  1.0099646602347503E+000
  1.0093825788314736E+000  1.0087294302380507E+000  1.0080099103430660E+000  1.0072292154291433E+000  1.0063930107389361E+000
  1.0055073957858067E+000  1.0045788706612004E+000  1.0036142892332371E+000  1.0026208227537767E+000  1.0016058969674848E+000
  1.0002909813909262E+000  9.9977009179417908E-001  9.9850933252992158E-001  9.9748594650217670E-001  9.9648015037686144E-001
  9.9549977777306120E-001  9.9455249231245901E-001  9.9364573249446286E-001  9.9278664535455297E-001  9.9198202758379117E-001
  9.9123826722686204E-001  9.9056129128275039E-001  9.8995651021146192E-001  9.8942877360611137E-001  9.8898232305517897E-001
  9.8862075473481092E-001  9.8834698753996564E-001  9.8816323424828834E-001  9.8807098325368292E-001  9.8807098325368015E-001
  9.8816323424828179E-001  9.8834698753996975E-001  9.8862075473482336E-001  9.8898232305520328E-001  9.8942877360614545E-001
  9.8995651021150499E-001  9.9056129128279657E-001  9.9123826722691266E-001  9.9198202758384380E-001  9.9278664535459793E-001
  9.9364573249450572E-001  9.9455249231249898E-001  9.9549977777309462E-001  9.9648015037688564E-001  9.9748594650218791E-001
  9.9850933252992224E-001  9.9977009179439025E-001
BLOCK 33   1.8273984218880139E+000
  1.0002952260313975E+000  1.0016250365064041E+000  1.0026505071509351E+000  1.0036542145421035E+000  1.0046286631382439E+000
  1.0055666152779770E+000  1.0064611564756802E+000  1.0073057299735055E+000  1.0080941854065024E+000  1.0088208117530766E+000
  1.0094803739670444E+000  1.0100681410025854E+000  1.0105799143742464E+000  1.0110120515106691E+000  1.0113614863727507E+000
  1.0116257454623026E+000  1.0118029619093929E+000  1.0118918842867239E+000  1.0118918842867217E+000  1.0118029619093931E+000
  1.0116257454623012E+000  1.0113614863727547E+000  1.0110120515106766E+000  1.0105799143742595E+000  1.0100681410026064E+000
  1.0094803739670697E+000  1.0088208117531121E+000  1.0080941854065424E+000  1.0073057299735495E+000  1.0064611564757293E+000
  1.0055666152780303E+000  1.0046286631382939E+000  1.0036542145421481E+000  1.0026505071509735E+000  1.0016250365064296E+000
  1.0002952260314528E+000  9.9976886891028238E-001  9.9849577813317181E-001  9.9746140809979167E-001  9.9644473119551913E-001
  9.9545367068099344E-001  9.9449598281722285E-001  9.9357919549620211E-001  9.9271054572701811E-001  9.9189691769195110E-001
  9.9114478408774054E-001  9.9046014766325341E-001  9.8984849287147170E-001  9.8931473336945908E-001  9.8886316967073340E-001
  9.8849744886358959E-001  9.8822053005895527E-001  9.8803465819295211E-001  9.8794134248064569E-001  9.8794134248064680E-001
  9.8803465819295389E-001  9.8822053005895738E-001  9.8849744886360147E-001  9.8886316967075516E-001  9.8931473336949249E-001
  9.8984849287151455E-001  9.9046014766330259E-001  9.9114478408779039E-001  9.9189691769199850E-001  9.9271054572706863E-001
  9.9357919549624807E-001  9.9449598281726315E-001  9.9545367068102941E-001  9.9644473119554522E-001  9.9746140809980821E-001
  9.9849577813317514E-001  9.9976886891050953E-001
BLOCK 34   1.8845046225720150E+000
  1.0002995589844421E+000  1.0016447297948450E+000  1.0026811216442730E+000  1.0036954394603370E+000  1.0046801141350048E+000
  1.0056278390614859E+000  1.0065316364491455E+000  1.0073848913951700E+000  1.0081813997585727E+000  1.0089154028566782E+000
  1.0095816232611849E+000  1.0101752938781516E+000  1.0106921848738810E+000  1.0111286269822344E+000  1.0114815317072188E+000
  1.0117484085768915E+000  1.0119273771375692E+000  1.0120171779349079E+000  1.0120171779349096E+000  1.0119273771375699E+000
  1.0117484085768944E+000  1.0114815317072225E+000  1.0111286269822461E+000  1.0106921848738990E+000  1.0101752938781763E+000
  1.0095816232612218E+000  1.0089154028567189E+000  1.0081813997586191E+000  1.0073848913952206E+000  1.0065316364491976E+000
  1.0056278390615352E+000  1.0046801141350523E+000  1.0036954394603788E+000  1.0026811216443057E+000  1.0016447297948681E+000
  1.0002995589844965E+000  9.9976754383750466E-001  9.9848162796533091E-001  9.9743589589995119E-001  9.9640796625777350E-001
  9.9540585727931252E-001  9.9443741780823158E-001  9.9351026900887096E-001  9.9263173956217254E-001  9.9180880413914796E-001
  9.9104802042320450E-001  9.9035547431574544E-001  9.8973672253062051E-001  9.8919674662606816E-001  9.8873990647450560E-001
  9.8836990012562032E-001  9.8808972936118034E-001  9.8790167140453433E-001  9.8780725701381000E-001  9.8780725701381145E-001
  9.8790167140454144E-001  9.8808972936118988E-001  9.8836990012563108E-001  9.8873990647452625E-001  9.8919674662609869E-001
  9.8973672253066070E-001  9.9035547431579229E-001  9.9104802042325468E-001  9.9180880413919925E-001  9.9263173956222173E-001
  9.9351026900892014E-001  9.9443741780827566E-001  9.9540585727934727E-001  9.9640796625780226E-001  9.9743589589996962E-001
  9.9848162796534179E-001  9.9976754383774635E-001
BLOCK 35   1.9416108232560161E+000
  1.0003039770789062E+000  1.0016649751823308E+000  1.0027126703858851E+000  1.0037379715165247E+000  1.0047332348282729E+000
  1.0056910825835430E+000  1.0066044705749748E+000  1.0074667226511780E+000  1.0082715800351134E+000  1.0090132335332747E+000
  1.0096863610990792E+000  1.0102861569148318E+000  1.0108083583201488E+000  1.0112492681382332E+000  1.0116057750181464E+000
  1.0118753693023026E+000  1.0120561573744311E+000  1.0121468700667315E+000  1.0121468700667318E+000  1.0120561573744353E+000
  1.0118753693023086E+000  1.0116057750181557E+000  1.0112492681382477E+000  1.0108083583201710E+000  1.0102861569148653E+000
  1.0096863610991189E+000  1.0090132335333224E+000  1.0082715800351665E+000  1.0074667226512337E+000  1.0066044705750281E+000
  1.0056910825835936E+000  1.0047332348283171E+000  1.0037379715165620E+000  1.0027126703859148E+000  1.0016649751823496E+000
  1.0003039770789595E+000  9.9976610720747272E-001  9.9846686916579097E-001  9.9740939212502522E-001  9.9636983620769271E-001
  9.9535631402699309E-001  9.9437677097139288E-001  9.9343892445221638E-001  9.9255019763460028E-001  9.9171765576819215E-001
  9.9094794655160212E-001  9.9024723780797796E-001  9.8962116483131457E-001  9.8907477768541074E-001  9.8861249672016349E-001
  9.8823807208217329E-001  9.8795454883401335E-001  9.8776423675400316E-001  9.8766868982763067E-001  9.8766868982763445E-001
  9.8776423675401126E-001  9.8795454883402767E-001  9.8823807208219216E-001  9.8861249672018425E-001  9.8907477768543850E-001
  9.8962116483135021E-001  9.9024723780802071E-001  9.9094794655165253E-001  9.9171765576824622E-001  9.9255019763465280E-001
  9.9343892445226545E-001  9.9437677097143784E-001  9.9535631402703206E-001  9.9636983620772190E-001  9.9740939212504787E-001
  9.9846686916580085E-001  9.9976610720773151E-001
BLOCK 36   1.9987170239400172E+000
  1.0003084781136911E+000  1.0016857715958818E+000  1.0027451556108546E+000  1.0037818184830294E+000  1.0047880376687877E+000
  1.0057563619327441E+000  1.0066796788110093E+000  1.0075512486340519E+000  1.0083647544494254E+000  1.0091143352569460E+000
  1.0097946225512124E+000  1.0104007691076029E+000  1.0109284771032550E+000  1.0113740202933681E+000  1.0117342628966597E+000
  1.0120066764155600E+000  1.0121893519358256E+000  1.0122810109615115E+000  1.0122810109615139E+000  1.0121893519358300E+000
  1.0120066764155697E+000  1.0117342628966759E+000  1.0113740202933890E+000  1.0109284771032852E+000  1.0104007691076407E+000
  1.0097946225512593E+000  1.0091143352569987E+000  1.0083647544494845E+000  1.0075512486341096E+000  1.0066796788110652E+000
  1.0057563619327943E+000  1.0047880376688301E+000  1.0037818184830629E+000  1.0027451556108795E+000  1.0016857715958951E+000
  1.0003084781137408E+000  9.9976455768158834E-001  9.9845148759724089E-001  9.9738188030302055E-001  9.9633031892584334E-001
  9.9530501580772723E-001  9.9431401521190832E-001  9.9336513255876713E-001  9.9246588758646903E-001  9.9162344094958077E-001
  9.9084452870750650E-001  9.9013540543208112E-001  9.8950178515647669E-001  9.8894878997716174E-001  9.8848090280680545E-001
  9.8810192699575516E-001  9.8781495015662901E-001  9.8762231677951262E-001  9.8752560295173530E-001  9.8752560295173819E-001
  9.8762231677952417E-001  9.8781495015664633E-001  9.8810192699577859E-001  9.8848090280683132E-001  9.8894878997718827E-001
  9.8950178515650777E-001  9.9013540543212164E-001  9.9084452870755302E-001  9.9162344094963284E-001  9.9246588758652388E-001
  9.9336513255881709E-001  9.9431401521195317E-001  9.9530501580776742E-001  9.9633031892587764E-001  9.9738188030304031E-001
  9.9845148759725388E-001  9.9976455768186179E-001
BLOCK 37   2.0558232246240182E+000
  1.0003130589570886E+000  1.0017071178925410E+000  1.0027785810911412E+000  1.0038269881381432E+000  1.0048445353931217E+000
  1.0058236946136632E+000  1.0067572827693678E+000  1.0076384944985795E+000  1.0084609526376622E+000  1.0092187414520555E+000
  1.0099064438482657E+000  1.0105191699333267E+000  1.0110525844219156E+000  1.0115029293828512E+000  1.0118670440241402E+000
  1.0121423793696636E+000  1.0123270117239775E+000  1.0124196517798723E+000  1.0124196517798738E+000  1.0123270117239855E+000
  1.0121423793696780E+000  1.0118670440241613E+000  1.0115029293828821E+000  1.0110525844219520E+000  1.0105191699333711E+000
  1.0099064438483178E+000  1.0092187414521143E+000  1.0084609526377220E+000  1.0076384944986398E+000  1.0067572827694253E+000
  1.0058236946137129E+000  1.0048445353931637E+000  1.0038269881381743E+000  1.0027785810911602E+000  1.0017071178925465E+000
  1.0003130589571370E+000  9.9976288329871077E-001  9.9843547106745800E-001  9.9735334285251287E-001  9.9628939387406146E-001
  9.9525193854679950E-001  9.9424912285290223E-001  9.9328886303822217E-001  9.9237877842670474E-001  9.9152612486274727E-001
  9.9073773231486661E-001  9.9001994147590477E-001  9.8937854745141041E-001  9.8881874613525689E-001  9.8834508572772350E-001
  9.8796142366099693E-001  9.8767089287743604E-001  9.8747587014045801E-001  9.8737795595759126E-001  9.8737795595759614E-001
  9.8747587014046989E-001  9.8767089287745635E-001  9.8796142366102024E-001  9.8834508572775159E-001  9.8881874613528764E-001
  9.8937854745144382E-001  9.9001994147593975E-001  9.9073773231490936E-001  9.9152612486279501E-001  9.9237877842675570E-001
  9.9328886303827524E-001  9.9424912285295042E-001  9.9525193854683980E-001  9.9628939387409321E-001  9.9735334285254051E-001
  9.9843547106747343E-001  9.9976288329899987E-001
BLOCK 38   2.1129294253080193E+000
  1.0003177176489335E+000  1.0017290128780321E+000  1.0028129501395295E+000  1.0038734887037473E+000  1.0049027406015154E+000
  1.0058930984566887E+000  1.0068373050922295E+000  1.0077284870571286E+000  1.0085602052086275E+000  1.0093264866799978E+000
  1.0100218634654254E+000  1.0106414006961175E+000  1.0111807242169042E+000  1.0116360428855211E+000  1.0120041681793541E+000
  1.0122825301855747E+000  1.0124691892422921E+000  1.0125628455247961E+000  1.0125628455248010E+000  1.0124691892423041E+000
  1.0122825301855944E+000  1.0120041681793830E+000  1.0116360428855573E+000  1.0111807242169495E+000  1.0106414006961706E+000
  1.0100218634654834E+000  1.0093264866800591E+000  1.0085602052086913E+000  1.0077284870571910E+000  1.0068373050922870E+000
  1.0058930984567396E+000  1.0049027406015558E+000  1.0038734887037750E+000  1.0028129501395429E+000  1.0017290128780336E+000
  1.0003177176489799E+000  9.9976108108402306E-001  9.9841880460580734E-001  9.9732376171578496E-001  9.9624703936092684E-001
  9.9519705683831250E-001  9.9418206526134423E-001  9.9321008495714747E-001  9.9228883583926297E-001  9.9142567318015407E-001
  9.9062752049322012E-001  9.8990080812464254E-001  9.8925141378720205E-001  9.8868460821512838E-001  9.8820500579600734E-001
  9.8781652205661075E-001  9.8752233436564996E-001  9.8732485527489366E-001  9.8722570679361021E-001  9.8722570679361432E-001
  9.8732485527490732E-001  9.8752233436566850E-001  9.8781652205663628E-001  9.8820500579603621E-001  9.8868460821516224E-001
  9.8925141378723691E-001  9.8990080812467918E-001  9.9062752049325831E-001  9.9142567318019714E-001  9.9228883583931105E-001
  9.9321008495719687E-001  9.9418206526139419E-001  9.9519705683835602E-001  9.9624703936096148E-001  9.9732376171581139E-001
  9.9841880460583032E-001  9.9976108108432782E-001
BLOCK 39   2.1700356259920204E+000
  1.0003224512161295E+000  1.0017514567595993E+000  1.0028482669287886E+000  1.0039213289323574E+000  1.0049626672689178E+000
  1.0059645917085320E+000  1.0069197690008915E+000  1.0078212545581624E+000  1.0086625442287576E+000  1.0094376067239197E+000
  1.0101409207780276E+000  1.0107675042461075E+000  1.0113129421541966E+000  1.0117734085255394E+000  1.0121456860093005E+000
  1.0124271814396943E+000  1.0126159384831614E+000  1.0127106464500462E+000  1.0127106464500506E+000  1.0126159384831768E+000
  1.0124271814397208E+000  1.0121456860093352E+000  1.0117734085255841E+000  1.0113129421542502E+000  1.0107675042461663E+000
  1.0101409207780905E+000  1.0094376067239843E+000  1.0086625442288222E+000  1.0078212545582257E+000  1.0069197690009504E+000
  1.0059645917085833E+000  1.0049626672689553E+000  1.0039213289323805E+000  1.0028482669287999E+000  1.0017514567595960E+000
  1.0003224512161735E+000  9.9975913894884449E-001  9.9840147505316268E-001  9.9729311955157929E-001  9.9620323385506815E-001
  9.9514034597321854E-001  9.9411281474555813E-001  9.9312876647403581E-001  9.9219602626578685E-001  9.9132204924778522E-001
  9.9051385540562165E-001  9.8977796613259827E-001  9.8912034343561772E-001  9.8854633457457364E-001  9.8806062228608993E-001
  9.8766717909219459E-001  9.8736923164164303E-001  9.8716922646973715E-001  9.8706880974508837E-001  9.8706880974509270E-001
  9.8716922646974714E-001  9.8736923164166279E-001  9.8766717909221935E-001  9.8806062228612201E-001  9.8854633457460750E-001
  9.8912034343565503E-001  9.8977796613263769E-001  9.9051385540566017E-001  9.9132204924782419E-001  9.9219602626583003E-001
  9.9312876647408199E-001  9.9411281474560365E-001  9.9514034597326395E-001  9.9620323385510767E-001  9.9729311955161115E-001
  9.9840147505318644E-001  9.9975913894916590E-001
BLOCK 40   2.2271418266760215E+000
  1.0003272574807149E+000  1.0017744485629245E+000  1.0028845361508678E+000  1.0039705180998320E+000  1.0050243291446512E+000
  1.0060381936123219E+000  1.0070046984574219E+000  1.0079168255188886E+000  1.0087680034185227E+000  1.0095521391139706E+000
  1.0102636567031200E+000  1.0108975249647238E+000  1.0114492857092230E+000  1.0119150763609865E+000  1.0122916492716447E+000
  1.0125763869667326E+000  1.0127673150387178E+000  1.0128631112157274E+000  1.0128631112157347E+000  1.0127673150387380E+000
  1.0125763869667652E+000  1.0122916492716887E+000  1.0119150763610398E+000  1.0114492857092832E+000  1.0108975249647887E+000
  1.0102636567031884E+000  1.0095521391140396E+000  1.0087680034185895E+000  1.0079168255189521E+000  1.0070046984574805E+000
  1.0060381936123697E+000  1.0050243291446874E+000  1.0039705180998557E+000  1.0028845361508745E+000  1.0017744485629161E+000
  1.0003272574807567E+000  9.9975705612186405E-001  9.9838346778572351E-001  9.9726139721175344E-001  9.9615795496495985E-001
  9.9508177985887281E-001  9.9404134136682099E-001  9.9304487582400769E-001  9.9210031421077383E-001  9.9121521529973000E-001
  9.9039669762378391E-001  9.8965137458331542E-001  9.8898529437324301E-001  9.8840388288463210E-001  9.8791189134428969E-001
  9.8751335269584350E-001  9.8721154026189140E-001  9.8700893874355433E-001  9.8690721753390254E-001  9.8690721753390420E-001
  9.8700893874356532E-001  9.8721154026190816E-001  9.8751335269586926E-001  9.8791189134431812E-001  9.8840388288466807E-001
  9.8898529437328175E-001  9.8965137458335439E-001  9.9039669762382543E-001  9.9121521529976986E-001  9.9210031421081191E-001
  9.9304487582404755E-001  9.9404134136686528E-001  9.9508177985891688E-001  9.9615795496500337E-001  9.9726139721179186E-001
  9.9838346778575471E-001  9.9975705612219845E-001
BLOCK 41   2.2842480273600225E+000
  1.0003321350421093E+000  1.0017979892799898E+000  1.0029217626761560E+000  1.0040210666020752E+000  1.0050877416246897E+000
  1.0061139240018602E+000  1.0070921183796055E+000  1.0080152298361253E+000  1.0088766168247141E+000  1.0096701226856020E+000
  1.0103901138901319E+000  1.0110315083866301E+000  1.0115898033825448E+000  1.0120610975418560E+000  1.0124421110766884E+000
  1.0127302014203821E+000  1.0129233751707283E+000  1.0130202974755544E+000  1.0130202974755631E+000  1.0129233751707520E+000
  1.0127302014204203E+000  1.0124421110767403E+000  1.0120610975419171E+000  1.0115898033826123E+000  1.0110315083867021E+000
  1.0103901138902061E+000  1.0096701226856755E+000  1.0088766168247845E+000  1.0080152298361891E+000  1.0070921183796595E+000
  1.0061139240019057E+000  1.0050877416247233E+000  1.0040210666020946E+000  1.0029217626761602E+000  1.0017979892799789E+000
  1.0003321350421523E+000  9.9975482188352871E-001  9.9836476804260454E-001  9.9722857727094516E-001  9.9611118068090920E-001
  9.9502133257937886E-001  9.9396761648787213E-001  9.9295838008735626E-001  9.9200166429173875E-001  9.9110513334347039E-001
  9.9027600589825338E-001  9.8952099058510157E-001  9.8884622280166923E-001  9.8825720758612356E-001  9.8775876778152039E-001
  9.8735499525618020E-001  9.8704921350527020E-001  9.8684394332788372E-001  9.8674088115586456E-001  9.8674088115586978E-001
  9.8684394332789283E-001  9.8704921350528818E-001  9.8735499525620130E-001  9.8775876778155292E-001  9.8825720758615798E-001
  9.8884622280170764E-001  9.8952099058514387E-001  9.9027600589829401E-001  9.9110513334351136E-001  9.9200166429177705E-001
  9.9295838008739401E-001  9.9396761648791154E-001  9.9502133257942138E-001  9.9611118068095217E-001  9.9722857727098813E-001
  9.9836476804264584E-001  9.9975482188387410E-001
BLOCK 42   2.3413542280440236E+000
  1.0003370790920902E+000  1.0018220799914976E+000  1.0029599528509137E+000  1.0040729845438194E+000  1.0051529203427347E+000
  1.0061918037822215E+000  1.0071820544754706E+000  1.0081164980624431E+000  1.0089884200326416E+000  1.0097915971824232E+000
  1.0105203364172290E+000  1.0111695022891691E+000  1.0117345455113635E+000  1.0122115247202463E+000  1.0125971266696234E+000
  1.0128886818334741E+000  1.0130841771550059E+000  1.0131822638963195E+000  1.0131822638963282E+000  1.0130841771550334E+000
  1.0128886818335190E+000  1.0125971266696803E+000  1.0122115247203145E+000  1.0117345455114382E+000  1.0111695022892486E+000
  1.0105203364173094E+000  1.0097915971825016E+000  1.0089884200327137E+000  1.0081164980625066E+000  1.0071820544755241E+000
  1.0061918037822637E+000  1.0051529203427640E+000  1.0040729845438345E+000  1.0029599528509177E+000  1.0018220799914876E+000
  1.0003370790921278E+000  9.9975244203955849E-001  9.9834535988337725E-001  9.9719463852111589E-001  9.9606288756234773E-001
  9.9495897744007911E-001  9.9389160898407813E-001  9.9286924554427802E-001  9.9190003973574603E-001  9.9099176338638995E-001
  9.9015173862148176E-001  9.8938677014042142E-001  9.8870308287439779E-001  9.8810626306572913E-001  9.8760120374340155E-001
  9.8719205901221507E-001  9.8688220144493588E-001  9.8667419172790183E-001  9.8656975251238310E-001  9.8656975251238532E-001
  9.8667419172791160E-001  9.8688220144495076E-001  9.8719205901223994E-001  9.8760120374342741E-001  9.8810626306576532E-001
  9.8870308287443764E-001  9.8938677014046217E-001  9.9015173862152350E-001  9.9099176338642803E-001  9.9190003973578567E-001
  9.9286924554431610E-001  9.9389160898411510E-001  9.9495897744011863E-001  9.9606288756239258E-001  9.9719463852116386E-001
  9.9834535988342177E-001  9.9975244203991198E-001
BLOCK 43   2.3984604287280247E+000
  1.0003420886850058E+000  1.0018467168668046E+000  1.0029991124771747E+000  1.0041262849517436E+000  1.0052198819536791E+000
  1.0062718548313134E+000  1.0072745337436317E+000  1.0082206619526497E+000  1.0091034494158446E+000  1.0099166036213740E+000
  1.0106543691742611E+000  1.0113115552635477E+000  1.0118835638573733E+000  1.0123664121867886E+000  1.0127567522634575E+000
  1.0130518865332736E+000  1.0132497798973779E+000  1.0133490695919714E+000  1.0133490695919827E+000  1.0132497798974094E+000
  1.0130518865333220E+000  1.0127567522635212E+000  1.0123664121868612E+000  1.0118835638574557E+000  1.0113115552636329E+000
  1.0106543691743470E+000  1.0099166036214553E+000  1.0091034494159172E+000  1.0082206619527136E+000  1.0072745337436859E+000
  1.0062718548313532E+000  1.0052198819537046E+000  1.0041262849517583E+000  1.0029991124771733E+000  1.0018467168667839E+000
  1.0003420886850436E+000  9.9974990239156125E-001  9.9832523368398396E-001  9.9715956319873178E-001  9.9601305140454433E-001
  9.9489468717921137E-001  9.9381328893365040E-001  9.9277743830513920E-001  9.9179540284748224E-001  9.9087506540534176E-001
  9.9002385250799030E-001  9.8924866798179267E-001  9.8855582764441019E-001  9.8795099923984631E-001  9.8743914876216432E-001
  9.8702449131446268E-001  9.8671045221558740E-001  9.8649963186010337E-001  9.8639378069779193E-001  9.8639378069779493E-001
  9.8649963186011136E-001  9.8671045221560405E-001  9.8702449131448156E-001  9.8743914876219341E-001  9.8795099923987928E-001
  9.8855582764444860E-001  9.8924866798183209E-001  9.9002385250802938E-001  9.9087506540538284E-001  9.9179540284751999E-001
  9.9277743830517728E-001  9.9381328893369014E-001  9.9489468717925200E-001  9.9601305140459062E-001  9.9715956319877819E-001
  9.9832523368402970E-001  9.9974990239192307E-001
BLOCK 44   2.4555666294120257E+000
  1.0003471612118886E+000  1.0018719036935424E+000  1.0030392441820646E+000  1.0041809777892876E+000  1.0052886451467657E+000
  1.0063540999335889E+000  1.0073695839358741E+000  1.0083277544922289E+000  1.0092217426296222E+000  1.0100451841227811E+000
  1.0107922585804716E+000  1.0114577173048112E+000  1.0120369120906867E+000  1.0125258166176201E+000  1.0129210466960594E+000
  1.0132198748234935E+000  1.0134202443198161E+000  1.0135207756767357E+000  1.0135207756767466E+000  1.0134202443198497E+000
  1.0132198748235457E+000  1.0129210466961274E+000  1.0125258166177020E+000  1.0120369120907728E+000  1.0114577173049026E+000
  1.0107922585805611E+000  1.0100451841228635E+000  1.0092217426296985E+000  1.0083277544922933E+000  1.0073695839359249E+000
  1.0063540999336282E+000  1.0052886451467935E+000  1.0041809777892963E+000  1.0030392441820541E+000  1.0018719036935180E+000
  1.0003471612119237E+000  9.9974720526743299E-001  9.9830437103616698E-001  9.9712333453626356E-001  9.9596164916661589E-001
  9.9482843195059012E-001  9.9373262341671387E-001  9.9268292262882540E-001  9.9168771531536959E-001  9.9075499742808626E-001
  9.8989230366147218E-001  9.8910663791936859E-001  9.8840440809988894E-001  9.8779136558775704E-001  9.8727254955371802E-001
  9.8685223969119451E-001  9.8653391341537156E-001  9.8632021210857224E-001  9.8621291343421191E-001  9.8621291343421469E-001
  9.8632021210858134E-001  9.8653391341538454E-001  9.8685223969121805E-001  9.8727254955374499E-001  9.8779136558778990E-001
  9.8840440809992136E-001  9.8910663791940612E-001  9.8989230366151193E-001  9.9075499742812578E-001  9.9168771531541000E-001
  9.9268292262886493E-001  9.9373262341675728E-001  9.9482843195063730E-001  9.9596164916665897E-001  9.9712333453630908E-001
  9.9830437103621295E-001  9.9974720526779848E-001
BLOCK 45   2.5126728300960268E+000
  1.0003522945830572E+000  1.0018976399519117E+000  1.0030803578547736E+000  1.0042370738357000E+000  1.0053592258416999E+000
  1.0064385640835833E+000  1.0074672347368188E+000  1.0084378096618507E+000  1.0093433385609190E+000  1.0101773818184527E+000
  1.0109340518016761E+000  1.0116080398319891E+000  1.0121946449478352E+000  1.0126897956801615E+000  1.0130900691514715E+000
  1.0133927080550291E+000  1.0135956315264125E+000  1.0136974441312658E+000  1.0136974441312769E+000  1.0135956315264461E+000
  1.0133927080550844E+000  1.0130900691515443E+000  1.0126897956802443E+000  1.0121946449479293E+000  1.0116080398320835E+000
  1.0109340518017689E+000  1.0101773818185411E+000  1.0093433385609962E+000  1.0084378096619155E+000  1.0074672347368707E+000
  1.0064385640836244E+000  1.0053592258417221E+000  1.0042370738357029E+000  1.0030803578547591E+000  1.0018976399518804E+000
  1.0003522945830929E+000  9.9974433734746992E-001  9.9828276004348593E-001  9.9708593085596542E-001  9.9590865970847298E-001
  9.9476018615451900E-001  9.9364957892052808E-001  9.9258566206419119E-001  9.9157693772557309E-001  9.9063151780337266E-001
  9.8975704687644595E-001  9.8896063130762357E-001  9.8824877292184754E-001  9.8762730782218711E-001  9.8710135144455247E-001
  9.8667524833571374E-001  9.8635252947262264E-001  9.8613587645682954E-001  9.8602709468025385E-001  9.8602709468025806E-001
  9.8613587645683831E-001  9.8635252947264007E-001  9.8667524833573406E-001  9.8710135144457911E-001  9.8762730782221575E-001
  9.8824877292188096E-001  9.8896063130765799E-001  9.8975704687648403E-001  9.9063151780341141E-001  9.9157693772561428E-001
  9.9258566206423815E-001  9.9364957892057537E-001  9.9476018615456496E-001  9.9590865970852172E-001  9.9708593085600938E-001
  9.9828276004352834E-001  9.9974433734784074E-001
BLOCK 46   2.5697790307800279E+000
  1.0003574870916585E+000  1.0019239279099701E+000  1.0031224582410794E+000  1.0042945877359375E+000  1.0054316418297553E+000
  1.0065252690554520E+000  1.0075675167493903E+000  1.0085508635614369E+000  1.0094682771617680E+000  1.0103132413311304E+000
  1.0110797979789572E+000  1.0117625758798316E+000  1.0123568190817867E+000  1.0128584081128620E+000  1.0132638812244144E+000
  1.0135704495016762E+000  1.0137760054023142E+000  1.0138791386812673E+000  1.0138791386812789E+000  1.0137760054023492E+000
  1.0135704495017328E+000  1.0132638812244901E+000  1.0128584081129519E+000  1.0123568190818824E+000  1.0117625758799320E+000
  1.0110797979790529E+000  1.0103132413312199E+000  1.0094682771618462E+000  1.0085508635615050E+000  1.0075675167494471E+000
  1.0065252690554876E+000  1.0054316418297728E+000  1.0042945877359364E+000  1.0031224582410603E+000  1.0019239279099368E+000
  1.0003574870916931E+000  9.9974130124754201E-001  9.9826038384100613E-001  9.9704733400548540E-001  9.9585405537703220E-001
  9.9468992077939111E-001  9.9356412466479349E-001  9.9248561799552293E-001  9.9146302854391866E-001  9.9050458260893137E-001
  9.8961803535783521E-001  9.8881059806798854E-001  9.8808886899084014E-001  9.8745877191389231E-001  9.8692549930065665E-001
  9.8649346162945850E-001  9.8616624357322735E-001  9.8594656784076695E-001  9.8583626776136535E-001  9.8583626776136679E-001
  9.8594656784077783E-001  9.8616624357324212E-001  9.8649346162947815E-001  9.8692549930067797E-001  9.8745877191391984E-001
  9.8808886899087167E-001  9.8881059806802329E-001  9.8961803535787007E-001  9.9050458260897212E-001  9.9146302854396540E-001
  9.9248561799557078E-001  9.9356412466484345E-001  9.9468992077944218E-001  9.9585405537707938E-001  9.9704733400553269E-001
  9.9826038384105020E-001  9.9974130124791394E-001
BLOCK 47   2.6268852314640290E+000
  1.0003627365100511E+000  1.0019507692882301E+000  1.0031655547303537E+000  1.0043535316068961E+000  1.0055059140845888E+000
  1.0066142403421514E+000  1.0076704585301894E+000  1.0086669524988165E+000  1.0095966007501673E+000  1.0104528088710947E+000
  1.0112295474571624E+000  1.0119213794953321E+000  1.0125234912215177E+000  1.0130317143975358E+000  1.0134425458667735E+000
  1.0137531616337156E+000  1.0139614309265663E+000  1.0140659244231991E+000  1.0140659244232131E+000  1.0139614309266036E+000
  1.0137531616337743E+000  1.0134425458668508E+000  1.0130317143976257E+000  1.0125234912216177E+000  1.0119213794954336E+000
  1.0112295474572628E+000  1.0104528088711850E+000  1.0095966007502508E+000  1.0086669524988887E+000  1.0076704585302427E+000
  1.0066142403421869E+000  1.0055059140846025E+000  1.0043535316068908E+000  1.0031655547303320E+000  1.0019507692881959E+000
  1.0003627365100869E+000  9.9973808349726101E-001  9.9823722981825957E-001  9.9700752325967534E-001  9.9579781406781076E-001
  9.9461760575303981E-001  9.9347622701815863E-001  9.9238275655690122E-001  9.9134594626177952E-001  9.9037414512198274E-001
  9.8947521963096152E-001  9.8865648601156941E-001  9.8792464216226628E-001  9.8728570163558471E-001  9.8674493522558571E-001
  9.8630682015607973E-001  9.8597499533498145E-001  9.8575222534146201E-001  9.8564037108701796E-001  9.8564037108702285E-001
  9.8575222534146856E-001  9.8597499533499422E-001  9.8630682015609672E-001  9.8674493522560647E-001  9.8728570163560869E-001
  9.8792464216229436E-001  9.8865648601160161E-001  9.8947521963100005E-001  9.9037414512202560E-001  9.9134594626182537E-001
  9.9238275655695196E-001  9.9347622701821103E-001  9.9461760575309266E-001  9.9579781406786250E-001  9.9700752325972219E-001
  9.9823722981830643E-001  9.9973808349763782E-001
BLOCK 48   2.6839914321480300E+000
  1.0003680417237515E+000  1.0019781663776435E+000  1.0032096544420401E+000  1.0044139206032066E+000  1.0055820610416888E+000
  1.0067055043844679E+000  1.0077760921407939E+000  1.0087861116268344E+000  1.0097283517683318E+000  1.0105961332717535E+000
  1.0113833524671696E+000  1.0120845060569017E+000  1.0126947207609316E+000  1.0132097761621432E+000  1.0136261266154007E+000
  1.0139409114880895E+000  1.0141519739507303E+000  1.0142578694724060E+000  1.0142578694724178E+000  1.0141519739507685E+000
  1.0139409114881501E+000  1.0136261266154776E+000  1.0132097761622354E+000  1.0126947207610311E+000  1.0120845060570047E+000
  1.0113833524672704E+000  1.0105961332718516E+000  1.0097283517684188E+000  1.0087861116269043E+000  1.0077760921408461E+000
  1.0067055043845003E+000  1.0055820610417017E+000  1.0044139206031995E+000  1.0032096544420184E+000  1.0019781663776093E+000
  1.0003680417237870E+000  9.9973468732218751E-001  9.9821328129785958E-001  9.9696647876517941E-001  9.9573990840546045E-001
  9.9454321196573703E-001  9.9338585104273025E-001  9.9227703754020946E-001  9.9122565004395780E-001  9.9024015814618294E-001
  9.8932854717528507E-001  9.8849824162116606E-001  9.8775603786550381E-001  9.8710804042029676E-001  9.8655960080247584E-001
  9.8611526390125537E-001  9.8577872413073386E-001  9.8555278712125360E-001  9.8543934222335627E-001  9.8543934222335650E-001
  9.8555278712126093E-001  9.8577872413074363E-001  9.8611526390126902E-001  9.8655960080249505E-001  9.8710804042031808E-001
  9.8775603786552857E-001  9.8849824162119648E-001  9.8932854717532404E-001  9.9024015814622746E-001  9.9122565004400576E-001
  9.9227703754026031E-001  9.9338585104278510E-001  9.9454321196579121E-001  9.9573990840551352E-001  9.9696647876523170E-001
  9.9821328129790909E-001  9.9973468732256687E-001
BLOCK 49   2.7410976328320311E+000
  1.0003734006584950E+000  1.0020061224701822E+000  1.0032547672621923E+000  1.0044757692698612E+000  1.0056601050409328E+000
  1.0067990869288725E+000  1.0078844504722162E+000  1.0089083803279035E+000  1.0098635724639176E+000  1.0107432624221000E+000
  1.0115412667976895E+000  1.0122520131457016E+000  1.0128705676989984E+000  1.0133926563844227E+000  1.0138146874094385E+000
  1.0141337646794713E+000  1.0143477039666240E+000  1.0144550417327121E+000  1.0144550417327256E+000  1.0143477039666606E+000
  1.0141337646795301E+000  1.0138146874095177E+000  1.0133926563845135E+000  1.0128705676990970E+000  1.0122520131458053E+000
  1.0115412667977970E+000  1.0107432624222004E+000  1.0098635724640053E+000  1.0089083803279748E+000  1.0078844504722670E+000
  1.0067990869289016E+000  1.0056601050409446E+000  1.0044757692698567E+000  1.0032547672621717E+000  1.0020061224701462E+000
  1.0003734006585301E+000  9.9973109896750834E-001  9.9818852506707967E-001  9.9692418040469777E-001  9.9568031504080323E-001
  9.9446670929830772E-001  9.9329296338001494E-001  9.9216842168106334E-001  9.9110209398007609E-001  9.9010257499875731E-001
  9.8917796736751307E-001  9.8833580888375405E-001  9.8758299785688342E-001  9.8692572900254949E-001  9.8636943459534165E-001
  9.8591872988818874E-001  9.8557736453211642E-001  9.8534818688455228E-001  9.8523311431683402E-001  9.8523311431683558E-001
  9.8534818688455406E-001  9.8557736453212375E-001  9.8591872988820006E-001  9.8636943459535520E-001  9.8692572900256959E-001
  9.8758299785690873E-001  9.8833580888378636E-001  9.8917796736754937E-001  9.9010257499880128E-001  9.9110209398012628E-001
  9.9216842168111619E-001  9.9329296338006823E-001  9.9446670929836367E-001  9.9568031504085963E-001  9.9692418040475450E-001
  9.9818852506713318E-001  9.9973109896788837E-001
BLOCK 50   2.7982038335160322E+000
  1.0003788125685182E+000  1.0020346404716569E+000  1.0033009020779238E+000  1.0045390933390332E+000  1.0057400665514247E+000
  1.0068950166210486E+000  1.0079955664901010E+000  1.0090337978550297E+000  1.0100023085417384E+000  1.0108942449936966E+000
  1.0117033444620072E+000  1.0124239602925136E+000  1.0130510942482129E+000  1.0135804195035618E+000  1.0140082956099064E+000
  1.0143317900826876E+000  1.0145486901546115E+000  1.0146575129925328E+000  1.0146575129925455E+000  1.0145486901546483E+000
  1.0143317900827469E+000  1.0140082956099821E+000  1.0135804195036520E+000  1.0130510942483131E+000  1.0124239602926208E+000
  1.0117033444621144E+000  1.0108942449937968E+000  1.0100023085418266E+000  1.0090337978551003E+000  1.0079955664901514E+000
  1.0068950166210802E+000  1.0057400665514371E+000  1.0045390933390290E+000  1.0033009020779031E+000  1.0020346404716212E+000
  1.0003788125685535E+000  9.9972732221441007E-001  9.9816294493832114E-001  9.9688060762660113E-001  9.9561900726187302E-001
  9.9438806698195426E-001  9.9319752612034184E-001  9.9205686742261956E-001  9.9097523235140861E-001  9.8996134465589825E-001
  9.8902342867018833E-001  9.8816913338950230E-001  9.8740546285985642E-001  9.8673870573561107E-001  9.8617437490602056E-001
  9.8571715406874538E-001  9.8537085127743651E-001  9.8513835774467839E-001  9.8502162014251549E-001  9.8502162014251526E-001
  9.8513835774468084E-001  9.8537085127743995E-001  9.8571715406875160E-001  9.8617437490603377E-001  9.8673870573562839E-001
  9.8740546285988418E-001  9.8816913338953394E-001  9.8902342867022708E-001  9.8996134465594132E-001  9.9097523235145746E-001
  9.9205686742267307E-001  9.9319752612039824E-001  9.9438806698201276E-001  9.9561900726193486E-001  9.9688060762666020E-001
  9.9816294493837820E-001  9.9972732221479377E-001
BLOCK 51   2.8553100342000333E+000
  1.0003842755652046E+000  1.0020637245869501E+000  1.0033480695019654E+000  1.0046039093135675E+000  1.0058219692175046E+000
  1.0069933218236617E+000  1.0081094760933007E+000  1.0091624042277179E+000  1.0101446053515570E+000  1.0110491330831759E+000
  1.0118696400948863E+000  1.0126004052664979E+000  1.0132363637609396E+000  1.0137731313745473E+000  1.0142070198187338E+000
  1.0145350575980543E+000  1.0147550032350883E+000  1.0148653548457689E+000  1.0148653548457811E+000  1.0147550032351234E+000
  1.0145350575981098E+000  1.0142070198188078E+000  1.0137731313746370E+000  1.0132363637610433E+000  1.0126004052666060E+000
  1.0118696400949916E+000  1.0110491330832754E+000  1.0101446053516430E+000  1.0091624042277869E+000  1.0081094760933542E+000
  1.0069933218236975E+000  1.0058219692175212E+000  1.0046039093135635E+000  1.0033480695019452E+000  1.0020637245869140E+000
  1.0003842755652392E+000  9.9972334335416757E-001  9.9813652797144081E-001  9.9683574140140274E-001  9.9555596041897465E-001
  9.9430725332112102E-001  9.9309950316802198E-001  9.9194233206809623E-001  9.9084501932584723E-001  9.8981641772629270E-001
  9.8886487554998737E-001  9.8799815829153859E-001  9.8722337371209667E-001  9.8654690676074308E-001  9.8597435383371734E-001
  9.8551046845649459E-001  9.8515911466471684E-001  9.8492322898535856E-001  9.8480478766627955E-001  9.8480478766628066E-001
  9.8492322898535867E-001  9.8515911466471662E-001  9.8551046845649848E-001  9.8597435383372700E-001  9.8654690676076251E-001
  9.8722337371212066E-001  9.8799815829157178E-001  9.8886487555002545E-001  9.8981641772633699E-001  9.9084501932589464E-001
  9.9194233206814830E-001  9.9309950316808182E-001  9.9430725332118441E-001  9.9555596041903549E-001  9.9683574140146547E-001
  9.9813652797150310E-001  9.9972334335455193E-001
BLOCK 52   2.9124162348840343E+000
  1.0003897894657217E+000  1.0020933782506014E+000  1.0033962793597044E+000  1.0046702340463969E+000  1.0059058361808375E+000
  1.0070940329096043E+000  1.0082262141678409E+000  1.0092942417724935E+000  1.0102905101942716E+000  1.0112079781285579E+000
  1.0120402108087156E+000  1.0127814091371063E+000  1.0134264404453053E+000  1.0139708600273425E+000  1.0144109301768418E+000
  1.0147436399551728E+000  1.0149667178654986E+000  1.0150786403473042E+000  1.0150786403473153E+000  1.0149667178655308E+000
  1.0147436399552261E+000  1.0144109301769155E+000  1.0139708600274349E+000  1.0134264404454065E+000  1.0127814091372127E+000
  1.0120402108088202E+000  1.0112079781286525E+000  1.0102905101943560E+000  1.0092942417725654E+000  1.0082262141678968E+000
  1.0070940329096427E+000  1.0059058361808568E+000  1.0046702340463975E+000  1.0033962793596847E+000  1.0020933782505608E+000
  1.0003897894657561E+000  9.9971916713862974E-001  9.9810925911030035E-001  9.9678956017417975E-001  9.9549114642543068E-001
  9.9422423470458288E-001  9.9299885466866455E-001  9.9182477294078208E-001  9.9071140626953336E-001  9.8966774213463959E-001
  9.8870225379925403E-001  9.8782282386651388E-001  9.8703666916988542E-001  9.8635026875633214E-001  9.8576930454956768E-001
  9.8529860247763978E-001  9.8494208441380948E-001  9.8470272951245374E-001  9.8458254550884694E-001  9.8458254550884505E-001
  9.8470272951245030E-001  9.8494208441381015E-001  9.8529860247764267E-001  9.8576930454957701E-001  9.8635026875634768E-001
  9.8703666916991151E-001  9.8782282386654552E-001  9.8870225379929344E-001  9.8966774213468145E-001  9.9071140626958165E-001
  9.9182477294083837E-001  9.9299885466872451E-001  9.9422423470464705E-001  9.9549114642549918E-001  9.9678956017424525E-001
  9.9810925911036341E-001  9.9971916713901376E-001
BLOCK 53   2.9695224355680354E+000
  1.0003953528793263E+000  1.0021236069332118E+000  1.0034455436145842E+000  1.0047380859405619E+000  1.0059916924472427E+000
  1.0071971806145097E+000  1.0083458187200502E+000  1.0094293530024125E+000  1.0104400715093005E+000  1.0113708329465720E+000
  1.0122151139826485E+000  1.0129670339389598E+000  1.0136213893527888E+000  1.0141736737627824E+000  1.0146200982887663E+000
  1.0149576107511586E+000  1.0151839074553477E+000  1.0152974446953154E+000  1.0152974446953253E+000  1.0151839074553775E+000
  1.0149576107512119E+000  1.0146200982888398E+000  1.0141736737628690E+000  1.0136213893528871E+000  1.0129670339390626E+000
  1.0122151139827493E+000  1.0113708329466662E+000  1.0104400715093838E+000  1.0094293530024836E+000  1.0083458187201093E+000
  1.0071971806145514E+000  1.0059916924472665E+000  1.0047380859405628E+000  1.0034455436145637E+000  1.0021236069331707E+000
  1.0003953528793599E+000  9.9971478025814497E-001  9.9808112507010183E-001  9.9674204408424572E-001  9.9542453856800839E-001
  9.9413897833916243E-001  9.9289554326765583E-001  9.9170414581335797E-001  9.9057434580877812E-001  9.8951526501988429E-001
  9.8853550620111230E-001  9.8764307078299551E-001  9.8684528357576617E-001  9.8614872382891794E-001  9.8555915735544319E-001
  9.8508148334867052E-001  9.8471968376709518E-001  9.8447678304161035E-001  9.8435481801791402E-001  9.8435481801791225E-001
  9.8447678304160813E-001  9.8471968376709373E-001  9.8508148334867462E-001  9.8555915735545008E-001  9.8614872382893326E-001
  9.8684528357578771E-001  9.8764307078302704E-001  9.8853550620114761E-001  9.8951526501992826E-001  9.9057434580882964E-001
  9.9170414581341348E-001  9.9289554326771845E-001  9.9413897833922937E-001  9.9542453856807700E-001  9.9674204408431599E-001
  9.9808112507016655E-001  9.9971478025852745E-001
BLOCK 54   3.0266286362520365E+000
  1.0004009664246083E+000  1.0021544159879612E+000  1.0034958740123365E+000  1.0048074831930425E+000  1.0060795628140602E+000
  1.0073027969046808E+000  1.0084683275624411E+000  1.0095677822100502E+000  1.0105933379659233E+000  1.0115377527094804E+000
  1.0123944083849408E+000  1.0131573421439901E+000  1.0138212788352614E+000  1.0143816439874396E+000  1.0148345979873494E+000
  1.0151770448153374E+000  1.0154066492175398E+000  1.0155218458822686E+000  1.0155218458822792E+000  1.0154066492175733E+000
  1.0151770448153905E+000  1.0148345979874198E+000  1.0143816439875253E+000  1.0138212788353542E+000  1.0131573421440871E+000
  1.0123944083850371E+000  1.0115377527095728E+000  1.0105933379660088E+000  1.0095677822101239E+000  1.0084683275625006E+000
  1.0073027969047272E+000  1.0060795628140839E+000  1.0048074831930442E+000  1.0034958740123163E+000  1.0021544159879210E+000
  1.0004009664246434E+000  9.9971018773543840E-001  9.9805210987783588E-001  9.9669316989554635E-001  9.9535610796662921E-001
  9.9405144955492475E-001  9.9278952799516751E-001  9.9158040599448127E-001  9.9043378713727026E-001  9.8935893275794973E-001
  9.8836457455039484E-001  9.8745883580276472E-001  9.8664915276666665E-001  9.8594220259396925E-001  9.8534384045738843E-001
  9.8485903831336608E-001  9.8449183856720524E-001  9.8424531272279536E-001  9.8412152853490753E-001  9.8412152853490920E-001
  9.8424531272279570E-001  9.8449183856720490E-001  9.8485903831336685E-001  9.8534384045739798E-001  9.8594220259398269E-001
  9.8664915276668685E-001  9.8745883580278937E-001  9.8836457455043214E-001  9.8935893275799480E-001  9.9043378713732177E-001
  9.9158040599454067E-001  9.9278952799523246E-001  9.9405144955499491E-001  9.9535610796669971E-001  9.9669316989561585E-001
  9.9805210987790627E-001  9.9971018773581966E-001
BLOCK 55   3.0837348369360376E+000
  1.0004066288915114E+000  1.0021858129341008E+000  1.0035472847493305E+000  1.0048784462966553E+000  1.0061694742318326E+000
  1.0074109149032651E+000  1.0085937798868572E+000  1.0097095740388997E+000  1.0107503609237314E+000  1.0117087917750576E+000
  1.0125781546754313E+000  1.0133524001830776E+000  1.0140261751156439E+000  1.0145948424056033E+000  1.0150545028672926E+000
  1.0154020185224095E+000  1.0156350210164917E+000  1.0157519223499898E+000  1.0157519223500029E+000  1.0156350210165266E+000
  1.0154020185224624E+000  1.0150545028673603E+000  1.0145948424056828E+000  1.0140261751157311E+000  1.0133524001831682E+000
  1.0125781546755244E+000  1.0117087917751484E+000  1.0107503609238164E+000  1.0097095740389763E+000  1.0085937798869204E+000
  1.0074109149033084E+000  1.0061694742318585E+000  1.0048784462966585E+000  1.0035472847493114E+000  1.0021858129340619E+000
  1.0004066288915470E+000  9.9970537579384644E-001  9.9802219906507361E-001  9.9664291735956401E-001  9.9528582743581928E-001
  9.9396161491010249E-001  9.9268076999291743E-001  9.9145350809912558E-001  9.9028968097971104E-001  9.8919868942691169E-001
  9.8818939882412948E-001  9.8727005495591325E-001  9.8644820685954548E-001  9.8573063382636583E-001  9.8512327804388944E-001
  9.8463118910738490E-001  9.8425847032018365E-001  9.8400823872865750E-001  9.8388259340828932E-001  9.8388259340828899E-001
  9.8400823872865995E-001  9.8425847032018576E-001  9.8463118910738978E-001  9.8512327804389554E-001  9.8573063382637827E-001
  9.8644820685956203E-001  9.8727005495594011E-001  9.8818939882416401E-001  9.8919868942695577E-001  9.9028968097976511E-001
  9.9145350809918709E-001  9.9268076999298582E-001  9.9396161491017287E-001  9.9528582743589289E-001  9.9664291735963828E-001
  9.9802219906514278E-001  9.9970537579422492E-001
BLOCK 56   3.1408410376200386E+000
  1.0004123410558343E+000  1.0022178036104468E+000  1.0035997894765774E+000  1.0049509962436707E+000  1.0062614540772175E+000
  1.0075215678610356E+000  1.0087222154063111E+000  1.0098547747055502E+000  1.0109111910216602E+000  1.0118840085132608E+000
  1.0127664156149010E+000  1.0135522730716897E+000  1.0142361509473719E+000  1.0148133405221516E+000  1.0152798895627617E+000
  1.0156326112460208E+000  1.0158691033407317E+000  1.0159877555300278E+000  1.0159877555300383E+000  1.0158691033407652E+000
  1.0156326112460752E+000  1.0152798895628279E+000  1.0148133405222242E+000  1.0142361509474531E+000  1.0135522730717763E+000
  1.0127664156149894E+000  1.0118840085133491E+000  1.0109111910217461E+000  1.0098547747056283E+000  1.0087222154063735E+000
  1.0075215678610816E+000  1.0062614540772414E+000  1.0049509962436760E+000  1.0035997894765620E+000  1.0022178036104068E+000
  1.0004123410558698E+000  9.9970034964067100E-001  9.9799137652900605E-001  9.9659126260615982E-001  9.9521366717478443E-001
  9.9386943855310594E-001  9.9256922753127419E-001  9.9132340564708843E-001  9.9014197431844808E-001  9.8903447827618429E-001
  9.8800991687123507E-001  9.8707666193289012E-001  9.8624237668881276E-001  9.8551394320313490E-001  9.8489739559477818E-001
  9.8439785867012519E-001  9.8401949883933237E-001  9.8376547960710103E-001  9.8363793142176270E-001  9.8363793142176481E-001
  9.8376547960710115E-001  9.8401949883933937E-001  9.8439785867013074E-001  9.8489739559478395E-001  9.8551394320314400E-001
  9.8624237668883175E-001  9.8707666193291577E-001  9.8800991687126882E-001  9.8903447827622715E-001  9.9014197431850304E-001
  9.9132340564715149E-001  9.9256922753134291E-001  9.9386943855318044E-001  9.9521366717485937E-001  9.9659126260623476E-001
  9.9799137652907866E-001  9.9970034964104448E-001
BLOCK 57   3.1979472383040397E+000
  1.0004181016042217E+000  1.0022503961288649E+000  1.0036534038157501E+000  1.0050251558197307E+000  1.0063555316175750E+000
  1.0076347914887023E+000  1.0088536752976807E+000  1.0100034306036578E+000  1.0110758821650492E+000  1.0120634610757999E+000
  1.0129592526627322E+000  1.0137570303543544E+000  1.0144512754876629E+000  1.0150372148968678E+000  1.0155108342700638E+000
  1.0158689017468214E+000  1.0161089775332224E+000  1.0162294272474257E+000  1.0162294272474370E+000  1.0161089775332537E+000
  1.0158689017468681E+000  1.0155108342701242E+000  1.0150372148969384E+000  1.0144512754877397E+000  1.0137570303544361E+000
  1.0129592526628186E+000  1.0120634610758894E+000  1.0110758821652615E+000  1.0100034306037324E+000  1.0088536752977426E+000
  1.0076347914887489E+000  1.0063555316176023E+000  1.0050251558197356E+000  1.0036534038157325E+000  1.0022503961288267E+000
  1.0004181016042597E+000  9.9969509561117031E-001  9.9795962813217098E-001  9.9653818512973835E-001  9.9513959934135932E-001
  9.9377488649536094E-001  9.9245486047659026E-001  9.9119005172341135E-001  9.8999061502842434E-001  9.8886624051807570E-001
  9.8782606526246441E-001  9.8687858778594129E-001  9.8603158875646735E-001  9.8529205527258168E-001  9.8466611283423577E-001
  9.8415896480393816E-001  9.8377483884489647E-001  9.8351694802544820E-001  9.8338745674601491E-001  9.8338745674601302E-001
  9.8351694802545342E-001  9.8377483884489836E-001  9.8415896480394383E-001  9.8466611283424299E-001  9.8529205527259323E-001
  9.8603158875648367E-001  9.8687858778596593E-001  9.8782606526249950E-001  9.8886624051812055E-001  9.8999061502847718E-001
  9.9119005172347407E-001  9.9245486047666276E-001  9.9377488649543710E-001  9.9513959934143781E-001  9.9653818512981374E-001
  9.9795962813224159E-001  9.9969509561154024E-001
BLOCK 58   3.2550534389880408E+000
  1.0004239118800002E+000  1.0022835970944737E+000  1.0037081421007008E+000  1.0051009468167438E+000  1.0064517363779173E+000
  1.0077506217074186E+000  1.0089882017012239E+000  1.0101555908918689E+000  1.0112444880954408E+000  1.0122472078687936E+000
  1.0131567329567881E+000  1.0139667386852977E+000  1.0146716245644998E+000  1.0152665416791196E+000  1.0157474183498181E+000
  1.0161109718067260E+000  1.0163547267089479E+000  1.0164770225596007E+000  1.0164770225596105E+000  1.0163547267089732E+000
  1.0161109718067669E+000  1.0157474183498736E+000  1.0152665416791864E+000  1.0146716245645715E+000  1.0139667386853743E+000
  1.0131567329568869E+000  1.0122472078689455E+000  1.0112444880954721E+000  1.0101555908919302E+000  1.0089882017012710E+000
  1.0077506217074637E+000  1.0064517363779453E+000  1.0051009468167491E+000  1.0037081421006842E+000  1.0022835970944366E+000
  1.0004239118800393E+000  9.9968961930516986E-001  9.9792693759753537E-001  9.9648366104450614E-001  9.9506359388843379E-001
  9.9367792169493030E-001  9.9233762540919401E-001  9.9105339726723829E-001  9.8983554789389994E-001  9.8869391593207256E-001
  9.8763777782668627E-001  9.8667576270412471E-001  9.8581576967008699E-001  9.8506489280999920E-001  9.8442935013738730E-001
  9.8391442311886468E-001  9.8352440584656275E-001  9.8326255998263401E-001  9.8313108227565371E-001  9.8313108227565904E-001
  9.8326255998263257E-001  9.8352440584656531E-001  9.8391442311886868E-001  9.8442935013739763E-001  9.8506489281001230E-001
  9.8581576967010431E-001  9.8667576270414936E-001  9.8763777782672013E-001  9.8869391593211686E-001  9.8983554789395367E-001
  9.9105339726730113E-001  9.9233762540926529E-001  9.9367792169500901E-001  9.9506359388851195E-001  9.9648366104458375E-001
  9.9792693759760709E-001  9.9968961930553146E-001
BLOCK 59   3.3121596396720419E+000
  1.0004297709495746E+000  1.0023174157191159E+000  1.0037640206185197E+000  1.0051783931170475E+000  1.0065500989024987E+000
  1.0078690963595174E+000  1.0091258397352261E+000  1.0103113052889874E+000  1.0114170634708521E+000  1.0124353118548477E+000
  1.0133589207922200E+000  1.0141814694234614E+000  1.0148972701666203E+000  1.0155013998702966E+000  1.0159897218712768E+000
  1.0163589051368989E+000  1.0166064348670605E+000  1.0167306255719319E+000  1.0167306255719377E+000  1.0166064348670811E+000
  1.0163589051369357E+000  1.0159897218713250E+000  1.0155013998703537E+000  1.0148972701666910E+000  1.0141814694235656E+000
  1.0133589207923537E+000  1.0124353118548794E+000  1.0114170634709105E+000  1.0103113052890702E+000  1.0091258397352911E+000
  1.0078690963595487E+000  1.0065500989025224E+000  1.0051783931170546E+000  1.0037640206185046E+000  1.0023174157190784E+000
  1.0004297709496162E+000  9.9968390732830670E-001  9.9789329132790938E-001  9.9642767010943001E-001  9.9498562279020930E-001
  9.9357850925127345E-001  9.9221748024364398E-001  9.9091339333943851E-001  9.8967671746441621E-001  9.8851744249939733E-001
  9.8744498768419686E-001  9.8646811437780202E-001  9.8559484293620148E-001  9.8483237416320180E-001  9.8418702110876921E-001
  9.8366414675866276E-001  9.8326811033693118E-001  9.8300222346447697E-001  9.8286871640446016E-001  9.8286871640445350E-001
  9.8300222346447819E-001  9.8326811033693151E-001  9.8366414675866842E-001  9.8418702110877643E-001  9.8483237416321678E-001
  9.8559484293622435E-001  9.8646811437782866E-001  9.8744498768423061E-001  9.8851744249944029E-001  9.8967671746447117E-001
  9.9091339333950301E-001  9.9221748024371537E-001  9.9357850925134916E-001  9.9498562279029035E-001  9.9642767010950684E-001
  9.9789329132797999E-001  9.9968390732866252E-001
BLOCK 60   3.3692658403560429E+000
  1.0004356805553103E+000  1.0023518590603095E+000  1.0038210548517159E+000  1.0052575173062572E+000  1.0066506498974539E+000
  1.0079902539535295E+000  1.0092666337622060E+000  1.0104706249903754E+000  1.0115936677176307E+000  1.0126278339801522E+000
  1.0135658838638095E+000  1.0144012952622028E+000  1.0151282898319174E+000  1.0157418683207675E+000  1.0162378292037260E+000
  1.0166127874071373E+000  1.0168641899706843E+000  1.0169903232566340E+000  1.0169903232566400E+000  1.0168641899707025E+000
  1.0166127874071660E+000  1.0162378292037659E+000  1.0157418683208241E+000  1.0151282898320175E+000  1.0144012952623185E+000
  1.0135658838638411E+000  1.0126278339802186E+000  1.0115936677177195E+000  1.0104706249904258E+000  1.0092666337622707E+000
  1.0079902539535832E+000  1.0066506498974672E+000  1.0052575173062575E+000  1.0038210548517028E+000  1.0023518590602769E+000
  1.0004356805553516E+000  9.9967796604439108E-001  9.9785867373143944E-001  9.9637018832693558E-001  9.9490565507572848E-001
  9.9347661081126204E-001  9.9209437994958838E-001  9.9076998773914093E-001  9.8951406534329633E-001  9.8833675666125709E-001
  9.8724762622153051E-001  9.8625556985171092E-001  9.8536872945590837E-001  9.8459441674240022E-001  9.8393904125248099E-001
  9.8340804823326855E-001  9.8300586290267022E-001  9.8273584762941568E-001  9.8260026824394997E-001  9.8260026824395197E-001
  9.8273584762941069E-001  9.8300586290267289E-001  9.8340804823327199E-001  9.8393904125248977E-001  9.8459441674241666E-001
  9.8536872945593090E-001  9.8625556985174179E-001  9.8724762622156692E-001  9.8833675666130172E-001  9.8951406534334974E-001
  9.9076998773920499E-001  9.9209437994965965E-001  9.9347661081133909E-001  9.9490565507580520E-001  9.9637018832701174E-001
  9.9785867373151027E-001  9.9967796604473980E-001
BLOCK 61   3.4263720410400440E+000
  1.0004416402117171E+000  1.0023869374042460E+000  1.0038792617500090E+000  1.0053383448740700E+000  1.0067534222422720E+000
  1.0081141333990904E+000  1.0094106304216104E+000  1.0106336046486220E+000  1.0117743580071428E+000  1.0128248381827387E+000
  1.0137776918701575E+000  1.0146262887035553E+000  1.0153647614877108E+000  1.0159880286693392E+000  1.0164918229983828E+000
  1.0168727048794894E+000  1.0171280783670698E+000  1.0172562042402735E+000  1.0172562042402795E+000  1.0171280783670813E+000
  1.0168727048795108E+000  1.0164918229984274E+000  1.0159880286694307E+000  1.0153647614878039E+000  1.0146262887035824E+000
  1.0137776918702306E+000  1.0128248381828264E+000  1.0117743580071927E+000  1.0106336046487006E+000  1.0094106304216015E+000
  1.0081141333990993E+000  1.0067534222422574E+000  1.0053383448740674E+000  1.0038792617499914E+000  1.0023869374042116E+000
  1.0004416402117622E+000  9.9967178250405875E-001  9.9782307201785447E-001  9.9631119566573678E-001  9.9482366226071872E-001
  9.9337219020532852E-001  9.9196828008063553E-001  9.9062312916013151E-001  9.8934753334856496E-001  9.8815179418780952E-001
  9.8704562299511678E-001  9.8603805156328206E-001  9.8513734748538440E-001  9.8435093456389400E-001  9.8368532107867201E-001
  9.8314603418672386E-001  9.8273756801012546E-001  9.8246333686020826E-001  9.8232563994385269E-001  9.8232563994385125E-001
  9.8246333686021203E-001  9.8273756801012291E-001  9.8314603418672852E-001  9.8368532107868190E-001  9.8435093456391076E-001
  9.8513734748540982E-001  9.8603805156331137E-001  9.8704562299515741E-001  9.8815179418785681E-001  9.8934753334861925E-001
  9.9062312916019413E-001  9.9196828008070748E-001  9.9337219020540335E-001  9.9482366226079488E-001  9.9631119566581050E-001
  9.9782307201792475E-001  9.9967178250440014E-001
BLOCK 62   3.4834782417240451E+000
  1.0004476522425865E+000  1.0024226587412808E+000  1.0039386583340089E+000  1.0054209000421295E+000  1.0068584474051880E+000
  1.0082407750380031E+000  1.0095578779348022E+000  1.0108002963526341E+000  1.0119591943064319E+000  1.0130263908242887E+000
  1.0139944155074374E+000  1.0148565276654649E+000  1.0156067644838209E+000  1.0162399653239087E+000  1.0167517903896868E+000
  1.0171387447645952E+000  1.0173981910106749E+000  1.0175283602695642E+000  1.0175283602695639E+000  1.0173981910106837E+000
  1.0171387447646298E+000  1.0167517903897636E+000  1.0162399653239771E+000  1.0156067644838433E+000  1.0148565276655377E+000
  1.0139944155075182E+000  1.0130263908243444E+000  1.0119591943065125E+000  1.0108002963526255E+000  1.0095578779348442E+000
  1.0082407750380393E+000  1.0068584474051883E+000  1.0054209000420966E+000  1.0039386583339833E+000  1.0024226587412439E+000
  1.0004476522426318E+000  9.9966536347338686E-001  9.9778647050671643E-001  9.9625066803753337E-001  9.9473961262141353E-001
  9.9326520709167387E-001  9.9183913330979245E-001  9.9047276323443711E-001  9.8917706141785311E-001  9.8796248801387043E-001
  9.8683890423800502E-001  9.8581548146720754E-001  9.8490061463740997E-001  9.8410184178269045E-001  9.8342576980561380E-001
  9.8287801249882634E-001  9.8246313194087564E-001  9.8218459438415662E-001  9.8204473568777406E-001  9.8204473568777484E-001
  9.8218459438415517E-001  9.8246313194087975E-001  9.8287801249882978E-001  9.8342576980562302E-001  9.8410184178270865E-001
  9.8490061463743295E-001  9.8581548146724263E-001  9.8683890423804621E-001  9.8796248801391973E-001  9.8917706141791073E-001
  9.9047276323450095E-001  9.9183913330985884E-001  9.9326520709174670E-001  9.9473961262148847E-001  9.9625066803760620E-001
  9.9778647050678249E-001  9.9966536347371693E-001
BLOCK 63   3.5405844424080462E+000
  1.0004537164809066E+000  1.0024590352264398E+000  1.0039992635134725E+000  1.0055052092421817E+000  1.0069657603572923E+000
  1.0083702211858883E+000  1.0097084232682862E+000  1.0109707553745986E+000  1.0121482391880672E+000  1.0132325607606802E+000
  1.0142161263852978E+000  1.0150920873523077E+000  1.0158543817716919E+000  1.0164977613191943E+000  1.0170178178261682E+000
  1.0174109968438261E+000  1.0176746178952210E+000  1.0178068826408933E+000  1.0178068826408992E+000  1.0176746178952500E+000
  1.0174109968438900E+000  1.0170178178262166E+000  1.0164977613192074E+000  1.0158543817717574E+000  1.0150920873523774E+000
  1.0142161263853549E+000  1.0132325607607546E+000  1.0121482391880658E+000  1.0109707553746601E+000  1.0097084232683224E+000
  1.0083702211859071E+000  1.0069657603573132E+000  1.0055052092421681E+000  1.0039992635134196E+000  1.0024590352263902E+000
  1.0004537164809533E+000  9.9965869634314863E-001  9.9774885685175674E-001  9.9618858485402384E-001  9.9465347647315472E-001
  9.9315562421576875E-001  9.9170689410840596E-001  9.9031883726744041E-001  9.8900258807275243E-001  9.8776876932108115E-001
  9.8662739507596120E-001  9.8558777895228467E-001  9.8465844495337218E-001  9.8384704643226673E-001  9.8316029358035817E-001
  9.8260388499896967E-001  9.8218245346381294E-001  9.8189951873900361E-001  9.8175745212944365E-001  9.8175745212944354E-001
  9.8189951873900372E-001  9.8218245346381694E-001  9.8260388499897822E-001  9.8316029358036794E-001  9.8384704643228194E-001
  9.8465844495340082E-001  9.8558777895231819E-001  9.8662739507600639E-001  9.8776876932113422E-001  9.8900258807281083E-001
  9.9031883726750314E-001  9.9170689410847412E-001  9.9315562421583881E-001  9.9465347647322533E-001  9.9618858485409134E-001
  9.9774885685181758E-001  9.9965869634346827E-001
BLOCK 64   3.5976906473927799E+000
  1.0004598360479806E+000  1.0024960760385495E+000  1.0040610952055009E+000  1.0055912994399996E+000  1.0070753954805176E+000
  1.0085025117612949E+000  1.0098623157146123E+000  1.0111450391789194E+000  1.0123415563822442E+000  1.0134434158368664E+000
  1.0144429010677973E+000  1.0153330478629026E+000  1.0161076946039846E+000  1.0167615050959760E+000  1.0172899951976391E+000
  1.0176895539001560E+000  1.0179574534756373E+000  1.0180918653738305E+000  1.0180918653738569E+000  1.0179574534756981E+000
  1.0176895539001909E+000  1.0172899951976488E+000  1.0167615050960350E+000  1.0161076946040422E+000  1.0153330478629510E+000
  1.0144429010678604E+000  1.0134434158368701E+000  1.0123415563823115E+000  1.0111450391789552E+000  1.0098623157146471E+000
  1.0085025117613262E+000  1.0070753954805185E+000  1.0055912994399956E+000  1.0040610952054729E+000  1.0024960760384816E+000
  1.0004598360480206E+000  9.9965178804902466E-001  9.9771021455279918E-001  9.9612492079601256E-001  9.9456522089618193E-001
  9.9304340049298978E-001  9.9157151427431378E-001  9.9016129396421415E-001  9.8882404883058794E-001  9.8757056723451708E-001
  9.8641101919317853E-001  9.8535486169734243E-001  9.8441075057557803E-001  9.8358645837557479E-001  9.8288879720594491E-001
  9.8232355427712181E-001  9.8189543335333995E-001  9.8160800858361064E-001  9.8146368751908364E-001  9.8146368751908297E-001
  9.8160800858361386E-001  9.8189543335334351E-001  9.8232355427712903E-001  9.8288879720595945E-001  9.8358645837559544E-001
  9.8441075057560379E-001  9.8535486169738062E-001  9.8641101919322527E-001  9.8757056723457137E-001  9.8882404883064656E-001
  9.9016129396427788E-001  9.9157151427438162E-001  9.9304340049305784E-001  9.9456522089624544E-001  9.9612492079607107E-001
  9.9771021455285491E-001  9.9965178804933674E-001
BLOCK 65   3.5976906473927848E+000
  1.0004598360479806E+000  1.0024960760385495E+000  1.0040610952055009E+000  1.0055912994399996E+000  1.0070753954805176E+000
  1.0085025117612949E+000  1.0098623157146123E+000  1.0111450391789194E+000  1.0123415563822442E+000  1.0134434158368664E+000
  1.0144429010677973E+000  1.0153330478629026E+000  1.0161076946039846E+000  1.0167615050959760E+000  1.0172899951976391E+000
  1.0176895539001560E+000  1.0179574534756373E+000  1.0180918653738305E+000  1.0180918653738569E+000  1.0179574534756981E+000
  1.0176895539001909E+000  1.0172899951976488E+000  1.0167615050960350E+000  1.0161076946040422E+000  1.0153330478629510E+000
  1.0144429010678604E+000  1.0134434158368701E+000  1.0123415563823115E+000  1.0111450391789552E+000  1.0098623157146471E+000
  1.0085025117613262E+000  1.0070753954805185E+000  1.0055912994399956E+000  1.0040610952054729E+000  1.0024960760384816E+000
  1.0004598360480206E+000  9.9965178804902466E-001  9.9771021455279918E-001  9.9612492079601256E-001  9.9456522089618193E-001
  9.9304340049298978E-001  9.9157151427431378E-001  9.9016129396421415E-001  9.8882404883058794E-001  9.8757056723451708E-001
  9.8641101919317853E-001  9.8535486169734243E-001  9.8441075057557803E-001  9.8358645837557479E-001  9.8288879720594491E-001
  9.8232355427712181E-001  9.8189543335333995E-001  9.8160800858361064E-001  9.8146368751908364E-001  9.8146368751908297E-001
  9.8160800858361386E-001  9.8189543335334351E-001  9.8232355427712903E-001  9.8288879720595945E-001  9.8358645837559544E-001
  9.8441075057560379E-001  9.8535486169738062E-001  9.8641101919322527E-001  9.8757056723457137E-001  9.8882404883064656E-001
  9.9016129396427788E-001  9.9157151427438162E-001  9.9304340049305784E-001  9.9456522089624544E-001  9.9612492079607107E-001
  9.9771021455285491E-001  9.9965178804933674E-001
END
